open_dt,close_dt,volume,pnl,pnl_pips,direction,entry_price,exit_price,max_dd,duration_bars,balance,year
2006-01-02 22:00:00,2006-01-03 02:00:00,10000.0,36.75000000000014,-390.0000000000014,buy,1.186,1.1821,495.00000000000097,4,10037.0,2006
2006-01-03 02:00:00,2006-01-03 15:00:00,10000.0,55.48750000000002,-583.0000000000001,buy,1.19308,1.18725,712.9999999999858,13,10093.300000000001,2006
2006-01-03 15:00:00,2006-01-04 00:00:00,10000.0,47.23749999999984,-497.9999999999984,buy,1.20293,1.19795,678.0000000000008,9,10141.100000000002,2006
2006-01-04 00:00:00,2006-01-04 13:00:00,10000.0,47.88749999999908,-506.99999999999073,buy,1.2084,1.20333,573.0000000000013,13,10189.8,2006
2006-01-04 13:00:00,2006-01-06 14:00:00,10000.0,58.03750000000038,-631.0000000000038,buy,1.21576,1.20945,916.0000000000056,49,10250.9,2006
2006-01-09 05:00:00,2006-01-09 08:00:00,102508.99999999999,349.683826250025,-363.0000000000244,sell,1.2106999999999999,1.2143300000000001,403.00000000001995,3,10602.505870000026,2006
2006-01-10 02:00:00,2006-01-10 11:00:00,10000.0,39.137500000000074,-417.0000000000007,buy,1.2104,1.20623,685.0000000000023,9,10642.205870000025,2006
2006-01-10 13:00:00,2006-01-11 15:00:00,10000.0,49.17500000000173,-528.0000000000173,buy,1.21083,1.20555,678.0000000000008,26,10693.005870000026,2006
2006-01-11 15:00:00,2006-01-11 23:00:00,10000.0,35.30000000000116,-378.00000000001165,buy,1.21363,1.2098499999999999,448.0000000000039,8,10728.805870000027,2006
2006-01-11 23:00:00,2006-01-12 14:00:00,92500.0,493.60312500000225,-563.0000000000024,sell,1.2079,1.21353,835.0000000000078,15,11231.080870000029,2006
2006-01-17 00:00:00,2006-01-17 07:00:00,10000.0,29.562500000000917,-320.00000000000915,buy,1.21183,1.2086299999999999,400.00000000000034,7,11261.080870000033,2006
2006-01-17 07:00:00,2006-01-17 12:00:00,10000.0,54.18749999999933,-564.9999999999933,sell,1.2075,1.21315,645.0000000000066,5,11315.58087000003,2006
2006-01-17 13:00:00,2006-01-17 23:00:00,10000.0,38.67499999999967,-412.99999999999665,buy,1.21123,1.2071,612.9999999999968,10,11354.880870000032,2006
2006-01-18 00:00:00,2006-01-18 09:00:00,10000.0,34.637499999999456,-371.99999999999454,buy,1.2135,1.20978,587.0000000000041,9,11390.080870000033,2006
2006-01-18 13:00:00,2006-01-18 17:00:00,10000.0,48.249999999999986,-504.99999999999983,sell,1.20845,1.2135,750.0000000000061,4,11438.580870000033,2006
2006-01-22 22:00:00,2006-01-23 01:00:00,114385.80870000033,844.3102504668833,-760.000000000005,buy,1.2216,1.214,800.0000000000007,3,12285.035854380038,2006
2006-01-23 08:00:00,2006-01-23 11:00:00,122850.35854380036,661.0884919138317,-560.0000000000049,buy,1.22835,1.22275,590.0000000000016,3,12948.427790516565,2006
2006-01-23 22:00:00,2006-01-25 17:00:00,10000.0,37.512500000001125,-422.0000000000112,sell,1.22531,1.22953,694.0000000000168,43,12988.62779051656,2006
2006-01-25 17:00:00,2006-01-26 19:00:00,10000.0,50.574999999999804,-541.999999999998,sell,1.22133,1.22675,601.9999999999914,26,13040.827790516556,2006
2006-01-26 19:00:00,2006-01-27 12:00:00,130408.27790516557,400.84244421102363,-338.00000000001603,sell,1.21755,1.22093,468.0000000000017,17,13455.526114255006,2006
2006-01-30 22:00:00,2006-01-31 16:00:00,10000.0,43.87499999999926,-469.9999999999926,buy,1.21393,1.20923,600.0000000000005,18,13500.526114255006,2006
2006-01-31 17:00:00,2006-02-01 10:00:00,10000.0,39.937500000001926,-430.0000000000192,sell,1.2127,1.217,537.0000000000097,17,13541.526114255006,2006
2006-02-01 10:00:00,2006-02-01 20:00:00,10000.0,47.07500000000141,-497.00000000001404,sell,1.20593,1.2109,547.0000000000085,10,13589.226114255009,2006
2006-02-02 05:00:00,2006-02-02 16:00:00,135892.2611425501,527.4318385595359,-415.0000000000098,buy,1.20863,1.20448,460.0000000000159,11,14126.000545768098,2006
2006-02-02 16:00:00,2006-02-03 14:00:00,141260.005457681,1213.7765968951387,-893.0000000000103,sell,1.2006999999999999,1.20963,1058.0000000000032,22,15359.200393413674,2006
2006-02-07 01:00:00,2006-02-07 10:00:00,10000.0,33.63749999999956,-361.9999999999956,buy,1.1996,1.19598,381.9999999999934,9,15393.400393413673,2006
2006-02-07 10:00:00,2006-02-07 16:00:00,10000.0,33.82499999999956,-361.9999999999956,sell,1.19553,1.19915,391.9999999999923,6,15427.600393413672,2006
2006-02-07 21:00:00,2006-02-08 17:00:00,10000.0,37.95000000000124,-412.00000000001234,sell,1.19373,1.19785,557.0000000000074,20,15466.80039341367,2006
2006-02-08 17:00:00,2006-02-09 01:00:00,10000.0,35.80000000000222,-383.00000000002217,buy,1.1983300000000001,1.1945,473.0000000000123,8,15503.100393413672,2006
2006-02-09 02:00:00,2006-02-10 14:00:00,155031.0039341367,681.3612622905381,-482.0000000000046,buy,1.2015500000000001,1.19673,695.0000000000011,36,16219.343631589385,2006
2006-02-13 23:00:00,2006-02-14 14:00:00,10000.0,28.56249999999986,-314.9999999999986,sell,1.18775,1.1909,461.9999999999846,15,16248.843631589385,2006
2006-02-14 14:00:00,2006-02-14 21:00:00,10000.0,29.862500000000665,-323.0000000000066,buy,1.19158,1.18835,455.00000000000534,7,16279.143631589386,2006
2006-02-16 11:00:00,2006-02-16 21:00:00,162791.43631589386,339.8271233094405,-235.00000000000742,buy,1.1889,1.18655,360.0000000000047,10,16629.14521966857,2006
2006-02-16 21:00:00,2006-02-17 09:00:00,166291.4521966857,403.25677157698726,-270.00000000001467,sell,1.1875499999999999,1.19025,388.0000000000105,12,17044.87385016031,2006
2006-02-20 22:00:00,2006-02-21 08:00:00,10000.0,16.175000000001038,-188.00000000001037,sell,1.1915499999999999,1.19343,228.00000000000597,10,17061.67385016031,2006
2006-02-21 08:00:00,2006-02-22 11:00:00,10000.0,30.7125000000011,-344.0000000000109,sell,1.18801,1.1914500000000001,499.00000000000495,27,17094.07385016032,2006
2006-02-22 11:00:00,2006-02-22 17:00:00,10000.0,20.425000000000598,-228.00000000000597,buy,1.19008,1.1878,395.9999999999963,6,17114.873850160322,2006
2006-02-22 17:00:00,2006-02-23 11:00:00,10000.0,45.37500000000021,-485.00000000000205,buy,1.19605,1.1912,682.0000000000048,18,17161.373850160322,2006
2006-02-23 11:00:00,2006-02-23 15:00:00,171613.73850160322,462.4990252618265,-292.00000000000335,sell,1.19233,1.19525,427.00000000002177,4,17628.16321888469,2006
2006-02-27 22:00:00,2006-02-28 10:00:00,10000.0,20.450000000000998,-232.00000000000995,buy,1.1872,1.18488,371.99999999999454,12,17649.36321888469,2006
2006-02-28 10:00:00,2006-02-28 16:00:00,10000.0,26.125000000000192,-285.0000000000019,buy,1.19185,1.189,470.00000000001484,6,17675.863218884686,2006
2006-02-28 19:00:00,2006-03-01 14:00:00,10000.0,33.312500000001535,-365.0000000000153,buy,1.19585,1.1922,429.0000000000127,19,17710.36321888468,2006
2006-03-01 14:00:00,2006-03-01 17:00:00,10000.0,49.712500000000276,-519.0000000000027,sell,1.19008,1.19527,561.9999999999958,3,17760.26321888468,2006
2006-03-01 17:00:00,2006-03-02 15:00:00,10000.0,37.12499999999887,-404.9999999999887,buy,1.19545,1.1914,579.9999999999804,22,17798.76321888468,2006
2006-03-06 22:00:00,2006-03-07 05:00:00,10000.0,45.56250000000138,-480.0000000000137,sell,1.19583,1.20063,629.9999999999972,7,17844.76321888468,2006
2006-03-07 05:00:00,2006-03-07 10:00:00,10000.0,34.487500000001276,-368.00000000001273,sell,1.19275,1.19643,473.0000000000123,5,17879.56321888468,2006
2006-03-07 14:00:00,2006-03-09 05:00:00,10000.0,41.26250000000185,-457.0000000000185,buy,1.19463,1.19006,777.0000000000055,39,17923.26321888468,2006
2006-03-09 06:00:00,2006-03-10 15:00:00,179232.63218884682,769.5801144608877,-470.00000000001484,sell,1.18776,1.19246,684.0000000000178,33,18729.810063734516,2006
2006-03-14 10:00:00,2006-03-14 15:00:00,10000.0,29.287500000000517,-316.0000000000051,buy,1.19848,1.19532,442.99999999999335,5,18759.410063734515,2006
2006-03-14 15:00:00,2006-03-15 20:00:00,10000.0,46.387500000000244,-502.0000000000024,buy,1.2069,1.20188,624.0000000000023,29,18807.610063734515,2006
2006-03-16 01:00:00,2006-03-16 14:00:00,147500.0,973.3156249999996,-687.9999999999997,buy,1.21265,1.20577,902.0000000000027,13,19792.91006373451,2006
2006-03-16 14:00:00,2006-03-16 18:00:00,197929.1006373451,668.0107146510493,-360.0000000000047,buy,1.21733,1.21373,390.0000000000014,4,20465.869005901495,2006
2006-03-20 22:00:00,2006-03-21 15:00:00,10000.0,37.13749999999912,-401.99999999999125,sell,1.21191,1.21593,458.99999999998715,17,20504.0690059015,2006
2006-03-21 15:00:00,2006-03-23 16:00:00,10000.0,97.23749999999961,-1022.999999999996,sell,1.19875,1.20898,1265.000000000005,49,20604.3690059015,2006
2006-03-23 18:00:00,2006-03-24 16:00:00,206043.690059015,635.1296746069094,-341.99999999999784,buy,1.2011,1.19768,600.0000000000005,22,21267.829687891524,2006
2006-03-27 22:00:00,2006-03-28 09:00:00,10000.0,48.51250000000013,-512.0000000000013,buy,1.2062,1.20108,692.0000000000036,11,21317.029687891525,2006
2006-03-28 09:00:00,2006-03-28 14:00:00,10000.0,30.98750000000055,-333.0000000000055,buy,1.20983,1.2065,442.99999999999335,5,21348.329687891524,2006
2006-03-28 14:00:00,2006-03-28 20:00:00,10000.0,72.82500000000194,-752.0000000000192,sell,1.2008699999999999,1.20839,772.000000000017,6,21421.529687891525,2006
2006-03-28 20:00:00,2006-03-30 03:00:00,10000.0,42.562500000000426,-465.00000000000426,buy,1.20563,1.20098,763.0000000000025,31,21466.029687891525,2006
2006-03-30 03:00:00,2006-03-30 12:00:00,202500.0,600.1593750000002,-322.00000000000006,buy,1.2091,1.20588,450.000000000017,9,22077.579687891524,2006
2006-04-03 12:00:00,2006-04-03 15:00:00,220775.79687891525,841.4317558547609,-402.9999999999978,buy,1.21108,1.20705,532.9999999999834,3,22923.150989937763,2006
2006-04-03 22:00:00,2006-04-04 10:00:00,10000.0,35.450000000001566,-382.00000000001563,buy,1.2175500000000001,1.21373,555.0000000000166,12,22959.350989937764,2006
2006-04-04 10:00:00,2006-04-04 13:00:00,10000.0,61.812499999999616,-639.999999999996,buy,1.22325,1.21685,689.9999999999906,3,23021.350989937764,2006
2006-04-04 14:00:00,2006-04-06 09:00:00,10000.0,46.41249999999948,-510.99999999999477,buy,1.23152,1.22641,716.0000000000055,43,23070.45098993776,2006
2006-04-06 09:00:00,2006-04-06 13:00:00,230704.5098993776,1632.2344075380647,-729.9999999999861,sell,1.2245,1.2317999999999998,765.0000000000156,4,24708.453010223362,2006
2006-04-10 22:00:00,2006-04-11 20:00:00,10000.0,26.825000000000227,-302.0000000000022,buy,1.2143,1.21128,516.9999999999897,22,24736.653010223363,2006
2006-04-11 23:00:00,2006-04-12 13:00:00,10000.0,61.62500000000067,-645.0000000000066,sell,1.20888,1.21533,795.0000000000123,14,24799.153010223363,2006
2006-04-13 07:00:00,2006-04-13 13:00:00,247991.53010223364,628.0385499839467,-277.0000000000161,sell,1.20905,1.2118200000000001,357.0000000000073,6,25436.49124258615,2006
2006-04-16 21:00:00,2006-04-17 01:00:00,254364.91242586152,1011.1005268927947,-419.9999999999981,buy,1.21645,1.21225,465.00000000000426,4,26453.9508922896,2006
2006-04-17 09:00:00,2006-04-17 12:00:00,264539.508922896,1172.240698914594,-465.00000000000426,buy,1.2229,1.21825,485.00000000000205,3,27631.151706996498,2006
2006-04-17 13:00:00,2006-04-17 15:00:00,276311.51706996496,1082.4503681215785,-412.99999999999665,buy,1.2277,1.22357,473.0000000000123,2,28717.05596908145,2006
2006-04-18 06:00:00,2006-04-18 13:00:00,10000.0,49.06249999999988,-514.9999999999987,buy,1.2292,1.22405,685.0000000000023,7,28766.55596908145,2006
2006-04-18 13:00:00,2006-04-18 21:00:00,10000.0,52.200000000000855,-547.0000000000085,buy,1.2348000000000001,1.22933,849.0000000000108,8,28819.255969081456,2006
2006-04-24 22:00:00,2006-04-25 19:00:00,10000.0,41.187500000000654,-445.0000000000065,buy,1.24323,1.23878,655.0000000000056,21,28861.755969081456,2006
2006-04-26 07:00:00,2006-04-26 14:00:00,10000.0,31.562500000000696,-340.00000000000693,buy,1.2436,1.2402,520.0000000000093,7,28893.755969081456,2006
2006-04-27 00:00:00,2006-04-27 11:00:00,120000.0,379.3500000000053,-343.0000000000044,sell,1.2428,1.24623,433.00000000001666,11,29281.355969081465,2006
2006-04-27 11:00:00,2006-04-27 15:00:00,292813.5596908147,3412.742038196478,-1188.0000000000111,buy,1.2535,1.24162,1278.0000000000014,4,32701.418346270213,2006
2006-04-27 15:00:00,2006-04-28 15:00:00,327014.18346270215,2168.1040363577104,-697.9999999999985,buy,1.25938,1.2524,724.9999999999978,24,34918.57451014733,2006
2006-05-01 10:00:00,2006-05-01 13:00:00,349185.7451014733,1582.247907491062,-475.0000000000032,buy,1.26665,1.2619,510.0000000000104,3,36507.36965035904,2006
2006-05-01 13:00:00,2006-05-01 15:00:00,365073.69650359044,1357.1614667520937,-392.99999999999886,sell,1.2618,1.26573,516.9999999999897,2,37869.094538317426,2006
2006-05-02 00:00:00,2006-05-02 09:00:00,10000.0,38.43749999999993,-409.9999999999992,buy,1.2616,1.2575,575.0000000000143,9,37908.094538317426,2006
2006-05-02 12:00:00,2006-05-04 09:00:00,10000.0,45.987499999999734,-507.9999999999973,sell,1.25845,1.26353,834.9999999999857,45,37956.89453831743,2006
2006-05-04 09:00:00,2006-05-04 14:00:00,367500.0,1579.7906249999717,-452.99999999999227,buy,1.26423,1.2597,592.9999999999991,5,39548.1695383174,2006
2006-05-08 11:00:00,2006-05-08 14:00:00,395481.695383174,1843.439052604818,-487.9999999999995,sell,1.27132,1.2762,507.9999999999973,3,41399.02387271065,2006
2006-05-09 02:00:00,2006-05-09 14:00:00,10000.0,51.25000000000071,-540.000000000007,buy,1.27423,1.26883,808.999999999993,12,41451.02387271065,2006
2006-05-09 14:00:00,2006-05-10 19:00:00,10000.0,42.08749999999872,-458.99999999998715,buy,1.2807,1.27611,634.9999999999856,29,41494.92387271066,2006
2006-05-10 19:00:00,2006-05-11 00:00:00,10000.0,46.38750000000152,-487.0000000000152,sell,1.2760799999999999,1.28095,572.0000000000169,5,41541.62387271066,2006
2006-05-11 00:00:00,2006-05-11 08:00:00,120000.0,621.6000000000055,-543.0000000000045,sell,1.2698,1.27523,580.0000000000027,8,42169.22387271066,2006
2006-05-15 05:00:00,2006-05-15 08:00:00,421692.23872710665,2256.5805924883675,-556.9999999999852,sell,1.28733,1.2929,576.9999999999831,3,44433.71119467516,2006
2006-05-15 22:00:00,2006-05-16 04:00:00,10000.0,46.625000000001265,-490.0000000000126,buy,1.28343,1.27853,550.000000000006,6,44480.71119467516,2006
2006-05-16 09:00:00,2006-05-17 04:00:00,10000.0,54.71249999999962,-578.9999999999961,buy,1.28708,1.28129,697.9999999999985,19,44536.611194675155,2006
2006-05-17 07:00:00,2006-05-17 14:00:00,10000.0,54.46249999999973,-568.9999999999973,sell,1.28375,1.28944,817.000000000001,7,44591.51119467516,2006
2006-05-17 14:00:00,2006-05-17 16:00:00,10000.0,57.774999999999395,-598.999999999994,sell,1.27241,1.2784,638.0000000000052,2,44649.41119467516,2006
2006-05-22 06:00:00,2006-05-22 09:00:00,446494.1119467516,2322.3274997630333,-541.999999999998,buy,1.27576,1.27034,567.0000000000064,3,46980.1104590372,2006
2006-05-22 22:00:00,2006-05-23 22:00:00,10000.0,60.19999999999987,-636.9999999999986,sell,1.27861,1.28498,909.0000000000042,24,47041.810459037195,2006
2006-05-23 22:00:00,2006-05-24 09:00:00,10000.0,65.61250000000113,-683.0000000000114,buy,1.28509,1.27826,887.9999999999998,11,47108.1104590372,2006
2006-05-24 09:00:00,2006-05-24 15:00:00,10000.0,88.42499999999977,-907.9999999999976,sell,1.27644,1.28552,1256.9999999999968,6,47196.9104590372,2006
2006-05-24 15:00:00,2006-05-25 22:00:00,10000.0,72.46250000000092,-764.0000000000091,buy,1.28238,1.27474,905.0000000000002,31,47271.31045903717,2006
2006-05-29 22:00:00,2006-05-30 03:00:00,10000.0,46.18750000000021,-485.00000000000205,buy,1.28,1.27515,574.9999999999922,5,47317.81045903717,2006
2006-05-30 03:00:00,2006-05-30 08:00:00,10000.0,38.58749999999927,-408.99999999999267,buy,1.28481,1.28072,479.00000000000716,5,47356.71045903717,2006
2006-05-30 09:00:00,2006-05-30 12:00:00,10000.0,30.81250000000081,-330.000000000008,sell,1.2839,1.2872000000000001,409.9999999999992,3,47387.71045903717,2006
2006-05-30 12:00:00,2006-05-30 14:00:00,10000.0,39.37500000000098,-415.0000000000098,buy,1.28705,1.2829,574.9999999999922,2,47427.21045903717,2006
2006-05-30 14:00:00,2006-05-31 16:00:00,10000.0,47.57500000000013,-512.0000000000013,sell,1.28344,1.28856,687.9999999999997,26,47476.41045903717,2006
2006-06-05 17:00:00,2006-06-05 19:00:00,474764.1045903717,1584.525199070338,-354.9999999999942,sell,1.29223,1.29578,405.00000000001086,2,49066.87020941489,2006
2006-06-06 06:00:00,2006-06-06 11:00:00,10000.0,42.78750000000236,-451.0000000000236,sell,1.28764,1.2921500000000001,570.0000000000038,5,49109.97020941489,2006
2006-06-06 11:00:00,2006-06-06 15:00:00,10000.0,42.9500000000008,-452.0000000000079,sell,1.28129,1.2858100000000001,570.0000000000038,4,49153.17020941489,2006
2006-06-06 15:00:00,2006-06-07 12:00:00,10000.0,42.18750000000054,-455.00000000000534,sell,1.2779099999999999,1.28246,652.0000000000081,21,49196.67020941489,2006
2006-06-07 12:00:00,2006-06-08 08:00:00,10000.0,34.05000000000011,-373.0000000000011,sell,1.27573,1.27946,560.0000000000049,20,49231.970209414896,2006
2006-06-13 09:00:00,2006-06-13 18:00:00,10000.0,45.637500000000465,-482.0000000000046,sell,1.25446,1.25928,710.0000000000106,9,49278.1702094149,2006
2006-06-13 18:00:00,2006-06-14 08:00:00,10000.0,39.325000000001125,-422.0000000000112,buy,1.25845,1.25423,537.0000000000097,14,49318.37020941491,2006
2006-06-14 12:00:00,2006-06-14 14:00:00,10000.0,78.47499999999957,-805.9999999999956,buy,1.26216,1.2541,885.9999999999867,2,49396.97020941491,2006
2006-06-14 18:00:00,2006-06-16 01:00:00,10000.0,44.56250000000021,-485.00000000000205,buy,1.26418,1.25933,614.0000000000034,31,49443.47020941489,2006
2006-06-18 23:00:00,2006-06-19 02:00:00,494434.7020941489,2492.568941932149,-526.0000000000042,sell,1.25784,1.2631000000000001,585.9999999999976,3,51945.30980201131,2006
2006-06-20 00:00:00,2006-06-20 18:00:00,10000.0,36.47499999999964,-395.9999999999963,buy,1.25992,1.25596,618.9999999999917,18,51982.9098020113,2006
2006-06-20 18:00:00,2006-06-21 03:00:00,10000.0,31.037500000000293,-336.00000000000296,buy,1.26206,1.2587,445.0000000000065,9,52014.5098020113,2006
2006-06-21 03:00:00,2006-06-21 16:00:00,10000.0,37.787499999999525,-405.9999999999952,buy,1.26606,1.262,506.99999999999073,13,52053.10980201131,2006
2006-06-21 16:00:00,2006-06-22 11:00:00,10000.0,61.31250000000067,-645.0000000000066,sell,1.2597099999999999,1.26616,810.0000000000217,19,52115.60980201131,2006
2006-06-26 05:00:00,2006-06-26 08:00:00,521156.09802011313,2450.085105817075,-492.0000000000035,buy,1.2566,1.25168,624.0000000000023,3,54575.466584666254,2006
2006-06-26 23:00:00,2006-06-27 11:00:00,10000.0,29.850000000000406,-326.00000000000404,sell,1.25718,1.26044,456.00000000001194,12,54606.06658466624,2006
2006-06-27 12:00:00,2006-06-28 13:00:00,10000.0,33.33750000000193,-369.00000000001927,sell,1.25514,1.2588300000000001,570.0000000000038,25,54640.96658466624,2006
2006-06-28 14:00:00,2006-06-29 19:00:00,10000.0,127.18750000000111,-1310.0000000000111,buy,1.2660500000000001,1.25295,1408.000000000009,29,54769.96658466625,2006
2006-06-29 19:00:00,2006-06-30 02:00:00,547699.6658466626,3125.311218237585,-595.0000000000122,buy,1.27078,1.26483,628.0000000000063,7,57919.23966328463,2006
2006-07-04 06:00:00,2006-07-04 23:00:00,10000.0,20.637500000002053,-237.00000000002052,sell,1.279,1.2813700000000001,300.00000000001137,17,57940.93966328464,2006
2006-07-04 23:00:00,2006-07-05 06:00:00,10000.0,37.862499999999784,-402.9999999999978,buy,1.28216,1.27813,506.0000000000064,7,57979.239663284636,2006
2006-07-05 06:00:00,2006-07-05 14:00:00,10000.0,46.90000000000167,-494.0000000000166,sell,1.27293,1.27787,648.0000000000041,8,58026.63966328463,2006
2006-07-05 14:00:00,2006-07-06 18:00:00,10000.0,47.95000000000119,-517.0000000000118,buy,1.27691,1.2717399999999999,540.000000000007,28,58076.33966328463,2006
2006-07-06 18:00:00,2006-07-07 13:00:00,580763.3966328463,2056.628378326052,-385.99999999999744,buy,1.2817,1.27784,511.00000000001694,19,60201.93369496083,2006
2006-07-11 01:00:00,2006-07-11 07:00:00,10000.0,34.52499999999971,-368.9999999999971,sell,1.27079,1.27448,388.9999999999949,6,60236.833694960835,2006
2006-07-11 17:00:00,2006-07-12 12:00:00,10000.0,33.312500000001535,-365.0000000000153,sell,1.27205,1.2757,579.0000000000183,19,60271.33369496084,2006
2006-07-12 12:00:00,2006-07-13 16:00:00,10000.0,33.94999999999829,-376.9999999999829,sell,1.2674,1.27117,556.0000000000009,28,60307.03369496084,2006
2006-07-13 16:00:00,2006-07-14 14:00:00,560000.0,2420.600000000061,-466.0000000000108,sell,1.26317,1.26783,696.0000000000076,22,62804.633694960896,2006
2006-07-17 06:00:00,2006-07-17 09:00:00,628046.336949609,4139.610418419099,-680.9999999999982,sell,1.2556,1.26241,781.9999999999937,3,66956.01998219779,2006
2006-07-18 10:00:00,2006-07-18 15:00:00,10000.0,36.18749999999909,-384.99999999999085,sell,1.24933,1.25318,655.9999999999899,5,66992.51998219779,2006
2006-07-19 00:00:00,2006-07-19 15:00:00,10000.0,76.66249999999967,-795.9999999999966,buy,1.2562,1.24824,1061.0000000000007,15,67070.11998219776,2006
2006-07-19 15:00:00,2006-07-19 18:00:00,10000.0,41.71250000000116,-439.00000000001154,buy,1.26049,1.2561,516.0000000000053,3,67112.01998219776,2006
2006-07-19 18:00:00,2006-07-20 15:00:00,10000.0,40.48750000000051,-438.000000000005,buy,1.2645,1.26012,600.0000000000005,21,67153.81998219776,2006
2006-07-23 21:00:00,2006-07-24 01:00:00,671538.1998219776,2367.1721543724175,-374.999999999992,sell,1.2662,1.26995,435.00000000000756,4,69537.78059156574,2006
2006-07-24 22:00:00,2006-07-25 06:00:00,10000.0,29.499999999998696,-319.9999999999869,buy,1.26568,1.26248,519.9999999999872,8,69567.78059156574,2006
2006-07-25 06:00:00,2006-07-25 15:00:00,10000.0,24.937500000000302,-275.000000000003,sell,1.26266,1.26541,377.00000000000506,9,69593.28059156574,2006
2006-07-25 15:00:00,2006-07-26 16:00:00,10000.0,46.937499999999986,-504.99999999999983,buy,1.26263,1.25758,679.9999999999917,25,69641.78059156574,2006
2006-07-26 16:00:00,2006-07-26 19:00:00,10000.0,32.81250000000058,-350.00000000000585,buy,1.26948,1.2659799999999999,449.9999999999948,3,69674.78059156574,2006
2006-07-31 22:00:00,2006-08-01 02:00:00,10000.0,25.149999999999647,-273.9999999999964,sell,1.27416,1.2769,314.9999999999986,4,69700.18059156575,2006
2006-08-01 04:00:00,2006-08-01 12:00:00,10000.0,24.499999999999247,-269.99999999999244,buy,1.27629,1.27359,425.999999999993,8,69725.18059156576,2006
2006-08-01 12:00:00,2006-08-01 16:00:00,10000.0,31.350000000000293,-336.00000000000296,buy,1.27745,1.27409,492.0000000000035,4,69756.78059156575,2006
2006-08-01 16:00:00,2006-08-03 01:00:00,10000.0,50.23750000000046,-543.0000000000045,sell,1.27593,1.28136,747.9999999999931,33,69809.08059156574,2006
2006-08-03 01:00:00,2006-08-03 13:00:00,147500.0,804.6125000000019,-573.0000000000013,buy,1.28158,1.27585,679.9999999999917,12,70624.75559156573,2006
2006-08-07 22:00:00,2006-08-08 11:00:00,10000.0,24.687500000000302,-275.000000000003,buy,1.28453,1.28178,340.9999999999913,13,70650.25559156573,2006
2006-08-08 18:00:00,2006-08-08 22:00:00,10000.0,34.45000000000062,-367.0000000000062,sell,1.28206,1.28573,436.99999999999847,4,70684.95559156573,2006
2006-08-08 22:00:00,2006-08-09 07:00:00,10000.0,59.23749999999852,-617.9999999999852,buy,1.28324,1.27706,658.000000000003,9,70744.75559156571,2006
2006-08-09 07:00:00,2006-08-09 11:00:00,10000.0,49.749999999998714,-519.9999999999872,buy,1.28948,1.28428,539.9999999999849,4,70794.75559156571,2006
2006-08-09 11:00:00,2006-08-10 13:00:00,10000.0,37.67499999999967,-412.99999999999665,sell,1.28375,1.28788,746.0000000000022,26,70834.05559156572,2006
2006-08-15 01:00:00,2006-08-15 13:00:00,10000.0,50.35000000000148,-531.0000000000148,buy,1.2773,1.27199,636.0000000000143,12,70885.15559156572,2006
2006-08-15 13:00:00,2006-08-16 13:00:00,10000.0,37.300000000000836,-408.0000000000083,buy,1.28393,1.27985,696.0000000000076,24,70923.95559156571,2006
2006-08-16 18:00:00,2006-08-17 09:00:00,10000.0,25.862499999999937,-287.9999999999993,buy,1.28716,1.28428,353.0000000000033,15,70950.75559156571,2006
2006-08-17 09:00:00,2006-08-17 17:00:00,367500.0,863.6249999999764,-259.9999999999936,sell,1.28427,1.28687,441.00000000000244,8,71832.75559156571,2006
2006-08-20 23:00:00,2006-08-21 02:00:00,718327.5559156572,2608.4269374188243,-385.0000000000131,buy,1.2872000000000001,1.28335,405.00000000001086,3,74454.65117065795,2006
2006-08-21 11:00:00,2006-08-21 14:00:00,744546.5117065795,2323.9157996642507,-334.00000000001205,buy,1.29241,1.28907,354.00000000000983,3,76792.52721741669,2006
2006-08-21 22:00:00,2006-08-22 11:00:00,10000.0,25.787500000000847,-286.00000000000847,sell,1.28396,1.28682,453.9999999999988,13,76819.12721741671,2006
2006-08-22 17:00:00,2006-08-23 08:00:00,10000.0,33.362500000000225,-363.00000000000216,buy,1.28253,1.2789,414.99999999998755,15,76853.42721741671,2006
2006-08-24 07:00:00,2006-08-24 09:00:00,312500.0,2246.0937500000227,-740.0000000000073,buy,1.28315,1.27575,889.9999999999907,2,79103.42721741673,2006
2006-08-28 22:00:00,2006-08-29 02:00:00,10000.0,19.250000000000963,-215.0000000000096,buy,1.28136,1.27921,273.0000000000121,4,79122.92721741673,2006
2006-08-29 04:00:00,2006-08-29 14:00:00,10000.0,25.975000000000847,-286.00000000000847,sell,1.27905,1.28191,476.99999999999403,10,79149.5272174167,2006
2006-08-29 14:00:00,2006-08-29 19:00:00,10000.0,68.48749999999976,-707.9999999999975,buy,1.28298,1.2759,792.9999999999992,5,79218.3272174167,2006
2006-08-29 20:00:00,2006-08-31 13:00:00,10000.0,36.837500000000325,-414.00000000000324,buy,1.28653,1.28239,541.999999999998,41,79257.7272174167,2006
2006-08-31 13:00:00,2006-08-31 15:00:00,477500.0,1555.4562500000402,-347.0000000000306,sell,1.2800399999999998,1.2835100000000002,367.0000000000062,2,80819.15221741665,2006
2006-09-04 22:00:00,2006-09-05 05:00:00,10000.0,18.362500000000818,-208.00000000000816,sell,1.2833999999999999,1.28548,280.00000000001353,7,80837.95221741666,2006
2006-09-05 05:00:00,2006-09-05 12:00:00,10000.0,18.062500000001073,-205.00000000001071,sell,1.28115,1.2832000000000001,333.9999999999898,7,80856.45221741666,2006
2006-09-05 12:00:00,2006-09-06 14:00:00,10000.0,25.875000000002302,-295.000000000023,sell,1.2782499999999999,1.2812000000000001,492.0000000000035,26,80883.95221741665,2006
2006-09-06 14:00:00,2006-09-06 23:00:00,10000.0,21.837500000002198,-244.00000000002197,buy,1.28147,1.27903,441.00000000000244,9,80906.35221741664,2006
2006-09-06 23:00:00,2006-09-07 09:00:00,92500.0,320.743750000001,-373.0000000000011,sell,1.27782,1.28155,510.0000000000104,10,81232.87721741664,2006
2006-09-11 07:00:00,2006-09-11 10:00:00,812328.7721741664,2665.453783696531,-350.00000000000585,buy,1.27291,1.26941,402.9999999999978,3,83913.56216559143,2006
2006-09-12 00:00:00,2006-09-12 17:00:00,10000.0,25.237500000001102,-283.00000000001097,sell,1.2684,1.27123,465.00000000000426,17,83939.86216559143,2006
2006-09-12 17:00:00,2006-09-14 12:00:00,10000.0,30.012499999998624,-346.9999999999862,buy,1.27253,1.26906,607.9999999999862,43,83972.56216559144,2006
2006-09-14 14:00:00,2006-09-15 08:00:00,505000.0,1559.187499999923,-339.9999999999847,sell,1.27116,1.27456,401.99999999999125,18,85588.56216559137,2006
2006-09-18 22:00:00,2006-09-19 09:00:00,10000.0,28.312500000001027,-310.00000000001023,sell,1.26718,1.27028,533.0000000000057,11,85617.56216559137,2006
2006-09-19 09:00:00,2006-09-19 13:00:00,10000.0,42.14999999999999,-443.9999999999999,buy,1.2699,1.26546,489.0000000000061,4,85659.96216559137,2006
2006-09-19 13:00:00,2006-09-19 17:00:00,10000.0,36.05,-383.0,sell,1.26668,1.27051,489.9999999999904,4,85696.26216559137,2006
2006-09-19 17:00:00,2006-09-21 01:00:00,10000.0,29.00000000000081,-330.000000000008,buy,1.27101,1.26771,456.99999999999625,32,85727.26216559137,2006
2006-09-21 02:00:00,2006-09-21 17:00:00,175000.0,961.8437500000322,-579.0000000000183,buy,1.2775,1.27171,785.0000000000134,15,86705.51216559141,2006
2006-09-25 22:00:00,2006-09-26 09:00:00,10000.0,29.612500000000665,-323.0000000000066,sell,1.27129,1.27452,483.9999999999955,11,86735.81216559141,2006
2006-09-26 14:00:00,2006-09-27 15:00:00,10000.0,25.93750000000008,-295.0000000000008,buy,1.27053,1.26758,344.9999999999953,25,86763.31216559147,2006
2006-09-28 00:00:00,2006-09-28 14:00:00,120000.0,241.49999999999625,-229.99999999999685,sell,1.26984,1.27214,339.9999999999847,14,87015.31216559147,2006
2006-09-28 15:00:00,2006-09-29 10:00:00,532500.0,1257.3656250000083,-268.00000000000153,sell,1.26665,1.26933,471.9999999999835,19,88335.91216559148,2006
2006-10-02 11:00:00,2006-10-02 14:00:00,883359.1216559149,3499.206320659557,-418.0000000000072,buy,1.27353,1.26935,543.0000000000045,3,91851.68146978207,2006
2006-10-03 03:00:00,2006-10-03 18:00:00,10000.0,15.562500000001293,-185.0000000000129,sell,1.27276,1.27461,367.0000000000062,15,91868.18146978207,2006
2006-10-03 18:00:00,2006-10-04 09:00:00,10000.0,36.462500000000546,-394.0000000000054,sell,1.26872,1.2726600000000001,512.0000000000013,15,91905.58146978206,2006
2006-10-04 09:00:00,2006-10-04 21:00:00,10000.0,21.850000000001288,-246.00000000001285,buy,1.27122,1.2687599999999999,451.00000000000136,12,91928.18146978208,2006
2006-10-04 21:00:00,2006-10-05 13:00:00,37500.0,78.74999999999841,-239.99999999999577,sell,1.26882,1.27122,363.9999999999865,16,92010.68146978208,2006
2006-10-09 22:00:00,2006-10-10 09:00:00,10000.0,25.612500000001102,-283.00000000001097,sell,1.25677,1.2596,449.00000000001046,11,92036.98146978208,2006
2006-10-10 09:00:00,2006-10-10 12:00:00,10000.0,27.51249999999917,-296.9999999999917,sell,1.25326,1.25623,401.0000000000069,3,92064.68146978208,2006
2006-10-11 04:00:00,2006-10-11 19:00:00,10000.0,19.562500000000853,-225.0000000000085,sell,1.2518,1.25405,383.0,15,92085.18146978208,2006
2006-10-11 19:00:00,2006-10-12 08:00:00,10000.0,28.587500000001427,-314.00000000001427,buy,1.2555,1.25236,445.0000000000065,13,92114.58146978208,2006
2006-10-12 10:00:00,2006-10-13 02:00:00,395000.0,912.4500000000005,-261.0000000000001,buy,1.25651,1.2539,468.0000000000017,16,93066.53146978207,2006
2006-10-17 10:00:00,2006-10-17 16:00:00,10000.0,31.025000000001207,-334.00000000001205,buy,1.25598,1.25264,547.0000000000085,6,93097.93146978208,2006
2006-10-17 16:00:00,2006-10-18 14:00:00,10000.0,36.52499999999938,-398.99999999999375,sell,1.25163,1.25562,418.9999999999916,22,93135.83146978209,2006
2006-10-18 14:00:00,2006-10-19 00:00:00,10000.0,20.775000000002308,-234.00000000002305,buy,1.2538500000000001,1.25151,284.00000000001756,10,93157.23146978208,2006
2006-10-19 00:00:00,2006-10-19 08:00:00,120000.0,211.20000000000806,-201.0000000000067,buy,1.25564,1.25363,241.0000000000023,8,93374.43146978208,2006
2006-10-19 08:00:00,2006-10-19 15:00:00,340000.0,845.3250000000412,-273.0000000000121,buy,1.25933,1.2566,402.9999999999978,7,94234.63146978214,2006
2006-10-23 07:00:00,2006-10-23 10:00:00,942346.3146978214,3082.650381955451,-349.0000000000215,sell,1.25541,1.2589000000000001,389.00000000001705,3,97334.95084513818,2006
2006-10-24 05:00:00,2006-10-24 16:00:00,10000.0,26.312499999999027,-289.9999999999902,buy,1.25623,1.25333,377.9999999999894,11,97361.95084513817,2006
2006-10-24 18:00:00,2006-10-25 16:00:00,10000.0,18.425000000000708,-218.00000000000705,buy,1.2587300000000001,1.25655,372.0000000000167,22,97381.7508451382,2006
2006-10-25 16:00:00,2006-10-25 19:00:00,10000.0,20.912500000000342,-231.0000000000034,buy,1.26102,1.25871,405.00000000001086,3,97402.85084513821,2006
2006-10-25 19:00:00,2006-10-26 03:00:00,10000.0,24.599999999999902,-270.999999999999,buy,1.26358,1.26087,364.99999999999307,8,97427.95084513821,2006
2006-10-30 22:00:00,2006-10-31 08:00:00,10000.0,24.575000000000557,-272.00000000000557,sell,1.2687,1.27142,353.0000000000033,10,97453.15084513821,2006
2006-10-31 08:00:00,2006-10-31 16:00:00,10000.0,64.40000000000084,-669.0000000000084,buy,1.2762,1.26951,754.9999999999945,8,97518.05084513819,2006
2006-11-01 07:00:00,2006-11-01 16:00:00,10000.0,20.537500000000342,-231.0000000000034,buy,1.27723,1.27492,297.99999999999824,9,97539.1508451382,2006
2006-11-01 16:00:00,2006-11-02 08:00:00,10000.0,19.300000000001763,-223.00000000001762,sell,1.27459,1.27682,314.00000000001427,16,97559.4508451382,2006
2006-11-02 11:00:00,2006-11-03 14:00:00,422500.0,3173.503125000046,-788.0000000000108,sell,1.26881,1.27669,961.9999999999961,27,100804.25084513827,2006
2006-11-06 22:00:00,2006-11-07 05:00:00,10000.0,31.26249999999873,-336.99999999998727,buy,1.27656,1.27319,432.9999999999945,7,100835.95084513827,2006
2006-11-07 06:00:00,2006-11-07 14:00:00,10000.0,21.899999999999977,-243.99999999999974,buy,1.2783,1.27586,323.99999999999096,8,100858.35084513827,2006
2006-11-07 14:00:00,2006-11-07 20:00:00,10000.0,33.12499999999942,-354.9999999999942,sell,1.27698,1.28053,485.00000000000205,6,100891.85084513827,2006
2006-11-08 09:00:00,2006-11-08 15:00:00,10000.0,37.12499999999898,-394.99999999998977,sell,1.2757,1.27965,424.99999999998647,6,100929.35084513827,2006
2006-11-08 15:00:00,2006-11-09 08:00:00,10000.0,21.637499999999722,-246.99999999999721,buy,1.2783,1.27583,331.9999999999989,17,100952.05084513828,2006
2006-11-13 22:00:00,2006-11-14 09:00:00,10000.0,19.412500000000453,-221.00000000000452,buy,1.28323,1.28102,303.0000000000088,11,100972.15084513827,2006
2006-11-14 10:00:00,2006-11-14 14:00:00,10000.0,28.850000000001682,-311.00000000001677,buy,1.28563,1.2825199999999999,438.000000000005,4,101001.25084513827,2006
2006-11-14 14:00:00,2006-11-15 11:00:00,10000.0,44.287500000000975,-476.0000000000097,sell,1.2786199999999999,1.28338,569.0000000000194,21,101046.85084513831,2006
2006-11-15 11:00:00,2006-11-15 20:00:00,10000.0,29.737500000000665,-323.0000000000066,buy,1.2818800000000001,1.27865,458.0000000000028,9,101077.15084513831,2006
2006-11-15 20:00:00,2006-11-16 19:00:00,10000.0,30.362500000001603,-338.00000000001603,sell,1.27897,1.28235,460.0000000000159,23,101108.95084513832,2006
2006-11-21 04:00:00,2006-11-21 20:00:00,10000.0,27.600000000000627,-306.00000000000625,buy,1.28413,1.28107,432.0000000000101,16,101137.5508451383,2006
2006-11-21 20:00:00,2006-11-22 12:00:00,10000.0,24.999999999999137,-279.99999999999136,buy,1.28744,1.28464,350.99999999999017,16,101163.5508451383,2006
2006-11-22 12:00:00,2006-11-22 14:00:00,10000.0,31.575000000000955,-337.0000000000095,buy,1.2919,1.28853,375.9999999999985,2,101195.2508451383,2006
2006-11-22 14:00:00,2006-11-23 10:00:00,10000.0,42.55000000000028,-458.0000000000028,buy,1.2969,1.29232,516.9999999999897,20,101239.0508451383,2006
2006-11-23 11:00:00,2006-11-24 09:00:00,422500.0,4369.706250000009,-1068.0000000000023,buy,1.3065,1.29582,1249.9999999999955,22,105666.85084513831,2006
2006-11-27 22:00:00,2006-11-28 14:00:00,10000.0,27.09999999999957,-300.9999999999957,buy,1.31639,1.31338,441.00000000000244,16,105694.95084513833,2006
2006-11-28 15:00:00,2006-11-28 21:00:00,10000.0,40.02500000000022,-424.0000000000021,buy,1.31944,1.3152,573.0000000000013,6,105735.35084513832,2006
2006-11-28 21:00:00,2006-11-29 13:00:00,10000.0,41.39999999999999,-443.9999999999999,sell,1.31527,1.31971,651.0000000000015,16,105777.75084513833,2006
2006-11-29 13:00:00,2006-11-30 08:00:00,10000.0,38.812499999999815,-419.9999999999981,buy,1.31842,1.31422,522.0000000000002,19,105817.75084513835,2006
2006-11-30 08:00:00,2006-11-30 16:00:00,340000.0,2145.400000000041,-656.000000000012,buy,1.32538,1.3188199999999999,686.0000000000088,8,107980.1508451384,2006
2006-12-04 22:00:00,2006-12-05 10:00:00,10000.0,31.850000000000186,-346.0000000000018,sell,1.33021,1.33367,396.00000000001853,12,108012.7508451384,2006
2006-12-05 13:00:00,2006-12-06 09:00:00,10000.0,31.649999999999935,-348.99999999999926,sell,1.32976,1.33325,461.9999999999846,20,108045.6508451384,2006
2006-12-06 09:00:00,2006-12-06 16:00:00,10000.0,33.26249999999851,-356.99999999998505,buy,1.3313,1.32773,575.9999999999986,7,108079.3508451384,2006
2006-12-06 22:00:00,2006-12-07 08:00:00,65000.0,218.2375000000116,-362.00000000001785,buy,1.33183,1.32821,412.99999999999665,10,108301.6508451384,2006
2006-12-07 08:00:00,2006-12-07 20:00:00,340000.0,991.100000000009,-319.0000000000026,sell,1.32806,1.33125,414.00000000000324,12,109318.25084513842,2006
2006-12-12 07:00:00,2006-12-12 20:00:00,10000.0,37.387500000001346,-402.0000000000134,buy,1.32743,1.32341,668.0000000000018,13,109356.45084513842,2006
2006-12-12 20:00:00,2006-12-13 14:00:00,10000.0,53.17500000000024,-563.0000000000024,sell,1.32215,1.32778,663.9999999999978,18,109410.75084513842,2006
2006-12-13 14:00:00,2006-12-14 09:00:00,10000.0,36.91250000000069,-401.0000000000069,buy,1.3238,1.31979,465.00000000000426,19,109448.85084513844,2006
2006-12-14 09:00:00,2006-12-14 12:00:00,367500.0,1224.2343749999786,-354.9999999999942,sell,1.31874,1.32229,387.99999999998835,3,110679.97584513843,2006
2006-12-14 12:00:00,2006-12-14 18:00:00,450000.0,1279.125000000087,-307.99999999999716,sell,1.3156,1.31868,419.9999999999981,6,111975.97584513851,2006
2006-12-18 22:00:00,2006-12-19 09:00:00,10000.0,41.912499999999085,-445.9999999999908,buy,1.31446,1.31,615.9999999999943,11,112018.5758451385,2006
2006-12-19 13:00:00,2006-12-19 17:00:00,10000.0,33.14999999999877,-353.9999999999876,buy,1.319,1.31546,461.9999999999846,4,112051.9758451385,2006
2006-12-19 17:00:00,2006-12-20 04:00:00,10000.0,38.51250000000124,-412.00000000001234,buy,1.32393,1.31981,512.0000000000013,11,112091.1758451385,2006
2006-12-20 04:00:00,2006-12-20 16:00:00,10000.0,35.75000000000131,-385.0000000000131,sell,1.31856,1.32241,595.0000000000122,12,112127.6758451385,2006
2006-12-21 07:00:00,2006-12-21 14:00:00,312500.0,933.2031250000207,-323.0000000000066,sell,1.31691,1.32014,398.99999999999375,7,113074.55084513851,2006
2006-12-25 22:00:00,2006-12-26 18:00:00,10000.0,38.55000000000072,-418.0000000000072,sell,1.30932,1.3135000000000001,448.0000000000039,20,113114.35084513851,2006
2006-12-26 18:00:00,2006-12-27 03:00:00,10000.0,22.737499999999212,-252.9999999999921,buy,1.31283,1.3103,360.9999999999891,9,113137.65084513852,2006
2006-12-27 03:00:00,2006-12-27 07:00:00,10000.0,20.049999999999542,-222.9999999999954,buy,1.31523,1.313,271.99999999998334,4,113157.95084513853,2006
2006-12-27 11:00:00,2006-12-27 16:00:00,10000.0,30.18749999999975,-324.9999999999975,sell,1.31253,1.31578,517.9999999999962,5,113188.45084513855,2006
2006-12-27 16:00:00,2006-12-28 13:00:00,10000.0,38.387500000000074,-417.0000000000007,buy,1.3169,1.31273,638.9999999999895,21,113228.1508451386,2006
2007-01-02 12:00:00,2007-01-03 11:00:00,10000.0,42.36250000000028,-458.0000000000028,sell,1.3228,1.32738,676.9999999999942,23,10043.800000000001,2007
2007-01-03 13:00:00,2007-01-03 16:00:00,10000.0,33.41250000000008,-356.00000000000074,sell,1.31953,1.32309,432.9999999999945,3,10077.400000000001,2007
2007-01-03 16:00:00,2007-01-04 09:00:00,10000.0,39.537499999999305,-425.999999999993,sell,1.31244,1.3167,539.9999999999849,17,10118.000000000002,2007
2007-01-04 09:00:00,2007-01-05 03:00:00,101180.00000000001,309.35784999996474,-336.9999999999651,sell,1.30773,1.3110999999999997,390.0000000000014,18,10438.740599999988,2007
2007-01-08 21:00:00,2007-01-10 01:00:00,10000.0,48.82500000000013,-512.0000000000013,sell,1.29709,1.30221,581.9999999999936,6,10487.940599999989,2007
2007-01-10 05:00:00,2007-01-10 16:00:00,10000.0,30.012499999998838,-326.9999999999884,sell,1.29468,1.29795,536.9999999999875,11,10518.640599999988,2007
2007-01-10 16:00:00,2007-01-11 13:00:00,10000.0,37.98749999999967,-412.99999999999665,buy,1.29816,1.29403,486.0000000000086,21,10557.940599999987,2007
2007-01-11 13:00:00,2007-01-11 16:00:00,105579.40599999989,444.621273517516,-443.0000000000156,sell,1.28893,1.29336,573.0000000000013,3,11004.541487380004,2007
2007-01-15 22:00:00,2007-01-16 08:00:00,10000.0,21.674999999999322,-242.9999999999932,buy,1.29605,1.29362,367.9999999999905,10,11026.841487380005,2007
2007-01-16 10:00:00,2007-01-16 15:00:00,10000.0,34.487500000001276,-368.00000000001273,sell,1.29347,1.29715,466.0000000000108,5,11061.641487380006,2007
2007-01-16 16:00:00,2007-01-18 03:00:00,10000.0,32.312500000001535,-365.0000000000153,buy,1.29549,1.2918399999999999,575.9999999999986,35,11096.141487380006,2007
2007-01-18 03:00:00,2007-01-18 11:00:00,110961.41487380007,248.5535693173236,-249.00000000001032,sell,1.29447,1.2969600000000001,309.0000000000037,8,11350.24312744102,2007
2007-01-18 13:00:00,2007-01-18 18:00:00,113502.43127441019,298.3695162126154,-286.00000000000847,buy,1.29478,1.29192,314.9999999999986,5,11652.15959463096,2007
2007-01-22 22:00:00,2007-01-23 09:00:00,10000.0,23.512500000000667,-262.00000000000665,buy,1.29716,1.29454,430.0000000000192,11,11676.35959463096,2007
2007-01-23 09:00:00,2007-01-23 12:00:00,10000.0,36.412499999999746,-385.99999999999744,buy,1.30239,1.29853,405.9999999999952,3,11712.95959463096,2007
2007-01-23 12:00:00,2007-01-24 09:00:00,10000.0,48.487500000001845,-518.0000000000184,sell,1.29808,1.30326,628.0000000000063,21,11762.759594630958,2007
2007-01-24 09:00:00,2007-01-24 16:00:00,10000.0,41.762500000000905,-442.00000000000904,sell,1.2965499999999999,1.30097,501.0000000000181,7,11804.95959463096,2007
2007-01-25 07:00:00,2007-01-25 20:00:00,118049.59594630961,610.1688490474824,-544.9999999999955,sell,1.29301,1.29846,716.9999999999898,13,12424.719973349083,2007
2007-01-30 01:00:00,2007-01-31 10:00:00,10000.0,27.83750000000026,-319.0000000000026,sell,1.293,1.29619,503.000000000009,33,12454.619973349081,2007
2007-01-31 10:00:00,2007-01-31 15:00:00,10000.0,16.287499999999728,-185.99999999999727,buy,1.29589,1.29403,300.9999999999957,5,12471.21997334908,2007
2007-01-31 15:00:00,2007-01-31 20:00:00,10000.0,29.987500000000665,-323.0000000000066,buy,1.3027,1.29947,343.0000000000044,5,12501.519973349079,2007
2007-02-05 22:00:00,2007-02-06 17:00:00,10000.0,32.21249999999877,-353.9999999999876,buy,1.29666,1.29312,532.9999999999834,19,12534.919973349075,2007
2007-02-06 17:00:00,2007-02-07 11:00:00,10000.0,16.775000000001583,-199.0000000000158,buy,1.29872,1.29673,226.00000000001506,18,12552.81997334908,2007
2007-02-07 11:00:00,2007-02-07 16:00:00,10000.0,22.087500000002198,-244.00000000002197,buy,1.30133,1.2988899999999999,296.00000000000733,5,12575.219973349083,2007
2007-02-07 16:00:00,2007-02-08 09:00:00,10000.0,26.137500000000337,-292.00000000000335,sell,1.29871,1.30163,392.99999999999886,17,12602.419973349086,2007
2007-02-08 09:00:00,2007-02-08 15:00:00,126024.19973349088,276.3080579156702,-242.9999999999932,buy,1.30141,1.29898,384.00000000000654,6,12883.453938754763,2007
2007-02-12 07:00:00,2007-02-12 10:00:00,128834.53938754764,470.4071119387885,-387.000000000004,sell,1.2985499999999999,1.30242,490.0000000000126,3,13356.276698307067,2007
2007-02-12 22:00:00,2007-02-13 08:00:00,10000.0,30.775000000001207,-334.00000000001205,buy,1.29967,1.29633,413.0000000000189,10,13387.676698307068,2007
2007-02-13 08:00:00,2007-02-13 14:00:00,10000.0,24.825000000000557,-272.00000000000557,buy,1.30239,1.2996699999999999,377.9999999999894,6,13412.876698307071,2007
2007-02-13 14:00:00,2007-02-14 08:00:00,10000.0,50.87500000000071,-540.000000000007,buy,1.30746,1.30206,667.0000000000175,18,13464.87669830707,2007
2007-02-14 08:00:00,2007-02-14 16:00:00,10000.0,24.200000000001722,-267.0000000000172,buy,1.31234,1.30967,497.9999999999984,8,13489.576698307072,2007
2007-02-19 22:00:00,2007-02-20 03:00:00,10000.0,22.287500000001288,-246.00000000001285,buy,1.3176700000000001,1.31521,286.00000000000847,5,13512.176698307074,2007
2007-02-20 03:00:00,2007-02-20 09:00:00,10000.0,28.325000000001282,-307.0000000000128,sell,1.31466,1.31773,424.0000000000021,6,13540.876698307076,2007
2007-02-20 09:00:00,2007-02-21 14:00:00,10000.0,24.687500000000192,-285.0000000000019,sell,1.31207,1.31492,449.9999999999948,29,13567.376698307082,2007
2007-02-21 14:00:00,2007-02-22 10:00:00,10000.0,32.35000000000008,-356.00000000000074,sell,1.30836,1.31192,601.000000000007,20,13600.97669830708,2007
2007-02-22 10:00:00,2007-02-22 17:00:00,136009.76698307082,510.88668723016025,-400.00000000000034,buy,1.31294,1.30894,452.0000000000079,7,14117.813812842749,2007
2007-02-27 01:00:00,2007-02-27 09:00:00,10000.0,29.900000000001313,-324.00000000001313,buy,1.3213300000000001,1.31809,519.0000000000027,8,14148.21381284275,2007
2007-02-27 09:00:00,2007-02-27 14:00:00,10000.0,25.287500000000957,-276.00000000000955,buy,1.32372,1.32096,365.9999999999996,5,14173.813812842753,2007
2007-02-27 14:00:00,2007-02-28 08:00:00,10000.0,25.375000000000192,-285.0000000000019,sell,1.32122,1.32407,461.9999999999846,18,14200.313812842749,2007
2007-02-28 09:00:00,2007-02-28 17:00:00,10000.0,37.60000000000069,-401.0000000000069,buy,1.32264,1.31863,470.99999999999915,8,14238.413812842751,2007
2007-02-28 17:00:00,2007-03-01 16:00:00,10000.0,54.562500000002494,-580.0000000000249,sell,1.3166499999999999,1.3224500000000001,732.0000000000215,23,14294.41381284275,2007
2007-03-04 23:00:00,2007-03-05 02:00:00,142944.1381284275,719.1876949586475,-524.9999999999976,sell,1.3128,1.31805,645.0000000000066,3,15016.281710391308,2007
2007-03-05 22:00:00,2007-03-06 08:00:00,10000.0,32.475000000001245,-351.0000000000124,buy,1.31194,1.30843,380.0000000000025,10,15049.381710391308,2007
2007-03-06 09:00:00,2007-03-07 19:00:00,10000.0,37.374999999998764,-414.99999999998755,buy,1.31551,1.31136,678.0000000000008,34,15088.881710391306,2007
2007-03-07 19:00:00,2007-03-08 09:00:00,10000.0,25.025000000000702,-279.000000000007,sell,1.31517,1.31796,317.999999999996,14,15114.781710391304,2007
2007-03-08 09:00:00,2007-03-08 15:00:00,151147.81710391305,314.76532911888046,-231.99999999998775,sell,1.31275,1.31507,431.9999999999879,6,15435.215082651583,2007
2007-03-12 07:00:00,2007-03-12 10:00:00,154352.15082651583,595.9922423788971,-408.0000000000083,buy,1.31685,1.31277,428.00000000000614,3,16034.101427858477,2007
2007-03-13 06:00:00,2007-03-13 13:00:00,10000.0,27.762500000000227,-302.0000000000022,buy,1.32024,1.31722,472.0000000000057,7,16062.301427858478,2007
2007-03-13 14:00:00,2007-03-14 17:00:00,10000.0,27.41249999999946,-310.9999999999946,buy,1.32283,1.31972,512.0000000000013,27,16091.40142785848,2007
2007-03-15 08:00:00,2007-03-15 15:00:00,160914.01427858483,390.4176271434085,-266.999999999995,buy,1.32344,1.32077,417.0000000000007,7,16488.859043126573,2007
2007-03-15 15:00:00,2007-03-16 00:00:00,164888.59043126574,459.0086136130613,-304.00000000001535,buy,1.3277700000000001,1.32473,523.0000000000067,9,16957.14263995139,2007
2007-03-20 02:00:00,2007-03-20 18:00:00,10000.0,21.399999999999977,-243.99999999999974,buy,1.33129,1.32885,418.0000000000072,16,16979.542639951393,2007
2007-03-20 18:00:00,2007-03-21 19:00:00,10000.0,65.43750000000128,-690.0000000000127,buy,1.33779,1.33089,889.0000000000064,25,17046.54263995139,2007
2007-03-21 19:00:00,2007-03-22 13:00:00,10000.0,25.274999999999537,-283.99999999999534,sell,1.33575,1.33859,530.9999999999925,18,17072.94263995139,2007
2007-03-22 13:00:00,2007-03-22 18:00:00,170729.4263995139,450.51227391170505,-286.9999999999928,sell,1.33244,1.33531,486.99999999999295,5,17528.790208438077,2007
2007-03-22 18:00:00,2007-03-23 15:00:00,175287.90208438077,548.4320236465096,-346.0000000000018,sell,1.32947,1.33293,477.00000000001626,21,18100.228769233163,2007
2007-03-26 12:00:00,2007-03-26 15:00:00,181002.28769233162,1017.4591096905314,-584.0000000000067,buy,1.33304,1.3272,618.0000000000074,3,19121.081671817927,2007
2007-03-26 22:00:00,2007-03-27 22:00:00,10000.0,20.300000000000487,-238.00000000000486,buy,1.33561,1.33323,343.0000000000044,24,19142.881671817926,2007
2007-03-27 22:00:00,2007-03-28 08:00:00,10000.0,18.274999999999253,-208.9999999999925,sell,1.33382,1.33591,228.9999999999903,10,19161.781671817924,2007
2007-03-28 08:00:00,2007-03-28 15:00:00,10000.0,27.46250000000048,-299.0000000000048,buy,1.33645,1.3334599999999999,368.9999999999971,7,19189.681671817925,2007
2007-03-28 19:00:00,2007-03-29 11:00:00,10000.0,27.200000000000227,-302.0000000000022,buy,1.33437,1.33135,411.0000000000058,16,19217.881671817926,2007
2007-04-02 22:00:00,2007-04-03 18:00:00,10000.0,33.250000000001535,-365.0000000000153,sell,1.3330899999999999,1.33674,502.0000000000024,20,19252.381671817926,2007
2007-04-03 18:00:00,2007-04-04 15:00:00,10000.0,36.887500000001346,-402.0000000000134,buy,1.33729,1.33327,538.0000000000161,21,19290.581671817934,2007
2007-04-04 15:00:00,2007-04-05 14:00:00,10000.0,60.26249999999987,-636.9999999999986,buy,1.34289,1.33652,756.000000000001,23,19352.281671817935,2007
2007-04-05 14:00:00,2007-04-06 13:00:00,193522.81671817935,903.0258435111965,-500.99999999999585,sell,1.33829,1.3433,561.0000000000115,23,20283.126420232362,2007
2007-04-09 22:00:00,2007-04-10 01:00:00,10000.0,19.212500000000308,-214.00000000000307,buy,1.33759,1.33545,270.00000000001467,3,20302.52642023236,2007
2007-04-10 01:00:00,2007-04-10 03:00:00,10000.0,19.675000000000708,-218.00000000000705,buy,1.34217,1.33999,286.00000000000847,2,20322.32642023236,2007
2007-04-10 03:00:00,2007-04-12 02:00:00,10000.0,32.86250000000116,-378.00000000001165,buy,1.34546,1.34168,529.0000000000016,47,20358.12642023235,2007
2007-04-12 08:00:00,2007-04-12 14:00:00,203581.2642023235,442.2802964795525,-241.0000000000023,buy,1.3474,1.34499,334.99999999999636,6,20808.041014119495,2007
2007-04-12 15:00:00,2007-04-13 03:00:00,208080.41014119494,542.0494684178115,-287.9999999999993,buy,1.35141,1.34853,425.999999999993,12,21365.696513297895,2007
2007-04-16 22:00:00,2007-04-17 13:00:00,10000.0,48.862500000001845,-518.0000000000184,buy,1.3581,1.35292,558.000000000014,15,21415.496513297887,2007
2007-04-17 13:00:00,2007-04-18 09:00:00,10000.0,28.45000000000117,-317.0000000000117,buy,1.36101,1.35784,544.0000000000111,20,21445.196513297884,2007
2007-04-18 09:00:00,2007-04-18 13:00:00,10000.0,24.049999999999102,-262.999999999991,sell,1.35793,1.36056,313.99999999999204,4,21469.496513297883,2007
2007-04-18 13:00:00,2007-04-18 22:00:00,10000.0,25.637500000000447,-282.00000000000443,buy,1.36094,1.35812,390.0000000000014,9,21495.69651329788,2007
2007-04-18 22:00:00,2007-04-19 07:00:00,65000.0,251.79374999999789,-412.99999999999665,sell,1.35704,1.36117,479.00000000000716,9,21751.146513297877,2007
2007-04-24 01:00:00,2007-04-24 12:00:00,10000.0,17.912499999999508,-205.99999999999505,buy,1.35777,1.35571,302.9999999999866,11,21769.746513297876,2007
2007-04-24 12:00:00,2007-04-24 15:00:00,10000.0,40.11249999999956,-422.99999999999557,buy,1.36202,1.35779,455.00000000000534,3,21810.046513297875,2007
2007-04-24 15:00:00,2007-04-25 15:00:00,10000.0,30.800000000000438,-343.0000000000044,buy,1.36567,1.36224,432.9999999999945,24,21842.34651329787,2007
2007-04-25 15:00:00,2007-04-26 10:00:00,10000.0,30.01250000000212,-332.00000000002115,sell,1.3611199999999999,1.36444,417.0000000000007,19,21873.54651329787,2007
2007-04-26 11:00:00,2007-04-27 11:00:00,218735.46513297874,588.3984012077465,-304.0000000000376,buy,1.3634600000000001,1.3604199999999997,502.0000000000024,24,22494.755234275523,2007
2007-04-30 22:00:00,2007-05-01 15:00:00,10000.0,48.13750000000013,-512.0000000000013,sell,1.35982,1.36494,743.0000000000047,17,22543.955234275523,2007
2007-05-01 15:00:00,2007-05-03 18:00:00,10000.0,29.812500000000583,-350.00000000000585,sell,1.35636,1.35986,591.0000000000082,51,22576.955234275516,2007
2007-05-03 18:00:00,2007-05-04 13:00:00,225769.55234275514,702.4255197264068,-343.0000000000044,buy,1.35905,1.35562,552.0000000000191,19,23306.19088834261,2007
2007-05-08 02:00:00,2007-05-08 09:00:00,10000.0,28.962500000001427,-314.00000000001427,sell,1.3577299999999999,1.36087,436.0000000000141,7,23335.590888342613,2007
2007-05-08 09:00:00,2007-05-08 15:00:00,10000.0,41.42500000000051,-438.000000000005,sell,1.35283,1.35721,461.0000000000003,6,23377.390888342612,2007
2007-05-09 13:00:00,2007-05-09 19:00:00,10000.0,22.525000000001032,-249.00000000001032,sell,1.35275,1.35524,320.00000000000915,6,23400.290888342613,2007
2007-05-09 19:00:00,2007-05-10 07:00:00,10000.0,21.450000000000887,-242.00000000000887,buy,1.35522,1.3528,316.0000000000051,12,23422.490888342614,2007
2007-05-10 07:00:00,2007-05-10 10:00:00,234224.90888342613,384.4216317049688,-186.00000000001947,sell,1.3536,1.35546,219.0000000000136,3,23811.30423708914,2007
2007-05-15 05:00:00,2007-05-15 07:00:00,10000.0,9.775000000000244,-119.00000000000243,buy,1.35521,1.35402,151.00000000001222,2,23821.204237089143,2007
2007-05-15 07:00:00,2007-05-15 15:00:00,10000.0,48.40000000000039,-509.00000000000387,buy,1.35941,1.35432,669.9999999999927,8,23870.104237089145,2007
2007-05-15 15:00:00,2007-05-16 16:00:00,10000.0,74.43750000000028,-780.0000000000028,sell,1.35215,1.35995,870.9999999999994,25,23946.104237089152,2007
2007-05-17 00:00:00,2007-05-17 13:00:00,120000.0,382.6500000000101,-347.0000000000084,sell,1.3491199999999999,1.35259,525.0000000000199,13,24338.504237089168,2007
2007-05-21 08:00:00,2007-05-21 11:00:00,243385.0423708917,1236.7002465470594,-529.999999999986,sell,1.34498,1.35028,581.9999999999936,3,25579.76795318068,2007
2007-05-21 22:00:00,2007-05-23 08:00:00,10000.0,30.774999999999935,-348.99999999999926,sell,1.34287,1.34636,469.00000000000824,34,25612.667953180677,2007
2007-05-23 08:00:00,2007-05-23 11:00:00,10000.0,22.812500000001688,-250.00000000001685,buy,1.34539,1.34289,277.0000000000161,3,25635.667953180677,2007
2007-05-23 11:00:00,2007-05-23 18:00:00,10000.0,24.962499999999647,-273.9999999999964,sell,1.34574,1.34848,434.000000000001,7,25661.067953180675,2007
2007-05-23 18:00:00,2007-05-24 16:00:00,10000.0,23.925000000001212,-273.0000000000121,sell,1.34303,1.34576,324.9999999999975,22,25686.36795318068,2007
2007-05-28 22:00:00,2007-05-29 02:00:00,10000.0,15.349999999999838,-175.99999999999835,sell,1.34306,1.34482,236.00000000001396,4,25701.967953180683,2007
2007-05-29 02:00:00,2007-05-29 05:00:00,10000.0,15.012499999999438,-171.99999999999437,buy,1.34425,1.34253,191.99999999999216,3,25717.167953180684,2007
2007-05-29 05:00:00,2007-05-29 09:00:00,10000.0,35.34999999999985,-375.9999999999985,buy,1.34782,1.34406,431.0000000000036,4,25752.767953180686,2007
2007-05-29 12:00:00,2007-05-29 17:00:00,10000.0,23.187500000000522,-255.0000000000052,sell,1.34779,1.35034,313.99999999999204,5,25776.26795318069,2007
2007-05-29 18:00:00,2007-05-30 10:00:00,10000.0,21.600000000001288,-246.00000000001285,sell,1.3424099999999999,1.34487,318.00000000001825,16,25798.867953180692,2007
2007-06-04 22:00:00,2007-06-05 11:00:00,10000.0,16.887500000000273,-197.0000000000027,buy,1.35108,1.34911,226.9999999999994,13,25816.567953180696,2007
2007-06-05 12:00:00,2007-06-06 12:00:00,10000.0,19.799999999999432,-232.99999999999432,sell,1.35131,1.35364,263.99999999999756,24,25837.8679531807,2007
2007-06-06 12:00:00,2007-06-07 11:00:00,10000.0,25.162500000000847,-286.00000000000847,sell,1.34728,1.3501400000000001,392.99999999999886,23,25864.4679531807,2007
2007-06-07 11:00:00,2007-06-07 17:00:00,258644.67953180702,1074.0220317558012,-438.99999999998937,sell,1.34284,1.34723,482.0000000000046,6,26948.189160418955,2007
2007-06-07 17:00:00,2007-06-08 09:00:00,269481.8916041896,757.2441154078181,-311.00000000001677,sell,1.33933,1.34244,435.00000000000756,16,27732.38146498719,2007
2007-06-11 22:00:00,2007-06-12 14:00:00,10000.0,28.100000000001682,-311.00000000001677,sell,1.33201,1.33512,486.0000000000086,16,27761.481464987195,2007
2007-06-12 14:00:00,2007-06-13 01:00:00,10000.0,17.112499999998708,-197.99999999998707,sell,1.32942,1.3314,373.99999999998545,11,27779.28146498719,2007
2007-06-13 01:00:00,2007-06-13 09:00:00,10000.0,22.600000000000122,-251.0000000000012,sell,1.32761,1.33012,387.000000000004,8,27802.38146498719,2007
2007-06-13 09:00:00,2007-06-13 19:00:00,10000.0,25.675000000001102,-283.00000000001097,buy,1.33085,1.32802,475.0000000000032,10,27828.68146498719,2007
2007-06-14 06:00:00,2007-06-15 03:00:00,278286.8146498719,520.0484848769424,-219.99999999999795,buy,1.33212,1.32992,415.99999999999415,21,28385.25509428693,2007
2007-06-19 00:00:00,2007-06-19 08:00:00,10000.0,14.500000000000348,-170.00000000000347,sell,1.3407,1.3424,287.9999999999993,8,28400.25509428693,2007
2007-06-19 08:00:00,2007-06-19 17:00:00,10000.0,25.637500000000447,-282.00000000000443,buy,1.34224,1.33942,388.0000000000105,9,28426.455094286925,2007
2007-06-19 17:00:00,2007-06-20 23:00:00,10000.0,19.025000000001253,-229.0000000000125,sell,1.33961,1.3419,408.0000000000083,30,28447.35509428693,2007
2007-06-21 00:00:00,2007-06-22 07:00:00,120000.0,215.55000000001633,-219.0000000000136,buy,1.34111,1.3389199999999999,388.9999999999949,31,28686.15509428695,2007
2007-06-25 22:00:00,2007-06-26 10:00:00,10000.0,13.149999999999803,-158.999999999998,sell,1.34466,1.34625,209.99999999999906,12,28700.05509428695,2007
2007-06-26 10:00:00,2007-06-27 04:00:00,10000.0,14.175000000000093,-173.0000000000009,sell,1.34422,1.34595,351.9999999999967,18,28715.35509428695,2007
2007-06-27 07:00:00,2007-06-27 21:00:00,10000.0,17.424999999999763,-202.9999999999976,buy,1.34511,1.34308,249.99999999999466,14,28733.655094286943,2007
2007-06-28 06:00:00,2007-06-28 08:00:00,285000.0,355.5375000000048,-146.00000000000168,sell,1.34521,1.34667,175.99999999999835,2,29092.75509428695,2007
2007-06-28 09:00:00,2007-06-28 19:00:00,290927.5509428695,668.406048291277,-256.00000000001177,sell,1.34351,1.34607,377.00000000000506,10,29779.344114512158,2007
2007-07-02 06:00:00,2007-07-02 09:00:00,297793.4411451216,804.4145328932697,-292.00000000000335,buy,1.35697,1.35405,331.9999999999989,3,30589.342274426897,2007
2007-07-02 22:00:00,2007-07-03 08:00:00,10000.0,22.974999999998957,-255.99999999998954,sell,1.36033,1.36289,290.9999999999968,10,30612.942274426896,2007
2007-07-03 08:00:00,2007-07-05 08:00:00,10000.0,30.60000000000008,-356.00000000000074,buy,1.36395,1.36039,551.9999999999969,48,30646.542274426898,2007
2007-07-05 08:00:00,2007-07-05 14:00:00,306465.422744269,1015.1667128403734,-354.9999999999942,sell,1.3607,1.36425,514.9999999999987,6,31673.20144062018,2007
2007-07-10 05:00:00,2007-07-10 08:00:00,10000.0,18.112500000001983,-203.0000000000198,buy,1.36291,1.3608799999999999,270.999999999999,3,31691.501440620184,2007
2007-07-10 08:00:00,2007-07-10 14:00:00,10000.0,51.225000000000314,-536.0000000000031,buy,1.37035,1.36499,614.0000000000034,6,31743.101440620187,2007
2007-07-10 14:00:00,2007-07-10 22:00:00,10000.0,42.49999999999949,-449.9999999999948,buy,1.37659,1.37209,646.9999999999975,8,31786.101440620187,2007
2007-07-10 23:00:00,2007-07-12 08:00:00,10000.0,33.637500000000514,-377.00000000000506,buy,1.37828,1.37451,513.9999999999922,33,31821.80144062018,2007
2007-07-17 06:00:00,2007-07-17 10:00:00,10000.0,14.050000000000203,-163.00000000000202,sell,1.37743,1.37906,243.0000000000154,4,31836.10144062018,2007
2007-07-17 10:00:00,2007-07-18 01:00:00,10000.0,30.662500000000293,-336.00000000000296,buy,1.38099,1.37763,445.9999999999908,15,31867.70144062018,2007
2007-07-18 02:00:00,2007-07-18 08:00:00,10000.0,27.025000000001647,-294.0000000000164,sell,1.37872,1.38166,453.9999999999988,6,31895.10144062018,2007
2007-07-18 11:00:00,2007-07-18 15:00:00,10000.0,32.24999999999953,-344.9999999999953,buy,1.38046,1.37701,523.9999999999911,4,31927.60144062018,2007
2007-07-18 19:00:00,2007-07-19 13:00:00,10000.0,27.275000000001537,-304.00000000001535,buy,1.38246,1.3794199999999999,384.00000000000654,18,31956.001440620184,2007
2007-07-23 22:00:00,2007-07-24 01:00:00,10000.0,21.112500000001653,-233.0000000000165,buy,1.38274,1.38041,291.000000000019,3,31977.301440620187,2007
2007-07-24 12:00:00,2007-07-25 01:00:00,10000.0,26.08749999999837,-288.9999999999837,sell,1.38047,1.38336,368.9999999999971,13,32004.201440620185,2007
2007-07-25 01:00:00,2007-07-25 08:00:00,10000.0,35.562500000000256,-380.0000000000025,sell,1.3772199999999999,1.38102,511.00000000001694,7,32040.20144062018,2007
2007-07-25 14:00:00,2007-07-26 17:00:00,10000.0,45.51250000000036,-492.0000000000035,buy,1.37559,1.37067,639.0000000000117,27,32087.401440620182,2007
2007-07-26 17:00:00,2007-07-27 08:00:00,320874.01440620184,1410.6423858332914,-469.00000000000824,sell,1.3707099999999999,1.3754,490.0000000000126,15,33528.12576530405,2007
2007-07-30 22:00:00,2007-07-31 20:00:00,10000.0,22.725000000000012,-261.0000000000001,sell,1.36818,1.37079,446.000000000013,22,33552.22576530406,2007
2007-07-31 20:00:00,2007-08-01 05:00:00,10000.0,23.437499999999357,-259.9999999999936,sell,1.36554,1.36814,279.99999999999136,9,33576.225765304065,2007
2007-08-01 05:00:00,2007-08-01 13:00:00,10000.0,27.19999999999917,-296.9999999999917,buy,1.36849,1.36552,478.0000000000006,8,33603.92576530407,2007
2007-08-01 14:00:00,2007-08-03 14:00:00,10000.0,59.60000000000133,-646.0000000000132,buy,1.3742400000000001,1.36778,931.0000000000151,48,33666.52576530408,2007
2007-08-06 22:00:00,2007-08-07 16:00:00,10000.0,42.874999999999375,-459.9999999999937,sell,1.37483,1.37943,673.9999999999968,18,33710.5257653041,2007
2007-08-07 16:00:00,2007-08-08 13:00:00,10000.0,53.887500000001694,-572.0000000000169,buy,1.37999,1.3742699999999999,788.0000000000108,21,33765.7257653041,2007
2007-08-08 13:00:00,2007-08-09 08:00:00,10000.0,40.51250000000207,-437.0000000000207,sell,1.37746,1.3818300000000001,457.0000000000185,19,33807.42576530409,2007
2007-08-09 08:00:00,2007-08-09 11:00:00,338074.2576530409,1055.2142766995948,-334.00000000001205,sell,1.37422,1.3775600000000001,404.0000000000043,3,34868.97893433468,2007
2007-08-09 11:00:00,2007-08-09 13:00:00,348689.78934334684,1983.173176890291,-590.0000000000016,sell,1.36662,1.37252,690.0000000000127,2,36856.510733591764,2007
2007-08-13 12:00:00,2007-08-13 15:00:00,368565.10733591765,1286.7529309865602,-371.0000000000102,sell,1.36167,1.36538,460.0000000000159,3,38150.17426034088,2007
2007-08-13 22:00:00,2007-08-14 08:00:00,10000.0,36.175000000001056,-388.0000000000105,sell,1.35696,1.36084,558.9999999999983,10,38186.97426034089,2007
2007-08-14 08:00:00,2007-08-14 18:00:00,10000.0,34.07500000000062,-367.0000000000062,sell,1.3546799999999999,1.35835,480.0000000000137,10,38221.67426034088,2007
2007-08-14 18:00:00,2007-08-15 05:00:00,10000.0,30.01250000000106,-327.0000000000106,sell,1.35073,1.354,357.99999999999164,11,38252.37426034088,2007
2007-08-15 06:00:00,2007-08-15 13:00:00,10000.0,33.26250000000073,-357.0000000000073,sell,1.34633,1.3499,398.99999999999375,7,38286.07426034089,2007
2007-08-20 22:00:00,2007-08-21 11:00:00,10000.0,28.08750000000037,-309.0000000000037,buy,1.35052,1.34743,495.00000000000097,13,38314.97426034089,2007
2007-08-21 11:00:00,2007-08-21 18:00:00,10000.0,42.162499999999085,-445.9999999999908,sell,1.34654,1.351,516.9999999999897,7,38357.57426034089,2007
2007-08-21 18:00:00,2007-08-22 15:00:00,10000.0,39.88750000000101,-432.0000000000101,buy,1.3513600000000001,1.34704,630.0000000000193,21,38398.774260340884,2007
2007-08-22 15:00:00,2007-08-23 11:00:00,10000.0,38.05000000000189,-413.0000000000189,buy,1.3576300000000001,1.3535,556.0000000000009,20,38438.07426034089,2007
2007-08-23 12:00:00,2007-08-24 11:00:00,384380.74260340893,1366.9540158833786,-390.0000000000014,buy,1.3601,1.3562,553.0000000000034,23,39860.28300797352,2007
2007-08-27 23:00:00,2007-08-28 11:00:00,10000.0,26.250000000001247,-290.00000000001245,buy,1.3666,1.3637,482.0000000000046,12,39887.28300797352,2007
2007-08-28 11:00:00,2007-08-28 16:00:00,10000.0,32.48749999999927,-347.9999999999927,sell,1.36273,1.36621,428.99999999999045,5,39920.083007973524,2007
2007-08-28 16:00:00,2007-08-28 21:00:00,10000.0,24.687499999999247,-269.99999999999244,sell,1.36054,1.36324,290.9999999999968,5,39945.083007973524,2007
2007-08-28 23:00:00,2007-08-29 11:00:00,10000.0,42.250000000001705,-450.000000000017,buy,1.36244,1.35794,620.0000000000205,12,39988.08300797353,2007
2007-08-29 11:00:00,2007-08-29 16:00:00,10000.0,49.68750000000094,-520.0000000000093,buy,1.36715,1.36195,540.000000000007,5,40038.08300797353,2007
2007-09-03 22:00:00,2007-09-04 11:00:00,10000.0,25.987499999999937,-287.9999999999993,sell,1.35821,1.36109,440.00000000001813,13,40064.883007973534,2007
2007-09-04 12:00:00,2007-09-04 15:00:00,10000.0,25.912499999999792,-280.9999999999979,buy,1.35843,1.35562,316.0000000000051,3,40090.98300797353,2007
2007-09-04 18:00:00,2007-09-05 06:00:00,10000.0,27.74999999999997,-304.9999999999997,sell,1.35802,1.36107,475.0000000000032,12,40119.48300797353,2007
2007-09-05 06:00:00,2007-09-05 15:00:00,10000.0,62.13749999999976,-646.9999999999975,buy,1.36479,1.35832,787.0000000000043,9,40182.18300797353,2007
2007-09-05 18:00:00,2007-09-06 15:00:00,10000.0,31.787500000001245,-351.0000000000124,buy,1.36897,1.36546,547.0000000000085,21,40215.283007973536,2007
2007-09-10 23:00:00,2007-09-11 11:00:00,10000.0,24.450000000000557,-272.00000000000557,buy,1.3820700000000001,1.37935,425.0000000000087,12,40240.48300797355,2007
2007-09-11 11:00:00,2007-09-12 03:00:00,10000.0,22.399999999999867,-253.99999999999866,buy,1.38394,1.3814,293.99999999999426,16,40263.88300797355,2007
2007-09-12 03:00:00,2007-09-12 06:00:00,10000.0,19.812499999999797,-219.99999999999795,buy,1.38626,1.38406,270.999999999999,3,40283.88300797355,2007
2007-09-12 07:00:00,2007-09-12 11:00:00,10000.0,22.850000000000122,-251.0000000000012,buy,1.38741,1.3849,300.9999999999957,4,40306.98300797355,2007
2007-09-12 11:00:00,2007-09-13 09:00:00,10000.0,29.92500000000055,-333.0000000000055,buy,1.39201,1.38868,553.0000000000034,22,40338.28300797354,2007
2007-09-18 06:00:00,2007-09-18 13:00:00,10000.0,27.062500000002302,-295.000000000023,buy,1.3874900000000001,1.3845399999999999,355.00000000001637,7,40365.78300797354,2007
2007-09-18 13:00:00,2007-09-18 19:00:00,10000.0,92.12499999999959,-944.9999999999958,buy,1.39695,1.3875,1074.9999999999814,6,40458.28300797354,2007
2007-09-19 06:00:00,2007-09-19 10:00:00,10000.0,26.250000000000192,-285.0000000000019,sell,1.39553,1.39838,317.0000000000117,4,40484.78300797354,2007
2007-09-19 10:00:00,2007-09-20 07:00:00,10000.0,63.78749999999994,-670.9999999999993,buy,1.40252,1.39581,889.9999999999907,21,40549.883007973556,2007
2007-09-20 07:00:00,2007-09-20 15:00:00,312500.0,1221.8750000000512,-416.0000000000163,buy,1.40829,1.4041299999999999,595.9999999999965,8,41787.38300797361,2007
2007-09-24 22:00:00,2007-09-25 13:00:00,10000.0,35.46250000000066,-384.00000000000654,buy,1.41124,1.4074,513.0000000000078,15,41823.78300797361,2007
2007-09-25 13:00:00,2007-09-27 12:00:00,10000.0,31.562500000001535,-365.0000000000153,buy,1.417,1.4133499999999999,590.0000000000016,47,41858.2830079736,2007
2007-09-27 14:00:00,2007-09-28 11:00:00,418582.8300797361,1121.278756076075,-300.9999999999957,buy,1.41832,1.41531,503.000000000009,21,43034.50076049764,2007
2007-10-01 22:00:00,2007-10-02 07:00:00,10000.0,35.437500000000256,-380.0000000000025,sell,1.41953,1.42333,419.9999999999981,9,43070.50076049764,2007
2007-10-02 08:00:00,2007-10-02 11:00:00,10000.0,39.712500000001384,-419.00000000001376,sell,1.41523,1.4194200000000001,480.99999999999807,3,43110.40076049764,2007
2007-10-02 11:00:00,2007-10-03 12:00:00,10000.0,36.53750000000069,-401.0000000000069,buy,1.41953,1.41552,550.000000000006,25,43148.50076049764,2007
2007-10-03 12:00:00,2007-10-03 15:00:00,10000.0,37.412500000001856,-396.00000000001853,sell,1.4146699999999999,1.41863,416.0000000000163,3,43186.10076049764,2007
2007-10-03 15:00:00,2007-10-03 20:00:00,10000.0,36.18750000000131,-385.0000000000131,sell,1.40923,1.4130800000000001,415.99999999999415,5,43222.60076049764,2007
2007-10-09 01:00:00,2007-10-09 15:00:00,10000.0,46.425000000001006,-493.00000000001006,buy,1.40863,1.4037,716.0000000000055,14,43269.900760497636,2007
2007-10-09 15:00:00,2007-10-10 09:00:00,10000.0,35.675000000001056,-388.0000000000105,buy,1.41318,1.4093,599.0000000000161,18,43306.70076049764,2007
2007-10-10 09:00:00,2007-10-11 07:00:00,10000.0,32.72500000000113,-361.00000000001125,buy,1.41839,1.41478,588.0000000000107,22,43340.80076049763,2007
2007-10-11 12:00:00,2007-10-11 15:00:00,433408.0076049763,2358.2813213805766,-565.9999999999998,buy,1.42347,1.41781,785.9999999999977,3,45707.208482020804,2007
2007-10-11 15:00:00,2007-10-12 02:00:00,457072.0848202081,1646.0308454587926,-387.000000000004,sell,1.41851,1.42238,557.0000000000074,11,47384.663033311,2007
2007-10-15 05:00:00,2007-10-15 08:00:00,473846.63033311,1592.7169862072317,-358.0000000000138,buy,1.42148,1.4179,467.00000000001734,3,48986.26464383698,2007
2007-10-16 05:00:00,2007-10-16 08:00:00,10000.0,38.812500000002146,-410.00000000002143,sell,1.41691,1.42101,568.0000000000128,3,49025.264643836985,2007
2007-10-16 08:00:00,2007-10-17 13:00:00,10000.0,30.38749999999979,-341.99999999999784,buy,1.42048,1.41706,604.9999999999889,29,49057.46464383698,2007
2007-10-17 14:00:00,2007-10-18 05:00:00,10000.0,30.96250000000004,-339.0000000000004,buy,1.42309,1.4197,506.0000000000064,15,49089.36464383697,2007
2007-10-18 05:00:00,2007-10-18 13:00:00,257500.0,1658.3000000000218,-669.0000000000084,buy,1.43009,1.4234,738.0000000000164,8,50760.53964383699,2007
2007-10-22 08:00:00,2007-10-22 11:00:00,507605.39643837,4401.573293866249,-889.0000000000064,sell,1.42115,1.43004,992.9999999999993,3,55171.630538886464,2007
2007-10-22 22:00:00,2007-10-23 12:00:00,10000.0,57.12500000000006,-600.0000000000005,buy,1.42389,1.41789,682.0000000000048,14,55229.630538886464,2007
2007-10-24 01:00:00,2007-10-24 08:00:00,10000.0,33.66250000000113,-361.00000000001125,sell,1.42207,1.42568,412.99999999999665,7,55263.73053888647,2007
2007-10-24 08:00:00,2007-10-24 20:00:00,10000.0,31.150000000002265,-339.00000000002257,buy,1.4258600000000001,1.42247,541.0000000000136,12,55295.63053888647,2007
2007-10-24 20:00:00,2007-10-25 13:00:00,10000.0,60.23749999999947,-632.9999999999947,buy,1.43299,1.42666,825.9999999999933,17,55356.93053888647,2007
2007-10-30 00:00:00,2007-10-30 15:00:00,10000.0,24.162499999999902,-270.999999999999,buy,1.44215,1.43944,470.99999999999915,15,55382.030538886465,2007
2007-10-30 15:00:00,2007-10-31 12:00:00,10000.0,27.487500000001937,-308.0000000000193,buy,1.4456200000000001,1.44254,388.0000000000105,21,55410.830538886454,2007
2007-10-31 12:00:00,2007-10-31 19:00:00,10000.0,60.66250000000038,-631.0000000000038,buy,1.45005,1.44374,719.000000000003,7,55471.93053888645,2007
2007-10-31 19:00:00,2007-11-01 09:00:00,10000.0,48.125000000001044,-510.0000000000104,sell,1.44323,1.4483300000000001,570.9999999999882,14,55520.93053888646,2007
2007-11-01 10:00:00,2007-11-01 17:00:00,395000.0,1242.7687500000893,-339.00000000002257,buy,1.44602,1.4426299999999999,564.0000000000089,7,56780.98053888645,2007
2007-11-05 22:00:00,2007-11-06 07:00:00,10000.0,29.33750000000026,-319.0000000000026,buy,1.45082,1.44763,394.0000000000054,9,56810.88053888645,2007
2007-11-06 07:00:00,2007-11-06 14:00:00,10000.0,33.66250000000113,-361.00000000001125,buy,1.45581,1.4522,452.0000000000079,7,56844.98053888644,2007
2007-11-06 14:00:00,2007-11-07 03:00:00,10000.0,49.387500000000024,-522.0000000000002,buy,1.46139,1.45617,668.0000000000018,13,56895.180538886445,2007
2007-11-07 03:00:00,2007-11-07 10:00:00,10000.0,59.96250000000023,-624.0000000000023,buy,1.46913,1.46289,751.999999999997,7,56955.58053888645,2007
2007-11-07 12:00:00,2007-11-07 21:00:00,10000.0,53.4375000000005,-560.0000000000049,sell,1.46353,1.46913,950.0000000000064,9,57009.58053888645,2007
2007-11-12 22:00:00,2007-11-13 06:00:00,10000.0,44.20000000000174,-467.00000000001734,buy,1.45788,1.45321,587.0000000000041,8,57054.28053888645,2007
2007-11-13 08:00:00,2007-11-14 03:00:00,10000.0,55.71249999999951,-588.999999999995,buy,1.46587,1.45998,863.9999999999981,19,57111.18053888646,2007
2007-11-14 03:00:00,2007-11-14 11:00:00,10000.0,33.00000000000164,-355.00000000001637,buy,1.4691,1.46555,523.0000000000067,8,57144.68053888645,2007
2007-11-14 13:00:00,2007-11-14 19:00:00,10000.0,39.325000000000074,-417.0000000000007,sell,1.46573,1.4699,676.0000000000099,6,57184.38053888645,2007
2007-11-15 02:00:00,2007-11-15 11:00:00,175000.0,859.9062500000208,-517.0000000000118,sell,1.4623599999999999,1.46753,801.0000000000072,9,58054.13053888646,2007
2007-11-20 01:00:00,2007-11-20 08:00:00,10000.0,84.5624999999993,-869.999999999993,buy,1.47306,1.46436,953.0000000000038,7,58139.13053888645,2007
2007-11-20 08:00:00,2007-11-20 14:00:00,10000.0,55.22499999999987,-575.9999999999986,buy,1.4806,1.47484,686.9999999999931,6,58194.730538886455,2007
2007-11-20 14:00:00,2007-11-20 22:00:00,10000.0,45.30000000000007,-478.0000000000006,buy,1.48393,1.47915,644.0000000000001,8,58240.53053888645,2007
2007-11-20 22:00:00,2007-11-21 12:00:00,10000.0,46.02500000000061,-489.0000000000061,sell,1.47879,1.48368,685.0000000000023,14,58287.43053888646,2007
2007-11-21 12:00:00,2007-11-21 14:00:00,10000.0,39.575000000000074,-417.0000000000007,buy,1.48398,1.47981,441.00000000000244,2,58327.13053888646,2007
2007-11-26 22:00:00,2007-11-27 09:00:00,10000.0,39.61249999999956,-422.99999999999557,sell,1.48218,1.48641,617.9999999999852,11,58367.43053888646,2007
2007-11-27 13:00:00,2007-11-27 17:00:00,10000.0,60.35000000000154,-626.0000000000153,sell,1.48175,1.48801,656.000000000012,4,58428.030538886465,2007
2007-11-27 17:00:00,2007-11-28 08:00:00,10000.0,41.062499999999595,-439.9999999999959,sell,1.47723,1.48163,757.9999999999919,15,58470.03053888647,2007
2007-11-28 08:00:00,2007-11-28 19:00:00,10000.0,56.61249999999991,-592.9999999999991,buy,1.47969,1.47376,848.9999999999886,11,58527.33053888648,2007
2007-11-28 19:00:00,2007-11-29 09:00:00,10000.0,104.22499999999997,-1070.9999999999995,sell,1.47464,1.48535,1114.0000000000148,14,58632.430538886474,2007
2007-12-03 07:00:00,2007-12-03 09:00:00,586324.3053888647,2572.4978898937375,-460.0000000000159,sell,1.46471,1.4693100000000001,500.0000000000115,2,61212.257482597575,2007
2007-12-04 00:00:00,2007-12-04 12:00:00,10000.0,76.14999999999952,-788.9999999999952,buy,1.47325,1.46536,971.999999999995,12,61289.15748259758,2007
2007-12-04 13:00:00,2007-12-05 14:00:00,10000.0,74.53750000000095,-781.0000000000094,sell,1.46766,1.47547,939.0000000000009,25,61365.25748259757,2007
2007-12-05 14:00:00,2007-12-05 20:00:00,10000.0,42.2250000000013,-446.000000000013,sell,1.4617499999999999,1.46621,574.0000000000078,6,61407.857482597574,2007
2007-12-05 20:00:00,2007-12-06 12:00:00,10000.0,44.80000000000007,-478.0000000000006,sell,1.45583,1.46061,632.0000000000102,16,61453.65748259757,2007
2007-12-10 10:00:00,2007-12-10 13:00:00,614536.5748259757,2311.425692064123,-397.9999999999872,buy,1.47159,1.46761,448.0000000000039,3,63776.605735439676,2007
2007-12-11 07:00:00,2007-12-11 11:00:00,10000.0,25.450000000001612,-277.0000000000161,sell,1.46922,1.4719900000000001,310.9999999999946,4,63802.30573543968,2007
2007-12-11 12:00:00,2007-12-11 15:00:00,10000.0,38.91250000000058,-411.0000000000058,buy,1.47029,1.46618,431.0000000000036,3,63841.40573543968,2007
2007-12-11 16:00:00,2007-12-11 21:00:00,10000.0,42.8875000000008,-452.0000000000079,sell,1.46543,1.46995,726.0000000000043,5,63884.605735439676,2007
2007-12-11 21:00:00,2007-12-12 08:00:00,10000.0,38.71250000000255,-414.0000000000254,buy,1.4698200000000001,1.4656799999999999,484.00000000001774,11,63924.00573543968,2007
2007-12-17 07:00:00,2007-12-17 10:00:00,639240.0573543968,4079.1506159928476,-660.000000000016,sell,1.43491,1.44151,692.0000000000036,3,68015.14210250793,2007
2007-12-17 22:00:00,2007-12-19 17:00:00,10000.0,61.31249999999939,-659.9999999999939,sell,1.43448,1.44108,913.0000000000082,43,68079.14210250795,2007
2007-12-19 18:00:00,2007-12-20 12:00:00,10000.0,44.17499999999901,-472.99999999999005,sell,1.43178,1.43651,730.9999999999927,18,68124.44210250795,2007
2007-12-20 12:00:00,2007-12-21 07:00:00,450000.0,2223.562500000019,-525.999999999982,buy,1.43901,1.43375,744.9999999999956,19,70401.44210250798,2007
2007-12-24 22:00:00,2007-12-26 03:00:00,10000.0,14.000000000000348,-170.00000000000347,buy,1.4408,1.4391,209.00000000001472,16,70416.44210250798,2007
2007-12-26 03:00:00,2007-12-26 11:00:00,10000.0,28.000000000002192,-305.0000000000219,buy,1.44416,1.44111,330.000000000008,8,70444.94210250796,2007
2007-12-26 11:00:00,2007-12-26 14:00:00,10000.0,26.11249999999888,-282.9999999999888,buy,1.44671,1.44388,331.9999999999989,3,70471.24210250797,2007
2007-12-26 14:00:00,2007-12-27 06:00:00,10000.0,26.09999999999968,-290.9999999999968,buy,1.45116,1.44825,422.0000000000112,16,70498.34210250799,2007
2007-12-27 08:00:00,2007-12-27 14:00:00,340000.0,2584.8500000000236,-784.0000000000068,buy,1.45663,1.44879,813.0000000000192,6,73095.94210250802,2007
2007-12-31 06:00:00,2007-12-31 09:00:00,730959.4210250803,2135.3152086697824,-314.00000000003644,sell,1.47115,1.4742900000000003,344.0000000000109,3,75244.96280032187,2007
2007-12-31 12:00:00,2007-12-31 15:00:00,752449.6280032187,2401.2548753652063,-340.9999999999913,sell,1.46832,1.47173,510.99999999999477,3,77660.32610621213,2007
2008-01-02 07:00:00,2008-01-02 16:00:00,10000.0,67.73750000000092,-703.0000000000091,buy,1.47238,1.46535,834.0000000000014,9,10068.300000000003,2008
2008-01-02 21:00:00,2008-01-03 11:00:00,37500.0,156.4687500000049,-446.000000000013,buy,1.47608,1.47162,737.0000000000098,14,10228.050000000003,2008
2008-01-03 11:00:00,2008-01-03 14:00:00,102280.50000000003,478.80059062501306,-490.0000000000126,sell,1.47128,1.47618,679.0000000000073,3,10708.768350000017,2008
2008-01-03 14:00:00,2008-01-04 14:00:00,107087.68350000016,701.4243269249672,-689.9999999999684,buy,1.48,1.4731000000000003,1046.999999999998,24,11426.255829450007,2008
2008-01-07 05:00:00,2008-01-07 08:00:00,114262.55829450008,681.1476756330972,-618.0000000000074,sell,1.46664,1.47282,641.0000000000026,3,12109.545928051126,2008
2008-01-07 23:00:00,2008-01-08 08:00:00,10000.0,31.93749999999953,-344.9999999999953,buy,1.47184,1.46839,385.0000000000131,9,12142.045928051126,2008
2008-01-08 08:00:00,2008-01-09 16:00:00,10000.0,36.299999999999784,-402.9999999999978,sell,1.46708,1.47111,714.0000000000146,32,12180.345928051123,2008
2008-01-09 16:00:00,2008-01-10 15:00:00,10000.0,69.56250000000084,-730.0000000000084,buy,1.4736500000000001,1.46635,975.0000000000147,23,12251.345928051125,2008
2008-01-10 15:00:00,2008-01-10 18:00:00,122513.45928051126,736.4590320999953,-623.000000000018,buy,1.4799200000000001,1.47369,761.0000000000116,3,12990.10208751263,2008
2008-01-14 04:00:00,2008-01-14 07:00:00,129901.02087512633,658.7605521129866,-529.0000000000016,buy,1.48708,1.48179,602.999999999998,3,13651.298283767022,2008
2008-01-15 06:00:00,2008-01-15 10:00:00,10000.0,30.45000000000106,-327.0000000000106,sell,1.48532,1.48859,388.9999999999949,4,13681.998283767023,2008
2008-01-15 10:00:00,2008-01-15 14:00:00,10000.0,41.04999999999945,-432.9999999999945,buy,1.48953,1.4852,452.99999999999227,4,13723.298283767024,2008
2008-01-15 14:00:00,2008-01-15 16:00:00,10000.0,48.47500000000065,-506.0000000000064,sell,1.48556,1.49062,527.9999999999951,2,13771.898283767025,2008
2008-01-15 16:00:00,2008-01-15 23:00:00,10000.0,57.462499999999395,-598.999999999994,sell,1.4779,1.48389,727.9999999999952,7,13829.798283767024,2008
2008-01-22 00:00:00,2008-01-22 09:00:00,10000.0,49.337500000000276,-519.0000000000027,buy,1.44541,1.44022,882.0000000000049,9,13879.698283767024,2008
2008-01-22 09:00:00,2008-01-22 14:00:00,10000.0,63.98750000000136,-663.0000000000135,buy,1.45401,1.4473799999999999,697.9999999999985,5,13943.998283767027,2008
2008-01-22 14:00:00,2008-01-22 23:00:00,10000.0,105.73749999999896,-1082.9999999999895,buy,1.46678,1.45595,1153.9999999999882,9,14050.298283767026,2008
2008-01-22 23:00:00,2008-01-23 11:00:00,10000.0,80.7500000000008,-835.0000000000078,sell,1.45583,1.46418,910.0000000000107,12,14131.798283767026,2008
2008-01-23 13:00:00,2008-01-23 21:00:00,10000.0,107.20000000000147,-1097.0000000000146,buy,1.4631,1.45213,1141.9999999999984,8,14239.498283767029,2008
2008-01-28 12:00:00,2008-01-28 15:00:00,142394.9828376703,742.055854312816,-543.0000000000045,buy,1.47784,1.47241,564.9999999999933,3,14984.22404400805,2008
2008-01-29 01:00:00,2008-01-30 11:00:00,10000.0,34.17500000000222,-383.00000000002217,buy,1.48039,1.4765599999999999,666.000000000011,34,15020.524044008043,2008
2008-01-30 13:00:00,2008-01-30 20:00:00,10000.0,103.86250000000139,-1063.0000000000139,buy,1.4895100000000001,1.47888,1253.000000000015,7,15124.824044008044,2008
2008-01-30 20:00:00,2008-01-31 00:00:00,10000.0,46.25000000000021,-485.00000000000205,sell,1.48304,1.48789,543.0000000000045,4,15171.324044008046,2008
2008-01-31 00:00:00,2008-01-31 06:00:00,120000.0,551.1000000000134,-483.00000000001114,buy,1.48808,1.48325,504.0000000000155,6,15726.924044008058,2008
2008-02-04 22:00:00,2008-02-05 09:00:00,10000.0,54.71250000000079,-574.0000000000078,sell,1.47674,1.48248,636.0000000000143,11,15782.324044008059,2008
2008-02-05 09:00:00,2008-02-05 11:00:00,10000.0,36.27500000000066,-384.00000000000654,sell,1.4684599999999999,1.4723,407.00000000000176,2,15818.724044008059,2008
2008-02-05 11:00:00,2008-02-06 02:00:00,10000.0,40.86250000000051,-438.000000000005,sell,1.46318,1.46756,667.0000000000175,15,15860.52404400806,2008
2008-02-06 04:00:00,2008-02-07 13:00:00,10000.0,76.43750000000112,-805.0000000000111,sell,1.4560199999999999,1.46407,1110.000000000011,33,15939.024044008058,2008
2008-02-11 22:00:00,2008-02-12 15:00:00,10000.0,61.53750000000133,-646.0000000000132,buy,1.45835,1.45189,876.9999999999944,17,16001.624044008062,2008
2008-02-12 19:00:00,2008-02-13 08:00:00,10000.0,40.68750000000076,-435.00000000000756,sell,1.45454,1.45889,492.0000000000035,13,16043.124044008062,2008
2008-02-13 08:00:00,2008-02-13 11:00:00,10000.0,30.912500000001458,-331.0000000000146,buy,1.4591,1.45579,377.00000000000506,3,16074.224044008062,2008
2008-02-13 14:00:00,2008-02-13 19:00:00,10000.0,37.987500000002,-403.00000000001995,buy,1.4582600000000001,1.45423,483.00000000001114,5,16112.524044008063,2008
2008-02-13 19:00:00,2008-02-14 09:00:00,10000.0,44.824999999999406,-476.99999999999403,buy,1.46264,1.45787,784.9999999999912,14,16158.224044008068,2008
2008-02-18 06:00:00,2008-02-18 09:00:00,161582.24044008067,547.9657728924059,-360.9999999999891,sell,1.46422,1.46783,442.99999999999335,3,16709.219483908728,2008
2008-02-18 22:00:00,2008-02-19 06:00:00,10000.0,38.000000000001094,-405.00000000001086,buy,1.46958,1.46553,540.000000000007,8,16747.719483908728,2008
2008-02-19 07:00:00,2008-02-20 12:00:00,10000.0,56.68749999999889,-604.9999999999889,sell,1.467,1.47305,861.9999999999849,29,16806.21948390873,2008
2008-02-20 12:00:00,2008-02-20 18:00:00,10000.0,40.425000000000615,-428.00000000000614,buy,1.46898,1.4647,760.000000000005,6,16847.019483908734,2008
2008-02-20 18:00:00,2008-02-21 09:00:00,10000.0,48.56249999999988,-514.9999999999987,buy,1.47339,1.46824,621.0000000000048,15,16896.519483908734,2008
2008-02-25 22:00:00,2008-02-26 08:00:00,10000.0,36.175000000001056,-388.0000000000105,sell,1.47878,1.48266,526.0000000000042,10,16933.319483908734,2008
2008-02-26 08:00:00,2008-02-26 10:00:00,10000.0,46.5749999999993,-486.99999999999295,buy,1.48464,1.47977,506.99999999999073,2,16980.019483908734,2008
2008-02-26 10:00:00,2008-02-26 18:00:00,10000.0,44.59999999999992,-470.99999999999915,buy,1.49103,1.48632,548.0000000000151,8,17025.119483908737,2008
2008-02-26 18:00:00,2008-02-26 23:00:00,10000.0,72.8874999999997,-751.999999999997,buy,1.50089,1.49337,838.0000000000053,5,17098.319483908734,2008
2008-02-26 23:00:00,2008-02-27 09:00:00,10000.0,64.3750000000015,-670.000000000015,buy,1.50658,1.4998799999999999,839.9999999999962,10,17163.319483908734,2008
2008-03-03 12:00:00,2008-03-03 15:00:00,171633.19483908734,932.1827894698197,-565.0000000000155,buy,1.5258800000000001,1.52023,733.0000000000058,3,18098.720395781787,2008
2008-03-04 06:00:00,2008-03-04 16:00:00,10000.0,42.5750000000008,-452.0000000000079,buy,1.52313,1.51861,580.0000000000027,10,18141.920395781788,2008
2008-03-05 08:00:00,2008-03-05 14:00:00,10000.0,53.92500000000024,-563.0000000000024,buy,1.52311,1.51748,707.9999999999975,6,18196.22039578179,2008
2008-03-05 14:00:00,2008-03-05 17:00:00,10000.0,40.012500000001125,-422.0000000000112,buy,1.52784,1.52362,747.0000000000088,3,18236.42039578179,2008
2008-03-05 17:00:00,2008-03-06 09:00:00,10000.0,52.600000000000094,-556.0000000000009,buy,1.53395,1.52839,851.0000000000017,16,18290.02039578179,2008
2008-03-10 23:00:00,2008-03-11 10:00:00,10000.0,55.11249999999896,-577.9999999999895,buy,1.53964,1.53386,613.9999999999811,11,18345.82039578179,2008
2008-03-11 10:00:00,2008-03-11 13:00:00,10000.0,112.81250000000065,-1150.0000000000064,sell,1.53598,1.54748,1232.0000000000107,3,18458.82039578179,2008
2008-03-11 13:00:00,2008-03-11 15:00:00,10000.0,75.4749999999999,-775.9999999999989,sell,1.52868,1.53644,814.0000000000035,2,18534.420395781788,2008
2008-03-11 15:00:00,2008-03-12 11:00:00,10000.0,103.65000000000089,-1069.0000000000086,buy,1.5436,1.53291,1287.000000000016,20,18639.32039578179,2008
2008-03-12 11:00:00,2008-03-12 19:00:00,10000.0,56.999999999999,-594.9999999999899,buy,1.55209,1.54614,811.0000000000061,8,18696.82039578179,2008
2008-03-16 22:00:00,2008-03-17 01:00:00,186968.2039578179,1548.3304390256706,-849.9999999999951,buy,1.5785,1.57,1079.999999999992,3,20248.65648863167,2008
2008-03-17 22:00:00,2008-03-18 11:00:00,10000.0,89.08750000000032,-919.0000000000031,buy,1.58101,1.57182,966.0000000000001,13,20338.556488631668,2008
2008-03-18 11:00:00,2008-03-18 19:00:00,10000.0,94.60000000000107,-971.0000000000107,sell,1.57107,1.58078,1055.000000000006,8,20433.65648863167,2008
2008-03-18 19:00:00,2008-03-19 09:00:00,10000.0,118.12500000000222,-1210.000000000022,buy,1.57587,1.5637699999999999,1458.0000000000036,14,20552.65648863167,2008
2008-03-19 09:00:00,2008-03-19 16:00:00,10000.0,107.66249999999964,-1100.9999999999964,sell,1.56439,1.5754,1150.0000000000064,7,20660.756488631672,2008
2008-03-24 12:00:00,2008-03-24 15:00:00,206607.56488631674,1099.4105046513337,-554.0000000000322,sell,1.5371099999999998,1.54265,741.0000000000138,3,21764.04088512462,2008
2008-03-24 22:00:00,2008-03-25 03:00:00,10000.0,129.38749999999905,-1316.9999999999902,buy,1.55436,1.54119,1351.9999999999975,5,21893.74088512462,2008
2008-03-25 03:00:00,2008-03-25 21:00:00,10000.0,85.97499999999974,-890.9999999999973,buy,1.56478,1.55587,1224.0000000000027,18,21980.840885124628,2008
2008-03-25 21:00:00,2008-03-26 10:00:00,10000.0,81.78750000000134,-846.0000000000133,buy,1.57149,1.56303,1310.9999999999955,13,22063.44088512463,2008
2008-03-26 10:00:00,2008-03-26 19:00:00,10000.0,66.13750000000154,-687.0000000000153,buy,1.58115,1.57428,1051.0000000000018,9,22130.140885124634,2008
2008-03-31 22:00:00,2008-04-01 07:00:00,10000.0,88.23749999999977,-907.9999999999976,sell,1.56647,1.57555,1207.9999999999868,9,22218.940885124633,2008
2008-04-01 07:00:00,2008-04-01 14:00:00,10000.0,64.06250000000045,-665.0000000000044,sell,1.56113,1.56778,736.0000000000033,7,22283.440885124637,2008
2008-04-01 21:00:00,2008-04-02 06:00:00,10000.0,63.73750000000136,-663.0000000000135,sell,1.55551,1.56214,683.0000000000114,9,22347.740885124644,2008
2008-04-02 06:00:00,2008-04-02 09:00:00,10000.0,56.11250000000002,-583.0000000000001,buy,1.56357,1.55774,607.9999999999862,3,22404.040885124643,2008
2008-04-02 11:00:00,2008-04-02 13:00:00,10000.0,58.67500000000085,-608.0000000000085,sell,1.55914,1.56522,685.0000000000023,2,22462.840885124642,2008
2008-04-07 22:00:00,2008-04-08 01:00:00,10000.0,67.21250000000168,-694.0000000000168,buy,1.57736,1.57042,809.0000000000152,3,22530.240885124644,2008
2008-04-08 01:00:00,2008-04-08 12:00:00,10000.0,56.91249999999965,-595.9999999999965,sell,1.57169,1.57765,811.0000000000061,11,22587.840885124642,2008
2008-04-08 12:00:00,2008-04-09 15:00:00,10000.0,69.91250000000034,-736.0000000000033,buy,1.57736,1.57,913.0000000000082,27,22659.440885124644,2008
2008-04-09 15:00:00,2008-04-10 09:00:00,10000.0,63.27499999999979,-663.9999999999978,buy,1.58706,1.58042,776.9999999999832,18,22723.84088512464,2008
2008-04-10 09:00:00,2008-04-10 15:00:00,227238.4088512464,2195.6911255251725,-990.0000000000019,sell,1.57915,1.58905,1102.9999999999873,6,24928.053450981726,2008
2008-04-14 09:00:00,2008-04-14 12:00:00,249280.53450981728,1952.1781858800348,-805.0000000000111,buy,1.58708,1.57903,879.0000000000075,3,26884.905646883817,2008
2008-04-15 05:00:00,2008-04-15 14:00:00,10000.0,46.63750000000036,-492.0000000000035,sell,1.57897,1.58389,853.9999999999991,9,26932.105646883818,2008
2008-04-15 17:00:00,2008-04-16 06:00:00,10000.0,53.88750000000064,-567.0000000000064,buy,1.58254,1.57687,668.0000000000018,13,26986.805646883815,2008
2008-04-16 06:00:00,2008-04-16 10:00:00,10000.0,103.04999999999929,-1052.9999999999927,buy,1.59412,1.58359,1158.9999999999989,4,27090.105646883814,2008
2008-04-16 10:00:00,2008-04-17 12:00:00,10000.0,80.77500000000003,-844.0000000000002,sell,1.58549,1.59393,1290.9999999999975,26,27172.50564688382,2008
2008-04-21 06:00:00,2008-04-21 08:00:00,271725.0564688382,1662.2780329481031,-632.9999999999947,buy,1.58768,1.58135,658.000000000003,2,28838.180243037787,2008
2008-04-21 22:00:00,2008-04-22 07:00:00,10000.0,61.737500000001575,-643.0000000000157,sell,1.5844099999999999,1.59084,792.0000000000149,9,28900.480243037782,2008
2008-04-22 07:00:00,2008-04-22 09:00:00,10000.0,59.07500000000125,-612.0000000000125,buy,1.5946500000000001,1.58853,632.0000000000102,2,28959.680243037783,2008
2008-04-22 10:00:00,2008-04-22 16:00:00,10000.0,73.62500000000051,-760.000000000005,buy,1.6007,1.5931,1147.000000000009,6,29033.680243037787,2008
2008-04-22 16:00:00,2008-04-23 14:00:00,10000.0,101.9250000000015,-1053.000000000015,sell,1.58815,1.59868,1226.000000000016,22,29136.980243037786,2008
2008-04-28 22:00:00,2008-04-29 08:00:00,10000.0,65.67500000000113,-683.0000000000114,sell,1.55809,1.56492,792.9999999999992,10,29203.280243037785,2008
2008-04-29 14:00:00,2008-04-30 09:00:00,10000.0,56.51250000000031,-597.0000000000031,sell,1.55457,1.56054,670.9999999999993,19,29260.980243037786,2008
2008-04-30 10:00:00,2008-04-30 19:00:00,10000.0,84.03750000000112,-866.0000000000111,buy,1.56349,1.55483,1234.0000000000016,9,29345.580243037784,2008
2008-04-30 19:00:00,2008-05-01 08:00:00,10000.0,69.68749999999979,-724.9999999999978,sell,1.55386,1.56111,1041.000000000003,13,29416.080243037788,2008
2008-05-01 08:00:00,2008-05-01 15:00:00,294160.8024303779,1825.6354800835527,-645.0000000000066,sell,1.54514,1.55159,910.0000000000107,7,31254.585258227668,2008
2008-05-06 00:00:00,2008-05-06 08:00:00,10000.0,43.89999999999978,-463.9999999999977,sell,1.54697,1.55161,655.0000000000056,8,31298.985258227665,2008
2008-05-06 08:00:00,2008-05-06 14:00:00,10000.0,59.82500000000114,-622.0000000000114,buy,1.55567,1.54945,709.000000000004,6,31359.18525822767,2008
2008-05-06 14:00:00,2008-05-07 03:00:00,10000.0,51.08750000000006,-539.0000000000006,sell,1.54987,1.55526,641.9999999999869,13,31411.085258227675,2008
2008-05-07 03:00:00,2008-05-07 11:00:00,10000.0,72.00000000000179,-745.0000000000178,sell,1.54303,1.55048,853.0000000000148,8,31483.58525822768,2008
2008-05-07 11:00:00,2008-05-07 16:00:00,10000.0,59.88750000000114,-622.0000000000114,sell,1.53708,1.5433000000000001,679.9999999999917,5,31543.78525822768,2008
2008-05-12 00:00:00,2008-05-12 03:00:00,315437.8525822768,1716.3762153633131,-565.9999999999998,sell,1.54144,1.5471,605.000000000011,3,33266.07593332691,2008
2008-05-12 22:00:00,2008-05-13 09:00:00,10000.0,47.512500000000244,-502.0000000000024,sell,1.54831,1.55333,827.9999999999842,11,33314.275933326906,2008
2008-05-13 14:00:00,2008-05-14 08:00:00,10000.0,64.17500000000125,-673.0000000000124,sell,1.54165,1.54838,1066.0000000000114,18,33379.57593332691,2008
2008-05-14 08:00:00,2008-05-14 17:00:00,10000.0,52.73750000000035,-553.0000000000034,buy,1.54717,1.54164,583.0000000000001,9,33432.87593332691,2008
2008-05-14 17:00:00,2008-05-15 07:00:00,10000.0,74.32499999999949,-771.9999999999949,buy,1.55398,1.54626,914.9999999999991,14,33508.07593332692,2008
2008-05-19 12:00:00,2008-05-19 15:00:00,335080.75933326926,2114.7784423421454,-653.0000000000147,sell,1.55151,1.55804,768.9999999999974,3,35629.13713990656,2008
2008-05-19 22:00:00,2008-05-20 07:00:00,10000.0,43.53750000000003,-461.0000000000003,buy,1.55741,1.5528,716.0000000000055,9,35673.23713990656,2008
2008-05-20 07:00:00,2008-05-20 11:00:00,10000.0,48.14999999999934,-503.9999999999933,buy,1.56453,1.55949,818.9999999999919,4,35721.637139906554,2008
2008-05-20 11:00:00,2008-05-21 09:00:00,10000.0,85.82500000000039,-892.0000000000039,buy,1.5733300000000001,1.56441,1074.0000000000193,22,35808.83713990654,2008
2008-05-21 09:00:00,2008-05-22 07:00:00,10000.0,62.52500000000096,-659.0000000000095,buy,1.58037,1.57378,733.0000000000058,22,35872.737139906545,2008
2008-05-26 22:00:00,2008-05-27 06:00:00,10000.0,31.9000000000011,-344.0000000000109,buy,1.58135,1.57791,424.0000000000021,8,35905.13713990655,2008
2008-05-27 06:00:00,2008-05-27 19:00:00,10000.0,42.08750000000105,-449.00000000001046,sell,1.57019,1.57468,747.0000000000088,13,35948.03713990655,2008
2008-05-27 19:00:00,2008-05-28 08:00:00,10000.0,49.987499999999514,-527.9999999999951,buy,1.57479,1.56951,817.9999999999853,13,35998.83713990655,2008
2008-05-28 08:00:00,2008-05-28 12:00:00,10000.0,52.650000000002166,-549.0000000000216,sell,1.5657699999999999,1.57126,594.0000000000056,4,36051.73713990655,2008
2008-05-28 13:00:00,2008-05-29 07:00:00,10000.0,60.57499999999987,-636.9999999999986,sell,1.55826,1.56463,862.9999999999915,18,36113.43713990655,2008
2008-06-02 22:00:00,2008-06-03 09:00:00,10000.0,75.11249999999899,-777.9999999999898,buy,1.56229,1.55451,1024.999999999987,11,36189.23713990655,2008
2008-06-03 09:00:00,2008-06-03 14:00:00,10000.0,134.9875000000002,-1373.0000000000018,sell,1.54552,1.55925,1520.00000000001,5,36324.53713990655,2008
2008-06-03 17:00:00,2008-06-05 02:00:00,10000.0,67.13750000000016,-712.0000000000015,sell,1.53919,1.54631,909.0000000000042,33,36393.73713990657,2008
2008-06-05 02:00:00,2008-06-05 13:00:00,175000.0,1076.4687499999773,-641.9999999999869,buy,1.54653,1.54011,1002.9999999999983,11,37482.237139906574,2008
2008-06-05 13:00:00,2008-06-06 13:00:00,374822.3713990657,4377.925297941166,-1203.0000000000207,buy,1.56683,1.5547999999999997,1366.9999999999848,24,41916.38579355751,2008
2008-06-09 11:00:00,2008-06-09 14:00:00,419163.8579355751,3550.841831536777,-869.0000000000085,sell,1.57013,1.5788200000000001,919.9999999999874,3,45475.08694743057,2008
2008-06-09 22:00:00,2008-06-10 03:00:00,10000.0,60.78750000000038,-631.0000000000038,sell,1.55782,1.56413,750.0000000000061,5,45536.18694743057,2008
2008-06-10 03:00:00,2008-06-10 10:00:00,10000.0,66.66250000000194,-691.0000000000193,sell,1.5511,1.5580100000000001,1073.999999999997,7,45603.28694743058,2008
2008-06-10 12:00:00,2008-06-10 18:00:00,10000.0,65.02499999999968,-673.9999999999968,sell,1.54563,1.55237,783.9999999999847,6,45668.68694743058,2008
2008-06-10 18:00:00,2008-06-11 12:00:00,10000.0,61.67500000000041,-648.0000000000041,buy,1.55152,1.54504,679.0000000000073,18,45731.486947430574,2008
2008-06-16 06:00:00,2008-06-16 09:00:00,457314.8694743058,3055.434971675264,-690.0000000000127,buy,1.54319,1.53629,734.9999999999967,3,48795.49657290849,2008
2008-06-16 22:00:00,2008-06-17 02:00:00,10000.0,45.149999999999665,-473.9999999999966,buy,1.55215,1.54741,610.9999999999837,4,48840.89657290849,2008
2008-06-17 08:00:00,2008-06-19 01:00:00,10000.0,64.93750000000011,-695.0000000000011,buy,1.55694,1.54999,1063.9999999999982,41,48908.39657290849,2008
2008-06-19 01:00:00,2008-06-19 09:00:00,147500.0,1038.4000000000028,-729.0000000000018,sell,1.54993,1.55722,868.000000000002,8,49954.1715729085,2008
2008-06-19 09:00:00,2008-06-20 07:00:00,367500.0,1492.9687500000666,-439.9999999999959,buy,1.5530199999999998,1.5486199999999999,636.9999999999765,22,51497.67157290857,2008
2008-06-23 05:00:00,2008-06-23 08:00:00,514976.7157290857,2982.358904966104,-601.000000000007,sell,1.55304,1.55905,649.0000000000106,3,54489.686291294594,2008
2008-06-23 22:00:00,2008-06-24 08:00:00,10000.0,43.07500000000185,-457.0000000000185,buy,1.55692,1.55235,775.9999999999989,10,54533.3862912946,2008
2008-06-24 09:00:00,2008-06-25 14:00:00,10000.0,38.08749999999916,-418.9999999999916,buy,1.56005,1.55586,641.9999999999869,29,54573.28629129461,2008
2008-06-25 14:00:00,2008-06-25 19:00:00,10000.0,93.48750000000143,-958.0000000000143,buy,1.56631,1.55673,1284.0000000000184,5,54667.08629129461,2008
2008-06-25 20:00:00,2008-06-26 12:00:00,10000.0,60.40000000000012,-634.0000000000011,buy,1.57315,1.56681,1038.0000000000055,16,54728.486291294605,2008
2008-06-30 22:00:00,2008-07-01 11:00:00,10000.0,55.787500000001984,-586.0000000000198,buy,1.5809900000000001,1.57513,871.0000000000217,13,54785.086291294596,2008
2008-07-01 14:00:00,2008-07-02 07:00:00,10000.0,69.83750000000019,-729.0000000000018,buy,1.58298,1.57569,784.0000000000068,17,54855.98629129459,2008
2008-07-02 08:00:00,2008-07-02 13:00:00,10000.0,56.28749999999977,-585.9999999999976,buy,1.58643,1.58057,869.0000000000085,5,54912.58629129459,2008
2008-07-02 15:00:00,2008-07-03 13:00:00,10000.0,94.62500000000031,-980.000000000003,sell,1.57685,1.5866500000000001,1405.9999999999961,22,55008.58629129458,2008
2008-07-06 22:00:00,2008-07-07 01:00:00,550085.8629129459,2206.5319176096523,-423.0000000000178,sell,1.56534,1.5695700000000001,448.0000000000039,3,57225.432318833846,2008
2008-07-07 14:00:00,2008-07-07 17:00:00,572254.3231883384,2707.478266584832,-495.00000000000097,buy,1.57154,1.56659,715.9999999999833,3,59943.64035397846,2008
2008-07-07 22:00:00,2008-07-08 14:00:00,10000.0,42.399999999999885,-453.9999999999988,sell,1.56712,1.57166,680.9999999999982,16,59987.04035397845,2008
2008-07-08 15:00:00,2008-07-09 06:00:00,10000.0,58.26249999999904,-611.9999999999902,buy,1.57157,1.56545,801.9999999999916,15,60046.24035397846,2008
2008-07-09 07:00:00,2008-07-09 14:00:00,10000.0,51.56250000000071,-540.000000000007,buy,1.57366,1.56826,763.0000000000025,7,60098.240353978465,2008
2008-07-13 21:00:00,2008-07-14 00:00:00,600982.4035397847,3690.7831857386554,-635.999999999992,sell,1.58976,1.59612,665.9999999999887,3,63800.29195978349,2008
2008-07-14 22:00:00,2008-07-15 04:00:00,10000.0,47.225000000000755,-496.0000000000075,buy,1.59393,1.58897,537.0000000000097,6,63847.8919597835,2008
2008-07-15 04:00:00,2008-07-15 08:00:00,10000.0,37.24999999999898,-394.99999999998977,buy,1.59737,1.59342,490.99999999999693,4,63885.3919597835,2008
2008-07-15 09:00:00,2008-07-15 16:00:00,10000.0,58.6625000000006,-611.0000000000059,sell,1.5926799999999999,1.59879,963.0000000000026,7,63944.491959783496,2008
2008-07-15 16:00:00,2008-07-16 15:00:00,10000.0,86.46250000000053,-899.0000000000052,sell,1.58232,1.59131,1249.9999999999955,23,64032.391959783505,2008
2008-07-22 00:00:00,2008-07-22 13:00:00,10000.0,44.187500000001485,-470.00000000001484,sell,1.5879699999999999,1.59267,651.0000000000015,13,64077.391959783505,2008
2008-07-22 13:00:00,2008-07-22 16:00:00,10000.0,46.31250000000021,-485.00000000000205,sell,1.58108,1.58593,574.9999999999922,3,64123.891959783505,2008
2008-07-22 16:00:00,2008-07-23 10:00:00,10000.0,54.075000000001694,-572.0000000000169,sell,1.57212,1.5778400000000001,766.0,18,64179.09195978351,2008
2008-07-23 10:00:00,2008-07-23 19:00:00,10000.0,48.53749999999948,-510.99999999999477,sell,1.56799,1.5731,846.9999999999977,9,64228.19195978351,2008
2008-07-24 02:00:00,2008-07-24 17:00:00,175000.0,666.0937499999987,-409.9999999999992,sell,1.56504,1.56914,635.999999999992,15,64910.691959783515,2008
2008-07-28 22:00:00,2008-07-29 13:00:00,10000.0,37.96249999999927,-408.99999999999267,sell,1.56962,1.57371,615.9999999999943,15,64949.5919597835,2008
2008-07-29 13:00:00,2008-07-29 15:00:00,10000.0,67.57500000000142,-697.0000000000142,sell,1.5595999999999999,1.56657,717.000000000012,2,65017.291959783506,2008
2008-07-29 23:00:00,2008-07-30 13:00:00,10000.0,30.624999999999645,-334.99999999999636,sell,1.55529,1.55864,631.9999999999881,14,65048.79195978351,2008
2008-07-30 13:00:00,2008-07-30 18:00:00,10000.0,42.787500000000136,-451.00000000000136,buy,1.55873,1.55422,567.9999999999907,5,65091.89195978351,2008
2008-07-30 18:00:00,2008-07-31 07:00:00,10000.0,45.58749999999955,-483.9999999999955,buy,1.56206,1.55722,573.0000000000013,13,65138.29195978351,2008
2008-08-04 22:00:00,2008-08-05 02:00:00,10000.0,32.949999999999676,-351.9999999999967,sell,1.55368,1.5572,371.99999999999454,4,65171.49195978352,2008
2008-08-05 02:00:00,2008-08-05 08:00:00,10000.0,30.72499999999924,-330.9999999999924,sell,1.55007,1.55338,463.9999999999977,6,65202.59195978352,2008
2008-08-05 08:00:00,2008-08-05 18:00:00,10000.0,35.47499999999869,-380.99999999998687,sell,1.54553,1.54934,506.99999999999073,10,65238.69195978352,2008
2008-08-05 20:00:00,2008-08-06 06:00:00,10000.0,36.475000000000804,-391.00000000000796,buy,1.54943,1.54552,460.0000000000159,10,65275.79195978352,2008
2008-08-06 06:00:00,2008-08-06 11:00:00,10000.0,34.48749999999906,-367.9999999999905,sell,1.54709,1.55077,451.99999999998573,5,65310.59195978352,2008
2008-08-11 06:00:00,2008-08-11 09:00:00,653105.9195978353,6864.9595973726855,-1072.9999999999905,buy,1.50762,1.49689,1131.9999999999995,3,72187.79729314867,2008
2008-08-11 23:00:00,2008-08-12 06:00:00,10000.0,76.46249999999952,-788.9999999999952,sell,1.48322,1.49111,953.0000000000038,7,72264.69729314868,2008
2008-08-12 12:00:00,2008-08-14 16:00:00,10000.0,76.4500000000001,-817.000000000001,sell,1.48587,1.49404,1214.9999999999882,52,72344.39729314872,2008
2008-08-14 16:00:00,2008-08-15 09:00:00,560000.0,4622.099999999945,-855.99999999999,sell,1.47147,1.48003,1122.0000000000007,17,77025.9972931487,2008
2008-08-19 05:00:00,2008-08-19 16:00:00,10000.0,76.81250000000124,-795.0000000000123,buy,1.47445,1.4665,1144.999999999996,11,77103.4972931487,2008
2008-08-19 16:00:00,2008-08-20 10:00:00,10000.0,71.57500000000087,-747.0000000000088,sell,1.47051,1.47798,1007.0000000000023,18,77176.1972931487,2008
2008-08-20 10:00:00,2008-08-21 01:00:00,10000.0,53.36250000000024,-563.0000000000024,buy,1.47715,1.47152,991.9999999999928,15,77230.49729314868,2008
2008-08-21 01:00:00,2008-08-21 07:00:00,147500.0,655.2687500000353,-468.00000000002393,buy,1.48246,1.4777799999999999,594.0000000000056,6,77891.2972931487,2008
2008-08-21 09:00:00,2008-08-21 13:00:00,367500.0,2346.4875000000015,-660.9999999999782,buy,1.4823399999999998,1.47573,733.9999999999679,4,80246.9722931487,2008
2008-08-24 21:00:00,2008-08-25 01:00:00,802469.7229314871,4176.854907858606,-543.0000000000267,sell,1.47277,1.4782000000000002,583.0000000000001,4,84443.88894408043,2008
2008-08-25 22:00:00,2008-08-26 01:00:00,10000.0,38.112499999999784,-402.9999999999978,sell,1.4715,1.47553,445.9999999999908,3,84482.18894408044,2008
2008-08-26 01:00:00,2008-08-26 09:00:00,10000.0,103.19999999999968,-1056.9999999999968,sell,1.46093,1.4715,1120.999999999994,8,84585.88894408043,2008
2008-08-26 09:00:00,2008-08-26 16:00:00,10000.0,58.86250000000191,-613.000000000019,buy,1.46568,1.45955,855.0000000000057,7,84645.18894408042,2008
2008-08-26 16:00:00,2008-08-27 04:00:00,10000.0,93.94999999999845,-966.9999999999844,buy,1.47301,1.46334,1131.9999999999995,12,84739.8889440804,2008
2008-09-01 22:00:00,2008-09-02 07:00:00,10000.0,51.43750000000071,-540.000000000007,sell,1.45193,1.45733,783.0000000000003,9,84791.88894408039,2008
2008-09-02 11:00:00,2008-09-03 05:00:00,10000.0,72.47500000000011,-756.000000000001,sell,1.44361,1.45117,1106.9999999999911,18,84865.48894408038,2008
2008-09-03 07:00:00,2008-09-03 16:00:00,10000.0,63.73750000000136,-663.0000000000135,buy,1.44849,1.44186,1002.0000000000139,9,84929.7889440804,2008
2008-09-03 19:00:00,2008-09-04 15:00:00,10000.0,119.85000000000043,-1231.0000000000043,sell,1.43788,1.45019,1651.0000000000023,20,85050.88894408039,2008
2008-09-04 15:00:00,2008-09-04 22:00:00,532500.0,5887.453125000046,-1130.0000000000086,sell,1.42431,1.43561,1314.9999999999993,7,90961.63894408045,2008
2008-09-08 05:00:00,2008-09-08 07:00:00,909616.3894408046,8257.042775148922,-929.0000000000019,sell,1.43234,1.44163,951.0000000000128,2,99230.05192409738,2008
2008-09-09 01:00:00,2008-09-09 10:00:00,10000.0,93.83750000000093,-964.0000000000092,buy,1.4175900000000001,1.40795,1295.0000000000016,9,99324.45192409738,2008
2008-09-09 10:00:00,2008-09-10 15:00:00,10000.0,114.18750000000033,-1180.0000000000032,sell,1.40571,1.41751,1688.0000000000005,29,99440.45192409738,2008
2008-09-10 15:00:00,2008-09-11 09:00:00,10000.0,111.47500000000248,-1146.0000000000248,sell,1.3902999999999999,1.4017600000000001,1691.0000000000202,18,99553.05192409737,2008
2008-09-11 09:00:00,2008-09-11 21:00:00,367500.0,2949.1874999999905,-829.9999999999974,buy,1.39964,1.39134,1140.9999999999918,12,102529.80192409735,2008
2008-09-15 01:00:00,2008-09-15 04:00:00,1000000.0,9581.250000000031,-980.000000000003,buy,1.44365,1.43385,1009.9999999999997,3,112129.8019240974,2008
2008-09-15 05:00:00,2008-09-15 07:00:00,1000000.0,11717.499999999996,-1192.9999999999995,sell,1.43201,1.44394,1272.0000000000064,2,123859.8019240974,2008
2008-09-15 17:00:00,2008-09-15 20:00:00,1000000.0,12861.24999999998,-1307.999999999998,buy,1.43117,1.41809,1398.9999999999945,3,136739.80192409738,2008
2008-09-15 22:00:00,2008-09-16 15:00:00,10000.0,137.23749999999987,-1402.9999999999986,sell,1.41222,1.42625,1598.9999999999948,17,136878.10192409734,2008
2008-09-16 15:00:00,2008-09-17 18:00:00,10000.0,146.0125000000015,-1497.0000000000148,buy,1.43005,1.41508,2315.0,27,137025.8019240973,2008
2008-09-22 22:00:00,2008-09-23 17:00:00,10000.0,108.81249999999876,-1119.9999999999875,sell,1.46778,1.47898,1469.9999999999934,19,137135.80192409724,2008
2008-09-23 18:00:00,2008-09-25 17:00:00,10000.0,130.86249999999924,-1357.9999999999925,sell,1.45787,1.47145,1889.0000000000073,47,137269.60192409717,2008
2008-09-29 04:00:00,2008-09-29 07:00:00,1000000.0,8981.250000000096,-920.0000000000097,sell,1.44038,1.44958,967.0000000000067,3,146269.60192409725,2008
2008-09-29 22:00:00,2008-09-30 13:00:00,10000.0,128.86250000000192,-1318.000000000019,sell,1.42593,1.4391100000000001,1649.0000000000114,15,146399.40192409727,2008
2008-09-30 13:00:00,2008-09-30 15:00:00,10000.0,117.0749999999993,-1191.999999999993,sell,1.40513,1.41705,1344.9999999999961,2,146516.60192409728,2008
2008-09-30 21:00:00,2008-10-01 15:00:00,10000.0,102.67500000000034,-1058.0000000000032,sell,1.40053,1.41111,1680.999999999999,18,146620.40192409727,2008
2008-10-01 15:00:00,2008-10-02 07:00:00,10000.0,115.30000000000007,-1183.0000000000007,sell,1.39365,1.40548,1544.9999999999964,16,146736.7019240973,2008
2008-10-06 22:00:00,2008-10-07 14:00:00,10000.0,163.6000000000012,-1666.0000000000118,buy,1.3674600000000001,1.3508,1936.0000000000043,16,146901.30192409735,2008
2008-10-07 16:00:00,2008-10-09 09:00:00,10000.0,128.53749999999934,-1330.9999999999932,buy,1.37662,1.36331,2231.9999999999895,41,147032.40192409733,2008
2008-10-09 09:00:00,2008-10-09 15:00:00,367500.0,4043.4187500000507,-1124.0000000000139,sell,1.365,1.3762400000000001,1217.0000000000014,6,151089.60192409734,2008
2008-10-09 15:00:00,2008-10-10 05:00:00,532500.0,5709.731249999981,-1100.9999999999964,sell,1.35305,1.36406,1644.9999999999852,14,156845.92692409732,2008
2008-10-14 01:00:00,2008-10-15 02:00:00,10000.0,116.8375000000005,-1204.000000000005,sell,1.35584,1.36788,2102.0000000000036,25,156964.32692409738,2008
2008-10-15 02:00:00,2008-10-15 11:00:00,10000.0,105.4374999999992,-1079.999999999992,buy,1.36692,1.35612,1139.0000000000011,9,157070.3269240974,2008
2008-10-15 11:00:00,2008-10-15 17:00:00,10000.0,101.92500000000162,-1043.0000000000161,sell,1.3533,1.36373,1228.0000000000068,6,157172.62692409742,2008
2008-10-15 17:00:00,2008-10-16 05:00:00,10000.0,133.25000000000057,-1360.0000000000055,sell,1.33723,1.35083,1678.0000000000016,12,157306.6269240974,2008
2008-10-16 05:00:00,2008-10-16 12:00:00,257500.0,2749.1343750000106,-1092.000000000004,buy,1.34972,1.3388,1415.0000000000107,7,160067.02692409742,2008
2008-10-20 12:00:00,2008-10-20 15:00:00,1000000.0,10691.250000000196,-1090.9999999999975,sell,1.33109,1.342,1164.9999999999936,3,170777.02692409762,2008
2008-10-20 22:00:00,2008-10-21 11:00:00,10000.0,91.08750000000009,-939.0000000000009,sell,1.32166,1.33105,1366.9999999999848,13,170868.92692409758,2008
2008-10-21 11:00:00,2008-10-21 16:00:00,10000.0,100.08750000000026,-1024.0000000000025,sell,1.31032,1.32056,1282.0000000000052,5,170969.32692409758,2008
2008-10-21 16:00:00,2008-10-22 00:00:00,10000.0,87.59999999999962,-900.9999999999961,sell,1.30094,1.30995,1293.0000000000107,8,171057.42692409758,2008
2008-10-22 00:00:00,2008-10-22 04:00:00,10000.0,91.54999999999944,-937.9999999999943,sell,1.29193,1.30131,974.9999999999925,4,171149.22692409757,2008
2008-10-28 00:00:00,2008-10-28 06:00:00,10000.0,132.82499999999976,-1351.9999999999975,buy,1.2542,1.24068,2132.0000000000005,6,171282.42692409756,2008
2008-10-28 07:00:00,2008-10-28 20:00:00,10000.0,217.68750000000125,-2205.0000000000123,buy,1.26973,1.24768,2526.000000000006,13,171500.92692409753,2008
2008-10-28 20:00:00,2008-10-29 11:00:00,10000.0,153.2625000000019,-1562.0000000000189,buy,1.28391,1.26829,2146.000000000003,15,171655.12692409754,2008
2008-10-29 11:00:00,2008-10-29 15:00:00,10000.0,170.35000000000053,-1726.0000000000052,buy,1.29456,1.2772999999999999,2091.9999999999827,4,171825.72692409754,2008
2008-10-29 15:00:00,2008-10-30 01:00:00,10000.0,202.07499999999987,-2046.9999999999986,buy,1.30557,1.2851,2399.9999999999795,10,172028.42692409756,2008
2008-11-03 22:00:00,2008-11-04 10:00:00,10000.0,131.55000000000052,-1343.0000000000052,buy,1.2718800000000001,1.25845,1928.0000000000184,12,172160.72692409754,2008
2008-11-04 10:00:00,2008-11-04 16:00:00,10000.0,204.02499999999992,-2063.999999999999,buy,1.29671,1.27607,2241.000000000004,6,172365.12692409754,2008
2008-11-04 16:00:00,2008-11-05 05:00:00,10000.0,160.5875000000002,-1634.000000000002,sell,1.28545,1.30179,1927.0000000000118,13,172526.52692409753,2008
2008-11-05 05:00:00,2008-11-05 16:00:00,10000.0,183.7125000000021,-1864.0000000000211,buy,1.3055700000000001,1.28693,2507.0000000000146,11,172710.92692409756,2008
2008-11-05 16:00:00,2008-11-06 02:00:00,10000.0,165.97500000000096,-1686.0000000000095,sell,1.2866,1.30346,1846.9999999999984,10,172877.52692409756,2008
2008-11-10 13:00:00,2008-11-10 15:00:00,1000000.0,9777.500000000166,-999.0000000000165,sell,1.28155,1.2915400000000001,1058.0000000000032,2,182667.52692409774,2008
2008-11-10 22:00:00,2008-11-11 15:00:00,10000.0,100.2374999999995,-1032.999999999995,sell,1.2644,1.27473,1557.0000000000082,17,182768.82692409775,2008
2008-11-11 16:00:00,2008-11-12 23:00:00,10000.0,100.96249999999888,-1048.9999999999886,sell,1.2455,1.25599,1760.9999999999902,31,182871.72692409778,2008
2008-11-12 23:00:00,2008-11-13 16:00:00,92500.0,959.5718750000021,-1068.0000000000023,buy,1.2565,1.24582,1771.9999999999957,17,183841.12692409774,2008
2008-11-13 16:00:00,2008-11-13 20:00:00,560000.0,9276.400000000047,-1679.0000000000082,buy,1.2695,1.25271,2453.000000000016,4,193131.52692409777,2008
2008-11-17 22:00:00,2008-11-19 15:00:00,10000.0,130.83750000000109,-1354.0000000000107,buy,1.2774400000000001,1.2639,2079.0000000000086,41,193264.92692409782,2008
2008-11-19 15:00:00,2008-11-19 21:00:00,10000.0,117.92499999999986,-1202.9999999999984,sell,1.2531,1.26513,1553.9999999999886,6,193383.22692409783,2008
2008-11-20 04:00:00,2008-11-21 10:00:00,230000.0,2530.5750000000025,-1139.0000000000011,buy,1.2603,1.24891,1828.0000000000073,30,195956.92692409785,2008
2008-11-24 10:00:00,2008-11-24 13:00:00,1000000.0,10571.250000000076,-1079.0000000000077,buy,1.27696,1.26617,1109.0000000000043,3,206546.9269240979,2008
2008-11-24 22:00:00,2008-11-25 04:00:00,10000.0,112.32500000000091,-1147.000000000009,sell,1.28307,1.29454,1205.0000000000116,6,206659.62692409792,2008
2008-11-25 04:00:00,2008-11-25 14:00:00,10000.0,152.27500000000003,-1549.0000000000002,buy,1.30078,1.28529,2039.9999999999973,10,206812.52692409794,2008
2008-11-25 14:00:00,2008-11-26 17:00:00,10000.0,185.41249999999982,-1890.9999999999982,sell,1.2828,1.30171,2456.9999999999977,27,206999.62692409795,2008
2008-11-26 19:00:00,2008-11-28 12:00:00,10000.0,101.63750000000074,-1062.0000000000073,sell,1.27905,1.28967,1774.9999999999932,41,207103.82692409802,2008
2008-12-01 22:00:00,2008-12-02 15:00:00,10000.0,105.23750000000118,-1083.0000000000116,buy,1.27241,1.26158,1622.9999999999966,17,207210.12692409797,2008
2008-12-02 15:00:00,2008-12-04 09:00:00,10000.0,114.37500000000021,-1190.000000000002,sell,1.25963,1.27153,1448.999999999989,42,207327.126924098,2008
2008-12-04 09:00:00,2008-12-04 15:00:00,367500.0,2951.94375,-826.9999999999999,buy,1.26898,1.26071,1027.0,6,210292.851924098,2008
2008-12-04 15:00:00,2008-12-04 17:00:00,532500.0,5014.818750000015,-963.0000000000026,buy,1.2836,1.27397,1183.0000000000007,2,215314.32692409802,2008
2008-12-04 17:00:00,2008-12-05 12:00:00,587500.0,5652.4843750000355,-994.0000000000059,sell,1.2689,1.27884,1384.0000000000073,19,221036.5769240981,2008
2008-12-08 05:00:00,2008-12-08 08:00:00,1000000.0,9771.249999999944,-998.9999999999942,buy,1.28697,1.27698,1018.999999999992,3,230826.57692409804,2008
2008-12-08 22:00:00,2008-12-09 09:00:00,10000.0,75.41249999999873,-780.9999999999872,sell,1.2856,1.29341,810.9999999999839,11,230902.67692409802,2008
2008-12-09 11:00:00,2008-12-09 17:00:00,10000.0,91.82499999999985,-941.9999999999983,buy,1.29345,1.28403,1360.99999999999,6,230994.87692409803,2008
2008-12-09 18:00:00,2008-12-10 21:00:00,10000.0,87.51250000000239,-912.0000000000239,buy,1.3023500000000001,1.2932299999999999,1349.0000000000223,27,231084.07692409804,2008
2008-12-10 21:00:00,2008-12-11 06:00:00,37500.0,372.5156250000054,-1019.0000000000142,buy,1.31255,1.30236,1307.0000000000136,9,231458.70192409804,2008
2008-12-15 13:00:00,2008-12-15 16:00:00,1000000.0,11541.249999999993,-1175.999999999999,buy,1.36705,1.35529,1196.000000000019,3,243018.70192409825,2008
2008-12-15 23:00:00,2008-12-16 17:00:00,10000.0,108.07500000000019,-1112.0000000000018,buy,1.38062,1.3695,1775.9999999999995,18,243127.90192409823,2008
2008-12-16 17:00:00,2008-12-16 20:00:00,10000.0,166.11250000000123,-1683.000000000012,buy,1.3972200000000001,1.38039,2017.000000000002,3,243294.20192409825,2008
2008-12-16 21:00:00,2008-12-17 15:00:00,10000.0,295.5750000000006,-2987.000000000006,buy,1.42989,1.40002,3079.000000000009,18,243590.9019240983,2008
2008-12-17 15:00:00,2008-12-18 10:00:00,10000.0,282.8124999999996,-2859.9999999999955,buy,1.4613,1.4327,3188.9999999999973,19,243874.9019240983,2008
2008-12-22 09:00:00,2008-12-22 11:00:00,1000000.0,13297.500000000133,-1351.0000000000355,sell,1.3984699999999997,1.41198,1371.0000000000332,2,257184.90192409843,2008
2008-12-22 22:00:00,2008-12-26 06:00:00,10000.0,105.01250000000019,-1112.0000000000018,buy,1.40628,1.39516,1497.9999999999993,67,257294.10192409845,2008
2008-12-29 05:00:00,2008-12-29 08:00:00,1000000.0,9231.25000000018,-945.000000000018,buy,1.4265,1.41705,1027.0,3,266544.10192409856,2008
2008-12-29 08:00:00,2008-12-29 11:00:00,1000000.0,10701.25000000004,-1092.000000000004,buy,1.43556,1.42464,1146.9999999999868,3,277264.10192409856,2008
2008-12-29 16:00:00,2008-12-29 19:00:00,1000000.0,16601.25000000006,-1682.0000000000057,sell,1.40619,1.42301,1734.9999999999975,3,293884.10192409856,2008
2008-12-29 19:00:00,2008-12-29 21:00:00,1000000.0,11607.499999999942,-1181.999999999994,sell,1.39717,1.40899,1258.9999999999877,2,305504.1019240985,2008
2008-12-29 22:00:00,2008-12-30 02:00:00,10000.0,124.44999999999959,-1266.999999999996,buy,1.4089,1.39623,1476.9999999999948,4,305628.80192409846,2008
2009-01-05 06:00:00,2009-01-05 09:00:00,100000.0,2503.125000000022,-2525.0000000000214,sell,1.3679,1.39315,2627.0000000000014,3,12505.00000000002,2009
2009-01-05 22:00:00,2009-01-06 06:00:00,10000.0,110.40000000000022,-1129.000000000002,sell,1.35144,1.36273,1456.999999999997,8,12615.900000000021,2009
2009-01-06 06:00:00,2009-01-06 09:00:00,10000.0,111.71250000000012,-1139.0000000000011,sell,1.34227,1.35366,1425.9999999999939,3,12727.800000000021,2009
2009-01-06 10:00:00,2009-01-06 20:00:00,10000.0,130.07500000000115,-1327.0000000000114,buy,1.35179,1.33852,2069.0000000000095,10,12858.500000000022,2009
2009-01-06 20:00:00,2009-01-07 14:00:00,10000.0,193.57500000000076,-1967.0000000000075,buy,1.3718000000000001,1.35213,2869.00000000001,18,13053.20000000002,2009
2009-01-12 22:00:00,2009-01-13 06:00:00,10000.0,100.70000000000107,-1032.0000000000107,sell,1.32601,1.33633,1100.000000000012,8,13154.400000000023,2009
2009-01-13 07:00:00,2009-01-13 16:00:00,10000.0,90.73750000000061,-933.000000000006,sell,1.31771,1.32704,1538.000000000017,9,13245.700000000024,2009
2009-01-13 16:00:00,2009-01-14 08:00:00,10000.0,109.79999999999957,-1127.9999999999957,buy,1.33094,1.31966,1693.9999999999955,16,13356.50000000003,2009
2009-01-14 08:00:00,2009-01-14 14:00:00,10000.0,123.42500000000035,-1258.0000000000034,sell,1.3099399999999999,1.32252,1608.0000000000093,6,13480.30000000003,2009
2009-01-14 21:00:00,2009-01-15 15:00:00,37500.0,454.7812500000002,-1244.0000000000005,sell,1.30642,1.31886,1772.000000000018,18,13939.30000000003,2009
2009-01-19 22:00:00,2009-01-20 08:00:00,10000.0,110.47499999999931,-1130.999999999993,sell,1.29482,1.30613,1549.0000000000002,10,14050.40000000003,2009
2009-01-20 08:00:00,2009-01-20 23:00:00,10000.0,106.4624999999995,-1093.999999999995,sell,1.28597,1.29691,1398.9999999999945,15,14157.800000000034,2009
2009-01-20 23:00:00,2009-01-21 04:00:00,10000.0,92.08750000000114,-944.0000000000114,buy,1.298,1.28856,1307.999999999998,5,14250.200000000035,2009
2009-01-21 05:00:00,2009-01-21 16:00:00,10000.0,115.81249999999916,-1184.9999999999916,sell,1.28756,1.29941,1204.9999999999893,11,14366.700000000033,2009
2009-01-21 16:00:00,2009-01-21 21:00:00,10000.0,143.88750000000078,-1462.0000000000077,buy,1.30158,1.2869599999999999,1919.0000000000039,5,14510.900000000034,2009
2009-01-26 11:00:00,2009-01-26 14:00:00,145109.00000000035,1486.0975462499912,-1045.9999999999914,buy,1.30636,1.2959,1070.9999999999995,3,15999.718340000027,2009
2009-01-27 00:00:00,2009-01-28 08:00:00,10000.0,99.10000000000042,-1031.000000000004,buy,1.32663,1.31632,1483.9999999999964,32,16100.81834000003,2009
2009-01-28 08:00:00,2009-01-28 20:00:00,10000.0,143.54999999999922,-1462.999999999992,sell,1.31406,1.32869,1892.999999999989,12,16245.118340000028,2009
2009-01-28 20:00:00,2009-01-29 17:00:00,10000.0,144.68750000000148,-1480.0000000000146,sell,1.29886,1.31366,1903.00000000001,21,16391.11834000003,2009
2009-01-29 17:00:00,2009-01-30 10:00:00,163911.1834000003,1783.9683423297586,-1119.0000000000032,sell,1.28515,1.29634,1353.9999999999884,17,18192.50224556604,2009
2009-02-02 22:00:00,2009-02-03 04:00:00,10000.0,82.42500000000044,-848.0000000000042,buy,1.29016,1.28168,947.9999999999932,6,18275.30224556604,2009
2009-02-03 05:00:00,2009-02-03 16:00:00,10000.0,116.11250000000112,-1188.0000000000111,buy,1.29671,1.28483,1659.0000000000102,11,18392.102245566042,2009
2009-02-03 16:00:00,2009-02-04 12:00:00,10000.0,134.6499999999997,-1378.9999999999968,sell,1.28689,1.30068,1998.999999999995,20,18528.002245566036,2009
2009-02-04 15:00:00,2009-02-06 03:00:00,10000.0,110.45000000000091,-1147.000000000009,sell,1.27643,1.2879,1407.0000000000025,36,18640.702245566044,2009
2009-02-09 22:00:00,2009-02-10 01:00:00,10000.0,96.31249999999915,-984.9999999999914,sell,1.28983,1.29968,1099.9999999999898,3,18737.20224556604,2009
2009-02-10 01:00:00,2009-02-10 11:00:00,10000.0,98.97499999999947,-1015.9999999999947,buy,1.29666,1.2865,1580.999999999988,10,18836.802245566032,2009
2009-02-10 15:00:00,2009-02-10 19:00:00,10000.0,144.35000000000116,-1466.0000000000116,sell,1.28891,1.3035700000000001,1856.9999999999975,4,18981.40224556603,2009
2009-02-11 02:00:00,2009-02-11 09:00:00,10000.0,109.46250000000033,-1119.0000000000032,buy,1.29843,1.28724,1187.9999999999889,7,19091.302245566032,2009
2009-02-11 09:00:00,2009-02-11 19:00:00,10000.0,91.17500000000166,-938.0000000000165,sell,1.2851299999999999,1.29451,1453.0000000000152,10,19183.10224556603,2009
2009-02-16 22:00:00,2009-02-17 02:00:00,10000.0,121.55000000000058,-1238.0000000000057,sell,1.26697,1.27935,1290.9999999999975,4,19304.90224556603,2009
2009-02-17 02:00:00,2009-02-17 16:00:00,10000.0,74.82500000000054,-777.0000000000055,sell,1.25761,1.26538,971.0000000000107,14,19380.602245566028,2009
2009-02-17 16:00:00,2009-02-19 10:00:00,10000.0,80.4750000000024,-851.0000000000239,buy,1.2656100000000001,1.2570999999999999,1433.0000000000175,42,19463.70224556603,2009
2009-02-19 10:00:00,2009-02-19 15:00:00,194637.0224556603,1393.3577845044597,-739.0000000000007,buy,1.27397,1.26658,866.9999999999955,5,20863.14243702223,2009
2009-02-19 15:00:00,2009-02-20 05:00:00,208631.4243702223,1871.9454551618753,-926.0000000000267,sell,1.2594,1.2686600000000003,1278.9999999999857,14,22753.34314181646,2009
2009-02-22 23:00:00,2009-02-23 02:00:00,227533.43141816458,2632.846218297429,-1178.9999999999966,buy,1.29101,1.27922,1323.0000000000075,3,25390.45561195298,2009
2009-02-23 22:00:00,2009-02-24 11:00:00,10000.0,104.58749999999972,-1073.999999999997,buy,1.28178,1.27104,1559.9999999999834,13,25495.855611952982,2009
2009-02-24 13:00:00,2009-02-24 19:00:00,10000.0,108.02500000000161,-1104.000000000016,buy,1.28452,1.27348,1450.0000000000177,6,25604.255611952984,2009
2009-02-24 19:00:00,2009-02-25 16:00:00,10000.0,146.5875000000006,-1499.0000000000057,sell,1.2698,1.28479,2010.9999999999848,21,25752.155611952978,2009
2009-02-25 17:00:00,2009-02-27 14:00:00,10000.0,122.98750000000014,-1278.0000000000014,sell,1.26165,1.27443,1937.0000000000107,45,25877.95561195299,2009
2009-03-02 22:00:00,2009-03-03 04:00:00,10000.0,60.72500000000038,-631.0000000000038,buy,1.26223,1.25592,859.9999999999941,6,25939.055611952994,2009
2009-03-03 06:00:00,2009-03-03 15:00:00,10000.0,56.637500000001474,-592.0000000000147,sell,1.25887,1.26479,889.0000000000064,9,25996.255611952995,2009
2009-03-03 15:00:00,2009-03-04 01:00:00,10000.0,94.37500000000043,-970.0000000000041,sell,1.24645,1.25615,1319.0000000000034,10,26091.25561195299,2009
2009-03-04 01:00:00,2009-03-04 14:00:00,10000.0,76.88750000000033,-797.0000000000032,buy,1.25675,1.24878,875.0000000000035,13,26168.95561195299,2009
2009-03-04 14:00:00,2009-03-04 20:00:00,10000.0,70.02499999999912,-723.9999999999912,buy,1.26375,1.25651,970.9999999999884,6,26239.355611952993,2009
2009-03-09 22:00:00,2009-03-10 04:00:00,10000.0,78.52499999999931,-808.999999999993,buy,1.26732,1.25923,844.0000000000002,6,26318.25561195299,2009
2009-03-10 04:00:00,2009-03-10 08:00:00,10000.0,63.550000000000296,-658.000000000003,buy,1.27217,1.26559,714.9999999999989,4,26382.05561195299,2009
2009-03-10 08:00:00,2009-03-10 13:00:00,10000.0,84.28750000000112,-866.0000000000111,buy,1.2795400000000001,1.27088,1228.0000000000068,5,26466.655611952992,2009
2009-03-10 13:00:00,2009-03-10 18:00:00,10000.0,91.9875000000005,-943.0000000000049,sell,1.26919,1.27862,1180.9999999999875,5,26558.95561195299,2009
2009-03-10 18:00:00,2009-03-11 12:00:00,10000.0,116.37500000000128,-1195.0000000000127,buy,1.2758,1.26385,1414.000000000004,18,26676.455611952995,2009
2009-03-16 22:00:00,2009-03-18 04:00:00,10000.0,65.62500000000011,-695.0000000000011,buy,1.30427,1.29732,1117.0000000000123,30,26743.955611952988,2009
2009-03-18 06:00:00,2009-03-18 13:00:00,10000.0,92.56250000000064,-950.0000000000064,buy,1.31199,1.30249,1343.9999999999895,7,26836.95561195299,2009
2009-03-18 13:00:00,2009-03-18 19:00:00,10000.0,287.62500000000136,-2900.0000000000136,buy,1.34199,1.3129899999999999,3315.000000000001,6,27124.95561195299,2009
2009-03-18 19:00:00,2009-03-19 12:00:00,10000.0,121.43750000000072,-1245.000000000007,buy,1.3619,1.34945,2026.0000000000166,17,27247.455611952984,2009
2009-03-19 14:00:00,2009-03-20 11:00:00,272474.5561195299,3277.5283169228355,-1236.0000000000148,sell,1.35771,1.3700700000000001,1612.9999999999977,21,30560.74621436651,2009
2009-03-23 11:00:00,2009-03-23 14:00:00,305607.4621436651,3572.9332417871515,-1191.0000000000086,sell,1.35042,1.36233,1317.9999999999968,3,34139.40959606885,2009
2009-03-23 22:00:00,2009-03-24 12:00:00,10000.0,91.92500000000155,-948.0000000000155,sell,1.3525099999999999,1.36199,1534.000000000013,14,34232.20959606886,2009
2009-03-24 14:00:00,2009-03-24 20:00:00,10000.0,84.92499999999905,-872.9999999999903,sell,1.34511,1.35384,1266.999999999996,6,34317.509596068856,2009
2009-03-24 20:00:00,2009-03-25 14:00:00,10000.0,126.37500000000017,-1295.0000000000016,buy,1.35986,1.34691,1805.9999999999964,18,34445.00959606886,2009
2009-03-25 17:00:00,2009-03-27 11:00:00,10000.0,159.575000000001,-1642.00000000001,sell,1.34008,1.3565,2395.9999999999977,42,34607.209596068846,2009
2009-03-30 22:00:00,2009-03-31 08:00:00,10000.0,86.27500000000065,-889.0000000000064,buy,1.32736,1.31847,1003.0000000000205,10,34694.10959606885,2009
2009-03-31 09:00:00,2009-04-01 01:00:00,10000.0,106.90000000000055,-1099.0000000000055,sell,1.3179,1.3288900000000001,1631.9999999999889,16,34802.009596068834,2009
2009-04-01 01:00:00,2009-04-02 11:00:00,10000.0,132.27500000000097,-1364.0000000000095,buy,1.33586,1.32222,1930.0000000000093,34,34936.40959606883,2009
2009-04-02 11:00:00,2009-04-02 13:00:00,349364.0959606883,2605.382745626856,-767.0000000000065,buy,1.34396,1.33629,791.0000000000083,2,37546.15939289519,2009
2009-04-06 13:00:00,2009-04-06 16:00:00,375461.59392895194,3169.3651797527245,-865.999999999989,sell,1.33647,1.34513,987.9999999999889,3,40722.56447753409,2009
2009-04-06 21:00:00,2009-04-07 00:00:00,407225.6447753409,2867.3775712744778,-726.0000000000266,sell,1.33247,1.3397300000000003,829.9999999999974,3,43597.57752964803,2009
2009-04-07 01:00:00,2009-04-07 10:00:00,10000.0,85.53749999999985,-880.9999999999984,sell,1.32724,1.33605,1242.999999999994,9,43683.67752964802,2009
2009-04-07 11:00:00,2009-04-08 05:00:00,10000.0,71.37500000000179,-745.0000000000178,sell,1.3178699999999999,1.32532,1203.0000000000207,18,43756.177529648005,2009
2009-04-08 05:00:00,2009-04-08 11:00:00,10000.0,64.4250000000002,-668.0000000000018,buy,1.3248,1.31812,1009.9999999999997,6,43820.97752964801,2009
2009-04-13 10:00:00,2009-04-13 13:00:00,438209.77529648005,3129.3655578360026,-736.0000000000033,buy,1.32789,1.32053,785.9999999999977,3,46958.55952077082,2009
2009-04-13 13:00:00,2009-04-13 16:00:00,469585.59520770825,3653.962912709983,-800.0000000000007,buy,1.33505,1.32705,849.0000000000108,3,50621.32716339095,2009
2009-04-13 22:00:00,2009-04-14 07:00:00,10000.0,58.83750000000035,-614.0000000000034,sell,1.33018,1.33632,791.0000000000083,9,50680.72716339095,2009
2009-04-14 07:00:00,2009-04-15 07:00:00,10000.0,68.60000000000161,-721.000000000016,sell,1.32154,1.32875,907.9999999999976,24,50750.82716339095,2009
2009-04-15 08:00:00,2009-04-15 12:00:00,10000.0,61.44999999999987,-636.9999999999986,sell,1.31881,1.32518,1089.0000000000066,4,50812.52716339095,2009
2009-04-20 23:00:00,2009-04-21 14:00:00,10000.0,53.462500000000894,-564.0000000000089,buy,1.2962500000000001,1.29061,667.0000000000175,15,50866.927163390945,2009
2009-04-21 18:00:00,2009-04-22 14:00:00,10000.0,63.950000000000585,-672.0000000000059,buy,1.29961,1.2928899999999999,1112.9999999999861,20,50932.12716339094,2009
2009-04-22 14:00:00,2009-04-23 18:00:00,10000.0,69.95000000000098,-737.0000000000098,buy,1.30902,1.30165,1107.9999999999977,28,51003.82716339096,2009
2009-04-23 18:00:00,2009-04-24 08:00:00,510038.2716339096,3449.133811924314,-705.0,buy,1.31871,1.31166,832.9999999999948,14,54497.589324083245,2009
2009-04-27 15:00:00,2009-04-27 18:00:00,544975.8932408325,6747.482778188028,-1259.9999999999943,sell,1.30075,1.31335,1517.999999999997,3,61255.29040026953,2009
2009-04-28 02:00:00,2009-04-28 15:00:00,10000.0,62.487499999999244,-652.9999999999924,buy,1.30764,1.30111,1120.999999999994,13,61318.59040026953,2009
2009-04-28 15:00:00,2009-04-28 19:00:00,10000.0,79.15000000000036,-814.0000000000035,buy,1.31423,1.30609,844.0000000000002,4,61397.99040026953,2009
2009-04-28 19:00:00,2009-04-29 09:00:00,10000.0,72.72500000000011,-756.000000000001,buy,1.32202,1.31446,1004.0000000000048,14,61471.59040026954,2009
2009-04-29 09:00:00,2009-04-29 16:00:00,10000.0,75.96250000000069,-784.0000000000068,buy,1.33215,1.3243099999999999,983.9999999999848,7,61547.99040026954,2009
2009-05-04 12:00:00,2009-05-04 15:00:00,615479.9040026955,5564.707682064398,-926.0000000000045,buy,1.33419,1.32493,950.0000000000064,3,67124.23833053398,2009
2009-05-04 22:00:00,2009-05-05 07:00:00,10000.0,69.83750000000136,-724.0000000000134,sell,1.3341399999999999,1.34138,814.0000000000035,9,67194.638330534,2009
2009-05-05 07:00:00,2009-05-05 12:00:00,10000.0,58.08750000000045,-604.0000000000044,buy,1.34008,1.33404,641.0000000000026,5,67253.03833053401,2009
2009-05-05 12:00:00,2009-05-05 15:00:00,10000.0,78.51250000000022,-807.000000000002,sell,1.33481,1.34288,872.9999999999903,3,67331.738330534,2009
2009-05-05 15:00:00,2009-05-06 02:00:00,10000.0,106.51250000000041,-1092.000000000004,sell,1.32627,1.33719,1215.9999999999948,11,67438.938330534,2009
2009-05-11 22:00:00,2009-05-12 08:00:00,10000.0,54.9750000000021,-576.0000000000209,buy,1.36481,1.3590499999999999,855.0000000000057,10,67494.53833053401,2009
2009-05-12 11:00:00,2009-05-12 17:00:00,10000.0,80.9250000000017,-833.0000000000169,sell,1.36068,1.36901,1008.0000000000088,6,67575.83833053401,2009
2009-05-12 17:00:00,2009-05-13 01:00:00,10000.0,67.90000000000157,-704.0000000000157,buy,1.36938,1.3623399999999999,781.0000000000094,8,67644.238330534,2009
2009-05-13 01:00:00,2009-05-13 13:00:00,10000.0,59.949999999999974,-626.9999999999998,sell,1.36152,1.36779,1003.9999999999826,12,67704.93833053403,2009
2009-05-13 15:00:00,2009-05-15 12:00:00,10000.0,83.7875000000009,-886.000000000009,sell,1.35204,1.3609,1442.0000000000098,45,67791.53833053405,2009
2009-05-18 22:00:00,2009-05-19 08:00:00,10000.0,48.07499999999908,-506.99999999999073,buy,1.36099,1.35592,798.9999999999941,10,67840.23833053405,2009
2009-05-19 12:00:00,2009-05-19 19:00:00,10000.0,57.662500000000705,-601.000000000007,buy,1.36521,1.3592,944.0000000000114,7,67898.33833053405,2009
2009-05-19 20:00:00,2009-05-20 14:00:00,10000.0,150.57500000000107,-1537.0000000000105,buy,1.37842,1.3630499999999999,2014.0000000000045,18,68050.03833053405,2009
2009-05-20 15:00:00,2009-05-21 17:00:00,10000.0,120.87500000000072,-1245.000000000007,buy,1.38908,1.37663,1636.000000000015,26,68172.53833053404,2009
2009-05-21 17:00:00,2009-05-22 12:00:00,587500.0,4577.359375000036,-811.0000000000061,buy,1.3979300000000001,1.38982,1073.0000000000127,19,72819.6633305341,2009
2009-05-25 22:00:00,2009-05-26 07:00:00,10000.0,51.73750000000046,-543.0000000000045,sell,1.39475,1.40018,737.0000000000098,9,72871.9633305341,2009
2009-05-26 07:00:00,2009-05-26 11:00:00,10000.0,65.74999999999918,-679.9999999999917,sell,1.38701,1.39381,741.9999999999982,4,72937.9633305341,2009
2009-05-26 11:00:00,2009-05-26 15:00:00,10000.0,84.35000000000112,-866.0000000000111,buy,1.39856,1.3899,1005.0000000000114,4,73022.5633305341,2009
2009-05-26 15:00:00,2009-05-27 12:00:00,10000.0,78.08750000000036,-814.0000000000035,sell,1.39063,1.39877,977.9999999999899,21,73101.9633305341,2009
2009-05-27 13:00:00,2009-05-27 21:00:00,10000.0,120.69999999999887,-1231.9999999999886,sell,1.38284,1.39516,1412.9999999999975,8,73223.1633305341,2009
2009-06-01 05:00:00,2009-06-01 08:00:00,732231.633305341,6129.694060307244,-858.9999999999875,buy,1.4217,1.41311,1038.9999999999898,3,79366.58673396581,2009
2009-06-02 05:00:00,2009-06-02 11:00:00,10000.0,84.0249999999998,-863.9999999999981,buy,1.423,1.41436,1288.0000000000002,6,79450.98673396581,2009
2009-06-02 14:00:00,2009-06-03 12:00:00,10000.0,88.52500000000032,-919.0000000000031,sell,1.42054,1.42973,1328.000000000018,22,79540.88673396585,2009
2009-06-03 12:00:00,2009-06-04 12:00:00,10000.0,93.60000000000107,-971.0000000000107,sell,1.40777,1.41748,1642.9999999999943,24,79635.98673396582,2009
2009-06-04 17:00:00,2009-06-05 13:00:00,587500.0,5143.562499999986,-907.9999999999976,sell,1.41063,1.41971,1587.000000000005,20,84852.98673396581,2009
2009-06-08 06:00:00,2009-06-08 09:00:00,848529.8673396581,6560.196536869837,-795.0000000000123,sell,1.38733,1.39528,869.0000000000085,3,91429.09320584827,2009
2009-06-08 22:00:00,2009-06-09 13:00:00,10000.0,81.26250000000094,-842.0000000000093,buy,1.3987,1.39028,1351.9999999999975,15,91511.29320584833,2009
2009-06-09 13:00:00,2009-06-09 19:00:00,10000.0,92.82499999999973,-951.9999999999973,buy,1.40758,1.39806,1049.000000000011,6,91604.49320584834,2009
2009-06-10 05:00:00,2009-06-10 14:00:00,10000.0,70.5375000000015,-731.0000000000149,sell,1.40342,1.41073,1092.000000000004,9,91675.59320584834,2009
2009-06-10 15:00:00,2009-06-11 15:00:00,10000.0,82.79999999999916,-862.9999999999915,buy,1.40692,1.39829,1546.0000000000027,24,91759.89320584838,2009
2009-06-15 22:00:00,2009-06-16 08:00:00,10000.0,68.8749999999999,-714.9999999999989,buy,1.38568,1.37853,1093.999999999995,10,91829.39320584838,2009
2009-06-16 11:00:00,2009-06-16 22:00:00,10000.0,65.61250000000113,-683.0000000000114,sell,1.38367,1.3905,958.9999999999986,11,91895.69320584838,2009
2009-06-16 22:00:00,2009-06-17 07:00:00,10000.0,80.73749999999949,-832.9999999999948,buy,1.39126,1.38293,1069.9999999999932,9,91976.99320584841,2009
2009-06-17 07:00:00,2009-06-17 12:00:00,10000.0,64.58750000000084,-669.0000000000084,sell,1.38283,1.38952,692.0000000000036,5,92041.89320584839,2009
2009-06-17 13:00:00,2009-06-17 19:00:00,10000.0,86.0249999999996,-883.9999999999958,buy,1.39607,1.38723,1281.999999999983,6,92128.29320584839,2009
2009-06-22 22:00:00,2009-06-23 10:00:00,10000.0,57.05000000000096,-598.0000000000095,buy,1.3924,1.38642,968.9999999999976,12,92186.09320584839,2009
2009-06-23 10:00:00,2009-06-23 16:00:00,10000.0,67.92500000000092,-703.0000000000091,buy,1.40328,1.39625,784.0000000000068,6,92254.39320584839,2009
2009-06-23 16:00:00,2009-06-24 16:00:00,10000.0,69.99999999999967,-734.9999999999967,sell,1.40158,1.40893,1221.0000000000052,24,92325.8932058484,2009
2009-06-24 18:00:00,2009-06-26 01:00:00,10000.0,100.76249999999979,-1046.999999999998,buy,1.40298,1.39251,1402.9999999999986,31,92428.59320584842,2009
2009-06-30 00:00:00,2009-06-30 15:00:00,10000.0,84.76249999999945,-876.9999999999944,sell,1.40276,1.41153,1241.0000000000032,15,92514.29320584843,2009
2009-06-30 15:00:00,2009-07-01 13:00:00,10000.0,109.02500000000138,-1124.0000000000139,buy,1.41328,1.40204,1323.0000000000075,22,92624.69320584842,2009
2009-07-01 15:00:00,2009-07-02 03:00:00,10000.0,66.65000000000168,-694.0000000000168,sell,1.4117899999999999,1.41873,827.000000000022,12,92692.09320584843,2009
2009-07-02 03:00:00,2009-07-02 13:00:00,202500.0,1248.918749999987,-642.9999999999935,sell,1.40469,1.41112,801.9999999999916,10,93953.6682058484,2009
2009-07-02 13:00:00,2009-07-02 22:00:00,477500.0,3100.765625000016,-675.0000000000033,sell,1.39534,1.40209,802.9999999999981,9,97081.29320584844,2009
2009-07-06 23:00:00,2009-07-07 07:00:00,10000.0,50.500000000000824,-530.0000000000082,sell,1.39364,1.39894,564.9999999999933,8,97132.29320584844,2009
2009-07-07 07:00:00,2009-07-07 10:00:00,10000.0,50.212500000001334,-524.0000000000133,buy,1.39809,1.39285,643.0000000000157,3,97182.69320584844,2009
2009-07-07 10:00:00,2009-07-07 17:00:00,10000.0,62.26249999999976,-646.9999999999975,sell,1.39465,1.40112,1036.0000000000146,7,97245.39320584845,2009
2009-07-07 17:00:00,2009-07-08 16:00:00,10000.0,83.66249999999995,-870.9999999999994,sell,1.38531,1.39402,919.9999999999874,23,97330.49320584846,2009
2009-07-08 16:00:00,2009-07-09 06:00:00,10000.0,63.925000000000196,-668.0000000000018,buy,1.39189,1.38521,866.0000000000111,14,97395.29320584846,2009
2009-07-13 22:00:00,2009-07-14 18:00:00,10000.0,60.95000000000093,-642.0000000000092,sell,1.39207,1.39849,933.000000000006,20,97457.49320584846,2009
2009-07-14 18:00:00,2009-07-15 07:00:00,10000.0,112.58750000000106,-1154.0000000000105,buy,1.4054,1.3938599999999999,1258.9999999999877,13,97570.89320584845,2009
2009-07-15 07:00:00,2009-07-15 16:00:00,10000.0,58.73750000000191,-613.000000000019,buy,1.4113200000000001,1.40519,749.0000000000218,9,97630.19320584845,2009
2009-07-15 18:00:00,2009-07-16 03:00:00,10000.0,52.03750000000021,-546.000000000002,sell,1.40711,1.41257,605.9999999999953,9,97682.79320584846,2009
2009-07-16 03:00:00,2009-07-16 12:00:00,202500.0,976.8093749999946,-507.9999999999973,buy,1.41255,1.40747,696.999999999992,9,98670.99320584846,2009
2009-07-20 06:00:00,2009-07-20 08:00:00,986709.9320584846,4743.607998371189,-502.0000000000024,buy,1.4214,1.41638,686.0000000000088,2,103426.93507837038,2009
2009-07-21 06:00:00,2009-07-21 14:00:00,10000.0,47.8000000000009,-503.000000000009,buy,1.42411,1.41908,594.0000000000056,8,103475.23507837039,2009
2009-07-21 15:00:00,2009-07-23 16:00:00,10000.0,60.637500000001864,-657.0000000000186,buy,1.42633,1.41976,1079.0000000000077,49,103538.93507837041,2009
2009-07-23 16:00:00,2009-07-23 21:00:00,560000.0,5492.900000000027,-1004.0000000000048,sell,1.4143,1.42434,1060.0000000000164,5,109049.33507837045,2009
2009-07-23 21:00:00,2009-07-24 10:00:00,697500.0,3981.853124999958,-598.999999999994,buy,1.42132,1.41533,781.9999999999937,13,113087.8600783704,2009
2009-07-28 02:00:00,2009-07-28 06:00:00,10000.0,47.350000000000755,-496.0000000000075,buy,1.42772,1.42276,516.0000000000053,4,113135.46007837041,2009
2009-07-28 06:00:00,2009-07-28 12:00:00,10000.0,42.32499999999974,-446.9999999999974,sell,1.42297,1.42744,739.9999999999851,6,113178.16007837042,2009
2009-07-28 12:00:00,2009-07-28 15:00:00,10000.0,49.51250000000119,-517.0000000000118,sell,1.41777,1.42294,574.0000000000078,3,113227.86007837042,2009
2009-07-28 16:00:00,2009-07-29 12:00:00,10000.0,61.150000000000006,-644.0000000000001,sell,1.40965,1.41609,975.999999999999,20,113290.26007837041,2009
2009-07-29 12:00:00,2009-07-29 16:00:00,10000.0,61.850000000000264,-641.0000000000026,sell,1.40334,1.40975,903.9999999999936,4,113352.36007837042,2009
2009-08-03 12:00:00,2009-08-03 15:00:00,1000000.0,9481.250000000042,-970.0000000000041,buy,1.44139,1.43169,1061.999999999985,3,122852.36007837046,2009
2009-08-03 22:00:00,2009-08-06 17:00:00,10000.0,67.91250000000139,-741.0000000000138,sell,1.43427,1.44168,1045.000000000007,67,122924.46007837044,2009
2009-08-11 06:00:00,2009-08-12 07:00:00,10000.0,39.537500000000364,-431.0000000000036,sell,1.41205,1.41636,645.0000000000066,25,122965.56007837043,2009
2009-08-12 07:00:00,2009-08-12 11:00:00,10000.0,42.550000000000395,-448.0000000000039,buy,1.41606,1.41158,538.0000000000161,4,123008.36007837043,2009
2009-08-12 11:00:00,2009-08-12 14:00:00,10000.0,42.4125000000013,-446.000000000013,buy,1.41897,1.41451,512.0000000000013,3,123050.96007837042,2009
2009-08-12 18:00:00,2009-08-13 13:00:00,10000.0,84.8125000000014,-880.000000000014,buy,1.42999,1.42119,1196.000000000019,19,123136.96007837042,2009
2009-08-13 13:00:00,2009-08-14 18:00:00,477500.0,3504.2531250000816,-772.000000000017,sell,1.41949,1.42721,1144.0000000000116,29,126727.7600783705,2009
2009-08-17 22:00:00,2009-08-18 07:00:00,10000.0,40.437500000001926,-430.0000000000192,buy,1.4126400000000001,1.40834,480.0000000000137,9,126768.76007837053,2009
2009-08-18 12:00:00,2009-08-18 18:00:00,10000.0,46.82500000000036,-492.0000000000035,buy,1.4132,1.40828,626.9999999999998,6,126815.96007837054,2009
2009-08-18 23:00:00,2009-08-19 06:00:00,10000.0,42.262500000001964,-447.00000000001955,sell,1.4118899999999999,1.41636,486.0000000000086,7,126858.66007837054,2009
2009-08-19 06:00:00,2009-08-19 15:00:00,10000.0,106.23750000000001,-1088.0,buy,1.42141,1.41053,1296.0000000000082,9,126965.46007837054,2009
2009-08-19 18:00:00,2009-08-21 10:00:00,10000.0,60.19999999999976,-646.9999999999975,buy,1.43069,1.42422,1062.9999999999916,40,127028.16007837055,2009
2009-08-25 06:00:00,2009-08-25 12:00:00,10000.0,62.22500000000133,-646.0000000000132,buy,1.43311,1.42665,786.0000000000199,6,127090.76007837056,2009
2009-08-25 12:00:00,2009-08-26 00:00:00,10000.0,51.25000000000071,-540.000000000007,sell,1.42849,1.43389,758.9999999999985,12,127142.76007837056,2009
2009-08-26 00:00:00,2009-08-26 08:00:00,10000.0,40.70000000000101,-432.0000000000101,buy,1.43374,1.42942,520.9999999999936,8,127183.96007837055,2009
2009-08-26 08:00:00,2009-08-26 14:00:00,10000.0,101.12500000000081,-1035.000000000008,sell,1.42139,1.43174,1122.0000000000007,6,127285.46007837057,2009
2009-08-26 14:00:00,2009-08-27 19:00:00,10000.0,130.78750000000028,-1346.0000000000027,buy,1.43679,1.42333,1611.9999999999911,29,127418.0600783706,2009
2009-08-31 12:00:00,2009-08-31 15:00:00,1000000.0,5471.249999999973,-568.9999999999973,buy,1.43472,1.42903,716.9999999999898,3,132908.0600783706,2009
2009-09-01 03:00:00,2009-09-01 11:00:00,10000.0,61.40000000000118,-639.0000000000117,sell,1.42889,1.4352800000000001,886.9999999999933,8,132969.9600783706,2009
2009-09-01 11:00:00,2009-09-01 16:00:00,10000.0,70.38749999999888,-726.9999999999887,sell,1.42354,1.43081,1089.0000000000066,5,133040.6600783706,2009
2009-09-01 17:00:00,2009-09-02 17:00:00,10000.0,73.40000000000197,-769.0000000000196,buy,1.4287400000000001,1.42105,987.0000000000044,24,133115.5600783706,2009
2009-09-02 20:00:00,2009-09-03 12:00:00,10000.0,55.89999999999951,-588.999999999995,buy,1.43238,1.42649,720.9999999999939,16,133172.46007837058,2009
2009-09-07 22:00:00,2009-09-08 07:00:00,10000.0,46.03750000000086,-486.0000000000086,buy,1.43852,1.43366,573.0000000000013,9,133219.06007837053,2009
2009-09-08 07:00:00,2009-09-08 10:00:00,10000.0,45.512499999999406,-476.99999999999403,buy,1.44648,1.44171,513.9999999999922,3,133264.76007837054,2009
2009-09-08 10:00:00,2009-09-09 13:00:00,10000.0,68.31249999999874,-719.9999999999873,buy,1.45504,1.44784,909.9999999999885,27,133334.76007837048,2009
2009-09-10 05:00:00,2009-09-10 10:00:00,257500.0,939.5531250000272,-388.0000000000105,sell,1.45407,1.45795,451.00000000000136,5,134282.36007837052,2009
2009-09-10 13:00:00,2009-09-10 18:00:00,477500.0,2893.0531249999553,-628.9999999999907,buy,1.45983,1.45354,743.9999999999891,5,137190.33507837047,2009
2009-09-14 12:00:00,2009-09-14 14:00:00,1000000.0,5377.499999999984,-558.9999999999983,buy,1.46194,1.45635,669.9999999999927,2,142580.33507837047,2009
2009-09-14 23:00:00,2009-09-15 13:00:00,10000.0,53.1250000000005,-560.0000000000049,sell,1.45812,1.4637200000000001,654.9999999999833,14,142634.3350783705,2009
2009-09-15 13:00:00,2009-09-15 18:00:00,10000.0,83.58750000000097,-859.0000000000097,buy,1.46775,1.45916,1030.0000000000198,5,142718.2350783705,2009
2009-09-15 18:00:00,2009-09-16 19:00:00,10000.0,55.93750000000122,-595.0000000000122,buy,1.47198,1.46603,785.0000000000134,25,142775.73507837058,2009
2009-09-16 19:00:00,2009-09-18 08:00:00,10000.0,57.187500000000995,-615.0000000000099,sell,1.4666299999999999,1.47278,1003.0000000000205,37,142835.2350783706,2009
2009-09-21 22:00:00,2009-09-22 07:00:00,10000.0,48.137500000001296,-507.00000000001296,buy,1.4737,1.4686299999999999,580.0000000000027,9,142883.93507837062,2009
2009-09-22 23:00:00,2009-09-23 16:00:00,10000.0,51.937500000000604,-550.000000000006,sell,1.47531,1.48081,694.0000000000168,17,142936.93507837062,2009
2009-09-23 18:00:00,2009-09-23 21:00:00,10000.0,57.11249999999991,-592.9999999999991,sell,1.47361,1.47954,777.9999999999898,3,142994.2350783706,2009
2009-09-23 21:00:00,2009-09-24 07:00:00,37500.0,253.40625000000097,-702.0000000000026,buy,1.47611,1.46909,751.0000000000127,10,143249.9850783706,2009
2009-09-24 07:00:00,2009-09-24 16:00:00,312500.0,1873.0468749999584,-624.9999999999866,sell,1.46971,1.47596,1047.9999999999823,9,145140.61007837055,2009
2009-09-27 23:00:00,2009-09-28 01:00:00,1000000.0,5827.5000000000455,-604.0000000000044,sell,1.46458,1.47062,655.0000000000056,2,150980.6100783706,2009
2009-09-28 22:00:00,2009-09-29 11:00:00,10000.0,63.48750000000136,-663.0000000000135,sell,1.45599,1.46262,850.0000000000174,13,151044.91007837065,2009
2009-09-29 11:00:00,2009-09-30 02:00:00,10000.0,66.86249999999987,-697.9999999999985,buy,1.4621,1.45512,951.9999999999973,15,151112.71007837067,2009
2009-09-30 07:00:00,2009-09-30 10:00:00,10000.0,56.71249999999951,-588.999999999995,buy,1.4663,1.46041,652.9999999999924,3,151169.61007837066,2009
2009-09-30 10:00:00,2009-09-30 13:00:00,10000.0,54.11250000000024,-563.0000000000024,sell,1.46052,1.46615,676.9999999999942,3,151223.91007837065,2009
2009-10-05 22:00:00,2009-10-06 04:00:00,10000.0,51.024999999999004,-533.99999999999,buy,1.47033,1.46499,553.9999999999878,6,151275.31007837068,2009
2009-10-06 05:00:00,2009-10-07 13:00:00,10000.0,44.799999999999955,-487.9999999999995,sell,1.46803,1.47291,819.0000000000141,32,151322.11007837072,2009
2009-10-07 13:00:00,2009-10-08 01:00:00,10000.0,48.34999999999948,-510.99999999999477,buy,1.47216,1.46705,723.9999999999912,12,151371.21007837073,2009
2009-10-08 01:00:00,2009-10-08 17:00:00,147500.0,719.8000000000272,-518.0000000000184,buy,1.48049,1.47531,852.0000000000082,16,152105.76007837072,2009
2009-10-08 17:00:00,2009-10-09 03:00:00,587500.0,3999.4062500000773,-707.0000000000131,sell,1.4715099999999999,1.47858,833.0000000000169,10,156141.88507837077,2009
2009-10-12 22:00:00,2009-10-13 11:00:00,10000.0,47.4875000000009,-503.000000000009,buy,1.4834,1.47837,717.000000000012,13,156190.1850783708,2009
2009-10-13 13:00:00,2009-10-14 02:00:00,10000.0,52.88750000000075,-557.0000000000074,buy,1.48798,1.48241,807.000000000002,13,156243.88507837086,2009
2009-10-14 02:00:00,2009-10-14 22:00:00,10000.0,46.75000000000115,-500.0000000000115,buy,1.49313,1.48813,612.0000000000125,20,156291.8850783709,2009
2009-10-15 00:00:00,2009-10-15 12:00:00,120000.0,769.8000000000102,-669.0000000000084,sell,1.48792,1.49461,879.0000000000075,12,157070.68507837088,2009
2009-10-15 12:00:00,2009-10-15 15:00:00,450000.0,3150.562500000002,-722.0000000000003,buy,1.4937,1.48648,791.0000000000083,3,160229.6850783709,2009
2009-10-18 22:00:00,2009-10-19 01:00:00,1000000.0,6471.250000000085,-669.0000000000084,sell,1.48446,1.49115,732.0000000000215,3,166719.685078371,2009
2009-10-19 22:00:00,2009-10-20 16:00:00,10000.0,49.875000000000824,-530.0000000000082,sell,1.49061,1.49591,879.0000000000075,18,166770.68507837105,2009
2009-10-20 16:00:00,2009-10-21 14:00:00,10000.0,67.92499999999859,-712.9999999999858,buy,1.49799,1.49086,923.9999999999915,22,166839.985078371,2009
2009-10-21 17:00:00,2009-10-22 04:00:00,10000.0,52.51249999999969,-551.9999999999969,sell,1.49864,1.50416,591.0000000000082,11,166893.18507837108,2009
2009-10-22 05:00:00,2009-10-23 00:00:00,257500.0,1262.0718750000005,-522.0000000000002,buy,1.50358,1.49836,917.9999999999965,19,168185.83507837105,2009
2009-10-26 13:00:00,2009-10-26 16:00:00,1000000.0,7701.250000000149,-792.0000000000149,sell,1.49429,1.50221,856.0000000000123,3,175905.8350783712,2009
2009-10-26 23:00:00,2009-10-27 07:00:00,10000.0,56.09999999999977,-585.9999999999976,buy,1.49179,1.48593,693.9999999999945,8,175962.4350783712,2009
2009-10-27 07:00:00,2009-10-27 15:00:00,10000.0,66.59999999999971,-690.9999999999972,sell,1.48164,1.48855,846.9999999999977,8,176029.53507837118,2009
2009-10-27 15:00:00,2009-10-28 16:00:00,10000.0,50.2374999999994,-537.999999999994,sell,1.47642,1.4818,757.9999999999919,25,176081.33507837122,2009
2009-10-28 16:00:00,2009-10-29 13:00:00,10000.0,65.98750000000103,-693.0000000000102,buy,1.47927,1.47234,1099.0000000000055,21,176148.63507837124,2009
2009-11-02 13:00:00,2009-11-02 16:00:00,1000000.0,5731.2499999999,-594.9999999999899,buy,1.48156,1.47561,760.9999999999894,3,181898.63507837115,2009
2009-11-02 16:00:00,2009-11-02 18:00:00,1000000.0,5917.500000000191,-613.000000000019,sell,1.47643,1.48256,670.000000000015,2,187828.63507837136,2009
2009-11-02 22:00:00,2009-11-03 10:00:00,10000.0,80.54999999999949,-832.9999999999948,sell,1.46872,1.47705,1235.0000000000082,12,187909.93507837135,2009
2009-11-03 10:00:00,2009-11-03 19:00:00,10000.0,60.53750000000038,-631.0000000000038,buy,1.47073,1.46442,809.9999999999995,9,187971.03507837135,2009
2009-11-03 19:00:00,2009-11-04 14:00:00,10000.0,70.21249999999903,-733.9999999999901,buy,1.47782,1.47048,773.9999999999858,19,188042.43507837132,2009
2009-11-10 07:00:00,2009-11-10 11:00:00,10000.0,39.94999999999891,-421.99999999998903,buy,1.50152,1.4973,499.00000000000495,4,188082.6350783713,2009
2009-11-10 12:00:00,2009-11-11 09:00:00,10000.0,51.58749999999995,-548.9999999999994,buy,1.50298,1.49749,914.9999999999991,21,188135.53507837135,2009
2009-11-11 09:00:00,2009-11-11 17:00:00,10000.0,54.800000000000125,-573.0000000000013,sell,1.49687,1.5026,792.0000000000149,8,188190.83507837137,2009
2009-11-11 20:00:00,2009-11-12 13:00:00,10000.0,56.137500000001474,-592.0000000000147,sell,1.49199,1.49791,963.0000000000026,17,188248.03507837135,2009
2009-11-12 13:00:00,2009-11-12 17:00:00,477500.0,2891.2625000000303,-628.0000000000063,sell,1.48664,1.49292,771.0000000000105,4,191151.23507837136,2009
2009-11-16 22:00:00,2009-11-17 11:00:00,10000.0,55.28750000000093,-581.0000000000092,sell,1.49071,1.49652,917.0000000000122,13,191207.3350783714,2009
2009-11-17 11:00:00,2009-11-17 16:00:00,10000.0,54.087500000000894,-564.0000000000089,sell,1.48426,1.4899,584.0000000000067,5,191261.7350783714,2009
2009-11-17 16:00:00,2009-11-18 06:00:00,10000.0,55.22499999999871,-580.999999999987,buy,1.48887,1.48306,644.9999999999844,14,191317.8350783714,2009
2009-11-18 06:00:00,2009-11-18 10:00:00,10000.0,56.05000000000002,-583.0000000000001,buy,1.49562,1.48979,719.000000000003,4,191374.1350783714,2009
2009-11-18 11:00:00,2009-11-19 08:00:00,10000.0,73.2875,-766.0,sell,1.48794,1.4956,1109.0000000000043,21,191448.73507837136,2009
2009-11-23 22:00:00,2009-11-24 08:00:00,10000.0,43.275000000000944,-459.0000000000094,sell,1.4911699999999999,1.49576,586.0000000000198,10,191492.63507837136,2009
2009-11-24 08:00:00,2009-11-24 13:00:00,10000.0,58.18750000000111,-605.000000000011,buy,1.49757,1.49152,628.0000000000063,5,191551.13507837136,2009
2009-11-24 14:00:00,2009-11-25 07:00:00,10000.0,42.1375000000008,-452.0000000000079,buy,1.49979,1.4952699999999999,775.9999999999989,17,191594.33507837134,2009
2009-11-25 07:00:00,2009-11-25 10:00:00,10000.0,35.41249999999985,-375.9999999999985,buy,1.50406,1.5003,402.9999999999978,3,191629.93507837132,2009
2009-11-25 10:00:00,2009-11-25 12:00:00,10000.0,38.474999999999525,-405.9999999999952,buy,1.50664,1.50258,465.00000000000426,2,191668.53507837132,2009
2009-11-30 22:00:00,2009-12-01 09:00:00,10000.0,53.51250000000181,-562.000000000018,buy,1.50655,1.5009299999999999,947.0000000000089,11,191722.73507837133,2009
2009-12-01 09:00:00,2009-12-03 08:00:00,10000.0,46.662500000000534,-516.0000000000053,buy,1.5113,1.50614,808.0000000000086,47,191772.33507837137,2009
2009-12-03 09:00:00,2009-12-03 15:00:00,367500.0,1331.2687500000723,-386.0000000000196,sell,1.50752,1.5113800000000002,652.0000000000081,6,193117.3850783714,2009
2009-12-03 15:00:00,2009-12-04 14:00:00,532500.0,7309.228125000014,-1407.0000000000025,sell,1.49445,1.50852,1564.999999999994,23,200503.16007837138,2009
2009-12-07 06:00:00,2009-12-07 09:00:00,1000000.0,11271.25,-1149.0,sell,1.47694,1.48843,1226.000000000016,3,211793.16007837138,2009
2009-12-07 22:00:00,2009-12-08 14:00:00,10000.0,63.699999999999534,-666.9999999999953,sell,1.47587,1.48254,1079.0000000000077,16,211857.86007837136,2009
2009-12-08 14:00:00,2009-12-08 20:00:00,10000.0,79.5249999999992,-818.9999999999919,sell,1.46838,1.47657,844.0000000000002,6,211937.7600783714,2009
2009-12-08 23:00:00,2009-12-09 11:00:00,10000.0,68.85000000000055,-716.0000000000055,buy,1.47648,1.46932,831.0000000000039,12,212007.36007837142,2009
2009-12-09 11:00:00,2009-12-09 19:00:00,10000.0,60.60000000000038,-631.0000000000038,sell,1.46825,1.47456,909.9999999999885,8,212068.46007837143,2009
2009-12-14 22:00:00,2009-12-15 09:00:00,10000.0,78.81249999999879,-814.9999999999878,sell,1.45689,1.46504,900.9999999999961,11,212147.9600783714,2009
2009-12-15 15:00:00,2009-12-17 02:00:00,10000.0,79.3125000000008,-835.0000000000078,sell,1.44705,1.4554,1201.0000000000075,35,212229.4600783714,2009
2009-12-17 02:00:00,2009-12-17 10:00:00,175000.0,1046.4999999999927,-622.9999999999957,sell,1.43679,1.44302,645.0000000000066,8,213284.7100783714,2009
2009-12-17 16:00:00,2009-12-18 03:00:00,560000.0,3203.9000000000906,-599.0000000000161,buy,1.43771,1.4317199999999999,737.0000000000098,11,216527.11007837148,2009
2009-12-22 07:00:00,2009-12-22 16:00:00,10000.0,70.5375000000015,-731.0000000000149,sell,1.42329,1.4306,982.0000000000161,9,216598.21007837148,2009
2009-12-22 16:00:00,2009-12-23 16:00:00,10000.0,83.30000000000021,-868.000000000002,buy,1.43306,1.42438,966.0000000000001,24,216683.01007837153,2009
2009-12-23 16:00:00,2009-12-24 11:00:00,120000.0,720.1500000000124,-632.0000000000325,buy,1.4404000000000003,1.43408,815.0000000000323,19,217417.41007837153,2009
2009-12-24 11:00:00,2009-12-24 16:00:00,642500.0,2524.2218749999624,-415.99999999999415,sell,1.43595,1.44011,580.0000000000027,5,219961.7100783715,2009
2009-12-28 22:00:00,2009-12-29 08:00:00,10000.0,36.175000000001056,-388.0000000000105,buy,1.44136,1.4374799999999999,594.0000000000056,10,219998.51007837153,2009
2009-12-29 11:00:00,2009-12-29 16:00:00,10000.0,31.487499999999386,-337.99999999999386,sell,1.44072,1.4441,504.99999999999983,5,220030.31007837155,2009
2009-12-29 16:00:00,2009-12-30 15:00:00,10000.0,49.46250000000239,-529.0000000000239,sell,1.4299899999999999,1.4352800000000001,662.0000000000069,23,220081.21007837148,2009
2009-12-30 15:00:00,2009-12-31 01:00:00,422500.0,1976.2437499999764,-493.99999999999443,buy,1.43519,1.43025,597.9999999999874,10,222083.86007837145,2009
2009-12-31 01:00:00,2009-12-31 07:00:00,697500.0,4451.793749999894,-661.9999999999848,buy,1.44376,1.43714,739.0000000000007,6,226561.81007837135,2009
2010-01-04 22:00:00,2010-01-05 06:00:00,10000.0,45.59999999999981,-480.99999999999807,buy,1.44613,1.44132,558.9999999999983,8,10046.099999999999,2010
2010-01-05 06:00:00,2010-01-05 09:00:00,10000.0,50.21249999999911,-523.9999999999911,sell,1.44218,1.44742,614.9999999999877,3,10096.499999999996,2010
2010-01-05 09:00:00,2010-01-05 19:00:00,10000.0,62.57500000000081,-652.0000000000081,sell,1.4364299999999999,1.44295,899.0000000000052,10,10159.699999999995,2010
2010-01-06 06:00:00,2010-01-06 10:00:00,10000.0,60.25000000000089,-625.0000000000089,buy,1.4375200000000001,1.43127,928.0000000000176,4,10220.199999999995,2010
2010-01-06 11:00:00,2010-01-06 20:00:00,10000.0,53.537500000001145,-561.0000000000115,buy,1.44063,1.43502,700.0000000000117,9,10274.299999999997,2010
2010-01-10 22:00:00,2010-01-11 01:00:00,102742.99999999999,676.1773687500142,-680.0000000000139,buy,1.44815,1.44135,700.0000000000117,3,10952.403800000013,2010
2010-01-12 00:00:00,2010-01-13 12:00:00,10000.0,48.849999999999255,-530.9999999999925,buy,1.4544,1.44909,908.9999999999819,36,11003.50380000001,2010
2010-01-13 12:00:00,2010-01-13 16:00:00,10000.0,50.24999999999977,-524.9999999999976,sell,1.45089,1.45614,668.0000000000018,4,11054.00380000001,2010
2010-01-13 23:00:00,2010-01-14 15:00:00,92500.0,410.70000000001744,-474.0000000000188,sell,1.4473,1.4520400000000002,821.000000000005,16,11473.953800000005,2010
2010-01-14 17:00:00,2010-01-15 02:00:00,114739.53800000006,545.4430787674955,-500.9999999999736,sell,1.4440500000000003,1.44906,796.999999999981,9,12025.850977780003,2010
2010-01-18 23:00:00,2010-01-19 10:00:00,10000.0,49.41249999999937,-520.9999999999936,sell,1.43497,1.44018,637.999999999983,11,12075.950977780003,2010
2010-01-19 10:00:00,2010-01-19 17:00:00,10000.0,36.662500000000804,-391.00000000000796,sell,1.42699,1.4309,479.99999999999153,7,12113.050977780003,2010
2010-01-19 17:00:00,2010-01-20 02:00:00,10000.0,72.13750000000087,-747.0000000000088,sell,1.42166,1.42913,879.0000000000075,9,12185.750977780006,2010
2010-01-20 02:00:00,2010-01-20 12:00:00,10000.0,60.97500000000143,-636.0000000000143,sell,1.4151099999999999,1.42147,766.0000000000222,10,12247.350977780008,2010
2010-01-20 12:00:00,2010-01-21 03:00:00,10000.0,52.26249999999969,-551.9999999999969,sell,1.40828,1.4138,635.0000000000077,15,12300.550977780009,2010
2010-01-26 00:00:00,2010-01-26 04:00:00,10000.0,45.25000000000032,-475.0000000000032,sell,1.41154,1.41629,634.0000000000011,4,12346.050977780009,2010
2010-01-26 04:00:00,2010-01-27 09:00:00,10000.0,55.18750000000016,-590.0000000000016,sell,1.40304,1.40894,791.9999999999926,29,12403.050977780005,2010
2010-01-27 09:00:00,2010-01-28 01:00:00,10000.0,47.700000000001296,-507.00000000001296,sell,1.40055,1.40562,818.0000000000075,16,12451.750977780004,2010
2010-01-28 02:00:00,2010-01-29 01:00:00,124517.50977780005,838.7810752407302,-708.0000000000197,sell,1.39336,1.4004400000000001,1181.0000000000098,23,13308.431445051294,2010
2010-02-02 01:00:00,2010-02-02 16:00:00,10000.0,34.36250000000011,-373.0000000000011,buy,1.39487,1.39114,628.0000000000063,15,13343.731445051291,2010
2010-02-02 16:00:00,2010-02-03 09:00:00,10000.0,46.037499999999696,-490.99999999999693,buy,1.40048,1.39557,584.999999999991,17,13390.831445051292,2010
2010-02-03 09:00:00,2010-02-03 14:00:00,10000.0,63.087499999999906,-653.999999999999,sell,1.39435,1.40089,730.0000000000084,5,13454.231445051291,2010
2010-02-03 14:00:00,2010-02-03 20:00:00,10000.0,37.1250000000012,-395.000000000012,sell,1.39059,1.3945400000000001,455.00000000000534,6,13491.731445051291,2010
2010-02-03 20:00:00,2010-02-04 09:00:00,10000.0,42.48749999999923,-452.99999999999227,sell,1.38498,1.38951,526.9999999999885,13,13535.03144505129,2010
2010-02-08 06:00:00,2010-02-08 09:00:00,135350.3144505129,874.532219243379,-668.0000000000018,buy,1.36988,1.3632,702.0000000000026,3,14412.101482690614,2010
2010-02-08 22:00:00,2010-02-09 07:00:00,10000.0,61.63750000000093,-642.0000000000092,buy,1.37223,1.36581,744.0000000000113,9,14474.301482690615,2010
2010-02-09 07:00:00,2010-02-09 17:00:00,10000.0,57.975000000001764,-606.0000000000176,buy,1.37925,1.37319,1000.0000000000008,10,14532.901482690617,2010
2010-02-09 17:00:00,2010-02-10 16:00:00,10000.0,79.56249999999974,-829.9999999999974,sell,1.37003,1.37833,1116.9999999999902,23,14613.901482690619,2010
2010-02-11 00:00:00,2010-02-11 14:00:00,120000.0,791.0999999999997,-687.9999999999997,sell,1.36977,1.37665,1029.0000000000132,14,15415.501482690619,2010
2010-02-15 22:00:00,2010-02-16 05:00:00,10000.0,38.962500000000325,-414.00000000000324,buy,1.3641,1.35996,533.0000000000057,7,15454.90148269062,2010
2010-02-16 05:00:00,2010-02-16 16:00:00,10000.0,51.91250000000021,-546.000000000002,buy,1.37005,1.36459,668.0000000000018,11,15507.501482690619,2010
2010-02-16 17:00:00,2010-02-17 16:00:00,10000.0,93.86250000000017,-973.0000000000016,sell,1.3655,1.37523,1329.0000000000023,23,15602.80148269062,2010
2010-02-17 16:00:00,2010-02-18 02:00:00,10000.0,49.87500000000199,-525.0000000000199,sell,1.35672,1.3619700000000001,680.9999999999982,10,15653.30148269062,2010
2010-02-18 02:00:00,2010-02-18 15:00:00,156533.0148269062,932.741102099831,-624.0000000000023,buy,1.3627,1.35646,875.0000000000035,13,16598.760892245136,2010
2010-02-22 22:00:00,2010-02-23 08:00:00,10000.0,70.67500000000058,-733.0000000000058,buy,1.3676,1.3602699999999999,870.9999999999994,10,16670.060892245136,2010
2010-02-23 08:00:00,2010-02-23 10:00:00,10000.0,45.37500000000032,-475.0000000000032,sell,1.36354,1.36829,530.0000000000082,2,16715.560892245136,2010
2010-02-23 10:00:00,2010-02-23 17:00:00,10000.0,58.46249999999929,-608.9999999999928,sell,1.35375,1.35984,689.0000000000063,7,16774.460892245133,2010
2010-02-23 17:00:00,2010-02-24 16:00:00,10000.0,78.6625000000005,-821.000000000005,buy,1.36042,1.35221,1075.0000000000036,23,16854.56089224513,2010
2010-02-24 16:00:00,2010-02-25 01:00:00,10000.0,55.837500000000674,-584.0000000000067,sell,1.35148,1.35732,661.0000000000005,9,16910.960892245133,2010
2010-03-01 09:00:00,2010-03-01 12:00:00,169109.60892245136,1479.9204650826268,-897.0000000000143,sell,1.35439,1.3633600000000001,1036.9999999999989,3,18394.05216249506,2010
2010-03-01 22:00:00,2010-03-02 09:00:00,10000.0,76.11250000000109,-788.0000000000108,sell,1.3487,1.3565800000000001,896.0000000000078,11,18470.85216249506,2010
2010-03-02 09:00:00,2010-03-02 13:00:00,10000.0,70.94999999999993,-731.9999999999992,buy,1.35596,1.34864,778.9999999999962,4,18542.05216249506,2010
2010-03-02 14:00:00,2010-03-03 00:00:00,10000.0,66.57500000000037,-692.0000000000036,buy,1.36171,1.35479,1025.9999999999934,10,18609.25216249506,2010
2010-03-03 00:00:00,2010-03-03 16:00:00,10000.0,62.80000000000253,-658.0000000000251,buy,1.3688500000000001,1.3622699999999999,961.0000000000117,16,18673.052162495063,2010
2010-03-08 14:00:00,2010-03-08 17:00:00,186730.52162495063,1044.0570290355226,-581.0000000000092,sell,1.36143,1.36724,608.0000000000085,3,19720.610388811052,2010
2010-03-08 22:00:00,2010-03-09 11:00:00,10000.0,51.18750000000071,-540.000000000007,sell,1.35713,1.36253,636.0000000000143,13,19772.610388811052,2010
2010-03-09 11:00:00,2010-03-10 12:00:00,10000.0,46.23749999999984,-497.9999999999984,buy,1.36121,1.35623,747.0000000000088,25,19820.41038881105,2010
2010-03-10 12:00:00,2010-03-10 16:00:00,10000.0,49.650000000000276,-519.0000000000027,buy,1.36618,1.36099,665.0000000000044,4,19870.310388811053,2010
2010-03-10 16:00:00,2010-03-12 07:00:00,10000.0,41.66250000000003,-461.0000000000003,buy,1.37046,1.36585,841.0000000000028,39,19914.410388811055,2010
2010-03-15 13:00:00,2010-03-15 16:00:00,199144.10388811058,892.4145155486251,-470.00000000001484,sell,1.3653,1.37,533.0000000000057,3,20810.558856307587,2010
2010-03-15 22:00:00,2010-03-16 12:00:00,10000.0,34.92500000000116,-378.00000000001165,buy,1.37118,1.3674,551.0000000000125,14,20846.358856307586,2010
2010-03-16 12:00:00,2010-03-16 15:00:00,10000.0,34.71249999999971,-368.9999999999971,buy,1.37568,1.37199,414.00000000000324,3,20881.258856307584,2010
2010-03-16 17:00:00,2010-03-16 20:00:00,10000.0,43.0125000000008,-452.0000000000079,buy,1.37741,1.37289,578.0000000000118,3,20924.458856307585,2010
2010-03-17 07:00:00,2010-03-17 14:00:00,10000.0,35.262500000000514,-377.00000000000506,sell,1.37553,1.3793,474.0000000000188,7,20960.158856307586,2010
2010-03-22 10:00:00,2010-03-22 13:00:00,209601.58856307584,1014.7336906310045,-506.0000000000064,sell,1.34752,1.3525800000000001,578.9999999999961,3,21978.822576724142,2010
2010-03-22 22:00:00,2010-03-23 08:00:00,10000.0,41.47500000000025,-441.00000000000244,sell,1.35121,1.35562,565.9999999999998,10,22020.922576724144,2010
2010-03-23 11:00:00,2010-03-23 15:00:00,10000.0,44.85000000000214,-471.0000000000214,buy,1.35312,1.3484099999999999,500.0000000000115,4,22066.022576724143,2010
2010-03-23 15:00:00,2010-03-24 00:00:00,10000.0,59.13750000000009,-617.0000000000008,sell,1.34699,1.35316,931.0000000000151,9,22125.722576724143,2010
2010-03-24 00:00:00,2010-03-24 06:00:00,10000.0,50.52500000000017,-529.0000000000016,sell,1.34177,1.34706,553.0000000000034,6,22176.622576724145,2010
2010-03-30 06:00:00,2010-03-30 10:00:00,10000.0,40.550000000000615,-428.00000000000614,sell,1.34767,1.35195,537.0000000000097,4,22217.422576724144,2010
2010-03-30 10:00:00,2010-03-30 15:00:00,10000.0,49.98749999999846,-522.9999999999845,sell,1.34227,1.3475,658.000000000003,5,22267.722576724147,2010
2010-03-30 15:00:00,2010-03-31 10:00:00,10000.0,49.812500000000824,-530.0000000000082,buy,1.34633,1.34103,790.0000000000017,19,22318.722576724154,2010
2010-03-31 10:00:00,2010-03-31 15:00:00,10000.0,49.98750000000068,-523.0000000000067,buy,1.35283,1.3476,580.999999999987,5,22369.02257672415,2010
2010-03-31 16:00:00,2010-04-01 07:00:00,10000.0,46.86249999999984,-497.9999999999984,sell,1.34815,1.35313,795.9999999999966,15,22416.82257672415,2010
2010-04-04 23:00:00,2010-04-05 01:00:00,224168.22576724147,593.485377718741,-285.999999999964,buy,1.3524499999999997,1.34959,305.99999999996186,2,23013.110057264978,2010
2010-04-05 04:00:00,2010-04-05 07:00:00,230131.1005726498,840.2661809658968,-387.000000000004,sell,1.34662,1.35049,507.00000000001296,3,23857.69119636661,2010
2010-04-05 11:00:00,2010-04-05 14:00:00,238576.9119636661,1188.411242719034,-520.0000000000093,buy,1.35169,1.34649,540.000000000007,3,25050.57575618496,2010
2010-04-05 22:00:00,2010-04-06 01:00:00,10000.0,37.51250000000029,-397.0000000000029,sell,1.34456,1.34853,507.9999999999973,3,25088.27575618496,2010
2010-04-06 01:00:00,2010-04-06 13:00:00,10000.0,60.55000000000169,-633.0000000000168,sell,1.33686,1.34319,700.0000000000117,12,25149.57575618496,2010
2010-04-13 00:00:00,2010-04-14 01:00:00,10000.0,62.63749999999848,-661.9999999999848,buy,1.36414,1.35752,963.999999999987,25,25213.775756184965,2010
2010-04-14 01:00:00,2010-04-15 08:00:00,10000.0,47.06249999999882,-509.9999999999882,sell,1.35955,1.36465,825.9999999999933,31,25262.77575618497,2010
2010-04-15 08:00:00,2010-04-16 13:00:00,252627.7575618497,1250.191615234218,-533.0000000000057,sell,1.35116,1.35649,726.0000000000043,29,26558.75615247727,2010
2010-04-20 05:00:00,2010-04-20 10:00:00,10000.0,39.18750000000098,-415.0000000000098,buy,1.35019,1.34604,523.0000000000067,5,26598.25615247727,2010
2010-04-20 10:00:00,2010-04-20 15:00:00,10000.0,42.08749999999999,-443.9999999999999,sell,1.34628,1.35072,507.00000000001296,5,26640.65615247727,2010
2010-04-20 15:00:00,2010-04-21 11:00:00,10000.0,51.25000000000177,-545.0000000000176,sell,1.3388499999999999,1.3443,608.0000000000085,20,26693.156152477273,2010
2010-04-21 13:00:00,2010-04-22 10:00:00,10000.0,42.48750000000028,-458.0000000000028,sell,1.3355299999999999,1.34011,658.000000000003,21,26736.956152477276,2010
2010-04-22 10:00:00,2010-04-22 14:00:00,267369.5615247728,1356.9005247382438,-530.0000000000082,sell,1.32847,1.3337700000000001,680.9999999999982,4,28100.54091625364,2010
2010-04-26 22:00:00,2010-04-27 10:00:00,10000.0,76.95000000000033,-797.0000000000032,sell,1.33218,1.34015,920.0000000000097,12,28178.240916253642,2010
2010-04-27 10:00:00,2010-04-27 16:00:00,10000.0,74.12500000000156,-765.0000000000156,sell,1.3231,1.33075,1102.000000000003,6,28252.74091625365,2010
2010-04-27 16:00:00,2010-04-27 20:00:00,10000.0,62.04999999999936,-642.9999999999935,sell,1.31793,1.32436,836.9999999999987,4,28315.04091625365,2010
2010-04-27 20:00:00,2010-04-28 13:00:00,10000.0,76.33750000000057,-794.0000000000058,buy,1.32553,1.31759,1128.0000000000177,17,28392.44091625365,2010
2010-04-28 15:00:00,2010-04-28 21:00:00,10000.0,83.82500000000073,-862.0000000000072,buy,1.32172,1.3131,1034.0000000000016,6,28476.640916253655,2010
2010-05-02 23:00:00,2010-05-03 02:00:00,284766.40916253655,2332.5928490526353,-841.0000000000028,sell,1.3226,1.33101,861.0000000000006,3,30814.573135478087,2010
2010-05-03 12:00:00,2010-05-03 15:00:00,308145.7313547809,1685.9423326748367,-568.9999999999973,sell,1.31761,1.3233,635.0000000000077,3,32506.293200615826,2010
2010-05-03 22:00:00,2010-05-04 09:00:00,10000.0,60.91250000000143,-636.0000000000143,sell,1.31327,1.31963,809.0000000000152,11,32567.89320061583,2010
2010-05-04 09:00:00,2010-05-04 13:00:00,10000.0,57.750000000002274,-600.0000000000227,sell,1.3068199999999999,1.31282,681.0000000000205,4,32625.893200615832,2010
2010-05-04 13:00:00,2010-05-04 21:00:00,10000.0,57.29999999999875,-597.9999999999874,sell,1.29878,1.30476,783.0000000000003,8,32683.693200615828,2010
2010-05-10 22:00:00,2010-05-11 21:00:00,10000.0,110.26250000000103,-1137.0000000000102,sell,1.26632,1.27769,1394.0000000000061,23,32795.393200615836,2010
2010-05-11 22:00:00,2010-05-12 09:00:00,10000.0,84.81250000000036,-875.0000000000035,buy,1.27204,1.26329,1150.0000000000064,11,32880.893200615836,2010
2010-05-12 09:00:00,2010-05-12 21:00:00,10000.0,76.84999999999967,-795.9999999999966,sell,1.2615,1.26946,974.9999999999925,12,32958.49320061584,2010
2010-05-12 21:00:00,2010-05-13 13:00:00,37500.0,257.62500000000455,-717.000000000012,sell,1.25593,1.2631000000000001,1238.0000000000057,16,33219.86820061584,2010
2010-05-13 13:00:00,2010-05-14 10:00:00,332198.6820061584,3298.317663968624,-1025.9999999999934,sell,1.24437,1.25463,1530.000000000009,21,36561.78694159776,2010
2010-05-17 22:00:00,2010-05-18 18:00:00,10000.0,119.64999999999912,-1228.9999999999911,sell,1.22648,1.23877,1787.000000000005,20,36682.686941597756,2010
2010-05-18 18:00:00,2010-05-19 13:00:00,10000.0,100.21250000000016,-1034.0000000000016,buy,1.23108,1.22074,1669.9999999999936,19,36784.086941597765,2010
2010-05-19 13:00:00,2010-05-19 22:00:00,10000.0,96.2375000000011,-988.000000000011,buy,1.24204,1.23216,1635.0000000000086,9,36880.88694159776,2010
2010-05-20 00:00:00,2010-05-20 18:00:00,120000.0,1599.3000000000116,-1364.0000000000095,buy,1.24915,1.2355099999999999,1960.9999999999905,18,38493.68694159777,2010
2010-05-20 20:00:00,2010-05-21 05:00:00,384936.86941597774,5209.639356458477,-1378.9999999999968,buy,1.26253,1.24874,1706.9999999999918,9,43724.978996960905,2010
2010-05-24 22:00:00,2010-05-25 07:00:00,10000.0,66.73750000000103,-693.0000000000102,sell,1.22772,1.23465,744.0000000000113,9,43792.278996960915,2010
2010-05-25 08:00:00,2010-05-25 17:00:00,10000.0,74.03750000000223,-766.0000000000222,buy,1.2285300000000001,1.22087,1081.0000000000207,9,43866.87899696092,2010
2010-05-25 17:00:00,2010-05-25 22:00:00,10000.0,90.98750000000061,-933.000000000006,buy,1.23688,1.22755,1073.999999999997,5,43958.17899696092,2010
2010-05-25 22:00:00,2010-05-26 13:00:00,10000.0,74.0625000000004,-770.000000000004,sell,1.22642,1.23412,940.9999999999918,15,44033.17899696092,2010
2010-05-26 13:00:00,2010-05-26 21:00:00,10000.0,79.7999999999996,-822.9999999999959,sell,1.21798,1.22621,903.9999999999936,8,44113.47899696093,2010
2010-05-31 22:00:00,2010-06-01 08:00:00,10000.0,80.37500000000196,-830.0000000000196,sell,1.22013,1.2284300000000001,943.0000000000049,10,44194.47899696093,2010
2010-06-01 08:00:00,2010-06-01 14:00:00,10000.0,67.92500000000092,-703.0000000000091,buy,1.2212,1.21417,1012.0000000000128,6,44262.77899696093,2010
2010-06-01 14:00:00,2010-06-02 13:00:00,10000.0,96.66250000000075,-1001.0000000000074,sell,1.21843,1.22844,1291.0000000000198,23,44360.87899696094,2010
2010-06-02 13:00:00,2010-06-03 01:00:00,10000.0,75.74999999999912,-784.9999999999912,buy,1.22765,1.2198,912.999999999986,12,44437.378996960935,2010
2010-06-03 01:00:00,2010-06-03 15:00:00,147500.0,1237.8937500000031,-868.000000000002,sell,1.22065,1.22933,1194.0000000000061,14,45688.17899696092,2010
2010-06-07 22:00:00,2010-06-08 16:00:00,10000.0,63.77499999999863,-668.9999999999862,buy,1.19908,1.19239,893.9999999999948,18,45753.078996960925,2010
2010-06-08 17:00:00,2010-06-09 13:00:00,10000.0,70.54999999999941,-737.9999999999942,buy,1.20081,1.19343,865.999999999989,20,45824.878996960906,2010
2010-06-09 13:00:00,2010-06-09 21:00:00,10000.0,53.99999999999933,-564.9999999999933,sell,1.19794,1.20359,936.0000000000034,8,45879.3789969609,2010
2010-06-09 21:00:00,2010-06-10 05:00:00,37500.0,231.74999999999758,-642.9999999999935,buy,1.20506,1.19863,939.0000000000009,8,46113.0039969609,2010
2010-06-10 06:00:00,2010-06-10 14:00:00,285000.0,2425.3499999999653,-875.9999999999878,buy,1.21261,1.20385,1180.0000000000032,8,48552.603996960876,2010
2010-06-13 21:00:00,2010-06-14 00:00:00,485526.03996960877,3904.236268905692,-826.0000000000156,buy,1.22025,1.21199,863.0000000000136,3,52465.94387911599,2010
2010-06-14 07:00:00,2010-06-14 10:00:00,524659.4387911599,3657.532112672889,-719.000000000003,buy,1.2248,1.21761,827.000000000022,3,56133.31335626622,2010
2010-06-15 01:00:00,2010-06-15 12:00:00,10000.0,48.8125000000021,-515.0000000000209,buy,1.2259200000000001,1.22077,911.0000000000173,11,56182.81335626622,2010
2010-06-15 12:00:00,2010-06-15 16:00:00,10000.0,56.350000000001984,-586.0000000000198,buy,1.23239,1.22653,623.000000000018,4,56239.413356266225,2010
2010-06-15 16:00:00,2010-06-17 02:00:00,10000.0,55.17500000000213,-593.0000000000213,sell,1.22704,1.2329700000000001,825.000000000009,34,56296.713356266206,2010
2010-06-21 23:00:00,2010-06-22 11:00:00,10000.0,55.45000000000158,-582.0000000000158,sell,1.22609,1.23191,931.9999999999994,12,56352.9133562662,2010
2010-06-22 12:00:00,2010-06-23 16:00:00,10000.0,59.35000000000038,-631.0000000000038,sell,1.22241,1.22872,937.00000000001,28,56414.013356266194,2010
2010-06-23 16:00:00,2010-06-23 19:00:00,10000.0,59.61250000000074,-618.0000000000074,buy,1.23201,1.22583,720.0000000000094,3,56473.8133562662,2010
2010-06-24 02:00:00,2010-06-24 08:00:00,175000.0,852.6875000000298,-511.00000000001694,sell,1.22884,1.23395,629.0000000000128,6,57333.06335626623,2010
2010-06-24 08:00:00,2010-06-24 16:00:00,340000.0,2658.8000000000075,-807.000000000002,buy,1.23605,1.22798,989.0000000000175,8,60008.86335626624,2010
2010-06-28 22:00:00,2010-06-29 08:00:00,10000.0,51.47500000000137,-541.0000000000136,sell,1.22176,1.22717,727.9999999999952,10,60060.96335626624,2010
2010-06-29 13:00:00,2010-06-30 07:00:00,10000.0,49.47500000000042,-526.0000000000042,buy,1.22322,1.21796,811.0000000000061,18,60111.56335626625,2010
2010-06-30 07:00:00,2010-06-30 10:00:00,10000.0,43.0125000000008,-452.0000000000079,buy,1.2276,1.22308,706.0000000000066,3,60154.763356266245,2010
2010-06-30 10:00:00,2010-06-30 20:00:00,10000.0,51.574999999999804,-541.999999999998,sell,1.2231,1.22852,666.9999999999953,10,60206.96335626626,2010
2010-06-30 21:00:00,2010-07-01 09:00:00,37500.0,226.68750000000387,-632.0000000000102,buy,1.22973,1.2234099999999999,1042.0000000000095,12,60436.46335626626,2010
2010-07-05 22:00:00,2010-07-06 01:00:00,10000.0,43.31250000000054,-455.00000000000534,sell,1.24907,1.25362,486.0000000000086,3,60479.96335626626,2010
2010-07-06 01:00:00,2010-07-06 05:00:00,10000.0,39.55000000000072,-418.0000000000072,buy,1.25492,1.25074,482.0000000000046,4,60519.76335626626,2010
2010-07-06 05:00:00,2010-07-06 08:00:00,10000.0,44.51250000000174,-467.00000000001734,buy,1.25889,1.25422,530.0000000000082,3,60564.463356266264,2010
2010-07-06 08:00:00,2010-07-06 15:00:00,10000.0,48.962499999999224,-513.9999999999922,buy,1.26464,1.2595,815.9999999999944,7,60613.863356266265,2010
2010-07-06 15:00:00,2010-07-07 05:00:00,10000.0,54.425000000000125,-573.0000000000013,sell,1.25856,1.26429,761.0000000000116,14,60669.163356266276,2010
2010-07-11 23:00:00,2010-07-12 02:00:00,606691.6335626628,2482.1271458132655,-431.0000000000036,sell,1.25928,1.26359,517.0000000000118,3,63162.665970208844,2010
2010-07-12 23:00:00,2010-07-13 07:00:00,10000.0,42.300000000000395,-448.0000000000039,sell,1.25561,1.26009,570.0000000000038,8,63205.46597020885,2010
2010-07-13 07:00:00,2010-07-13 10:00:00,10000.0,46.31250000000021,-485.00000000000205,buy,1.25874,1.25389,625.9999999999932,3,63251.96597020885,2010
2010-07-13 10:00:00,2010-07-13 14:00:00,10000.0,64.95000000000059,-672.0000000000059,buy,1.26431,1.25759,826.9999999999999,4,63317.165970208844,2010
2010-07-13 14:00:00,2010-07-13 21:00:00,10000.0,47.66250000000181,-501.0000000000181,buy,1.27211,1.2671,538.0000000000161,7,63365.26597020884,2010
2010-07-19 06:00:00,2010-07-19 08:00:00,633652.6597020885,6043.462241908763,-975.0000000000147,buy,1.2977,1.28795,995.0000000000125,2,69416.64887036389,2010
2010-07-19 22:00:00,2010-07-20 07:00:00,10000.0,53.237500000001404,-558.000000000014,buy,1.2996400000000001,1.29406,636.0000000000143,9,69470.44887036389,2010
2010-07-20 07:00:00,2010-07-20 11:00:00,10000.0,75.25000000000145,-775.0000000000146,sell,1.2901099999999999,1.29786,969.0000000000198,4,69545.94887036389,2010
2010-07-20 13:00:00,2010-07-21 11:00:00,10000.0,79.22500000000156,-826.0000000000156,sell,1.27988,1.28814,1235.0000000000082,22,69626.54887036391,2010
2010-07-21 11:00:00,2010-07-21 19:00:00,10000.0,60.099999999999326,-625.9999999999932,sell,1.27475,1.28101,824.0000000000024,8,69687.14887036392,2010
2010-07-26 23:00:00,2010-07-27 12:00:00,10000.0,46.787500000000755,-496.0000000000075,buy,1.30332,1.29836,695.0000000000011,13,69734.74887036394,2010
2010-07-27 13:00:00,2010-07-29 09:00:00,10000.0,67.35000000000161,-721.000000000016,buy,1.30658,1.29937,1140.0000000000075,44,69804.84887036393,2010
2010-07-29 09:00:00,2010-07-30 10:00:00,367500.0,3062.6531249999503,-868.9999999999864,sell,1.29892,1.30761,1167.9999999999911,25,72924.9238703639,2010
2010-08-02 11:00:00,2010-08-02 14:00:00,729249.238703639,4325.359547061033,-615.0000000000099,buy,1.31345,1.3073,685.0000000000023,3,77263.95684065063,2010
2010-08-02 22:00:00,2010-08-03 08:00:00,10000.0,38.67499999999967,-412.99999999999665,buy,1.32168,1.31755,697.9999999999985,10,77303.25684065063,2010
2010-08-03 09:00:00,2010-08-03 14:00:00,10000.0,40.98749999999945,-432.9999999999945,sell,1.31997,1.3243,618.9999999999917,5,77344.55684065062,2010
2010-08-03 14:00:00,2010-08-04 15:00:00,10000.0,70.43750000000074,-740.0000000000073,sell,1.31453,1.32193,950.0000000000064,25,77416.5568406506,2010
2010-08-04 15:00:00,2010-08-05 10:00:00,10000.0,47.512500000001296,-507.00000000001296,buy,1.32101,1.3159399999999999,910.0000000000107,19,77465.25684065059,2010
2010-08-09 22:00:00,2010-08-10 01:00:00,10000.0,31.11250000000055,-333.0000000000055,sell,1.31941,1.32274,353.0000000000033,3,77496.55684065059,2010
2010-08-10 01:00:00,2010-08-10 03:00:00,10000.0,34.27500000000087,-364.00000000000875,sell,1.31528,1.31892,401.0000000000069,2,77530.95684065059,2010
2010-08-10 06:00:00,2010-08-10 14:00:00,10000.0,54.20000000000064,-567.0000000000064,sell,1.31016,1.31583,835.0000000000078,8,77585.6568406506,2010
2010-08-10 14:00:00,2010-08-10 19:00:00,10000.0,103.68750000000165,-1060.0000000000164,buy,1.31939,1.30879,1109.0000000000043,5,77689.6568406506,2010
2010-08-10 19:00:00,2010-08-11 01:00:00,10000.0,64.72499999999994,-670.9999999999993,sell,1.31114,1.31785,756.000000000001,6,77754.75684065059,2010
2010-08-16 22:00:00,2010-08-17 08:00:00,10000.0,48.47499999999948,-510.99999999999477,buy,1.28649,1.28138,607.0000000000019,10,77803.85684065058,2010
2010-08-17 08:00:00,2010-08-19 00:00:00,10000.0,82.19999999999956,-866.9999999999955,sell,1.27976,1.28843,1242.0000000000095,40,77888.55684065059,2010
2010-08-19 00:00:00,2010-08-19 13:00:00,120000.0,917.8499999999991,-792.9999999999992,buy,1.28874,1.28081,1153.0000000000039,13,78816.1568406506,2010
2010-08-19 13:00:00,2010-08-19 23:00:00,477500.0,2968.85625000002,-648.0000000000041,sell,1.28075,1.28723,917.9999999999965,10,81814.85684065062,2010
2010-08-19 23:00:00,2010-08-20 10:00:00,752500.0,6163.915624999934,-845.9999999999911,sell,1.2721,1.28056,1116.9999999999902,11,88030.50684065057,2010
2010-08-23 13:00:00,2010-08-23 15:00:00,880305.0684065057,4874.689316301152,-575.0000000000143,sell,1.26579,1.2715400000000001,612.0000000000125,2,92916.19997030683,2010
2010-08-24 09:00:00,2010-08-24 15:00:00,10000.0,70.3250000000011,-727.0000000000109,buy,1.26793,1.26066,916.99999999999,6,92986.89997030684,2010
2010-08-24 20:00:00,2010-08-25 09:00:00,10000.0,58.38750000000125,-612.0000000000125,buy,1.26906,1.26294,741.0000000000138,13,93046.09997030684,2010
2010-08-25 10:00:00,2010-08-26 04:00:00,10000.0,65.37500000000023,-685.0000000000023,buy,1.2714400000000001,1.26459,1057.0000000000189,18,93112.59997030687,2010
2010-08-26 08:00:00,2010-08-27 16:00:00,340000.0,1992.399999999977,-625.9999999999932,buy,1.2762,1.26994,957.0000000000077,32,95172.99997030683,2010
2010-08-31 00:00:00,2010-08-31 10:00:00,10000.0,39.77500000000022,-424.0000000000021,buy,1.26912,1.26488,659.0000000000095,10,95213.39997030683,2010
2010-08-31 10:00:00,2010-09-01 09:00:00,10000.0,73.9625000000008,-774.000000000008,buy,1.27655,1.26881,1043.0000000000161,23,95288.79997030683,2010
2010-09-01 09:00:00,2010-09-01 14:00:00,10000.0,45.087499999999665,-473.9999999999966,buy,1.28373,1.27899,524.0000000000133,5,95334.19997030683,2010
2010-09-01 15:00:00,2010-09-03 16:00:00,10000.0,63.23749999999892,-682.9999999999891,buy,1.28813,1.2813,1049.9999999999952,49,95400.4999703068,2010
2010-09-06 21:00:00,2010-09-07 00:00:00,954004.999703068,4952.47845470847,-540.9999999999915,sell,1.28186,1.28727,570.0000000000038,3,100370.8660187597,2010
2010-09-07 00:00:00,2010-09-07 09:00:00,10000.0,37.437500000000036,-400.00000000000034,sell,1.27686,1.28086,492.99999999998784,9,100408.8660187597,2010
2010-09-07 09:00:00,2010-09-07 18:00:00,10000.0,36.637499999999235,-391.9999999999923,sell,1.2715,1.27542,567.9999999999907,9,100446.0660187597,2010
2010-09-07 19:00:00,2010-09-08 15:00:00,10000.0,45.649999999998386,-488.99999999998386,buy,1.27429,1.2694,839.9999999999962,20,100492.9660187597,2010
2010-09-08 15:00:00,2010-09-10 02:00:00,10000.0,63.51250000000165,-677.0000000000164,sell,1.2659099999999999,1.27268,1063.0000000000139,35,100558.6660187597,2010
2010-09-12 21:00:00,2010-09-13 00:00:00,1000000.0,4821.249999999934,-503.9999999999933,buy,1.27586,1.27082,554.9999999999943,3,105398.66601875963,2010
2010-09-13 13:00:00,2010-09-13 16:00:00,1000000.0,5721.250000000056,-594.0000000000056,buy,1.28879,1.28285,633.0000000000168,3,111138.66601875969,2010
2010-09-14 00:00:00,2010-09-14 08:00:00,10000.0,37.0000000000012,-395.000000000012,buy,1.28966,1.28571,462.0000000000068,8,111176.16601875969,2010
2010-09-14 09:00:00,2010-09-14 15:00:00,10000.0,134.82500000000175,-1372.0000000000175,buy,1.29763,1.2839099999999999,1439.0000000000123,6,111311.36601875971,2010
2010-09-14 20:00:00,2010-09-16 09:00:00,10000.0,51.08749999999878,-553.9999999999878,buy,1.30524,1.2997,973.0000000000016,37,111364.76601875974,2010
2010-09-20 10:00:00,2010-09-20 13:00:00,1000000.0,4821.2500000001555,-504.0000000000155,sell,1.30446,1.3095,544.9999999999955,3,116204.7660187599,2010
2010-09-20 22:00:00,2010-09-21 09:00:00,10000.0,60.212500000001285,-629.0000000000128,buy,1.31309,1.3068,730.0000000000084,11,116265.66601875989,2010
2010-09-21 10:00:00,2010-09-21 19:00:00,10000.0,109.73750000000074,-1123.0000000000073,buy,1.3244500000000001,1.31322,1411.0000000000066,9,116375.96601875988,2010
2010-09-21 19:00:00,2010-09-22 01:00:00,10000.0,64.62499999999929,-669.9999999999927,buy,1.33032,1.32362,695.0000000000011,6,116440.96601875986,2010
2010-09-22 01:00:00,2010-09-22 10:00:00,10000.0,79.23750000000076,-818.0000000000075,buy,1.33738,1.3292,1066.9999999999957,9,116520.76601875988,2010
2010-09-28 02:00:00,2010-09-28 07:00:00,10000.0,55.38750000000053,-577.0000000000052,sell,1.34062,1.34639,652.0000000000081,5,116576.46601875988,2010
2010-09-28 07:00:00,2010-09-28 10:00:00,10000.0,66.21249999999958,-683.9999999999957,buy,1.34761,1.34077,797.9999999999875,3,116642.86601875989,2010
2010-09-28 10:00:00,2010-09-28 15:00:00,10000.0,86.38749999999933,-886.9999999999933,buy,1.35428,1.34541,1007.0000000000023,5,116729.56601875988,2010
2010-09-28 15:00:00,2010-09-30 10:00:00,10000.0,71.9125,-766.0,buy,1.36599,1.35833,1042.0000000000095,43,116804.16601875986,2010
2010-09-30 12:00:00,2010-09-30 16:00:00,450000.0,3089.250000000018,-709.000000000004,sell,1.36025,1.36734,741.9999999999982,4,119904.66601875988,2010
2010-10-04 06:00:00,2010-10-04 09:00:00,1000000.0,7771.250000000164,-799.0000000000163,sell,1.3679,1.37589,820.0000000000207,3,127694.66601876005,2010
2010-10-04 23:00:00,2010-10-05 06:00:00,10000.0,46.862500000001006,-493.00000000001006,buy,1.36992,1.36499,622.0000000000114,7,127741.96601876004,2010
2010-10-05 06:00:00,2010-10-05 08:00:00,10000.0,58.77499999999929,-608.9999999999928,buy,1.37652,1.37043,845.0000000000068,2,127800.86601876003,2010
2010-10-05 08:00:00,2010-10-05 18:00:00,10000.0,73.37500000000051,-760.000000000005,buy,1.38537,1.37777,920.0000000000097,10,127874.86601876003,2010
2010-10-05 19:00:00,2010-10-06 16:00:00,10000.0,81.48750000000044,-848.0000000000042,buy,1.39222,1.38374,1239.0000000000123,21,127957.66601876002,2010
2010-10-11 22:00:00,2010-10-12 07:00:00,10000.0,50.13750000000108,-527.0000000000108,sell,1.38246,1.3877300000000001,577.0000000000052,9,128008.36601876002,2010
2010-10-12 07:00:00,2010-10-12 17:00:00,10000.0,46.975000000000755,-496.0000000000075,buy,1.38646,1.3815,896.0000000000078,10,128055.96601876001,2010
2010-10-12 17:00:00,2010-10-12 20:00:00,10000.0,60.5125000000022,-627.0000000000219,buy,1.39142,1.3851499999999999,778.0000000000119,3,128116.66601876,2010
2010-10-12 20:00:00,2010-10-13 08:00:00,10000.0,62.449999999998596,-651.9999999999859,buy,1.39912,1.3926,791.9999999999926,12,128179.86601876003,2010
2010-10-13 09:00:00,2010-10-13 14:00:00,10000.0,64.38750000000175,-667.0000000000175,sell,1.3918,1.39847,697.0000000000142,5,128244.56601876004,2010
2010-10-18 23:00:00,2010-10-19 07:00:00,10000.0,59.90000000000023,-624.0000000000023,sell,1.38999,1.39623,1036.9999999999989,8,128304.96601876005,2010
2010-10-19 07:00:00,2010-10-19 13:00:00,10000.0,65.42500000000008,-678.0000000000008,sell,1.38474,1.39152,1107.9999999999977,6,128370.76601876006,2010
2010-10-19 13:00:00,2010-10-19 20:00:00,10000.0,73.46249999999986,-758.9999999999985,sell,1.3731,1.38069,970.0000000000041,7,128444.66601876006,2010
2010-10-19 20:00:00,2010-10-20 08:00:00,10000.0,79.3500000000005,-821.000000000005,buy,1.38097,1.37276,1124.0000000000139,12,128524.76601876003,2010
2010-10-20 08:00:00,2010-10-20 14:00:00,10000.0,71.42499999999941,-737.9999999999942,buy,1.38957,1.38219,844.0000000000002,6,128596.56601876003,2010
2010-10-24 22:00:00,2010-10-25 01:00:00,1000000.0,7301.249999999971,-751.999999999997,buy,1.40154,1.39402,814.0000000000035,3,135916.56601876,2010
2010-10-26 00:00:00,2010-10-26 14:00:00,10000.0,94.72499999999991,-975.999999999999,sell,1.38628,1.39604,1188.0000000000111,14,136012.16601875998,2010
2010-10-26 14:00:00,2010-10-27 07:00:00,10000.0,66.43750000000011,-695.0000000000011,sell,1.37968,1.38663,812.999999999997,17,136079.66601875992,2010
2010-10-27 09:00:00,2010-10-27 18:00:00,10000.0,71.93750000000179,-745.0000000000178,sell,1.37495,1.3824,1037.0000000000211,9,136152.1660187599,2010
2010-10-27 18:00:00,2010-10-28 04:00:00,10000.0,60.17500000000064,-628.0000000000063,buy,1.38222,1.37594,699.0000000000051,10,136212.96601875988,2010
2010-11-01 22:00:00,2010-11-02 09:00:00,10000.0,52.712500000001,-554.00000000001,buy,1.39552,1.38998,739.0000000000007,11,136266.36601875987,2010
2010-11-02 09:00:00,2010-11-02 13:00:00,10000.0,46.750000000001265,-490.0000000000126,buy,1.40198,1.3970799999999999,707.9999999999975,4,136313.36601875987,2010
2010-11-02 13:00:00,2010-11-03 19:00:00,10000.0,61.02500000000107,-649.0000000000106,buy,1.40974,1.4032499999999999,1058.0000000000032,30,136376.26601875992,2010
2010-11-03 19:00:00,2010-11-04 09:00:00,10000.0,80.52500000000015,-834.0000000000014,buy,1.42056,1.41222,1036.0000000000146,14,136457.6660187599,2010
2010-11-04 09:00:00,2010-11-05 06:00:00,367500.0,2325.8156250000407,-666.000000000011,sell,1.41881,1.42547,937.00000000001,21,138831.71601875994,2010
2010-11-07 23:00:00,2010-11-08 02:00:00,1000000.0,8101.2500000001055,-832.0000000000105,sell,1.39889,1.40721,961.0000000000117,3,146951.71601876005,2010
2010-11-08 23:00:00,2010-11-09 12:00:00,10000.0,81.68750000000068,-845.0000000000068,buy,1.39482,1.3863699999999999,1249.9999999999955,13,147034.21601876005,2010
2010-11-09 12:00:00,2010-11-09 17:00:00,10000.0,84.38750000000178,-867.0000000000177,sell,1.38631,1.39498,900.0000000000118,5,147118.91601876006,2010
2010-11-09 17:00:00,2010-11-09 22:00:00,10000.0,70.7875000000015,-731.0000000000149,sell,1.37739,1.3847,892.0000000000039,5,147190.01601876004,2010
2010-11-10 00:00:00,2010-11-11 13:00:00,10000.0,74.88749999999928,-791.9999999999926,sell,1.36924,1.37716,1323.0000000000075,37,147267.21601876,2010
2010-11-16 02:00:00,2010-11-16 16:00:00,10000.0,58.52500000000035,-614.0000000000034,sell,1.35537,1.36151,1015.0000000000102,14,147326.61601876005,2010
2010-11-16 17:00:00,2010-11-18 01:00:00,10000.0,72.09999999999894,-760.9999999999894,buy,1.35635,1.34874,1168.9999999999977,32,147400.71601876008,2010
2010-11-18 01:00:00,2010-11-18 09:00:00,147500.0,1154.925000000013,-808.0000000000086,buy,1.36311,1.35503,839.9999999999962,8,148563.0160187601,2010
2010-11-18 14:00:00,2010-11-19 08:00:00,505000.0,3144.8874999999953,-653.999999999999,buy,1.36915,1.36261,1072.0000000000061,18,151764.71601876014,2010
2010-11-22 10:00:00,2010-11-22 13:00:00,1000000.0,7131.249999999967,-734.9999999999967,sell,1.36662,1.37397,804.0000000000047,3,158914.71601876014,2010
2010-11-22 22:00:00,2010-11-23 07:00:00,10000.0,56.73749999999991,-592.9999999999991,sell,1.3562,1.36213,659.9999999999939,9,158972.01601876016,2010
2010-11-23 07:00:00,2010-11-23 14:00:00,10000.0,91.46250000000231,-939.0000000000231,sell,1.3478999999999999,1.35729,1208.0000000000089,7,159063.91601876015,2010
2010-11-23 14:00:00,2010-11-24 09:00:00,10000.0,92.81250000000053,-960.0000000000052,sell,1.33311,1.34271,1242.999999999994,19,159157.91601876015,2010
2010-11-24 13:00:00,2010-11-25 10:00:00,10000.0,83.78749999999995,-870.9999999999994,sell,1.32996,1.33867,1211.0000000000064,21,159243.01601876013,2010
2010-11-28 22:00:00,2010-11-29 01:00:00,1000000.0,5771.24999999994,-598.999999999994,sell,1.32138,1.32737,730.0000000000084,3,165033.01601876007,2010
2010-11-29 22:00:00,2010-11-30 09:00:00,10000.0,59.21249999999918,-618.9999999999917,sell,1.30424,1.31043,1073.999999999997,11,165092.9160187601,2010
2010-11-30 09:00:00,2010-12-01 11:00:00,10000.0,99.47500000000042,-1031.000000000004,buy,1.31112,1.30081,1428.0000000000068,26,165194.01601876,2010
2010-12-01 14:00:00,2010-12-02 08:00:00,10000.0,59.775000000001285,-629.0000000000128,buy,1.3159,1.30961,1117.0000000000123,18,165254.91601875998,2010
2010-12-02 09:00:00,2010-12-02 14:00:00,367500.0,3744.3656250000354,-1042.0000000000095,sell,1.30806,1.31848,1361.9999999999964,5,169010.76601876,2010
2010-12-06 22:00:00,2010-12-07 10:00:00,10000.0,64.2500000000015,-670.000000000015,buy,1.33776,1.33106,1015.0000000000102,12,169075.76601875998,2010
2010-12-07 10:00:00,2010-12-07 20:00:00,10000.0,66.17499999999997,-687.9999999999997,sell,1.32871,1.33559,1130.999999999993,10,169142.56601876,2010
2010-12-07 20:00:00,2010-12-08 13:00:00,10000.0,58.83749999999918,-618.9999999999917,sell,1.32091,1.3271,706.0000000000066,17,169202.46601875997,2010
2010-12-08 13:00:00,2010-12-09 02:00:00,10000.0,69.687500000002,-725.00000000002,buy,1.3307200000000001,1.32347,1030.0000000000198,13,169272.96601875997,2010
2010-12-09 02:00:00,2010-12-09 10:00:00,175000.0,1447.2500000000146,-852.0000000000082,sell,1.32188,1.3304,1011.0000000000063,8,170728.96601875997,2010
2010-12-13 09:00:00,2010-12-13 12:00:00,1000000.0,5281.25000000006,-550.000000000006,buy,1.32759,1.32209,670.9999999999993,3,176028.96601876002,2010
2010-12-13 13:00:00,2010-12-13 16:00:00,1000000.0,8321.249999999993,-853.9999999999991,buy,1.33843,1.32989,940.0000000000074,3,184368.96601876002,2010
2010-12-13 22:00:00,2010-12-14 08:00:00,10000.0,61.57500000000093,-642.0000000000092,buy,1.34522,1.3388,798.0000000000098,10,184431.16601876,2010
2010-12-14 08:00:00,2010-12-14 11:00:00,10000.0,51.6124999999994,-537.999999999994,buy,1.34941,1.34403,838.0000000000053,3,184482.96601876,2010
2010-12-14 11:00:00,2010-12-14 15:00:00,10000.0,68.54999999999976,-707.9999999999975,sell,1.33883,1.34591,923.000000000007,4,184551.76601876,2010
2010-12-20 22:00:00,2010-12-21 02:00:00,10000.0,57.45000000000031,-597.0000000000031,buy,1.31813,1.31216,686.0000000000088,4,184609.46601876002,2010
2010-12-21 02:00:00,2010-12-21 18:00:00,10000.0,53.100000000001145,-561.0000000000115,sell,1.31192,1.31753,821.000000000005,16,184663.56601876003,2010
2010-12-21 18:00:00,2010-12-22 04:00:00,10000.0,46.975000000000755,-496.0000000000075,buy,1.31345,1.30849,604.0000000000044,10,184711.16601876,2010
2010-12-22 09:00:00,2010-12-22 15:00:00,10000.0,67.02499999999947,-693.9999999999945,sell,1.30877,1.31571,930.0000000000085,6,184778.56601876,2010
2010-12-23 05:00:00,2010-12-23 11:00:00,257500.0,747.3937499999796,-313.99999999999204,sell,1.30955,1.31269,550.000000000006,6,185535.61601876,2010
2010-12-27 22:00:00,2010-12-28 01:00:00,10000.0,64.91250000000215,-671.0000000000215,buy,1.32309,1.3163799999999999,714.0000000000146,3,185600.71601876,2010
2010-12-28 03:00:00,2010-12-28 15:00:00,10000.0,101.05000000000055,-1038.0000000000055,sell,1.3139399999999999,1.32432,1341.0000000000143,12,185702.51601876,2010
2010-12-28 16:00:00,2010-12-29 17:00:00,10000.0,53.23750000000129,-568.0000000000128,buy,1.3179400000000001,1.31226,964.0000000000092,25,185757.31601876003,2010
2010-12-29 17:00:00,2010-12-30 01:00:00,10000.0,45.400000000000716,-479.00000000000716,buy,1.32379,1.319,499.00000000000495,8,185803.21601876002,2010
2010-12-30 01:00:00,2010-12-30 15:00:00,147500.0,745.243750000018,-534.0000000000122,buy,1.33031,1.32497,798.0000000000098,14,186561.36601876008,2010
2011-01-04 00:00:00,2011-01-04 10:00:00,10000.0,51.67500000000046,-543.0000000000045,buy,1.33959,1.33416,724.0000000000134,10,10052.299999999997,2011
2011-01-04 10:00:00,2011-01-04 16:00:00,10000.0,77.02500000000057,-794.0000000000058,sell,1.33192,1.33986,1140.9999999999918,6,10129.699999999999,2011
2011-01-04 16:00:00,2011-01-05 11:00:00,10000.0,64.21249999999968,-673.9999999999968,sell,1.32352,1.33026,946.0000000000023,19,10195.099999999997,2011
2011-01-05 11:00:00,2011-01-05 15:00:00,10000.0,79.4500000000001,-817.000000000001,sell,1.315,1.32317,936.0000000000034,4,10274.799999999997,2011
2011-01-05 15:00:00,2011-01-06 16:00:00,10000.0,101.13749999999979,-1046.999999999998,sell,1.30363,1.3141,1556.0000000000016,25,10377.5,2011
2011-01-11 00:00:00,2011-01-12 01:00:00,10000.0,47.43749999999882,-509.9999999999882,buy,1.29835,1.29325,788.9999999999952,25,10426.499999999996,2011
2011-01-12 04:00:00,2011-01-12 15:00:00,10000.0,46.21250000000061,-489.0000000000061,buy,1.3041,1.29921,794.0000000000058,11,10473.399999999994,2011
2011-01-12 15:00:00,2011-01-12 19:00:00,10000.0,61.75000000000183,-640.0000000000183,buy,1.31278,1.3063799999999999,734.9999999999967,4,10535.399999999996,2011
2011-01-12 19:00:00,2011-01-13 14:00:00,10000.0,139.91250000000045,-1431.0000000000043,buy,1.32765,1.31334,1878.0000000000018,19,10676.499999999995,2011
2011-01-13 14:00:00,2011-01-14 09:00:00,106764.99999999994,902.2977062499699,-876.9999999999721,buy,1.3412,1.3324300000000002,1088.9999999999843,19,11591.476049999987,2011
2011-01-17 22:00:00,2011-01-18 07:00:00,10000.0,58.33749999999929,-608.9999999999928,buy,1.33385,1.32776,855.0000000000057,9,11650.376049999984,2011
2011-01-18 07:00:00,2011-01-18 13:00:00,10000.0,49.624999999998714,-519.9999999999872,buy,1.34028,1.33508,547.9999999999928,6,11700.376049999983,2011
2011-01-18 13:00:00,2011-01-19 06:00:00,10000.0,77.23749999999981,-802.9999999999981,buy,1.3472,1.33917,1163.0000000000027,17,11778.67604999998,2011
2011-01-19 12:00:00,2011-01-20 01:00:00,10000.0,67.6875,-705.0,sell,1.34436,1.35141,944.9999999999958,13,11847.17604999998,2011
2011-01-20 01:00:00,2011-01-20 11:00:00,118471.7604999998,597.9862111237665,-531.0000000000148,buy,1.34904,1.3437299999999999,719.000000000003,10,12452.566746154997,2011
2011-01-24 12:00:00,2011-01-24 15:00:00,124525.66746154998,742.3286351551741,-618.0000000000074,buy,1.36365,1.35747,673.0000000000124,3,13197.230237575073,2011
2011-01-25 01:00:00,2011-01-25 10:00:00,10000.0,95.73750000000005,-983.0000000000005,sell,1.35771,1.36754,1100.000000000012,9,13293.530237575073,2011
2011-01-25 10:00:00,2011-01-25 16:00:00,10000.0,75.22500000000211,-776.000000000021,buy,1.3671200000000001,1.35936,947.0000000000089,6,13369.130237575075,2011
2011-01-25 16:00:00,2011-01-27 11:00:00,10000.0,88.2125000000002,-929.0000000000019,buy,1.37372,1.36443,1048.0000000000043,43,13460.030237575073,2011
2011-01-27 11:00:00,2011-01-28 16:00:00,134600.30237575073,1375.4468399022248,-1060.0000000000164,sell,1.3626099999999999,1.37321,1321.0000000000166,29,14859.873382282902,2011
2011-01-31 22:00:00,2011-02-01 11:00:00,10000.0,56.087500000001725,-589.0000000000173,buy,1.37515,1.36926,619.000000000014,13,14916.773382282903,2011
2011-02-01 11:00:00,2011-02-01 18:00:00,10000.0,58.46249999999929,-608.9999999999928,buy,1.38221,1.37612,948.9999999999998,7,14975.673382282905,2011
2011-02-01 18:00:00,2011-02-03 12:00:00,10000.0,56.27500000000151,-609.000000000015,sell,1.3760999999999999,1.38219,1002.0000000000139,42,15034.573382282906,2011
2011-02-03 12:00:00,2011-02-03 14:00:00,150345.73382282906,1300.1147332328944,-885.9999999999867,sell,1.36647,1.37533,1027.0,2,16336.567437188585,2011
2011-02-03 14:00:00,2011-02-04 14:00:00,163365.67437188586,864.2044174272546,-563.9999999999867,sell,1.3584,1.36404,905.0000000000002,24,17225.276705771623,2011
2011-02-07 09:00:00,2011-02-07 12:00:00,172252.76705771624,907.9873983529858,-548.9999999999994,sell,1.35442,1.35991,588.999999999995,3,18136.49384350694,2011
2011-02-07 22:00:00,2011-02-08 07:00:00,10000.0,48.5375000000017,-511.00000000001694,buy,1.36305,1.35794,584.0000000000067,9,18185.593843506947,2011
2011-02-08 08:00:00,2011-02-08 12:00:00,10000.0,40.349999999999305,-425.999999999993,buy,1.36642,1.36216,714.9999999999989,4,18226.193843506946,2011
2011-02-08 12:00:00,2011-02-09 16:00:00,10000.0,59.35000000000038,-631.0000000000038,buy,1.3704,1.36409,931.0000000000151,28,18287.293843506945,2011
2011-02-09 17:00:00,2011-02-10 09:00:00,10000.0,58.299999999999685,-612.9999999999968,sell,1.36449,1.37062,988.000000000011,16,18346.593843506947,2011
2011-02-14 06:00:00,2011-02-14 09:00:00,183465.9384350695,1225.7818011693314,-690.0000000000127,sell,1.34775,1.3546500000000001,802.9999999999981,3,19575.81563102193,2011
2011-02-14 22:00:00,2011-02-15 12:00:00,10000.0,39.124999999999815,-419.9999999999981,buy,1.35323,1.34903,714.9999999999989,14,19615.815631021924,2011
2011-02-15 16:00:00,2011-02-16 07:00:00,10000.0,62.462499999999906,-653.999999999999,buy,1.35604,1.3495,838.9999999999897,15,19679.21563102192,2011
2011-02-16 07:00:00,2011-02-16 14:00:00,10000.0,71.16250000000034,-736.0000000000033,sell,1.34701,1.35437,981.9999999999939,7,19750.81563102192,2011
2011-02-16 14:00:00,2011-02-16 17:00:00,10000.0,57.81250000000006,-600.0000000000005,buy,1.35438,1.34838,695.0000000000011,3,19808.815631021924,2011
2011-02-21 22:00:00,2011-02-22 01:00:00,10000.0,34.412499999999966,-365.9999999999996,sell,1.36363,1.36729,465.00000000000426,3,19843.415631021922,2011
2011-02-22 01:00:00,2011-02-22 08:00:00,10000.0,49.762500000000024,-522.0000000000002,sell,1.35494,1.36016,652.9999999999924,7,19893.61563102193,2011
2011-02-22 08:00:00,2011-02-22 11:00:00,10000.0,80.61250000000065,-828.0000000000065,buy,1.36365,1.35537,859.0000000000097,3,19974.41563102193,2011
2011-02-22 11:00:00,2011-02-23 12:00:00,10000.0,59.83750000000012,-634.0000000000011,buy,1.37336,1.36702,983.0000000000005,25,20035.815631021935,2011
2011-02-23 12:00:00,2011-02-24 10:00:00,10000.0,51.72499999999904,-550.9999999999903,buy,1.37859,1.37308,818.0000000000075,22,20088.91563102193,2011
2011-02-28 07:00:00,2011-02-28 10:00:00,200889.1563102193,1040.856941132338,-540.000000000007,buy,1.38186,1.37646,592.0000000000147,3,21133.539243835083,2011
2011-03-01 08:00:00,2011-03-01 20:00:00,10000.0,60.94999999999987,-636.9999999999986,sell,1.37706,1.38343,831.0000000000039,12,21195.23924383508,2011
2011-03-01 20:00:00,2011-03-02 11:00:00,10000.0,55.96249999999951,-588.999999999995,buy,1.38309,1.3772,880.9999999999984,15,21252.13924383508,2011
2011-03-02 11:00:00,2011-03-02 16:00:00,10000.0,47.1875000000001,-495.00000000000097,buy,1.38768,1.38273,753.0000000000036,5,21299.639243835078,2011
2011-03-02 16:00:00,2011-03-03 14:00:00,10000.0,90.32500000000101,-937.00000000001,buy,1.3963700000000001,1.387,1310.0000000000111,22,21391.33924383507,2011
2011-03-07 07:00:00,2011-03-07 10:00:00,213913.39243835074,992.8255326545137,-486.0000000000086,buy,1.40246,1.3976,696.0000000000076,3,22388.175652597805,2011
2011-03-07 15:00:00,2011-03-07 18:00:00,223881.75652597807,958.4937701268321,-449.9999999999948,sell,1.39667,1.40117,469.9999999999926,3,23350.8672056595,2011
2011-03-07 22:00:00,2011-03-08 09:00:00,10000.0,32.11249999999927,-347.9999999999927,sell,1.3931,1.39658,574.0000000000078,11,23383.667205659498,2011
2011-03-08 09:00:00,2011-03-08 15:00:00,10000.0,48.7250000000017,-511.00000000001694,sell,1.3875,1.3926100000000001,656.9999999999965,6,23432.767205659504,2011
2011-03-08 16:00:00,2011-03-10 08:00:00,10000.0,71.80000000000025,-763.0000000000025,sell,1.38322,1.39085,1086.000000000009,40,23507.067205659496,2011
2011-03-14 22:00:00,2011-03-15 03:00:00,10000.0,42.187500000000654,-445.0000000000065,sell,1.39468,1.39913,533.0000000000057,5,23549.5672056595,2011
2011-03-15 03:00:00,2011-03-15 10:00:00,10000.0,51.46250000000006,-539.0000000000006,sell,1.38731,1.3927,737.9999999999942,7,23601.467205659505,2011
2011-03-15 10:00:00,2011-03-15 15:00:00,10000.0,84.98750000000126,-873.0000000000126,buy,1.39633,1.3876,1001.0000000000074,5,23686.767205659507,2011
2011-03-15 15:00:00,2011-03-16 18:00:00,10000.0,71.91250000000011,-756.000000000001,sell,1.38909,1.39665,1214.0000000000039,27,23760.36720565951,2011
2011-03-16 18:00:00,2011-03-17 09:00:00,10000.0,81.56250000000068,-845.0000000000068,buy,1.39856,1.39011,1174.0000000000082,15,23842.86720565951,2011
2011-03-22 02:00:00,2011-03-22 15:00:00,10000.0,32.48750000000033,-353.0000000000033,sell,1.41868,1.42221,611.0000000000059,13,23876.16720565951,2011
2011-03-22 15:00:00,2011-03-23 00:00:00,10000.0,36.337499999999494,-388.9999999999949,sell,1.41697,1.42086,479.99999999999153,9,23913.067205659507,2011
2011-03-23 10:00:00,2011-03-23 12:00:00,10000.0,47.3750000000001,-495.00000000000097,sell,1.41432,1.41927,529.0000000000016,2,23960.567205659507,2011
2011-03-23 12:00:00,2011-03-23 21:00:00,10000.0,45.73750000000112,-483.00000000001114,sell,1.40888,1.41371,731.0000000000149,9,24006.867205659506,2011
2011-03-24 01:00:00,2011-03-24 12:00:00,147500.0,649.1843750000256,-467.00000000001734,buy,1.41328,1.40861,794.0000000000058,11,24666.19220565953,2011
2011-03-28 11:00:00,2011-03-28 14:00:00,246661.9220565953,1130.0199304217565,-479.99999999999153,buy,1.40878,1.40398,615.9999999999943,3,25800.837047119843,2011
2011-03-28 22:00:00,2011-03-29 06:00:00,10000.0,34.000000000001535,-365.0000000000153,buy,1.41145,1.4078,517.0000000000118,8,25835.33704711984,2011
2011-03-29 07:00:00,2011-03-29 11:00:00,10000.0,41.04999999999945,-432.9999999999945,sell,1.40855,1.41288,628.0000000000063,4,25876.63704711984,2011
2011-03-29 11:00:00,2011-03-29 21:00:00,10000.0,41.67499999999934,-442.99999999999335,buy,1.41106,1.40663,639.999999999996,10,25918.937047119838,2011
2011-03-29 22:00:00,2011-03-30 07:00:00,10000.0,42.537500000000136,-451.00000000000136,sell,1.40642,1.41093,625.0000000000089,9,25962.03704711984,2011
2011-04-04 22:00:00,2011-04-05 10:00:00,10000.0,38.35000000000058,-411.0000000000058,sell,1.4174,1.42151,577.0000000000052,12,26001.137047119846,2011
2011-04-05 10:00:00,2011-04-05 16:00:00,10000.0,56.22499999999977,-585.9999999999976,buy,1.42273,1.41687,761.0000000000116,6,26057.73704711985,2011
2011-04-05 16:00:00,2011-04-06 07:00:00,10000.0,52.96250000000206,-559.0000000000206,buy,1.42816,1.42257,738.0000000000164,15,26111.63704711985,2011
2011-04-06 07:00:00,2011-04-06 15:00:00,10000.0,40.70000000000101,-432.0000000000101,buy,1.43436,1.43004,704.0000000000157,8,26152.837047119854,2011
2011-04-06 15:00:00,2011-04-07 10:00:00,10000.0,44.712500000000716,-479.00000000000716,sell,1.42821,1.433,601.000000000007,19,26198.73704711985,2011
2011-04-11 22:00:00,2011-04-12 04:00:00,10000.0,37.72500000000069,-401.0000000000069,sell,1.43936,1.44337,424.0000000000021,6,26236.83704711985,2011
2011-04-12 04:00:00,2011-04-12 10:00:00,10000.0,50.32499999999886,-526.9999999999885,buy,1.44552,1.44025,751.999999999997,6,26287.537047119848,2011
2011-04-12 12:00:00,2011-04-12 16:00:00,10000.0,50.849999999999255,-530.9999999999925,sell,1.44558,1.45089,629.9999999999972,4,26338.637047119846,2011
2011-04-12 16:00:00,2011-04-14 10:00:00,10000.0,64.77499999999947,-693.9999999999945,sell,1.44126,1.4482,1072.0000000000061,42,26406.03704711986,2011
2011-04-14 10:00:00,2011-04-14 15:00:00,264060.37047119864,1623.6412029347964,-638.0000000000052,buy,1.4457,1.43932,919.0000000000031,5,28037.930136631883,2011
2011-04-18 22:00:00,2011-04-19 10:00:00,10000.0,54.250000000000384,-570.0000000000038,buy,1.42784,1.42214,734.9999999999967,12,28092.930136631883,2011
2011-04-19 10:00:00,2011-04-19 18:00:00,10000.0,55.40000000000184,-579.0000000000183,buy,1.4336900000000001,1.4279,695.0000000000233,8,28148.83013663188,2011
2011-04-19 18:00:00,2011-04-20 03:00:00,10000.0,50.537499999999255,-530.9999999999925,buy,1.4395,1.43419,672.0000000000059,9,28199.93013663188,2011
2011-04-20 03:00:00,2011-04-20 09:00:00,10000.0,84.42500000000021,-868.000000000002,buy,1.44864,1.43996,1044.0000000000005,6,28284.73013663188,2011
2011-04-20 09:00:00,2011-04-21 01:00:00,10000.0,55.79999999999885,-587.9999999999885,buy,1.45542,1.44954,713.9999999999924,16,28341.530136631874,2011
2011-04-25 22:00:00,2011-04-26 01:00:00,10000.0,64.0125000000007,-662.0000000000069,sell,1.45081,1.45743,787.0000000000043,3,28405.730136631875,2011
2011-04-26 01:00:00,2011-04-26 08:00:00,10000.0,57.46250000000162,-599.0000000000161,buy,1.45998,1.45399,926.0000000000045,7,28463.63013663188,2011
2011-04-26 08:00:00,2011-04-26 23:00:00,10000.0,60.36250000000169,-633.0000000000168,buy,1.46852,1.4621899999999999,870.0000000000151,15,28524.93013663188,2011
2011-04-26 23:00:00,2011-04-27 15:00:00,10000.0,56.29999999999991,-592.9999999999991,sell,1.4643,1.47023,680.0000000000139,16,28582.23013663188,2011
2011-04-27 15:00:00,2011-04-27 18:00:00,10000.0,63.01250000000081,-652.0000000000081,buy,1.47248,1.46596,953.0000000000038,3,28645.43013663188,2011
2011-05-02 23:00:00,2011-05-03 16:00:00,10000.0,73.33750000000092,-764.0000000000091,buy,1.48723,1.47959,1181.0000000000098,17,28719.83013663188,2011
2011-05-03 18:00:00,2011-05-04 13:00:00,10000.0,91.61250000000155,-948.0000000000155,buy,1.49167,1.48219,1422.000000000012,19,28812.630136631884,2011
2011-05-04 13:00:00,2011-05-04 16:00:00,10000.0,64.51249999999953,-666.9999999999953,sell,1.48601,1.49268,795.9999999999966,3,28877.330136631885,2011
2011-05-04 16:00:00,2011-05-05 13:00:00,10000.0,137.1875000000012,-1405.0000000000116,sell,1.47064,1.48469,1923.000000000008,21,29015.830136631877,2011
2011-05-05 13:00:00,2011-05-05 16:00:00,290158.3013663188,2449.298761408471,-866.0000000000111,sell,1.4583599999999999,1.46702,1022.0000000000117,3,31470.569366190968,2011
2011-05-09 11:00:00,2011-05-09 14:00:00,314705.6936619097,3219.8326282784355,-1045.000000000007,sell,1.42898,1.43943,1181.0000000000098,3,34696.302726225564,2011
2011-05-09 22:00:00,2011-05-10 06:00:00,10000.0,80.10000000000156,-826.0000000000156,sell,1.42892,1.4371800000000001,855.0000000000057,8,34776.90272622556,2011
2011-05-10 06:00:00,2011-05-10 19:00:00,10000.0,70.48750000000058,-733.0000000000058,buy,1.43937,1.43204,903.0000000000093,13,34848.20272622555,2011
2011-05-10 19:00:00,2011-05-11 14:00:00,10000.0,91.61249999999933,-947.9999999999932,sell,1.43018,1.43966,1209.9999999999998,19,34941.00272622556,2011
2011-05-11 14:00:00,2011-05-11 17:00:00,10000.0,69.41250000000055,-716.0000000000055,sell,1.42208,1.42924,906.0000000000067,3,35010.60272622556,2011
2011-05-16 12:00:00,2011-05-16 14:00:00,350106.0272622556,2106.763019050608,-622.9999999999957,buy,1.41902,1.41279,645.999999999991,2,37121.74207061694,2011
2011-05-16 22:00:00,2011-05-17 19:00:00,10000.0,64.18750000000034,-675.0000000000033,buy,1.42249,1.41574,1045.000000000007,21,37187.242070616936,2011
2011-05-17 19:00:00,2011-05-19 17:00:00,10000.0,75.92500000000086,-808.0000000000086,buy,1.43049,1.42241,1102.000000000003,46,37266.042070616946,2011
2011-05-19 17:00:00,2011-05-20 12:00:00,372660.4207061695,3015.2886290388046,-841.0000000000028,sell,1.42275,1.43116,1175.0000000000148,19,40325.58412461461,2011
2011-05-23 22:00:00,2011-05-24 10:00:00,10000.0,66.24999999999906,-689.9999999999906,buy,1.41042,1.40352,1031.000000000004,12,40392.5841246146,2011
2011-05-24 10:00:00,2011-05-25 06:00:00,10000.0,58.450000000002305,-617.0000000000231,sell,1.40359,1.4097600000000001,969.0000000000198,20,40452.2841246146,2011
2011-05-25 06:00:00,2011-05-25 10:00:00,10000.0,50.65000000000017,-529.0000000000016,buy,1.40716,1.40187,584.0000000000067,4,40503.1841246146,2011
2011-05-25 10:00:00,2011-05-26 01:00:00,10000.0,73.76250000000066,-767.0000000000065,buy,1.41419,1.40652,1151.000000000013,15,40577.88412461459,2011
2011-05-26 01:00:00,2011-05-26 15:00:00,147500.0,877.9937500000034,-624.0000000000023,sell,1.41008,1.41632,1053.9999999999993,14,41468.78412461459,2011
2011-05-30 21:00:00,2011-05-31 00:00:00,414687.84124614595,1696.5916304983095,-431.0000000000036,buy,1.43307,1.42876,456.99999999999625,3,43173.15115213627,2011
2011-05-31 00:00:00,2011-05-31 23:00:00,10000.0,44.06250000000032,-475.0000000000032,buy,1.44242,1.43767,639.0000000000117,23,43218.65115213626,2011
2011-05-31 23:00:00,2011-06-01 19:00:00,10000.0,44.55000000000007,-478.0000000000006,sell,1.43743,1.44221,838.0000000000053,20,43264.45115213627,2011
2011-06-01 19:00:00,2011-06-02 09:00:00,10000.0,64.02499999999863,-668.9999999999862,buy,1.44061,1.43392,997.0000000000034,14,43329.35115213627,2011
2011-06-02 14:00:00,2011-06-02 18:00:00,433293.5115213627,2285.623273275118,-550.000000000006,buy,1.4496100000000003,1.4441100000000002,941.0000000000362,4,45625.806763199515,2011
2011-06-06 22:00:00,2011-06-07 07:00:00,10000.0,57.33750000000162,-599.0000000000161,buy,1.4641600000000001,1.45817,785.0000000000134,9,45683.70676319952,2011
2011-06-07 08:00:00,2011-06-08 11:00:00,10000.0,44.31250000000138,-480.0000000000137,sell,1.46254,1.46734,703.0000000000091,27,45729.706763199516,2011
2011-06-08 11:00:00,2011-06-08 19:00:00,10000.0,44.49999999999926,-469.9999999999926,sell,1.45774,1.46244,612.9999999999968,8,45774.70676319951,2011
2011-06-08 19:00:00,2011-06-09 02:00:00,10000.0,45.462500000000716,-479.00000000000716,buy,1.4619900000000001,1.4572,559.0000000000206,7,45820.60676319951,2011
2011-06-09 02:00:00,2011-06-09 13:00:00,175000.0,1501.7187500000043,-885.0000000000024,sell,1.45345,1.4623,1166.0000000000002,11,47334.3567631995,2011
2011-06-14 00:00:00,2011-06-14 08:00:00,10000.0,66.50000000000128,-690.0000000000127,buy,1.44538,1.43848,748.0000000000152,8,47401.3567631995,2011
2011-06-14 14:00:00,2011-06-15 01:00:00,10000.0,50.41250000000148,-531.0000000000148,sell,1.44237,1.44768,728.0000000000175,11,47452.45676319951,2011
2011-06-15 01:00:00,2011-06-15 09:00:00,10000.0,73.39999999999986,-758.9999999999985,sell,1.43349,1.44108,940.0000000000074,8,47526.3567631995,2011
2011-06-15 09:00:00,2011-06-15 16:00:00,10000.0,89.26250000000122,-917.0000000000122,sell,1.42214,1.43131,988.000000000011,7,47616.05676319951,2011
2011-06-15 16:00:00,2011-06-16 05:00:00,10000.0,73.48750000000025,-763.0000000000025,sell,1.4128,1.42043,783.0000000000003,13,47690.3567631995,2011
2011-06-20 11:00:00,2011-06-20 14:00:00,476903.5676319951,4163.964274886864,-895.0000000000013,buy,1.43137,1.42242,936.0000000000034,3,51863.262979979474,2011
2011-06-20 22:00:00,2011-06-21 13:00:00,10000.0,57.162500000000705,-601.000000000007,buy,1.43838,1.43237,800.0000000000007,15,51921.36297997947,2011
2011-06-21 13:00:00,2011-06-22 15:00:00,10000.0,61.875000000000554,-655.0000000000056,buy,1.4432,1.43665,868.000000000002,26,51984.86297997945,2011
2011-06-22 15:00:00,2011-06-22 22:00:00,10000.0,61.562499999999616,-639.999999999996,sell,1.43364,1.44004,922.0000000000006,7,52046.86297997944,2011
2011-06-22 22:00:00,2011-06-23 10:00:00,65000.0,401.3750000000043,-645.0000000000066,sell,1.42483,1.43128,844.0000000000002,12,52453.11297997944,2011
2011-06-27 12:00:00,2011-06-27 15:00:00,524531.1297997945,4616.529606150457,-902.0000000000027,buy,1.4278,1.41878,1097.9999999999989,3,57079.47754481364,2011
2011-06-28 05:00:00,2011-06-28 14:00:00,10000.0,46.9375000000001,-495.00000000000097,buy,1.43207,1.42712,832.9999999999948,9,57126.97754481364,2011
2011-06-28 14:00:00,2011-06-29 23:00:00,10000.0,107.937500000001,-1120.0000000000098,buy,1.44753,1.4363299999999999,1473.9999999999975,33,57236.977544813635,2011
2011-06-29 23:00:00,2011-07-01 07:00:00,92500.0,595.6999999999961,-683.9999999999735,buy,1.4533599999999998,1.44652,861.9999999999849,32,57851.17754481364,2011
2011-07-04 22:00:00,2011-07-05 02:00:00,10000.0,60.25000000000089,-625.0000000000089,sell,1.4484299999999999,1.45468,681.0000000000205,4,57911.67754481364,2011
2011-07-05 02:00:00,2011-07-05 19:00:00,10000.0,68.13750000000016,-712.0000000000015,sell,1.44123,1.44835,858.0000000000032,17,57980.87754481365,2011
2011-07-05 20:00:00,2011-07-06 09:00:00,10000.0,63.7875000000011,-666.000000000011,sell,1.4359,1.44256,1069.0000000000086,13,58045.47754481366,2011
2011-07-06 09:00:00,2011-07-06 15:00:00,10000.0,48.124999999999986,-504.99999999999983,sell,1.43058,1.43563,645.0000000000066,6,58093.97754481366,2011
2011-07-06 15:00:00,2011-07-07 12:00:00,10000.0,64.98750000000113,-683.0000000000114,sell,1.42579,1.43262,890.000000000013,21,58160.27754481366,2011
2011-07-11 22:00:00,2011-07-12 03:00:00,10000.0,84.6874999999993,-869.999999999993,sell,1.39493,1.40363,975.999999999999,5,58245.27754481366,2011
2011-07-12 03:00:00,2011-07-12 08:00:00,10000.0,111.18749999999972,-1134.999999999997,sell,1.38467,1.39602,1288.0000000000002,5,58356.77754481366,2011
2011-07-12 08:00:00,2011-07-12 14:00:00,10000.0,81.82500000000094,-842.0000000000093,buy,1.39925,1.39083,910.0000000000107,6,58438.977544813664,2011
2011-07-12 14:00:00,2011-07-13 10:00:00,10000.0,113.64999999999978,-1168.9999999999977,buy,1.41053,1.39884,1546.0000000000027,20,58553.87754481366,2011
2011-07-13 10:00:00,2011-07-13 15:00:00,10000.0,91.08750000000126,-934.0000000000125,buy,1.41606,1.40672,1251.000000000002,5,58645.27754481366,2011
2011-07-18 22:00:00,2011-07-19 09:00:00,10000.0,69.31250000000095,-720.0000000000094,buy,1.41843,1.41123,1160.0000000000055,11,58715.277544813674,2011
2011-07-19 15:00:00,2011-07-20 19:00:00,10000.0,65.45000000000037,-692.0000000000036,buy,1.42255,1.41563,1177.99999999999,28,58782.477544813686,2011
2011-07-20 22:00:00,2011-07-21 10:00:00,65000.0,606.7749999999933,-960.9999999999895,sell,1.4169,1.42651,1253.9999999999995,12,59394.12754481369,2011
2011-07-21 10:00:00,2011-07-21 13:00:00,395000.0,4993.293750000037,-1286.0000000000093,buy,1.43035,1.41749,1344.0000000000118,3,64394.82754481372,2011
2011-07-21 13:00:00,2011-07-21 19:00:00,477500.0,3845.0687499999563,-828.9999999999908,buy,1.44082,1.43253,856.9999999999966,6,68257.80254481368,2011
2011-07-25 22:00:00,2011-07-26 02:00:00,10000.0,48.25000000000221,-505.00000000002206,buy,1.4420600000000001,1.43701,639.0000000000117,4,68306.30254481368,2011
2011-07-26 05:00:00,2011-07-27 15:00:00,10000.0,108.17500000000074,-1123.0000000000073,sell,1.43838,1.44961,1514.9999999999995,34,68416.60254481372,2011
2011-07-27 15:00:00,2011-07-28 10:00:00,10000.0,67.41250000000066,-706.0000000000066,sell,1.42994,1.437,1005.0000000000114,19,68485.20254481373,2011
2011-07-28 20:00:00,2011-07-29 09:00:00,670000.0,3483.1625000001013,-548.0000000000151,sell,1.42759,1.43307,870.0000000000151,13,72022.80254481384,2011
2011-08-01 11:00:00,2011-08-01 14:00:00,720228.0254481384,6432.536552283679,-914.9999999999991,sell,1.43323,1.44238,937.00000000001,3,78468.84337257467,2011
2011-08-01 22:00:00,2011-08-02 07:00:00,10000.0,68.73750000000081,-713.000000000008,sell,1.41883,1.4259600000000001,936.0000000000034,9,78538.14337257466,2011
2011-08-02 07:00:00,2011-08-02 14:00:00,10000.0,70.86250000000058,-733.0000000000058,buy,1.4265700000000001,1.41924,1145.0000000000182,7,78609.44337257466,2011
2011-08-02 16:00:00,2011-08-03 10:00:00,10000.0,114.07499999999953,-1171.9999999999952,buy,1.432,1.42028,1773.0000000000023,18,78724.64337257468,2011
2011-08-03 10:00:00,2011-08-04 10:00:00,10000.0,98.40000000000143,-1019.0000000000142,sell,1.42197,1.43216,1520.00000000001,24,78824.54337257467,2011
2011-08-08 22:00:00,2011-08-09 07:00:00,10000.0,89.13750000000122,-917.0000000000122,buy,1.4269,1.41773,1170.0000000000043,9,78914.24337257467,2011
2011-08-09 07:00:00,2011-08-09 20:00:00,10000.0,118.48749999999974,-1212.9999999999973,buy,1.43303,1.4209,1469.000000000009,13,79033.54337257467,2011
2011-08-09 20:00:00,2011-08-10 14:00:00,10000.0,168.1750000000009,-1713.0000000000089,sell,1.42005,1.4371800000000001,1994.9999999999911,18,79202.84337257466,2011
2011-08-10 21:00:00,2011-08-11 07:00:00,37500.0,334.7812500000012,-919.0000000000031,buy,1.42537,1.41618,1314.9999999999993,10,79539.96837257466,2011
2011-08-11 07:00:00,2011-08-11 12:00:00,312500.0,2965.2343749999845,-971.999999999995,sell,1.41507,1.42479,1236.999999999999,5,82514.96837257463,2011
2011-08-15 10:00:00,2011-08-15 13:00:00,825149.6837257463,5810.085210533948,-726.0000000000043,buy,1.43688,1.42962,841.0000000000028,3,88340.52513967843,2011
2011-08-15 22:00:00,2011-08-16 09:00:00,10000.0,48.4125000000017,-511.00000000001694,sell,1.4381,1.44321,641.0000000000026,11,88389.62513967842,2011
2011-08-16 10:00:00,2011-08-16 16:00:00,10000.0,51.52500000000228,-539.0000000000227,buy,1.4417200000000001,1.4363299999999999,633.0000000000168,6,88441.52513967842,2011
2011-08-17 07:00:00,2011-08-17 11:00:00,10000.0,56.249999999999105,-584.999999999991,buy,1.44511,1.43926,751.999999999997,4,88498.02513967843,2011
2011-08-17 11:00:00,2011-08-17 21:00:00,10000.0,56.77500000000056,-594.0000000000056,sell,1.44272,1.44866,895.0000000000013,10,88555.42513967841,2011
2011-08-22 06:00:00,2011-08-22 08:00:00,885554.2513967841,4398.990743813492,-517.9999999999962,buy,1.4407400000000001,1.4355600000000002,549.0000000000216,2,92965.48531163455,2011
2011-08-22 22:00:00,2011-08-23 08:00:00,10000.0,98.77500000000038,-1014.0000000000038,buy,1.4463,1.4361599999999999,1097.9999999999989,10,93064.88531163454,2011
2011-08-23 08:00:00,2011-08-23 14:00:00,10000.0,75.42499999999899,-777.9999999999898,sell,1.43869,1.44647,1124.9999999999982,6,93140.68531163456,2011
2011-08-23 14:00:00,2011-08-24 10:00:00,10000.0,69.35000000000045,-726.0000000000043,buy,1.44653,1.43927,883.0000000000115,20,93211.28531163455,2011
2011-08-24 10:00:00,2011-08-25 15:00:00,10000.0,91.2875000000013,-951.0000000000128,sell,1.43533,1.4448400000000001,1273.9999999999973,29,93304.38531163457,2011
2011-08-29 22:00:00,2011-08-30 09:00:00,10000.0,81.81250000000068,-845.0000000000068,sell,1.4436,1.45205,966.0000000000001,11,93386.88531163457,2011
2011-08-30 14:00:00,2011-08-31 18:00:00,10000.0,54.25000000000027,-580.0000000000027,sell,1.43723,1.44303,964.0000000000092,28,93442.88531163463,2011
2011-08-31 18:00:00,2011-09-01 08:00:00,10000.0,73.82500000000066,-767.0000000000065,sell,1.43034,1.43801,818.0000000000075,14,93517.58531163464,2011
2011-09-01 08:00:00,2011-09-01 15:00:00,340000.0,1487.9250000000234,-462.0000000000068,sell,1.42517,1.4297900000000001,625.9999999999932,7,95020.38531163467,2011
2011-09-01 15:00:00,2011-09-02 15:00:00,532500.0,3562.425000000084,-704.0000000000157,sell,1.42095,1.42799,879.0000000000075,24,98662.68531163473,2011
2011-09-05 22:00:00,2011-09-06 09:00:00,10000.0,115.81250000000138,-1185.0000000000136,buy,1.41839,1.40654,1455.0000000000061,11,98779.18531163473,2011
2011-09-06 09:00:00,2011-09-06 13:00:00,10000.0,127.14999999999952,-1293.999999999995,sell,1.40483,1.41777,1490.9999999999977,4,98906.58531163473,2011
2011-09-06 15:00:00,2011-09-07 20:00:00,10000.0,98.48749999999961,-1022.999999999996,buy,1.41012,1.39989,1266.0000000000114,29,99006.8853116347,2011
2011-09-07 20:00:00,2011-09-08 13:00:00,10000.0,106.83750000000055,-1099.0000000000055,sell,1.39852,1.40951,1147.9999999999934,17,99114.7853116347,2011
2011-09-08 13:00:00,2011-09-08 18:00:00,477500.0,4187.078124999951,-899.9999999999897,sell,1.38992,1.39892,1158.9999999999989,5,103316.78531163465,2011
2011-09-13 03:00:00,2011-09-13 08:00:00,10000.0,95.68750000000031,-980.000000000003,sell,1.35857,1.36837,1090.9999999999975,5,103412.78531163465,2011
2011-09-13 08:00:00,2011-09-13 17:00:00,10000.0,88.23749999999977,-907.9999999999976,buy,1.37082,1.36174,1229.9999999999977,9,103501.58531163461,2011
2011-09-14 03:00:00,2011-09-14 11:00:00,10000.0,74.80000000000015,-773.0000000000014,buy,1.37134,1.36361,1222.9999999999961,8,103576.8853116346,2011
2011-09-14 13:00:00,2011-09-15 10:00:00,10000.0,106.78749999999964,-1100.9999999999964,buy,1.38005,1.36904,1648.0000000000048,21,103684.98531163459,2011
2011-09-15 10:00:00,2011-09-15 18:00:00,395000.0,2599.100000000045,-683.0000000000114,buy,1.38839,1.38156,1127.0000000000111,8,106303.83531163463,2011
2011-09-19 20:00:00,2011-09-19 23:00:00,1000000.0,7661.250000000109,-788.0000000000108,sell,1.36032,1.3682,859.0000000000097,3,113983.83531163474,2011
2011-09-19 23:00:00,2011-09-20 10:00:00,10000.0,81.11250000000054,-838.0000000000053,buy,1.37073,1.36235,1143.000000000005,11,114065.63531163475,2011
2011-09-20 13:00:00,2011-09-21 18:00:00,10000.0,85.38750000000039,-892.0000000000039,buy,1.37713,1.36821,1422.9999999999964,29,114152.83531163476,2011
2011-09-21 18:00:00,2011-09-21 21:00:00,10000.0,93.71249999999988,-958.9999999999986,sell,1.35727,1.36686,1211.0000000000064,3,114246.73531163477,2011
2011-09-21 21:00:00,2011-09-22 10:00:00,37500.0,394.8281250000078,-1081.0000000000207,sell,1.34767,1.3584800000000001,1235.0000000000082,13,114644.61031163478,2011
2011-09-25 22:00:00,2011-09-26 01:00:00,1000000.0,11981.250000000211,-1220.000000000021,sell,1.34204,1.35424,1240.0000000000189,3,126644.610311635,2011
2011-09-26 22:00:00,2011-09-27 14:00:00,10000.0,115.10000000000099,-1181.0000000000098,buy,1.36362,1.35181,1574.0000000000086,16,126760.710311635,2011
2011-09-27 14:00:00,2011-09-28 21:00:00,10000.0,86.36250000000094,-903.0000000000093,sell,1.35429,1.36332,1465.000000000005,31,126849.01031163501,2011
2011-09-28 21:00:00,2011-09-29 04:00:00,37500.0,298.35937499999943,-819.9999999999984,buy,1.36087,1.35267,892.0000000000039,7,127149.01031163501,2011
2011-09-29 04:00:00,2011-09-30 03:00:00,230000.0,1843.7375000000334,-836.0000000000144,sell,1.35408,1.36244,1375.000000000015,23,129025.81031163501,2011
2011-10-03 22:00:00,2011-10-04 15:00:00,10000.0,77.93749999999996,-809.9999999999995,buy,1.32758,1.31948,1302.000000000003,17,129104.810311635,2011
2011-10-04 15:00:00,2011-10-06 09:00:00,10000.0,73.07500000000054,-777.0000000000055,buy,1.3372600000000001,1.32949,1402.0000000000143,42,129180.510311635,2011
2011-10-06 09:00:00,2011-10-06 12:00:00,367500.0,2771.409374999996,-775.9999999999989,sell,1.32876,1.33652,795.9999999999966,3,131958.81031163497,2011
2011-10-06 12:00:00,2011-10-06 15:00:00,450000.0,5045.062500000023,-1143.000000000005,buy,1.34017,1.32874,1537.0000000000105,3,137012.310311635,2011
2011-10-06 15:00:00,2011-10-07 16:00:00,532500.0,5183.221874999964,-1008.9999999999932,buy,1.35097,1.34088,1200.000000000001,25,142278.73531163495,2011
2011-10-10 06:00:00,2011-10-10 08:00:00,1000000.0,5947.499999999944,-615.9999999999943,buy,1.35287,1.34671,730.0000000000084,2,148238.7353116349,2011
2011-10-11 08:00:00,2011-10-11 16:00:00,10000.0,57.10000000000187,-596.0000000000186,buy,1.36539,1.35943,886.000000000009,8,148296.3353116349,2011
2011-10-11 19:00:00,2011-10-12 01:00:00,10000.0,65.02499999999968,-673.9999999999968,sell,1.36098,1.36772,693.9999999999945,6,148361.73531163493,2011
2011-10-12 01:00:00,2011-10-12 07:00:00,10000.0,57.9249999999998,-602.999999999998,buy,1.36605,1.36002,631.0000000000038,6,148420.03531163494,2011
2011-10-12 07:00:00,2011-10-12 09:00:00,10000.0,71.47500000000034,-736.0000000000033,buy,1.37638,1.36902,817.000000000001,2,148491.63531163495,2011
2011-10-17 08:00:00,2011-10-17 11:00:00,1000000.0,9251.249999999867,-946.9999999999867,sell,1.37955,1.38902,1090.9999999999975,3,157761.63531163483,2011
2011-10-18 00:00:00,2011-10-18 09:00:00,10000.0,76.33749999999952,-788.9999999999952,sell,1.36874,1.37663,1000.0000000000008,9,157838.53531163486,2011
2011-10-18 09:00:00,2011-10-18 20:00:00,10000.0,74.7125000000008,-774.000000000008,buy,1.37615,1.36841,1089.0000000000066,11,157913.93531163488,2011
2011-10-18 20:00:00,2011-10-19 10:00:00,10000.0,92.42500000000038,-953.0000000000038,buy,1.38487,1.37534,1242.0000000000095,14,158007.23531163487,2011
2011-10-19 10:00:00,2011-10-19 16:00:00,10000.0,64.4250000000002,-668.0000000000018,sell,1.3776,1.38428,929.0000000000019,6,158072.03531163486,2011
2011-10-24 13:00:00,2011-10-24 16:00:00,1000000.0,8481.24999999993,-869.999999999993,buy,1.39292,1.38422,917.9999999999965,3,166572.0353116348,2011
2011-10-25 07:00:00,2011-10-26 15:00:00,10000.0,100.1000000000003,-1041.000000000003,sell,1.38216,1.39257,1524.9999999999984,32,166674.13531163472,2011
2011-10-26 15:00:00,2011-10-27 01:00:00,10000.0,70.87499999999967,-734.9999999999967,buy,1.39124,1.38389,944.0000000000114,10,166745.63531163472,2011
2011-10-27 01:00:00,2011-10-27 13:00:00,147500.0,1301.687500000016,-910.0000000000107,buy,1.40662,1.3975199999999999,1231.0000000000043,12,168058.38531163475,2011
2011-10-27 13:00:00,2011-10-27 18:00:00,477500.0,4903.328124999978,-1049.9999999999952,buy,1.42299,1.41249,1211.0000000000064,5,172976.63531163472,2011
2011-10-31 00:00:00,2011-10-31 02:00:00,1000000.0,5287.50000000006,-550.000000000006,sell,1.40936,1.41486,775.0000000000146,2,178276.63531163477,2011
2011-10-31 17:00:00,2011-10-31 20:00:00,1000000.0,10521.24999999997,-1073.999999999997,sell,1.38358,1.39432,1130.999999999993,3,188816.63531163475,2011
2011-10-31 22:00:00,2011-11-01 09:00:00,10000.0,133.91250000000005,-1366.0000000000005,sell,1.37049,1.38415,1659.0000000000102,11,188951.23531163478,2011
2011-11-01 12:00:00,2011-11-01 18:00:00,10000.0,94.72500000000107,-971.0000000000107,buy,1.37344,1.3637299999999999,1184.0000000000073,6,189046.33531163476,2011
2011-11-01 19:00:00,2011-11-02 14:00:00,10000.0,106.71250000000055,-1099.0000000000055,buy,1.38053,1.36954,1690.0000000000136,19,189154.23531163478,2011
2011-11-07 22:00:00,2011-11-08 15:00:00,10000.0,65.73749999999997,-687.9999999999997,buy,1.38345,1.37657,1102.000000000003,17,189221.03531163486,2011
2011-11-08 15:00:00,2011-11-09 10:00:00,10000.0,95.51250000000046,-987.0000000000044,sell,1.3706099999999999,1.38048,1521.0000000000166,19,189317.73531163484,2011
2011-11-09 10:00:00,2011-11-09 15:00:00,10000.0,109.28750000000059,-1116.0000000000057,sell,1.35639,1.36755,1178.0000000000123,5,189427.33531163484,2011
2011-11-09 16:00:00,2011-11-10 07:00:00,10000.0,82.16250000000018,-851.0000000000017,sell,1.35073,1.35924,991.0000000000084,15,189510.43531163488,2011
2011-11-10 07:00:00,2011-11-10 09:00:00,312500.0,2164.8437500000455,-714.0000000000146,buy,1.35701,1.34987,740.0000000000073,2,191679.1853116349,2011
2011-11-14 22:00:00,2011-11-15 10:00:00,10000.0,70.65000000000124,-734.0000000000124,sell,1.35459,1.36193,943.0000000000049,12,191750.5853116349,2011
2011-11-15 10:00:00,2011-11-16 03:00:00,10000.0,72.43749999999946,-754.9999999999945,sell,1.34568,1.35323,1164.0000000000093,17,191824.08531163493,2011
2011-11-16 03:00:00,2011-11-16 09:00:00,10000.0,64.32500000000175,-667.0000000000175,buy,1.35274,1.3460699999999999,985.0000000000135,6,191888.7853116349,2011
2011-11-16 09:00:00,2011-11-16 12:00:00,10000.0,62.31250000000067,-645.0000000000066,sell,1.34716,1.35361,848.0000000000042,3,191951.2853116349,2011
2011-11-16 13:00:00,2011-11-18 12:00:00,10000.0,107.062500000001,-1120.0000000000098,buy,1.35918,1.34798,1705.000000000001,47,192061.28531163486,2011
2011-11-21 06:00:00,2011-11-21 09:00:00,1000000.0,5711.249999999991,-592.9999999999991,sell,1.34578,1.35171,661.0000000000005,3,197791.28531163486,2011
2011-11-21 14:00:00,2011-11-21 17:00:00,1000000.0,7331.249999999945,-754.9999999999945,buy,1.35229,1.34474,861.0000000000006,3,205141.2853116348,2011
2011-11-21 22:00:00,2011-11-22 12:00:00,10000.0,60.52500000000012,-634.0000000000011,buy,1.35498,1.34864,815.0000000000101,14,205202.68531163473,2011
2011-11-22 12:00:00,2011-11-23 02:00:00,10000.0,67.32500000000026,-702.0000000000026,sell,1.34714,1.35416,741.9999999999982,14,205270.88531163475,2011
2011-11-23 02:00:00,2011-11-23 11:00:00,10000.0,69.13750000000121,-717.000000000012,sell,1.33907,1.34624,893.0000000000103,9,205340.58531163473,2011
2011-11-28 07:00:00,2011-11-28 10:00:00,1000000.0,7391.250000000116,-761.0000000000116,buy,1.33735,1.32974,846.0000000000133,3,212750.58531163484,2011
2011-11-28 22:00:00,2011-11-29 11:00:00,10000.0,100.38750000000107,-1032.0000000000107,buy,1.34175,1.33143,1320.00000000001,13,212851.78531163483,2011
2011-11-29 11:00:00,2011-11-30 07:00:00,10000.0,68.74999999999874,-719.9999999999873,sell,1.32966,1.33686,805.9999999999956,20,212921.78531163477,2011
2011-11-30 07:00:00,2011-11-30 14:00:00,10000.0,239.3625000000009,-2418.0000000000086,buy,1.35128,1.3271,2510.9999999999964,7,213161.58531163476,2011
2011-11-30 18:00:00,2011-12-02 13:00:00,10000.0,82.3124999999993,-869.999999999993,buy,1.35178,1.34308,1009.9999999999997,43,213246.58531163473,2011
2011-12-05 16:00:00,2011-12-05 19:00:00,1000000.0,5531.250000000144,-575.0000000000143,sell,1.34022,1.34597,626.9999999999998,3,218796.58531163487,2011
2011-12-06 01:00:00,2011-12-07 05:00:00,10000.0,46.1500000000005,-499.00000000000495,buy,1.34182,1.33683,852.0000000000082,28,218844.48531163478,2011
2011-12-07 06:00:00,2011-12-07 11:00:00,10000.0,47.68750000000115,-500.0000000000115,sell,1.33903,1.34403,622.0000000000114,5,218892.48531163478,2011
2011-12-07 12:00:00,2011-12-07 18:00:00,10000.0,49.92500000000068,-523.0000000000067,buy,1.34209,1.33686,706.0000000000066,6,218942.7853116348,2011
2011-12-08 13:00:00,2011-12-08 15:00:00,477500.0,2204.8562500000535,-483.00000000001114,sell,1.3331,1.33793,503.000000000009,2,221153.61031163484,2011
2011-12-13 10:00:00,2011-12-13 16:00:00,10000.0,111.12499999999972,-1134.999999999997,sell,1.30854,1.31989,1507.9999999999982,6,221265.11031163484,2011
2011-12-13 16:00:00,2011-12-14 00:00:00,10000.0,68.49999999999883,-709.9999999999884,sell,1.30197,1.30907,794.9999999999901,8,221334.11031163487,2011
2011-12-14 00:00:00,2011-12-14 16:00:00,10000.0,80.69999999999989,-836.9999999999987,sell,1.29509,1.30346,1126.999999999989,16,221415.81031163494,2011
2011-12-14 16:00:00,2011-12-15 14:00:00,10000.0,55.525000000001725,-589.0000000000173,buy,1.30319,1.2973,750.0000000000061,22,221472.71031163496,2011
2011-12-15 15:00:00,2011-12-16 13:00:00,532500.0,3537.131250000111,-698.0000000000208,buy,1.30682,1.2998399999999999,768.0000000000131,22,225083.06031163508,2011
2011-12-19 22:00:00,2011-12-20 10:00:00,10000.0,73.75000000000156,-765.0000000000156,buy,1.30743,1.29978,795.0000000000123,12,225157.56031163505,2011
2011-12-20 10:00:00,2011-12-20 15:00:00,10000.0,30.587500000000148,-329.0000000000015,buy,1.3115700000000001,1.30828,558.000000000014,5,225188.46031163508,2011
2011-12-20 16:00:00,2011-12-21 08:00:00,10000.0,41.39999999999999,-443.9999999999999,buy,1.31207,1.30763,520.0000000000093,16,225230.86031163513,2011
2011-12-21 10:00:00,2011-12-21 15:00:00,10000.0,54.887500000001694,-572.0000000000169,sell,1.3043799999999999,1.3101,728.0000000000175,5,225286.0603116351,2011
2011-12-21 23:00:00,2011-12-22 09:00:00,92500.0,491.86875000001294,-558.000000000014,buy,1.30935,1.3037699999999999,604.0000000000044,10,225783.71031163516,2011
2011-12-27 03:00:00,2011-12-28 15:00:00,10000.0,81.14999999999992,-853.9999999999991,sell,1.29861,1.30715,963.0000000000026,36,225867.11031163516,2011
2011-12-28 15:00:00,2011-12-29 01:00:00,10000.0,40.87500000000076,-435.00000000000756,sell,1.2902,1.29455,639.999999999996,10,225908.6103116352,2011
2011-12-29 01:00:00,2011-12-29 12:00:00,147500.0,749.4843750000277,-535.0000000000188,sell,1.28673,1.2920800000000001,755.0000000000167,11,226668.2353116352,2011
2011-12-29 12:00:00,2011-12-29 17:00:00,450000.0,2595.9375000000023,-600.0000000000005,buy,1.29488,1.28888,798.0000000000098,5,229278.2353116352,2011
2012-01-02 22:00:00,2012-01-03 02:00:00,10000.0,33.750000000000476,-360.0000000000047,buy,1.29711,1.29351,390.0000000000014,4,10034.0,2012
2012-01-03 02:00:00,2012-01-03 10:00:00,10000.0,25.599999999999792,-280.9999999999979,buy,1.30084,1.29803,370.00000000000364,8,10060.1,2012
2012-01-03 12:00:00,2012-01-03 19:00:00,10000.0,42.86250000000145,-453.00000000001444,buy,1.3069600000000001,1.30243,583.0000000000224,7,10103.400000000003,2012
2012-01-03 19:00:00,2012-01-04 12:00:00,10000.0,73.33750000000092,-764.0000000000091,sell,1.29771,1.30535,947.0000000000089,17,10177.800000000005,2012
2012-01-04 12:00:00,2012-01-04 16:00:00,10000.0,62.04999999999936,-642.9999999999935,sell,1.29091,1.29734,665.0000000000044,4,10240.100000000002,2012
2012-01-09 06:00:00,2012-01-09 09:00:00,102401.00000000003,454.7884412500112,-466.0000000000108,buy,1.27681,1.27215,487.9999999999995,3,10696.808460000011,2012
2012-01-10 09:00:00,2012-01-11 01:00:00,10000.0,36.100000000000804,-391.00000000000796,sell,1.27497,1.27888,679.0000000000073,16,10733.908460000013,2012
2012-01-11 08:00:00,2012-01-11 12:00:00,10000.0,71.85000000000139,-741.0000000000138,sell,1.2700799999999999,1.27749,884.0000000000181,4,10806.008460000014,2012
2012-01-11 14:00:00,2012-01-12 10:00:00,10000.0,61.95000000000081,-652.0000000000081,buy,1.27425,1.26773,815.0000000000101,20,10869.208460000016,2012
2012-01-12 13:00:00,2012-01-12 15:00:00,108692.08460000016,648.620014850509,-618.0000000000074,buy,1.28156,1.27538,638.0000000000052,2,11519.187125908024,2012
2012-01-16 22:00:00,2012-01-17 02:00:00,10000.0,57.15000000000056,-594.0000000000056,buy,1.27104,1.2651,614.0000000000034,4,11576.587125908023,2012
2012-01-17 02:00:00,2012-01-17 10:00:00,10000.0,39.39999999999916,-418.9999999999916,buy,1.27728,1.27309,523.0000000000067,8,11616.487125908023,2012
2012-01-17 12:00:00,2012-01-17 14:00:00,10000.0,49.57500000000119,-517.0000000000118,sell,1.2736399999999999,1.27881,616.0000000000165,2,11666.187125908024,2012
2012-01-17 14:00:00,2012-01-18 03:00:00,10000.0,49.387500000000024,-522.0000000000002,buy,1.27759,1.27237,624.0000000000023,13,11716.387125908024,2012
2012-01-18 06:00:00,2012-01-18 11:00:00,10000.0,59.78750000000049,-621.0000000000048,buy,1.28243,1.27622,909.0000000000042,5,11776.487125908025,2012
2012-01-23 08:00:00,2012-01-23 11:00:00,117764.87125908025,527.7338293297186,-469.9999999999704,buy,1.29731,1.2926100000000003,626.9999999999998,3,12306.429046573878,2012
2012-01-24 07:00:00,2012-01-24 14:00:00,10000.0,67.76250000000026,-702.0000000000026,sell,1.2962,1.30322,1001.0000000000074,7,12374.629046573877,2012
2012-01-24 14:00:00,2012-01-24 22:00:00,10000.0,60.49999999999972,-629.9999999999972,buy,1.30331,1.29701,712.0000000000015,8,12435.629046573877,2012
2012-01-24 22:00:00,2012-01-25 11:00:00,10000.0,57.8875000000002,-607.0000000000019,sell,1.29684,1.30291,822.0000000000116,13,12494.329046573874,2012
2012-01-25 11:00:00,2012-01-25 18:00:00,10000.0,79.8624999999996,-822.9999999999959,buy,1.30449,1.29626,1140.9999999999918,7,12574.62904657387,2012
2012-01-30 22:00:00,2012-01-31 03:00:00,10000.0,41.18750000000076,-435.00000000000756,buy,1.31844,1.31409,512.0000000000013,5,12616.12904657387,2012
2012-01-31 03:00:00,2012-01-31 15:00:00,10000.0,45.249999999999154,-479.99999999999153,sell,1.31366,1.31846,760.000000000005,12,12662.12904657387,2012
2012-01-31 16:00:00,2012-02-01 10:00:00,10000.0,81.37500000000068,-845.0000000000068,buy,1.31383,1.30538,1126.0000000000048,18,12744.629046573871,2012
2012-02-01 10:00:00,2012-02-01 16:00:00,10000.0,58.7250000000006,-611.0000000000059,buy,1.31956,1.31345,792.0000000000149,6,12803.729046573872,2012
2012-02-01 16:00:00,2012-02-02 09:00:00,10000.0,58.0375000000006,-611.0000000000059,sell,1.3138699999999999,1.31998,722.0000000000225,17,12862.829046573874,2012
2012-02-06 22:00:00,2012-02-07 14:00:00,10000.0,49.60000000000042,-526.0000000000042,buy,1.31765,1.31239,876.9999999999944,16,12913.429046573874,2012
2012-02-07 14:00:00,2012-02-07 18:00:00,10000.0,60.15000000000245,-624.0000000000244,buy,1.3255000000000001,1.3192599999999999,776.000000000021,4,12973.829046573877,2012
2012-02-07 23:00:00,2012-02-09 07:00:00,10000.0,49.40000000000123,-534.0000000000122,buy,1.33026,1.3249199999999999,882.0000000000049,32,13025.229046573877,2012
2012-02-09 08:00:00,2012-02-10 12:00:00,130252.29046573877,620.6521640692351,-513.9999999999922,sell,1.32426,1.3294,784.0000000000068,28,13668.675361474616,2012
2012-02-14 03:00:00,2012-02-14 11:00:00,10000.0,41.0999999999992,-435.9999999999919,buy,1.32002,1.31566,731.9999999999992,8,13710.275361474614,2012
2012-02-14 11:00:00,2012-02-14 16:00:00,10000.0,55.78750000000093,-581.0000000000092,sell,1.3133,1.31911,660.000000000016,5,13766.375361474613,2012
2012-02-14 17:00:00,2012-02-15 04:00:00,10000.0,49.41249999999937,-520.9999999999936,buy,1.31694,1.31173,897.9999999999987,11,13816.475361474613,2012
2012-02-15 04:00:00,2012-02-15 14:00:00,10000.0,74.3750000000004,-770.000000000004,sell,1.30877,1.31647,1022.0000000000117,10,13891.475361474611,2012
2012-02-15 14:00:00,2012-02-16 03:00:00,10000.0,59.28750000000049,-621.0000000000048,sell,1.30261,1.30882,734.9999999999967,13,13951.575361474612,2012
2012-02-20 23:00:00,2012-02-21 04:00:00,10000.0,44.98750000000123,-473.0000000000123,buy,1.32563,1.3209,700.0000000000117,5,13996.875361474613,2012
2012-02-21 04:00:00,2012-02-21 12:00:00,10000.0,58.100000000001764,-606.0000000000176,sell,1.32069,1.32675,842.0000000000093,8,14055.475361474613,2012
2012-02-21 12:00:00,2012-02-23 07:00:00,10000.0,55.912500000001764,-606.0000000000176,buy,1.32756,1.3215,703.0000000000091,43,14114.075361474617,2012
2012-02-23 07:00:00,2012-02-23 10:00:00,141140.75361474618,655.0695227144529,-486.0000000000086,buy,1.33229,1.3274299999999999,554.9999999999943,3,14771.791273319348,2012
2012-02-23 11:00:00,2012-02-23 21:00:00,147717.9127331935,1073.539930788489,-753.0000000000036,buy,1.33698,1.32945,1004.0000000000048,10,15854.563573653664,2012
2012-02-27 22:00:00,2012-02-28 05:00:00,10000.0,35.562500000000256,-380.0000000000025,buy,1.34336,1.33956,402.0000000000134,7,15890.563573653664,2012
2012-02-28 15:00:00,2012-02-29 00:00:00,10000.0,48.33750000000039,-509.00000000000387,buy,1.34759,1.3425,557.0000000000074,9,15939.463573653666,2012
2012-02-29 00:00:00,2012-02-29 16:00:00,10000.0,89.20000000000006,-922.0000000000006,sell,1.33778,1.347,1072.0000000000061,16,16029.663573653665,2012
2012-02-29 16:00:00,2012-03-01 14:00:00,10000.0,59.42500000000064,-628.0000000000063,sell,1.32924,1.33552,800.0000000000007,22,16090.463573653666,2012
2012-03-01 14:00:00,2012-03-02 09:00:00,160904.63573653667,758.0619651137728,-503.000000000009,sell,1.32507,1.3301,859.0000000000097,19,16867.632964261153,2012
2012-03-05 22:00:00,2012-03-06 11:00:00,10000.0,72.58750000000103,-754.0000000000101,sell,1.31382,1.32136,869.0000000000085,13,16941.032964261154,2012
2012-03-06 14:00:00,2012-03-08 04:00:00,10000.0,39.624999999999595,-439.9999999999959,buy,1.31669,1.31229,703.9999999999934,38,16983.032964261154,2012
2012-03-08 04:00:00,2012-03-08 10:00:00,169830.32964261156,603.3222460553708,-378.99999999999596,buy,1.32114,1.31735,458.0000000000028,6,17592.723847678124,2012
2012-03-08 10:00:00,2012-03-08 16:00:00,175927.23847678126,927.5763648688122,-550.9999999999903,buy,1.32697,1.32146,595.9999999999965,6,18526.897483989815,2012
2012-03-08 16:00:00,2012-03-09 13:00:00,185268.97483989815,929.8186674777324,-534.9999999999966,sell,1.32017,1.32552,887.9999999999998,21,19481.032704415284,2012
2012-03-12 23:00:00,2012-03-13 09:00:00,10000.0,34.574999999999456,-371.99999999999454,sell,1.31301,1.31673,608.0000000000085,10,19516.232704415288,2012
2012-03-13 09:00:00,2012-03-13 13:00:00,10000.0,77.04999999999993,-792.9999999999992,sell,1.30624,1.31417,888.9999999999842,4,19593.532704415287,2012
2012-03-13 15:00:00,2012-03-14 02:00:00,10000.0,40.412500000000364,-431.0000000000036,sell,1.3063,1.31061,584.0000000000067,11,19634.632704415282,2012
2012-03-14 02:00:00,2012-03-14 16:00:00,10000.0,36.6250000000012,-395.000000000012,sell,1.3025499999999999,1.3065,644.0000000000223,14,19672.13270441528,2012
2012-03-14 16:00:00,2012-03-15 17:00:00,10000.0,46.837500000001555,-504.0000000000155,buy,1.30898,1.3039399999999999,861.0000000000006,25,19720.53270441528,2012
2012-03-19 12:00:00,2012-03-19 15:00:00,197205.32704415283,854.1455727599975,-455.00000000000534,buy,1.3203,1.31575,544.0000000000111,3,20578.375877057355,2012
2012-03-19 22:00:00,2012-03-20 10:00:00,10000.0,36.95000000000029,-397.0000000000029,sell,1.31921,1.32318,513.0000000000078,12,20616.07587705735,2012
2012-03-20 11:00:00,2012-03-20 14:00:00,10000.0,42.4125000000013,-446.000000000013,buy,1.32282,1.31836,561.0000000000115,3,20658.67587705735,2012
2012-03-20 15:00:00,2012-03-21 03:00:00,10000.0,48.65000000000144,-514.0000000000144,buy,1.32743,1.32229,595.0000000000122,12,20708.075877057356,2012
2012-03-21 03:00:00,2012-03-21 13:00:00,10000.0,39.075000000000074,-417.0000000000007,sell,1.32243,1.3266,601.000000000007,10,20747.775877057356,2012
2012-03-26 06:00:00,2012-03-26 09:00:00,207477.75877057356,813.5721615791184,-414.00000000000324,sell,1.321,1.32514,527.0000000000108,3,21565.238246613422,2012
2012-03-26 10:00:00,2012-03-26 13:00:00,215652.3824661342,1494.7405759683907,-714.9999999999989,buy,1.33103,1.32388,754.9999999999945,3,23064.022304753053,2012
2012-03-26 23:00:00,2012-03-27 21:00:00,10000.0,36.32500000000029,-397.0000000000029,sell,1.33148,1.33545,699.0000000000051,22,23101.722304753053,2012
2012-03-28 07:00:00,2012-03-28 13:00:00,10000.0,49.624999999998714,-519.9999999999872,sell,1.33034,1.33554,695.0000000000011,6,23151.72230475305,2012
2012-03-28 13:00:00,2012-03-29 16:00:00,10000.0,44.01250000000163,-477.00000000001626,sell,1.3265799999999999,1.33135,792.0000000000149,27,23197.422304753054,2012
2012-04-03 01:00:00,2012-04-03 12:00:00,10000.0,33.11250000000139,-358.0000000000138,sell,1.33086,1.33444,581.0000000000092,11,23231.222304753053,2012
2012-04-03 12:00:00,2012-04-03 19:00:00,10000.0,95.16249999999991,-975.999999999999,sell,1.3218,1.33156,1273.9999999999973,7,23326.822304753056,2012
2012-04-03 19:00:00,2012-04-04 09:00:00,10000.0,53.62499999999933,-564.9999999999933,sell,1.31736,1.32301,644.9999999999844,14,23381.322304753056,2012
2012-04-04 09:00:00,2012-04-04 13:00:00,10000.0,47.050000000001006,-493.00000000001006,sell,1.31218,1.31711,540.000000000007,4,23428.62230475306,2012
2012-04-04 13:00:00,2012-04-05 10:00:00,10000.0,60.687499999999616,-639.999999999996,sell,1.3067,1.3131,968.0000000000132,21,23490.62230475306,2012
2012-04-08 21:00:00,2012-04-08 23:00:00,234906.2230475306,527.9517362993553,-246.00000000001285,sell,1.30703,1.30949,292.00000000000335,2,24021.510368840503,2012
2012-04-08 23:00:00,2012-04-09 01:00:00,240215.10368840504,873.7824396666049,-385.0000000000131,sell,1.3044499999999999,1.3083,432.0000000000101,2,24898.295497303217,2012
2012-04-09 14:00:00,2012-04-09 17:00:00,248982.9549730322,1285.0632763544922,-537.9999999999718,buy,1.31267,1.3072900000000003,648.0000000000041,3,26188.02720406351,2012
2012-04-10 01:00:00,2012-04-10 07:00:00,10000.0,40.92499999999945,-432.9999999999945,sell,1.30918,1.31351,520.0000000000093,6,26229.32720406351,2012
2012-04-10 09:00:00,2012-04-10 13:00:00,10000.0,33.94999999999956,-361.9999999999956,buy,1.31132,1.3077,540.000000000007,4,26263.52720406351,2012
2012-04-15 21:00:00,2012-04-16 01:00:00,262635.2720406351,1128.0184934145486,-452.0000000000079,sell,1.30152,1.30604,598.0000000000095,4,27398.11157927907,2012
2012-04-16 15:00:00,2012-04-16 18:00:00,273981.1157927907,1781.2197290478969,-672.0000000000059,buy,1.31349,1.30677,697.0000000000142,3,29184.468454248083,2012
2012-04-17 06:00:00,2012-04-17 08:00:00,10000.0,38.47500000000174,-406.00000000001745,buy,1.31407,1.31001,472.0000000000057,2,29223.068454248085,2012
2012-04-17 08:00:00,2012-04-18 09:00:00,10000.0,54.237500000001184,-578.0000000000118,sell,1.30843,1.31421,876.9999999999944,25,29278.86845424809,2012
2012-04-18 09:00:00,2012-04-19 08:00:00,10000.0,48.462500000000276,-519.0000000000027,buy,1.31386,1.30867,811.0000000000061,23,29328.768454248086,2012
2012-04-23 05:00:00,2012-04-23 08:00:00,293287.68454248086,1182.3159783118363,-424.99999999998647,sell,1.31451,1.31876,455.9999999999897,3,30516.58357664509,2012
2012-04-23 22:00:00,2012-04-24 14:00:00,10000.0,30.99999999999848,-339.9999999999847,buy,1.31896,1.31556,449.9999999999948,16,30548.583576645087,2012
2012-04-24 16:00:00,2012-04-26 07:00:00,10000.0,31.462500000002038,-359.0000000000204,buy,1.3235000000000001,1.31991,620.0000000000205,39,30582.4835766451,2012
2012-04-26 07:00:00,2012-04-26 10:00:00,305824.83576645097,911.740291628692,-319.9999999999869,sell,1.32227,1.32547,373.0000000000011,3,31499.958083944417,2012
2012-04-26 14:00:00,2012-04-26 23:00:00,314999.5808394442,1317.8794963370244,-443.9999999999999,sell,1.31826,1.3227,588.0000000000107,9,32835.556306703664,2012
2012-04-30 22:00:00,2012-05-01 09:00:00,10000.0,21.612499999999322,-242.9999999999932,buy,1.32666,1.32423,333.0000000000055,11,32857.85630670366,2012
2012-05-01 11:00:00,2012-05-01 15:00:00,10000.0,35.34999999999985,-375.9999999999985,sell,1.3228,1.32656,553.0000000000034,4,32893.45630670366,2012
2012-05-01 15:00:00,2012-05-02 08:00:00,10000.0,44.33750000000188,-474.0000000000188,sell,1.31754,1.3222800000000001,683.0000000000114,17,32938.856306703674,2012
2012-05-02 08:00:00,2012-05-02 13:00:00,10000.0,28.487499999999716,-307.99999999999716,sell,1.31334,1.31642,385.0000000000131,5,32967.65630670367,2012
2012-05-02 14:00:00,2012-05-04 16:00:00,10000.0,52.175000000000125,-573.0000000000013,sell,1.30918,1.31491,879.0000000000075,50,33022.95630670368,2012
2012-05-06 21:00:00,2012-05-07 00:00:00,330229.5630670368,1790.2570187772026,-564.0000000000089,sell,1.29626,1.3019,659.0000000000095,3,34819.405129788385,2012
2012-05-07 22:00:00,2012-05-08 09:00:00,10000.0,36.712500000000546,-394.0000000000054,sell,1.3014999999999999,1.30544,464.0000000000199,11,34856.805129788394,2012
2012-05-08 10:00:00,2012-05-09 02:00:00,10000.0,43.69999999999952,-466.99999999999517,sell,1.29745,1.30212,683.9999999999957,16,34901.505129788384,2012
2012-05-09 05:00:00,2012-05-09 13:00:00,10000.0,32.600000000001245,-351.0000000000124,sell,1.29409,1.2976,568.9999999999973,8,34934.6051297884,2012
2012-05-09 17:00:00,2012-05-11 02:00:00,10000.0,44.03750000000203,-481.00000000002024,sell,1.2915699999999999,1.29638,630.0000000000193,33,34980.7051297884,2012
2012-05-15 01:00:00,2012-05-15 08:00:00,10000.0,34.162499999999966,-365.9999999999996,buy,1.28634,1.28268,418.0000000000072,7,35015.3051297884,2012
2012-05-15 08:00:00,2012-05-15 13:00:00,10000.0,39.18750000000098,-415.0000000000098,sell,1.2804,1.28455,578.0000000000118,5,35054.8051297884,2012
2012-05-15 13:00:00,2012-05-15 18:00:00,10000.0,47.087499999999444,-493.99999999999443,sell,1.27431,1.27925,568.9999999999973,5,35102.2051297884,2012
2012-05-15 18:00:00,2012-05-17 12:00:00,10000.0,47.97500000000042,-526.0000000000042,sell,1.26787,1.27313,797.0000000000032,42,35152.8051297884,2012
2012-05-17 12:00:00,2012-05-18 05:00:00,351528.051297884,1446.0985210267024,-442.00000000000904,sell,1.2666,1.27102,707.0000000000131,17,36636.25350626551,2012
2012-05-21 22:00:00,2012-05-22 10:00:00,10000.0,39.85000000000153,-426.00000000001523,sell,1.2766,1.28086,482.0000000000046,12,36676.853506265514,2012
2012-05-22 10:00:00,2012-05-22 20:00:00,10000.0,68.77499999999924,-713.9999999999924,sell,1.26814,1.27528,956.0000000000013,10,36746.25350626552,2012
2012-05-22 20:00:00,2012-05-23 10:00:00,10000.0,41.82499999999974,-446.9999999999974,sell,1.26362,1.26809,514.9999999999987,14,36788.95350626551,2012
2012-05-23 10:00:00,2012-05-23 15:00:00,10000.0,71.38750000000098,-737.0000000000098,sell,1.25857,1.26594,1011.0000000000063,5,36860.65350626551,2012
2012-05-23 19:00:00,2012-05-24 08:00:00,10000.0,58.98750000000074,-618.0000000000074,sell,1.25369,1.25987,639.999999999996,13,36920.45350626552,2012
2012-05-28 23:00:00,2012-05-29 08:00:00,10000.0,42.93750000000054,-455.00000000000534,buy,1.25685,1.2523,595.0000000000122,9,36963.95350626552,2012
2012-05-29 08:00:00,2012-05-29 16:00:00,10000.0,60.30000000000064,-628.0000000000063,sell,1.24851,1.25479,766.0,8,37024.75350626552,2012
2012-05-29 16:00:00,2012-05-30 11:00:00,10000.0,48.31249999999988,-514.9999999999987,sell,1.24281,1.24796,814.0000000000035,19,37074.25350626553,2012
2012-05-30 11:00:00,2012-05-30 15:00:00,10000.0,53.350000000000094,-556.0000000000009,sell,1.23937,1.24493,583.9999999999845,4,37127.85350626553,2012
2012-05-30 15:00:00,2012-05-31 22:00:00,10000.0,39.56250000000076,-435.00000000000756,sell,1.23616,1.24051,665.0000000000044,31,37169.35350626553,2012
2012-06-04 12:00:00,2012-06-04 14:00:00,371693.5350626553,1653.1069971911995,-466.0000000000108,buy,1.24849,1.24383,486.0000000000086,2,38827.10667264501,2012
2012-06-04 23:00:00,2012-06-05 08:00:00,10000.0,70.53749999999928,-730.9999999999927,sell,1.24502,1.25233,916.99999999999,9,38898.206672645,2012
2012-06-05 08:00:00,2012-06-06 02:00:00,10000.0,67.5749999999991,-706.9999999999909,buy,1.24894,1.24187,794.9999999999901,18,38966.906672645,2012
2012-06-06 03:00:00,2012-06-06 13:00:00,10000.0,48.975000000000534,-516.0000000000053,sell,1.24462,1.2497800000000001,810.9999999999839,10,39016.506672644995,2012
2012-06-06 13:00:00,2012-06-06 20:00:00,10000.0,59.96250000000023,-624.0000000000023,buy,1.2574,1.25116,868.000000000002,7,39076.906672645,2012
2012-06-11 22:00:00,2012-06-13 08:00:00,10000.0,52.37500000000155,-565.0000000000155,buy,1.25252,1.24687,829.000000000013,34,39131.406672645004,2012
2012-06-13 08:00:00,2012-06-13 15:00:00,10000.0,43.762500000000685,-462.0000000000068,buy,1.25708,1.25246,556.0000000000009,7,39175.60667264501,2012
2012-06-13 19:00:00,2012-06-14 21:00:00,10000.0,53.17500000000129,-568.0000000000128,buy,1.26299,1.25731,880.000000000014,26,39230.406672645004,2012
2012-06-18 22:00:00,2012-06-19 14:00:00,10000.0,58.500000000000995,-615.0000000000099,buy,1.26458,1.25843,771.9999999999949,16,39289.906672645004,2012
2012-06-19 17:00:00,2012-06-20 01:00:00,10000.0,48.19999999999908,-506.99999999999073,sell,1.26706,1.27213,529.0000000000016,8,39338.606672645,2012
2012-06-20 01:00:00,2012-06-20 12:00:00,10000.0,41.31250000000182,-440.00000000001813,buy,1.27133,1.26693,475.0000000000032,11,39380.60667264502,2012
2012-06-20 17:00:00,2012-06-21 08:00:00,10000.0,49.36250000000068,-523.0000000000067,sell,1.26514,1.27037,643.0000000000157,15,39430.906672645026,2012
2012-06-21 08:00:00,2012-06-21 15:00:00,340000.0,1875.5249999999958,-575.9999999999986,sell,1.26081,1.26657,903.0000000000093,7,41321.30667264502,2012
2012-06-26 00:00:00,2012-06-26 13:00:00,10000.0,39.387500000001125,-422.0000000000112,sell,1.24717,1.25139,584.0000000000067,13,41361.506672645024,2012
2012-06-26 16:00:00,2012-06-28 09:00:00,10000.0,58.137499999999974,-626.9999999999998,sell,1.24291,1.24918,947.0000000000089,41,41422.20667264503,2012
2012-06-28 09:00:00,2012-06-29 03:00:00,367500.0,3115.4812500000276,-879.0000000000075,buy,1.25152,1.24273,1017.0000000000011,18,44579.03167264505,2012
2012-07-03 06:00:00,2012-07-03 13:00:00,10000.0,28.762500000000117,-312.00000000000114,sell,1.25731,1.26043,334.00000000001205,7,44608.23167264505,2012
2012-07-03 14:00:00,2012-07-04 11:00:00,10000.0,39.18750000000087,-425.0000000000087,sell,1.25616,1.26041,652.0000000000081,21,44648.731672645044,2012
2012-07-04 11:00:00,2012-07-04 15:00:00,10000.0,45.55000000000007,-478.0000000000006,sell,1.25121,1.25599,568.0000000000128,4,44694.53167264505,2012
2012-07-04 15:00:00,2012-07-05 12:00:00,10000.0,86.38750000000144,-897.0000000000143,sell,1.24351,1.25248,1086.000000000009,21,44782.231672645044,2012
2012-07-05 12:00:00,2012-07-06 13:00:00,447822.31672645046,2805.047036395335,-661.9999999999848,sell,1.2328500000000002,1.23947,749.999999999984,25,47657.250946028886,2012
2012-07-09 22:00:00,2012-07-10 04:00:00,10000.0,26.525000000000592,-289.0000000000059,sell,1.22854,1.23143,354.00000000000983,6,47684.15094602888,2012
2012-07-10 04:00:00,2012-07-10 09:00:00,10000.0,23.687500000001577,-260.00000000001575,buy,1.23123,1.2286299999999999,316.0000000000051,5,47708.15094602888,2012
2012-07-10 09:00:00,2012-07-10 13:00:00,10000.0,33.750000000000476,-360.0000000000047,sell,1.2282899999999999,1.23189,405.00000000001086,4,47742.15094602888,2012
2012-07-10 13:00:00,2012-07-11 19:00:00,10000.0,44.62500000000021,-485.00000000000205,sell,1.2223,1.22715,733.0000000000058,30,47788.65094602889,2012
2012-07-11 19:00:00,2012-07-12 11:00:00,10000.0,49.400000000001334,-524.0000000000133,sell,1.21881,1.22405,600.0000000000005,16,47839.0509460289,2012
2012-07-16 07:00:00,2012-07-16 10:00:00,478390.50946028903,1636.6935304910558,-364.00000000000875,sell,1.21881,1.22245,445.0000000000065,3,49484.71429857234,2012
2012-07-16 10:00:00,2012-07-16 13:00:00,494847.14298572345,2083.9250308987052,-443.0000000000156,buy,1.2232,1.21877,567.0000000000064,3,51577.91771340202,2012
2012-07-17 01:00:00,2012-07-17 15:00:00,10000.0,76.42499999999993,-792.9999999999992,sell,1.22162,1.22955,1002.0000000000139,14,51655.217713402024,2012
2012-07-17 15:00:00,2012-07-17 19:00:00,10000.0,47.54999999999984,-497.9999999999984,buy,1.2285,1.22352,563.0000000000024,4,51703.01771340203,2012
2012-07-17 19:00:00,2012-07-18 10:00:00,10000.0,42.86250000000028,-458.0000000000028,sell,1.22391,1.22849,668.9999999999862,15,51746.81771340202,2012
2012-07-23 10:00:00,2012-07-23 13:00:00,517468.17713402025,2246.4587239830125,-455.9999999999897,sell,1.20859,1.21315,526.0000000000042,3,54002.9789657063,2012
2012-07-23 22:00:00,2012-07-24 16:00:00,10000.0,52.37499999999944,-554.9999999999943,sell,1.20628,1.21183,747.9999999999931,18,54056.47896570631,2012
2012-07-24 16:00:00,2012-07-25 09:00:00,10000.0,68.13750000000016,-712.0000000000015,buy,1.21254,1.20542,781.9999999999937,17,54125.678965706305,2012
2012-07-25 09:00:00,2012-07-26 11:00:00,10000.0,82.27499999999876,-858.9999999999875,buy,1.22226,1.21367,1101.9999999999807,26,54209.5789657063,2012
2012-07-26 11:00:00,2012-07-27 14:00:00,422500.0,3811.478125000004,-939.0000000000009,buy,1.23543,1.22604,1134.0000000000127,27,58092.3539657063,2012
2012-07-30 22:00:00,2012-07-31 13:00:00,10000.0,30.462500000001207,-334.00000000001205,buy,1.22947,1.22613,463.00000000001336,15,58123.753965706295,2012
2012-07-31 14:00:00,2012-08-01 19:00:00,10000.0,71.88749999999854,-756.9999999999854,sell,1.22381,1.23138,975.999999999999,29,58197.45396570628,2012
2012-08-01 19:00:00,2012-08-02 09:00:00,10000.0,42.92500000000028,-458.0000000000028,buy,1.22691,1.22233,514.9999999999987,14,58241.25396570626,2012
2012-08-02 14:00:00,2012-08-03 10:00:00,505000.0,3542.5749999999507,-733.9999999999901,buy,1.22332,1.21598,998.9999999999942,20,61846.95396570622,2012
2012-08-07 05:00:00,2012-08-07 08:00:00,10000.0,29.012500000000117,-312.00000000000114,buy,1.2421,1.23898,456.99999999999625,3,61876.15396570622,2012
2012-08-07 10:00:00,2012-08-08 07:00:00,10000.0,41.787500000000136,-451.00000000000136,sell,1.23687,1.24138,728.0000000000175,21,61919.25396570622,2012
2012-08-08 07:00:00,2012-08-08 13:00:00,10000.0,32.12499999999953,-344.9999999999953,sell,1.23343,1.23688,568.9999999999973,6,61951.753965706215,2012
2012-08-08 13:00:00,2012-08-09 03:00:00,10000.0,36.42499999999989,-392.99999999999886,buy,1.23825,1.23432,428.00000000000614,14,61989.05396570623,2012
2012-08-09 03:00:00,2012-08-09 08:00:00,202500.0,433.0968749999966,-236.9999999999983,sell,1.2352,1.23757,329.99999999998585,5,62428.478965706236,2012
2012-08-13 08:00:00,2012-08-13 11:00:00,624284.7896570624,2241.962750855982,-381.0000000000091,buy,1.23351,1.2297,401.0000000000069,3,64682.147056368296,2012
2012-08-13 22:00:00,2012-08-14 08:00:00,10000.0,35.575000000001566,-382.00000000001563,buy,1.2374,1.23358,493.00000000001006,10,64718.3470563683,2012
2012-08-14 08:00:00,2012-08-14 13:00:00,10000.0,25.287500000000957,-276.00000000000955,sell,1.23353,1.2362900000000001,385.99999999999744,5,64743.947056368306,2012
2012-08-14 13:00:00,2012-08-15 11:00:00,10000.0,43.625000000001485,-470.00000000001484,sell,1.2288,1.2335,606.0000000000176,22,64788.94705636833,2012
2012-08-15 11:00:00,2012-08-16 13:00:00,10000.0,43.175000000000175,-468.0000000000017,buy,1.23237,1.22769,680.9999999999982,26,64833.74705636831,2012
2012-08-20 22:00:00,2012-08-21 08:00:00,10000.0,47.2750000000005,-499.00000000000495,buy,1.2402,1.23521,560.0000000000049,10,64881.64705636831,2012
2012-08-21 08:00:00,2012-08-21 13:00:00,10000.0,44.68749999999926,-469.9999999999926,buy,1.24549,1.24079,503.000000000009,5,64926.64705636831,2012
2012-08-22 12:00:00,2012-08-22 14:00:00,10000.0,27.57499999999917,-296.9999999999917,buy,1.24745,1.24448,407.00000000000176,2,64954.34705636831,2012
2012-08-22 14:00:00,2012-08-22 19:00:00,10000.0,54.687500000000384,-570.0000000000038,buy,1.25261,1.24691,706.0000000000066,5,65009.34705636831,2012
2012-08-22 19:00:00,2012-08-23 15:00:00,10000.0,54.95000000000158,-582.0000000000158,buy,1.25811,1.25229,677.0000000000164,20,65065.547056368305,2012
2012-08-28 01:00:00,2012-08-28 08:00:00,10000.0,25.162500000000957,-276.00000000000955,buy,1.25034,1.24758,307.99999999999716,7,65091.1470563683,2012
2012-08-28 08:00:00,2012-08-28 15:00:00,10000.0,28.362499999999716,-307.99999999999716,buy,1.2564,1.25332,329.99999999998585,7,65119.947056368306,2012
2012-08-28 15:00:00,2012-08-29 14:00:00,10000.0,30.162500000000293,-336.00000000000296,sell,1.25277,1.25613,468.0000000000017,23,65151.54705636832,2012
2012-08-30 05:00:00,2012-08-30 15:00:00,257500.0,1253.3812500000204,-513.0000000000078,sell,1.24993,1.25506,639.0000000000117,10,66421.02205636834,2012
2012-08-30 15:00:00,2012-08-31 09:00:00,532500.0,2293.7437500000365,-462.0000000000068,buy,1.25445,1.24983,526.0000000000042,18,68774.67205636836,2012
2012-09-03 22:00:00,2012-09-04 02:00:00,10000.0,19.949999999998887,-221.99999999998886,buy,1.26097,1.25875,286.9999999999928,4,68794.87205636836,2012
2012-09-04 02:00:00,2012-09-04 11:00:00,10000.0,26.33749999999837,-288.9999999999837,sell,1.25862,1.26151,401.99999999999125,9,68821.77205636835,2012
2012-09-04 11:00:00,2012-09-04 15:00:00,10000.0,22.950000000000777,-252.00000000000776,sell,1.25644,1.25896,340.00000000000693,4,68844.97205636835,2012
2012-09-04 15:00:00,2012-09-05 01:00:00,10000.0,27.375000000001137,-300.00000000001137,sell,1.25332,1.25632,456.00000000001194,10,68872.97205636835,2012
2012-09-05 08:00:00,2012-09-05 10:00:00,10000.0,30.57500000000106,-327.0000000000106,buy,1.25452,1.25125,351.0000000000124,2,68903.67205636835,2012
2012-09-10 22:00:00,2012-09-11 07:00:00,10000.0,35.83750000000066,-384.00000000000654,buy,1.2801500000000001,1.27631,436.0000000000141,9,68940.07205636837,2012
2012-09-11 11:00:00,2012-09-11 13:00:00,10000.0,28.57499999999906,-306.99999999999056,buy,1.28087,1.2778,356.00000000000074,2,68968.77205636837,2012
2012-09-11 13:00:00,2012-09-12 09:00:00,10000.0,39.550000000000615,-428.00000000000614,buy,1.28809,1.28381,662.9999999999914,20,69009.5720563684,2012
2012-09-13 16:00:00,2012-09-13 18:00:00,560000.0,2630.599999999983,-490.99999999999693,buy,1.29588,1.29097,516.9999999999897,2,71647.17205636839,2012
2012-09-13 18:00:00,2012-09-14 07:00:00,615000.0,3369.4312499999924,-575.9999999999986,buy,1.30446,1.2987,679.9999999999917,13,75066.57205636839,2012
2012-09-17 11:00:00,2012-09-17 14:00:00,750665.7205636839,3333.8941314535427,-466.0000000000108,buy,1.31457,1.30991,625.0000000000089,3,78414.54117008249,2012
2012-09-17 22:00:00,2012-09-18 10:00:00,10000.0,46.850000000000755,-496.0000000000075,sell,1.3062,1.31116,523.9999999999911,12,78462.14117008248,2012
2012-09-18 10:00:00,2012-09-19 10:00:00,10000.0,41.60000000000236,-451.0000000000236,sell,1.30157,1.3060800000000001,690.0000000000127,24,78505.24117008249,2012
2012-09-19 10:00:00,2012-09-19 15:00:00,10000.0,45.48750000000007,-478.0000000000006,buy,1.30545,1.30067,618.0000000000074,5,78551.04117008249,2012
2012-09-19 15:00:00,2012-09-20 03:00:00,10000.0,47.050000000002065,-498.00000000002063,sell,1.3018399999999999,1.30682,566.0000000000219,12,78598.8411700825,2012
2012-09-24 23:00:00,2012-09-25 06:00:00,10000.0,33.562500000000476,-360.0000000000047,sell,1.2902,1.2938,507.9999999999973,7,78632.8411700825,2012
2012-09-25 06:00:00,2012-09-25 13:00:00,10000.0,44.76250000000057,-472.0000000000057,buy,1.29514,1.29042,597.0000000000031,7,78678.04117008252,2012
2012-09-25 13:00:00,2012-09-26 05:00:00,10000.0,60.69999999999987,-636.9999999999986,sell,1.28743,1.2938,960.9999999999895,16,78739.74117008253,2012
2012-09-26 11:00:00,2012-09-27 06:00:00,10000.0,36.71249999999938,-398.99999999999375,buy,1.28911,1.28512,563.0000000000024,19,78777.64117008254,2012
2012-09-27 09:00:00,2012-09-27 17:00:00,367500.0,1334.0250000000387,-388.0000000000105,buy,1.28933,1.28545,650.0000000000172,8,80130.04117008258,2012
2012-10-01 06:00:00,2012-10-01 09:00:00,801300.4117008259,3550.762449349319,-465.00000000000426,buy,1.28921,1.28456,537.999999999994,3,83695.82800215129,2012
2012-10-01 22:00:00,2012-10-02 14:00:00,10000.0,38.50000000000098,-415.0000000000098,buy,1.29333,1.28918,535.0000000000188,16,83735.32800215129,2012
2012-10-02 15:00:00,2012-10-03 03:00:00,10000.0,38.650000000000325,-414.00000000000324,sell,1.29061,1.29475,459.9999999999937,12,83774.72800215129,2012
2012-10-03 05:00:00,2012-10-03 10:00:00,10000.0,23.387499999999612,-256.9999999999961,buy,1.29244,1.28987,473.9999999999966,5,83798.42800215128,2012
2012-10-03 10:00:00,2012-10-04 07:00:00,10000.0,33.98750000000011,-373.0000000000011,buy,1.29443,1.2907,571.9999999999947,21,83833.72800215126,2012
2012-10-08 23:00:00,2012-10-09 08:00:00,10000.0,44.437500000001485,-470.00000000001484,sell,1.2926199999999999,1.29732,640.0000000000183,9,83878.72800215126,2012
2012-10-09 11:00:00,2012-10-09 15:00:00,10000.0,49.350000000000534,-516.0000000000053,sell,1.28969,1.29485,636.9999999999986,4,83928.32800215126,2012
2012-10-09 20:00:00,2012-10-10 03:00:00,10000.0,34.162499999999966,-365.9999999999996,sell,1.28453,1.28819,391.00000000000796,7,83962.92800215125,2012
2012-10-10 09:00:00,2012-10-10 15:00:00,10000.0,39.92499999999956,-422.99999999999557,buy,1.28989,1.28566,462.0000000000068,6,84003.22800215126,2012
2012-10-10 15:00:00,2012-10-11 01:00:00,10000.0,40.475000000000364,-431.0000000000036,sell,1.28432,1.28863,679.0000000000073,10,84044.32800215126,2012
2012-10-14 21:00:00,2012-10-15 01:00:00,840443.2800215126,4021.52109490309,-500.99999999999585,sell,1.2902000000000002,1.2952100000000002,534.9999999999743,4,88086.8601790547,2012
2012-10-15 06:00:00,2012-10-15 09:00:00,880868.6017905469,3181.0367382161126,-382.9999999999778,buy,1.2959899999999998,1.29216,427.9999999999839,3,91284.41320355439,2012
2012-10-15 22:00:00,2012-10-16 07:00:00,10000.0,32.33750000000215,-349.0000000000215,buy,1.29882,1.2953299999999999,369.00000000001927,9,91317.31320355441,2012
2012-10-16 07:00:00,2012-10-16 12:00:00,10000.0,43.38750000000185,-457.0000000000185,buy,1.30485,1.3002799999999999,648.0000000000041,5,91361.01320355441,2012
2012-10-16 14:00:00,2012-10-16 22:00:00,10000.0,69.40000000000029,-719.000000000003,buy,1.30955,1.30236,758.9999999999985,8,91430.9132035544,2012
2012-10-22 22:00:00,2012-10-23 08:00:00,10000.0,32.97500000000008,-356.00000000000074,sell,1.30291,1.30647,459.9999999999937,10,91464.5132035544,2012
2012-10-23 08:00:00,2012-10-23 13:00:00,10000.0,58.18750000000111,-605.000000000011,sell,1.29676,1.30281,731.9999999999992,5,91523.0132035544,2012
2012-10-23 16:00:00,2012-10-24 09:00:00,10000.0,35.937500000002366,-390.00000000002365,sell,1.2933999999999999,1.2973000000000001,622.0000000000114,17,91560.01320355441,2012
2012-10-24 09:00:00,2012-10-24 14:00:00,10000.0,27.287500000000737,-296.00000000000733,buy,1.29664,1.29368,466.99999999999517,5,91587.61320355441,2012
2012-10-24 15:00:00,2012-10-25 06:00:00,10000.0,48.5625000000021,-515.0000000000209,buy,1.29984,1.29469,582.0000000000158,15,91637.11320355443,2012
2012-10-29 22:00:00,2012-10-30 08:00:00,10000.0,23.175000000000267,-258.0000000000027,buy,1.29314,1.29056,461.0000000000003,10,91660.91320355442,2012
2012-10-30 08:00:00,2012-10-30 14:00:00,10000.0,28.72499999999946,-310.9999999999946,buy,1.29684,1.29373,377.00000000000506,6,91690.01320355442,2012
2012-10-30 14:00:00,2012-10-31 09:00:00,10000.0,30.212500000001207,-334.00000000001205,buy,1.29963,1.29629,502.0000000000024,19,91721.41320355442,2012
2012-10-31 10:00:00,2012-10-31 15:00:00,10000.0,27.487499999999827,-297.99999999999824,sell,1.29726,1.30024,473.9999999999966,5,91749.2132035544,2012
2012-10-31 16:00:00,2012-11-01 10:00:00,10000.0,29.975000000001458,-331.0000000000146,sell,1.29358,1.29689,358.0000000000138,18,91780.31320355441,2012
2012-11-05 05:00:00,2012-11-05 08:00:00,917803.1320355441,3002.363495671267,-348.99999999999926,sell,1.27933,1.28282,483.9999999999955,3,94799.88550795136,2012
2012-11-06 07:00:00,2012-11-06 17:00:00,10000.0,26.975000000000737,-296.00000000000733,buy,1.28152,1.27856,520.9999999999936,10,94827.48550795138,2012
2012-11-07 00:00:00,2012-11-07 04:00:00,10000.0,38.45000000000018,-407.00000000000176,buy,1.28318,1.27911,492.0000000000035,4,94866.18550795138,2012
2012-11-07 04:00:00,2012-11-07 12:00:00,10000.0,38.999999999998764,-414.99999999998755,sell,1.28147,1.28562,612.9999999999968,8,94905.68550795138,2012
2012-11-07 12:00:00,2012-11-09 11:00:00,10000.0,38.662500000001415,-436.0000000000141,sell,1.27154,1.2759,744.0000000000113,47,94947.28550795135,2012
2012-11-12 22:00:00,2012-11-13 02:00:00,10000.0,18.250000000001073,-205.00000000001071,sell,1.26846,1.27051,243.0000000000154,4,94965.78550795135,2012
2012-11-13 09:00:00,2012-11-13 12:00:00,10000.0,37.71249999999938,-398.99999999999375,buy,1.27124,1.26725,556.9999999999852,3,95003.68550795136,2012
2012-11-13 13:00:00,2012-11-14 03:00:00,10000.0,31.924999999999272,-347.9999999999927,buy,1.27216,1.26868,499.00000000000495,14,95036.48550795137,2012
2012-11-14 03:00:00,2012-11-14 10:00:00,10000.0,21.462500000001143,-239.0000000000114,buy,1.27448,1.27209,399.000000000016,7,95058.38550795136,2012
2012-11-14 12:00:00,2012-11-15 10:00:00,10000.0,27.52500000000037,-309.0000000000037,buy,1.27602,1.27293,432.9999999999945,22,95087.28550795137,2012
2012-11-19 13:00:00,2012-11-19 16:00:00,950872.8550795136,3700.0839973282127,-411.0000000000058,buy,1.2813,1.27719,431.0000000000036,3,98805.19837131232,2012
2012-11-19 21:00:00,2012-11-19 23:00:00,988051.9837131232,2576.345547532013,-281.99999999998226,sell,1.2782000000000002,1.28102,322.99999999998437,2,101393.89456864075,2012
2012-11-19 23:00:00,2012-11-20 04:00:00,10000.0,30.587500000000148,-329.0000000000015,buy,1.2801,1.27681,367.0000000000062,5,101424.79456864075,2012
2012-11-20 10:00:00,2012-11-21 04:00:00,10000.0,38.77499999999916,-418.9999999999916,sell,1.27661,1.2808,634.0000000000011,18,101464.69456864074,2012
2012-11-21 04:00:00,2012-11-21 11:00:00,10000.0,34.162499999999966,-365.9999999999996,buy,1.27872,1.27506,466.0000000000108,7,101499.29456864075,2012
2012-11-26 22:00:00,2012-11-27 10:00:00,10000.0,27.450000000000227,-302.0000000000022,sell,1.29614,1.29916,471.9999999999835,12,101527.49456864074,2012
2012-11-27 10:00:00,2012-11-28 12:00:00,10000.0,45.375000000001265,-490.0000000000126,sell,1.28934,1.29424,754.0000000000101,26,101574.49456864076,2012
2012-11-28 12:00:00,2012-11-28 18:00:00,10000.0,40.32499999999996,-426.99999999999955,buy,1.29387,1.2896,589.0000000000173,6,101615.19456864074,2012
2012-11-28 18:00:00,2012-11-29 09:00:00,10000.0,36.162500000000804,-391.00000000000796,buy,1.29719,1.29328,470.00000000001484,15,101652.29456864076,2012
2012-11-29 12:00:00,2012-11-29 17:00:00,450000.0,1538.437499999969,-364.99999999999307,sell,1.29546,1.29911,591.9999999999925,5,103204.79456864075,2012
2012-12-02 23:00:00,2012-12-03 02:00:00,1000000.0,3561.2500000001164,-378.00000000001165,buy,1.30353,1.29975,423.0000000000178,3,106784.79456864088,2012
2012-12-03 22:00:00,2012-12-04 13:00:00,10000.0,27.96250000000037,-309.0000000000037,buy,1.30911,1.30602,459.0000000000094,15,106813.69456864089,2012
2012-12-05 03:00:00,2012-12-05 12:00:00,10000.0,24.637500000000557,-272.00000000000557,sell,1.308,1.31072,461.0000000000003,9,106838.89456864088,2012
2012-12-05 12:00:00,2012-12-06 14:00:00,10000.0,33.07500000000062,-367.0000000000062,sell,1.30355,1.30722,544.0000000000111,26,106873.59456864091,2012
2012-12-06 14:00:00,2012-12-06 18:00:00,505000.0,2254.825000000042,-469.00000000000824,sell,1.29552,1.30021,496.0000000000075,4,109141.04456864095,2012
2012-12-10 22:00:00,2012-12-11 12:00:00,10000.0,46.02500000000061,-489.0000000000061,buy,1.29899,1.2941,616.0000000000165,14,109187.94456864096,2012
2012-12-11 12:00:00,2012-12-12 11:00:00,10000.0,35.86249999999989,-392.99999999999886,buy,1.30251,1.29858,434.000000000001,23,109225.24456864096,2012
2012-12-12 11:00:00,2012-12-12 18:00:00,10000.0,55.46249999999962,-578.9999999999961,buy,1.30856,1.30277,605.9999999999953,7,109281.14456864097,2012
2012-12-12 20:00:00,2012-12-14 07:00:00,10000.0,37.512500000000074,-417.0000000000007,buy,1.31071,1.30654,665.0000000000044,35,109320.84456864095,2012
2012-12-17 22:00:00,2012-12-18 16:00:00,10000.0,47.1750000000009,-503.000000000009,buy,1.32112,1.31609,551.0000000000125,18,109369.14456864093,2012
2012-12-18 16:00:00,2012-12-19 10:00:00,10000.0,40.374999999998536,-434.99999999998533,buy,1.32676,1.32241,505.9999999999842,18,109410.64456864093,2012
2012-12-19 12:00:00,2012-12-19 16:00:00,10000.0,29.849999999999355,-320.99999999999346,sell,1.32602,1.32923,470.99999999999915,4,109440.74456864093,2012
2012-12-19 16:00:00,2012-12-19 23:00:00,10000.0,42.56249999999949,-449.9999999999948,sell,1.32003,1.32453,543.0000000000045,7,109483.74456864092,2012
2012-12-19 23:00:00,2012-12-20 12:00:00,92500.0,352.3093749999932,-408.99999999999267,buy,1.32551,1.32142,526.0000000000042,13,109843.5695686409,2012
2012-12-24 14:00:00,2012-12-24 17:00:00,1000000.0,3151.249999999873,-336.99999999998727,sell,1.3179,1.32127,384.99999999999085,3,113013.56956864079,2012
2012-12-24 17:00:00,2012-12-26 15:00:00,10000.0,57.25000000000122,-595.0000000000122,buy,1.3246200000000001,1.31867,600.0000000000227,4,113071.06956864079,2012
2012-12-26 15:00:00,2012-12-27 09:00:00,10000.0,36.77499999999938,-398.99999999999375,buy,1.32636,1.32237,487.9999999999995,18,113108.96956864078,2012
2012-12-27 09:00:00,2012-12-27 16:00:00,367500.0,1641.346874999997,-470.99999999999915,sell,1.32215,1.32686,617.0000000000008,7,114766.39456864078,2012
2012-12-27 19:00:00,2012-12-28 10:00:00,642500.0,2856.7156249999784,-473.9999999999966,sell,1.31895,1.32369,664.9999999999823,15,117683.34456864076,2012
2013-01-02 19:00:00,2013-01-03 11:00:00,10000.0,74.10000000000106,-771.0000000000105,sell,1.3097699999999999,1.31748,931.0000000000151,16,10075.099999999999,2013
2013-01-03 11:00:00,2013-01-03 20:00:00,100750.99999999999,453.75731625000975,-476.0000000000097,sell,1.30629,1.31105,575.0000000000143,9,10534.524560000009,2013
2013-01-03 23:00:00,2013-01-04 20:00:00,105345.24560000008,422.3027532990015,-434.000000000001,buy,1.30694,1.3026,723.9999999999912,21,10970.653876784008,2013
2013-01-07 22:00:00,2013-01-08 14:00:00,10000.0,36.89999999999938,-398.99999999999375,sell,1.30834,1.31233,560.0000000000049,16,11008.553876784008,2013
2013-01-08 15:00:00,2013-01-10 13:00:00,10000.0,36.624999999998764,-414.99999999998755,buy,1.3109,1.30675,729.0000000000018,46,11048.05387678401,2013
2013-01-10 13:00:00,2013-01-10 18:00:00,110480.5387678401,761.0728114369601,-712.0000000000015,buy,1.32578,1.31866,848.9999999999886,5,11812.579205057466,2013
2013-01-10 18:00:00,2013-01-11 14:00:00,118125.79205057466,823.9273995527681,-730.0000000000084,buy,1.3338,1.3265,900.0000000000118,20,12651.272328616553,2013
2013-01-14 22:00:00,2013-01-15 13:00:00,10000.0,47.862499999999734,-507.9999999999973,sell,1.33227,1.33735,705.9999999999843,15,12700.072328616552,2013
2013-01-15 13:00:00,2013-01-15 19:00:00,10000.0,43.624999999999375,-459.9999999999937,sell,1.32884,1.33344,686.0000000000088,6,12744.07232861655,2013
2013-01-16 02:00:00,2013-01-17 09:00:00,10000.0,48.162500000001586,-521.0000000000158,buy,1.3337700000000001,1.32856,816.0000000000166,31,12794.172328616549,2013
2013-01-17 10:00:00,2013-01-18 14:00:00,127941.7232861655,569.9803772398817,-483.00000000001114,sell,1.3315,1.33633,828.0000000000065,28,13386.542507431508,2013
2013-01-21 22:00:00,2013-01-22 05:00:00,10000.0,20.462499999999032,-228.9999999999903,buy,1.33401,1.33172,403.9999999999821,7,13407.442507431508,2013
2013-01-22 06:00:00,2013-01-22 10:00:00,10000.0,51.15000000000123,-534.0000000000122,sell,1.33049,1.33583,663.0000000000135,4,13458.84250743151,2013
2013-01-22 10:00:00,2013-01-22 16:00:00,10000.0,56.124999999999105,-584.999999999991,sell,1.32881,1.33466,783.9999999999847,6,13515.342507431507,2013
2013-01-23 07:00:00,2013-01-23 11:00:00,10000.0,30.050000000000665,-323.0000000000066,buy,1.33329,1.33006,480.0000000000137,4,13545.642507431508,2013
2013-01-23 11:00:00,2013-01-23 16:00:00,10000.0,50.58750000000017,-529.0000000000016,sell,1.32833,1.33362,703.9999999999934,5,13596.542507431508,2013
2013-01-29 10:00:00,2013-01-29 15:00:00,10000.0,50.28750000000042,-526.0000000000042,buy,1.34802,1.34276,665.0000000000044,5,13647.142507431508,2013
2013-01-29 15:00:00,2013-01-30 10:00:00,10000.0,47.312499999999986,-504.99999999999983,buy,1.35277,1.34772,662.0000000000069,19,13695.642507431508,2013
2013-01-30 10:00:00,2013-02-01 00:00:00,10000.0,47.32500000000119,-517.0000000000118,buy,1.3609,1.3557299999999999,764.9999999999934,38,13745.342507431513,2013
2013-02-05 04:00:00,2013-02-05 09:00:00,10000.0,37.087500000000546,-394.0000000000054,buy,1.35264,1.3487,687.0000000000153,5,13782.742507431512,2013
2013-02-05 09:00:00,2013-02-05 17:00:00,10000.0,38.20000000000018,-407.00000000000176,buy,1.3566,1.35253,649.0000000000106,8,13821.442507431513,2013
2013-02-05 17:00:00,2013-02-06 14:00:00,10000.0,78.3875000000001,-817.000000000001,sell,1.35001,1.35818,954.0000000000103,21,13901.142507431516,2013
2013-02-06 17:00:00,2013-02-07 09:00:00,10000.0,43.10000000000003,-461.0000000000003,buy,1.35611,1.3515,581.9999999999936,16,13945.242507431518,2013
2013-02-07 09:00:00,2013-02-07 14:00:00,139452.4250743152,1257.6865586390084,-925.0000000000201,sell,1.3465099999999999,1.35576,1102.000000000003,5,15207.2869543541,2013
2013-02-11 14:00:00,2013-02-11 17:00:00,152072.86954354102,625.2095849108746,-432.9999999999945,buy,1.34104,1.33671,486.0000000000086,3,15835.347905568917,2013
2013-02-12 05:00:00,2013-02-12 11:00:00,10000.0,51.12499999999966,-534.9999999999966,buy,1.34352,1.33817,717.9999999999964,6,15886.847905568917,2013
2013-02-12 12:00:00,2013-02-13 11:00:00,10000.0,40.36250000000051,-438.000000000005,buy,1.34795,1.34357,700.999999999996,23,15928.647905568914,2013
2013-02-13 12:00:00,2013-02-13 16:00:00,10000.0,44.550000000000175,-468.0000000000017,sell,1.34383,1.34851,578.9999999999961,4,15973.447905568913,2013
2013-02-13 16:00:00,2013-02-14 08:00:00,10000.0,54.49999999999922,-574.9999999999922,sell,1.33884,1.34459,709.9999999999884,16,16028.947905568915,2013
2013-02-18 23:00:00,2013-02-19 17:00:00,10000.0,31.175000000000438,-343.0000000000044,buy,1.3384,1.33497,557.0000000000074,18,16061.247905568918,2013
2013-02-19 22:00:00,2013-02-20 01:00:00,10000.0,28.212499999999316,-303.9999999999931,buy,1.34165,1.33861,329.0000000000015,3,16089.647905568918,2013
2013-02-20 01:00:00,2013-02-20 12:00:00,10000.0,36.0125000000004,-387.000000000004,sell,1.33783,1.3417000000000001,533.99999999999,11,16126.34790556892,2013
2013-02-20 12:00:00,2013-02-20 20:00:00,10000.0,82.20000000000199,-847.0000000000199,sell,1.32852,1.3369900000000001,1110.000000000011,8,16209.047905568921,2013
2013-02-20 20:00:00,2013-02-21 09:00:00,10000.0,65.78750000000088,-686.0000000000088,sell,1.3206,1.32746,838.0000000000053,13,16275.647905568923,2013
2013-02-25 13:00:00,2013-02-25 16:00:00,162756.47905568924,1131.3609750358794,-717.000000000012,sell,1.32154,1.32871,992.000000000015,3,17410.060564587096,2013
2013-02-25 16:00:00,2013-02-25 19:00:00,174100.60564587096,1382.5764345852633,-815.9999999999944,sell,1.30885,1.31701,1078.0000000000011,3,18795.90138552822,2013
2013-02-25 22:00:00,2013-02-27 21:00:00,10000.0,73.96249999999952,-788.9999999999952,buy,1.31361,1.30572,1183.0000000000007,47,18872.8013855282,2013
2013-02-27 21:00:00,2013-02-28 16:00:00,37500.0,214.17187499999923,-602.999999999998,sell,1.30752,1.31355,858.9999999999875,19,19091.4263855282,2013
2013-02-28 16:00:00,2013-03-01 11:00:00,190914.263855282,756.2591276967476,-428.00000000000614,sell,1.3033299999999999,1.30761,675.0000000000033,19,19870.356582057764,2013
2013-03-05 08:00:00,2013-03-05 13:00:00,10000.0,29.287500000000517,-316.0000000000051,sell,1.30312,1.30628,438.000000000005,5,19899.956582057766,2013
2013-03-05 13:00:00,2013-03-06 16:00:00,10000.0,35.712500000000546,-394.0000000000054,sell,1.30012,1.30406,687.9999999999997,27,19937.356582057768,2013
2013-03-06 18:00:00,2013-03-07 09:00:00,10000.0,27.462500000001537,-304.00000000001535,buy,1.302,1.29896,564.0000000000089,15,19965.756582057773,2013
2013-03-07 14:00:00,2013-03-08 14:00:00,199657.56582057776,1874.7845430552416,-974.0000000000081,sell,1.29992,1.30966,1347.000000000009,24,21870.489759986096,2013
2013-03-12 07:00:00,2013-03-12 13:00:00,10000.0,28.825000000000117,-312.00000000000114,buy,1.30381,1.30069,478.0000000000006,6,21899.689759986097,2013
2013-03-12 13:00:00,2013-03-12 16:00:00,10000.0,41.31250000000076,-435.00000000000756,sell,1.30222,1.30657,487.9999999999995,3,21941.1897599861,2013
2013-03-13 07:00:00,2013-03-13 09:00:00,10000.0,36.675000000001056,-388.0000000000105,sell,1.30202,1.3059,441.00000000000244,2,21977.9897599861,2013
2013-03-13 09:00:00,2013-03-13 13:00:00,10000.0,41.85000000000025,-441.00000000000244,sell,1.2973999999999999,1.30181,557.0000000000074,4,22020.0897599861,2013
2013-03-13 13:00:00,2013-03-14 17:00:00,10000.0,72.45000000000182,-762.0000000000182,buy,1.3018,1.2941799999999999,1076.0000000000102,28,22094.289759986106,2013
2013-03-18 06:00:00,2013-03-18 09:00:00,220942.89759986108,1259.6506949411914,-591.9999999999925,buy,1.29633,1.29041,731.9999999999992,3,23358.083134257296,2013
2013-03-18 22:00:00,2013-03-19 16:00:00,10000.0,47.674999999999734,-507.9999999999973,sell,1.28888,1.29396,801.0000000000072,18,23406.883134257292,2013
2013-03-19 16:00:00,2013-03-20 11:00:00,10000.0,50.71250000000006,-539.0000000000006,buy,1.29131,1.28592,703.9999999999934,19,23458.783134257297,2013
2013-03-20 11:00:00,2013-03-22 15:00:00,10000.0,57.35000000000154,-626.0000000000153,buy,1.29746,1.2912,966.0000000000001,52,23519.3831342573,2013
2013-03-24 21:00:00,2013-03-25 00:00:00,235193.83134257302,1218.5980386437232,-540.000000000007,buy,1.30159,1.29619,564.9999999999933,3,24742.391057238696,2013
2013-03-25 12:00:00,2013-03-25 15:00:00,247423.91057238696,1390.831657305047,-584.0000000000067,sell,1.28797,1.2938100000000001,673.9999999999968,3,26137.861912866974,2013
2013-03-25 22:00:00,2013-03-27 10:00:00,10000.0,50.750000000000604,-550.000000000006,sell,1.28014,1.2856400000000001,878.0000000000009,36,26190.861912866978,2013
2013-03-27 11:00:00,2013-03-28 14:00:00,10000.0,53.21250000000195,-569.0000000000194,buy,1.28269,1.277,768.0000000000131,27,26245.761912866987,2013
2013-04-01 13:00:00,2013-04-01 15:00:00,262457.6191286699,621.368413287133,-258.0000000000027,buy,1.28444,1.28186,278.00000000000045,2,26870.411046393234,2013
2013-04-02 00:00:00,2013-04-02 11:00:00,10000.0,25.612500000001102,-283.00000000001097,sell,1.28364,1.28647,406.00000000001745,11,26896.711046393237,2013
2013-04-02 14:00:00,2013-04-03 02:00:00,10000.0,31.250000000000696,-340.00000000000693,sell,1.28024,1.2836400000000001,435.9999999999919,12,26928.711046393233,2013
2013-04-03 02:00:00,2013-04-03 13:00:00,10000.0,28.512500000000117,-312.00000000000114,buy,1.28358,1.28046,468.0000000000017,11,26957.911046393234,2013
2013-04-03 13:00:00,2013-04-04 08:00:00,10000.0,45.812500000001265,-490.0000000000126,sell,1.27995,1.28485,644.0000000000001,19,27004.911046393227,2013
2013-04-08 22:00:00,2013-04-09 01:00:00,10000.0,34.71250000000193,-369.00000000001927,buy,1.30563,1.3019399999999999,406.00000000001745,3,27039.811046393228,2013
2013-04-09 01:00:00,2013-04-09 08:00:00,10000.0,37.36250000000095,-398.00000000000944,sell,1.30201,1.30599,424.0000000000021,7,27077.61104639323,2013
2013-04-09 08:00:00,2013-04-09 16:00:00,10000.0,56.200000000000415,-587.0000000000041,buy,1.30892,1.30305,668.0000000000018,8,27134.31104639323,2013
2013-04-09 18:00:00,2013-04-11 00:00:00,10000.0,39.225000000000364,-431.0000000000036,sell,1.30536,1.3096700000000001,676.9999999999942,30,27175.411046393227,2013
2013-04-11 00:00:00,2013-04-11 09:00:00,120000.0,326.8500000000246,-298.00000000002046,buy,1.308,1.3050199999999998,330.000000000008,9,27509.011046393225,2013
2013-04-15 22:00:00,2013-04-16 11:00:00,10000.0,47.0875000000005,-499.00000000000495,buy,1.31021,1.30522,748.0000000000152,13,27556.911046393227,2013
2013-04-16 11:00:00,2013-04-16 17:00:00,10000.0,54.12499999999933,-564.9999999999933,buy,1.31728,1.31163,611.9999999999902,6,27611.411046393223,2013
2013-04-16 17:00:00,2013-04-17 11:00:00,10000.0,48.87500000000094,-520.0000000000093,sell,1.31365,1.31885,644.0000000000001,18,27661.41104639323,2013
2013-04-17 11:00:00,2013-04-17 15:00:00,10000.0,74.45000000000066,-767.0000000000065,sell,1.30433,1.312,1028.999999999991,4,27736.11104639323,2013
2013-04-17 16:00:00,2013-04-19 09:00:00,10000.0,63.73749999999892,-682.9999999999891,buy,1.30937,1.30254,839.9999999999962,41,27802.41104639324,2013
2013-04-22 22:00:00,2013-04-23 08:00:00,10000.0,68.37500000000107,-710.0000000000106,sell,1.29925,1.3063500000000001,909.9999999999885,10,27871.411046393237,2013
2013-04-23 08:00:00,2013-04-25 02:00:00,10000.0,58.67500000000169,-633.0000000000168,buy,1.30475,1.29842,951.0000000000128,42,27932.711046393233,2013
2013-04-25 07:00:00,2013-04-25 11:00:00,279327.11046393233,920.38282897871,-352.00000000001893,buy,1.30692,1.3034,388.0000000000105,4,28860.07705313354,2013
2013-04-25 11:00:00,2013-04-25 14:00:00,288600.77053133544,1446.2506113251102,-522.9999999999845,sell,1.3015,1.30673,777.9999999999898,3,30311.738928906114,2013
2013-04-29 05:00:00,2013-04-29 08:00:00,303117.38928906113,1191.6302366426512,-415.0000000000098,buy,1.30891,1.30476,436.99999999999847,3,31509.05261659793,2013
2013-04-30 05:00:00,2013-04-30 07:00:00,10000.0,23.274999999999867,-253.99999999999866,sell,1.3082,1.31074,275.000000000003,2,31532.452616597933,2013
2013-04-30 08:00:00,2013-04-30 14:00:00,10000.0,77.02500000000057,-794.0000000000058,buy,1.31403,1.30609,885.0000000000024,6,31609.852616597935,2013
2013-04-30 15:00:00,2013-05-01 12:00:00,10000.0,42.68750000000159,-460.0000000000159,buy,1.3217,1.3171,714.9999999999989,21,31653.852616597935,2013
2013-05-01 12:00:00,2013-05-01 15:00:00,10000.0,26.812500000001247,-290.00000000001245,sell,1.31944,1.32234,338.00000000001603,3,31680.852616597935,2013
2013-05-06 12:00:00,2013-05-06 15:00:00,316808.52616597933,1422.8662931429521,-470.99999999999915,sell,1.30585,1.31056,519.0000000000027,3,33109.659069606496,2013
2013-05-06 22:00:00,2013-05-07 11:00:00,10000.0,37.98749999999862,-407.99999999998613,buy,1.31164,1.30756,490.99999999999693,13,33148.45906960649,2013
2013-05-07 11:00:00,2013-05-07 16:00:00,10000.0,25.987500000001102,-283.00000000001097,sell,1.30856,1.31139,409.0000000000149,5,33174.759069606494,2013
2013-05-07 16:00:00,2013-05-08 09:00:00,10000.0,31.437500000001748,-345.0000000000175,buy,1.3119100000000001,1.30846,483.00000000001114,17,33207.259069606516,2013
2013-05-08 09:00:00,2013-05-08 13:00:00,10000.0,29.349999999998296,-315.99999999998295,buy,1.31584,1.31268,381.9999999999934,4,33236.859069606515,2013
2013-05-14 00:00:00,2013-05-14 11:00:00,10000.0,53.112500000001404,-558.000000000014,sell,1.29626,1.30184,659.0000000000095,11,33290.65906960651,2013
2013-05-14 11:00:00,2013-05-14 21:00:00,10000.0,37.674999999999784,-402.9999999999978,sell,1.29207,1.2961,730.9999999999927,10,33328.95906960651,2013
2013-05-14 21:00:00,2013-05-15 10:00:00,10000.0,43.38749999999847,-461.9999999999846,sell,1.28838,1.293,581.9999999999936,13,33373.15906960652,2013
2013-05-15 10:00:00,2013-05-16 14:00:00,10000.0,39.15000000000127,-429.0000000000127,buy,1.29004,1.28575,578.0000000000118,28,33414.05906960652,2013
2013-05-16 14:00:00,2013-05-17 02:00:00,334140.5906960652,1388.354154342129,-442.99999999999335,sell,1.28691,1.29134,601.000000000007,12,34827.47376825086,2013
2013-05-21 10:00:00,2013-05-21 16:00:00,10000.0,39.52499999999916,-418.9999999999916,buy,1.29074,1.28655,669.9999999999927,6,34867.37376825085,2013
2013-05-22 17:00:00,2013-05-23 16:00:00,10000.0,74.36249999999899,-777.9999999999898,buy,1.29355,1.28577,1147.9999999999934,23,34943.17376825084,2013
2013-05-23 22:00:00,2013-05-24 09:00:00,349431.7376825084,1461.0614531849335,-444.99999999998425,buy,1.29761,1.29316,722.9999999999847,11,36428.25865340145,2013
2013-05-27 22:00:00,2013-05-28 01:00:00,10000.0,28.512500000001282,-307.0000000000128,sell,1.28989,1.29296,357.0000000000073,3,36456.958653401445,2013
2013-05-28 09:00:00,2013-05-28 15:00:00,10000.0,66.72500000000194,-691.0000000000193,sell,1.28571,1.29262,918.0000000000188,6,36524.05865340145,2013
2013-05-28 16:00:00,2013-05-29 11:00:00,10000.0,61.912500000000165,-651.0000000000015,buy,1.29319,1.28668,948.9999999999998,19,36587.15865340143,2013
2013-05-29 11:00:00,2013-05-30 10:00:00,10000.0,48.66249999999937,-520.9999999999936,buy,1.29941,1.2942,756.9999999999854,23,36637.25865340142,2013
2013-05-30 11:00:00,2013-05-30 14:00:00,366372.5865340142,2623.6856853166883,-737.9999999999942,buy,1.30287,1.29549,862.9999999999915,3,39267.81382471563,2013
2013-06-03 13:00:00,2013-06-03 15:00:00,392678.1382471563,2366.867478284744,-624.0000000000023,buy,1.3026200000000001,1.29638,660.000000000016,2,41639.58977972847,2013
2013-06-03 22:00:00,2013-06-06 07:00:00,10000.0,42.53749999999981,-480.99999999999807,buy,1.31207,1.30726,792.0000000000149,57,41685.68977972845,2013
2013-06-06 10:00:00,2013-06-06 13:00:00,395000.0,1260.5437500000535,-341.0000000000135,buy,1.31475,1.31134,582.0000000000158,3,42953.6397797285,2013
2013-06-06 13:00:00,2013-06-06 16:00:00,429536.397797285,3187.6969921531404,-764.0000000000091,buy,1.32434,1.3167,817.000000000001,3,46149.39057934035,2013
2013-06-10 22:00:00,2013-06-11 18:00:00,10000.0,32.750000000000476,-360.0000000000047,buy,1.32935,1.32575,624.0000000000023,20,46183.39057934035,2013
2013-06-12 06:00:00,2013-06-12 12:00:00,10000.0,34.125000000001535,-365.0000000000153,sell,1.3273,1.33095,612.9999999999968,6,46217.890579340354,2013
2013-06-12 12:00:00,2013-06-12 15:00:00,10000.0,39.212500000000325,-414.00000000000324,buy,1.33336,1.32922,520.0000000000093,3,46257.290579340355,2013
2013-06-13 06:00:00,2013-06-13 10:00:00,285000.0,1030.2750000000187,-384.00000000000654,sell,1.3329,1.33674,439.00000000001154,4,47294.69057934037,2013
2013-06-13 13:00:00,2013-06-13 20:00:00,472946.90579340374,2277.8305350275114,-506.0000000000064,buy,1.33583,1.33077,804.0000000000047,7,49593.21254149634,2013
2013-06-17 17:00:00,2013-06-17 20:00:00,495932.1254149634,1855.406064208824,-396.00000000001853,buy,1.3377000000000001,1.33374,500.0000000000115,3,51457.917333056685,2013
2013-06-18 06:00:00,2013-06-18 08:00:00,10000.0,35.074999999999456,-371.99999999999454,buy,1.33726,1.33354,407.99999999998613,2,51493.11733305668,2013
2013-06-18 12:00:00,2013-06-18 16:00:00,10000.0,46.74999999999905,-489.9999999999904,buy,1.34039,1.33549,665.0000000000044,4,51540.117333056674,2013
2013-06-18 16:00:00,2013-06-19 19:00:00,10000.0,116.41250000000076,-1201.0000000000075,sell,1.3274299999999999,1.33944,1378.0000000000125,27,51658.217333056695,2013
2013-06-19 19:00:00,2013-06-20 08:00:00,10000.0,48.48750000000079,-513.0000000000078,sell,1.32257,1.3277,746.9999999999865,13,51707.517333056705,2013
2013-06-24 22:00:00,2013-06-25 15:00:00,10000.0,49.937500000000824,-530.0000000000082,sell,1.30755,1.31285,747.9999999999931,17,51758.51733305669,2013
2013-06-25 15:00:00,2013-06-26 10:00:00,10000.0,42.212499999999885,-453.9999999999988,sell,1.30317,1.30771,714.9999999999989,19,51801.917333056685,2013
2013-06-26 14:00:00,2013-06-27 19:00:00,10000.0,37.48750000000189,-413.0000000000189,buy,1.30448,1.30035,607.0000000000019,29,51841.217333056695,2013
2013-06-27 19:00:00,2013-06-28 13:00:00,518412.173330567,2051.616175955832,-427.00000000002177,buy,1.3084500000000001,1.30418,549.0000000000216,18,53951.154878512214,2013
2013-07-01 22:00:00,2013-07-02 09:00:00,10000.0,39.012500000000074,-417.0000000000007,sell,1.30234,1.30651,540.9999999999915,11,53990.85487851222,2013
2013-07-02 09:00:00,2013-07-02 19:00:00,10000.0,42.175000000000395,-448.0000000000039,sell,1.29789,1.30237,581.0000000000092,10,54033.654878512214,2013
2013-07-02 20:00:00,2013-07-03 08:00:00,10000.0,42.55000000000145,-453.00000000001444,sell,1.29303,1.29756,525.0000000000199,12,54076.954878512224,2013
2013-07-03 08:00:00,2013-07-03 16:00:00,10000.0,43.09999999999897,-455.9999999999897,buy,1.30022,1.29566,658.000000000003,8,54120.554878512216,2013
2013-07-03 16:00:00,2013-07-04 13:00:00,10000.0,118.0875000000004,-1214.0000000000039,sell,1.28888,1.30102,1339.0000000000011,21,54239.95487851222,2013
2013-07-08 23:00:00,2013-07-09 07:00:00,10000.0,26.899999999999427,-293.99999999999426,buy,1.28915,1.28621,458.0000000000028,8,54267.35487851221,2013
2013-07-09 07:00:00,2013-07-09 15:00:00,10000.0,84.00000000000047,-865.0000000000045,sell,1.27873,1.28738,999.0000000000165,8,54351.85487851221,2013
2013-07-09 15:00:00,2013-07-10 09:00:00,10000.0,42.57500000000185,-457.0000000000185,buy,1.28208,1.27751,669.0000000000084,18,54395.5548785122,2013
2013-07-10 09:00:00,2013-07-10 15:00:00,10000.0,37.72500000000069,-401.0000000000069,buy,1.2854700000000001,1.28146,447.00000000001955,6,54433.6548785122,2013
2013-07-10 15:00:00,2013-07-10 21:00:00,10000.0,120.4250000000007,-1228.0000000000068,buy,1.2970300000000001,1.28475,1307.0000000000136,6,54554.45487851221,2013
2013-07-15 22:00:00,2013-07-16 11:00:00,10000.0,47.0875000000005,-499.00000000000495,buy,1.31104,1.30605,652.9999999999924,13,54602.354878512204,2013
2013-07-16 11:00:00,2013-07-16 19:00:00,10000.0,39.30000000000072,-418.0000000000072,buy,1.3158400000000001,1.31166,639.0000000000117,8,54642.15487851221,2013
2013-07-16 19:00:00,2013-07-17 15:00:00,10000.0,66.45000000000142,-697.0000000000142,sell,1.30947,1.31644,822.0000000000116,20,54709.85487851221,2013
2013-07-17 16:00:00,2013-07-18 13:00:00,10000.0,52.787500000001145,-561.0000000000115,sell,1.30805,1.31366,784.0000000000068,21,54763.95487851222,2013
2013-07-18 13:00:00,2013-07-19 03:00:00,477500.0,2016.2437499999005,-450.99999999997914,buy,1.31349,1.3089800000000003,696.0000000000076,14,56821.979878512226,2013
2013-07-22 22:00:00,2013-07-23 15:00:00,10000.0,27.137500000000227,-302.0000000000022,buy,1.32149,1.31847,517.9999999999962,17,56850.17987851222,2013
2013-07-23 18:00:00,2013-07-24 18:00:00,10000.0,42.00000000000054,-455.00000000000534,sell,1.31853,1.32308,705.0,24,56893.67987851222,2013
2013-07-24 18:00:00,2013-07-25 18:00:00,10000.0,43.40000000000083,-469.00000000000824,buy,1.32431,1.31962,775.9999999999989,24,56938.57987851222,2013
2013-07-30 01:00:00,2013-07-30 12:00:00,10000.0,25.712499999999537,-283.99999999999534,buy,1.3287,1.32586,401.0000000000069,11,56964.97987851222,2013
2013-07-30 12:00:00,2013-07-30 15:00:00,10000.0,30.412500000000406,-326.00000000000404,sell,1.32512,1.3283800000000001,434.99999999998533,3,56995.579878512224,2013
2013-07-31 03:00:00,2013-07-31 08:00:00,10000.0,18.687499999999908,-209.99999999999906,buy,1.32779,1.32569,377.00000000000506,5,57014.579878512224,2013
2013-07-31 08:00:00,2013-07-31 11:00:00,10000.0,28.212500000001537,-304.00000000001535,sell,1.3255,1.32854,344.0000000000109,3,57042.979878512226,2013
2013-07-31 11:00:00,2013-07-31 13:00:00,10000.0,43.67500000000028,-458.0000000000028,sell,1.32251,1.32709,490.99999999999693,2,57086.77987851223,2013
2013-08-05 22:00:00,2013-08-06 10:00:00,10000.0,23.549999999999102,-262.999999999991,buy,1.32843,1.3258,388.0000000000105,12,57111.07987851223,2013
2013-08-06 10:00:00,2013-08-06 15:00:00,10000.0,30.587500000000148,-329.0000000000015,buy,1.33063,1.32734,409.9999999999992,5,57141.97987851223,2013
2013-08-07 07:00:00,2013-08-07 15:00:00,10000.0,30.499999999998586,-329.99999999998585,buy,1.33154,1.32824,500.99999999999585,8,57172.97987851224,2013
2013-08-07 15:00:00,2013-08-08 14:00:00,10000.0,37.962500000000325,-414.00000000000324,buy,1.33695,1.33281,528.0000000000173,23,57212.379878512256,2013
2013-08-08 14:00:00,2013-08-09 15:00:00,505000.0,1360.3437499999986,-304.9999999999997,sell,1.33524,1.33829,473.0000000000123,25,58651.629878512256,2013
2013-08-13 02:00:00,2013-08-13 12:00:00,10000.0,17.274999999999363,-198.9999999999936,sell,1.32864,1.33063,302.0000000000022,10,58669.529878512265,2013
2013-08-13 12:00:00,2013-08-15 03:00:00,10000.0,34.36249999999883,-387.99999999998835,buy,1.32971,1.32583,641.0000000000026,39,58706.32987851225,2013
2013-08-15 03:00:00,2013-08-15 13:00:00,202500.0,1011.9937500000085,-526.0000000000042,sell,1.32345,1.32871,659.9999999999939,10,59730.97987851227,2013
2013-08-15 13:00:00,2013-08-15 16:00:00,477500.0,1557.2468749999655,-348.00000000001495,buy,1.3260200000000002,1.32254,555.0000000000166,3,61297.17987851223,2013
2013-08-15 16:00:00,2013-08-15 18:00:00,560000.0,3862.5999999999717,-710.9999999999949,buy,1.33328,1.32617,730.9999999999927,2,65166.77987851221,2013
2013-08-19 22:00:00,2013-08-20 09:00:00,10000.0,30.712500000001207,-334.00000000001205,buy,1.33695,1.33361,466.0000000000108,11,65198.1798785122,2013
2013-08-20 09:00:00,2013-08-20 13:00:00,10000.0,25.550000000000047,-278.00000000000045,buy,1.34216,1.33938,493.00000000001006,4,65223.9798785122,2013
2013-08-20 13:00:00,2013-08-21 08:00:00,10000.0,41.212500000002215,-444.0000000000221,sell,1.3393599999999999,1.3438,472.0000000000057,19,65266.379878512205,2013
2013-08-21 09:00:00,2013-08-21 15:00:00,10000.0,24.324999999999502,-266.999999999995,sell,1.33763,1.3403,295.99999999998516,6,65291.07987851221,2013
2013-08-21 16:00:00,2013-08-22 00:00:00,10000.0,26.100000000000847,-286.00000000000847,sell,1.33426,1.33712,526.0000000000042,8,65317.67987851221,2013
2013-08-26 23:00:00,2013-08-27 09:00:00,10000.0,34.27499999999971,-368.9999999999971,sell,1.33386,1.33755,510.99999999999477,10,65352.57987851221,2013
2013-08-27 09:00:00,2013-08-27 14:00:00,10000.0,35.387500000000514,-377.00000000000506,buy,1.33826,1.33449,548.9999999999994,5,65388.27987851221,2013
2013-08-27 14:00:00,2013-08-28 11:00:00,10000.0,38.18750000000098,-415.0000000000098,sell,1.33507,1.33922,473.9999999999966,21,65427.779878512214,2013
2013-08-28 12:00:00,2013-08-28 14:00:00,10000.0,45.475000000000975,-476.0000000000097,sell,1.33151,1.33627,574.0000000000078,2,65473.37987851221,2013
2013-08-28 14:00:00,2013-08-29 07:00:00,10000.0,60.63749999999987,-636.9999999999986,sell,1.32732,1.33369,712.0000000000015,17,65535.07987851222,2013
2013-09-02 22:00:00,2013-09-03 15:00:00,10000.0,25.637500000001502,-287.000000000015,sell,1.31584,1.31871,380.0000000000025,17,65561.77987851223,2013
2013-09-03 15:00:00,2013-09-04 15:00:00,10000.0,26.40000000000048,-299.0000000000048,buy,1.31947,1.3164799999999999,384.99999999999085,24,65589.67987851222,2013
2013-09-04 15:00:00,2013-09-05 06:00:00,10000.0,32.76249999999851,-356.99999999998505,sell,1.31736,1.32093,431.9999999999879,15,65623.37987851223,2013
2013-09-05 06:00:00,2013-09-05 10:00:00,285000.0,551.4749999999829,-215.99999999999395,buy,1.31954,1.31738,303.9999999999931,4,66181.97987851221,2013
2013-09-05 10:00:00,2013-09-05 13:00:00,395000.0,2070.293750000008,-546.000000000002,sell,1.31559,1.32105,665.0000000000044,3,68259.67987851224,2013
2013-09-09 12:00:00,2013-09-09 15:00:00,682596.7987851225,2717.5885051634077,-420.00000000002035,buy,1.32512,1.3209199999999999,440.00000000001813,3,70990.06707365288,2013
2013-09-10 04:00:00,2013-09-10 12:00:00,10000.0,26.19999999999928,-286.9999999999928,sell,1.32359,1.32646,391.9999999999923,8,71016.7670736529,2013
2013-09-10 12:00:00,2013-09-11 02:00:00,10000.0,25.425000000001102,-283.00000000001097,buy,1.32748,1.3246499999999999,309.0000000000037,14,71043.06707365288,2013
2013-09-11 03:00:00,2013-09-11 14:00:00,10000.0,31.612500000000438,-343.0000000000044,buy,1.32911,1.32568,483.00000000001114,11,71075.36707365289,2013
2013-09-11 17:00:00,2013-09-12 13:00:00,10000.0,30.25000000000186,-335.0000000000186,sell,1.32791,1.33126,446.9999999999974,20,71106.86707365286,2013
2013-09-16 22:00:00,2013-09-18 18:00:00,10000.0,28.249999999998586,-329.99999999998585,buy,1.33693,1.33363,446.9999999999974,44,71137.86707365292,2013
2013-09-18 18:00:00,2013-09-19 08:00:00,10000.0,36.525000000000546,-394.0000000000054,buy,1.35487,1.35093,578.9999999999961,14,71175.2670736529,2013
2013-09-19 08:00:00,2013-09-19 17:00:00,340000.0,1153.8749999999766,-364.99999999999307,sell,1.35166,1.35531,485.00000000000205,9,72348.26707365287,2013
2013-09-24 07:00:00,2013-09-24 10:00:00,10000.0,22.112499999999322,-242.9999999999932,sell,1.34843,1.35086,306.00000000000625,3,72370.56707365287,2013
2013-09-24 12:00:00,2013-09-25 09:00:00,10000.0,18.287500000001618,-216.00000000001617,buy,1.34945,1.3472899999999999,334.00000000001205,21,72390.16707365289,2013
2013-09-25 13:00:00,2013-09-25 16:00:00,10000.0,28.612500000001937,-308.0000000000193,buy,1.3532600000000001,1.35018,349.0000000000215,3,72418.9670736529,2013
2013-09-25 16:00:00,2013-09-26 10:00:00,10000.0,29.775000000002372,-329.0000000000237,sell,1.3492899999999999,1.3525800000000001,390.0000000000014,18,72449.86707365292,2013
2013-09-26 10:00:00,2013-09-26 17:00:00,395000.0,993.91874999995,-275.9999999999873,sell,1.34742,1.35018,365.9999999999996,7,73461.06707365288,2013
2013-09-30 10:00:00,2013-09-30 13:00:00,734610.6707365288,3269.9357481159386,-466.99999999999517,buy,1.35472,1.35005,563.0000000000024,3,76744.77677184512,2013
2013-09-30 22:00:00,2013-10-01 07:00:00,10000.0,55.53749999999871,-580.999999999987,buy,1.35815,1.35234,646.9999999999975,9,76800.87677184511,2013
2013-10-01 07:00:00,2013-10-01 14:00:00,10000.0,26.162500000000847,-286.00000000000847,sell,1.35362,1.3564800000000001,351.9999999999967,7,76827.4767718451,2013
2013-10-01 14:00:00,2013-10-02 13:00:00,10000.0,48.86250000000068,-523.0000000000067,buy,1.3579,1.35267,753.0000000000036,23,76877.77677184508,2013
2013-10-02 13:00:00,2013-10-03 16:00:00,10000.0,45.21250000000061,-489.0000000000061,buy,1.36382,1.35893,652.0000000000081,27,76924.67677184501,2013
2013-10-08 01:00:00,2013-10-08 14:00:00,10000.0,18.787499999999397,-215.99999999999395,buy,1.3591,1.35694,341.99999999999784,13,76944.27677184503,2013
2013-10-08 14:00:00,2013-10-08 19:00:00,10000.0,24.887499999998337,-271.99999999998334,sell,1.35671,1.35943,302.0000000000022,5,76969.47677184503,2013
2013-10-08 22:00:00,2013-10-09 03:00:00,10000.0,19.587500000001363,-219.0000000000136,sell,1.3566799999999999,1.35887,372.0000000000167,5,76989.37677184503,2013
2013-10-09 03:00:00,2013-10-09 08:00:00,10000.0,32.38750000000084,-347.0000000000084,sell,1.35292,1.35639,395.000000000012,5,77022.07677184502,2013
2013-10-09 08:00:00,2013-10-10 03:00:00,10000.0,26.012500000000337,-292.00000000000335,sell,1.34922,1.3521400000000001,439.9999999999959,19,77049.27677184503,2013
2013-10-14 22:00:00,2013-10-15 10:00:00,10000.0,41.55000000000156,-443.0000000000156,sell,1.35089,1.35532,615.0000000000099,12,77091.57677184504,2013
2013-10-15 10:00:00,2013-10-15 21:00:00,10000.0,27.112500000002047,-298.00000000002046,buy,1.3520400000000001,1.34906,386.0000000000196,11,77119.37677184501,2013
2013-10-16 00:00:00,2013-10-16 11:00:00,10000.0,31.312500000000696,-340.00000000000693,buy,1.35435,1.3509499999999999,380.0000000000025,11,77151.37677184501,2013
2013-10-16 11:00:00,2013-10-16 15:00:00,10000.0,58.4500000000002,-607.0000000000019,sell,1.34925,1.35532,743.0000000000047,4,77210.07677184501,2013
2013-10-16 15:00:00,2013-10-16 18:00:00,10000.0,46.012500000000465,-482.0000000000046,buy,1.35385,1.34903,626.9999999999998,3,77256.276771845,2013
2013-10-21 22:00:00,2013-10-22 13:00:00,10000.0,43.96250000000083,-469.00000000000824,buy,1.37226,1.36757,612.0000000000125,15,77301.17677184503,2013
2013-10-22 13:00:00,2013-10-22 17:00:00,10000.0,26.650000000000592,-289.0000000000059,buy,1.3785100000000001,1.37562,314.00000000001427,4,77328.07677184502,2013
2013-10-22 17:00:00,2013-10-23 08:00:00,10000.0,27.662500000000627,-306.00000000000625,sell,1.37565,1.37871,357.99999999999164,15,77356.67677184501,2013
2013-10-23 08:00:00,2013-10-23 16:00:00,10000.0,20.700000000000998,-232.00000000000995,buy,1.37826,1.37594,415.99999999999415,8,77377.87677184501,2013
2013-10-23 18:00:00,2013-10-24 16:00:00,10000.0,23.025000000001977,-264.0000000000197,buy,1.38071,1.37807,435.00000000000756,22,77402.27677184502,2013
2013-10-29 08:00:00,2013-10-29 15:00:00,10000.0,35.16249999999985,-375.9999999999985,buy,1.38024,1.37648,489.9999999999904,7,77437.87677184503,2013
2013-10-29 15:00:00,2013-10-30 19:00:00,10000.0,34.65000000000066,-384.00000000000654,sell,1.37287,1.37671,557.0000000000074,28,77474.27677184502,2013
2013-10-30 19:00:00,2013-10-31 11:00:00,10000.0,65.79999999999997,-687.9999999999997,sell,1.36605,1.37293,780.0000000000028,16,77541.07677184504,2013
2013-10-31 11:00:00,2013-10-31 16:00:00,422500.0,1609.1968750000185,-404.0000000000043,sell,1.35953,1.36357,608.0000000000085,5,79163.47677184506,2013
2013-10-31 16:00:00,2013-11-01 02:00:00,560000.0,2294.599999999955,-435.9999999999919,sell,1.3547,1.35906,520.0000000000093,10,81493.07677184501,2013
2013-11-04 22:00:00,2013-11-05 09:00:00,10000.0,21.312500000001798,-240.00000000001796,sell,1.34858,1.35098,362.00000000001785,11,81515.076771845,2013
2013-11-05 10:00:00,2013-11-05 14:00:00,10000.0,28.350000000000627,-306.00000000000625,sell,1.34692,1.34998,345.0000000000175,4,81543.676771845,2013
2013-11-05 14:00:00,2013-11-06 04:00:00,10000.0,35.325000000001566,-382.00000000001563,buy,1.35088,1.34706,604.0000000000044,14,81579.87677184498,2013
2013-11-06 05:00:00,2013-11-06 15:00:00,10000.0,28.375000000001027,-310.00000000001023,buy,1.35375,1.35065,500.0000000000115,10,81608.87677184498,2013
2013-11-06 15:00:00,2013-11-07 13:00:00,10000.0,148.52500000000038,-1519.0000000000036,sell,1.3372,1.35239,1598.9999999999948,22,81758.77677184502,2013
2013-11-11 23:00:00,2013-11-12 10:00:00,10000.0,25.912500000000847,-286.00000000000847,sell,1.33762,1.3404800000000001,307.99999999999716,11,81785.37677184503,2013
2013-11-12 10:00:00,2013-11-12 14:00:00,10000.0,32.05000000000044,-343.0000000000044,buy,1.3434300000000001,1.34,536.0000000000031,4,81817.67677184503,2013
2013-11-12 14:00:00,2013-11-13 15:00:00,10000.0,38.137500000000074,-417.0000000000007,sell,1.34054,1.34471,498.9999999999828,25,81857.37677184504,2013
2013-11-13 15:00:00,2013-11-13 17:00:00,10000.0,46.075000000000465,-482.0000000000046,buy,1.34533,1.3405099999999999,536.9999999999875,2,81903.57677184504,2013
2013-11-13 21:00:00,2013-11-14 10:00:00,37500.0,139.45312500000014,-400.00000000000034,sell,1.34437,1.34837,529.0000000000016,13,82046.07677184502,2013
2013-11-18 22:00:00,2013-11-19 18:00:00,10000.0,25.050000000001102,-283.00000000001097,buy,1.35331,1.35048,458.0000000000028,20,82072.37677184505,2013
2013-11-19 23:00:00,2013-11-20 10:00:00,10000.0,35.512500000001566,-382.00000000001563,sell,1.35235,1.35617,402.0000000000134,11,82108.57677184505,2013
2013-11-20 10:00:00,2013-11-20 16:00:00,10000.0,57.72499999999849,-600.9999999999849,sell,1.34661,1.35262,802.9999999999981,6,82166.67677184504,2013
2013-11-20 19:00:00,2013-11-21 12:00:00,10000.0,38.23749999999967,-412.99999999999665,buy,1.34629,1.34216,648.9999999999884,17,82205.97677184505,2013
2013-11-21 12:00:00,2013-11-22 10:00:00,450000.0,1801.1250000000048,-434.000000000001,buy,1.35096,1.34662,662.9999999999914,22,84068.97677184505,2013
2013-11-25 22:00:00,2013-11-26 09:00:00,10000.0,27.412500000001792,-301.0000000000179,buy,1.35532,1.35231,348.00000000001495,11,84097.07677184505,2013
2013-11-26 14:00:00,2013-11-26 16:00:00,10000.0,31.17500000000055,-333.0000000000055,buy,1.35573,1.3524,362.00000000001785,2,84128.37677184505,2013
2013-11-26 16:00:00,2013-11-27 04:00:00,10000.0,31.850000000000186,-346.0000000000018,buy,1.35899,1.35553,407.99999999998613,12,84160.97677184505,2013
2013-11-27 07:00:00,2013-11-27 10:00:00,10000.0,21.912500000000232,-241.0000000000023,buy,1.36034,1.35793,296.00000000000733,3,84183.07677184505,2013
2013-11-27 10:00:00,2013-11-27 17:00:00,10000.0,30.26250000000106,-327.0000000000106,sell,1.35641,1.35968,441.00000000000244,7,84213.77677184505,2013
2013-12-02 07:00:00,2013-12-02 10:00:00,842137.7677184506,4043.3139572580444,-501.9999999999802,sell,1.35537,1.3603899999999998,529.0000000000016,3,88272.88081224798,2013
2013-12-02 22:00:00,2013-12-03 09:00:00,10000.0,21.812500000000632,-245.0000000000063,buy,1.35644,1.35399,406.00000000001745,11,88295.38081224798,2013
2013-12-03 09:00:00,2013-12-03 17:00:00,10000.0,26.500000000001247,-290.00000000001245,buy,1.36013,1.35723,382.00000000001563,8,88322.38081224798,2013
2013-12-03 17:00:00,2013-12-04 08:00:00,10000.0,22.662499999998957,-255.99999999998954,sell,1.35718,1.35974,330.9999999999924,15,88345.98081224797,2013
2013-12-04 09:00:00,2013-12-04 14:00:00,10000.0,34.78750000000102,-371.0000000000102,sell,1.35482,1.35853,521.0000000000158,5,88381.08081224796,2013
2013-12-09 22:00:00,2013-12-10 03:00:00,10000.0,18.787500000000563,-211.0000000000056,buy,1.37575,1.37364,235.00000000000742,5,88400.18081224797,2013
2013-12-10 03:00:00,2013-12-10 15:00:00,10000.0,22.549999999999212,-252.9999999999921,buy,1.37804,1.37551,407.99999999998613,12,88423.48081224797,2013
2013-12-11 01:00:00,2013-12-11 15:00:00,10000.0,25.124999999999137,-279.99999999999136,buy,1.37842,1.37562,443.9999999999999,14,88449.48081224799,2013
2013-12-11 15:00:00,2013-12-12 14:00:00,10000.0,26.26249999999917,-296.9999999999917,sell,1.37592,1.37889,510.99999999999477,23,88477.18081224803,2013
2013-12-12 14:00:00,2013-12-12 19:00:00,505000.0,1539.6187500000867,-328.00000000001717,sell,1.37404,1.37732,362.00000000001785,5,90032.58081224811,2013
2013-12-17 03:00:00,2013-12-17 15:00:00,10000.0,25.750000000000192,-285.0000000000019,sell,1.37379,1.37664,438.99999999998937,12,90059.08081224812,2013
2013-12-17 15:00:00,2013-12-17 19:00:00,10000.0,28.44999999999906,-306.99999999999056,buy,1.37645,1.37338,373.0000000000011,4,90087.78081224814,2013
2013-12-18 03:00:00,2013-12-18 10:00:00,10000.0,18.962500000000308,-214.00000000000307,sell,1.37502,1.37716,275.000000000003,7,90107.18081224816,2013
2013-12-18 13:00:00,2013-12-18 15:00:00,10000.0,18.275000000000418,-204.00000000000415,buy,1.37639,1.37435,228.00000000000597,2,90125.58081224815,2013
2013-12-18 17:00:00,2013-12-18 19:00:00,10000.0,28.175000000000882,-303.0000000000088,buy,1.3788,1.37577,356.00000000000074,2,90153.88081224816,2013
2013-12-23 22:00:00,2013-12-24 14:00:00,10000.0,20.199999999998777,-231.99999999998775,sell,1.36705,1.36937,278.99999999998477,16,90175.08081224814,2013
2013-12-24 14:00:00,2013-12-26 09:00:00,10000.0,17.000000000000018,-200.00000000000017,buy,1.36855,1.36655,252.9999999999921,16,90193.08081224814,2013
2013-12-26 09:00:00,2013-12-27 02:00:00,367500.0,589.3781250000288,-191.00000000000782,buy,1.37125,1.36934,336.00000000000296,17,90821.50581224816,2013
2014-01-02 12:00:00,2014-01-03 17:00:00,100000.0,360.8749999999938,-398.99999999999375,sell,1.36059,1.36458,703.0000000000091,29,10379.000000000016,2014
2014-01-06 13:00:00,2014-01-06 16:00:00,103790.00000000017,389.3422375000037,-397.0000000000029,buy,1.36398,1.36001,472.0000000000057,3,10770.288300000018,2014
2014-01-07 10:00:00,2014-01-07 16:00:00,10000.0,28.625000000001027,-310.00000000001023,sell,1.36079,1.36389,479.00000000000716,6,10799.288300000018,2014
2014-01-07 16:00:00,2014-01-08 11:00:00,10000.0,28.11250000000077,-313.0000000000077,sell,1.35849,1.36162,547.0000000000085,19,10828.588300000014,2014
2014-01-08 17:00:00,2014-01-09 09:00:00,10000.0,32.09999999999902,-350.99999999999017,buy,1.36069,1.35718,541.999999999998,16,10861.688300000013,2014
2014-01-09 13:00:00,2014-01-09 22:00:00,108616.88300000012,363.1877025312555,-360.0000000000047,buy,1.36047,1.35687,561.9999999999958,9,11230.98570220002,2014
2014-01-14 08:00:00,2014-01-15 02:00:00,10000.0,36.67500000000095,-398.00000000000944,sell,1.3639999999999999,1.36798,497.00000000001404,18,11268.78570220002,2014
2014-01-15 02:00:00,2014-01-15 14:00:00,10000.0,34.35000000000102,-371.0000000000102,sell,1.36004,1.36375,441.00000000000244,12,11303.885702200021,2014
2014-01-15 14:00:00,2014-01-16 05:00:00,10000.0,26.56250000000008,-295.0000000000008,buy,1.36199,1.35904,394.0000000000054,15,11331.385702200021,2014
2014-01-16 13:00:00,2014-01-16 18:00:00,113313.8570220002,343.19934445538775,-326.00000000000404,sell,1.35949,1.3627500000000001,541.999999999998,5,11678.126104687346,2014
2014-01-16 18:00:00,2014-01-17 16:00:00,116781.26104687346,412.5298046480852,-387.000000000004,sell,1.3558999999999999,1.35977,636.0000000000143,22,12106.713332729374,2014
2014-01-20 22:00:00,2014-01-21 12:00:00,10000.0,30.324999999999896,-331.9999999999989,sell,1.35196,1.35528,428.99999999999045,14,12137.913332729375,2014
2014-01-21 12:00:00,2014-01-21 17:00:00,10000.0,22.087499999999977,-243.99999999999974,buy,1.35571,1.35327,354.9999999999942,5,12160.313332729374,2014
2014-01-21 17:00:00,2014-01-23 08:00:00,10000.0,31.862500000000225,-363.00000000000216,buy,1.35866,1.35503,574.0000000000078,39,12194.613332729374,2014
2014-01-23 08:00:00,2014-01-23 14:00:00,121946.13332729375,389.3130306473907,-343.0000000000044,buy,1.36644,1.36301,405.00000000001086,6,12588.499343376538,2014
2014-01-23 14:00:00,2014-01-24 12:00:00,125884.99343376538,603.3038310313025,-512.9999999999857,buy,1.3717,1.36657,547.9999999999928,22,13209.112361004978,2014
2014-01-27 22:00:00,2014-01-28 11:00:00,10000.0,27.68749999999997,-304.9999999999997,sell,1.36402,1.36707,478.0000000000006,13,13237.612361004976,2014
2014-01-28 11:00:00,2014-01-28 15:00:00,10000.0,24.149999999999757,-263.99999999999756,buy,1.36704,1.3644,333.0000000000055,4,13262.012361004976,2014
2014-01-28 15:00:00,2014-01-30 08:00:00,10000.0,31.637499999999562,-361.9999999999956,sell,1.36246,1.36608,595.9999999999965,41,13296.212361004973,2014
2014-01-30 08:00:00,2014-01-30 10:00:00,132962.12361004972,353.3468434936976,-286.9999999999928,sell,1.35935,1.36222,306.99999999999056,2,13651.221231043797,2014
2014-01-30 10:00:00,2014-01-30 16:00:00,136512.212310438,487.6898784790218,-380.99999999998687,sell,1.35644,1.36025,516.9999999999897,6,14144.03031748446,2014
2014-02-05 06:00:00,2014-02-05 16:00:00,10000.0,19.275000000001363,-219.0000000000136,buy,1.35291,1.35072,263.99999999999756,10,14163.93031748446,2014
2014-02-05 20:00:00,2014-02-06 13:00:00,10000.0,30.137499999999896,-331.9999999999989,sell,1.35025,1.35357,365.9999999999996,17,14195.13031748446,2014
2014-02-10 22:00:00,2014-02-11 01:00:00,10000.0,21.212500000000087,-234.00000000000085,buy,1.36689,1.36455,268.9999999999859,3,14216.53031748446,2014
2014-02-11 02:00:00,2014-02-11 19:00:00,10000.0,21.437499999998412,-244.9999999999841,sell,1.36406,1.36651,421.00000000000466,17,14239.030317484458,2014
2014-02-11 19:00:00,2014-02-12 12:00:00,10000.0,54.737500000001184,-578.0000000000118,sell,1.35781,1.36359,741.0000000000138,17,14294.830317484457,2014
2014-02-12 12:00:00,2014-02-13 03:00:00,10000.0,31.26249999999979,-341.99999999999784,buy,1.36123,1.35781,504.99999999999983,15,14327.030317484454,2014
2014-02-13 03:00:00,2014-02-13 10:00:00,143270.30317484454,757.3626401580269,-553.0000000000034,buy,1.36707,1.36154,641.0000000000026,7,15090.661033406379,2014
2014-02-17 22:00:00,2014-02-18 11:00:00,10000.0,14.787499999999838,-175.99999999999835,buy,1.3724,1.37064,303.0000000000088,13,15106.26103340638,2014
2014-02-18 11:00:00,2014-02-18 15:00:00,10000.0,25.44999999999939,-276.9999999999939,buy,1.3756,1.37283,322.99999999998437,4,15131.961033406378,2014
2014-02-18 16:00:00,2014-02-20 00:00:00,10000.0,20.100000000000232,-241.0000000000023,sell,1.37309,1.3755,417.0000000000007,32,15154.061033406382,2014
2014-02-20 02:00:00,2014-02-20 08:00:00,151540.61033406382,433.7849970812396,-309.99999999998806,sell,1.37168,1.37478,452.99999999999227,6,15593.52880337515,2014
2014-02-20 08:00:00,2014-02-21 15:00:00,155935.2880337515,620.0376890442367,-437.0000000000207,buy,1.3743,1.3699299999999999,558.000000000014,31,16243.778954475927,2014
2014-02-24 10:00:00,2014-02-24 12:00:00,162437.7895447593,322.8451067202058,-219.99999999999795,sell,1.37355,1.37575,255.99999999998954,2,16568.65453356544,2014
2014-02-25 08:00:00,2014-02-26 13:00:00,10000.0,15.587500000000528,-194.00000000000526,sell,1.37309,1.37503,357.0000000000073,29,16586.054533565446,2014
2014-02-26 13:00:00,2014-02-26 15:00:00,10000.0,33.97500000000113,-361.00000000001125,sell,1.36812,1.3717300000000001,392.99999999999886,2,16620.15453356545,2014
2014-02-26 19:00:00,2014-02-27 10:00:00,10000.0,26.262500000000337,-292.00000000000335,sell,1.36519,1.36811,432.0000000000101,15,16647.354533565445,2014
2014-02-27 10:00:00,2014-02-27 15:00:00,166473.54533565446,386.0105332470574,-255.0000000000052,buy,1.36821,1.3656599999999999,322.00000000000006,5,17038.56736510424,2014
2014-03-04 01:00:00,2014-03-04 07:00:00,10000.0,24.625000000001467,-270.00000000001467,buy,1.37511,1.37241,293.0000000000099,6,17063.56736510424,2014
2014-03-04 10:00:00,2014-03-04 17:00:00,10000.0,25.762500000000447,-282.00000000000443,sell,1.3732199999999999,1.37604,490.0000000000126,7,17089.76736510424,2014
2014-03-05 10:00:00,2014-03-06 12:00:00,10000.0,18.775000000000198,-224.00000000000196,buy,1.3743,1.37206,361.00000000001125,26,17110.167365104237,2014
2014-03-06 13:00:00,2014-03-06 18:00:00,171101.67365104237,668.7936668835174,-414.00000000000324,buy,1.38576,1.38162,504.0000000000155,5,17784.30795928935,2014
2014-03-06 20:00:00,2014-03-07 12:00:00,177843.07959289348,695.366441208222,-421.00000000000466,buy,1.3901000000000001,1.38589,460.0000000000159,16,18497.45870845686,2014
2014-03-10 22:00:00,2014-03-11 08:00:00,10000.0,21.574999999998667,-241.99999999998664,sell,1.38508,1.3875,270.999999999999,10,18519.65870845686,2014
2014-03-11 10:00:00,2014-03-11 16:00:00,10000.0,15.425000000001148,-178.00000000001145,buy,1.38639,1.38461,306.00000000000625,6,18535.45870845686,2014
2014-03-11 16:00:00,2014-03-12 13:00:00,10000.0,24.687500000001357,-280.00000000001353,buy,1.38897,1.38617,468.0000000000017,21,18561.45870845686,2014
2014-03-12 13:00:00,2014-03-13 05:00:00,10000.0,44.000000000001485,-470.00000000001484,buy,1.3940000000000001,1.3893,605.000000000011,16,18606.458708456863,2014
2014-03-13 07:00:00,2014-03-13 16:00:00,186064.58708456863,419.3430631418901,-251.00000000002342,sell,1.3928099999999999,1.3953200000000001,381.0000000000091,9,19036.26790462226,2014
2014-03-17 11:00:00,2014-03-17 14:00:00,190362.6790462226,792.1466981811034,-438.000000000005,buy,1.3933900000000001,1.38901,464.0000000000199,3,19831.98390303548,2014
2014-03-17 22:00:00,2014-03-18 15:00:00,10000.0,27.43749999999997,-304.9999999999997,sell,1.3893,1.39235,489.0000000000061,17,19860.48390303548,2014
2014-03-18 15:00:00,2014-03-19 19:00:00,10000.0,77.24999999999996,-809.9999999999995,sell,1.38294,1.39104,1048.0000000000043,28,19939.48390303547,2014
2014-03-19 19:00:00,2014-03-20 11:00:00,10000.0,60.80000000000052,-638.0000000000052,sell,1.37645,1.38283,801.0000000000072,16,20001.28390303547,2014
2014-03-20 12:00:00,2014-03-21 14:00:00,200012.83903035472,707.5454180698827,-390.0000000000014,buy,1.38056,1.37666,570.0000000000038,26,20741.33140744778,2014
2014-03-24 15:00:00,2014-03-24 18:00:00,207413.3140744778,1784.0137676831125,-882.0000000000049,buy,1.38728,1.37846,913.0000000000082,3,22529.234174769786,2014
2014-03-24 22:00:00,2014-03-25 13:00:00,10000.0,40.362500000001674,-433.00000000001666,sell,1.37922,1.38355,545.0000000000176,15,22570.53417476979,2014
2014-03-25 17:00:00,2014-03-27 08:00:00,10000.0,46.062499999999986,-504.99999999999983,sell,1.37733,1.38238,563.0000000000024,39,22619.034174769793,2014
2014-03-27 08:00:00,2014-03-28 09:00:00,226190.34174769794,980.2523935491047,-469.00000000000824,sell,1.3714899999999999,1.37618,640.0000000000183,25,23634.62880921697,2014
2014-03-31 22:00:00,2014-04-02 05:00:00,10000.0,25.062499999999027,-289.9999999999902,buy,1.38044,1.37754,358.9999999999982,31,23661.628809216967,2014
2014-04-02 05:00:00,2014-04-02 11:00:00,10000.0,13.225000000000058,-156.00000000000057,sell,1.37893,1.38049,306.00000000000625,6,23675.228809216966,2014
2014-04-02 11:00:00,2014-04-02 15:00:00,10000.0,18.950000000001218,-212.00000000001216,sell,1.37695,1.37907,257.0000000000183,4,23694.428809216966,2014
2014-04-03 12:00:00,2014-04-03 14:00:00,236944.28809216965,816.865433197754,-365.9999999999996,sell,1.37195,1.37561,407.00000000000176,2,24514.256046015875,2014
2014-04-07 22:00:00,2014-04-08 08:00:00,10000.0,14.475000000001003,-171.00000000001003,buy,1.37603,1.37432,236.00000000001396,10,24529.35604601588,2014
2014-04-08 08:00:00,2014-04-08 13:00:00,10000.0,21.287499999999177,-235.99999999999176,buy,1.37936,1.377,317.999999999996,5,24550.95604601588,2014
2014-04-08 14:00:00,2014-04-09 15:00:00,10000.0,22.437500000001577,-260.00000000001575,buy,1.3821,1.3795,417.0000000000007,25,24574.95604601588,2014
2014-04-09 15:00:00,2014-04-09 19:00:00,10000.0,31.65000000000004,-339.0000000000004,buy,1.38508,1.38169,492.0000000000035,4,24606.85604601588,2014
2014-04-09 19:00:00,2014-04-10 16:00:00,10000.0,28.087499999999206,-313.99999999999204,buy,1.38892,1.38578,539.0000000000006,21,24636.256046015875,2014
2014-04-14 07:00:00,2014-04-14 09:00:00,246362.5604601588,637.4631251906943,-280.00000000001353,sell,1.38214,1.38494,316.0000000000051,2,25276.798703212324,2014
2014-04-15 07:00:00,2014-04-15 15:00:00,10000.0,16.799999999999873,-192.99999999999872,buy,1.38214,1.38021,324.9999999999975,8,25294.098703212323,2014
2014-04-15 15:00:00,2014-04-16 08:00:00,10000.0,31.937500000000583,-350.00000000000585,buy,1.38426,1.38076,373.0000000000011,17,25327.098703212327,2014
2014-04-16 08:00:00,2014-04-16 14:00:00,10000.0,18.825000000001218,-212.00000000001216,sell,1.38239,1.3845100000000001,239.99999999999577,6,25346.29870321233,2014
2014-04-16 14:00:00,2014-04-17 01:00:00,10000.0,24.61249999999899,-272.9999999999899,buy,1.38357,1.38084,324.9999999999975,11,25371.598703212327,2014
2014-04-21 13:00:00,2014-04-21 16:00:00,253715.98703212332,385.9654452726366,-174.00000000000747,sell,1.37914,1.38088,224.9999999999863,3,25762.321323241817,2014
2014-04-21 22:00:00,2014-04-22 07:00:00,10000.0,7.637500000000209,-102.00000000000207,buy,1.38025,1.37923,180.00000000000236,9,25770.521323241817,2014
2014-04-22 12:00:00,2014-04-22 15:00:00,10000.0,17.912500000000673,-201.0000000000067,sell,1.3797,1.38171,226.00000000001506,3,25788.62132324182,2014
2014-04-22 15:00:00,2014-04-23 09:00:00,10000.0,36.97500000000069,-401.0000000000069,buy,1.3845,1.38049,503.000000000009,18,25826.72132324182,2014
2014-04-23 09:00:00,2014-04-23 16:00:00,10000.0,19.462499999999142,-218.99999999999142,sell,1.38155,1.38374,295.99999999998516,7,25846.621323241823,2014
2014-04-28 05:00:00,2014-04-28 08:00:00,258466.21323241826,951.4787474618435,-390.0000000000014,buy,1.38633,1.38243,456.00000000001194,3,26802.946312201773,2014
2014-04-29 06:00:00,2014-04-29 13:00:00,10000.0,33.862500000000225,-363.00000000000216,sell,1.38293,1.38656,493.99999999999443,7,26837.24631220177,2014
2014-04-30 09:00:00,2014-04-30 12:00:00,10000.0,21.312500000000743,-235.00000000000742,buy,1.3846800000000001,1.38233,255.0000000000052,3,26858.74631220177,2014
2014-04-30 15:00:00,2014-05-02 13:00:00,10000.0,32.12500000000037,-370.00000000000364,sell,1.38289,1.38659,597.0000000000031,46,26893.746312201776,2014
2014-05-05 22:00:00,2014-05-06 08:00:00,10000.0,41.47500000000025,-441.00000000000244,buy,1.3919300000000001,1.38752,477.00000000001626,10,26935.846312201775,2014
2014-05-06 11:00:00,2014-05-07 09:00:00,10000.0,18.824999999998887,-221.99999999998886,sell,1.39151,1.39373,358.9999999999982,22,26956.04631220177,2014
2014-05-07 15:00:00,2014-05-08 10:00:00,10000.0,19.112500000001763,-223.00000000001762,buy,1.39406,1.39183,361.00000000001125,19,26976.346312201767,2014
2014-05-08 12:00:00,2014-05-08 14:00:00,269763.4631220177,859.8710387014502,-340.00000000000693,sell,1.38721,1.3906100000000001,381.9999999999934,2,27839.58939419224,2014
2014-05-08 14:00:00,2014-05-09 07:00:00,278395.89394192246,869.6391737010925,-343.0000000000044,sell,1.38266,1.38609,441.00000000000244,17,28738.80813162466,2014
2014-05-13 00:00:00,2014-05-13 10:00:00,10000.0,9.874999999999734,-124.99999999999733,sell,1.37496,1.37621,214.00000000000307,10,28749.30813162466,2014
2014-05-13 12:00:00,2014-05-15 08:00:00,10000.0,41.35000000000003,-461.0000000000003,sell,1.36755,1.37216,550.000000000006,44,28793.40813162466,2014
2014-05-15 09:00:00,2014-05-15 15:00:00,287934.0813162466,1552.6845334978666,-563.0000000000024,buy,1.37136,1.3657299999999999,663.9999999999978,6,30356.890193171883,2014
2014-05-19 23:00:00,2014-05-20 07:00:00,10000.0,10.700000000002099,-132.00000000002098,sell,1.3696599999999999,1.37098,167.00000000000603,8,30368.09019317189,2014
2014-05-20 08:00:00,2014-05-21 00:00:00,10000.0,11.300000000000423,-143.00000000000423,buy,1.37008,1.36865,204.99999999998852,16,30380.390193171894,2014
2014-05-21 06:00:00,2014-05-21 11:00:00,10000.0,30.88750000000212,-332.00000000002115,sell,1.36824,1.3715600000000001,405.00000000001086,5,30411.590193171898,2014
2014-05-21 11:00:00,2014-05-21 16:00:00,10000.0,16.787500000000783,-191.00000000000782,sell,1.36572,1.3676300000000001,224.00000000000196,5,30428.690193171897,2014
2014-05-21 18:00:00,2014-05-22 14:00:00,10000.0,22.650000000000922,-259.0000000000092,sell,1.365,1.36759,378.00000000001165,20,30452.590193171898,2014
2014-05-26 22:00:00,2014-05-27 01:00:00,10000.0,15.912500000000893,-181.00000000000892,buy,1.36639,1.36458,204.99999999998852,3,30468.690193171897,2014
2014-05-27 01:00:00,2014-05-27 08:00:00,10000.0,9.762499999999989,-121.99999999999987,sell,1.36484,1.36606,158.999999999998,7,30478.890193171897,2014
2014-05-27 10:00:00,2014-05-27 15:00:00,10000.0,25.787499999999792,-280.9999999999979,sell,1.36155,1.36436,330.9999999999924,5,30504.9901931719,2014
2014-05-27 18:00:00,2014-05-28 12:00:00,10000.0,16.475000000001838,-196.00000000001836,sell,1.36126,1.36322,256.00000000001177,18,30522.590193171913,2014
2014-05-28 12:00:00,2014-05-28 15:00:00,10000.0,19.512500000000053,-217.0000000000005,sell,1.35958,1.36175,245.0000000000063,3,30542.290193171913,2014
2014-06-02 05:00:00,2014-06-02 08:00:00,305422.90193171916,681.4748499351676,-245.0000000000063,sell,1.36066,1.36311,290.00000000001245,3,31229.4917225183,2014
2014-06-02 23:00:00,2014-06-03 12:00:00,10000.0,20.487499999999432,-232.99999999999432,buy,1.36214,1.35981,383.9999999999843,13,31250.79172251829,2014
2014-06-03 12:00:00,2014-06-04 07:00:00,10000.0,23.012500000000667,-262.00000000000665,sell,1.36077,1.36339,361.9999999999956,19,31274.991722518287,2014
2014-06-04 11:00:00,2014-06-04 19:00:00,10000.0,17.700000000001328,-202.00000000001327,sell,1.36008,1.3621,375.00000000001415,8,31293.191722518284,2014
2014-06-05 12:00:00,2014-06-05 14:00:00,312931.9172251829,1213.3935090406933,-409.0000000000149,buy,1.35807,1.35398,518.0000000000184,2,32510.496880524293,2014
2014-06-09 06:00:00,2014-06-09 09:00:00,325104.96880524297,787.1604057196867,-263.99999999999756,sell,1.36361,1.36625,289.0000000000059,3,33303.753004409074,2014
2014-06-09 22:00:00,2014-06-10 09:00:00,10000.0,28.21250000000037,-309.0000000000037,sell,1.35588,1.35897,426.99999999999955,11,33332.653004409076,2014
2014-06-10 13:00:00,2014-06-11 02:00:00,10000.0,22.087500000001032,-249.00000000001032,sell,1.35259,1.35508,287.000000000015,13,33355.553004409085,2014
2014-06-11 02:00:00,2014-06-11 12:00:00,10000.0,16.775000000000528,-194.00000000000526,buy,1.35463,1.35269,249.99999999999466,10,33372.953004409086,2014
2014-06-11 19:00:00,2014-06-12 15:00:00,10000.0,15.950000000001438,-192.00000000001435,buy,1.35485,1.35293,368.00000000001273,20,33390.1530044091,2014
2014-06-16 22:00:00,2014-06-17 13:00:00,10000.0,24.762500000001612,-277.0000000000161,sell,1.3543399999999999,1.35711,433.00000000001666,15,33415.853004409095,2014
2014-06-17 13:00:00,2014-06-18 13:00:00,10000.0,18.300000000000708,-218.00000000000705,buy,1.35668,1.3545,310.00000000001023,24,33435.65300440908,2014
2014-06-18 18:00:00,2014-06-18 20:00:00,10000.0,19.774999999999142,-218.99999999999142,buy,1.35824,1.35605,301.99999999998005,2,33455.553004409085,2014
2014-06-18 20:00:00,2014-06-19 07:00:00,10000.0,27.112499999999827,-297.99999999999824,buy,1.36226,1.35928,390.0000000000014,11,33483.35300440908,2014
2014-06-19 08:00:00,2014-06-19 18:00:00,334833.5300440908,856.3367530877773,-282.00000000000443,sell,1.36074,1.36356,351.9999999999967,10,34360.616853124615,2014
2014-06-23 06:00:00,2014-06-23 08:00:00,343606.16853124613,432.0847569280703,-147.0000000000082,sell,1.35917,1.36064,167.99999999999037,2,34796.99668715932,2014
2014-06-23 23:00:00,2014-06-24 09:00:00,10000.0,15.875000000001293,-185.0000000000129,buy,1.36202,1.3601699999999999,283.00000000001097,10,34813.49668715933,2014
2014-06-24 09:00:00,2014-06-24 15:00:00,10000.0,18.824999999998997,-211.99999999998997,sell,1.35969,1.36181,302.0000000000022,6,34832.69668715933,2014
2014-06-24 15:00:00,2014-06-24 18:00:00,10000.0,16.512500000000383,-187.0000000000038,buy,1.3608,1.35893,228.00000000000597,3,34849.39668715934,2014
2014-06-24 18:00:00,2014-06-25 13:00:00,10000.0,32.91250000000113,-361.00000000001125,buy,1.36396,1.36035,402.9999999999978,19,34883.496687159335,2014
2014-06-30 12:00:00,2014-06-30 15:00:00,348834.9668715934,903.9186079060865,-281.0000000000201,buy,1.3688500000000001,1.36604,343.0000000000044,3,35793.95595069427,2014
2014-06-30 22:00:00,2014-07-02 05:00:00,10000.0,12.762499999998383,-166.99999999998383,sell,1.36735,1.36902,265.0000000000041,31,35808.65595069425,2014
2014-07-02 06:00:00,2014-07-02 09:00:00,10000.0,16.012499999999328,-181.99999999999326,sell,1.36575,1.36757,217.0000000000005,3,35824.85595069425,2014
2014-07-02 09:00:00,2014-07-03 13:00:00,10000.0,52.24999999999827,-559.9999999999827,sell,1.36037,1.36597,654.9999999999833,28,35878.855950694255,2014
2014-07-03 23:00:00,2014-07-04 08:00:00,358788.5595069426,453.41904207688646,-151.99999999999656,sell,1.35911,1.36063,195.99999999999616,9,36352.45684924341,2014
2014-07-07 06:00:00,2014-07-07 09:00:00,363524.5684924341,491.2125731754275,-157.00000000000713,buy,1.35961,1.35804,177.00000000000492,3,36850.485508078076,2014
2014-07-08 06:00:00,2014-07-08 14:00:00,10000.0,11.699999999999768,-141.99999999999767,buy,1.36101,1.35959,224.00000000000196,8,36862.68550807807,2014
2014-07-08 16:00:00,2014-07-09 15:00:00,10000.0,25.362499999999937,-287.9999999999993,buy,1.36371,1.36083,353.0000000000033,23,36889.48550807809,2014
2014-07-09 17:00:00,2014-07-09 19:00:00,10000.0,18.275000000000418,-204.00000000000415,buy,1.36434,1.3623,329.0000000000015,2,36907.88550807809,2014
2014-07-09 19:00:00,2014-07-10 11:00:00,10000.0,20.100000000000342,-231.0000000000034,sell,1.36161,1.36392,341.99999999999784,16,36928.9855080781,2014
2014-07-14 05:00:00,2014-07-14 08:00:00,369289.855080781,934.764945673238,-275.000000000003,buy,1.3633,1.36055,363.00000000000216,3,37870.674638534096,2014
2014-07-14 22:00:00,2014-07-15 09:00:00,10000.0,12.812499999999403,-154.99999999999403,sell,1.36043,1.36198,231.99999999998775,11,37884.174638534096,2014
2014-07-15 10:00:00,2014-07-15 15:00:00,10000.0,30.78749999999924,-330.9999999999924,sell,1.35708,1.36039,487.9999999999995,5,37915.2746385341,2014
2014-07-15 15:00:00,2014-07-16 09:00:00,10000.0,23.475000000001067,-266.00000000001063,sell,1.35436,1.3570200000000001,322.00000000000006,18,37939.8746385341,2014
2014-07-16 09:00:00,2014-07-18 14:00:00,10000.0,18.787500000000232,-241.0000000000023,sell,1.3509,1.35331,307.99999999999716,53,37961.97463853409,2014
2014-07-21 22:00:00,2014-07-22 08:00:00,10000.0,15.375000000000238,-180.00000000000236,sell,1.35037,1.35217,253.99999999999866,10,37977.9746385341,2014
2014-07-22 08:00:00,2014-07-22 14:00:00,10000.0,11.324999999998713,-136.99999999998712,sell,1.34695,1.34832,262.999999999991,6,37989.674638534096,2014
2014-07-22 15:00:00,2014-07-25 09:00:00,10000.0,12.975000000000783,-191.00000000000782,sell,1.34473,1.34664,371.99999999999454,66,38006.7746385341,2014
2014-07-28 22:00:00,2014-07-29 13:00:00,10000.0,15.162499999998673,-180.9999999999867,sell,1.34186,1.34367,253.99999999999866,15,38022.8746385341,2014
2014-07-29 13:00:00,2014-07-30 08:00:00,10000.0,9.212499999999078,-123.99999999999078,sell,1.33996,1.3412,187.0000000000038,19,38033.2746385341,2014
2014-07-30 08:00:00,2014-07-30 13:00:00,10000.0,17.387500000002493,-197.00000000002493,sell,1.3377999999999999,1.3397700000000001,283.00000000001097,5,38050.974638534106,2014
2014-07-30 13:00:00,2014-07-30 21:00:00,10000.0,13.500000000000458,-160.00000000000458,buy,1.33932,1.33772,267.0000000000172,8,38064.97463853411,2014
2014-07-31 11:00:00,2014-08-01 13:00:00,380649.74638534116,984.9312187720734,-295.0000000000008,buy,1.34134,1.33839,424.0000000000021,26,39111.76144109381,2014
2014-08-04 22:00:00,2014-08-05 08:00:00,10000.0,7.174999999999809,-97.99999999999808,sell,1.341,1.34198,143.00000000000423,10,39119.56144109379,2014
2014-08-05 08:00:00,2014-08-05 15:00:00,10000.0,16.862499999999873,-192.99999999999872,sell,1.33706,1.33899,267.0000000000172,7,39136.86144109379,2014
2014-08-05 16:00:00,2014-08-06 11:00:00,10000.0,20.112499999999432,-232.99999999999432,sell,1.33433,1.33666,341.99999999999784,19,39158.16144109378,2014
2014-08-06 11:00:00,2014-08-06 17:00:00,10000.0,20.325000000002163,-227.0000000000216,buy,1.3366500000000001,1.33438,279.000000000007,6,39178.86144109377,2014
2014-08-06 19:00:00,2014-08-07 14:00:00,10000.0,22.812499999999357,-259.9999999999936,sell,1.33515,1.33775,417.0000000000007,19,39202.86144109377,2014
2014-08-11 22:00:00,2014-08-12 03:00:00,10000.0,8.88750000000232,-112.00000000002318,sell,1.33709,1.3382100000000001,136.00000000000279,5,39212.06144109377,2014
2014-08-12 03:00:00,2014-08-12 09:00:00,10000.0,15.824999999999328,-181.99999999999326,sell,1.33527,1.33709,232.99999999999432,6,39228.26144109377,2014
2014-08-12 09:00:00,2014-08-12 17:00:00,10000.0,12.699999999999658,-151.99999999999656,buy,1.33581,1.33429,224.9999999999863,8,39241.46144109377,2014
2014-08-13 06:00:00,2014-08-13 08:00:00,10000.0,10.574999999998823,-126.99999999998822,sell,1.33535,1.33662,146.99999999998602,2,39252.16144109377,2014
2014-08-13 08:00:00,2014-08-13 13:00:00,10000.0,55.187500000001435,-575.0000000000143,buy,1.34091,1.33516,673.9999999999968,5,39307.66144109377,2014
2014-08-18 22:00:00,2014-08-19 13:00:00,10000.0,30.262499999999896,-331.9999999999989,sell,1.3326,1.33592,360.0000000000047,15,39338.861441093766,2014
2014-08-19 13:00:00,2014-08-20 08:00:00,10000.0,14.712499999999583,-178.99999999999582,sell,1.32951,1.3313,290.9999999999968,19,39354.76144109376,2014
2014-08-20 08:00:00,2014-08-20 19:00:00,10000.0,25.912500000000847,-286.00000000000847,sell,1.32628,1.32914,341.0000000000135,11,39381.361441093766,2014
2014-08-20 20:00:00,2014-08-21 15:00:00,10000.0,19.212500000000198,-224.00000000000196,buy,1.32818,1.32594,403.9999999999821,19,39401.76144109377,2014
2014-08-21 15:00:00,2014-08-22 15:00:00,394017.61441093765,1832.1819070108181,-499.9999999999893,sell,1.32325,1.32825,636.9999999999986,24,41293.045990266226,2014
2014-08-26 02:00:00,2014-08-26 18:00:00,10000.0,29.300000000000665,-323.0000000000066,sell,1.31694,1.32017,448.0000000000039,16,41323.34599026623,2014
2014-08-26 20:00:00,2014-08-27 15:00:00,10000.0,29.812499999998586,-329.99999999998585,buy,1.32005,1.31675,483.9999999999955,19,41354.345990266236,2014
2014-08-28 01:00:00,2014-08-28 10:00:00,147500.0,335.3781250000211,-253.0000000000143,sell,1.31873,1.32126,330.000000000008,9,41698.020990266254,2014
2014-08-28 11:00:00,2014-08-29 16:00:00,416980.2099026626,1116.9857372767835,-306.00000000000625,sell,1.31508,1.31814,448.0000000000039,29,42890.58439058791,2014
2014-09-01 23:00:00,2014-09-02 04:00:00,10000.0,7.287500000000719,-96.00000000000718,sell,1.31195,1.31291,130.00000000000787,5,42898.18439058791,2014
2014-09-02 04:00:00,2014-09-03 09:00:00,10000.0,12.087499999999803,-158.999999999998,buy,1.31378,1.31219,279.99999999999136,29,42912.0843905879,2014
2014-09-03 10:00:00,2014-09-04 11:00:00,10000.0,13.437500000000348,-170.00000000000347,sell,1.3129899999999999,1.31469,296.00000000000733,25,42927.0843905879,2014
2014-09-04 11:00:00,2014-09-04 14:00:00,422500.0,1331.4031250000403,-337.0000000000095,sell,1.30135,1.30472,357.0000000000073,3,44266.409390587934,2014
2014-09-08 15:00:00,2014-09-08 18:00:00,442664.0939058793,1532.171095031683,-367.9999999999905,sell,1.29086,1.2945399999999998,404.0000000000043,3,45806.88043738044,2014
2014-09-09 03:00:00,2014-09-09 15:00:00,10000.0,33.14999999999982,-358.9999999999982,buy,1.29112,1.28753,524.0000000000133,12,45840.78043738045,2014
2014-09-09 15:00:00,2014-09-09 20:00:00,10000.0,33.987500000000225,-363.00000000000216,buy,1.29467,1.29104,446.9999999999974,5,45875.08043738045,2014
2014-09-09 23:00:00,2014-09-10 13:00:00,10000.0,29.425000000000665,-323.0000000000066,sell,1.29061,1.29384,560.9999999999892,14,45905.38043738045,2014
2014-09-10 15:00:00,2014-09-11 13:00:00,10000.0,35.52500000000171,-389.00000000001705,buy,1.29478,1.2908899999999999,648.0000000000041,22,45942.28043738045,2014
2014-09-15 06:00:00,2014-09-15 09:00:00,459422.8043738045,1250.204306402189,-293.99999999999426,sell,1.29216,1.2951,313.99999999999204,3,47201.098921364646,2014
2014-09-15 22:00:00,2014-09-16 16:00:00,10000.0,30.074999999999896,-331.9999999999989,buy,1.29722,1.2939,504.99999999999983,18,47232.298921364636,2014
2014-09-16 16:00:00,2014-09-17 19:00:00,10000.0,40.11250000000051,-438.000000000005,sell,1.29185,1.29623,622.9999999999957,27,47274.098921364646,2014
2014-09-17 20:00:00,2014-09-18 15:00:00,10000.0,50.51250000000097,-537.0000000000097,buy,1.29184,1.28647,849.0000000000108,19,47325.79892136466,2014
2014-09-18 15:00:00,2014-09-19 11:00:00,473257.98921364656,2065.7711229176066,-469.00000000000824,sell,1.2865,1.29119,646.9999999999975,20,49450.727292933974,2014
2014-09-22 12:00:00,2014-09-22 15:00:00,494507.2729293398,1311.0624073539864,-287.000000000015,sell,1.28232,1.28519,322.00000000000006,3,50771.061711655384,2014
2014-09-22 22:00:00,2014-09-23 09:00:00,10000.0,26.912499999998516,-295.99999999998516,buy,1.28795,1.28499,374.999999999992,11,50798.66171165538,2014
2014-09-23 09:00:00,2014-09-23 15:00:00,10000.0,20.624999999999687,-229.99999999999685,sell,1.28651,1.28881,356.99999999998505,6,50819.661711655375,2014
2014-09-23 15:00:00,2014-09-24 13:00:00,10000.0,24.724999999999792,-280.9999999999979,sell,1.28272,1.28553,360.9999999999891,22,50845.76171165538,2014
2014-09-24 13:00:00,2014-09-25 07:00:00,10000.0,42.67500000000028,-458.0000000000028,sell,1.27384,1.2784200000000001,621.9999999999892,18,50889.56171165538,2014
2014-09-29 22:00:00,2014-09-30 09:00:00,10000.0,28.01249999999906,-306.99999999999056,sell,1.26574,1.26881,445.9999999999908,11,50918.26171165538,2014
2014-09-30 10:00:00,2014-09-30 15:00:00,10000.0,34.887499999999456,-371.99999999999454,buy,1.26314,1.25942,604.9999999999889,5,50953.461711655385,2014
2014-10-01 07:00:00,2014-10-02 03:00:00,10000.0,43.84999999999992,-470.99999999999915,buy,1.26448,1.25977,619.9999999999983,20,50998.56171165539,2014
2014-10-02 06:00:00,2014-10-02 16:00:00,285000.0,939.7875000000022,-356.00000000000074,buy,1.26672,1.26316,541.0000000000136,10,51956.161711655404,2014
2014-10-02 16:00:00,2014-10-03 10:00:00,519561.61711655406,2539.357403656976,-519.9999999999649,sell,1.26211,1.2673099999999997,771.9999999999949,18,54553.96979723812,2014
2014-10-06 13:00:00,2014-10-06 16:00:00,545539.6979723813,1500.9160940464687,-296.9999999999917,buy,1.25894,1.25597,337.99999999999386,3,56065.11476062157,2014
2014-10-06 17:00:00,2014-10-06 20:00:00,560651.1476062157,2349.8291224045656,-441.00000000000244,buy,1.2642,1.25979,461.0000000000003,3,58425.45609204375,2014
2014-10-06 22:00:00,2014-10-07 10:00:00,10000.0,50.15000000000239,-529.0000000000239,sell,1.2598099999999999,1.2651000000000001,659.0000000000095,12,58476.35609204375,2014
2014-10-07 10:00:00,2014-10-07 14:00:00,10000.0,40.349999999999305,-425.999999999993,buy,1.26385,1.25959,517.9999999999962,4,58516.95609204374,2014
2014-10-07 16:00:00,2014-10-08 19:00:00,10000.0,71.61250000000037,-753.0000000000036,buy,1.27288,1.26535,1065.0000000000048,27,58590.25609204374,2014
2014-10-12 23:00:00,2014-10-13 02:00:00,585902.5609204374,2449.8050828485552,-439.9999999999959,buy,1.26853,1.26413,522.0000000000002,3,61051.04684790955,2014
2014-10-13 18:00:00,2014-10-13 21:00:00,610510.4684790956,4042.3424394171852,-683.9999999999957,buy,1.27494,1.2681,723.0000000000069,3,65104.83635861072,2014
2014-10-13 22:00:00,2014-10-14 09:00:00,10000.0,48.61250000000079,-513.0000000000078,sell,1.2681499999999999,1.27328,670.000000000015,11,65154.13635861072,2014
2014-10-14 09:00:00,2014-10-15 13:00:00,10000.0,88.55000000000072,-923.000000000007,buy,1.27411,1.26488,1170.0000000000043,28,65244.436358610736,2014
2014-10-15 14:00:00,2014-10-15 21:00:00,10000.0,71.36249999999941,-737.9999999999942,buy,1.28339,1.27601,825.9999999999933,7,65316.236358610724,2014
2014-10-21 04:00:00,2014-10-21 10:00:00,10000.0,53.824999999999584,-561.9999999999958,sell,1.2765,1.28212,746.0000000000022,6,65370.43635861072,2014
2014-10-21 10:00:00,2014-10-21 20:00:00,10000.0,34.37500000000037,-370.00000000000364,sell,1.27166,1.27536,669.9999999999927,10,65405.43635861072,2014
2014-10-21 20:00:00,2014-10-22 13:00:00,10000.0,42.93750000000159,-460.0000000000159,sell,1.2666,1.2712,730.0000000000084,17,65449.43635861073,2014
2014-10-23 01:00:00,2014-10-23 11:00:00,147500.0,368.3812499999814,-275.9999999999873,buy,1.26633,1.26357,502.0000000000024,10,65827.0363586107,2014
2014-10-23 21:00:00,2014-10-24 13:00:00,658270.363586107,1533.7699471555702,-262.999999999991,buy,1.26728,1.26465,385.99999999999744,16,67426.63334212486,2014
2014-10-27 22:00:00,2014-10-28 13:00:00,10000.0,43.562500000000426,-465.00000000000426,buy,1.27437,1.26972,594.9999999999899,15,67471.13334212486,2014
2014-10-28 14:00:00,2014-10-29 19:00:00,10000.0,94.38749999999939,-981.9999999999939,sell,1.26472,1.27454,1228.9999999999911,29,67567.3333421249,2014
2014-10-29 19:00:00,2014-10-30 06:00:00,10000.0,34.4124999999988,-370.99999999998795,sell,1.25987,1.26358,424.99999999998647,11,67602.43334212489,2014
2014-10-30 12:00:00,2014-10-31 13:00:00,450000.0,3183.1875000000214,-743.0000000000047,sell,1.25238,1.25981,1075.0000000000036,25,70855.93334212493,2014
2014-11-03 22:00:00,2014-11-04 04:00:00,10000.0,30.024999999999096,-323.99999999999096,buy,1.2524,1.24916,375.9999999999985,6,70886.33334212494,2014
2014-11-04 04:00:00,2014-11-04 16:00:00,10000.0,46.850000000000755,-496.0000000000075,buy,1.25689,1.25193,693.0000000000102,12,70933.93334212495,2014
2014-11-04 16:00:00,2014-11-05 09:00:00,10000.0,46.037499999999696,-490.99999999999693,sell,1.25015,1.25506,652.9999999999924,17,70981.03334212495,2014
2014-11-05 11:00:00,2014-11-06 05:00:00,10000.0,35.075000000001566,-382.00000000001563,buy,1.25116,1.24734,554.9999999999943,18,71017.23334212496,2014
2014-11-06 05:00:00,2014-11-06 14:00:00,257500.0,2570.815625000007,-1023.9999999999804,sell,1.24195,1.25219,1132.9999999999839,9,73602.53334212497,2014
2014-11-11 07:00:00,2014-11-11 17:00:00,10000.0,37.474999999998474,-400.99999999998465,buy,1.24487,1.24086,548.9999999999994,10,73640.63334212496,2014
2014-11-11 18:00:00,2014-11-12 10:00:00,10000.0,39.40000000000022,-424.0000000000021,sell,1.24394,1.24818,594.9999999999899,16,73681.03334212494,2014
2014-11-12 10:00:00,2014-11-14 14:00:00,10000.0,41.35000000000109,-466.0000000000108,sell,1.24158,1.24624,760.000000000005,52,73725.63334212487,2014
2014-11-17 22:00:00,2014-11-18 08:00:00,10000.0,33.974999999999966,-365.9999999999996,buy,1.24861,1.24495,438.000000000005,10,73760.23334212489,2014
2014-11-18 08:00:00,2014-11-18 14:00:00,10000.0,29.32500000000117,-317.0000000000117,buy,1.25269,1.24952,404.0000000000043,6,73789.93334212489,2014
2014-11-18 14:00:00,2014-11-19 14:00:00,10000.0,47.59999999999948,-510.99999999999477,buy,1.25637,1.25126,628.9999999999907,24,73839.03334212488,2014
2014-11-19 21:00:00,2014-11-21 09:00:00,37500.0,294.9375000000049,-829.000000000013,sell,1.24671,1.2550000000000001,1076.0000000000102,36,74142.40834212488,2014
2014-11-25 13:00:00,2014-11-25 15:00:00,10000.0,38.174999999999784,-402.9999999999978,buy,1.2454,1.24137,428.00000000000614,2,74180.70834212488,2014
2014-11-25 17:00:00,2014-11-26 15:00:00,10000.0,30.82499999999979,-341.99999999999784,buy,1.24951,1.24609,520.9999999999936,22,74212.90834212487,2014
2014-11-26 15:00:00,2014-11-27 09:00:00,10000.0,35.07499999999935,-381.9999999999934,sell,1.24871,1.25253,422.0000000000112,18,74249.10834212488,2014
2014-11-27 11:00:00,2014-11-28 01:00:00,422500.0,1086.8812500000358,-286.00000000000847,sell,1.24523,1.2480900000000001,456.99999999999625,14,75372.9583421248,2014
2014-12-01 07:00:00,2014-12-01 10:00:00,753729.583421248,2752.055141466862,-387.000000000004,buy,1.24622,1.24235,435.00000000000756,3,78139.14591328081,2014
2014-12-01 22:00:00,2014-12-02 10:00:00,10000.0,30.55000000000055,-333.0000000000055,sell,1.24367,1.247,387.99999999998835,12,78170.44591328083,2014
2014-12-02 10:00:00,2014-12-02 15:00:00,10000.0,29.887500000000003,-322.00000000000006,sell,1.24036,1.24358,443.9999999999999,5,78200.64591328082,2014
2014-12-02 15:00:00,2014-12-03 09:00:00,10000.0,59.5750000000022,-627.0000000000219,sell,1.23358,1.2398500000000001,687.9999999999997,18,78261.34591328086,2014
2014-12-04 15:00:00,2014-12-04 18:00:00,532500.0,2940.0656250000416,-574.0000000000078,sell,1.2376,1.2433400000000001,795.9999999999966,3,81211.39591328091,2014
2014-12-08 22:00:00,2014-12-09 09:00:00,10000.0,34.61250000000011,-373.0000000000011,buy,1.2355,1.23177,636.9999999999986,11,81246.6959132809,2014
2014-12-09 09:00:00,2014-12-09 14:00:00,10000.0,38.487500000000836,-408.0000000000083,buy,1.23886,1.23478,477.00000000001626,5,81285.4959132809,2014
2014-12-09 15:00:00,2014-12-09 20:00:00,10000.0,44.78749999999992,-470.99999999999915,sell,1.23754,1.24225,587.9999999999885,5,81330.5959132809,2014
2014-12-09 20:00:00,2014-12-10 16:00:00,10000.0,37.24999999999887,-404.9999999999887,buy,1.24138,1.23733,525.999999999982,20,81369.09591328086,2014
2014-12-10 16:00:00,2014-12-11 00:00:00,10000.0,48.80000000000079,-513.0000000000078,buy,1.24773,1.2426,577.9999999999895,8,81418.39591328087,2014
2014-12-15 15:00:00,2014-12-15 17:00:00,814183.9591328087,3417.537168459985,-441.00000000000244,buy,1.24659,1.24218,521.0000000000158,2,84846.11038123001,2014
2014-12-15 22:00:00,2014-12-16 10:00:00,10000.0,57.74999999999889,-604.9999999999889,buy,1.25067,1.24462,716.0000000000055,12,84904.61038123001,2014
2014-12-16 10:00:00,2014-12-16 12:00:00,10000.0,44.375000000000426,-465.00000000000426,buy,1.25404,1.24939,520.0000000000093,2,84949.11038123001,2014
2014-12-16 12:00:00,2014-12-16 17:00:00,10000.0,44.687500000001485,-470.00000000001484,sell,1.25036,1.25506,507.00000000001296,5,84994.11038123001,2014
2014-12-16 17:00:00,2014-12-17 11:00:00,10000.0,51.17500000000046,-543.0000000000045,sell,1.24515,1.25058,656.9999999999965,18,85046.41038123002,2014
2014-12-22 22:00:00,2014-12-23 14:00:00,10000.0,34.20000000000168,-372.0000000000167,sell,1.21877,1.22249,572.0000000000169,16,85081.61038123003,2014
2014-12-23 14:00:00,2014-12-24 09:00:00,10000.0,24.212500000001867,-274.00000000001864,buy,1.21964,1.2168999999999999,322.00000000000006,19,85107.01038123004,2014
2014-12-24 10:00:00,2014-12-25 23:00:00,477500.0,1116.1562500000753,-260.00000000001575,buy,1.22229,1.21969,385.0000000000131,10,86253.01038123012,2014
2014-12-25 23:00:00,2014-12-26 14:00:00,752500.0,1607.528124999949,-242.9999999999932,sell,1.21805,1.22048,407.00000000000176,15,87931.08538123006,2014
2014-12-29 08:00:00,2014-12-29 10:00:00,879310.8538123006,1870.7338414858725,-234.00000000000085,buy,1.22053,1.2181899999999999,253.99999999999866,2,89812.81060838858,2014
2014-12-30 02:00:00,2014-12-30 09:00:00,10000.0,29.362499999999606,-317.999999999996,buy,1.21716,1.21398,486.0000000000086,7,89842.61060838855,2014
2014-12-30 09:00:00,2014-12-31 15:00:00,10000.0,24.125000000001357,-280.00000000001353,sell,1.21295,1.21575,507.9999999999973,30,89868.61060838855,2014
2015-01-05 09:00:00,2015-01-05 12:00:00,100000.0,427.1250000000105,-449.00000000001046,sell,1.19069,1.1951800000000001,495.00000000000097,3,10429.000000000011,2015
2015-01-06 00:00:00,2015-01-06 11:00:00,10000.0,38.41250000000058,-411.0000000000058,sell,1.18997,1.19408,685.0000000000023,11,10468.100000000013,2015
2015-01-06 16:00:00,2015-01-06 22:00:00,10000.0,41.52499999999894,-438.99999999998937,sell,1.18894,1.19333,680.9999999999982,6,10510.000000000011,2015
2015-01-06 22:00:00,2015-01-07 12:00:00,10000.0,45.22499999999981,-480.99999999999807,sell,1.18218,1.18699,737.9999999999942,14,10556.100000000008,2015
2015-01-07 12:00:00,2015-01-08 10:00:00,10000.0,47.52500000000039,-509.00000000000387,sell,1.17826,1.1833500000000001,754.9999999999945,22,10605.00000000001,2015
2015-01-12 06:00:00,2015-01-12 09:00:00,106050.00000000009,368.1260625000208,-369.00000000001927,sell,1.18169,1.18538,411.0000000000058,3,10975.11450000003,2015
2015-01-12 12:00:00,2015-01-12 15:00:00,109751.14500000031,472.0671124312601,-452.0000000000079,buy,1.1837,1.17918,482.999999999989,3,11449.239446400039,2015
2015-01-13 00:00:00,2015-01-13 10:00:00,10000.0,26.774999999999427,-293.99999999999426,sell,1.18097,1.18391,492.99999999998784,10,11476.639446400039,2015
2015-01-13 10:00:00,2015-01-13 15:00:00,10000.0,34.287499999999966,-365.9999999999996,sell,1.17631,1.17997,466.0000000000108,5,11511.239446400037,2015
2015-01-14 05:00:00,2015-01-14 10:00:00,10000.0,41.48750000000051,-438.000000000005,sell,1.17456,1.17894,648.9999999999884,5,11553.039446400036,2015
2015-01-19 07:00:00,2015-01-19 10:00:00,115530.39446400038,583.5729050362944,-527.0000000000108,buy,1.16128,1.15601,621.0000000000048,3,12138.77854633253,2015
2015-01-19 22:00:00,2015-01-20 17:00:00,10000.0,38.61250000000072,-418.0000000000072,sell,1.1559599999999999,1.16014,542.0000000000202,19,12178.578546332528,2015
2015-01-20 17:00:00,2015-01-21 14:00:00,10000.0,77.98750000000193,-813.0000000000192,buy,1.16301,1.15488,903.0000000000093,21,12257.878546332528,2015
2015-01-21 14:00:00,2015-01-21 17:00:00,10000.0,50.71250000000017,-529.0000000000016,sell,1.1584,1.1636900000000001,741.9999999999982,3,12308.778546332529,2015
2015-01-21 21:00:00,2015-01-22 15:00:00,37500.0,521.5312500000045,-1422.000000000012,sell,1.14642,1.1606400000000001,1808.9999999999939,18,12834.528546332533,2015
2015-01-26 22:00:00,2015-01-27 09:00:00,10000.0,94.01250000000067,-967.0000000000067,buy,1.13341,1.12374,1110.000000000011,11,12929.228546332533,2015
2015-01-27 10:00:00,2015-01-27 15:00:00,10000.0,86.78749999999974,-890.9999999999973,buy,1.13713,1.12822,1109.0000000000043,5,13016.328546332534,2015
2015-01-27 15:00:00,2015-01-28 15:00:00,10000.0,85.9000000000017,-894.0000000000169,sell,1.13092,1.13986,941.9999999999983,24,13103.728546332535,2015
2015-01-28 15:00:00,2015-01-28 22:00:00,10000.0,48.06250000000221,-505.00000000002206,sell,1.1287099999999999,1.13376,806.0000000000177,7,13152.228546332537,2015
2015-01-28 22:00:00,2015-01-29 15:00:00,65000.0,333.043750000003,-543.0000000000045,buy,1.13319,1.1277599999999999,708.9999999999818,17,13492.178546332541,2015
2015-02-02 22:00:00,2015-02-03 14:00:00,10000.0,100.80000000000055,-1038.0000000000055,buy,1.14402,1.13364,1283.9999999999961,16,13593.97854633254,2015
2015-02-03 18:00:00,2015-02-04 15:00:00,10000.0,72.08750000000103,-754.0000000000101,sell,1.14049,1.14803,940.9999999999918,21,13667.378546332542,2015
2015-02-04 15:00:00,2015-02-04 22:00:00,10000.0,74.96249999999858,-773.9999999999858,sell,1.1344,1.14214,1024.0000000000025,7,13742.778546332542,2015
2015-02-04 22:00:00,2015-02-05 11:00:00,65000.0,597.2687500000059,-947.0000000000089,buy,1.14304,1.13357,1272.0000000000064,13,14345.328546332548,2015
2015-02-05 11:00:00,2015-02-05 19:00:00,143453.28546332548,939.6190197848019,-680.0000000000139,buy,1.14942,1.14262,1045.000000000007,8,15292.120230390516,2015
2015-02-09 10:00:00,2015-02-09 13:00:00,152921.20230390516,614.9343847645819,-424.0000000000021,sell,1.1274,1.13164,466.0000000000108,3,15909.921887698298,2015
2015-02-10 00:00:00,2015-02-10 10:00:00,10000.0,44.87500000000032,-475.0000000000032,sell,1.1286,1.13335,587.9999999999885,10,15955.421887698298,2015
2015-02-10 10:00:00,2015-02-10 16:00:00,10000.0,35.5249999999996,-378.99999999999596,buy,1.13211,1.12832,486.99999999999295,6,15991.321887698296,2015
2015-02-10 17:00:00,2015-02-12 15:00:00,10000.0,62.62500000000034,-675.0000000000033,buy,1.1381000000000001,1.13135,1019.0000000000142,46,16056.82188769829,2015
2015-02-12 15:00:00,2015-02-13 05:00:00,160568.2188769829,819.2993368198062,-539.0000000000006,buy,1.14269,1.1373,561.9999999999958,14,16890.170943669833,2015
2015-02-16 14:00:00,2015-02-16 17:00:00,168901.70943669835,533.9405289567898,-338.00000000001603,sell,1.1374199999999999,1.1408,390.0000000000014,3,17427.27837967856,2015
2015-02-16 22:00:00,2015-02-17 11:00:00,10000.0,54.78749999999987,-575.9999999999986,buy,1.14048,1.13472,836.9999999999987,13,17482.878379678557,2015
2015-02-17 11:00:00,2015-02-18 08:00:00,10000.0,43.78749999999992,-470.99999999999915,sell,1.13894,1.14365,516.9999999999897,21,17527.978379678563,2015
2015-02-18 08:00:00,2015-02-18 12:00:00,10000.0,30.949999999999896,-331.9999999999989,sell,1.13717,1.14049,394.99999999998977,4,17559.17837967856,2015
2015-02-18 12:00:00,2015-02-18 17:00:00,10000.0,36.987500000002115,-393.0000000000211,sell,1.13424,1.1381700000000001,446.000000000013,5,17596.478379678563,2015
2015-02-24 09:00:00,2015-02-24 16:00:00,10000.0,29.06249999999986,-314.9999999999986,buy,1.13353,1.13038,481.9999999999824,7,17625.97837967856,2015
2015-02-24 16:00:00,2015-02-25 07:00:00,10000.0,40.96250000000116,-439.00000000001154,buy,1.13515,1.13076,503.000000000009,15,17667.87837967856,2015
2015-02-25 07:00:00,2015-02-26 13:00:00,10000.0,47.02500000000039,-509.00000000000387,sell,1.13202,1.13711,609.9999999999994,30,17716.77837967856,2015
2015-02-26 13:00:00,2015-02-26 16:00:00,177167.7837967856,687.6324608612728,-409.9999999999992,sell,1.1215,1.1256,477.00000000001626,3,18407.732736486018,2015
2015-03-02 23:00:00,2015-03-03 17:00:00,10000.0,28.275000000001427,-314.00000000001427,buy,1.12091,1.11777,551.0000000000125,18,18437.13273648602,2015
2015-03-03 17:00:00,2015-03-04 09:00:00,10000.0,60.10000000000038,-631.0000000000038,sell,1.11357,1.11988,666.9999999999953,16,18498.232736486018,2015
2015-03-04 09:00:00,2015-03-04 15:00:00,10000.0,32.12500000000175,-345.0000000000175,sell,1.10936,1.11281,503.000000000009,6,18530.73273648602,2015
2015-03-04 21:00:00,2015-03-05 07:00:00,37500.0,129.65624999999795,-371.99999999999454,sell,1.10375,1.10747,469.9999999999926,10,18662.73273648602,2015
2015-03-05 13:00:00,2015-03-06 10:00:00,186627.32736486022,1097.135400746181,-621.0000000000048,sell,1.09688,1.1030900000000001,824.0000000000024,21,19784.362973948828,2015
2015-03-09 22:00:00,2015-03-10 04:00:00,10000.0,42.224999999999085,-445.9999999999908,sell,1.08003,1.08449,469.9999999999926,6,19826.96297394883,2015
2015-03-10 07:00:00,2015-03-10 09:00:00,10000.0,38.27500000000043,-404.0000000000043,sell,1.07598,1.08002,439.00000000001154,2,19865.36297394883,2015
2015-03-10 13:00:00,2015-03-10 16:00:00,10000.0,56.01250000000158,-582.0000000000158,sell,1.0708199999999999,1.07664,633.0000000000168,3,19921.562973948836,2015
2015-03-10 16:00:00,2015-03-11 09:00:00,10000.0,66.6374999999992,-696.999999999992,sell,1.06461,1.07158,781.9999999999937,17,19989.262973948833,2015
2015-03-11 09:00:00,2015-03-11 18:00:00,10000.0,63.937500000000455,-665.0000000000044,sell,1.0533,1.05995,943.0000000000049,9,20053.762973948826,2015
2015-03-16 11:00:00,2015-03-16 14:00:00,200537.62973948827,1267.6484919907384,-653.999999999999,buy,1.05944,1.0529,686.9999999999931,3,21325.171546497182,2015
2015-03-16 22:00:00,2015-03-17 14:00:00,10000.0,59.10000000000049,-621.0000000000048,buy,1.06338,1.05717,829.9999999999974,16,21385.271546497184,2015
2015-03-17 14:00:00,2015-03-18 19:00:00,10000.0,116.38749999999919,-1201.9999999999918,buy,1.07375,1.06173,1580.999999999988,29,21503.4715464972,2015
2015-03-18 20:00:00,2015-03-19 08:00:00,10000.0,145.85000000000096,-1486.0000000000093,sell,1.07094,1.0858,2092.999999999989,12,21650.0715464972,2015
2015-03-19 08:00:00,2015-03-20 14:00:00,216500.71546497202,2854.020681617011,-1357.0000000000082,buy,1.07945,1.06588,1821.000000000006,30,24544.686112263895,2015
2015-03-23 08:00:00,2015-03-23 11:00:00,245446.86112263895,1693.8901503226157,-712.0000000000015,buy,1.0863,1.07918,775.0000000000146,3,26243.178391232555,2015
2015-03-24 00:00:00,2015-03-26 08:00:00,10000.0,65.1999999999991,-706.9999999999909,buy,1.101,1.09393,1205.999999999996,56,26311.878391232567,2015
2015-03-26 08:00:00,2015-03-26 13:00:00,263118.7839123257,1102.1388061127782,-442.00000000000904,sell,1.0985,1.1029200000000001,587.0000000000041,5,27422.23965934261,2015
2015-03-26 13:00:00,2015-03-26 18:00:00,274222.3965934261,2377.165400469298,-890.000000000013,sell,1.08676,1.09566,924.999999999998,5,29807.97450970546,2015
2015-03-26 19:00:00,2015-03-27 08:00:00,298079.7450970546,2092.147210899977,-730.0000000000084,sell,1.08106,1.08836,844.0000000000002,13,31924.340699894576,2015
2015-03-30 22:00:00,2015-03-31 06:00:00,10000.0,39.60000000000047,-421.00000000000466,sell,1.07842,1.08263,590.0000000000016,8,31964.440699894578,2015
2015-03-31 06:00:00,2015-03-31 09:00:00,10000.0,57.81250000000006,-600.0000000000005,sell,1.0723,1.0783,624.0000000000023,3,32022.440699894578,2015
2015-03-31 09:00:00,2015-04-01 02:00:00,10000.0,45.137500000000465,-482.0000000000046,buy,1.07756,1.07274,538.0000000000161,17,32068.640699894575,2015
2015-04-01 03:00:00,2015-04-01 09:00:00,10000.0,44.02499999999978,-463.9999999999977,sell,1.07334,1.07798,581.9999999999936,6,32113.040699894573,2015
2015-04-01 09:00:00,2015-04-02 06:00:00,10000.0,38.28749999999941,-415.99999999999415,buy,1.07806,1.0739,548.9999999999994,21,32152.640699894575,2015
2015-04-06 11:00:00,2015-04-06 14:00:00,321526.40699894575,1077.5153714552405,-357.0000000000073,buy,1.10247,1.0989,391.00000000000796,3,33236.18469148104,2015
2015-04-06 18:00:00,2015-04-06 21:00:00,332361.8469148104,1688.813634635834,-529.999999999986,sell,1.09217,1.09747,552.9999999999812,3,34931.230110746525,2015
2015-04-06 22:00:00,2015-04-07 09:00:00,10000.0,75.31250000000028,-780.0000000000028,sell,1.08505,1.09285,1037.9999999999834,11,35007.23011074652,2015
2015-04-07 09:00:00,2015-04-08 15:00:00,10000.0,58.02499999999918,-618.9999999999917,sell,1.07922,1.08541,946.9999999999867,30,35067.13011074652,2015
2015-04-08 15:00:00,2015-04-09 01:00:00,10000.0,46.57500000000036,-492.0000000000035,sell,1.0764799999999999,1.0814,620.0000000000205,10,35114.33011074652,2015
2015-04-13 06:00:00,2015-04-13 08:00:00,351143.30110746523,1228.1236956233956,-371.0000000000102,sell,1.05664,1.0603500000000001,500.99999999999585,2,36346.84309763376,2015
2015-04-14 00:00:00,2015-04-14 06:00:00,10000.0,44.72499999999992,-470.99999999999915,sell,1.05416,1.05887,493.00000000001006,6,36391.94309763377,2015
2015-04-14 06:00:00,2015-04-14 13:00:00,10000.0,82.46249999999887,-848.9999999999886,buy,1.06351,1.05502,983.9999999999848,7,36474.84309763376,2015
2015-04-14 13:00:00,2015-04-15 08:00:00,10000.0,66.71250000000052,-699.0000000000051,sell,1.0606,1.06759,1007.0000000000023,19,36542.74309763375,2015
2015-04-15 08:00:00,2015-04-15 14:00:00,10000.0,50.22500000000042,-526.0000000000042,buy,1.0635000000000001,1.05824,618.0000000000074,6,36593.34309763374,2015
2015-04-20 22:00:00,2015-04-21 07:00:00,10000.0,51.53750000000137,-541.0000000000136,sell,1.06812,1.07353,695.0000000000011,9,36645.443097633746,2015
2015-04-21 07:00:00,2015-04-21 13:00:00,10000.0,44.02499999999978,-463.9999999999977,buy,1.0712,1.06656,486.99999999999295,6,36689.84309763375,2015
2015-04-21 13:00:00,2015-04-21 15:00:00,10000.0,46.974999999999696,-490.99999999999693,buy,1.07389,1.06898,557.9999999999918,2,36736.943097633746,2015
2015-04-21 20:00:00,2015-04-22 10:00:00,10000.0,47.825000000001296,-507.00000000001296,buy,1.07878,1.07371,721.000000000016,14,36785.64309763374,2015
2015-04-22 10:00:00,2015-04-22 23:00:00,10000.0,41.58749999999999,-443.9999999999999,sell,1.07207,1.07651,556.0000000000009,13,36828.043097633745,2015
2015-04-27 22:00:00,2015-04-28 11:00:00,10000.0,59.28750000000049,-621.0000000000048,buy,1.09389,1.08768,795.0000000000123,13,36888.143097633736,2015
2015-04-28 11:00:00,2015-04-29 08:00:00,10000.0,46.687499999998934,-499.9999999999893,buy,1.09947,1.09447,780.0000000000028,21,36936.14309763374,2015
2015-04-29 08:00:00,2015-04-29 14:00:00,10000.0,63.32499999999965,-656.9999999999965,buy,1.10743,1.10086,893.9999999999948,6,36999.84309763374,2015
2015-04-29 15:00:00,2015-04-30 04:00:00,10000.0,58.487499999999685,-612.9999999999968,sell,1.11087,1.117,787.0000000000043,13,37059.14309763374,2015
2015-04-30 04:00:00,2015-04-30 08:00:00,230000.0,2512.7499999999986,-1114.9999999999993,buy,1.12182,1.11067,1479.000000000008,4,39577.64309763374,2015
2015-05-04 05:00:00,2015-05-04 08:00:00,395776.43097633746,1817.1085387201017,-480.99999999999807,sell,1.11525,1.12006,712.0000000000015,3,41402.172444434655,2015
2015-05-04 22:00:00,2015-05-05 07:00:00,10000.0,50.33750000000017,-529.0000000000016,sell,1.10918,1.11447,584.999999999991,9,41453.072444434656,2015
2015-05-05 07:00:00,2015-05-05 11:00:00,10000.0,35.650000000001825,-379.0000000000182,buy,1.1124100000000001,1.10862,585.0000000000132,4,41488.97244443466,2015
2015-05-05 11:00:00,2015-05-05 15:00:00,10000.0,60.74999999999972,-629.9999999999972,buy,1.11846,1.11216,761.0000000000116,4,41549.97244443466,2015
2015-05-05 15:00:00,2015-05-06 07:00:00,10000.0,76.2000000000015,-792.0000000000149,buy,1.12541,1.1174899999999999,817.000000000001,16,41627.172444434655,2015
2015-05-11 22:00:00,2015-05-12 08:00:00,10000.0,73.87499999999935,-764.9999999999934,buy,1.12253,1.11488,916.0000000000056,10,41701.672444434655,2015
2015-05-12 11:00:00,2015-05-13 13:00:00,10000.0,62.974999999998886,-665.9999999999887,buy,1.13041,1.12375,1023.9999999999804,26,41766.27244443463,2015
2015-05-13 13:00:00,2015-05-14 07:00:00,10000.0,73.2749999999987,-763.9999999999868,buy,1.14085,1.13321,795.9999999999966,18,41840.67244443463,2015
2015-05-14 09:00:00,2015-05-15 09:00:00,367500.0,1944.075000000033,-564.0000000000089,sell,1.13611,1.14175,826.0000000000156,24,43839.87244443466,2015
2015-05-18 11:00:00,2015-05-18 14:00:00,438398.7244443466,2687.9321792494347,-635.0000000000077,sell,1.13392,1.1402700000000001,672.9999999999902,3,46536.02459976743,2015
2015-05-18 22:00:00,2015-05-19 08:00:00,10000.0,127.87500000000006,-1305.0000000000005,sell,1.1184,1.13145,1414.000000000004,10,46664.52459976742,2015
2015-05-19 08:00:00,2015-05-19 13:00:00,10000.0,54.58749999999973,-568.9999999999973,sell,1.11344,1.11913,818.0000000000075,5,46719.42459976742,2015
2015-05-19 13:00:00,2015-05-20 07:00:00,10000.0,63.27500000000201,-664.0000000000201,sell,1.10848,1.1151200000000001,769.0000000000196,18,46783.82459976742,2015
2015-05-20 07:00:00,2015-05-21 09:00:00,10000.0,46.575000000000244,-502.0000000000024,buy,1.11517,1.11015,825.9999999999933,26,46832.02459976743,2015
2015-05-25 22:00:00,2015-05-26 01:00:00,10000.0,28.512500000001282,-307.0000000000128,sell,1.09449,1.09756,344.0000000000109,3,46860.72459976743,2015
2015-05-26 01:00:00,2015-05-26 07:00:00,10000.0,42.12499999999843,-444.99999999998425,sell,1.08912,1.09357,632.9999999999947,6,46903.224599767425,2015
2015-05-26 09:00:00,2015-05-26 19:00:00,10000.0,33.57499999999956,-361.9999999999956,sell,1.08724,1.09086,669.0000000000084,10,46937.424599767415,2015
2015-05-27 01:00:00,2015-05-27 07:00:00,10000.0,44.22500000000109,-466.0000000000108,buy,1.0916000000000001,1.08694,494.0000000000166,6,46982.024599767414,2015
2015-05-27 07:00:00,2015-05-27 12:00:00,10000.0,50.78750000000148,-531.0000000000148,sell,1.08632,1.09163,609.9999999999994,5,47033.12459976742,2015
2015-06-01 13:00:00,2015-06-01 15:00:00,470331.24599767424,3117.1203328496704,-684.0000000000178,sell,1.08977,1.09661,704.0000000000157,2,50156.12407319206,2015
2015-06-01 22:00:00,2015-06-02 09:00:00,10000.0,48.912500000000534,-516.0000000000053,buy,1.09792,1.09276,639.0000000000117,11,50205.72407319207,2015
2015-06-02 09:00:00,2015-06-02 13:00:00,10000.0,78.2499999999989,-804.999999999989,buy,1.10642,1.09837,842.9999999999936,4,50284.22407319207,2015
2015-06-02 13:00:00,2015-06-03 14:00:00,10000.0,82.33750000000097,-859.0000000000097,buy,1.1212,1.1126099999999999,1336.0000000000036,25,50368.12407319207,2015
2015-06-03 14:00:00,2015-06-04 10:00:00,10000.0,82.75000000000163,-860.0000000000163,buy,1.13532,1.12672,1235.0000000000082,20,50452.12407319206,2015
2015-06-09 01:00:00,2015-06-09 12:00:00,10000.0,73.21249999999986,-758.9999999999985,sell,1.12411,1.1317,1036.0000000000146,11,50526.024073192064,2015
2015-06-09 12:00:00,2015-06-10 00:00:00,10000.0,59.45000000000114,-622.0000000000114,buy,1.12897,1.12275,696.0000000000076,12,50586.22407319206,2015
2015-06-10 00:00:00,2015-06-10 08:00:00,10000.0,56.100000000001984,-586.0000000000198,buy,1.13576,1.1299,824.0000000000024,8,50642.82407319207,2015
2015-06-10 08:00:00,2015-06-11 12:00:00,10000.0,76.75000000000112,-805.0000000000111,sell,1.12351,1.1315600000000001,1153.0000000000039,28,50721.32407319205,2015
2015-06-11 12:00:00,2015-06-12 09:00:00,450000.0,3554.437500000082,-823.0000000000181,sell,1.11682,1.12505,1088.0,21,54334.82407319213,2015
2015-06-16 06:00:00,2015-06-16 09:00:00,10000.0,54.41249999999998,-565.9999999999998,sell,1.1256,1.13126,730.0000000000084,3,54389.42407319213,2015
2015-06-16 11:00:00,2015-06-17 19:00:00,10000.0,91.79999999999922,-957.9999999999922,buy,1.13303,1.12345,1330.0000000000089,32,54483.22407319214,2015
2015-06-17 19:00:00,2015-06-18 10:00:00,10000.0,71.06250000000074,-740.0000000000073,buy,1.14158,1.13418,861.0000000000006,15,54555.22407319215,2015
2015-06-18 10:00:00,2015-06-19 08:00:00,395000.0,2844.9874999999524,-753.999999999988,sell,1.13186,1.1394,1164.9999999999936,22,57454.52407319209,2015
2015-06-22 05:00:00,2015-06-22 08:00:00,574545.2407319209,4263.84386778182,-764.0000000000091,sell,1.13232,1.13996,797.0000000000032,3,61729.140664237646,2015
2015-06-22 22:00:00,2015-06-23 03:00:00,10000.0,77.38750000000033,-797.0000000000032,sell,1.12615,1.13412,851.0000000000017,5,61806.84066423764,2015
2015-06-23 03:00:00,2015-06-23 12:00:00,10000.0,55.237500000001184,-578.0000000000118,sell,1.12041,1.12619,785.0000000000134,9,61862.64066423764,2015
2015-06-23 13:00:00,2015-06-24 08:00:00,10000.0,54.91249999999871,-580.999999999987,buy,1.12184,1.11603,763.9999999999868,19,61918.74066423763,2015
2015-06-24 08:00:00,2015-06-25 10:00:00,10000.0,41.67499999999923,-452.99999999999227,sell,1.11711,1.12164,561.9999999999958,26,61962.04066423763,2015
2015-06-29 04:00:00,2015-06-29 07:00:00,619620.4066423763,4728.478228189719,-785.0000000000134,buy,1.10901,1.10116,1056.0000000000125,3,66702.1367750519,2015
2015-06-29 22:00:00,2015-06-30 09:00:00,10000.0,68.11250000000197,-708.0000000000197,sell,1.11421,1.1212900000000001,817.000000000001,11,66770.9367750519,2015
2015-06-30 12:00:00,2015-06-30 15:00:00,10000.0,66.11249999999892,-682.9999999999891,sell,1.11423,1.12106,1008.9999999999932,3,66837.2367750519,2015
2015-06-30 15:00:00,2015-07-01 14:00:00,10000.0,76.56250000000007,-800.0000000000007,sell,1.1069,1.1149,1008.9999999999932,23,66915.23677505193,2015
2015-07-01 14:00:00,2015-07-01 19:00:00,10000.0,55.187500000001435,-575.0000000000143,sell,1.10486,1.11061,598.999999999994,5,66970.73677505195,2015
2015-07-06 22:00:00,2015-07-07 08:00:00,10000.0,41.67499999999934,-442.99999999999335,sell,1.10074,1.10517,479.99999999999153,10,67013.03677505194,2015
2015-07-07 09:00:00,2015-07-07 13:00:00,10000.0,55.250000000001435,-575.0000000000143,sell,1.09299,1.09874,661.0000000000005,4,67068.53677505194,2015
2015-07-07 13:00:00,2015-07-07 20:00:00,10000.0,61.76250000000093,-642.0000000000092,buy,1.10146,1.09504,886.000000000009,7,67130.73677505193,2015
2015-07-07 20:00:00,2015-07-08 21:00:00,10000.0,58.43749999999983,-619.9999999999983,buy,1.10732,1.10112,998.0000000000099,25,67190.73677505195,2015
2015-07-09 05:00:00,2015-07-09 08:00:00,257500.0,1468.0718750000378,-592.0000000000147,sell,1.1037,1.10962,866.0000000000111,3,68663.63677505199,2015
2015-07-13 06:00:00,2015-07-13 08:00:00,686636.3677505199,5676.766170377452,-848.0000000000042,sell,1.10989,1.11837,873.9999999999969,2,74348.98590002632,2015
2015-07-13 23:00:00,2015-07-14 10:00:00,10000.0,45.312499999999154,-479.99999999999153,buy,1.1032,1.0984,675.9999999999877,11,74394.98590002631,2015
2015-07-14 12:00:00,2015-07-14 15:00:00,10000.0,49.51250000000119,-517.0000000000118,sell,1.10004,1.10521,641.0000000000026,3,74444.68590002632,2015
2015-07-14 15:00:00,2015-07-15 14:00:00,10000.0,50.26250000000097,-537.0000000000097,sell,1.0958999999999999,1.10127,761.0000000000116,23,74496.38590002627,2015
2015-07-15 14:00:00,2015-07-16 08:00:00,10000.0,53.67500000000129,-568.0000000000128,sell,1.09002,1.0957000000000001,713.000000000008,18,74551.18590002629,2015
2015-07-20 05:00:00,2015-07-20 08:00:00,745511.8590002629,2006.3587905345994,-291.000000000019,buy,1.08597,1.08306,357.0000000000073,3,76571.52303791716,2015
2015-07-20 22:00:00,2015-07-21 12:00:00,10000.0,36.42499999999989,-392.99999999999886,buy,1.087,1.08307,590.0000000000016,14,76608.82303791714,2015
2015-07-21 12:00:00,2015-07-21 14:00:00,10000.0,31.77500000000004,-339.0000000000004,buy,1.08932,1.08593,364.00000000000875,2,76640.72303791714,2015
2015-07-21 16:00:00,2015-07-22 13:00:00,10000.0,47.98749999999857,-512.9999999999857,sell,1.09054,1.09567,626.9999999999998,21,76690.02303791711,2015
2015-07-22 13:00:00,2015-07-23 02:00:00,10000.0,41.187499999999595,-439.9999999999959,buy,1.09418,1.08978,729.9999999999861,13,76732.02303791713,2015
2015-07-27 05:00:00,2015-07-27 08:00:00,767320.2303791713,5740.514473524206,-770.000000000004,buy,1.10834,1.10064,834.0000000000014,3,82486.92476576095,2015
2015-07-27 22:00:00,2015-07-28 11:00:00,10000.0,48.98749999999963,-517.9999999999962,sell,1.1032,1.10838,670.000000000015,13,82536.72476576098,2015
2015-07-28 11:00:00,2015-07-29 01:00:00,10000.0,36.62499999999898,-394.99999999998977,buy,1.10713,1.10318,485.00000000000205,14,82574.224765761,2015
2015-07-29 01:00:00,2015-07-29 06:00:00,10000.0,23.887500000000667,-262.00000000000665,sell,1.10518,1.1078000000000001,302.9999999999866,5,82598.424765761,2015
2015-07-29 08:00:00,2015-07-29 16:00:00,10000.0,32.50000000000058,-350.00000000000585,sell,1.1025099999999999,1.10601,467.00000000001734,8,82631.424765761,2015
2015-08-04 00:00:00,2015-08-04 08:00:00,10000.0,34.099999999999966,-365.9999999999996,buy,1.09707,1.09341,387.99999999998835,8,82666.02476576099,2015
2015-08-04 08:00:00,2015-08-04 18:00:00,10000.0,49.275000000000276,-519.0000000000027,sell,1.0916,1.09679,711.0000000000172,10,82715.924765761,2015
2015-08-05 01:00:00,2015-08-05 13:00:00,10000.0,29.550000000000665,-323.0000000000066,buy,1.08956,1.08633,486.0000000000086,12,82746.224765761,2015
2015-08-05 14:00:00,2015-08-06 01:00:00,10000.0,39.61250000000178,-423.0000000000178,buy,1.0909900000000001,1.08676,461.00000000002245,11,82786.52476576102,2015
2015-08-06 05:00:00,2015-08-06 08:00:00,257500.0,736.7718750000499,-308.0000000000193,sell,1.08916,1.09224,497.9999999999984,3,83528.12476576107,2015
2015-08-10 22:00:00,2015-08-11 03:00:00,10000.0,37.58749999999938,-398.99999999999375,sell,1.09752,1.10151,563.9999999999867,5,83566.02476576107,2015
2015-08-11 03:00:00,2015-08-11 08:00:00,10000.0,50.58750000000017,-529.0000000000016,buy,1.10344,1.09815,746.9999999999865,5,83616.92476576108,2015
2015-08-11 08:00:00,2015-08-12 08:00:00,10000.0,73.30000000000132,-768.0000000000131,buy,1.11145,1.10377,1046.999999999998,24,83691.7247657611,2015
2015-08-12 08:00:00,2015-08-12 15:00:00,10000.0,54.562500000000384,-570.0000000000038,buy,1.1188500000000001,1.11315,657.0000000000186,7,83746.72476576109,2015
2015-08-12 15:00:00,2015-08-13 02:00:00,10000.0,54.312500000000384,-570.0000000000038,sell,1.11389,1.11959,662.9999999999914,11,83801.72476576107,2015
2015-08-17 22:00:00,2015-08-18 13:00:00,10000.0,37.862500000000836,-408.0000000000083,sell,1.1032899999999999,1.10737,605.000000000011,15,83840.52476576107,2015
2015-08-18 13:00:00,2015-08-19 18:00:00,10000.0,69.78750000000034,-736.0000000000033,buy,1.11164,1.10428,1000.0000000000008,29,83912.12476576102,2015
2015-08-19 18:00:00,2015-08-20 11:00:00,202500.0,903.909375000033,-477.00000000001626,buy,1.11739,1.11262,673.0000000000124,17,84837.54976576105,2015
2015-08-20 11:00:00,2015-08-21 05:00:00,670000.0,6883.412499999952,-1052.9999999999927,buy,1.12845,1.11792,1339.9999999999854,9,91758.64976576099,2015
2015-08-24 00:00:00,2015-08-24 03:00:00,917586.4976576099,7360.1906943361255,-824.0000000000024,buy,1.14692,1.13868,844.0000000000002,3,99136.04520692819,2015
2015-08-24 11:00:00,2015-08-24 14:00:00,991360.452069282,15595.33911161502,-1595.000000000013,buy,1.16659,1.1506399999999999,1740.9999999999925,3,114749.97232701948,2015
2015-08-24 22:00:00,2015-08-25 11:00:00,10000.0,95.58750000000072,-984.000000000007,sell,1.14966,1.1595,1019.0000000000142,13,114846.37232701949,2015
2015-08-25 11:00:00,2015-08-25 15:00:00,10000.0,84.25000000000047,-865.0000000000045,sell,1.14132,1.14997,1047.00000000002,4,114930.8723270195,2015
2015-08-25 15:00:00,2015-08-25 21:00:00,10000.0,98.8250000000013,-1012.0000000000128,buy,1.1512200000000001,1.1411,1080.000000000014,6,115030.07232701952,2015
2015-08-31 22:00:00,2015-09-01 03:00:00,10000.0,45.887500000000465,-482.0000000000046,buy,1.12675,1.1219299999999999,530.9999999999925,5,115076.27232701953,2015
2015-09-01 03:00:00,2015-09-01 08:00:00,10000.0,43.28749999999897,-455.9999999999897,buy,1.13164,1.12708,570.9999999999882,5,115119.87232701952,2015
2015-09-01 11:00:00,2015-09-01 21:00:00,10000.0,57.87499999999889,-604.9999999999889,buy,1.13116,1.12511,790.0000000000017,10,115178.3723270195,2015
2015-09-01 21:00:00,2015-09-02 13:00:00,10000.0,63.599999999998886,-665.9999999999887,sell,1.12409,1.13075,686.9999999999931,16,115242.97232701951,2015
2015-09-02 13:00:00,2015-09-03 13:00:00,10000.0,112.2000000000008,-1157.000000000008,sell,1.11202,1.12359,1292.000000000004,24,115356.67232701952,2015
2015-09-07 22:00:00,2015-09-08 04:00:00,10000.0,31.32499999999873,-336.99999999998727,buy,1.12038,1.11701,519.0000000000027,6,115388.37232701952,2015
2015-09-08 04:00:00,2015-09-08 08:00:00,10000.0,26.149999999999537,-283.99999999999534,sell,1.11803,1.12087,485.9999999999864,4,115414.77232701951,2015
2015-09-08 09:00:00,2015-09-08 20:00:00,10000.0,35.012500000000514,-377.00000000000506,buy,1.11993,1.11616,474.0000000000188,11,115450.47232701951,2015
2015-09-08 20:00:00,2015-09-09 06:00:00,10000.0,40.175000000000615,-428.00000000000614,sell,1.11565,1.11993,590.0000000000016,10,115491.27232701951,2015
2015-09-09 08:00:00,2015-09-09 11:00:00,10000.0,37.51250000000029,-397.0000000000029,sell,1.11515,1.1191200000000001,461.9999999999846,3,115528.97232701952,2015
2015-09-14 22:00:00,2015-09-15 15:00:00,10000.0,29.337499999999096,-323.99999999999096,sell,1.12751,1.13075,530.9999999999925,17,115559.37232701952,2015
2015-09-15 16:00:00,2015-09-16 10:00:00,10000.0,42.67500000000028,-458.0000000000028,sell,1.12346,1.12804,633.0000000000168,18,115603.17232701952,2015
2015-09-16 10:00:00,2015-09-16 13:00:00,10000.0,39.212500000000325,-414.00000000000324,buy,1.12662,1.12248,529.999999999986,3,115642.57232701952,2015
2015-09-16 13:00:00,2015-09-17 08:00:00,10000.0,37.41250000000174,-406.00000000001745,buy,1.13203,1.12797,463.00000000001336,19,115681.17232701954,2015
2015-09-17 09:00:00,2015-09-17 18:00:00,367500.0,1151.6531250000014,-339.0000000000004,buy,1.13483,1.13144,547.0000000000085,9,116853.49732701955,2015
2015-09-21 12:00:00,2015-09-21 15:00:00,1000000.0,4551.249999999941,-476.99999999999403,sell,1.11948,1.12425,584.999999999991,3,121423.49732701949,2015
2015-09-21 22:00:00,2015-09-22 15:00:00,10000.0,47.33749999999934,-503.9999999999933,sell,1.11344,1.11848,727.0000000000109,17,121471.89732701951,2015
2015-09-22 15:00:00,2015-09-23 14:00:00,10000.0,37.46250000000149,-409.0000000000149,buy,1.11742,1.11333,696.0000000000076,23,121510.79732701957,2015
2015-09-23 14:00:00,2015-09-23 19:00:00,10000.0,53.887499999999584,-561.9999999999958,buy,1.12016,1.11454,628.0000000000063,5,121564.99732701956,2015
2015-09-23 19:00:00,2015-09-24 12:00:00,10000.0,61.9374999999995,-649.999999999995,buy,1.12486,1.11836,851.0000000000017,17,121627.99732701958,2015
2015-09-28 13:00:00,2015-09-28 16:00:00,1000000.0,6231.250000000066,-645.0000000000066,buy,1.12321,1.11676,670.9999999999993,3,127877.99732701965,2015
2015-09-29 01:00:00,2015-09-29 13:00:00,10000.0,44.14999999999861,-468.9999999999861,sell,1.12064,1.12533,742.9999999999825,12,127922.89732701964,2015
2015-09-29 15:00:00,2015-09-30 13:00:00,10000.0,43.824999999998354,-471.9999999999835,sell,1.11952,1.12424,719.9999999999873,22,127968.09732701966,2015
2015-09-30 13:00:00,2015-10-01 04:00:00,10000.0,31.76250000000084,-347.0000000000084,sell,1.11489,1.11836,405.00000000001086,15,128000.79732701961,2015
2015-10-01 04:00:00,2015-10-01 14:00:00,230000.0,843.5250000000485,-393.0000000000211,buy,1.1190200000000001,1.11509,559.0000000000206,10,128858.69732701963,2015
2015-10-05 09:00:00,2015-10-05 12:00:00,1000000.0,4441.250000000108,-466.0000000000108,sell,1.12297,1.1276300000000001,502.0000000000024,3,133318.69732701973,2015
2015-10-05 22:00:00,2015-10-06 15:00:00,10000.0,63.637499999999534,-666.9999999999953,buy,1.12591,1.11924,878.0000000000009,17,133383.39732701972,2015
2015-10-06 19:00:00,2015-10-07 08:00:00,10000.0,38.48749999999967,-412.99999999999665,sell,1.12352,1.12765,481.9999999999824,13,133422.69732701973,2015
2015-10-07 13:00:00,2015-10-08 08:00:00,10000.0,50.412500000000314,-536.0000000000031,buy,1.12883,1.12347,775.9999999999989,19,133474.29732701974,2015
2015-10-08 08:00:00,2015-10-08 14:00:00,340000.0,1265.6499999999876,-395.9999999999963,sell,1.12516,1.12912,626.0000000000153,6,134752.6973270197,2015
2015-10-12 22:00:00,2015-10-13 08:00:00,10000.0,40.27500000000127,-429.0000000000127,buy,1.14006,1.13577,575.0000000000143,10,134793.59732701973,2015
2015-10-13 10:00:00,2015-10-14 13:00:00,10000.0,54.41249999999871,-580.999999999987,buy,1.14397,1.13816,851.999999999986,27,134849.6973270197,2015
2015-10-14 13:00:00,2015-10-14 19:00:00,10000.0,57.82499999999914,-601.9999999999914,buy,1.14763,1.14161,656.9999999999965,6,134907.8973270197,2015
2015-10-14 19:00:00,2015-10-15 08:00:00,10000.0,40.787500000001415,-436.0000000000141,sell,1.14387,1.14823,558.9999999999983,13,134949.4973270197,2015
2015-10-15 08:00:00,2015-10-15 13:00:00,340000.0,1774.3750000000603,-545.0000000000176,sell,1.13844,1.14389,662.0000000000069,5,136734.49732701975,2015
2015-10-19 22:00:00,2015-10-20 09:00:00,10000.0,25.412499999999792,-280.9999999999979,buy,1.13565,1.13284,331.0000000000146,11,136760.59732701976,2015
2015-10-20 09:00:00,2015-10-20 15:00:00,10000.0,22.725000000000122,-251.0000000000012,sell,1.13434,1.13685,426.99999999999955,6,136783.69732701973,2015
2015-10-20 15:00:00,2015-10-22 08:00:00,10000.0,36.937499999998764,-414.99999999998755,sell,1.13145,1.1356,624.0000000000023,41,136823.19732701973,2015
2015-10-22 08:00:00,2015-10-22 13:00:00,340000.0,3749.775000000016,-1126.0000000000048,sell,1.11979,1.13105,1271.999999999984,5,140583.59732701976,2015
2015-10-22 13:00:00,2015-10-23 00:00:00,477500.0,3285.796874999995,-714.9999999999989,sell,1.10826,1.11541,1018.999999999992,11,143902.22232701973,2015
2015-10-27 03:00:00,2015-10-27 18:00:00,10000.0,23.662500000001067,-266.00000000001063,sell,1.1038999999999999,1.10656,385.0000000000131,15,143926.82232701973,2015
2015-10-27 18:00:00,2015-10-28 13:00:00,10000.0,37.61249999999862,-407.99999999998613,buy,1.10852,1.10444,607.0000000000019,19,143965.62232701972,2015
2015-10-28 14:00:00,2015-10-28 19:00:00,10000.0,168.28750000000076,-1706.0000000000073,sell,1.09019,1.10725,1929.0000000000027,5,144134.22232701973,2015
2015-10-28 19:00:00,2015-10-29 22:00:00,10000.0,59.11249999999841,-627.9999999999841,buy,1.09838,1.0921,826.9999999999999,27,144195.02232701975,2015
2015-10-29 22:00:00,2015-10-30 14:00:00,725000.0,3799.0000000000728,-554.00000000001,buy,1.10436,1.09882,791.0000000000083,16,148066.52232701983,2015
2015-11-02 22:00:00,2015-11-03 11:00:00,10000.0,34.48750000000011,-373.0000000000011,sell,1.09745,1.10118,547.9999999999928,13,148101.8223270198,2015
2015-11-03 11:00:00,2015-11-03 15:00:00,10000.0,25.550000000000047,-278.00000000000045,sell,1.09416,1.09694,391.00000000000796,4,148127.62232701978,2015
2015-11-03 15:00:00,2015-11-04 10:00:00,10000.0,27.212500000001537,-304.00000000001535,sell,1.09187,1.09491,506.0000000000064,19,148156.02232701977,2015
2015-11-04 10:00:00,2015-11-04 15:00:00,10000.0,29.98749999999844,-322.99999999998437,sell,1.08885,1.09208,500.99999999999585,5,148186.3223270198,2015
2015-11-05 03:00:00,2015-11-05 08:00:00,202500.0,653.8218750000037,-346.0000000000018,sell,1.08375,1.08721,371.0000000000102,5,148846.4723270198,2015
2015-11-09 12:00:00,2015-11-09 15:00:00,1000000.0,3771.249999999938,-398.99999999999375,sell,1.07329,1.07728,444.99999999998425,3,152636.47232701976,2015
2015-11-09 22:00:00,2015-11-10 13:00:00,10000.0,47.562499999999986,-504.99999999999983,sell,1.07024,1.07529,609.9999999999994,15,152684.9723270197,2015
2015-11-10 13:00:00,2015-11-11 00:00:00,10000.0,34.11249999999906,-367.9999999999905,buy,1.07337,1.06969,600.9999999999849,11,152719.77232701966,2015
2015-11-11 02:00:00,2015-11-11 12:00:00,10000.0,32.87499999999942,-354.9999999999942,sell,1.07183,1.07538,546.9999999999864,10,152753.27232701966,2015
2015-11-11 12:00:00,2015-11-11 23:00:00,10000.0,36.61249999999989,-392.99999999999886,buy,1.07554,1.07161,504.99999999999983,11,152790.57232701968,2015
2015-11-16 22:00:00,2015-11-17 09:00:00,10000.0,31.812500000001748,-345.0000000000175,sell,1.0648199999999999,1.06827,419.00000000001376,11,152823.07232701968,2015
2015-11-17 16:00:00,2015-11-18 09:00:00,10000.0,30.83750000000004,-339.0000000000004,buy,1.06689,1.0635,388.9999999999949,17,152854.9723270197,2015
2015-11-18 09:00:00,2015-11-18 16:00:00,10000.0,26.262500000001502,-287.000000000015,sell,1.0648199999999999,1.06769,330.000000000008,7,152881.67232701968,2015
2015-11-18 16:00:00,2015-11-19 00:00:00,10000.0,28.899999999999206,-313.99999999999204,buy,1.06697,1.06383,541.999999999998,8,152911.07232701968,2015
2015-11-19 00:00:00,2015-11-19 16:00:00,120000.0,544.7999999999946,-483.9999999999955,buy,1.07337,1.06853,670.9999999999993,16,153467.8723270197,2015
2015-11-23 14:00:00,2015-11-23 17:00:00,1000000.0,3941.249999999942,-415.99999999999415,sell,1.06026,1.06442,435.9999999999919,3,157427.87232701966,2015
2015-11-23 22:00:00,2015-11-25 03:00:00,10000.0,34.38749999999935,-381.9999999999934,buy,1.06727,1.06345,537.999999999994,29,157464.07232701965,2015
2015-11-25 03:00:00,2015-11-25 10:00:00,10000.0,54.862500000000125,-573.0000000000013,sell,1.0613,1.06703,761.0000000000116,7,157519.37232701964,2015
2015-11-25 11:00:00,2015-11-26 01:00:00,10000.0,34.42500000000011,-373.0000000000011,buy,1.06231,1.05858,575.9999999999986,14,157554.67232701965,2015
2015-11-26 01:00:00,2015-11-27 10:00:00,147500.0,400.2781250000345,-312.00000000002336,sell,1.0585499999999999,1.0616700000000001,521.0000000000158,33,157985.3723270197,2015
2015-11-30 22:00:00,2015-12-01 09:00:00,10000.0,30.712499999998983,-333.9999999999898,buy,1.06042,1.05708,414.99999999998755,11,158016.7723270197,2015
2015-12-01 09:00:00,2015-12-01 19:00:00,10000.0,32.37500000000058,-350.00000000000585,buy,1.06316,1.05966,467.00000000001734,10,158049.77232701972,2015
2015-12-01 19:00:00,2015-12-02 11:00:00,10000.0,34.59999999999985,-375.9999999999985,sell,1.0592,1.06296,449.00000000001046,16,158085.37232701966,2015
2015-12-02 14:00:00,2015-12-02 19:00:00,10000.0,33.887500000001786,-362.00000000001785,buy,1.0611300000000001,1.05751,612.0000000000125,5,158119.57232701968,2015
2015-12-02 19:00:00,2015-12-03 09:00:00,10000.0,37.02499999999938,-398.99999999999375,sell,1.05756,1.06155,478.0000000000006,14,158157.47232701967,2015
2015-12-07 06:00:00,2015-12-07 09:00:00,1000000.0,4681.250000000126,-490.0000000000126,sell,1.08161,1.08651,561.0000000000115,3,162857.47232701982,2015
2015-12-07 22:00:00,2015-12-08 09:00:00,10000.0,31.312500000000696,-340.00000000000693,buy,1.08675,1.08335,380.0000000000025,11,162889.4723270198,2015
2015-12-08 09:00:00,2015-12-08 14:00:00,10000.0,34.487500000001276,-368.00000000001273,buy,1.08915,1.08547,514.9999999999987,5,162924.27232701977,2015
2015-12-08 14:00:00,2015-12-09 07:00:00,10000.0,37.43749999999887,-404.9999999999887,buy,1.09191,1.08786,540.9999999999915,17,162962.77232701975,2015
2015-12-09 07:00:00,2015-12-09 14:00:00,10000.0,48.76250000000013,-512.0000000000013,buy,1.09687,1.09175,614.0000000000034,7,163011.97232701973,2015
2015-12-14 22:00:00,2015-12-15 08:00:00,10000.0,47.674999999998676,-502.99999999998676,buy,1.10499,1.09996,615.9999999999943,10,163060.27232701975,2015
2015-12-15 08:00:00,2015-12-15 14:00:00,10000.0,50.62499999999861,-529.999999999986,sell,1.09725,1.10255,644.9999999999844,6,163111.27232701972,2015
2015-12-15 16:00:00,2015-12-16 20:00:00,10000.0,60.15000000000118,-639.0000000000117,buy,1.0975300000000001,1.09114,894.0000000000169,28,163173.1723270197,2015
2015-12-16 20:00:00,2015-12-17 02:00:00,10000.0,59.125000000000995,-615.0000000000099,sell,1.08534,1.09149,641.0000000000026,6,163232.67232701974,2015
2015-12-17 06:00:00,2015-12-17 17:00:00,285000.0,1465.256250000039,-541.0000000000136,sell,1.08063,1.0860400000000001,713.000000000008,11,164717.5223270198,2015
2015-12-21 22:00:00,2015-12-22 12:00:00,10000.0,27.325000000000227,-302.0000000000022,buy,1.09408,1.09106,391.9999999999923,14,164745.72232701976,2015
2015-12-22 12:00:00,2015-12-22 17:00:00,10000.0,29.687499999998696,-319.9999999999869,buy,1.09747,1.09427,351.9999999999967,5,164775.72232701976,2015
2015-12-22 17:00:00,2015-12-23 08:00:00,10000.0,30.062499999998586,-329.99999999998585,sell,1.09349,1.09679,350.99999999999017,15,164806.72232701976,2015
2015-12-23 08:00:00,2015-12-23 16:00:00,312500.0,1034.3750000000719,-356.0000000000229,sell,1.0880699999999999,1.09163,535.0000000000188,8,165856.72232701982,2015
2015-12-23 16:00:00,2015-12-23 20:00:00,532500.0,1621.4624999999382,-326.9999999999884,buy,1.09083,1.08756,390.0000000000014,4,167491.49732701975,2015
2015-12-28 22:00:00,2015-12-29 14:00:00,10000.0,44.80000000000007,-478.0000000000006,sell,1.0924,1.09718,670.9999999999993,16,167537.2973270198,2015
2015-12-29 14:00:00,2015-12-31 12:00:00,10000.0,30.024999999999935,-348.99999999999926,sell,1.08931,1.0928,500.99999999999585,46,167570.19732701973,2015
2016-01-04 12:00:00,2016-01-04 14:00:00,100000.0,452.74999999999665,-473.9999999999966,sell,1.08561,1.09035,493.99999999999443,2,10453.999999999996,2016
2016-01-04 22:00:00,2016-01-05 10:00:00,10000.0,48.850000000000534,-516.0000000000053,sell,1.07741,1.08257,641.0000000000026,12,10503.599999999997,2016
2016-01-05 10:00:00,2016-01-05 16:00:00,10000.0,39.72500000000047,-421.00000000000466,sell,1.07232,1.07653,450.000000000017,6,10543.699999999995,2016
2016-01-05 16:00:00,2016-01-06 20:00:00,10000.0,38.55000000000178,-423.0000000000178,buy,1.07858,1.07435,745.0000000000178,28,10584.0,2016
2016-01-06 20:00:00,2016-01-07 10:00:00,10000.0,51.324999999999804,-541.999999999998,buy,1.0843,1.07888,727.9999999999952,14,10636.2,2016
2016-01-12 02:00:00,2016-01-12 16:00:00,10000.0,47.124999999998934,-499.9999999999893,sell,1.0825,1.0875,747.9999999999931,14,10684.200000000003,2016
2016-01-12 16:00:00,2016-01-13 21:00:00,10000.0,39.487500000001674,-433.00000000001666,buy,1.088,1.08367,758.9999999999985,29,10725.500000000005,2016
2016-01-13 21:00:00,2016-01-14 11:00:00,37500.0,146.71874999999932,-419.9999999999981,buy,1.09199,1.08779,665.0000000000044,14,10875.500000000004,2016
2016-01-14 11:00:00,2016-01-14 13:00:00,108755.00000000004,429.3103624999938,-415.99999999999415,sell,1.08874,1.0929,476.99999999999403,2,11306.169799999996,2016
2016-01-14 13:00:00,2016-01-14 16:00:00,113061.69799999996,555.2742643025086,-513.0000000000078,sell,1.08412,1.08925,761.0000000000116,3,11863.563971140005,2016
2016-01-19 06:00:00,2016-01-19 17:00:00,10000.0,24.312499999999247,-269.99999999999244,buy,1.09018,1.08748,428.99999999999045,11,11888.563971140004,2016
2016-01-19 20:00:00,2016-01-20 04:00:00,10000.0,30.300000000001717,-328.00000000001717,buy,1.09444,1.09116,434.000000000001,8,11919.363971140006,2016
2016-01-20 04:00:00,2016-01-20 12:00:00,10000.0,38.099999999999525,-405.9999999999952,sell,1.09105,1.09511,649.999999999995,8,11957.963971140009,2016
2016-01-20 12:00:00,2016-01-21 02:00:00,10000.0,35.62500000000131,-385.0000000000131,sell,1.08724,1.0910900000000001,632.9999999999947,14,11994.463971140009,2016
2016-01-21 05:00:00,2016-01-21 14:00:00,119944.6397114001,1199.8961895129376,-1026.0000000000157,sell,1.0792599999999999,1.08952,1280.0000000000143,9,13201.107046636715,2016
2016-01-26 07:00:00,2016-01-26 10:00:00,10000.0,22.512499999999722,-246.99999999999721,sell,1.0839,1.08637,287.9999999999993,3,13223.807046636713,2016
2016-01-26 10:00:00,2016-01-26 21:00:00,10000.0,24.812500000000302,-275.000000000003,buy,1.08564,1.08289,383.9999999999843,11,13249.307046636713,2016
2016-01-26 21:00:00,2016-01-27 20:00:00,10000.0,31.86250000000033,-353.0000000000033,buy,1.09025,1.08672,522.9999999999845,23,13282.607046636718,2016
2016-01-27 20:00:00,2016-01-28 16:00:00,10000.0,40.25000000000076,-435.00000000000756,buy,1.09371,1.0893599999999999,679.9999999999917,20,13324.107046636716,2016
2016-01-28 16:00:00,2016-01-29 06:00:00,133241.07046636718,440.0286352151752,-358.9999999999982,sell,1.09137,1.09496,531.9999999999991,14,13775.794275517697,2016
2016-02-01 22:00:00,2016-02-02 12:00:00,10000.0,25.625000000000192,-285.0000000000019,buy,1.0919,1.08905,330.000000000008,14,13802.2942755177,2016
2016-02-02 12:00:00,2016-02-03 14:00:00,10000.0,35.675000000002115,-393.0000000000211,buy,1.09529,1.0913599999999999,611.0000000000059,26,13839.594275517704,2016
2016-02-03 14:00:00,2016-02-03 16:00:00,10000.0,37.67500000000095,-398.00000000000944,buy,1.10456,1.10058,418.0000000000072,2,13877.394275517705,2016
2016-02-03 16:00:00,2016-02-03 19:00:00,10000.0,74.8125000000004,-770.000000000004,buy,1.1131,1.1054,853.9999999999991,3,13952.394275517705,2016
2016-02-03 19:00:00,2016-02-04 10:00:00,10000.0,62.662499999999,-655.9999999999899,buy,1.11604,1.10948,913.9999999999925,15,14015.994275517707,2016
2016-02-08 07:00:00,2016-02-08 10:00:00,140159.94275517706,493.538198426678,-374.0000000000076,buy,1.1176300000000001,1.11389,414.00000000000324,3,14512.160472871043,2016
2016-02-08 10:00:00,2016-02-08 12:00:00,145121.60472871043,504.66038044408634,-368.9999999999971,sell,1.11225,1.11594,424.0000000000021,2,15018.63487337424,2016
2016-02-08 23:00:00,2016-02-09 14:00:00,10000.0,93.36250000000027,-963.0000000000026,buy,1.12865,1.11902,1249.9999999999955,15,15112.93487337424,2016
2016-02-09 15:00:00,2016-02-10 14:00:00,10000.0,68.66250000000161,-721.000000000016,sell,1.1234899999999999,1.1307,1023.0000000000183,23,15183.034873374243,2016
2016-02-10 15:00:00,2016-02-10 19:00:00,10000.0,54.34999999999998,-565.9999999999998,buy,1.12554,1.11988,682.9999999999891,4,15237.634873374243,2016
2016-02-15 23:00:00,2016-02-16 17:00:00,10000.0,29.57500000000106,-327.0000000000106,sell,1.11405,1.11732,520.0000000000093,18,15268.334873374246,2016
2016-02-17 03:00:00,2016-02-17 15:00:00,10000.0,27.850000000000627,-306.00000000000625,sell,1.11233,1.11539,553.9999999999878,12,15296.934873374244,2016
2016-02-17 15:00:00,2016-02-18 13:00:00,10000.0,39.12500000000087,-425.0000000000087,sell,1.10869,1.11294,695.0000000000011,22,15337.434873374243,2016
2016-02-18 13:00:00,2016-02-19 01:00:00,153374.34873374243,511.50345302701425,-360.9999999999891,buy,1.11208,1.10847,506.99999999999073,12,15860.44140255629,2016
2016-02-22 09:00:00,2016-02-22 12:00:00,158604.4140255629,645.7182206015932,-429.0000000000127,sell,1.10358,1.1078700000000001,451.00000000000136,3,16509.13345592086,2016
2016-02-23 01:00:00,2016-02-23 10:00:00,10000.0,33.93749999999931,-364.99999999999307,sell,1.10043,1.10408,479.99999999999153,9,16543.633455920855,2016
2016-02-23 13:00:00,2016-02-24 12:00:00,10000.0,43.76250000000057,-472.0000000000057,sell,1.0961,1.1008200000000001,763.0000000000025,23,16588.83345592086,2016
2016-02-24 12:00:00,2016-02-24 16:00:00,10000.0,43.45000000000185,-457.0000000000185,buy,1.1024100000000001,1.09784,506.0000000000064,4,16632.53345592086,2016
2016-02-24 19:00:00,2016-02-26 04:00:00,10000.0,42.137500000000685,-462.0000000000068,buy,1.10612,1.1015,751.999999999997,33,16676.73345592086,2016
2016-02-29 07:00:00,2016-02-29 09:00:00,166767.33455920863,491.546718613276,-316.0000000000051,sell,1.09223,1.09539,397.0000000000029,2,17170.364766216127,2016
2016-02-29 22:00:00,2016-03-01 17:00:00,10000.0,29.912500000001458,-331.0000000000146,sell,1.0848,1.0881100000000001,449.9999999999948,19,17201.464766216122,2016
2016-03-01 22:00:00,2016-03-02 16:00:00,10000.0,34.575000000000514,-377.00000000000506,sell,1.08286,1.08663,517.0000000000118,18,17237.16476621612,2016
2016-03-02 16:00:00,2016-03-03 11:00:00,10000.0,28.11249999999855,-312.9999999999855,buy,1.08767,1.08454,373.0000000000011,19,17266.464766216122,2016
2016-03-03 11:00:00,2016-03-03 13:00:00,172664.6476621612,343.17098722858026,-220.00000000002015,buy,1.09041,1.08821,287.000000000015,2,17611.794061540477,2016
2016-03-07 06:00:00,2016-03-07 09:00:00,176117.94061540478,636.0059130473805,-383.0,sell,1.09496,1.09879,436.99999999999847,3,18251.1021859744,2016
2016-03-07 14:00:00,2016-03-07 16:00:00,182511.021859744,508.7494734340572,-300.00000000001137,buy,1.09812,1.0951199999999999,353.0000000000033,2,18762.133047181702,2016
2016-03-07 22:00:00,2016-03-08 16:00:00,10000.0,35.87500000000014,-390.0000000000014,buy,1.10549,1.10159,538.0000000000161,18,18799.13304718171,2016
2016-03-08 16:00:00,2016-03-09 02:00:00,10000.0,38.37499999999993,-409.9999999999992,sell,1.09833,1.10243,503.9999999999933,10,18838.13304718171,2016
2016-03-09 10:00:00,2016-03-09 16:00:00,10000.0,37.025000000000546,-394.0000000000054,buy,1.10041,1.09647,588.0000000000107,6,18875.533047181707,2016
2016-03-15 01:00:00,2016-03-15 10:00:00,10000.0,28.93749999999986,-314.9999999999986,sell,1.10751,1.11066,449.00000000001046,9,18905.033047181703,2016
2016-03-15 12:00:00,2016-03-16 14:00:00,10000.0,44.374999999999154,-479.99999999999153,sell,1.1065,1.1113,543.9999999999889,26,18951.033047181703,2016
2016-03-16 14:00:00,2016-03-16 19:00:00,10000.0,125.78749999999988,-1280.9999999999986,buy,1.11943,1.10662,1368.999999999998,5,19077.133047181702,2016
2016-03-16 19:00:00,2016-03-17 09:00:00,10000.0,51.92500000000152,-548.0000000000151,buy,1.12871,1.12323,829.000000000013,14,19129.933047181705,2016
2016-03-17 10:00:00,2016-03-18 09:00:00,191299.33047181705,1009.3430924019592,-562.000000000018,sell,1.1265399999999999,1.13216,715.0000000000211,23,20166.77541833899,2016
2016-03-21 22:00:00,2016-03-22 09:00:00,10000.0,32.21250000000215,-349.0000000000215,sell,1.12024,1.1237300000000001,571.0000000000103,11,20199.675418338997,2016
2016-03-22 10:00:00,2016-03-23 13:00:00,10000.0,35.8125000000012,-395.000000000012,sell,1.11707,1.1210200000000001,669.9999999999927,27,20237.175418339,2016
2016-03-28 11:00:00,2016-03-28 13:00:00,202371.75418339003,211.98441250710894,-126.00000000000388,buy,1.11789,1.11663,146.00000000000168,2,20451.689477773398,2016
2016-03-29 07:00:00,2016-03-29 11:00:00,10000.0,22.550000000000377,-248.00000000000375,buy,1.12027,1.11779,311.00000000001677,4,20474.489477773397,2016
2016-03-29 14:00:00,2016-03-29 17:00:00,10000.0,69.11250000000081,-713.000000000008,buy,1.12616,1.11903,829.000000000013,3,20543.789477773396,2016
2016-03-29 17:00:00,2016-03-30 08:00:00,10000.0,39.16250000000047,-421.00000000000466,buy,1.13257,1.12836,547.0000000000085,15,20583.8894777734,2016
2016-03-30 08:00:00,2016-03-30 15:00:00,10000.0,28.562500000001027,-310.00000000001023,buy,1.13515,1.13205,498.00000000002063,7,20612.889477773402,2016
2016-04-04 22:00:00,2016-04-05 08:00:00,10000.0,24.775000000001867,-274.00000000001864,sell,1.1358,1.13854,463.9999999999977,10,20638.2894777734,2016
2016-04-05 09:00:00,2016-04-05 17:00:00,10000.0,33.69999999999956,-361.9999999999956,buy,1.13933,1.13571,581.9999999999936,8,20672.4894777734,2016
2016-04-05 19:00:00,2016-04-06 09:00:00,10000.0,30.324999999999896,-331.9999999999989,sell,1.13511,1.13843,354.9999999999942,14,20703.6894777734,2016
2016-04-06 11:00:00,2016-04-06 14:00:00,10000.0,39.012499999999015,-411.9999999999901,buy,1.13868,1.13456,539.9999999999849,3,20742.8894777734,2016
2016-04-06 14:00:00,2016-04-06 16:00:00,10000.0,48.57499999999908,-506.99999999999073,buy,1.14259,1.13752,587.0000000000041,2,20791.589477773396,2016
2016-04-11 06:00:00,2016-04-11 08:00:00,207915.89477773395,637.7820072307345,-328.00000000001717,sell,1.1379299999999999,1.14121,350.00000000000585,2,21431.970433688854,2016
2016-04-11 11:00:00,2016-04-11 14:00:00,214319.70433688854,915.4130371489578,-449.00000000001046,buy,1.1438300000000001,1.13934,522.0000000000224,3,22351.401965294128,2016
2016-04-12 08:00:00,2016-04-12 13:00:00,10000.0,44.187500000000426,-465.00000000000426,sell,1.1384,1.1430500000000001,502.0000000000024,5,22395.901965294128,2016
2016-04-12 14:00:00,2016-04-13 10:00:00,10000.0,53.14999999999867,-563.9999999999867,sell,1.13152,1.13716,847.999999999982,20,22450.301965294126,2016
2016-04-13 10:00:00,2016-04-14 01:00:00,10000.0,30.662500000000293,-336.00000000000296,sell,1.12671,1.1300700000000001,581.9999999999936,15,22481.901965294124,2016
2016-04-18 22:00:00,2016-04-19 07:00:00,10000.0,22.437499999999467,-249.99999999999466,buy,1.13364,1.13114,334.99999999999636,9,22504.90196529412,2016
2016-04-19 07:00:00,2016-04-19 13:00:00,10000.0,22.024999999999977,-243.99999999999974,buy,1.13529,1.13285,384.99999999999085,6,22527.30196529412,2016
2016-04-19 13:00:00,2016-04-20 14:00:00,10000.0,31.037500000000186,-346.0000000000018,sell,1.13406,1.13752,466.99999999999517,25,22559.901965294113,2016
2016-04-20 14:00:00,2016-04-20 20:00:00,10000.0,32.12499999999953,-344.9999999999953,sell,1.12925,1.1327,480.99999999999807,6,22592.401965294113,2016
2016-04-20 20:00:00,2016-04-21 12:00:00,10000.0,24.300000000001212,-273.0000000000121,buy,1.13253,1.1298,429.0000000000127,16,22617.701965294113,2016
2016-04-25 22:00:00,2016-04-26 13:00:00,10000.0,32.86250000000139,-358.0000000000138,buy,1.13047,1.12689,491.00000000001916,15,22651.50196529412,2016
2016-04-26 13:00:00,2016-04-26 18:00:00,10000.0,29.287499999998296,-315.99999999998295,sell,1.12942,1.13258,428.99999999999045,5,22681.101965294118,2016
2016-04-26 18:00:00,2016-04-27 08:00:00,10000.0,33.32499999999956,-361.9999999999956,buy,1.13279,1.12917,485.00000000000205,14,22715.301965294115,2016
2016-04-27 18:00:00,2016-04-29 02:00:00,10000.0,48.99999999999861,-529.999999999986,buy,1.13797,1.13267,841.9999999999872,32,22766.301965294122,2016
2016-05-02 11:00:00,2016-05-02 14:00:00,227663.01965294124,824.4247099182284,-384.00000000000654,buy,1.15179,1.14795,494.0000000000166,3,23594.995356830845,2016
2016-05-02 22:00:00,2016-05-03 07:00:00,10000.0,32.43750000000058,-350.00000000000585,buy,1.1562000000000001,1.1527,417.0000000000007,9,23627.99535683085,2016
2016-05-03 07:00:00,2016-05-03 13:00:00,10000.0,32.92500000000033,-353.0000000000033,sell,1.15551,1.15904,604.9999999999889,6,23661.29535683085,2016
2016-05-03 13:00:00,2016-05-03 16:00:00,10000.0,39.712500000001384,-419.00000000001376,sell,1.15082,1.15501,541.0000000000136,3,23701.195356830853,2016
2016-05-03 16:00:00,2016-05-04 03:00:00,10000.0,41.812500000000654,-445.0000000000065,sell,1.1479599999999999,1.15241,583.0000000000224,11,23743.695356830853,2016
2016-05-10 02:00:00,2016-05-11 14:00:00,10000.0,41.15000000000211,-454.00000000002103,buy,1.1425400000000001,1.138,674.000000000019,36,23787.09535683086,2016
2016-05-11 14:00:00,2016-05-12 11:00:00,10000.0,33.087499999998656,-363.9999999999865,sell,1.13928,1.14292,531.9999999999991,21,23821.495356830863,2016
2016-05-12 11:00:00,2016-05-12 13:00:00,238214.95356830864,421.04493043195475,-197.99999999998707,buy,1.14021,1.13823,242.9999999999932,2,24245.51797418242,2016
2016-05-12 13:00:00,2016-05-12 16:00:00,242455.17974182422,601.5919147343832,-269.99999999999244,sell,1.13819,1.14089,314.9999999999986,3,24851.655923536968,2016
2016-05-12 16:00:00,2016-05-13 07:00:00,248516.5592353697,933.4903256278845,-405.00000000001086,sell,1.13431,1.13836,463.00000000001336,15,25808.444676593168,2016
2016-05-17 07:00:00,2016-05-17 13:00:00,10000.0,20.725000000000342,-231.0000000000034,sell,1.13124,1.13355,258.999999999987,6,25829.544676593167,2016
2016-05-17 13:00:00,2016-05-17 22:00:00,10000.0,21.237500000000487,-238.00000000000486,sell,1.13131,1.13369,323.0000000000066,9,25851.344676593166,2016
2016-05-17 22:00:00,2016-05-18 03:00:00,10000.0,18.287499999999508,-205.99999999999505,sell,1.12893,1.13099,262.999999999991,5,25869.944676593164,2016
2016-05-18 03:00:00,2016-05-18 09:00:00,10000.0,18.824999999998997,-211.99999999998997,sell,1.12636,1.12848,259.9999999999936,6,25889.144676593165,2016
2016-05-18 11:00:00,2016-05-18 19:00:00,10000.0,50.10000000000042,-526.0000000000042,sell,1.12296,1.12822,625.0000000000089,8,25939.74467659317,2016
2016-05-23 15:00:00,2016-05-23 18:00:00,259397.44676593173,685.1335062705391,-286.00000000000847,buy,1.12216,1.1193,306.00000000000625,3,26629.741884990566,2016
2016-05-23 22:00:00,2016-05-24 08:00:00,10000.0,28.47499999999946,-310.9999999999946,sell,1.11826,1.12137,438.000000000005,10,26658.84188499057,2016
2016-05-24 08:00:00,2016-05-24 16:00:00,10000.0,27.800000000000882,-303.0000000000088,sell,1.11456,1.11759,428.00000000000614,8,26687.141884990568,2016
2016-05-24 16:00:00,2016-05-26 04:00:00,10000.0,24.749999999999027,-289.9999999999902,buy,1.11788,1.11498,506.0000000000064,36,26714.141884990568,2016
2016-05-26 06:00:00,2016-05-26 13:00:00,267141.41884990566,616.0948972226088,-255.0000000000052,buy,1.11978,1.11723,404.9999999999887,7,27341.924219287866,2016
2016-05-31 03:00:00,2016-05-31 05:00:00,10000.0,10.975000000001444,-131.00000000001444,sell,1.11347,1.11478,160.00000000000458,2,27353.02421928787,2016
2016-05-31 05:00:00,2016-05-31 11:00:00,10000.0,14.724999999998783,-170.9999999999878,buy,1.11496,1.11325,279.99999999999136,6,27368.12421928787,2016
2016-05-31 11:00:00,2016-05-31 15:00:00,10000.0,23.250000000000522,-255.0000000000052,sell,1.1133899999999999,1.11594,391.00000000000796,4,27391.62421928787,2016
2016-05-31 15:00:00,2016-06-01 10:00:00,10000.0,21.412500000001288,-246.00000000001285,buy,1.116,1.11354,464.0000000000199,19,27414.22421928788,2016
2016-06-01 10:00:00,2016-06-01 20:00:00,10000.0,28.27500000000037,-309.0000000000037,buy,1.119,1.11591,426.99999999999955,10,27443.12421928788,2016
2016-06-06 22:00:00,2016-06-08 13:00:00,10000.0,29.062499999999645,-334.99999999999636,buy,1.13899,1.13564,519.0000000000027,39,27474.624219287893,2016
2016-06-08 13:00:00,2016-06-09 09:00:00,10000.0,32.849999999998914,-360.9999999999891,sell,1.1365,1.14011,499.9999999999893,20,27508.724219287888,2016
2016-06-09 09:00:00,2016-06-09 13:00:00,275087.24219287885,799.1284385703342,-313.0000000000077,sell,1.1327099999999999,1.13584,333.0000000000055,4,28314.72983891304,2016
2016-06-09 13:00:00,2016-06-10 10:00:00,283147.29838913045,834.930596124997,-328.00000000001717,sell,1.12885,1.13213,477.00000000001626,21,29186.823517951612,2016
2016-06-13 12:00:00,2016-06-13 15:00:00,291868.23517951614,1261.2356112694808,-453.9999999999988,buy,1.12978,1.12524,607.0000000000019,3,30453.531658630713,2016
2016-06-13 22:00:00,2016-06-14 07:00:00,10000.0,22.637500000000777,-252.00000000000776,sell,1.12628,1.1288,348.00000000001495,9,30476.731658630717,2016
2016-06-14 07:00:00,2016-06-14 10:00:00,10000.0,31.71250000000004,-339.0000000000004,sell,1.12145,1.12484,407.00000000000176,3,30508.63165863072,2016
2016-06-14 13:00:00,2016-06-15 18:00:00,10000.0,55.387500000001474,-592.0000000000147,buy,1.1266,1.12068,778.0000000000119,29,30565.83165863072,2016
2016-06-16 04:00:00,2016-06-16 10:00:00,230000.0,708.9749999999976,-331.9999999999989,sell,1.12409,1.12741,536.0000000000031,6,31283.431658630718,2016
2016-06-21 00:00:00,2016-06-21 13:00:00,10000.0,41.08750000000116,-439.00000000001154,sell,1.12859,1.13298,631.0000000000038,13,31325.33165863072,2016
2016-06-21 13:00:00,2016-06-22 11:00:00,10000.0,35.12500000000131,-385.0000000000131,buy,1.12884,1.12499,531.9999999999991,22,31361.831658630726,2016
2016-06-22 11:00:00,2016-06-22 14:00:00,10000.0,26.512500000001502,-287.000000000015,buy,1.13124,1.1283699999999999,358.9999999999982,3,31388.53165863073,2016
2016-06-22 14:00:00,2016-06-22 22:00:00,10000.0,42.600000000000136,-451.00000000000136,buy,1.13281,1.1283,594.0000000000056,8,31431.63165863073,2016
2016-06-22 22:00:00,2016-06-23 10:00:00,65000.0,308.4250000000016,-502.0000000000024,buy,1.13828,1.13326,665.9999999999887,12,31744.931658630725,2016
2016-06-27 22:00:00,2016-06-28 10:00:00,10000.0,75.850000000002,-786.0000000000199,buy,1.1090200000000001,1.10116,806.0000000000177,12,31821.531658630734,2016
2016-06-28 11:00:00,2016-06-29 22:00:00,10000.0,47.212499999999224,-513.9999999999922,buy,1.11232,1.10718,890.9999999999973,35,31870.931658630743,2016
2016-06-29 22:00:00,2016-06-30 16:00:00,65000.0,536.7374999999978,-856.9999999999966,sell,1.10349,1.11206,1187.9999999999889,18,32414.981658630735,2016
2016-06-30 16:00:00,2016-07-01 14:00:00,324149.81658630737,2363.862537455727,-763.0000000000247,buy,1.1150200000000001,1.1073899999999999,1154.0000000000105,22,34823.41479586708,2016
2016-07-05 04:00:00,2016-07-05 08:00:00,10000.0,25.04999999999899,-272.9999999999899,buy,1.11523,1.1125,331.9999999999989,4,34848.71479586708,2016
2016-07-05 09:00:00,2016-07-05 15:00:00,10000.0,31.62499999999848,-339.9999999999847,sell,1.11074,1.11414,593.9999999999834,6,34880.71479586708,2016
2016-07-05 15:00:00,2016-07-08 13:00:00,10000.0,44.32499999999908,-506.99999999999073,sell,1.1026,1.10767,849.9999999999951,70,34929.4147958671,2016
2016-07-11 22:00:00,2016-07-12 07:00:00,10000.0,23.937500000000412,-265.0000000000041,buy,1.10863,1.10598,350.00000000000585,9,34953.91479586711,2016
2016-07-12 07:00:00,2016-07-12 15:00:00,10000.0,31.40000000000004,-339.0000000000004,sell,1.10733,1.11072,484.00000000001774,8,34985.81479586712,2016
2016-07-12 16:00:00,2016-07-13 08:00:00,10000.0,38.000000000002146,-410.00000000002143,sell,1.1047799999999999,1.10888,435.00000000000756,16,35024.81479586714,2016
2016-07-13 08:00:00,2016-07-13 13:00:00,10000.0,21.787500000000232,-241.0000000000023,buy,1.1085,1.10609,361.00000000001125,5,35046.91479586714,2016
2016-07-13 13:00:00,2016-07-14 12:00:00,10000.0,61.26250000000198,-647.0000000000198,buy,1.11491,1.1084399999999999,680.0000000000139,23,35109.61479586716,2016
2016-07-18 22:00:00,2016-07-19 12:00:00,10000.0,35.62500000000131,-385.0000000000131,sell,1.10333,1.10718,465.00000000000426,14,35146.114795867165,2016
2016-07-20 06:00:00,2016-07-20 20:00:00,10000.0,21.925000000000377,-248.00000000000375,buy,1.10152,1.09904,344.0000000000109,14,35168.914795867175,2016
2016-07-21 00:00:00,2016-07-21 07:00:00,120000.0,259.9500000000028,-241.0000000000023,buy,1.10354,1.10113,272.9999999999899,7,35434.11479586717,2016
2016-07-21 12:00:00,2016-07-21 15:00:00,354341.14795867173,1524.1098626572648,-452.0000000000079,sell,1.09951,1.10403,619.9999999999983,3,36964.86855504866,2016
2016-07-21 15:00:00,2016-07-22 16:00:00,369648.68555048667,1528.035253894363,-449.00000000001046,sell,1.09677,1.1012600000000001,726.9999999999887,25,38550.6614160603,2016
2016-07-26 00:00:00,2016-07-26 06:00:00,10000.0,21.324999999999832,-236.9999999999983,buy,1.10098,1.09861,273.0000000000121,6,38572.361416060296,2016
2016-07-26 09:00:00,2016-07-26 15:00:00,10000.0,26.024999999999537,-283.99999999999534,sell,1.09826,1.1011,330.9999999999924,6,38598.76141606028,2016
2016-07-27 18:00:00,2016-07-27 20:00:00,10000.0,27.77500000000048,-299.0000000000048,buy,1.10501,1.10202,329.0000000000015,2,38626.661416060284,2016
2016-07-27 20:00:00,2016-07-28 08:00:00,10000.0,37.849999999999525,-405.9999999999952,buy,1.11007,1.10601,495.9999999999853,12,38665.261416060275,2016
2016-07-28 10:00:00,2016-07-29 13:00:00,386652.61416060274,2331.9985791562062,-640.0000000000183,buy,1.11488,1.10848,809.0000000000152,27,41062.507623856065,2016
2016-08-01 22:00:00,2016-08-02 08:00:00,10000.0,27.27500000000048,-299.0000000000048,buy,1.11971,1.11672,353.9999999999876,10,41090.407623856074,2016
2016-08-02 09:00:00,2016-08-02 15:00:00,10000.0,19.325000000000053,-217.0000000000005,buy,1.12189,1.11972,327.0000000000106,6,41110.10762385607,2016
2016-08-02 15:00:00,2016-08-03 09:00:00,10000.0,17.874999999999908,-209.99999999999906,sell,1.12005,1.12215,327.0000000000106,18,41129.107623856085,2016
2016-08-03 09:00:00,2016-08-03 16:00:00,10000.0,15.562499999998018,-179.99999999998016,sell,1.11715,1.11895,325.9999999999818,7,41145.107623856085,2016
2016-08-03 16:00:00,2016-08-03 18:00:00,10000.0,23.675000000000267,-258.0000000000027,sell,1.11451,1.11709,308.0000000000193,2,41168.90762385609,2016
2016-08-09 01:00:00,2016-08-09 09:00:00,10000.0,11.500000000000679,-140.00000000000676,buy,1.10915,1.10775,217.0000000000005,8,41180.907623856096,2016
2016-08-09 10:00:00,2016-08-09 15:00:00,10000.0,19.487500000000708,-218.00000000000705,buy,1.11079,1.1086099999999999,339.0000000000004,5,41200.7076238561,2016
2016-08-09 15:00:00,2016-08-10 01:00:00,10000.0,24.175000000000157,-268.00000000000153,buy,1.11377,1.11109,375.9999999999985,10,41225.5076238561,2016
2016-08-10 01:00:00,2016-08-10 10:00:00,10000.0,19.737499999999542,-222.9999999999954,buy,1.11704,1.11481,323.0000000000066,9,41245.807623856104,2016
2016-08-10 11:00:00,2016-08-11 08:00:00,10000.0,30.58750000000004,-339.0000000000004,sell,1.11488,1.11827,421.99999999998903,21,41277.7076238561,2016
2016-08-15 22:00:00,2016-08-16 06:00:00,10000.0,24.899999999999647,-273.9999999999964,buy,1.12131,1.11857,364.00000000000875,8,41303.10762385609,2016
2016-08-16 06:00:00,2016-08-16 08:00:00,10000.0,22.075000000000887,-242.00000000000887,buy,1.12674,1.12432,362.00000000001785,2,41325.30762385609,2016
2016-08-16 08:00:00,2016-08-16 12:00:00,10000.0,30.75000000000081,-330.000000000008,buy,1.1292,1.1259,374.999999999992,4,41356.30762385609,2016
2016-08-16 13:00:00,2016-08-18 02:00:00,10000.0,43.487500000002285,-478.0000000000228,buy,1.13193,1.1271499999999999,801.0000000000072,37,41402.1076238561,2016
2016-08-18 02:00:00,2016-08-18 18:00:00,175000.0,558.2499999999987,-348.99999999999926,buy,1.134,1.13051,409.9999999999992,16,41977.85762385611,2016
2016-08-22 23:00:00,2016-08-23 05:00:00,10000.0,14.424999999999038,-167.99999999999037,buy,1.13357,1.13189,208.9999999999925,6,41992.6576238561,2016
2016-08-23 07:00:00,2016-08-23 16:00:00,10000.0,30.637499999999896,-331.9999999999989,sell,1.13087,1.13419,390.9999999999858,9,42023.85762385611,2016
2016-08-23 16:00:00,2016-08-24 06:00:00,10000.0,21.824999999999722,-246.99999999999721,sell,1.12907,1.13154,310.9999999999946,14,42046.55762385611,2016
2016-08-24 06:00:00,2016-08-24 12:00:00,10000.0,20.525000000001253,-229.0000000000125,sell,1.1268099999999999,1.1291,370.00000000000364,6,42067.45762385611,2016
2016-08-24 12:00:00,2016-08-25 09:00:00,10000.0,17.487500000000818,-208.00000000000816,buy,1.1282,1.12612,373.0000000000011,21,42086.25762385612,2016
2016-08-29 22:00:00,2016-08-30 13:00:00,10000.0,22.062499999999467,-249.99999999999466,sell,1.11602,1.11852,316.0000000000051,15,42109.25762385613,2016
2016-08-30 17:00:00,2016-09-01 02:00:00,10000.0,18.237500000001763,-223.00000000001762,buy,1.11589,1.1136599999999999,365.0000000000153,33,42129.55762385613,2016
2016-09-01 07:00:00,2016-09-01 11:00:00,312500.0,479.6874999999949,-175.99999999999835,buy,1.11486,1.1131,212.9999999999965,4,42617.05762385613,2016
2016-09-01 12:00:00,2016-09-01 15:00:00,426170.57623856136,1875.6832486699975,-462.0000000000068,buy,1.11883,1.11421,587.0000000000041,3,44500.7315708306,2016
2016-09-05 22:00:00,2016-09-06 11:00:00,10000.0,12.487500000000313,-153.00000000000313,buy,1.11646,1.11493,245.99999999999065,13,44514.03157083059,2016
2016-09-06 11:00:00,2016-09-06 15:00:00,10000.0,73.05000000000037,-753.0000000000036,buy,1.12362,1.11609,824.0000000000024,4,44587.331570830596,2016
2016-09-06 15:00:00,2016-09-08 08:00:00,10000.0,23.637500000000447,-282.00000000000443,buy,1.1266100000000001,1.12379,378.00000000001165,41,44613.53157083061,2016
2016-09-08 08:00:00,2016-09-08 13:00:00,340000.0,961.7750000000212,-306.00000000000625,buy,1.1304400000000001,1.12738,366.0000000000218,5,45585.93157083063,2016
2016-09-08 13:00:00,2016-09-08 17:00:00,455859.3157083063,1634.2556468143198,-381.0000000000091,sell,1.12465,1.12846,443.9999999999999,4,47231.58370053766,2016
2016-09-13 09:00:00,2016-09-14 16:00:00,10000.0,39.6624999999992,-435.9999999999919,buy,1.12675,1.12239,641.0000000000026,31,47273.183700537666,2016
2016-09-15 12:00:00,2016-09-16 13:00:00,450000.0,2445.1875000000828,-579.0000000000183,sell,1.11862,1.1244100000000001,721.000000000016,25,49788.68370053775,2016
2016-09-19 23:00:00,2016-09-20 07:00:00,10000.0,16.600000000000783,-191.00000000000782,buy,1.11972,1.11781,290.00000000001245,8,49805.78370053775,2016
2016-09-20 07:00:00,2016-09-20 11:00:00,10000.0,15.450000000000493,-177.00000000000492,sell,1.11814,1.11991,230.00000000001907,4,49821.48370053775,2016
2016-09-20 11:00:00,2016-09-20 15:00:00,10000.0,15.450000000000493,-177.00000000000492,sell,1.1166,1.11837,207.99999999998596,4,49837.183700537746,2016
2016-09-20 15:00:00,2016-09-21 05:00:00,10000.0,34.624999999999204,-374.999999999992,sell,1.11321,1.11696,395.9999999999963,14,49872.683700537746,2016
2016-09-21 05:00:00,2016-09-21 16:00:00,10000.0,23.012500000001832,-257.0000000000183,buy,1.1161,1.11353,348.00000000001495,11,49896.383700537735,2016
2016-09-26 22:00:00,2016-09-27 12:00:00,10000.0,19.225000000000453,-221.00000000000452,sell,1.1227099999999999,1.12492,312.00000000002336,14,49916.483700537734,2016
2016-09-27 14:00:00,2016-09-28 13:00:00,10000.0,21.862499999999212,-252.9999999999921,buy,1.12245,1.11992,431.0000000000036,23,49939.78370053772,2016
2016-09-28 14:00:00,2016-09-29 00:00:00,10000.0,24.575000000000557,-272.00000000000557,buy,1.1220700000000001,1.11935,341.0000000000135,10,49964.98370053773,2016
2016-09-29 03:00:00,2016-09-29 10:00:00,202500.0,313.11562499999155,-178.99999999999582,sell,1.12127,1.12306,225.0000000000085,7,50286.95870053772,2016
2016-09-29 12:00:00,2016-09-29 15:00:00,450000.0,932.0625000000564,-229.0000000000125,buy,1.12271,1.12042,308.0000000000193,3,51227.458700537776,2016
2016-10-03 22:00:00,2016-10-04 06:00:00,10000.0,17.300000000000928,-198.00000000000927,sell,1.11913,1.12111,245.0000000000063,8,51245.258700537786,2016
2016-10-04 14:00:00,2016-10-04 16:00:00,10000.0,47.274999999999444,-493.99999999999443,buy,1.1209,1.11596,567.0000000000064,2,51292.65870053779,2016
2016-10-05 01:00:00,2016-10-06 09:00:00,10000.0,24.200000000000447,-282.00000000000443,sell,1.11912,1.12194,416.0000000000163,32,51318.858700537814,2016
2016-10-06 09:00:00,2016-10-06 16:00:00,367500.0,638.0718750000341,-198.00000000000927,sell,1.11582,1.1178000000000001,329.0000000000015,7,51973.00870053785,2016
2016-10-06 16:00:00,2016-10-07 01:00:00,519730.08700537856,1197.3281879385866,-255.99999999998954,sell,1.11331,1.11587,304.9999999999997,9,53199.57170587048,2016
2016-10-10 22:00:00,2016-10-11 07:00:00,10000.0,16.837500000000528,-194.00000000000526,sell,1.1118299999999999,1.11377,235.00000000000742,9,53216.971705870485,2016
2016-10-11 07:00:00,2016-10-11 11:00:00,10000.0,25.849999999999792,-280.9999999999979,sell,1.10818,1.11099,340.00000000000693,4,53243.07170587048,2016
2016-10-11 12:00:00,2016-10-11 15:00:00,10000.0,25.612500000002267,-278.0000000000226,sell,1.1058299999999999,1.10861,398.00000000000944,3,53268.871705870486,2016
2016-10-11 15:00:00,2016-10-12 09:00:00,10000.0,29.675000000001717,-328.00000000001717,sell,1.10258,1.10586,447.00000000001955,18,53299.671705870474,2016
2016-10-12 18:00:00,2016-10-13 18:00:00,10000.0,35.099999999999746,-385.99999999999744,buy,1.10516,1.1013,668.9999999999862,24,53336.27170587047,2016
2016-10-17 23:00:00,2016-10-18 13:00:00,10000.0,22.524999999999867,-253.99999999999866,sell,1.09827,1.10081,429.99999999999704,14,53359.67170587046,2016
2016-10-18 15:00:00,2016-10-19 13:00:00,10000.0,21.125000000000632,-245.0000000000063,sell,1.09691,1.0993600000000001,348.99999999999926,22,53382.171705870474,2016
2016-10-20 12:00:00,2016-10-20 15:00:00,450000.0,2097.562499999998,-487.9999999999995,sell,1.09262,1.0975,558.000000000014,3,55488.17170587047,2016
2016-10-20 15:00:00,2016-10-21 08:00:00,532500.0,2376.9468749999687,-476.99999999999403,sell,1.08834,1.09311,618.9999999999917,17,57921.69670587043,2016
2016-10-25 03:00:00,2016-10-25 13:00:00,10000.0,14.775000000000748,-174.00000000000747,sell,1.08596,1.0877000000000001,333.0000000000055,10,57937.096705870434,2016
2016-10-25 13:00:00,2016-10-25 16:00:00,10000.0,28.51249999999906,-306.99999999999056,buy,1.08863,1.08556,360.0000000000047,3,57965.79670587043,2016
2016-10-25 16:00:00,2016-10-26 08:00:00,10000.0,19.899999999999032,-228.9999999999903,buy,1.0915,1.08921,411.9999999999901,16,57986.69670587043,2016
2016-10-26 13:00:00,2016-10-26 20:00:00,10000.0,21.762500000000887,-242.00000000000887,sell,1.09026,1.09268,272.9999999999899,7,58008.89670587043,2016
2016-10-27 01:00:00,2016-10-27 11:00:00,147500.0,296.10624999999914,-226.9999999999994,buy,1.09225,1.08998,302.0000000000022,10,58314.22170587043,2016
2016-10-31 22:00:00,2016-11-01 11:00:00,10000.0,21.787499999999067,-245.99999999999065,buy,1.09971,1.09725,377.9999999999894,13,58336.821705870425,2016
2016-11-01 11:00:00,2016-11-01 17:00:00,10000.0,22.825000000000777,-252.00000000000776,buy,1.10538,1.10286,449.00000000001046,6,58360.02170587042,2016
2016-11-01 17:00:00,2016-11-02 12:00:00,10000.0,35.612500000001056,-388.0000000000105,buy,1.10962,1.10574,472.0000000000057,19,58396.82170587042,2016
2016-11-02 12:00:00,2016-11-02 16:00:00,10000.0,27.450000000001392,-297.00000000001387,buy,1.11162,1.10865,348.00000000001495,4,58424.52170587042,2016
2016-11-02 16:00:00,2016-11-03 11:00:00,10000.0,27.612499999999716,-307.99999999999716,sell,1.10837,1.11145,415.99999999999415,19,58453.32170587041,2016
2016-11-07 23:00:00,2016-11-08 18:00:00,10000.0,19.112500000001763,-223.00000000001762,sell,1.10242,1.1046500000000001,422.0000000000112,19,58473.621705870406,2016
2016-11-09 00:00:00,2016-11-09 02:00:00,10000.0,42.675000000000395,-448.0000000000039,buy,1.10401,1.09953,513.9999999999922,2,58516.4217058704,2016
2016-11-09 02:00:00,2016-11-09 04:00:00,10000.0,98.87499999999997,-1009.9999999999997,buy,1.1227,1.1126,1088.0,2,58615.4217058704,2016
2016-11-09 04:00:00,2016-11-09 08:00:00,10000.0,151.45000000000107,-1537.0000000000105,sell,1.11184,1.12721,1805.000000000012,4,58767.121705870406,2016
2016-11-09 08:00:00,2016-11-09 14:00:00,10000.0,89.82500000000228,-922.0000000000227,sell,1.10109,1.1103100000000001,969.0000000000198,6,58857.32170587041,2016
2016-11-14 06:00:00,2016-11-14 09:00:00,588573.2170587042,2955.3732661559666,-523.9999999999911,sell,1.07352,1.07876,702.0000000000026,3,61823.73071984622,2016
2016-11-14 22:00:00,2016-11-15 09:00:00,10000.0,54.01249999999842,-566.9999999999841,buy,1.08018,1.07451,620.9999999999826,11,61878.43071984623,2016
2016-11-15 09:00:00,2016-11-15 14:00:00,10000.0,57.08750000000056,-594.0000000000056,sell,1.07358,1.07952,669.0000000000084,5,61935.83071984622,2016
2016-11-15 14:00:00,2016-11-16 16:00:00,10000.0,47.375000000001044,-510.0000000000104,sell,1.06734,1.07244,856.0000000000123,26,61984.83071984621,2016
2016-11-16 18:00:00,2016-11-17 09:00:00,10000.0,56.76250000000031,-597.0000000000031,buy,1.07332,1.06735,666.000000000011,15,62042.53071984621,2016
2016-11-21 22:00:00,2016-11-22 16:00:00,10000.0,39.8749999999997,-429.99999999999704,sell,1.0585,1.0628,722.0000000000003,18,62083.530719846225,2016
2016-11-22 16:00:00,2016-11-23 14:00:00,10000.0,54.02499999999856,-573.9999999999856,sell,1.05587,1.06161,844.0000000000002,22,62138.93071984623,2016
2016-11-23 15:00:00,2016-11-25 04:00:00,10000.0,34.287499999999746,-385.99999999999744,buy,1.05727,1.05341,556.9999999999852,37,62175.53071984623,2016
2016-11-28 10:00:00,2016-11-28 13:00:00,621755.3071984624,2668.1074620154104,-451.00000000000136,sell,1.05837,1.06288,479.00000000000716,3,64855.29609387161,2016
2016-11-28 23:00:00,2016-11-29 14:00:00,10000.0,36.06250000000014,-390.0000000000014,sell,1.05771,1.06161,423.0000000000178,15,64892.29609387161,2016
2016-11-29 14:00:00,2016-11-29 19:00:00,10000.0,41.38749999999985,-436.99999999999847,buy,1.06447,1.0601,516.0000000000053,5,64933.99609387162,2016
2016-11-29 19:00:00,2016-11-30 15:00:00,10000.0,41.150000000002215,-444.0000000000221,sell,1.0600399999999999,1.06448,656.000000000012,20,64976.396093871634,2016
2016-11-30 16:00:00,2016-12-01 17:00:00,10000.0,48.93750000000199,-525.0000000000199,buy,1.06319,1.0579399999999999,565.0000000000155,25,65026.89609387161,2016
2016-12-05 06:00:00,2016-12-05 09:00:00,650268.9609387162,4110.512669333853,-653.999999999999,buy,1.06347,1.05693,776.9999999999832,3,69149.60130622308,2016
2016-12-06 02:00:00,2016-12-06 18:00:00,10000.0,44.80000000000007,-478.0000000000006,sell,1.07128,1.07606,719.000000000003,16,69195.4013062231,2016
2016-12-06 18:00:00,2016-12-07 16:00:00,10000.0,50.62500000000071,-540.000000000007,buy,1.0764,1.071,561.9999999999958,22,69247.40130622311,2016
2016-12-07 16:00:00,2016-12-08 10:00:00,10000.0,38.97500000000047,-421.00000000000466,buy,1.07992,1.07571,583.0000000000001,18,69287.50130622312,2016
2016-12-08 12:00:00,2016-12-08 14:00:00,450000.0,3531.37500000008,-806.0000000000177,sell,1.06689,1.07495,966.0000000000001,2,72824.5013062232,2016
2016-12-19 22:00:00,2016-12-20 13:00:00,10000.0,38.26250000000124,-412.00000000001234,sell,1.03575,1.03987,599.0000000000161,15,72863.70130622319,2016
2016-12-20 13:00:00,2016-12-21 03:00:00,10000.0,32.82500000000073,-357.0000000000073,buy,1.04068,1.03711,473.0000000000123,14,72897.4013062232,2016
2016-12-21 03:00:00,2016-12-21 14:00:00,10000.0,24.612500000001212,-273.0000000000121,buy,1.04387,1.04114,507.9999999999973,11,72922.7013062232,2016
2016-12-21 16:00:00,2016-12-22 11:00:00,10000.0,32.51250000000073,-357.0000000000073,buy,1.04623,1.04266,434.000000000001,19,72956.4013062232,2016
2016-12-27 00:00:00,2016-12-28 05:00:00,10000.0,17.987499999998487,-217.99999999998485,buy,1.04686,1.04468,370.99999999998795,29,72976.20130622319,2016
2016-12-28 05:00:00,2016-12-28 09:00:00,10000.0,30.149999999999096,-323.99999999999096,sell,1.04431,1.04755,357.99999999999164,4,73006.6013062232,2016
2016-12-28 09:00:00,2016-12-28 12:00:00,10000.0,17.112499999999873,-192.99999999999872,sell,1.0418,1.04373,266.999999999995,3,73023.9013062232,2016
2016-12-28 14:00:00,2016-12-28 23:00:00,10000.0,23.537500000000012,-261.0000000000001,buy,1.04149,1.03888,434.000000000001,9,73048.00130622319,2016
2016-12-28 23:00:00,2016-12-29 04:00:00,120000.0,279.45000000001414,-256.00000000001177,buy,1.04411,1.04155,277.0000000000161,5,73331.2013062232,2016
2017-01-03 15:00:00,2017-01-03 18:00:00,10000.0,36.412499999999746,-385.99999999999744,buy,1.04243,1.03857,465.00000000000426,3,10036.599999999999,2017
2017-01-03 18:00:00,2017-01-04 15:00:00,10000.0,41.787500000000136,-451.00000000000136,buy,1.04595,1.04144,703.9999999999934,21,10079.7,2017
2017-01-04 15:00:00,2017-01-05 01:00:00,10000.0,57.6749999999998,-602.999999999998,buy,1.05379,1.04776,866.0000000000111,10,10138.0,2017
2017-01-05 02:00:00,2017-01-05 07:00:00,101380.0,460.1384750000165,-477.00000000001626,buy,1.05637,1.0515999999999999,507.00000000001296,5,10601.306600000014,2017
2017-01-05 07:00:00,2017-01-05 10:00:00,106013.06600000014,513.2357557725076,-506.0000000000064,sell,1.05061,1.05567,635.999999999992,3,11116.530100760023,2017
2017-01-09 14:00:00,2017-01-09 17:00:00,111165.30100760024,425.90205948535584,-404.9999999999887,buy,1.05727,1.05322,448.99999999998823,3,11544.51650963927,2017
2017-01-10 02:00:00,2017-01-10 18:00:00,10000.0,38.59999999999941,-415.99999999999415,sell,1.05626,1.06042,641.0000000000026,16,11584.116509639267,2017
2017-01-10 18:00:00,2017-01-11 13:00:00,10000.0,49.71250000000017,-529.0000000000016,sell,1.05031,1.0556,631.9999999999881,19,11635.016509639268,2017
2017-01-11 13:00:00,2017-01-11 16:00:00,10000.0,33.012499999999676,-351.9999999999967,sell,1.04755,1.05107,398.00000000000944,3,11668.216509639267,2017
2017-01-11 16:00:00,2017-01-11 18:00:00,10000.0,53.17500000000035,-553.0000000000034,buy,1.0555700000000001,1.05004,840.0000000000184,2,11721.516509639267,2017
2017-01-16 22:00:00,2017-01-17 05:00:00,10000.0,37.362499999998725,-397.9999999999872,buy,1.06395,1.05997,421.99999999998903,7,11759.316509639268,2017
2017-01-17 05:00:00,2017-01-17 12:00:00,10000.0,45.36250000000007,-478.0000000000006,buy,1.07066,1.06588,668.9999999999862,7,11805.116509639269,2017
2017-01-17 13:00:00,2017-01-18 21:00:00,10000.0,46.69999999999908,-506.99999999999073,sell,1.06383,1.0689,775.9999999999989,32,11853.816509639266,2017
2017-01-18 23:00:00,2017-01-19 12:00:00,92500.0,270.90937500001456,-321.0000000000157,buy,1.06614,1.06293,399.000000000016,13,12132.24150963928,2017
2017-01-19 12:00:00,2017-01-19 14:00:00,121322.4150963928,531.0888720844439,-458.99999999998715,sell,1.06207,1.06666,553.9999999999878,2,12664.846911912426,2017
2017-01-23 22:00:00,2017-01-24 11:00:00,10000.0,35.4875,-383.0,sell,1.07312,1.07695,402.9999999999978,13,12701.146911912425,2017
2017-01-24 14:00:00,2017-01-24 20:00:00,10000.0,32.12499999999953,-344.9999999999953,sell,1.07237,1.07582,507.9999999999973,6,12733.646911912425,2017
2017-01-25 05:00:00,2017-01-25 11:00:00,10000.0,22.725000000000122,-251.0000000000012,buy,1.07509,1.07258,403.00000000001995,6,12756.746911912423,2017
2017-01-25 11:00:00,2017-01-26 10:00:00,10000.0,23.862500000001212,-273.0000000000121,sell,1.07225,1.07498,468.0000000000017,23,12782.046911912425,2017
2017-01-26 10:00:00,2017-01-26 15:00:00,127820.46911912426,378.18881300621223,-319.0000000000026,sell,1.06869,1.07188,460.0000000000159,5,13164.230114578611,2017
2017-01-30 09:00:00,2017-01-30 12:00:00,131642.30114578613,368.76299608463637,-302.0000000000022,sell,1.06627,1.06929,364.99999999999307,3,13535.461403809732,2017
2017-01-30 13:00:00,2017-01-30 16:00:00,135354.61403809732,498.2741729277477,-390.0000000000014,buy,1.06851,1.06461,456.99999999999625,3,14036.273475750695,2017
2017-01-30 22:00:00,2017-01-31 12:00:00,10000.0,43.52499999999978,-463.9999999999977,buy,1.07481,1.07017,644.0000000000001,14,14080.673475750695,2017
2017-01-31 12:00:00,2017-01-31 15:00:00,10000.0,36.5125000000004,-387.000000000004,buy,1.0788200000000001,1.07495,462.0000000000068,3,14117.373475750695,2017
2017-01-31 15:00:00,2017-02-01 14:00:00,10000.0,41.962499999999885,-453.9999999999988,sell,1.07619,1.08073,497.9999999999984,23,14160.773475750697,2017
2017-02-06 22:00:00,2017-02-07 04:00:00,10000.0,33.025000000000986,-354.00000000000983,sell,1.07093,1.07447,391.00000000000796,6,14194.173475750697,2017
2017-02-07 04:00:00,2017-02-07 08:00:00,10000.0,21.650000000001143,-239.0000000000114,sell,1.06832,1.07071,300.9999999999957,4,14216.073475750696,2017
2017-02-07 09:00:00,2017-02-07 18:00:00,10000.0,26.837499999999427,-293.99999999999426,buy,1.06906,1.06612,334.99999999999636,9,14243.473475750696,2017
2017-02-07 18:00:00,2017-02-08 08:00:00,10000.0,28.924999999999606,-317.999999999996,sell,1.06599,1.06917,368.9999999999971,14,14273.273475750695,2017
2017-02-08 08:00:00,2017-02-08 15:00:00,10000.0,33.36250000000139,-358.0000000000138,buy,1.06969,1.06611,570.0000000000038,7,14307.073475750698,2017
2017-02-13 22:00:00,2017-02-14 06:00:00,10000.0,16.900000000000528,-194.00000000000526,buy,1.0616700000000001,1.05973,259.0000000000092,8,14324.4734757507,2017
2017-02-14 06:00:00,2017-02-14 16:00:00,10000.0,51.97500000000021,-546.000000000002,sell,1.05653,1.06199,676.0000000000099,10,14377.073475750698,2017
2017-02-14 16:00:00,2017-02-15 14:00:00,10000.0,35.425000000001056,-388.0000000000105,sell,1.05355,1.05743,500.99999999999585,22,14413.873475750699,2017
2017-02-15 14:00:00,2017-02-15 17:00:00,10000.0,29.51249999999895,-316.9999999999895,buy,1.05941,1.05624,347.9999999999927,3,14443.573475750698,2017
2017-02-15 17:00:00,2017-02-16 01:00:00,10000.0,30.899999999998983,-333.9999999999898,buy,1.06185,1.05851,383.0,8,14474.973475750696,2017
2017-02-20 22:00:00,2017-02-21 01:00:00,10000.0,18.512500000000163,-207.00000000000162,sell,1.05904,1.06111,232.99999999999432,3,14493.673475750697,2017
2017-02-21 01:00:00,2017-02-21 10:00:00,10000.0,35.53750000000091,-381.0000000000091,sell,1.0544,1.05821,445.9999999999908,9,14529.773475750697,2017
2017-02-21 11:00:00,2017-02-22 08:00:00,10000.0,27.087500000001537,-304.00000000001535,sell,1.05097,1.0540100000000001,461.0000000000003,21,14558.1734757507,2017
2017-02-22 08:00:00,2017-02-22 16:00:00,10000.0,40.399999999999054,-428.99999999999045,buy,1.0546,1.05031,527.9999999999951,8,14599.073475750702,2017
2017-02-22 17:00:00,2017-02-23 15:00:00,10000.0,27.52500000000037,-309.0000000000037,buy,1.05787,1.05478,527.0000000000108,22,14627.973475750698,2017
2017-02-27 23:00:00,2017-02-28 16:00:00,10000.0,34.8374999999996,-378.99999999999596,buy,1.06229,1.0585,585.9999999999976,17,14663.873475750695,2017
2017-02-28 16:00:00,2017-02-28 22:00:00,10000.0,35.22499999999985,-375.9999999999985,sell,1.05771,1.06147,475.0000000000032,6,14699.473475750696,2017
2017-02-28 22:00:00,2017-03-01 08:00:00,10000.0,26.174999999999937,-287.9999999999993,sell,1.05414,1.05702,475.0000000000032,10,14726.273475750695,2017
2017-03-01 12:00:00,2017-03-01 17:00:00,10000.0,31.087499999998983,-333.9999999999898,buy,1.05615,1.05281,479.99999999999153,5,14757.673475750693,2017
2017-03-01 17:00:00,2017-03-02 07:00:00,10000.0,30.32500000000212,-332.00000000002115,sell,1.05276,1.0560800000000001,430.0000000000192,14,14788.873475750692,2017
2017-03-07 02:00:00,2017-03-08 05:00:00,10000.0,16.812499999998852,-204.99999999998852,sell,1.05627,1.05832,394.99999999998977,27,14807.373475750686,2017
2017-03-08 05:00:00,2017-03-08 18:00:00,10000.0,21.487500000001543,-243.0000000000154,sell,1.05378,1.05621,344.0000000000109,13,14829.673475750687,2017
2017-03-08 21:00:00,2017-03-09 14:00:00,37500.0,140.01562500000162,-404.0000000000043,buy,1.0582,1.05416,575.9999999999986,17,14973.673475750687,2017
2017-03-09 15:00:00,2017-03-10 14:00:00,149736.73475750687,863.4194467954829,-611.0000000000059,buy,1.0643500000000001,1.05824,777.0000000000055,23,15858.61757816756,2017
2017-03-13 06:00:00,2017-03-13 09:00:00,158586.17578167559,502.91640994763935,-339.0000000000004,sell,1.06756,1.07095,383.0,3,16364.507478911106,2017
2017-03-13 22:00:00,2017-03-14 18:00:00,10000.0,24.950000000000447,-282.00000000000443,sell,1.06209,1.06491,412.00000000001234,20,16390.707478911107,2017
2017-03-14 18:00:00,2017-03-15 08:00:00,10000.0,20.325000000000998,-232.00000000000995,buy,1.06358,1.0612599999999999,365.9999999999996,14,16411.907478911107,2017
2017-03-15 12:00:00,2017-03-15 17:00:00,10000.0,15.687500000000238,-180.00000000000236,buy,1.06399,1.06219,333.0000000000055,5,16427.907478911107,2017
2017-03-15 17:00:00,2017-03-15 19:00:00,10000.0,73.77499999999986,-758.9999999999985,buy,1.07017,1.06258,834.0000000000014,2,16501.807478911105,2017
2017-03-20 22:00:00,2017-03-21 01:00:00,10000.0,20.712499999999032,-228.9999999999903,buy,1.07577,1.07348,389.9999999999792,3,16522.707478911103,2017
2017-03-21 01:00:00,2017-03-21 09:00:00,10000.0,26.000000000000192,-285.0000000000019,buy,1.0793300000000001,1.07648,413.0000000000189,8,16549.207478911107,2017
2017-03-21 11:00:00,2017-03-23 09:00:00,10000.0,25.524999999999316,-303.9999999999931,sell,1.07762,1.08066,480.99999999999807,46,16577.6074789111,2017
2017-03-23 09:00:00,2017-03-24 09:00:00,165776.074789111,324.9211065866633,-231.0000000000034,buy,1.07962,1.07731,368.00000000001273,24,16927.394996716128,2017
2017-03-27 22:00:00,2017-03-28 17:00:00,10000.0,23.612500000000157,-268.00000000000153,sell,1.0835,1.08618,369.00000000001927,19,16952.194996716124,2017
2017-03-28 17:00:00,2017-03-29 07:00:00,10000.0,22.825000000001832,-257.0000000000183,sell,1.07954,1.0821100000000001,307.99999999999716,14,16975.894996716124,2017
2017-03-29 07:00:00,2017-03-29 12:00:00,10000.0,26.287500000000847,-286.00000000000847,sell,1.0754,1.07826,399.000000000016,5,17002.49499671613,2017
2017-03-29 12:00:00,2017-03-30 13:00:00,147500.0,503.52812500000755,-377.00000000000506,sell,1.0723099999999999,1.07608,499.00000000000495,25,17529.069996716138,2017
2017-03-30 13:00:00,2017-03-30 17:00:00,175290.6999671614,453.12645941510857,-280.9999999999979,sell,1.07036,1.07317,351.0000000000124,4,17986.578723630428,2017
2017-04-04 00:00:00,2017-04-04 11:00:00,10000.0,20.512500000000998,-232.00000000000995,sell,1.06436,1.06668,303.0000000000088,11,18007.77872363043,2017
2017-04-04 11:00:00,2017-04-04 21:00:00,10000.0,19.574999999998887,-221.99999999998886,buy,1.06714,1.06492,251.0000000000012,10,18027.978723630422,2017
2017-04-04 21:00:00,2017-04-05 17:00:00,10000.0,24.450000000001612,-277.0000000000161,sell,1.06486,1.06763,401.0000000000069,20,18053.67872363042,2017
2017-04-05 18:00:00,2017-04-07 08:00:00,10000.0,23.225000000000957,-276.00000000000955,sell,1.06375,1.06651,461.0000000000003,38,18079.278723630432,2017
2017-04-11 00:00:00,2017-04-11 11:00:00,10000.0,14.812499999999183,-174.99999999999181,buy,1.06093,1.05918,312.9999999999855,11,18094.778723630432,2017
2017-04-11 14:00:00,2017-04-11 18:00:00,10000.0,17.850000000000673,-201.0000000000067,sell,1.0605499999999999,1.06256,240.00000000001796,4,18112.878723630434,2017
2017-04-12 02:00:00,2017-04-12 08:00:00,10000.0,12.625000000000568,-150.00000000000568,buy,1.0616700000000001,1.06017,224.00000000000196,6,18125.87872363043,2017
2017-04-12 08:00:00,2017-04-12 13:00:00,10000.0,12.287500000000168,-146.00000000000168,sell,1.06016,1.06162,219.99999999999795,5,18138.47872363043,2017
2017-04-12 16:00:00,2017-04-12 20:00:00,10000.0,50.549999999999514,-527.9999999999951,buy,1.06568,1.0604,685.0000000000023,4,18189.27872363043,2017
2017-04-17 22:00:00,2017-04-18 11:00:00,10000.0,17.887500000000163,-207.00000000000162,buy,1.06633,1.06426,269.0000000000081,13,18207.97872363043,2017
2017-04-18 11:00:00,2017-04-18 16:00:00,10000.0,21.487500000000487,-238.00000000000486,buy,1.07032,1.06794,268.00000000000153,5,18229.778723630432,2017
2017-04-18 16:00:00,2017-04-18 20:00:00,10000.0,20.250000000000853,-225.0000000000085,buy,1.0731600000000001,1.07091,299.0000000000048,4,18250.278723630436,2017
2017-04-19 08:00:00,2017-04-20 07:00:00,10000.0,18.662500000000453,-221.00000000000452,buy,1.0739,1.07169,397.0000000000029,23,18270.37872363044,2017
2017-04-20 08:00:00,2017-04-20 18:00:00,182703.78723630443,812.5750937334625,-470.99999999999915,sell,1.07199,1.0767,568.9999999999973,10,19094.37280406617,2017
2017-04-24 22:00:00,2017-04-25 15:00:00,10000.0,55.637500000000415,-587.0000000000041,buy,1.0925500000000001,1.08668,747.0000000000088,17,19151.07280406617,2017
2017-04-25 15:00:00,2017-04-26 09:00:00,10000.0,30.97500000000135,-341.0000000000135,sell,1.09042,1.09383,461.0000000000003,18,19183.17280406617,2017
2017-04-26 15:00:00,2017-04-26 20:00:00,10000.0,28.487499999999716,-307.99999999999716,buy,1.09045,1.08737,438.99999999998937,5,19211.97280406617,2017
2017-04-27 13:00:00,2017-04-28 09:00:00,192119.7280406617,659.9312658196701,-375.9999999999985,buy,1.09011,1.08635,499.9999999999893,20,19895.919035890918,2017
2017-05-02 14:00:00,2017-05-02 19:00:00,10000.0,18.887500000001218,-212.00000000001216,buy,1.0924,1.09028,263.0000000000132,5,19915.11903589092,2017
2017-05-02 19:00:00,2017-05-03 20:00:00,10000.0,25.037499999998627,-285.99999999998624,sell,1.08949,1.09235,411.9999999999901,25,19941.71903589092,2017
2017-05-03 20:00:00,2017-05-04 08:00:00,10000.0,21.649999999999977,-243.99999999999974,buy,1.09097,1.08853,354.00000000000983,12,19964.11903589092,2017
2017-05-04 08:00:00,2017-05-04 15:00:00,199641.1903589092,400.5301381575343,-224.9999999999863,buy,1.09425,1.092,256.9999999999961,7,20373.38347612665,2017
2017-05-07 21:00:00,2017-05-08 00:00:00,203733.83476126654,837.600728162291,-433.00000000001666,sell,1.09662,1.10095,470.00000000001484,3,21214.804213690717,2017
2017-05-08 05:00:00,2017-05-08 08:00:00,212148.04213690717,666.410037362566,-336.00000000000296,sell,1.09577,1.09913,385.0000000000131,3,21885.19202684335,2017
2017-05-08 22:00:00,2017-05-09 11:00:00,10000.0,23.587499999999757,-263.99999999999756,sell,1.08978,1.09242,351.0000000000124,13,21909.592026843347,2017
2017-05-09 13:00:00,2017-05-10 18:00:00,10000.0,29.887500000000955,-337.0000000000095,sell,1.08601,1.08938,461.0000000000003,29,21941.29202684334,2017
2017-05-11 06:00:00,2017-05-11 12:00:00,219412.92026843343,347.22094632478115,-181.99999999999326,sell,1.08582,1.08764,343.0000000000044,6,22296.740957678187,2017
2017-05-15 22:00:00,2017-05-16 07:00:00,10000.0,26.537500000001902,-291.000000000019,buy,1.10115,1.0982399999999999,334.00000000001205,9,22323.84095767819,2017
2017-05-16 07:00:00,2017-05-16 11:00:00,10000.0,18.150000000000418,-204.00000000000415,buy,1.10508,1.10304,233.0000000000165,4,22342.24095767819,2017
2017-05-16 11:00:00,2017-05-16 15:00:00,10000.0,23.050000000001432,-253.0000000000143,buy,1.10796,1.10543,280.00000000001353,4,22365.540957678193,2017
2017-05-16 15:00:00,2017-05-17 03:00:00,10000.0,33.35000000000113,-361.00000000001125,buy,1.11091,1.1073,419.9999999999981,12,22399.64095767819,2017
2017-05-17 07:00:00,2017-05-17 13:00:00,10000.0,27.925000000000882,-303.0000000000088,buy,1.11206,1.10903,368.00000000001273,6,22427.94095767819,2017
2017-05-22 08:00:00,2017-05-22 10:00:00,224279.40957678194,645.3640010571984,-309.0000000000037,buy,1.12004,1.1169499999999999,348.99999999999926,2,23076.1084513551,2017
2017-05-23 01:00:00,2017-05-23 12:00:00,10000.0,25.01249999999939,-276.9999999999939,sell,1.12192,1.12469,485.9999999999864,11,23101.80845135509,2017
2017-05-23 12:00:00,2017-05-23 16:00:00,10000.0,30.84999999999924,-330.9999999999924,sell,1.11982,1.12313,502.99999999998676,4,23132.90845135509,2017
2017-05-23 16:00:00,2017-05-25 03:00:00,10000.0,39.812499999999595,-439.9999999999959,buy,1.12377,1.11937,697.9999999999985,35,23174.908451355084,2017
2017-05-25 03:00:00,2017-05-25 13:00:00,202500.0,598.8937500000451,-322.0000000000222,sell,1.12041,1.1236300000000001,456.00000000001194,10,23786.458451355127,2017
2017-05-30 01:00:00,2017-05-30 10:00:00,10000.0,34.53750000000102,-371.0000000000102,buy,1.11622,1.1125099999999999,533.99999999999,9,23821.558451355126,2017
2017-05-30 10:00:00,2017-05-30 14:00:00,10000.0,30.650000000000148,-329.0000000000015,buy,1.11881,1.11552,426.00000000001523,4,23852.458451355124,2017
2017-05-30 14:00:00,2017-05-31 12:00:00,10000.0,36.72500000000069,-401.0000000000069,buy,1.12191,1.1179,553.0000000000034,22,23890.55845135513,2017
2017-05-31 12:00:00,2017-06-02 13:00:00,10000.0,38.23749999999945,-432.9999999999945,buy,1.12669,1.12236,653.999999999999,49,23931.858451355136,2017
2017-06-05 08:00:00,2017-06-05 11:00:00,239318.58451355138,545.9455209215264,-249.99999999999466,sell,1.12443,1.12693,269.99999999999244,3,24482.29119573629,2017
2017-06-06 01:00:00,2017-06-06 08:00:00,10000.0,16.462499999999473,-188.9999999999947,sell,1.12511,1.127,261.0000000000001,7,24499.191195736286,2017
2017-06-06 08:00:00,2017-06-06 18:00:00,10000.0,24.175000000000157,-268.00000000000153,buy,1.12795,1.12527,397.0000000000029,10,24523.991195736286,2017
2017-06-06 18:00:00,2017-06-07 11:00:00,10000.0,51.937500000000604,-550.000000000006,sell,1.12136,1.12686,674.000000000019,17,24576.991195736293,2017
2017-06-07 11:00:00,2017-06-07 14:00:00,10000.0,39.51250000000229,-417.00000000002285,buy,1.1259000000000001,1.12173,462.0000000000068,3,24616.691195736294,2017
2017-06-12 23:00:00,2017-06-14 06:00:00,10000.0,13.762500000000493,-177.00000000000492,buy,1.12167,1.1199,319.0000000000026,31,24632.39119573629,2017
2017-06-14 07:00:00,2017-06-14 13:00:00,10000.0,48.52500000000039,-509.00000000000387,buy,1.12613,1.12104,641.0000000000026,6,24681.29119573629,2017
2017-06-14 14:00:00,2017-06-14 19:00:00,10000.0,57.48750000000096,-598.0000000000095,sell,1.12168,1.12766,695.0000000000011,5,24739.091195736288,2017
2017-06-14 19:00:00,2017-06-15 10:00:00,10000.0,51.262499999999804,-541.999999999998,sell,1.11616,1.12158,663.9999999999978,15,24791.291195736285,2017
2017-06-15 12:00:00,2017-06-16 15:00:00,247912.91195736284,969.6493768932507,-428.00000000000614,buy,1.11962,1.11534,646.0000000000132,27,25802.77587652234,2017
2017-06-19 22:00:00,2017-06-20 15:00:00,10000.0,18.737500000000708,-218.00000000000705,sell,1.11273,1.11491,371.0000000000102,17,25822.57587652234,2017
2017-06-20 15:00:00,2017-06-21 11:00:00,10000.0,18.349999999999397,-215.99999999999395,buy,1.11469,1.11253,285.0000000000019,20,25842.17587652234,2017
2017-06-21 11:00:00,2017-06-21 19:00:00,10000.0,15.500000000000238,-180.00000000000236,buy,1.11611,1.11431,314.9999999999986,8,25858.175876522342,2017
2017-06-21 23:00:00,2017-06-22 16:00:00,92500.0,117.82187500001265,-158.00000000001367,sell,1.11483,1.1164100000000001,289.0000000000059,17,25985.82587652236,2017
2017-06-22 17:00:00,2017-06-23 07:00:00,259858.25876522364,574.9363975180433,-249.99999999999466,buy,1.11696,1.11446,286.9999999999928,14,26583.49987168237,2017
2017-06-26 07:00:00,2017-06-26 10:00:00,265834.9987168237,465.54354150284473,-197.0000000000027,sell,1.11786,1.11983,225.99999999999287,3,27054.027819411152,2017
2017-06-26 10:00:00,2017-06-26 13:00:00,270540.27819411154,682.0996763968942,-273.9999999999964,buy,1.12086,1.11812,373.0000000000011,3,27741.200126024192,2017
2017-06-26 22:00:00,2017-06-27 09:00:00,10000.0,61.9124999999991,-645.999999999991,buy,1.12465,1.11819,680.9999999999982,11,27803.800126024194,2017
2017-06-27 09:00:00,2017-06-27 14:00:00,10000.0,27.487499999999827,-297.99999999999824,buy,1.12855,1.12557,391.9999999999923,5,27831.600126024197,2017
2017-06-27 17:00:00,2017-06-28 08:00:00,10000.0,39.16250000000047,-421.00000000000466,buy,1.13759,1.13338,487.0000000000152,15,27871.700126024203,2017
2017-07-03 06:00:00,2017-07-03 09:00:00,278717.0012602421,733.3741095660173,-285.0000000000019,sell,1.13806,1.14091,305.999999999984,3,28610.30017936385,2017
2017-07-03 22:00:00,2017-07-04 13:00:00,10000.0,19.162500000000453,-221.00000000000452,sell,1.13443,1.13664,320.99999999999346,15,28630.40017936384,2017
2017-07-04 14:00:00,2017-07-05 10:00:00,10000.0,20.449999999999832,-236.9999999999983,sell,1.13255,1.13492,425.0000000000087,20,28652.10017936384,2017
2017-07-05 10:00:00,2017-07-05 21:00:00,10000.0,23.212500000000922,-259.0000000000092,buy,1.13486,1.1322699999999999,310.9999999999946,11,28676.000179363837,2017
2017-07-05 23:00:00,2017-07-06 12:00:00,92500.0,329.18437499998555,-383.9999999999843,buy,1.13841,1.13457,548.9999999999994,13,29012.70017936383,2017
2017-07-10 07:00:00,2017-07-10 10:00:00,290127.00179363834,711.1738131467059,-267.0000000000172,sell,1.13868,1.14135,294.0000000000164,3,29729.31387379417,2017
2017-07-11 00:00:00,2017-07-11 15:00:00,10000.0,17.662499999999508,-205.99999999999505,buy,1.1417,1.13964,347.9999999999927,15,29747.91387379417,2017
2017-07-11 15:00:00,2017-07-11 18:00:00,10000.0,31.912499999999127,-340.9999999999913,buy,1.14655,1.14314,375.9999999999985,3,29780.013873794167,2017
2017-07-11 18:00:00,2017-07-12 08:00:00,10000.0,21.325000000000887,-242.00000000000887,sell,1.14497,1.1473900000000001,391.9999999999923,14,29802.21387379417,2017
2017-07-12 12:00:00,2017-07-12 14:00:00,10000.0,47.175000000001006,-493.00000000001006,sell,1.14156,1.14649,528.0000000000173,2,29849.51387379417,2017
2017-07-17 22:00:00,2017-07-18 02:00:00,10000.0,46.14999999999955,-483.9999999999955,buy,1.15266,1.14782,556.0000000000009,4,29895.913873794172,2017
2017-07-18 02:00:00,2017-07-18 11:00:00,10000.0,22.237500000000377,-248.00000000000375,buy,1.15551,1.15303,443.9999999999999,9,29918.71387379417,2017
2017-07-18 13:00:00,2017-07-19 01:00:00,10000.0,29.74999999999975,-324.9999999999975,sell,1.15446,1.15771,380.0000000000025,12,29949.21387379417,2017
2017-07-19 01:00:00,2017-07-19 15:00:00,10000.0,17.425000000001983,-203.0000000000198,sell,1.15193,1.15396,278.00000000000045,14,29967.513873794174,2017
2017-07-19 15:00:00,2017-07-20 12:00:00,10000.0,25.587500000000592,-289.0000000000059,sell,1.14862,1.15151,459.0000000000094,21,29994.413873794172,2017
2017-07-24 22:00:00,2017-07-25 06:00:00,10000.0,18.900000000000308,-214.00000000000307,buy,1.16605,1.16391,306.00000000000625,8,30013.813873794174,2017
2017-07-25 07:00:00,2017-07-25 13:00:00,10000.0,31.525000000002265,-339.00000000002257,buy,1.16857,1.1651799999999999,393.0000000000211,6,30045.713873794175,2017
2017-07-25 13:00:00,2017-07-25 15:00:00,10000.0,27.674999999999827,-297.99999999999824,sell,1.16629,1.16927,333.0000000000055,2,30073.513873794174,2017
2017-07-26 07:00:00,2017-07-26 19:00:00,10000.0,69.35000000000161,-721.000000000016,buy,1.17036,1.16315,916.0000000000056,12,30143.613873794173,2017
2017-07-26 21:00:00,2017-07-27 11:00:00,37500.0,130.21874999999946,-375.9999999999985,sell,1.17062,1.17438,699.9999999999894,14,30277.113873794173,2017
2017-07-31 12:00:00,2017-07-31 15:00:00,302771.13873794174,1505.1510234510013,-519.0000000000027,buy,1.17867,1.17348,557.0000000000074,3,31787.941856096506,2017
2017-08-01 14:00:00,2017-08-02 09:00:00,10000.0,37.412499999999525,-405.9999999999952,buy,1.1852,1.18114,609.9999999999994,19,31826.541856096504,2017
2017-08-02 09:00:00,2017-08-02 18:00:00,10000.0,40.03750000000153,-426.00000000001523,buy,1.1880600000000001,1.1838,633.0000000000168,9,31867.141856096507,2017
2017-08-03 00:00:00,2017-08-03 15:00:00,120000.0,426.75000000001575,-385.0000000000131,buy,1.18761,1.18376,463.00000000001336,15,32305.14185609653,2017
2017-08-03 15:00:00,2017-08-04 13:00:00,323051.4185609653,1335.0099872031806,-446.9999999999974,sell,1.18316,1.18763,573.0000000000013,22,33684.57141335185,2017
2017-08-08 01:00:00,2017-08-08 15:00:00,10000.0,70.52500000000124,-734.0000000000124,sell,1.174,1.18134,778.0000000000119,14,33755.97141335185,2017
2017-08-08 17:00:00,2017-08-09 14:00:00,10000.0,45.38750000000152,-487.0000000000152,sell,1.17125,1.17612,509.00000000000387,21,33802.67141335187,2017
2017-08-09 20:00:00,2017-08-10 08:00:00,10000.0,31.6500000000011,-344.0000000000109,sell,1.1722,1.17564,475.0000000000032,12,33835.07141335186,2017
2017-08-10 08:00:00,2017-08-10 17:00:00,338350.71413351863,979.1023790239401,-315.0000000000208,buy,1.1754200000000001,1.17227,509.00000000000387,9,34833.206020045815,2017
2017-08-10 17:00:00,2017-08-11 13:00:00,348332.06020045816,1858.3515411694436,-565.9999999999998,buy,1.18136,1.1757,658.000000000003,20,36735.09906874032,2017
2017-08-14 22:00:00,2017-08-15 07:00:00,10000.0,28.33750000000037,-309.0000000000037,sell,1.17448,1.17757,473.0000000000123,9,36763.99906874032,2017
2017-08-15 07:00:00,2017-08-15 13:00:00,10000.0,47.72499999999959,-500.99999999999585,sell,1.16937,1.17438,746.0000000000022,6,36812.09906874032,2017
2017-08-15 13:00:00,2017-08-16 19:00:00,10000.0,53.02500000000195,-569.0000000000194,buy,1.1765700000000001,1.17088,858.0000000000032,30,36866.99906874032,2017
2017-08-16 19:00:00,2017-08-17 10:00:00,10000.0,55.562499999999105,-584.999999999991,sell,1.17083,1.17668,812.999999999997,15,36923.49906874031,2017
2017-08-17 11:00:00,2017-08-17 15:00:00,369234.99068740313,1441.8626386342971,-412.99999999999665,buy,1.17425,1.17012,614.0000000000034,4,38374.5925821418,2017
2017-08-21 12:00:00,2017-08-21 15:00:00,383745.925821418,1071.1308154490166,-300.9999999999957,buy,1.18119,1.17818,356.00000000000074,3,39452.91863369996,2017
2017-08-21 22:00:00,2017-08-22 09:00:00,10000.0,33.51249999999956,-361.9999999999956,sell,1.17713,1.18075,526.9999999999885,11,39487.11863369995,2017
2017-08-22 09:00:00,2017-08-23 09:00:00,10000.0,27.40000000000037,-309.0000000000037,buy,1.17877,1.17568,486.0000000000086,24,39516.01863369995,2017
2017-08-23 09:00:00,2017-08-23 15:00:00,10000.0,29.825000000000003,-322.00000000000006,buy,1.18129,1.17807,368.9999999999971,6,39546.21863369995,2017
2017-08-23 18:00:00,2017-08-24 07:00:00,10000.0,21.987500000000377,-248.00000000000375,sell,1.1792799999999999,1.18176,297.00000000001387,13,39569.01863369995,2017
2017-08-28 22:00:00,2017-08-29 07:00:00,10000.0,42.437500000001705,-450.000000000017,buy,1.2013800000000001,1.19688,588.0000000000107,9,39612.018633699954,2017
2017-08-29 07:00:00,2017-08-29 18:00:00,10000.0,39.71250000000022,-424.0000000000021,sell,1.20014,1.20438,683.9999999999957,11,39652.41863369998,2017
2017-08-29 18:00:00,2017-08-30 09:00:00,10000.0,40.562499999998536,-434.99999999998533,sell,1.19456,1.19891,509.9999999999882,15,39693.918633699985,2017
2017-08-30 09:00:00,2017-08-30 14:00:00,10000.0,31.987500000000438,-343.0000000000044,sell,1.1914,1.19483,384.00000000000654,5,39726.21863369998,2017
2017-08-30 14:00:00,2017-08-31 11:00:00,10000.0,44.78750000000203,-481.00000000002024,sell,1.1861599999999999,1.19097,668.0000000000018,21,39772.318633699986,2017
2017-09-05 07:00:00,2017-09-05 15:00:00,10000.0,32.59999999999902,-350.99999999999017,buy,1.19159,1.18808,414.00000000000324,8,39805.4186337,2017
2017-09-05 15:00:00,2017-09-07 08:00:00,10000.0,33.63749999999935,-381.9999999999934,buy,1.19509,1.19127,565.9999999999998,41,39841.61863369999,2017
2017-09-07 13:00:00,2017-09-08 03:00:00,398416.18633699993,2582.732927929579,-676.9999999999942,buy,1.20691,1.20014,851.999999999986,14,42459.21297793406,2017
2017-09-12 00:00:00,2017-09-13 02:00:00,10000.0,29.67500000000055,-333.0000000000055,buy,1.19821,1.19488,564.0000000000089,26,42490.512977934064,2017
2017-09-13 02:00:00,2017-09-13 14:00:00,10000.0,40.75000000000076,-435.00000000000756,sell,1.1939199999999999,1.19827,552.0000000000191,12,42532.01297793407,2017
2017-09-13 14:00:00,2017-09-13 19:00:00,10000.0,35.18750000000142,-375.00000000001415,sell,1.18759,1.19134,421.00000000000466,5,42567.51297793408,2017
2017-09-14 12:00:00,2017-09-15 10:00:00,425675.1297793408,1648.426940070517,-421.00000000000466,buy,1.1936,1.18939,685.0000000000023,22,44274.47024834927,2017
2017-09-18 22:00:00,2017-09-19 07:00:00,10000.0,31.837499999998876,-343.99999999998875,buy,1.19922,1.19578,368.9999999999971,9,44306.87024834927,2017
2017-09-20 01:00:00,2017-09-20 19:00:00,10000.0,116.47500000000193,-1196.000000000019,sell,1.18915,1.2011100000000001,1411.0000000000066,18,44424.470248349266,2017
2017-09-20 19:00:00,2017-09-21 16:00:00,10000.0,47.58750000000039,-509.00000000000387,buy,1.19438,1.18929,788.9999999999952,21,44473.37024834926,2017
2017-09-21 16:00:00,2017-09-22 08:00:00,444733.70248349267,2339.2992750631756,-556.0000000000009,buy,1.19895,1.19339,621.9999999999892,16,46857.142893660784,2017
2017-09-25 22:00:00,2017-09-26 08:00:00,10000.0,36.274999999999494,-388.9999999999949,sell,1.18141,1.1853,470.99999999999915,10,46894.042893660786,2017
2017-09-26 08:00:00,2017-09-26 14:00:00,10000.0,30.72499999999924,-330.9999999999924,sell,1.17815,1.18146,469.9999999999926,6,46925.142893660784,2017
2017-09-26 14:00:00,2017-09-26 18:00:00,10000.0,37.45000000000029,-397.0000000000029,buy,1.1807,1.17673,509.00000000000387,4,46962.84289366078,2017
2017-09-26 18:00:00,2017-09-27 07:00:00,10000.0,33.88750000000062,-367.0000000000062,sell,1.17597,1.17964,390.0000000000014,13,46997.54289366078,2017
2017-09-27 07:00:00,2017-09-27 13:00:00,10000.0,30.525000000002372,-329.0000000000237,sell,1.1721599999999999,1.17545,352.00000000001893,6,47028.44289366078,2017
2017-10-03 01:00:00,2017-10-03 08:00:00,10000.0,31.162500000000293,-336.00000000000296,buy,1.17405,1.17069,451.00000000000136,7,47060.04289366077,2017
2017-10-03 08:00:00,2017-10-04 01:00:00,10000.0,35.2375,-383.0,buy,1.17723,1.1734,405.00000000001086,17,47096.342893660774,2017
2017-10-04 01:00:00,2017-10-05 12:00:00,10000.0,27.71250000000026,-319.0000000000026,sell,1.17382,1.1770100000000001,490.99999999999693,35,47126.24289366077,2017
2017-10-05 12:00:00,2017-10-05 19:00:00,471262.4289366077,931.3323751860232,-222.00000000001106,sell,1.17058,1.1728,290.00000000001245,7,48078.19300011277,2017
2017-10-05 19:00:00,2017-10-08 22:00:00,480781.9300011277,1128.635580677648,-261.0000000000001,buy,1.17329,1.17068,394.0000000000054,10,49236.8774514155,2017
2017-10-09 22:00:00,2017-10-10 02:00:00,10000.0,29.45000000000117,-317.0000000000117,buy,1.17744,1.17427,351.9999999999967,4,49266.577451415505,2017
2017-10-10 02:00:00,2017-10-10 10:00:00,10000.0,23.499999999999357,-259.9999999999936,buy,1.17991,1.17731,374.0000000000076,8,49290.5774514155,2017
2017-10-10 10:00:00,2017-10-10 15:00:00,10000.0,29.38750000000117,-317.0000000000117,buy,1.18148,1.17831,418.0000000000072,5,49320.277451415495,2017
2017-10-10 15:00:00,2017-10-11 13:00:00,10000.0,33.72500000000102,-371.0000000000102,buy,1.18416,1.18045,474.0000000000188,22,49355.3774514155,2017
2017-10-11 19:00:00,2017-10-12 14:00:00,10000.0,26.312500000002302,-295.000000000023,sell,1.18345,1.1864000000000001,447.00000000001955,19,49382.8774514155,2017
2017-10-16 22:00:00,2017-10-17 07:00:00,10000.0,27.93749999999997,-304.9999999999997,sell,1.1759,1.17895,353.0000000000033,9,49411.3774514155,2017
2017-10-17 07:00:00,2017-10-17 14:00:00,10000.0,19.762500000001108,-222.00000000001106,sell,1.17475,1.17697,273.0000000000121,7,49431.5774514155,2017
2017-10-17 16:00:00,2017-10-18 00:00:00,10000.0,19.099999999999397,-215.99999999999395,buy,1.17692,1.17476,252.9999999999921,8,49451.1774514155,2017
2017-10-18 00:00:00,2017-10-18 09:00:00,10000.0,20.537499999998122,-230.9999999999812,sell,1.17467,1.17698,278.99999999998477,9,49472.2774514155,2017
2017-10-18 09:00:00,2017-10-18 15:00:00,10000.0,28.825000000000117,-312.00000000000114,buy,1.17747,1.17435,339.0000000000004,6,49501.4774514155,2017
2017-10-23 22:00:00,2017-10-24 19:00:00,10000.0,27.98750000000077,-313.0000000000077,buy,1.17824,1.1751099999999999,404.0000000000043,21,49530.777451415495,2017
2017-10-24 19:00:00,2017-10-25 14:00:00,10000.0,29.81250000000081,-330.000000000008,buy,1.17944,1.17614,419.9999999999981,19,49561.77745141549,2017
2017-10-25 23:00:00,2017-10-26 12:00:00,92500.0,412.4343749999969,-473.9999999999966,sell,1.17692,1.18166,670.9999999999993,13,49981.727451415485,2017
2017-10-26 12:00:00,2017-10-26 14:00:00,450000.0,2010.3750000000077,-468.0000000000017,sell,1.17204,1.17672,646.9999999999975,2,51997.72745141549,2017
2017-10-26 14:00:00,2017-10-26 19:00:00,505000.0,1994.1187500000365,-418.0000000000072,sell,1.16588,1.17006,482.0000000000046,5,54007.62745141553,2017
2017-10-30 23:00:00,2017-11-01 13:00:00,10000.0,25.825000000000227,-302.0000000000022,sell,1.16188,1.1649,419.9999999999981,38,54035.82745141554,2017
2017-11-01 13:00:00,2017-11-02 02:00:00,10000.0,42.3875000000008,-452.0000000000079,buy,1.16578,1.16126,482.0000000000046,13,54079.027451415546,2017
2017-11-02 08:00:00,2017-11-02 16:00:00,340000.0,1121.9999999999802,-354.9999999999942,buy,1.16693,1.16338,378.00000000001165,8,55218.027451415524,2017
2017-11-06 22:00:00,2017-11-07 09:00:00,10000.0,37.21249999999938,-398.99999999999375,sell,1.15677,1.16076,475.0000000000032,11,55255.927451415526,2017
2017-11-07 09:00:00,2017-11-07 23:00:00,10000.0,20.324999999998777,-231.99999999998775,buy,1.15915,1.15683,388.9999999999949,14,55277.12745141552,2017
2017-11-08 00:00:00,2017-11-09 12:00:00,10000.0,37.950000000001125,-422.0000000000112,buy,1.16371,1.15949,587.0000000000041,36,55317.32745141552,2017
2017-11-09 13:00:00,2017-11-09 17:00:00,477500.0,1764.3624999999636,-392.00000000001455,buy,1.1645100000000002,1.16059,457.0000000000185,4,57093.62745141548,2017
2017-11-13 22:00:00,2017-11-14 08:00:00,10000.0,19.574999999998887,-221.99999999998886,buy,1.16872,1.1665,265.0000000000041,10,57113.82745141548,2017
2017-11-14 08:00:00,2017-11-14 13:00:00,10000.0,30.68750000000081,-330.000000000008,buy,1.17441,1.1711099999999999,419.9999999999981,5,57144.82745141548,2017
2017-11-14 13:00:00,2017-11-14 18:00:00,10000.0,24.687499999999247,-269.99999999999244,buy,1.17803,1.17533,364.99999999999307,5,57169.82745141547,2017
2017-11-14 18:00:00,2017-11-15 09:00:00,10000.0,33.162499999998914,-360.9999999999891,buy,1.18359,1.17998,516.9999999999897,15,57203.927451415475,2017
2017-11-15 09:00:00,2017-11-15 16:00:00,10000.0,32.66249999999902,-350.99999999999017,sell,1.18019,1.1837,583.0000000000001,7,57237.027451415466,2017
2017-11-20 06:00:00,2017-11-20 09:00:00,572370.2745141546,3223.1601083579094,-585.0000000000132,buy,1.17957,1.1737199999999999,612.9999999999968,3,60470.91950242051,2017
2017-11-20 22:00:00,2017-11-22 09:00:00,10000.0,27.51249999999895,-316.9999999999895,buy,1.17668,1.17351,544.9999999999955,35,60500.619502420515,2017
2017-11-22 10:00:00,2017-11-22 15:00:00,10000.0,19.487500000000708,-218.00000000000705,buy,1.17731,1.17513,381.0000000000091,5,60520.419502420526,2017
2017-11-22 15:00:00,2017-11-22 20:00:00,10000.0,31.88749999999979,-341.99999999999784,buy,1.1822,1.17878,392.99999999999886,5,60552.61950242053,2017
2017-11-22 20:00:00,2017-11-23 17:00:00,10000.0,22.987500000001322,-263.0000000000132,buy,1.1848,1.18217,351.9999999999967,21,60576.919502420526,2017
2017-11-27 13:00:00,2017-11-27 16:00:00,605769.1950242054,2036.1417067751943,-358.0000000000138,sell,1.19203,1.19561,381.0000000000091,3,62624.41938160242,2017
2017-11-27 22:00:00,2017-11-28 16:00:00,10000.0,23.775000000000812,-269.0000000000081,sell,1.18715,1.18984,480.0000000000137,18,62649.31938160243,2017
2017-11-28 16:00:00,2017-11-28 20:00:00,10000.0,33.45000000000073,-357.0000000000073,sell,1.18393,1.1875,440.00000000001813,4,62683.019381602426,2017
2017-11-29 07:00:00,2017-11-29 12:00:00,10000.0,20.087500000002418,-224.00000000002416,sell,1.1844299999999999,1.1866700000000001,382.00000000001563,5,62703.41938160243,2017
2017-11-30 02:00:00,2017-11-30 10:00:00,175000.0,495.249999999995,-307.99999999999716,sell,1.18329,1.18637,422.99999999999557,8,63207.41938160243,2017
2017-12-04 22:00:00,2017-12-05 14:00:00,10000.0,26.000000000001247,-290.00000000001245,sell,1.18363,1.18653,400.00000000000034,16,63234.419381602434,2017
2017-12-05 14:00:00,2017-12-06 15:00:00,10000.0,30.837499999998876,-343.99999999998875,sell,1.17914,1.18258,559.9999999999827,25,63266.81938160243,2017
2017-12-06 17:00:00,2017-12-08 05:00:00,10000.0,22.749999999999247,-269.99999999999244,sell,1.17632,1.17902,509.00000000000387,36,63291.81938160244,2017
2017-12-11 23:00:00,2017-12-12 14:00:00,10000.0,19.062499999999797,-219.99999999999795,sell,1.17512,1.17732,405.00000000001086,15,63311.819381602436,2017
2017-12-12 15:00:00,2017-12-13 04:00:00,10000.0,22.387499999998557,-251.99999999998556,buy,1.17556,1.17304,383.9999999999843,13,63335.01938160244,2017
2017-12-13 07:00:00,2017-12-13 17:00:00,10000.0,15.575000000001548,-182.00000000001546,buy,1.17582,1.174,292.00000000000335,10,63351.21938160245,2017
2017-12-13 17:00:00,2017-12-13 20:00:00,10000.0,51.01249999999992,-531.9999999999991,buy,1.18175,1.17643,557.0000000000074,3,63402.41938160245,2017
2017-12-14 00:00:00,2017-12-14 15:00:00,120000.0,369.1500000000114,-337.0000000000095,sell,1.18032,1.1836900000000001,590.0000000000016,15,63782.81938160244,2017
2017-12-18 22:00:00,2017-12-19 11:00:00,10000.0,18.587500000000308,-214.00000000000307,buy,1.18055,1.17841,299.0000000000048,13,63802.219381602445,2017
2017-12-19 11:00:00,2017-12-19 19:00:00,10000.0,28.40000000000037,-309.0000000000037,buy,1.18418,1.18109,380.0000000000025,8,63831.119381602446,2017
2017-12-19 19:00:00,2017-12-20 16:00:00,10000.0,31.087499999998876,-343.99999999998875,buy,1.18803,1.18459,522.0000000000002,21,63863.519381602455,2017
2017-12-20 16:00:00,2017-12-22 01:00:00,10000.0,28.537500000000406,-326.00000000000404,sell,1.18456,1.18782,435.9999999999919,33,63894.11938160245,2017
2017-12-26 07:00:00,2017-12-26 12:00:00,10000.0,14.287499999999948,-165.99999999999946,sell,1.1853,1.18696,222.9999999999954,5,63908.71938160245,2017
2017-12-26 12:00:00,2017-12-26 15:00:00,10000.0,24.512500000001722,-267.0000000000172,buy,1.18748,1.18481,290.00000000001245,3,63933.419381602456,2017
2017-12-26 15:00:00,2017-12-27 10:00:00,10000.0,15.412499999999728,-185.99999999999727,buy,1.18854,1.18668,326.9999999999884,19,63950.01938160246,2017
2017-12-27 10:00:00,2017-12-28 05:00:00,10000.0,18.512500000000053,-217.0000000000005,buy,1.19156,1.18939,360.0000000000047,19,63969.71938160247,2017
2017-12-28 05:00:00,2017-12-28 17:00:00,257500.0,333.4625000000184,-157.00000000000713,buy,1.1949,1.19333,263.0000000000132,12,64322.49438160248,2017
2018-01-02 15:00:00,2018-01-03 12:00:00,10000.0,23.387499999999502,-266.999999999995,sell,1.20164,1.20431,489.0000000000061,21,10024.699999999995,2018
2018-01-03 14:00:00,2018-01-04 11:00:00,10000.0,27.18749999999997,-304.9999999999997,buy,1.2049,1.20185,489.0000000000061,21,10053.199999999993,2018
2018-01-04 12:00:00,2018-01-05 15:00:00,100531.99999999994,340.9291450000207,-376.00000000002075,sell,1.2030399999999999,1.2068,580.0000000000027,27,10411.093920000012,2018
2018-01-08 22:00:00,2018-01-09 09:00:00,10000.0,22.312499999999467,-249.99999999999466,sell,1.19405,1.19655,347.9999999999927,11,10434.093920000012,2018
2018-01-09 10:00:00,2018-01-10 11:00:00,10000.0,59.03750000000154,-626.0000000000153,buy,1.19921,1.19295,769.0000000000196,25,10494.693920000014,2018
2018-01-10 11:00:00,2018-01-10 17:00:00,10000.0,41.42500000000051,-438.000000000005,sell,1.19596,1.20034,579.0000000000183,6,10536.493920000015,2018
2018-01-10 21:00:00,2018-01-11 13:00:00,37500.0,193.12500000000662,-545.0000000000176,buy,1.20019,1.19474,736.0000000000033,16,10733.36892000002,2018
2018-01-11 13:00:00,2018-01-12 09:00:00,107333.68920000021,798.0259792020004,-775.9999999999989,buy,1.21101,1.20325,832.9999999999948,20,11544.811610352022,2018
2018-01-15 07:00:00,2018-01-15 10:00:00,115448.11610352024,491.95328474613024,-447.9999999999817,buy,1.2257799999999999,1.2213,486.99999999999295,3,12038.929547275093,2018
2018-01-15 22:00:00,2018-01-16 11:00:00,10000.0,44.28749999999992,-470.99999999999915,sell,1.22147,1.22618,682.0000000000048,13,12084.029547275091,2018
2018-01-16 11:00:00,2018-01-16 19:00:00,10000.0,45.300000000002285,-478.0000000000228,buy,1.22646,1.2216799999999999,704.0000000000157,8,12129.829547275094,2018
2018-01-16 22:00:00,2018-01-17 01:00:00,10000.0,40.51249999999996,-426.99999999999955,buy,1.23003,1.22576,452.99999999999227,3,12170.529547275095,2018
2018-01-17 01:00:00,2018-01-17 06:00:00,10000.0,39.88749999999891,-421.99999999998903,sell,1.22459,1.22881,509.9999999999882,5,12210.729547275094,2018
2018-01-23 08:00:00,2018-01-23 15:00:00,10000.0,33.662499999998914,-360.9999999999891,buy,1.22762,1.22401,458.0000000000028,7,12244.829547275092,2018
2018-01-23 15:00:00,2018-01-24 09:00:00,10000.0,39.975000000000364,-431.0000000000036,buy,1.23374,1.22943,673.0000000000124,18,12285.929547275093,2018
2018-01-24 09:00:00,2018-01-24 15:00:00,10000.0,48.424999999999734,-507.9999999999973,buy,1.23895,1.23387,604.9999999999889,6,12334.729547275092,2018
2018-01-24 15:00:00,2018-01-25 03:00:00,10000.0,34.950000000000514,-377.00000000000506,buy,1.24201,1.23824,439.9999999999959,12,12370.429547275093,2018
2018-01-25 05:00:00,2018-01-25 09:00:00,123704.29547275094,565.9471517878525,-480.0000000000137,sell,1.23975,1.24455,613.000000000019,4,12939.469306449766,2018
2018-01-30 06:00:00,2018-01-30 10:00:00,10000.0,43.24999999999832,-454.9999999999832,buy,1.23948,1.23493,608.9999999999928,4,12982.969306449764,2018
2018-01-30 10:00:00,2018-01-31 13:00:00,10000.0,39.312500000001926,-430.0000000000192,buy,1.24574,1.2414399999999999,744.0000000000113,27,13023.969306449768,2018
2018-01-31 13:00:00,2018-01-31 18:00:00,10000.0,43.98750000000134,-463.00000000001336,sell,1.24162,1.24625,583.0000000000001,5,13068.269306449769,2018
2018-01-31 18:00:00,2018-02-01 16:00:00,10000.0,45.92499999999879,-492.99999999998784,buy,1.2467,1.24177,827.9999999999842,22,13115.569306449768,2018
2018-02-01 18:00:00,2018-02-02 14:00:00,131155.6930644977,541.0172338910617,-445.0000000000065,sell,1.2446599999999999,1.24911,757.0000000000076,20,13672.98100197389,2018
2018-02-06 03:00:00,2018-02-06 09:00:00,10000.0,44.32499999999952,-466.99999999999517,buy,1.24153,1.23686,651.0000000000015,6,13717.681001973888,2018
2018-02-06 09:00:00,2018-02-06 13:00:00,10000.0,56.34999999999977,-585.9999999999976,sell,1.23415,1.24001,751.999999999997,4,13774.281001973888,2018
2018-02-06 14:00:00,2018-02-06 18:00:00,10000.0,47.950000000000244,-502.0000000000024,buy,1.23882,1.2338,753.0000000000036,4,13822.481001973889,2018
2018-02-06 18:00:00,2018-02-07 11:00:00,10000.0,52.63750000000075,-557.0000000000074,sell,1.23404,1.23961,649.999999999995,17,13876.18100197389,2018
2018-02-07 11:00:00,2018-02-07 16:00:00,10000.0,50.38749999999886,-526.9999999999885,sell,1.22947,1.23474,553.9999999999878,5,13926.881001973887,2018
2018-02-12 22:00:00,2018-02-13 11:00:00,10000.0,51.48750000000046,-543.0000000000045,buy,1.23459,1.22916,623.000000000018,13,13979.181001973884,2018
2018-02-13 11:00:00,2018-02-14 03:00:00,10000.0,34.400000000000766,-374.0000000000076,buy,1.23777,1.23403,517.9999999999962,16,14014.581001973887,2018
2018-02-14 03:00:00,2018-02-14 10:00:00,10000.0,30.762499999999896,-331.9999999999989,sell,1.23537,1.23869,380.99999999998687,7,14045.781001973888,2018
2018-02-14 10:00:00,2018-02-14 14:00:00,10000.0,45.449999999999406,-476.99999999999403,sell,1.23061,1.23538,507.9999999999973,4,14091.481001973887,2018
2018-02-14 14:00:00,2018-02-14 16:00:00,10000.0,74.37499999999935,-764.9999999999934,buy,1.24006,1.23241,791.9999999999926,2,14165.981001973887,2018
2018-02-19 11:00:00,2018-02-19 14:00:00,141659.81001973886,627.7300331499739,-465.00000000000426,sell,1.23745,1.2421,514.0000000000144,3,14796.367156561731,2018
2018-02-19 22:00:00,2018-02-20 08:00:00,10000.0,39.374999999999815,-419.9999999999981,sell,1.23615,1.24035,498.9999999999828,10,14836.367156561735,2018
2018-02-20 08:00:00,2018-02-21 05:00:00,10000.0,29.787500000001458,-331.0000000000146,sell,1.23236,1.23567,402.0000000000134,21,14867.467156561735,2018
2018-02-21 21:00:00,2018-02-22 15:00:00,37500.0,144.28125000000614,-416.0000000000163,buy,1.23249,1.22833,660.000000000016,18,15015.96715656174,2018
2018-02-27 00:00:00,2018-02-27 14:00:00,10000.0,37.425000000002,-403.00000000001995,sell,1.2288999999999999,1.23293,569.0000000000194,14,15054.26715656174,2018
2018-02-27 14:00:00,2018-02-27 16:00:00,10000.0,27.875000000001137,-300.00000000001137,sell,1.22406,1.22706,378.00000000001165,2,15082.267156561742,2018
2018-02-27 16:00:00,2018-02-28 16:00:00,10000.0,35.50000000000014,-390.0000000000014,sell,1.21976,1.22366,568.0000000000128,24,15119.267156561744,2018
2018-03-01 06:00:00,2018-03-01 13:00:00,151192.67156561746,457.5468223254659,-327.0000000000106,sell,1.21702,1.22029,422.99999999999557,7,15583.428658268203,2018
2018-03-01 14:00:00,2018-03-01 17:00:00,155834.28658268205,570.5482817508612,-388.0000000000105,buy,1.22126,1.21738,591.9999999999925,3,16156.898832892488,2018
2018-03-05 22:00:00,2018-03-06 12:00:00,10000.0,56.42499999999991,-592.9999999999991,buy,1.23946,1.23353,672.9999999999902,14,16214.198832892487,2018
2018-03-06 22:00:00,2018-03-08 10:00:00,10000.0,28.95000000000212,-332.00000000002115,sell,1.23843,1.2417500000000001,595.0000000000122,36,16245.39883289249,2018
2018-03-08 13:00:00,2018-03-08 15:00:00,162453.9883289249,732.2613523926383,-472.0000000000057,sell,1.23525,1.23997,520.0000000000093,2,16979.69086013924,2018
2018-03-13 04:00:00,2018-03-13 13:00:00,10000.0,31.737500000000438,-343.0000000000044,buy,1.23634,1.23291,496.0000000000075,9,17011.990860139238,2018
2018-03-13 15:00:00,2018-03-14 14:00:00,10000.0,32.662499999998914,-360.9999999999891,sell,1.23591,1.23952,531.9999999999991,23,17046.09086013924,2018
2018-03-14 14:00:00,2018-03-15 16:00:00,10000.0,36.174999999998725,-397.9999999999872,sell,1.23211,1.23609,621.0000000000048,26,17083.890860139243,2018
2018-03-15 16:00:00,2018-03-16 14:00:00,170838.90860139244,422.3992015169393,-280.9999999999979,sell,1.22855,1.23136,500.99999999999585,22,17529.780411588865,2018
2018-03-19 22:00:00,2018-03-20 12:00:00,10000.0,35.0249999999996,-378.99999999999596,sell,1.2296,1.23339,581.9999999999936,14,17565.68041158887,2018
2018-03-20 12:00:00,2018-03-20 17:00:00,10000.0,24.087499999999757,-263.99999999999756,sell,1.22553,1.22817,310.00000000001023,5,17590.080411588868,2018
2018-03-20 17:00:00,2018-03-21 19:00:00,10000.0,61.07500000000198,-647.0000000000198,buy,1.23273,1.22626,886.000000000009,26,17652.780411588876,2018
2018-03-22 00:00:00,2018-03-22 11:00:00,120000.0,523.350000000016,-463.00000000001336,sell,1.23193,1.23656,686.0000000000088,11,18184.380411588892,2018
2018-03-22 12:00:00,2018-03-23 16:00:00,181843.80411588892,677.3681703316848,-409.9999999999992,buy,1.2356,1.2315,713.9999999999924,28,18893.571247640848,2018
2018-03-26 12:00:00,2018-03-26 14:00:00,188935.7124764085,558.7773696490002,-317.0000000000117,buy,1.24339,1.2402199999999999,365.9999999999996,2,19454.710313695803,2018
2018-03-26 23:00:00,2018-03-27 10:00:00,10000.0,36.212499999999494,-388.9999999999949,sell,1.24156,1.24545,602.999999999998,11,19491.6103136958,2018
2018-03-27 10:00:00,2018-03-28 14:00:00,10000.0,56.15000000000162,-599.0000000000161,sell,1.23443,1.24042,770.000000000004,28,19549.510313695806,2018
2018-03-28 14:00:00,2018-03-28 19:00:00,10000.0,32.18749999999953,-344.9999999999953,sell,1.23144,1.23489,453.9999999999988,5,19582.010313695802,2018
2018-03-29 03:00:00,2018-03-29 15:00:00,195820.10313695803,447.44893566792865,-255.99999999998954,sell,1.22998,1.23254,356.00000000000074,12,20044.145757099,2018
2018-04-02 13:00:00,2018-04-02 16:00:00,200441.45757099,555.4733892936157,-299.0000000000048,sell,1.2288999999999999,1.23189,449.00000000001046,3,20603.37742372207,2018
2018-04-02 23:00:00,2018-04-03 07:00:00,10000.0,23.199999999999612,-256.9999999999961,buy,1.23204,1.22947,290.00000000001245,8,20627.07742372207,2018
2018-04-03 07:00:00,2018-04-03 11:00:00,10000.0,29.350000000000517,-316.0000000000051,sell,1.22897,1.23213,406.00000000001745,4,20656.67742372207,2018
2018-04-03 11:00:00,2018-04-03 14:00:00,10000.0,37.11249999999989,-392.99999999999886,sell,1.22598,1.22991,548.9999999999994,3,20693.97742372207,2018
2018-04-04 06:00:00,2018-04-04 08:00:00,10000.0,21.975000000000232,-241.0000000000023,buy,1.22918,1.22677,354.9999999999942,2,20716.07742372207,2018
2018-04-09 10:00:00,2018-04-09 13:00:00,207160.77423722067,723.2500530556719,-370.99999999998795,buy,1.23114,1.22743,458.99999999998715,3,21443.211741294686,2018
2018-04-09 22:00:00,2018-04-10 12:00:00,10000.0,31.12499999999848,-339.9999999999847,buy,1.23572,1.23232,550.9999999999903,14,21475.21174129469,2018
2018-04-10 15:00:00,2018-04-11 07:00:00,10000.0,31.699999999998624,-346.9999999999862,buy,1.23735,1.23388,375.9999999999985,16,21507.911741294687,2018
2018-04-11 08:00:00,2018-04-12 09:00:00,10000.0,25.037500000000847,-286.00000000000847,sell,1.23457,1.23743,497.00000000001404,25,21534.5117412947,2018
2018-04-12 09:00:00,2018-04-12 14:00:00,215345.117412947,594.0833426629779,-299.0000000000048,sell,1.23081,1.2338,429.99999999999704,5,22135.32461887683,2018
2018-04-16 06:00:00,2018-04-16 08:00:00,221353.24618876833,510.7726155806493,-252.00000000002996,buy,1.2354,1.2328799999999998,283.99999999999534,2,22648.86415003479,2018
2018-04-17 06:00:00,2018-04-17 10:00:00,10000.0,23.250000000000522,-255.0000000000052,sell,1.23736,1.23991,398.00000000000944,4,22672.36415003479,2018
2018-04-17 12:00:00,2018-04-18 03:00:00,10000.0,25.662500000000847,-286.00000000000847,buy,1.23776,1.2348999999999999,424.99999999998647,15,22698.964150034793,2018
2018-04-18 11:00:00,2018-04-19 16:00:00,10000.0,39.68750000000076,-435.00000000000756,sell,1.23373,1.23808,624.0000000000023,29,22740.46415003479,2018
2018-04-19 16:00:00,2018-04-20 10:00:00,227404.6415003479,829.4584298725612,-396.00000000001853,sell,1.23023,1.2341900000000001,557.0000000000074,18,23595.50560207614,2018
2018-04-23 06:00:00,2018-04-23 09:00:00,235955.0560207614,691.6432579608012,-314.9999999999764,sell,1.22401,1.2271599999999998,487.9999999999995,3,24291.57301733738,2018
2018-04-24 07:00:00,2018-04-24 14:00:00,10000.0,29.06249999999986,-314.9999999999986,buy,1.22285,1.2197,478.0000000000006,7,24321.07301733738,2018
2018-04-24 15:00:00,2018-04-25 08:00:00,10000.0,32.43749999999942,-354.9999999999942,sell,1.21895,1.2225,550.000000000006,17,24354.57301733739,2018
2018-04-25 08:00:00,2018-04-25 15:00:00,10000.0,24.562500000001467,-270.00000000001467,sell,1.21732,1.22002,415.99999999999415,7,24379.57301733739,2018
2018-04-25 20:00:00,2018-04-26 13:00:00,10000.0,34.53749999999985,-375.9999999999985,buy,1.21971,1.21595,534.0000000000122,17,24415.173017337387,2018
2018-04-30 09:00:00,2018-04-30 12:00:00,244151.7301733739,845.0701760625673,-367.9999999999905,sell,1.20788,1.21156,387.99999999998835,3,25264.821038340706,2018
2018-04-30 22:00:00,2018-05-01 09:00:00,10000.0,38.81250000000098,-415.0000000000098,sell,1.2036,1.20775,473.9999999999966,11,25304.321038340702,2018
2018-05-01 09:00:00,2018-05-01 14:00:00,10000.0,22.287499999999067,-245.99999999999065,sell,1.20062,1.20308,313.0000000000077,5,25326.921038340704,2018
2018-05-01 16:00:00,2018-05-02 14:00:00,10000.0,35.3250000000004,-387.000000000004,sell,1.19752,1.20139,562.000000000018,22,25363.6210383407,2018
2018-05-02 14:00:00,2018-05-03 08:00:00,10000.0,37.474999999999525,-405.9999999999952,buy,1.19986,1.1958,615.9999999999943,18,25402.22103834071,2018
2018-05-07 22:00:00,2018-05-08 09:00:00,10000.0,28.312500000001027,-310.00000000001023,sell,1.18901,1.19211,480.0000000000137,11,25431.22103834072,2018
2018-05-08 09:00:00,2018-05-09 07:00:00,10000.0,44.825000000000465,-482.0000000000046,sell,1.18288,1.1877,572.0000000000169,22,25477.421038340715,2018
2018-05-09 07:00:00,2018-05-09 11:00:00,10000.0,29.950000000000003,-322.00000000000006,buy,1.18724,1.18402,405.00000000001086,4,25507.621038340712,2018
2018-05-09 14:00:00,2018-05-10 13:00:00,10000.0,63.66249999999994,-670.9999999999993,buy,1.19241,1.1857,835.0000000000078,23,25572.72103834072,2018
2018-05-10 14:00:00,2018-05-10 18:00:00,255727.2103834072,1090.6765522852584,-449.00000000001046,buy,1.1926,1.18811,480.0000000000137,4,26669.790770885564,2018
2018-05-14 22:00:00,2018-05-15 12:00:00,10000.0,45.025000000000716,-479.00000000000716,sell,1.18803,1.19282,579.0000000000183,14,26715.690770885572,2018
2018-05-15 14:00:00,2018-05-15 23:00:00,10000.0,37.3375000000016,-399.000000000016,sell,1.1818899999999999,1.18588,562.000000000018,9,26753.590770885574,2018
2018-05-16 00:00:00,2018-05-16 11:00:00,10000.0,33.01250000000073,-357.0000000000073,sell,1.17927,1.1828400000000001,607.9999999999862,11,26787.290770885575,2018
2018-05-16 12:00:00,2018-05-16 17:00:00,10000.0,39.18750000000098,-415.0000000000098,buy,1.18096,1.17681,439.9999999999959,5,26826.790770885575,2018
2018-05-16 17:00:00,2018-05-18 13:00:00,10000.0,38.149999999999054,-428.99999999999045,sell,1.17714,1.18143,655.9999999999899,44,26867.690770885576,2018
2018-05-22 04:00:00,2018-05-22 08:00:00,10000.0,36.95000000000145,-392.00000000001455,buy,1.18147,1.1775499999999999,588.0000000000107,4,26904.89077088558,2018
2018-05-22 08:00:00,2018-05-23 02:00:00,10000.0,38.07500000000124,-412.00000000001234,sell,1.17647,1.18059,618.0000000000074,18,26944.09077088558,2018
2018-05-23 02:00:00,2018-05-23 08:00:00,10000.0,37.424999999998725,-397.9999999999872,sell,1.17121,1.17519,556.0000000000009,6,26981.89077088558,2018
2018-05-23 08:00:00,2018-05-23 18:00:00,10000.0,43.97500000000109,-466.0000000000108,sell,1.168,1.17266,673.0000000000124,10,27026.49077088558,2018
2018-05-24 01:00:00,2018-05-24 09:00:00,147500.0,522.1500000000268,-379.0000000000182,buy,1.17355,1.16976,452.0000000000079,8,27556.015770885606,2018
2018-05-28 10:00:00,2018-05-28 13:00:00,275560.15770885604,1146.674706265991,-438.000000000005,sell,1.16109,1.16547,458.0000000000028,3,28707.85723010864,2018
2018-05-28 22:00:00,2018-05-29 07:00:00,10000.0,25.437500000001357,-280.00000000001353,sell,1.15959,1.16239,433.00000000001666,9,28733.857230108635,2018
2018-05-29 07:00:00,2018-05-29 18:00:00,10000.0,26.612500000000992,-293.0000000000099,sell,1.1536,1.15653,534.9999999999966,11,28761.157230108634,2018
2018-05-29 18:00:00,2018-05-30 07:00:00,10000.0,40.287500000000364,-431.0000000000036,buy,1.15771,1.1534,592.9999999999991,13,28802.257230108637,2018
2018-05-30 07:00:00,2018-05-30 16:00:00,10000.0,53.73750000000024,-563.0000000000024,buy,1.16609,1.16046,802.9999999999981,9,28856.557230108636,2018
2018-06-05 06:00:00,2018-06-05 13:00:00,10000.0,31.662499999999127,-340.9999999999913,sell,1.16677,1.17018,485.9999999999864,7,28888.657230108634,2018
2018-06-05 13:00:00,2018-06-05 17:00:00,10000.0,43.75000000000159,-460.0000000000159,buy,1.17148,1.16688,629.9999999999972,4,28932.657230108634,2018
2018-06-05 17:00:00,2018-06-06 10:00:00,10000.0,34.13750000000168,-372.0000000000167,buy,1.17684,1.17312,609.000000000015,17,28967.857230108635,2018
2018-06-06 10:00:00,2018-06-07 07:00:00,92500.0,328.25937499998923,-387.99999999998835,buy,1.18081,1.17693,479.99999999999153,21,29308.257230108633,2018
2018-06-07 07:00:00,2018-06-08 00:00:00,293082.57230108633,786.5603534130546,-299.0000000000048,sell,1.17949,1.18248,446.9999999999974,17,30125.95760682867,2018
2018-06-12 00:00:00,2018-06-12 08:00:00,10000.0,34.50000000000037,-370.00000000000364,buy,1.17916,1.17546,486.99999999999295,8,30160.95760682867,2018
2018-06-12 08:00:00,2018-06-12 18:00:00,10000.0,36.975000000001856,-396.00000000001853,sell,1.17508,1.17904,518.0000000000184,10,30198.557606828675,2018
2018-06-12 18:00:00,2018-06-13 17:00:00,10000.0,33.36249999999906,-367.9999999999905,buy,1.17882,1.17514,590.0000000000016,23,30233.357606828682,2018
2018-06-13 18:00:00,2018-06-14 07:00:00,10000.0,35.68750000000131,-385.0000000000131,buy,1.18117,1.17732,405.00000000001086,13,30269.857606828686,2018
2018-06-14 11:00:00,2018-06-14 13:00:00,302698.57606828684,1400.7376607559838,-483.9999999999955,sell,1.16876,1.1736,558.9999999999983,2,31674.37899978552,2018
2018-06-18 23:00:00,2018-06-19 07:00:00,10000.0,39.30000000000072,-418.0000000000072,sell,1.15846,1.1626400000000001,591.9999999999925,8,31714.17899978552,2018
2018-06-19 07:00:00,2018-06-19 12:00:00,10000.0,28.787500000001682,-311.00000000001677,sell,1.15465,1.1577600000000001,504.0000000000155,5,31743.27899978552,2018
2018-06-19 15:00:00,2018-06-21 09:00:00,10000.0,50.27499999999995,-548.9999999999994,sell,1.15204,1.15753,792.9999999999992,42,31796.17899978552,2018
2018-06-21 09:00:00,2018-06-21 13:00:00,317961.7899978552,1992.0306143365967,-649.0000000000106,buy,1.1586400000000001,1.15215,719.000000000003,4,33796.15865887206,2018
2018-06-21 13:00:00,2018-06-22 06:00:00,337961.5865887206,1322.6971595116433,-422.0000000000112,buy,1.1629800000000001,1.15876,552.0000000000191,17,35154.764236958756,2018
2018-06-25 22:00:00,2018-06-26 10:00:00,10000.0,35.250000000000256,-380.0000000000025,sell,1.16616,1.16996,581.9999999999936,12,35190.764236958756,2018
2018-06-26 10:00:00,2018-06-27 09:00:00,10000.0,34.16249999999985,-375.9999999999985,sell,1.16294,1.1667,544.9999999999955,23,35226.364236958754,2018
2018-06-27 09:00:00,2018-06-27 13:00:00,10000.0,37.04999999999989,-392.99999999999886,sell,1.15984,1.16377,443.9999999999999,4,35263.66423695876,2018
2018-06-27 13:00:00,2018-06-27 18:00:00,10000.0,34.98750000000011,-373.0000000000011,sell,1.15679,1.16052,432.0000000000101,5,35298.96423695876,2018
2018-06-27 19:00:00,2018-06-28 11:00:00,10000.0,31.800000000001496,-348.00000000001495,buy,1.15897,1.15549,632.9999999999947,16,35331.764236958756,2018
2018-07-02 22:00:00,2018-07-04 02:00:00,10000.0,27.15000000000037,-309.0000000000037,buy,1.16719,1.1641,523.9999999999911,28,35360.66423695875,2018
2018-07-04 02:00:00,2018-07-04 09:00:00,10000.0,20.062499999998632,-224.9999999999863,sell,1.1646,1.16685,353.9999999999876,7,35381.16423695875,2018
2018-07-04 09:00:00,2018-07-04 17:00:00,10000.0,24.100000000001067,-266.00000000001063,buy,1.16635,1.16369,333.9999999999898,8,35405.76423695875,2018
2018-07-04 17:00:00,2018-07-05 07:00:00,10000.0,23.125000000001577,-260.00000000001575,buy,1.16941,1.16681,450.000000000017,14,35429.76423695874,2018
2018-07-05 07:00:00,2018-07-06 07:00:00,312500.0,868.7500000000241,-313.0000000000077,buy,1.17184,1.16871,468.0000000000017,24,36345.38923695876,2018
2018-07-09 22:00:00,2018-07-10 10:00:00,10000.0,22.050000000000377,-248.00000000000375,sell,1.17232,1.1748,387.99999999998835,12,36368.189236958766,2018
2018-07-10 10:00:00,2018-07-10 17:00:00,10000.0,23.262500000001832,-257.0000000000183,buy,1.17311,1.17054,413.0000000000189,7,36391.88923695876,2018
2018-07-10 17:00:00,2018-07-11 09:00:00,10000.0,30.90000000000004,-339.0000000000004,sell,1.171,1.17439,392.99999999999886,16,36423.78923695876,2018
2018-07-11 09:00:00,2018-07-11 13:00:00,10000.0,41.65000000000116,-439.00000000001154,buy,1.1749100000000001,1.17052,501.0000000000181,4,36465.68923695876,2018
2018-07-11 13:00:00,2018-07-11 17:00:00,10000.0,42.24999999999843,-444.99999999998425,sell,1.16992,1.17437,500.99999999999585,4,36508.18923695875,2018
2018-07-16 22:00:00,2018-07-17 07:00:00,10000.0,18.137500000000163,-207.00000000000162,buy,1.17311,1.17104,304.00000000001535,9,36526.889236958756,2018
2018-07-17 07:00:00,2018-07-17 13:00:00,10000.0,23.924999999999102,-262.999999999991,sell,1.16991,1.17254,449.00000000001046,6,36551.18923695875,2018
2018-07-17 13:00:00,2018-07-17 17:00:00,10000.0,25.350000000000957,-276.00000000000955,sell,1.1655,1.16826,486.99999999999295,4,36576.78923695875,2018
2018-07-17 17:00:00,2018-07-18 07:00:00,10000.0,26.425000000000992,-293.0000000000099,sell,1.16332,1.16625,318.00000000001825,14,36604.089236958745,2018
2018-07-18 11:00:00,2018-07-18 15:00:00,10000.0,28.24999999999997,-304.9999999999997,buy,1.16399,1.16094,388.0000000000105,4,36632.589236958745,2018
2018-07-24 00:00:00,2018-07-24 07:00:00,10000.0,26.86249999999877,-292.99999999998766,sell,1.16609,1.16902,403.9999999999821,7,36659.88923695875,2018
2018-07-24 08:00:00,2018-07-25 20:00:00,10000.0,38.349999999999305,-425.999999999993,buy,1.17286,1.1686,651.0000000000015,36,36700.489236958754,2018
2018-07-25 20:00:00,2018-07-26 14:00:00,10000.0,37.97500000000058,-411.0000000000058,sell,1.16814,1.17225,618.0000000000074,18,36739.589236958775,2018
2018-07-30 22:00:00,2018-07-31 11:00:00,10000.0,18.487499999999653,-212.9999999999965,buy,1.17303,1.1709,313.0000000000077,13,36758.88923695877,2018
2018-07-31 11:00:00,2018-07-31 14:00:00,10000.0,23.912500000002233,-261.0000000000223,sell,1.1706699999999999,1.17328,388.0000000000105,3,36782.989236958776,2018
2018-07-31 14:00:00,2018-08-01 16:00:00,10000.0,28.27500000000026,-319.0000000000026,sell,1.16665,1.16984,415.0000000000098,26,36812.88923695877,2018
2018-08-01 16:00:00,2018-08-02 07:00:00,10000.0,29.962500000000148,-329.0000000000015,sell,1.16319,1.16648,453.00000000001444,15,36843.78923695877,2018
2018-08-02 07:00:00,2018-08-02 17:00:00,312500.0,530.4687499999881,-195.99999999999616,sell,1.16094,1.1629,241.0000000000023,10,37393.78923695875,2018
2018-08-06 22:00:00,2018-08-07 07:00:00,10000.0,17.637500000001328,-202.00000000001327,buy,1.15778,1.15576,270.999999999999,9,37411.989236958754,2018
2018-08-07 07:00:00,2018-08-07 12:00:00,10000.0,18.987500000001873,-213.0000000000187,buy,1.15996,1.15783,270.00000000001467,5,37431.28923695876,2018
2018-08-07 14:00:00,2018-08-08 04:00:00,10000.0,21.024999999998922,-238.9999999999892,buy,1.16173,1.15934,358.9999999999982,14,37453.18923695875,2018
2018-08-08 04:00:00,2018-08-08 09:00:00,10000.0,28.687500000001027,-310.00000000001023,sell,1.15898,1.16208,372.0000000000167,5,37482.18923695875,2018
2018-08-08 11:00:00,2018-08-08 18:00:00,10000.0,21.362500000000487,-238.00000000000486,buy,1.16083,1.15845,361.00000000001125,7,37503.98923695875,2018
2018-08-13 22:00:00,2018-08-14 16:00:00,10000.0,47.47500000000065,-506.0000000000064,sell,1.13521,1.1402700000000001,770.000000000004,18,37552.58923695875,2018
2018-08-14 19:00:00,2018-08-15 14:00:00,10000.0,35.612500000001056,-388.0000000000105,sell,1.13042,1.1343,456.00000000001194,19,37589.389236958756,2018
2018-08-15 14:00:00,2018-08-15 17:00:00,10000.0,25.612500000000047,-278.00000000000045,buy,1.13406,1.13128,297.99999999999824,3,37615.18923695876,2018
2018-08-15 17:00:00,2018-08-16 03:00:00,10000.0,31.275000000002265,-339.00000000002257,buy,1.1372200000000001,1.13383,379.0000000000182,10,37647.08923695877,2018
2018-08-16 07:00:00,2018-08-17 13:00:00,312500.0,953.9062500000343,-344.0000000000109,buy,1.1403400000000001,1.1369,563.0000000000024,30,38659.58923695879,2018
2018-08-20 22:00:00,2018-08-21 01:00:00,10000.0,24.712500000000812,-269.0000000000081,buy,1.15198,1.14929,350.99999999999017,3,38684.48923695879,2018
2018-08-21 01:00:00,2018-08-21 17:00:00,10000.0,36.799999999998725,-397.9999999999872,buy,1.1557,1.15172,659.9999999999939,16,38722.28923695879,2018
2018-08-21 17:00:00,2018-08-23 18:00:00,10000.0,41.937500000001485,-470.00000000001484,sell,1.15424,1.15894,802.0000000000138,49,38767.289236958815,2018
2018-08-23 18:00:00,2018-08-24 11:00:00,387672.8923695882,1451.350390808602,-404.9999999999887,buy,1.15783,1.15378,491.9999999999813,17,40259.82987258168,2018
2018-08-27 22:00:00,2018-08-28 12:00:00,10000.0,28.924999999999606,-317.999999999996,buy,1.17134,1.16816,514.9999999999987,14,40289.629872581674,2018
2018-08-28 12:00:00,2018-08-29 02:00:00,10000.0,25.325000000000447,-282.00000000000443,sell,1.16855,1.17137,475.0000000000032,14,40315.82987258167,2018
2018-08-29 02:00:00,2018-08-29 08:00:00,10000.0,19.525000000001363,-219.0000000000136,sell,1.16675,1.16894,282.00000000000443,6,40335.729872581665,2018
2018-08-29 08:00:00,2018-08-29 16:00:00,10000.0,25.800000000001102,-283.00000000001097,buy,1.16961,1.16678,449.9999999999948,8,40362.029872581654,2018
2018-08-29 16:00:00,2018-08-30 14:00:00,10000.0,37.125000000001094,-405.00000000001086,sell,1.16617,1.17022,561.0000000000115,22,40400.529872581654,2018
2018-09-03 22:00:00,2018-09-04 07:00:00,10000.0,32.43750000000058,-350.00000000000585,sell,1.15793,1.16143,378.00000000001165,9,40433.52987258165,2018
2018-09-04 13:00:00,2018-09-04 17:00:00,10000.0,29.849999999999355,-320.99999999999346,buy,1.15774,1.15453,480.99999999999807,4,40463.62987258164,2018
2018-09-05 01:00:00,2018-09-05 07:00:00,10000.0,26.424999999999937,-287.9999999999993,sell,1.15652,1.1594,426.99999999999955,6,40490.42987258163,2018
2018-09-05 07:00:00,2018-09-05 11:00:00,10000.0,31.950000000002007,-342.00000000002007,buy,1.1591500000000001,1.15573,370.00000000000364,4,40522.62987258164,2018
2018-09-05 11:00:00,2018-09-05 14:00:00,10000.0,41.61250000000051,-438.000000000005,buy,1.16246,1.15808,537.999999999994,3,40564.42987258163,2018
2018-09-10 06:00:00,2018-09-10 08:00:00,405644.29872581636,1098.2819388001615,-292.00000000000335,buy,1.15636,1.15344,314.9999999999986,2,41667.78236511586,2018
2018-09-10 22:00:00,2018-09-11 07:00:00,10000.0,24.537499999999902,-270.999999999999,buy,1.16228,1.15957,458.0000000000028,9,41692.88236511586,2018
2018-09-11 07:00:00,2018-09-11 10:00:00,10000.0,28.612499999999716,-307.99999999999716,sell,1.15964,1.16272,375.9999999999985,3,41721.682365115856,2018
2018-09-11 10:00:00,2018-09-12 15:00:00,10000.0,32.28750000000113,-361.00000000001125,buy,1.16218,1.1585699999999999,574.0000000000078,29,41755.782365115854,2018
2018-09-12 15:00:00,2018-09-13 13:00:00,10000.0,45.12500000000021,-485.00000000000205,buy,1.16762,1.16277,680.0000000000139,22,41802.28236511585,2018
2018-09-17 22:00:00,2018-09-18 04:00:00,10000.0,18.624999999999908,-209.99999999999906,buy,1.16929,1.16719,270.999999999999,6,41821.28236511584,2018
2018-09-18 11:00:00,2018-09-18 17:00:00,10000.0,41.12500000000076,-435.00000000000756,sell,1.16604,1.17039,635.0000000000077,6,41862.78236511584,2018
2018-09-18 17:00:00,2018-09-19 09:00:00,10000.0,29.500000000001975,-325.00000000001967,buy,1.16996,1.16671,449.00000000001046,16,41893.28236511585,2018
2018-09-19 13:00:00,2018-09-20 08:00:00,10000.0,27.112500000000882,-303.0000000000088,buy,1.16947,1.16644,456.00000000001194,19,41921.58236511584,2018
2018-09-20 08:00:00,2018-09-20 11:00:00,340000.0,772.2250000000352,-249.00000000001032,buy,1.17182,1.16933,326.00000000000404,3,42700.18236511588,2018
2018-09-24 06:00:00,2018-09-24 09:00:00,427001.8236511588,1068.0383114074848,-272.00000000000557,buy,1.17649,1.17377,310.9999999999946,3,43776.22696071683,2018
2018-09-24 11:00:00,2018-09-24 14:00:00,437762.26960716833,1252.547293913498,-307.99999999999716,buy,1.1796,1.17652,472.0000000000057,3,45036.98229718546,2018
2018-09-25 01:00:00,2018-09-25 12:00:00,10000.0,34.21249999999971,-368.9999999999971,buy,1.1779,1.17421,487.9999999999995,11,45071.88229718545,2018
2018-09-25 12:00:00,2018-09-26 12:00:00,10000.0,35.99999999999898,-394.99999999998977,sell,1.17378,1.17773,540.9999999999915,24,45109.38229718545,2018
2018-09-26 13:00:00,2018-09-26 18:00:00,10000.0,24.387499999999502,-266.999999999995,buy,1.17624,1.17357,316.0000000000051,5,45134.08229718546,2018
2018-10-01 22:00:00,2018-10-02 06:00:00,10000.0,24.199999999999502,-266.999999999995,sell,1.15484,1.15751,310.9999999999946,8,45158.782297185455,2018
2018-10-02 08:00:00,2018-10-02 15:00:00,10000.0,35.06250000000142,-375.00000000001415,buy,1.15535,1.1516,491.00000000001916,7,45194.28229718546,2018
2018-10-02 17:00:00,2018-10-03 03:00:00,10000.0,35.075000000000514,-377.00000000000506,buy,1.15821,1.15444,470.99999999999915,10,45229.98229718546,2018
2018-10-03 03:00:00,2018-10-03 12:00:00,10000.0,25.437500000001357,-280.00000000001353,sell,1.1549099999999999,1.15771,434.000000000001,9,45255.98229718547,2018
2018-10-03 12:00:00,2018-10-03 21:00:00,10000.0,46.13750000000152,-487.0000000000152,sell,1.1478,1.15267,684.0000000000178,9,45302.682297185485,2018
2018-10-08 22:00:00,2018-10-09 10:00:00,10000.0,34.950000000000514,-377.00000000000506,sell,1.14521,1.1489800000000001,498.9999999999828,12,45338.38229718548,2018
2018-10-09 10:00:00,2018-10-09 16:00:00,10000.0,27.024999999999427,-293.99999999999426,buy,1.14781,1.14487,466.99999999999517,6,45365.782297185484,2018
2018-10-09 16:00:00,2018-10-10 14:00:00,10000.0,33.42499999999906,-367.9999999999905,buy,1.15183,1.14815,426.99999999999955,22,45400.582297185465,2018
2018-10-10 14:00:00,2018-10-11 02:00:00,10000.0,22.950000000001832,-257.0000000000183,buy,1.1561000000000001,1.15353,469.00000000000824,12,45424.28229718547,2018
2018-10-11 05:00:00,2018-10-11 18:00:00,257500.0,604.8031249999768,-262.999999999991,buy,1.15824,1.15561,479.99999999999153,13,46050.00729718545,2018
2018-10-16 04:00:00,2018-10-16 14:00:00,10000.0,23.774999999999757,-263.99999999999756,buy,1.15987,1.15723,336.00000000000296,10,46074.40729718545,2018
2018-10-16 14:00:00,2018-10-17 11:00:00,10000.0,28.18749999999986,-314.9999999999986,sell,1.15468,1.15783,473.9999999999966,21,46103.90729718544,2018
2018-10-17 11:00:00,2018-10-17 21:00:00,10000.0,24.774999999999647,-273.9999999999964,sell,1.15018,1.15292,445.0000000000065,10,46129.30729718543,2018
2018-10-18 05:00:00,2018-10-18 08:00:00,257500.0,505.0218750000182,-218.00000000000705,buy,1.15125,1.14907,313.0000000000077,3,46639.15729718545,2018
2018-10-18 08:00:00,2018-10-18 14:00:00,340000.0,663.8500000000463,-219.0000000000136,sell,1.14936,1.15155,333.0000000000055,6,47315.75729718549,2018
2018-10-23 03:00:00,2018-10-23 10:00:00,10000.0,23.762500000000667,-262.00000000000665,buy,1.14813,1.14551,424.0000000000021,7,47339.95729718549,2018
2018-10-23 11:00:00,2018-10-24 08:00:00,10000.0,43.687500000001485,-470.00000000001484,sell,1.14296,1.1476600000000001,595.0000000000122,21,47384.95729718548,2018
2018-10-24 08:00:00,2018-10-25 14:00:00,10000.0,28.824999999998838,-326.9999999999884,sell,1.13816,1.14143,505.9999999999842,30,47415.65729718549,2018
2018-10-25 14:00:00,2018-10-26 12:00:00,474156.5729718549,1679.699659752846,-388.0000000000105,sell,1.1338599999999999,1.13774,447.00000000001955,22,49160.55348572197,2018
2018-10-29 22:00:00,2018-10-31 10:00:00,10000.0,28.949999999999896,-331.9999999999989,sell,1.13377,1.13709,497.9999999999984,36,49191.75348572198,2018
2018-10-31 10:00:00,2018-10-31 17:00:00,10000.0,19.862499999999542,-222.9999999999954,sell,1.13138,1.13361,388.9999999999949,7,49212.05348572197,2018
2018-10-31 17:00:00,2018-11-01 03:00:00,10000.0,28.975000000000517,-316.0000000000051,buy,1.13393,1.13077,337.0000000000095,10,49241.653485721974,2018
2018-11-01 03:00:00,2018-11-01 09:00:00,202500.0,518.9062500000275,-280.00000000001353,buy,1.13755,1.13475,384.00000000000654,6,49768.15348572201,2018
2018-11-01 09:00:00,2018-11-01 18:00:00,367500.0,894.4031250000298,-269.0000000000081,buy,1.14084,1.13815,408.0000000000083,9,50683.228485722044,2018
2018-11-05 22:00:00,2018-11-07 00:00:00,10000.0,25.675000000000992,-293.0000000000099,buy,1.14382,1.14089,473.0000000000123,26,50710.52848572204,2018
2018-11-07 00:00:00,2018-11-07 02:00:00,10000.0,40.07499999999891,-421.99999999998903,sell,1.14209,1.14631,512.9999999999857,2,50750.72848572204,2018
2018-11-07 02:00:00,2018-11-07 10:00:00,10000.0,44.899999999999665,-473.9999999999966,buy,1.1488,1.14406,577.0000000000052,8,50796.12848572204,2018
2018-11-07 10:00:00,2018-11-07 21:00:00,10000.0,45.11250000000007,-478.0000000000006,sell,1.14408,1.14886,585.9999999999976,11,50841.92848572203,2018
2018-11-07 21:00:00,2018-11-08 20:00:00,37500.0,236.10937499999923,-663.9999999999978,sell,1.13578,1.14242,885.0000000000024,23,51083.428485722034,2018
2018-11-12 04:00:00,2018-11-12 07:00:00,510834.28485722037,2263.6344247736934,-465.0000000000265,sell,1.12742,1.1320700000000004,485.9999999999864,3,53356.64105333669,2018
2018-11-12 22:00:00,2018-11-13 07:00:00,10000.0,26.637500000000337,-292.00000000000335,buy,1.12493,1.12201,312.00000000000114,9,53383.8410533367,2018
2018-11-13 07:00:00,2018-11-13 14:00:00,10000.0,22.462500000001032,-249.00000000001032,buy,1.12646,1.12397,435.00000000000756,7,53406.7410533367,2018
2018-11-13 14:00:00,2018-11-13 23:00:00,10000.0,27.837499999999316,-303.9999999999931,buy,1.12968,1.12664,449.00000000001046,9,53435.1410533367,2018
2018-11-13 23:00:00,2018-11-14 10:00:00,10000.0,34.21250000000193,-369.00000000001927,sell,1.1271499999999999,1.13084,473.0000000000123,11,53470.041053336696,2018
2018-11-19 23:00:00,2018-11-20 10:00:00,10000.0,19.812500000000853,-225.0000000000085,sell,1.14289,1.14514,431.0000000000036,11,53490.5410533367,2018
2018-11-20 10:00:00,2018-11-20 15:00:00,10000.0,25.987500000001102,-283.00000000001097,sell,1.14,1.14283,371.0000000000102,5,53516.8410533367,2018
2018-11-20 15:00:00,2018-11-20 18:00:00,10000.0,29.31249999999986,-314.9999999999986,sell,1.13758,1.14073,371.99999999999454,3,53546.3410533367,2018
2018-11-20 18:00:00,2018-11-21 09:00:00,10000.0,29.962500000002372,-329.0000000000237,buy,1.13993,1.1366399999999999,411.0000000000058,15,53577.24105333671,2018
2018-11-21 09:00:00,2018-11-22 11:00:00,10000.0,23.275000000000812,-269.0000000000081,buy,1.14123,1.1385399999999999,455.9999999999897,26,53602.141053336716,2018
2018-11-26 22:00:00,2018-11-27 15:00:00,10000.0,26.937499999998916,-299.99999999998914,sell,1.12985,1.13285,445.0000000000065,17,53630.14105333672,2018
2018-11-27 15:00:00,2018-11-28 18:00:00,10000.0,45.8125000000001,-495.00000000000097,buy,1.13414,1.12919,750.9999999999905,27,53677.641053336716,2018
2018-11-28 18:00:00,2018-11-30 16:00:00,10000.0,42.524999999999665,-473.9999999999966,sell,1.1325,1.13724,763.0000000000025,46,53723.0410533367,2018
2018-12-03 22:00:00,2018-12-04 07:00:00,10000.0,25.837499999999537,-283.99999999999534,buy,1.13836,1.13552,340.00000000000693,9,53749.4410533367,2018
2018-12-04 09:00:00,2018-12-04 16:00:00,10000.0,53.5625000000005,-560.0000000000049,sell,1.1352,1.1408,649.0000000000106,7,53803.4410533367,2018
2018-12-04 18:00:00,2018-12-06 15:00:00,10000.0,49.38750000000202,-542.0000000000202,buy,1.13928,1.1338599999999999,832.0000000000105,45,53855.64105333671,2018
2018-12-06 16:00:00,2018-12-07 20:00:00,538556.4105333671,2259.244142187574,-457.0000000000185,buy,1.14199,1.1374199999999999,604.0000000000044,28,56209.13256736762,2018
2018-12-10 22:00:00,2018-12-11 11:00:00,10000.0,31.087500000002265,-339.00000000002257,buy,1.13854,1.1351499999999999,361.00000000001125,13,56241.03256736763,2018
2018-12-11 11:00:00,2018-12-11 15:00:00,10000.0,51.350000000000314,-536.0000000000031,sell,1.1337,1.13906,591.0000000000082,4,56292.63256736763,2018
2018-12-11 15:00:00,2018-12-12 14:00:00,10000.0,29.26250000000106,-327.0000000000106,buy,1.13571,1.13244,510.99999999999477,23,56323.33256736764,2018
2018-12-12 17:00:00,2018-12-13 15:00:00,10000.0,26.225000000000737,-296.00000000000733,sell,1.13448,1.13744,483.00000000001114,22,56350.93256736763,2018
2018-12-13 15:00:00,2018-12-14 09:00:00,532500.0,2634.5437500000226,-526.0000000000042,sell,1.1293,1.13456,785.0000000000134,18,59045.382567367655,2018
2018-12-17 22:00:00,2018-12-18 09:00:00,10000.0,15.412499999998673,-180.9999999999867,buy,1.13668,1.13487,308.99999999998147,11,59061.482567367646,2018
2018-12-18 10:00:00,2018-12-18 17:00:00,10000.0,21.362500000000487,-238.00000000000486,sell,1.13616,1.13854,400.00000000000034,7,59083.28256736765,2018
2018-12-18 17:00:00,2018-12-19 06:00:00,10000.0,20.387500000000998,-232.00000000000995,buy,1.13849,1.13617,353.0000000000033,13,59104.482567367646,2018
2018-12-19 06:00:00,2018-12-19 11:00:00,10000.0,17.087500000000528,-194.00000000000526,buy,1.14057,1.13863,238.00000000000486,5,59121.88256736765,2018
2018-12-19 14:00:00,2018-12-19 20:00:00,10000.0,51.72500000000137,-541.0000000000136,sell,1.1373199999999999,1.14273,653.0000000000147,6,59173.982567367646,2018
2018-12-27 00:00:00,2018-12-27 15:00:00,120000.0,681.1500000000037,-597.0000000000031,buy,1.14311,1.13714,670.9999999999993,15,59866.38256736766,2018
2018-12-27 15:00:00,2018-12-27 19:00:00,532500.0,2196.5625000000405,-435.00000000000756,buy,1.1445400000000001,1.14019,466.0000000000108,4,62076.257567367706,2018
2019-01-02 14:00:00,2019-01-03 00:00:00,10000.0,42.375000000001705,-450.000000000017,sell,1.13129,1.13579,560.0000000000049,10,10043.0,2019
2019-01-03 00:00:00,2019-01-03 16:00:00,100430.0,465.9951999999944,-493.99999999999443,buy,1.13902,1.13408,544.9999999999955,16,10519.038199999994,2019
2019-01-07 22:00:00,2019-01-08 02:00:00,10000.0,21.950000000000887,-242.00000000000887,sell,1.145,1.14742,341.99999999999784,4,10541.238199999994,2019
2019-01-08 03:00:00,2019-01-09 15:00:00,10000.0,77.74999999999986,-819.9999999999984,buy,1.15218,1.14398,1011.0000000000063,36,10621.238199999994,2019
2019-01-09 15:00:00,2019-01-09 21:00:00,10000.0,37.42500000000095,-398.00000000000944,buy,1.15517,1.15119,426.99999999999955,6,10659.038199999995,2019
2019-01-09 22:00:00,2019-01-10 18:00:00,65000.0,234.32499999999928,-392.99999999999886,sell,1.15076,1.15469,619.9999999999983,20,10901.488199999996,2019
2019-01-10 22:00:00,2019-01-11 04:00:00,109014.88199999997,246.64617052499412,-249.99999999999466,buy,1.15225,1.14975,297.99999999999824,6,11152.222428599991,2019
2019-01-14 23:00:00,2019-01-15 10:00:00,10000.0,33.112499999999166,-357.99999999999164,sell,1.14348,1.14706,539.0000000000006,11,11186.02242859999,2019
2019-01-15 13:00:00,2019-01-15 17:00:00,10000.0,40.44999999999996,-426.99999999999955,sell,1.13936,1.14363,609.000000000015,4,11226.72242859999,2019
2019-01-15 19:00:00,2019-01-18 17:00:00,10000.0,30.024999999998656,-363.9999999999865,sell,1.1363,1.13994,615.9999999999943,70,11261.122428599989,2019
2019-01-21 22:00:00,2019-01-22 14:00:00,10000.0,16.499999999998963,-194.9999999999896,sell,1.13473,1.13668,248.00000000000375,16,11278.622428599989,2019
2019-01-22 14:00:00,2019-01-23 16:00:00,10000.0,16.774999999998197,-203.99999999998195,buy,1.13773,1.13569,272.9999999999899,26,11297.022428599985,2019
2019-01-23 16:00:00,2019-01-24 09:00:00,10000.0,19.237499999999542,-222.9999999999954,sell,1.13645,1.13868,296.00000000000733,17,11317.322428599986,2019
2019-01-24 13:00:00,2019-01-24 15:00:00,113173.22428599987,409.40413885460447,-383.0,buy,1.13753,1.1337,402.9999999999978,2,11728.141232758166,2019
2019-01-24 15:00:00,2019-01-24 18:00:00,117281.41232758167,572.4798939239682,-509.999999999966,sell,1.13006,1.1351599999999997,543.0000000000045,3,12302.820153163304,2019
2019-01-29 08:00:00,2019-01-29 16:00:00,10000.0,18.600000000000563,-211.0000000000056,sell,1.14175,1.14386,282.00000000000443,8,12321.920153163304,2019
2019-01-29 16:00:00,2019-01-30 20:00:00,10000.0,60.249999999999616,-639.999999999996,buy,1.14896,1.14256,841.0000000000028,28,12383.920153163306,2019
2019-01-31 01:00:00,2019-01-31 17:00:00,123839.20153163308,413.6229331156378,-363.9999999999865,sell,1.14548,1.14912,588.999999999995,16,12809.927006432108,2019
2019-02-04 22:00:00,2019-02-05 09:00:00,10000.0,15.912499999999728,-185.99999999999727,sell,1.1415,1.14336,246.99999999999721,11,12826.527006432107,2019
2019-02-05 13:00:00,2019-02-05 16:00:00,10000.0,15.912500000000893,-181.00000000000892,sell,1.1408099999999999,1.14262,253.0000000000143,3,12842.627006432107,2019
2019-02-05 16:00:00,2019-02-06 12:00:00,10000.0,13.150000000000858,-164.00000000000858,sell,1.13861,1.14025,306.00000000000625,20,12857.027006432105,2019
2019-02-06 12:00:00,2019-02-06 19:00:00,10000.0,20.862500000001653,-233.0000000000165,sell,1.13658,1.13891,292.00000000000335,7,12878.327006432106,2019
2019-02-06 19:00:00,2019-02-07 10:00:00,10000.0,13.662499999999948,-165.99999999999946,sell,1.13458,1.13624,232.00000000000995,15,12892.927006432106,2019
2019-02-11 13:00:00,2019-02-11 15:00:00,128929.27006432107,159.54997170461968,-145.00000000001734,sell,1.1293199999999999,1.13077,181.00000000000892,2,13054.088594012528,2019
2019-02-12 08:00:00,2019-02-12 11:00:00,10000.0,13.912499999998893,-160.99999999998892,buy,1.12835,1.12674,217.0000000000005,3,13068.188594012527,2019
2019-02-12 11:00:00,2019-02-12 17:00:00,10000.0,26.825000000000337,-292.00000000000335,buy,1.13131,1.12839,334.00000000001205,6,13095.388594012527,2019
2019-02-12 18:00:00,2019-02-13 13:00:00,10000.0,19.612500000000598,-228.00000000000597,sell,1.1307099999999999,1.13299,338.00000000001603,19,13116.188594012528,2019
2019-02-13 13:00:00,2019-02-13 21:00:00,10000.0,19.300000000000708,-218.00000000000705,sell,1.1267,1.12888,363.9999999999865,8,13135.988594012531,2019
2019-02-18 23:00:00,2019-02-19 12:00:00,10000.0,21.887499999999722,-246.99999999999721,sell,1.12843,1.1309,397.0000000000029,13,13158.688594012532,2019
2019-02-19 12:00:00,2019-02-19 15:00:00,10000.0,26.012500000000447,-282.00000000000443,buy,1.1317,1.1288799999999999,313.99999999999204,3,13184.888594012533,2019
2019-02-19 16:00:00,2019-02-20 17:00:00,10000.0,32.53750000000113,-361.00000000001125,buy,1.13656,1.13295,455.00000000000534,25,13218.988594012533,2019
2019-02-20 17:00:00,2019-02-20 22:00:00,10000.0,23.187500000000522,-255.0000000000052,sell,1.13378,1.13633,327.99999999999494,5,13242.488594012531,2019
2019-02-21 06:00:00,2019-02-21 09:00:00,132424.88594012533,251.77281439367943,-212.00000000001216,buy,1.1352900000000001,1.13317,355.00000000001637,3,13496.74437501759,2019
2019-02-25 22:00:00,2019-02-26 18:00:00,10000.0,13.249999999999293,-164.99999999999292,buy,1.13771,1.13606,324.9999999999975,20,13511.244375017595,2019
2019-02-27 09:00:00,2019-02-27 17:00:00,10000.0,19.799999999999542,-222.9999999999954,sell,1.13701,1.13924,329.0000000000015,8,13531.544375017596,2019
2019-02-27 17:00:00,2019-02-28 11:00:00,10000.0,27.175000000000882,-303.0000000000088,buy,1.14009,1.13706,371.99999999999454,18,13559.844375017594,2019
2019-02-28 11:00:00,2019-02-28 14:00:00,135598.44375017594,331.0297008051315,-266.00000000001063,sell,1.13878,1.14144,304.9999999999997,3,13893.416546643042,2019
2019-03-04 22:00:00,2019-03-05 16:00:00,10000.0,25.175000000001102,-283.00000000001097,sell,1.13068,1.13351,311.00000000001677,18,13919.716546643043,2019
2019-03-05 18:00:00,2019-03-07 14:00:00,10000.0,38.8499999999992,-435.9999999999919,sell,1.12599,1.13035,641.9999999999869,44,13961.316546643042,2019
2019-03-07 14:00:00,2019-03-07 20:00:00,139613.16546643042,602.0817760739887,-455.00000000000534,sell,1.11848,1.12303,579.0000000000183,6,14568.633816422021,2019
2019-03-07 20:00:00,2019-03-08 11:00:00,145686.33816422021,433.59896396127584,-327.0000000000106,buy,1.1215600000000001,1.11829,361.00000000001125,15,15015.890874586194,2019
2019-03-11 22:00:00,2019-03-12 17:00:00,10000.0,23.212499999999757,-263.99999999999756,buy,1.1291,1.12646,422.99999999999557,19,15040.290874586193,2019
2019-03-12 17:00:00,2019-03-13 19:00:00,10000.0,31.775000000000986,-354.00000000000983,buy,1.13264,1.1291,495.00000000000097,26,15073.69087458619,2019
2019-03-13 19:00:00,2019-03-14 11:00:00,10000.0,20.100000000000342,-231.0000000000034,sell,1.13077,1.13308,289.9999999999902,16,15094.79087458619,2019
2019-03-14 11:00:00,2019-03-15 08:00:00,150947.9087458619,244.3469272823483,-194.9999999999896,buy,1.13228,1.13033,292.99999999998766,21,15358.949714891432,2019
2019-03-18 22:00:00,2019-03-19 09:00:00,10000.0,13.112499999999148,-157.99999999999147,buy,1.1352,1.13362,188.9999999999947,11,15372.74971489143,2019
2019-03-19 13:00:00,2019-03-20 19:00:00,10000.0,91.42500000000038,-953.0000000000038,buy,1.14431,1.13478,1080.9999999999986,30,15466.049714891435,2019
2019-03-20 19:00:00,2019-03-21 09:00:00,10000.0,28.62499999999986,-314.9999999999986,sell,1.14001,1.14316,367.0000000000062,14,15495.549714891433,2019
2019-03-21 09:00:00,2019-03-21 15:00:00,154955.49714891432,455.95655036067427,-317.999999999996,sell,1.13718,1.14036,346.9999999999862,6,15957.31709639519,2019
2019-03-21 20:00:00,2019-03-22 09:00:00,159573.1709639519,1040.2176082212836,-680.0000000000139,sell,1.13045,1.13725,856.0000000000123,13,17010.500024757293,2019
2019-03-25 22:00:00,2019-03-26 13:00:00,10000.0,21.462499999999977,-243.99999999999974,sell,1.12892,1.13136,361.00000000001125,15,17032.900024757295,2019
2019-03-26 13:00:00,2019-03-27 02:00:00,10000.0,25.187499999999137,-279.99999999999136,sell,1.12569,1.12849,426.99999999999955,13,17058.9000247573,2019
2019-03-27 03:00:00,2019-03-27 09:00:00,10000.0,16.525000000001693,-189.0000000000169,buy,1.12732,1.12543,269.0000000000081,6,17075.800024757296,2019
2019-03-27 09:00:00,2019-03-27 15:00:00,10000.0,21.825000000000887,-242.00000000000887,sell,1.12534,1.12776,316.0000000000051,6,17098.000024757297,2019
2019-03-27 15:00:00,2019-03-28 13:00:00,10000.0,22.325000000001832,-257.0000000000183,sell,1.1222699999999999,1.12484,443.0000000000156,22,17121.700024757294,2019
2019-04-02 14:00:00,2019-04-03 01:00:00,10000.0,18.612499999999653,-212.9999999999965,buy,1.12138,1.11925,306.00000000000625,11,17141.000024757297,2019
2019-04-03 02:00:00,2019-04-03 09:00:00,10000.0,15.962500000000638,-184.00000000000637,buy,1.12405,1.12221,258.0000000000027,7,17157.4000247573,2019
2019-04-03 09:00:00,2019-04-04 12:00:00,10000.0,17.612500000001873,-213.0000000000187,sell,1.12241,1.12454,258.0000000000027,27,17176.700024757305,2019
2019-04-08 11:00:00,2019-04-08 14:00:00,171767.00024757307,345.4663792479235,-222.9999999999954,buy,1.12706,1.12483,280.9999999999979,3,17525.387035259875,2019
2019-04-08 22:00:00,2019-04-09 09:00:00,10000.0,17.612499999999763,-202.9999999999976,buy,1.12774,1.12571,224.9999999999863,11,17543.687035259874,2019
2019-04-09 09:00:00,2019-04-10 13:00:00,10000.0,10.150000000000023,-139.00000000000023,sell,1.12577,1.12716,280.00000000001353,28,17555.58703525988,2019
2019-04-10 13:00:00,2019-04-10 16:00:00,10000.0,18.612500000000818,-208.00000000000816,buy,1.12636,1.12428,239.0000000000114,3,17574.387035259882,2019
2019-04-10 22:00:00,2019-04-11 18:00:00,65000.0,93.92500000000321,-177.00000000000492,sell,1.12567,1.12744,302.0000000000022,20,17676.43703525988,2019
2019-04-15 23:00:00,2019-04-16 17:00:00,10000.0,13.275000000000858,-164.00000000000858,sell,1.1285399999999999,1.13018,279.000000000007,18,17690.837035259887,2019
2019-04-16 17:00:00,2019-04-17 06:00:00,10000.0,16.487500000002093,-193.00000000002092,buy,1.13088,1.12895,307.0000000000128,13,17708.137035259893,2019
2019-04-17 07:00:00,2019-04-17 16:00:00,10000.0,14.137500000000603,-167.00000000000603,sell,1.1297599999999999,1.13143,223.00000000001762,9,17722.837035259898,2019
2019-04-17 16:00:00,2019-04-18 08:00:00,10000.0,21.899999999998812,-248.9999999999881,sell,1.12705,1.12954,329.99999999998585,16,17745.737035259892,2019
2019-04-18 08:00:00,2019-04-18 17:00:00,177457.37035259893,456.730906945021,-283.00000000001097,sell,1.123,1.12583,306.00000000000625,9,18212.44991928724,2019
2019-04-22 22:00:00,2019-04-23 01:00:00,10000.0,9.512499999998933,-116.99999999998933,sell,1.1246,1.12577,139.00000000000023,3,18222.149919287236,2019
2019-04-23 09:00:00,2019-04-23 13:00:00,10000.0,33.55000000000139,-358.0000000000138,sell,1.1218,1.12538,378.00000000001165,4,18255.949919287235,2019
2019-04-23 16:00:00,2019-04-24 14:00:00,10000.0,13.524999999999693,-168.99999999999693,sell,1.11941,1.1211,330.000000000008,22,18270.849919287233,2019
2019-04-24 14:00:00,2019-04-24 17:00:00,10000.0,39.512500000000074,-417.0000000000007,sell,1.11602,1.12019,442.00000000000904,3,18310.549919287234,2019
2019-04-24 17:00:00,2019-04-25 10:00:00,10000.0,23.837500000000812,-269.0000000000081,sell,1.1134899999999999,1.11618,293.0000000000099,17,18335.44991928724,2019
2019-04-29 22:00:00,2019-04-30 09:00:00,10000.0,17.312500000000018,-200.00000000000017,buy,1.1205,1.1185,297.00000000001387,11,18353.44991928724,2019
2019-04-30 09:00:00,2019-05-01 10:00:00,10000.0,17.837500000000308,-214.00000000000307,buy,1.12332,1.12118,362.00000000001785,25,18372.849919287237,2019
2019-05-01 22:00:00,2019-05-02 17:00:00,65000.0,117.73124999999774,-212.9999999999965,sell,1.11793,1.12006,390.9999999999858,19,18498.299919287234,2019
2019-05-07 03:00:00,2019-05-07 12:00:00,10000.0,17.837500000000418,-204.00000000000415,sell,1.11843,1.12047,330.9999999999924,9,18516.69991928724,2019
2019-05-07 15:00:00,2019-05-08 03:00:00,10000.0,16.849999999999618,-195.99999999999616,buy,1.1198,1.11784,319.9999999999869,12,18534.299919287238,2019
2019-05-08 16:00:00,2019-05-09 14:00:00,10000.0,39.02500000000022,-424.0000000000021,buy,1.12325,1.11901,597.0000000000031,22,18574.699919287235,2019
2019-05-09 20:00:00,2019-05-10 13:00:00,185746.99919287238,440.91693933408374,-268.00000000000153,buy,1.12396,1.12128,303.0000000000088,17,19035.352477285564,2019
2019-05-13 10:00:00,2019-05-13 13:00:00,190353.52477285566,314.3212577811852,-187.0000000000038,buy,1.1255,1.12363,273.9999999999964,3,19353.242863656236,2019
2019-05-13 22:00:00,2019-05-14 15:00:00,10000.0,12.537500000000058,-156.00000000000057,sell,1.12128,1.12284,305.999999999984,17,19366.842863656235,2019
2019-05-14 16:00:00,2019-05-15 12:00:00,10000.0,21.749999999999467,-249.99999999999466,sell,1.11822,1.12072,340.9999999999913,20,19389.842863656235,2019
2019-05-15 12:00:00,2019-05-15 15:00:00,10000.0,18.312500000001073,-205.00000000001071,buy,1.12056,1.11851,269.99999999999244,3,19408.342863656235,2019
2019-05-15 15:00:00,2019-05-16 15:00:00,10000.0,21.899999999999867,-253.99999999999866,sell,1.11795,1.12049,439.9999999999959,24,19431.742863656233,2019
2019-05-20 22:00:00,2019-05-21 06:00:00,10000.0,10.299999999999478,-127.99999999999477,sell,1.11538,1.11666,177.99999999998926,8,19442.54286365623,2019
2019-05-21 06:00:00,2019-05-21 15:00:00,10000.0,24.337500000000812,-269.0000000000081,buy,1.11774,1.1150499999999999,360.0000000000047,9,19467.44286365623,2019
2019-05-22 10:00:00,2019-05-22 21:00:00,10000.0,12.112500000001479,-148.00000000001478,sell,1.11516,1.11664,280.9999999999979,11,19480.24286365623,2019
2019-05-22 22:00:00,2019-05-23 08:00:00,175000.0,173.68750000001125,-123.00000000000642,sell,1.1141699999999999,1.1154,148.00000000001478,6,19660.492863656236,2019
2019-05-23 13:00:00,2019-05-23 16:00:00,196604.92863656237,631.3475770841695,-343.0000000000044,buy,1.11688,1.11345,365.0000000000153,3,20295.52678315235,2019
2019-05-27 22:00:00,2019-05-28 03:00:00,10000.0,5.3875000000015945,-77.00000000001594,sell,1.11834,1.11911,123.00000000000642,5,20301.22678315235,2019
2019-05-28 08:00:00,2019-05-28 15:00:00,10000.0,11.862500000000423,-143.00000000000423,sell,1.11754,1.11897,224.00000000000196,7,20313.526783152352,2019
2019-05-28 15:00:00,2019-05-29 07:00:00,10000.0,12.700000000000713,-157.00000000000713,sell,1.11582,1.11739,190.99999999998562,16,20327.226783152353,2019
2019-05-29 07:00:00,2019-05-29 16:00:00,10000.0,12.337499999999913,-148.99999999999912,sell,1.11367,1.11516,219.99999999999795,9,20340.126783152355,2019
2019-05-30 13:00:00,2019-05-31 08:00:00,203401.26783152355,289.08405190556806,-174.00000000000747,buy,1.11422,1.11248,235.99999999999176,19,20653.364735612915,2019
2019-06-03 15:00:00,2019-06-03 18:00:00,206533.64735612916,673.5578574401612,-347.9999999999927,buy,1.12408,1.1206,377.9999999999894,3,21330.795098941006,2019
2019-06-04 06:00:00,2019-06-04 13:00:00,10000.0,22.962499999999867,-253.99999999999866,sell,1.12364,1.12618,404.0000000000043,7,21354.195098941003,2019
2019-06-04 13:00:00,2019-06-05 09:00:00,10000.0,24.849999999999792,-280.9999999999979,buy,1.12765,1.12484,486.0000000000086,20,21380.295098941002,2019
2019-06-05 10:00:00,2019-06-05 13:00:00,10000.0,25.912499999999792,-280.9999999999979,buy,1.12904,1.12623,387.000000000004,3,21406.395098941004,2019
2019-06-05 13:00:00,2019-06-05 17:00:00,10000.0,33.64999999999982,-358.9999999999982,sell,1.12357,1.12716,378.99999999999596,4,21440.295098941006,2019
2019-06-11 01:00:00,2019-06-11 18:00:00,10000.0,15.137500000001548,-182.00000000001546,buy,1.13304,1.13122,297.00000000001387,17,21456.495098941006,2019
2019-06-11 18:00:00,2019-06-12 17:00:00,10000.0,28.46250000000026,-319.0000000000026,sell,1.12978,1.13297,449.9999999999948,23,21486.395098941008,2019
2019-06-12 17:00:00,2019-06-14 11:00:00,10000.0,21.974999999998847,-265.99999999998846,sell,1.1265,1.12916,380.0000000000025,42,21510.995098941003,2019
2019-06-18 02:00:00,2019-06-18 09:00:00,10000.0,37.76249999999912,-401.99999999999125,sell,1.11894,1.12296,529.0000000000016,7,21549.195098941003,2019
2019-06-18 09:00:00,2019-06-19 11:00:00,10000.0,14.175000000001148,-178.00000000001145,buy,1.12043,1.11865,226.9999999999994,26,21564.995098941003,2019
2019-06-19 11:00:00,2019-06-19 19:00:00,10000.0,36.2000000000004,-387.000000000004,buy,1.12435,1.12048,431.0000000000036,8,21601.695098941,2019
2019-06-19 19:00:00,2019-06-20 01:00:00,10000.0,22.425000000000377,-248.00000000000375,buy,1.12551,1.12303,303.0000000000088,6,21624.495098941003,2019
2019-06-20 01:00:00,2019-06-20 08:00:00,147500.0,415.3968749999765,-305.999999999984,buy,1.12953,1.12647,386.99999999998175,7,22046.345098940976,2019
2019-06-24 23:00:00,2019-06-25 10:00:00,10000.0,13.812500000001513,-165.00000000001512,sell,1.1380299999999999,1.13968,312.00000000002336,11,22060.84509894098,2019
2019-06-25 10:00:00,2019-06-25 17:00:00,10000.0,15.262500000000493,-177.00000000000492,sell,1.13644,1.13821,339.0000000000004,7,22076.54509894098,2019
2019-06-26 01:00:00,2019-06-26 16:00:00,10000.0,26.462499999999427,-293.99999999999426,buy,1.13885,1.13591,425.999999999993,15,22103.94509894098,2019
2019-06-27 02:00:00,2019-06-28 08:00:00,175000.0,308.437499999978,-214.9999999999874,buy,1.13845,1.1363,373.0000000000011,30,22445.19509894096,2019
2019-07-02 02:00:00,2019-07-02 10:00:00,10000.0,20.499999999999687,-229.99999999999685,buy,1.13043,1.12813,270.00000000001467,8,22466.19509894096,2019
2019-07-02 10:00:00,2019-07-03 16:00:00,10000.0,16.525000000000418,-204.00000000000415,sell,1.12761,1.12965,353.0000000000033,30,22484.595098940972,2019
2019-07-03 16:00:00,2019-07-05 13:00:00,10000.0,30.28749999999902,-350.99999999999017,sell,1.12437,1.12788,507.9999999999973,45,22517.695098940978,2019
2019-07-09 08:00:00,2019-07-10 08:00:00,10000.0,10.299999999999368,-137.99999999999366,buy,1.1214,1.12002,212.9999999999965,24,22529.49509894098,2019
2019-07-10 10:00:00,2019-07-10 13:00:00,10000.0,27.91249999999957,-300.9999999999957,buy,1.12477,1.12176,364.00000000000875,3,22557.59509894098,2019
2019-07-10 13:00:00,2019-07-10 16:00:00,10000.0,14.712499999999693,-168.99999999999693,buy,1.12574,1.12405,222.9999999999954,3,22572.495098940977,2019
2019-07-10 20:00:00,2019-07-11 03:00:00,10000.0,17.262500000000273,-197.0000000000027,buy,1.12716,1.12519,225.99999999999287,7,22590.195098940974,2019
2019-07-11 03:00:00,2019-07-11 14:00:00,202500.0,295.90312500000186,-173.0000000000009,sell,1.12585,1.12758,268.00000000000153,11,22900.02009894098,2019
2019-07-15 22:00:00,2019-07-16 09:00:00,10000.0,11.512499999999768,-141.99999999999767,sell,1.1245,1.12592,178.99999999999582,11,22912.22009894098,2019
2019-07-16 09:00:00,2019-07-16 16:00:00,10000.0,14.062499999999293,-164.99999999999292,sell,1.12128,1.12293,197.0000000000027,7,22926.72009894098,2019
2019-07-16 16:00:00,2019-07-18 01:00:00,10000.0,17.237499999999653,-212.9999999999965,buy,1.12351,1.12138,360.0000000000047,33,22946.020098940982,2019
2019-07-18 01:00:00,2019-07-18 11:00:00,147500.0,226.78125000000352,-180.00000000000236,sell,1.12144,1.12324,289.9999999999902,10,23182.020098940982,2019
2019-07-18 11:00:00,2019-07-18 19:00:00,231820.20098940984,985.23585420498,-449.9999999999948,buy,1.12658,1.12208,544.9999999999955,8,24178.846963195432,2019
2019-07-22 22:00:00,2019-07-23 05:00:00,10000.0,9.862500000000644,-123.00000000000642,sell,1.11936,1.12059,147.0000000000082,7,24189.146963195428,2019
2019-07-23 05:00:00,2019-07-23 12:00:00,10000.0,10.162500000000389,-126.00000000000388,sell,1.11741,1.11867,211.99999999998997,7,24199.746963195426,2019
2019-07-23 12:00:00,2019-07-23 15:00:00,10000.0,14.412499999999948,-165.99999999999946,sell,1.11497,1.11663,194.00000000000526,3,24214.34696319543,2019
2019-07-23 15:00:00,2019-07-24 19:00:00,10000.0,13.450000000001658,-172.00000000001657,sell,1.11363,1.11535,212.00000000001216,28,24229.546963195444,2019
2019-07-25 11:00:00,2019-07-25 13:00:00,242295.46963195445,825.6218127708743,-361.9999999999956,buy,1.11521,1.11159,514.0000000000144,2,25058.197469336712,2019
2019-07-30 01:00:00,2019-07-30 13:00:00,10000.0,9.449999999999989,-121.99999999999987,buy,1.11515,1.11393,200.00000000000017,12,25068.39746933671,2019
2019-07-30 13:00:00,2019-07-31 16:00:00,10000.0,14.512499999999328,-181.99999999999326,sell,1.1129,1.11472,326.00000000000404,27,25084.597469336702,2019
2019-07-31 16:00:00,2019-07-31 19:00:00,10000.0,38.31249999999887,-404.9999999999887,sell,1.10863,1.11268,512.0000000000013,3,25123.097469336702,2019
2019-07-31 19:00:00,2019-08-01 08:00:00,10000.0,30.087500000000148,-329.0000000000015,sell,1.1034,1.10669,461.0000000000003,13,25153.9974693367,2019
2019-08-01 08:00:00,2019-08-01 18:00:00,251539.974693367,726.3216769270938,-314.9999999999986,buy,1.10801,1.10486,537.999999999994,10,25896.04039468213,2019
2019-08-05 23:00:00,2019-08-06 04:00:00,10000.0,25.387500000001612,-277.0000000000161,sell,1.12116,1.12393,373.0000000000011,5,25921.740394682136,2019
2019-08-06 07:00:00,2019-08-06 13:00:00,10000.0,28.025000000001537,-304.00000000001535,sell,1.11811,1.12115,327.0000000000106,6,25950.140394682137,2019
2019-08-06 13:00:00,2019-08-07 00:00:00,10000.0,26.212500000000592,-289.0000000000059,buy,1.12037,1.11748,327.0000000000106,11,25977.040394682135,2019
2019-08-07 03:00:00,2019-08-07 08:00:00,10000.0,18.587500000001473,-209.00000000001472,sell,1.1191,1.1211900000000001,239.99999999999577,5,25995.940394682137,2019
2019-08-07 08:00:00,2019-08-07 14:00:00,10000.0,39.22499999999941,-415.99999999999415,buy,1.12317,1.11901,540.000000000007,6,26035.540394682135,2019
2019-08-12 05:00:00,2019-08-12 08:00:00,260355.4039468214,961.0368848187254,-391.00000000000796,sell,1.11692,1.12083,411.0000000000058,3,27001.458943324862,2019
2019-08-12 11:00:00,2019-08-12 14:00:00,270014.5894332486,621.3710739332245,-251.99999999998556,buy,1.12153,1.11901,286.9999999999928,3,27627.892790809965,2019
2019-08-12 22:00:00,2019-08-13 03:00:00,10000.0,18.587499999999253,-208.9999999999925,sell,1.11925,1.12134,230.9999999999812,5,27646.792790809963,2019
2019-08-13 03:00:00,2019-08-13 11:00:00,10000.0,21.499999999999577,-239.99999999999577,buy,1.12137,1.11897,300.9999999999957,8,27668.79279080996,2019
2019-08-13 11:00:00,2019-08-13 14:00:00,10000.0,24.012500000000667,-262.00000000000665,sell,1.11859,1.12121,421.00000000000466,3,27692.99279080996,2019
2019-08-20 07:00:00,2019-08-20 15:00:00,10000.0,11.000000000001844,-135.00000000001842,buy,1.10871,1.10736,221.00000000000452,8,27704.49279080996,2019
2019-08-20 17:00:00,2019-08-21 19:00:00,10000.0,11.874999999999403,-154.99999999999403,sell,1.10873,1.11028,192.99999999999872,26,27717.99279080996,2019
2019-08-22 04:00:00,2019-08-22 08:00:00,230000.0,392.1499999999971,-192.99999999999872,buy,1.11025,1.10832,273.9999999999964,4,28115.892790809958,2019
2019-08-22 08:00:00,2019-08-22 11:00:00,281158.9279080996,677.9444649184425,-263.0000000000132,sell,1.10699,1.10962,290.00000000001245,3,28799.108985626677,2019
2019-08-22 13:00:00,2019-08-23 04:00:00,287991.0898562668,612.3410548069129,-242.00000000000887,sell,1.10693,1.10935,263.99999999999756,15,29438.449205107623,2019
2019-08-26 23:00:00,2019-08-28 15:00:00,10000.0,18.100000000001508,-226.00000000001506,sell,1.1077299999999999,1.10999,381.0000000000091,40,29459.04920510764,2019
2019-08-28 15:00:00,2019-08-29 14:00:00,10000.0,13.062500000001513,-165.00000000001512,sell,1.1064399999999999,1.10809,225.0000000000085,23,29473.549205107644,2019
2019-08-29 14:00:00,2019-08-30 03:00:00,294735.4920510765,503.62927204225815,-198.9999999999936,sell,1.10447,1.10646,219.99999999999795,13,30001.125735879054,2019
2019-09-02 22:00:00,2019-09-03 02:00:00,10000.0,22.250000000000632,-245.0000000000063,sell,1.09392,1.09637,266.00000000001063,4,30023.625735879057,2019
2019-09-03 02:00:00,2019-09-03 15:00:00,10000.0,21.887499999999722,-246.99999999999721,buy,1.09575,1.09328,339.0000000000004,13,30046.325735879054,2019
2019-09-03 15:00:00,2019-09-04 09:00:00,10000.0,33.27500000000087,-364.00000000000875,buy,1.10047,1.09683,438.000000000005,18,30080.725735879052,2019
2019-09-04 09:00:00,2019-09-05 10:00:00,10000.0,17.437499999999908,-209.99999999999906,buy,1.10418,1.10208,353.0000000000033,25,30099.725735879045,2019
2019-09-05 13:00:00,2019-09-05 15:00:00,300997.2573587905,980.4985658462853,-347.0000000000084,sell,1.10442,1.10789,367.0000000000062,2,31083.986767442315,2019
2019-09-09 22:00:00,2019-09-11 09:00:00,10000.0,14.812500000000128,-190.00000000000125,sell,1.1027,1.1046,320.00000000000915,35,31100.98676744232,2019
2019-09-11 09:00:00,2019-09-11 12:00:00,10000.0,16.612500000001038,-188.00000000001037,sell,1.09987,1.10175,226.9999999999994,3,31117.786767442318,2019
2019-09-11 13:00:00,2019-09-12 05:00:00,10000.0,12.100000000001224,-151.00000000001222,buy,1.10115,1.09964,268.00000000000153,16,31130.88676744232,2019
2019-09-12 12:00:00,2019-09-12 14:00:00,311308.8676744232,2589.3115068819925,-852.9999999999926,buy,1.10327,1.09474,929.9999999999864,2,33724.08963517025,2019
2019-09-12 14:00:00,2019-09-13 07:00:00,337240.8963517025,1994.3583507999194,-622.0000000000114,buy,1.10932,1.1031,677.0000000000164,17,35754.27983120754,2019
2019-09-16 09:00:00,2019-09-16 12:00:00,357542.79831207544,883.5776403287455,-269.0000000000081,sell,1.10313,1.10582,289.0000000000059,3,36644.56139900464,2019
2019-09-16 22:00:00,2019-09-17 14:00:00,10000.0,22.900000000000922,-259.0000000000092,buy,1.10305,1.10046,408.0000000000083,16,36668.46139900464,2019
2019-09-17 15:00:00,2019-09-18 19:00:00,10000.0,22.450000000000667,-262.00000000000665,sell,1.10344,1.10606,407.00000000000176,28,36692.661399004646,2019
2019-09-18 19:00:00,2019-09-19 10:00:00,10000.0,21.762500000001943,-247.0000000000194,buy,1.10593,1.1034599999999999,370.00000000000364,15,36715.36139900465,2019
2019-09-19 10:00:00,2019-09-19 21:00:00,367153.6139900465,683.364664039043,-213.0000000000187,sell,1.1041699999999999,1.1063,312.00000000002336,11,37423.96787400552,2019
2019-09-23 05:00:00,2019-09-23 08:00:00,374239.6787400552,1800.5606543381243,-503.000000000009,sell,1.09709,1.10212,540.000000000007,3,39231.54552232002,2019
2019-09-23 23:00:00,2019-09-24 17:00:00,10000.0,13.575000000000603,-167.00000000000603,buy,1.1011900000000001,1.09952,286.00000000000847,18,39246.245522320016,2019
2019-09-24 17:00:00,2019-09-25 12:00:00,10000.0,27.212499999999316,-303.9999999999931,sell,1.09812,1.10116,424.0000000000021,19,39274.64552232002,2019
2019-09-25 12:00:00,2019-09-25 15:00:00,10000.0,21.912500000000232,-241.0000000000023,sell,1.09595,1.09836,283.00000000001097,3,39296.745522320016,2019
2019-09-26 01:00:00,2019-09-26 10:00:00,147500.0,243.92812500001156,-191.00000000000782,sell,1.09353,1.09544,292.00000000000335,9,39548.97052232003,2019
2019-10-01 01:00:00,2019-10-01 15:00:00,10000.0,21.325000000000887,-242.00000000000887,buy,1.09149,1.08907,362.00000000001785,14,39571.17052232004,2019
2019-10-01 16:00:00,2019-10-02 09:00:00,10000.0,25.237500000001102,-283.00000000001097,sell,1.0906799999999999,1.09351,339.00000000002257,17,39597.470522320036,2019
2019-10-02 09:00:00,2019-10-02 14:00:00,10000.0,22.287499999999067,-245.99999999999065,buy,1.09446,1.092,299.0000000000048,5,39620.070522320035,2019
2019-10-02 14:00:00,2019-10-03 15:00:00,10000.0,31.237500000001496,-348.00000000001495,buy,1.09813,1.09465,409.0000000000149,25,39652.87052232004,2019
2019-10-08 08:00:00,2019-10-08 14:00:00,10000.0,10.525000000000134,-129.00000000000134,sell,1.09751,1.0988,204.00000000000415,6,39663.77052232004,2019
2019-10-08 14:00:00,2019-10-09 08:00:00,10000.0,17.975000000000563,-211.0000000000056,buy,1.09774,1.0956299999999999,370.99999999998795,18,39682.87052232006,2019
2019-10-09 11:00:00,2019-10-11 01:00:00,312500.0,680.4687500000323,-249.00000000001032,buy,1.10053,1.09804,405.9999999999952,18,40398.49552232009,2019
2019-10-15 06:00:00,2019-10-15 08:00:00,10000.0,12.274999999998858,-143.99999999998857,sell,1.10223,1.10367,163.99999999998636,2,40410.89552232009,2019
2019-10-15 08:00:00,2019-10-15 12:00:00,10000.0,14.249999999999293,-164.99999999999292,sell,1.10073,1.10238,188.00000000001037,4,40425.39552232009,2019
2019-10-15 12:00:00,2019-10-15 15:00:00,10000.0,22.912500000000122,-251.0000000000012,buy,1.10318,1.10067,409.9999999999992,3,40448.49552232009,2019
2019-10-15 15:00:00,2019-10-16 16:00:00,10000.0,32.737500000000225,-363.00000000000216,buy,1.10723,1.1036,575.9999999999986,25,40482.79552232009,2019
2019-10-16 16:00:00,2019-10-17 10:00:00,10000.0,31.674999999999272,-347.9999999999927,buy,1.11155,1.10807,513.0000000000078,18,40515.59552232009,2019
2019-10-21 22:00:00,2019-10-22 13:00:00,10000.0,16.362499999999873,-192.99999999999872,sell,1.11283,1.11476,279.99999999999136,15,40532.89552232009,2019
2019-10-22 16:00:00,2019-10-23 02:00:00,10000.0,13.075000000000713,-157.00000000000713,sell,1.1122699999999999,1.11384,308.0000000000193,10,40546.595522320094,2019
2019-10-23 03:00:00,2019-10-24 02:00:00,10000.0,13.962499999998528,-173.99999999998525,buy,1.11363,1.11189,306.99999999999056,23,40561.99552232009,2019
2019-10-24 07:00:00,2019-10-24 11:00:00,312500.0,395.31249999999727,-148.99999999999912,sell,1.11294,1.11443,173.99999999998525,4,40965.12052232009,2019
2019-10-24 11:00:00,2019-10-24 13:00:00,409651.20522320096,916.5945716869381,-245.0000000000063,buy,1.11469,1.11224,269.99999999999244,2,41886.835734072316,2019
2019-10-28 22:00:00,2019-10-29 08:00:00,10000.0,8.575000000000099,-112.00000000000098,sell,1.10858,1.1097,161.0000000000111,10,41896.03573407233,2019
2019-10-29 08:00:00,2019-10-29 13:00:00,10000.0,9.287500000000499,-116.00000000000497,buy,1.10924,1.10808,192.99999999999872,5,41905.635734072326,2019
2019-10-29 13:00:00,2019-10-29 16:00:00,10000.0,14.612500000001258,-168.00000000001256,buy,1.11141,1.1097299999999999,194.00000000000526,3,41920.43573407232,2019
2019-10-30 18:00:00,2019-10-30 21:00:00,10000.0,17.712499999999363,-198.9999999999936,buy,1.11473,1.11274,252.00000000000776,3,41938.33573407232,2019
2019-10-31 00:00:00,2019-11-01 13:00:00,120000.0,271.05000000000973,-269.0000000000081,sell,1.11328,1.1159700000000001,421.99999999998903,37,42237.135734072326,2019
2019-11-04 23:00:00,2019-11-05 13:00:00,10000.0,13.125000000000458,-160.00000000000458,sell,1.11107,1.11267,289.9999999999902,14,42251.13573407233,2019
2019-11-05 13:00:00,2019-11-05 16:00:00,10000.0,20.812499999999687,-229.99999999999685,sell,1.10737,1.10967,253.99999999999866,3,42272.13573407233,2019
2019-11-05 19:00:00,2019-11-06 09:00:00,10000.0,16.925000000000928,-198.00000000000927,buy,1.10856,1.10658,218.99999999999142,14,42289.935734072336,2019
2019-11-06 09:00:00,2019-11-06 16:00:00,10000.0,10.962500000001189,-134.00000000001188,sell,1.10754,1.10888,163.00000000000202,7,42301.33573407233,2019
2019-11-06 21:00:00,2019-11-07 09:00:00,37500.0,38.812500000005414,-131.00000000001444,buy,1.10806,1.10675,263.0000000000132,12,42342.96073407233,2019
2019-11-11 22:00:00,2019-11-12 12:00:00,10000.0,8.725000000000499,-116.00000000000497,sell,1.10192,1.10308,187.0000000000038,14,42352.56073407233,2019
2019-11-12 12:00:00,2019-11-13 17:00:00,10000.0,10.187500000000679,-140.00000000000676,sell,1.10032,1.10172,192.00000000001435,29,42364.56073407232,2019
2019-11-13 17:00:00,2019-11-14 18:00:00,10000.0,11.137500000000824,-147.0000000000082,buy,1.10152,1.10005,266.999999999995,25,42377.260734072326,2019
2019-11-14 18:00:00,2019-11-15 15:00:00,423772.6073407232,673.268729912541,-191.99999999999216,buy,1.10459,1.10267,319.0000000000026,21,43106.14961869833,2019
2019-11-18 13:00:00,2019-11-18 16:00:00,431061.4961869833,780.760134968759,-203.0000000000198,buy,1.10783,1.1058,235.00000000000742,3,43894.992156720604,2019
2019-11-19 04:00:00,2019-11-20 09:00:00,10000.0,7.587500000001409,-114.00000000001408,sell,1.10614,1.10728,220.00000000002015,29,43904.39215672061,2019
2019-11-20 11:00:00,2019-11-20 15:00:00,10000.0,15.550000000001148,-178.00000000001145,buy,1.10759,1.10581,235.00000000000742,4,43920.19215672061,2019
2019-11-20 15:00:00,2019-11-21 09:00:00,10000.0,13.375000000001513,-165.00000000001512,buy,1.10837,1.10672,234.00000000000085,18,43934.6921567206,2019
2019-11-21 12:00:00,2019-11-21 14:00:00,439346.92156720604,385.5269236752388,-109.00000000000352,sell,1.10774,1.10883,191.00000000000782,2,44325.710916915436,2019
2019-11-26 08:00:00,2019-11-27 11:00:00,10000.0,5.312499999999009,-89.99999999999008,sell,1.10064,1.10154,185.99999999999727,27,44332.71091691544,2019
2019-11-27 14:00:00,2019-11-28 08:00:00,10000.0,8.875000000000899,-120.00000000000898,buy,1.1009,1.0997,164.99999999999292,18,44342.710916915436,2019
2019-11-28 08:00:00,2019-11-28 12:00:00,340000.0,246.50000000000216,-95.00000000000063,sell,1.10038,1.10133,137.00000000000932,4,44597.710916915436,2019
2019-11-28 22:00:00,2019-11-29 12:00:00,445977.10916915437,344.51731683319883,-106.00000000000608,sell,1.09978,1.10084,151.99999999999656,14,44981.25123080093,2019
2019-12-02 11:00:00,2019-12-02 14:00:00,449812.5123080094,909.1835405025728,-224.00000000000196,buy,1.10322,1.10098,299.0000000000048,3,45898.86875590928,2019
2019-12-02 14:00:00,2019-12-02 16:00:00,458988.68755909277,1017.807414662359,-243.0000000000154,buy,1.10701,1.10458,266.00000000001063,2,46922.41352916613,2019
2019-12-02 22:00:00,2019-12-04 14:00:00,10000.0,22.800000000001212,-273.0000000000121,buy,1.11047,1.10774,392.99999999999886,40,46947.71352916613,2019
2019-12-04 16:00:00,2019-12-05 15:00:00,10000.0,16.862500000001983,-203.0000000000198,buy,1.10973,1.1077,306.00000000000625,23,46966.01352916613,2019
2019-12-05 16:00:00,2019-12-06 14:00:00,469660.1352916613,888.8318060394474,-222.9999999999954,sell,1.10785,1.11008,304.9999999999997,22,47919.423603808194,2019
2019-12-09 22:00:00,2019-12-10 12:00:00,10000.0,14.024999999999693,-168.99999999999693,buy,1.10815,1.10646,194.00000000000526,14,47934.323603808196,2019
2019-12-10 12:00:00,2019-12-10 16:00:00,10000.0,8.350000000000609,-106.00000000000608,buy,1.10877,1.10771,143.00000000000423,4,47942.923603808194,2019
2019-12-10 19:00:00,2019-12-11 13:00:00,10000.0,16.075000000001438,-192.00000000001435,sell,1.1073899999999999,1.10931,223.00000000001762,18,47960.12360380819,2019
2019-12-11 13:00:00,2019-12-11 20:00:00,10000.0,47.4625000000005,-499.00000000000495,buy,1.11368,1.10869,540.9999999999915,7,48008.02360380819,2019
2019-12-12 01:00:00,2019-12-12 16:00:00,147500.0,231.02187500002873,-186.00000000001947,sell,1.11187,1.11373,350.00000000000585,15,48252.873603808235,2019
2019-12-16 22:00:00,2019-12-17 11:00:00,10000.0,15.387499999999328,-181.99999999999326,buy,1.1157,1.11388,283.99999999999534,13,48269.073603808225,2019
2019-12-17 12:00:00,2019-12-17 14:00:00,10000.0,17.474999999999618,-195.99999999999616,sell,1.11476,1.11672,236.9999999999983,2,48286.67360380822,2019
2019-12-17 14:00:00,2019-12-18 09:00:00,10000.0,16.612499999998708,-197.99999999998707,sell,1.11301,1.11499,272.9999999999899,19,48304.47360380822,2019
2019-12-18 09:00:00,2019-12-18 15:00:00,10000.0,11.625000000000679,-140.00000000000676,sell,1.11171,1.11311,191.00000000000782,6,48316.47360380821,2019
2019-12-18 16:00:00,2019-12-19 10:00:00,10000.0,17.075000000001328,-202.00000000001327,buy,1.11338,1.11136,228.00000000000597,18,48334.673603808194,2019
2019-12-23 23:00:00,2019-12-24 10:00:00,10000.0,10.212500000000134,-129.00000000000134,sell,1.10764,1.10893,168.99999999999693,11,48345.573603808196,2019
2019-12-24 10:00:00,2019-12-24 16:00:00,10000.0,11.425000000001589,-138.0000000000159,buy,1.1087500000000001,1.10737,192.00000000001435,6,48357.3736038082,2019
2019-12-24 16:00:00,2019-12-26 16:00:00,10000.0,7.424999999999699,-107.99999999999697,buy,1.10965,1.10857,170.00000000000347,22,48366.173603808216,2019
2019-12-26 16:00:00,2019-12-27 03:00:00,483661.7360380822,464.9198437666376,-123.00000000000642,buy,1.11156,1.11033,234.00000000000085,11,48864.34519192749,2019
2019-12-30 22:00:00,2019-12-31 12:00:00,10000.0,22.824999999999612,-256.9999999999961,buy,1.12266,1.12009,286.00000000000847,14,48888.045191927486,2019
