open_dt,close_dt,volume,pnl,pnl_pips,direction,entry_price,exit_price,max_dd,duration_bars,balance,year
2006-01-03 17:00:00,2006-01-04 03:00:00,10000.0,82.67500000000149,-853.0000000000148,buy,1.2066000000000001,1.19807,953.0000000000038,10,10083.300000000003,2006
2006-01-05 01:00:00,2006-01-06 14:00:00,10000.0,-56.012499999998965,516.9999999999897,sell,1.21616,1.21099,182.9999999999998,37,10029.600000000004,2006
2006-01-09 05:00:00,2006-01-09 09:00:00,10000.0,52.05000000000046,-543.0000000000045,sell,1.2089,1.2143300000000001,583.0000000000001,4,10081.900000000005,2006
2006-01-09 09:00:00,2006-01-12 00:00:00,10000.0,-60.737499999999294,547.9999999999928,sell,1.21383,1.20835,59.999999999993385,63,10025.100000000008,2006
2006-01-15 22:00:00,2006-01-17 12:00:00,10000.0,66.62500000000107,-710.0000000000106,sell,1.2075,1.2146000000000001,950.0000000000064,38,10094.100000000008,2006
2006-01-17 12:00:00,2006-01-19 10:00:00,10000.0,-7.374999999998614,24.99999999998614,buy,1.20835,1.2086,324.9999999999975,46,10089.60000000001,2006
2006-01-19 17:00:00,2006-01-20 21:00:00,10000.0,-27.449999999999832,236.9999999999983,sell,1.2134,1.21103,58.00000000000249,28,10063.90000000001,2006
2006-01-22 22:00:00,2006-01-23 01:00:00,10000.0,-86.18749999999963,839.9999999999962,sell,1.222,1.2136,190.00000000000125,3,9977.90000000001,2006
2006-01-23 01:00:00,2006-01-24 00:00:00,10000.0,-73.7374999999987,702.9999999999869,sell,1.23033,1.2233,180.00000000000236,23,9905.600000000011,2006
2006-01-24 17:00:00,2006-01-25 16:00:00,10000.0,-36.73750000000055,333.0000000000055,buy,1.2261,1.22943,228.9999999999903,23,9870.300000000014,2006
2006-01-26 17:00:00,2006-01-27 16:00:00,10000.0,86.86250000000094,-903.0000000000093,sell,1.2137,1.22273,974.9999999999925,23,9958.600000000015,2006
2006-01-29 22:00:00,2006-01-31 18:00:00,10000.0,-81.7500000000004,770.000000000004,sell,1.2174,1.2097,133.00000000000531,44,9879.600000000013,2006
2006-01-31 18:00:00,2006-02-01 11:00:00,10000.0,-68.0624999999995,649.999999999995,buy,1.2109,1.2174,80.00000000001339,17,9812.600000000015,2006
2006-02-05 22:00:00,2006-02-06 14:00:00,10000.0,52.50000000000166,-555.0000000000166,sell,1.19705,1.2026000000000001,714.9999999999989,16,9866.100000000015,2006
2006-02-13 05:00:00,2006-02-15 15:00:00,10000.0,-46.62499999999993,409.9999999999992,sell,1.19335,1.18925,87.00000000001484,58,9823.100000000011,2006
2006-02-19 22:00:00,2006-02-24 21:00:00,10000.0,43.562500000000824,-530.0000000000082,sell,1.1865999999999999,1.1919,1070.0000000000152,119,9874.100000000006,2006
2006-02-28 09:00:00,2006-02-28 16:00:00,10000.0,40.06250000000087,-425.0000000000087,buy,1.19185,1.1876,470.00000000001484,7,9914.600000000006,2006
2006-02-28 16:00:00,2006-03-02 16:00:00,10000.0,50.39999999999878,-553.9999999999878,buy,1.1981,1.19256,902.0000000000027,48,9968.000000000004,2006
2006-03-05 22:00:00,2006-03-06 18:00:00,10000.0,42.149999999999885,-453.9999999999988,sell,1.19986,1.2044,904.0000000000158,20,10011.400000000003,2006
2006-03-19 22:00:00,2006-03-21 15:00:00,10000.0,48.737500000000566,-533.0000000000057,sell,1.21191,1.21724,763.9999999999868,41,10062.699999999999,2006
2006-04-02 21:00:00,2006-04-03 05:00:00,10000.0,57.00000000000122,-595.0000000000122,sell,1.20515,1.2111,665.0000000000044,8,10120.199999999999,2006
2006-04-03 05:00:00,2006-04-03 15:00:00,10000.0,-70.22499999999877,675.9999999999877,sell,1.21148,1.20472,20.000000000020002,10,10050.6,2006
2006-04-06 17:00:00,2006-04-07 15:00:00,10000.0,103.42500000000022,-1068.0000000000023,sell,1.21115,1.22183,1208.0000000000089,22,10155.400000000001,2006
2006-04-09 21:00:00,2006-04-12 01:00:00,10000.0,-69.05000000000052,638.0000000000052,sell,1.21638,1.21,45.00000000000614,52,10089.6,2006
2006-04-13 21:00:00,2006-04-16 21:00:00,10000.0,-2.6999999999992,-8.000000000008,sell,1.2106999999999999,1.21078,103.00000000000863,24,10088.400000000003,2006
2006-04-16 21:00:00,2006-04-17 01:00:00,10000.0,-52.249999999998934,499.9999999999893,sell,1.21685,1.21185,0.0,4,10036.400000000003,2006
2006-04-17 01:00:00,2006-04-17 12:00:00,10000.0,-52.68750000000115,500.0000000000115,sell,1.2233,1.2183,69.99999999999228,11,9984.4,2006
2006-04-17 12:00:00,2006-04-18 19:00:00,10000.0,-70.03749999999783,660.9999999999782,sell,1.23141,1.2248,93.00000000000973,31,9916.300000000001,2006
2006-04-19 13:00:00,2006-04-20 18:00:00,10000.0,-8.01250000000087,42.0000000000087,buy,1.23183,1.23225,314.9999999999986,29,9910.099999999993,2006
2006-04-23 21:00:00,2006-04-25 13:00:00,10000.0,-62.000000000001435,575.0000000000143,sell,1.24235,1.2366,99.99999999998897,40,9850.599999999995,2006
2006-04-30 21:00:00,2006-05-01 14:00:00,10000.0,-42.36249999999989,392.99999999999886,sell,1.26613,1.2622,266.999999999995,17,9809.299999999996,2006
2006-05-01 14:00:00,2006-05-04 15:00:00,10000.0,-83.1625,766.0,sell,1.26906,1.2614,29.999999999996692,73,9730.699999999992,2006
2006-05-04 17:00:00,2006-05-05 13:00:00,10000.0,-63.9500000000002,607.0000000000019,sell,1.2744,1.26833,205.00000000001071,20,9667.999999999989,2006
2006-05-07 21:00:00,2006-05-09 07:00:00,10000.0,54.37500000000133,-585.0000000000132,sell,1.26795,1.2738,1067.0000000000177,34,9724.499999999995,2006
2006-05-09 07:00:00,2006-05-09 14:00:00,10000.0,-76.33750000000008,739.0000000000007,sell,1.27453,1.26714,-19.999999999997797,7,9648.599999999993,2006
2006-05-11 13:00:00,2006-05-11 17:00:00,10000.0,-89.34999999999773,870.9999999999773,sell,1.2863499999999999,1.27764,86.00000000000828,4,9559.499999999995,2006
2006-05-11 17:00:00,2006-05-14 21:00:00,10000.0,-77.34999999999812,735.999999999981,sell,1.2924499999999999,1.28509,326.00000000000404,28,9483.899999999994,2006
2006-05-14 21:00:00,2006-05-15 09:00:00,10000.0,93.44999999999962,-961.9999999999961,sell,1.28443,1.29405,1204.000000000005,12,9578.099999999995,2006
2006-05-15 09:00:00,2006-05-17 16:00:00,10000.0,104.96249999999938,-1103.9999999999939,sell,1.27241,1.28345,1950.9999999999914,55,9686.499999999998,2006
2006-05-17 21:00:00,2006-05-18 14:00:00,10000.0,-97.26249999999985,941.9999999999983,sell,1.2819,1.27248,180.9999999999867,17,9590.300000000001,2006
2006-05-18 14:00:00,2006-05-19 15:00:00,10000.0,94.63749999999939,-981.9999999999939,sell,1.27088,1.2807,1629.999999999998,25,9686.500000000005,2006
2006-05-21 21:00:00,2006-05-22 16:00:00,10000.0,-96.58750000000126,934.0000000000125,sell,1.28469,1.27535,44.999999999983935,19,9591.100000000004,2006
2006-05-22 16:00:00,2006-05-24 16:00:00,10000.0,80.10000000000018,-851.0000000000017,sell,1.27474,1.28325,1427.0000000000005,48,9674.200000000008,2006
2006-05-24 17:00:00,2006-05-28 21:00:00,10000.0,21.650000000000812,-269.0000000000081,sell,1.27349,1.27618,970.9999999999884,52,9699.100000000004,2006
2006-05-28 21:00:00,2006-05-30 03:00:00,10000.0,-82.97499999999862,790.9999999999861,sell,1.2804,1.2724900000000001,45.00000000000614,30,9618.00000000001,2006
2006-05-30 17:00:00,2006-06-01 01:00:00,10000.0,-88.09999999999806,840.9999999999806,buy,1.2790300000000001,1.28744,90.00000000001228,32,9531.900000000018,2006
2006-06-01 17:00:00,2006-06-02 13:00:00,10000.0,-122.84999999999971,1195.999999999997,sell,1.29239,1.28043,155.00000000001623,20,9410.300000000017,2006
2006-06-04 21:00:00,2006-06-06 13:00:00,10000.0,73.80000000000004,-783.0000000000003,sell,1.28409,1.29192,1374.0000000000084,40,9486.600000000019,2006
2006-06-08 05:00:00,2006-06-08 12:00:00,10000.0,-56.13750000000097,537.0000000000097,buy,1.27351,1.27888,72.99999999998974,7,9430.900000000016,2006
2006-06-08 12:00:00,2006-06-09 10:00:00,10000.0,-30.975000000000957,276.00000000000955,buy,1.2661,1.26886,354.00000000000983,22,9401.300000000017,2006
2006-06-11 21:00:00,2006-06-13 18:00:00,10000.0,60.08750000000107,-649.0000000000106,sell,1.25446,1.26095,1063.0000000000139,45,9464.200000000013,2006
2006-06-26 01:00:00,2006-06-26 08:00:00,10000.0,-57.43749999999838,549.9999999999837,sell,1.257,1.2515,142.00000000001987,7,9407.200000000015,2006
2006-06-26 08:00:00,2006-06-27 01:00:00,10000.0,-57.862499999999294,547.9999999999928,sell,1.26128,1.2558,26.000000000014897,17,9350.40000000002,2006
2006-07-02 21:00:00,2006-07-05 07:00:00,10000.0,-7.325000000000035,17.000000000000348,sell,1.27827,1.2781,546.000000000002,58,9346.70000000002,2006
2006-07-05 17:00:00,2006-07-06 14:00:00,10000.0,21.787500000000122,-251.0000000000012,buy,1.27501,1.2725,340.9999999999913,21,9369.800000000021,2006
2006-07-12 21:00:00,2006-07-14 07:00:00,10000.0,-49.024999999998826,448.99999999998823,buy,1.26581,1.2703,81.00000000001994,34,9322.900000000021,2006
2006-07-16 21:00:00,2006-07-17 09:00:00,10000.0,71.24999999999851,-739.9999999999851,sell,1.2556,1.263,855.0000000000057,12,9394.900000000021,2006
2006-07-17 13:00:00,2006-07-19 13:00:00,10000.0,56.70000000000009,-617.0000000000008,sell,1.24732,1.25349,856.9999999999966,48,9454.600000000028,2006
2006-07-19 17:00:00,2006-07-21 13:00:00,10000.0,-83.64999999999952,788.9999999999952,sell,1.26838,1.26049,48.999999999987935,44,9373.700000000026,2006
2006-07-23 21:00:00,2006-07-24 01:00:00,10000.0,35.249999999999204,-374.999999999992,sell,1.2662,1.26995,435.00000000000756,4,9409.200000000026,2006
2006-07-24 01:00:00,2006-07-25 16:00:00,10000.0,70.26250000000087,-747.0000000000088,sell,1.25758,1.26505,943.0000000000049,39,9481.90000000003,2006
2006-08-01 01:00:00,2006-08-01 17:00:00,10000.0,69.00000000000095,-720.0000000000094,buy,1.28136,1.27416,933.000000000006,16,9551.900000000029,2006
2006-08-06 21:00:00,2006-08-07 22:00:00,10000.0,54.63749999999936,-581.9999999999936,sell,1.28203,1.28785,676.9999999999942,25,9608.10000000003,2006
2006-08-08 05:00:00,2006-08-08 19:00:00,10000.0,-43.87499999999993,409.9999999999992,sell,1.28613,1.28203,296.9999999999917,14,9565.10000000003,2006
2006-08-13 21:00:00,2006-08-15 13:00:00,10000.0,-74.00000000000011,695.0000000000011,sell,1.2777,1.27075,-9.999999999998899,40,9493.60000000003,2006
2006-08-20 21:00:00,2006-08-21 02:00:00,10000.0,-56.31250000000071,540.000000000007,sell,1.2876,1.2822,14.999999999987244,5,9437.600000000028,2006
2006-08-21 02:00:00,2006-08-21 13:00:00,10000.0,-31.287499999998627,285.99999999998624,sell,1.29025,1.28739,210.00000000002126,11,9407.000000000027,2006
2006-08-21 13:00:00,2006-08-21 23:00:00,10000.0,49.275000000000276,-519.0000000000027,sell,1.28722,1.29241,651.0000000000015,10,9456.90000000003,2006
2006-08-27 21:00:00,2006-08-28 04:00:00,10000.0,-48.937500000000426,465.00000000000426,sell,1.2798,1.27515,45.00000000000614,7,9408.40000000003,2006
2006-08-28 04:00:00,2006-08-29 08:00:00,10000.0,-40.049999999998,362.99999999998,sell,1.28303,1.2794,79.00000000000684,28,9370.10000000003,2006
2006-09-03 21:00:00,2006-09-06 13:00:00,10000.0,42.50000000000021,-485.00000000000205,sell,1.27895,1.2838,835.9999999999923,64,9416.60000000003,2006
2006-09-10 21:00:00,2006-09-11 09:00:00,10000.0,-52.950000000000244,502.0000000000024,sell,1.27122,1.2662,55.00000000000504,12,9364.400000000029,2006
2006-09-11 09:00:00,2006-09-13 14:00:00,10000.0,46.287500000000534,-516.0000000000053,sell,1.26775,1.27291,556.0000000000009,53,9414.000000000027,2006
2006-09-17 21:00:00,2006-09-18 07:00:00,10000.0,-60.02499999999856,573.9999999999856,sell,1.26839,1.26265,-7.999999999985795,10,9354.60000000003,2006
2006-09-18 09:00:00,2006-09-18 19:00:00,10000.0,-49.92499999999901,472.99999999999005,sell,1.27013,1.2654,12.999999999996346,10,9305.30000000003,2006
2006-09-20 09:00:00,2006-09-21 01:00:00,10000.0,29.399999999999096,-323.99999999999096,buy,1.27101,1.26777,426.99999999999955,16,9335.700000000026,2006
2006-09-24 21:00:00,2006-09-25 15:00:00,10000.0,38.074999999999015,-411.9999999999901,sell,1.27428,1.2784,759.9999999999828,18,9374.900000000029,2006
2006-09-25 15:00:00,2006-09-26 10:00:00,10000.0,42.51249999999963,-456.99999999999625,sell,1.26986,1.27443,626.9999999999998,19,9418.600000000026,2006
2006-09-27 01:00:00,2006-09-29 06:00:00,10000.0,-8.11250000000058,28.000000000005794,buy,1.26949,1.26977,239.99999999999577,53,9413.800000000023,2006
2006-10-02 13:00:00,2006-10-04 11:00:00,10000.0,55.02500000000162,-599.0000000000161,sell,1.26754,1.27353,889.0000000000064,46,9471.700000000024,2006
2006-10-09 09:00:00,2006-10-10 09:00:00,10000.0,33.39999999999971,-368.9999999999971,sell,1.25677,1.26046,459.0000000000094,24,9506.600000000022,2006
2006-10-10 09:00:00,2006-10-10 14:00:00,10000.0,-44.412499999998246,420.9999999999825,buy,1.25242,1.25663,78.00000000000028,5,9462.500000000024,2006
2006-10-10 14:00:00,2006-10-13 10:00:00,10000.0,5.950000000002208,-122.00000000002208,buy,1.2550700000000001,1.25385,486.0000000000086,68,9472.700000000033,2006
2006-10-15 21:00:00,2006-10-17 01:00:00,10000.0,-52.65000000000061,489.0000000000061,sell,1.25424,1.24935,19.999999999997797,28,9421.800000000028,2006
2006-11-06 01:00:00,2006-11-07 04:00:00,10000.0,-37.78749999999913,340.9999999999913,sell,1.27413,1.27072,29.999999999996692,27,9385.70000000003,2006
2006-11-12 22:00:00,2006-11-13 17:00:00,10000.0,34.01250000000168,-372.0000000000167,sell,1.2811299999999999,1.28485,660.000000000016,19,9420.900000000032,2006
2006-11-20 05:00:00,2006-11-22 06:00:00,10000.0,-36.96250000000026,319.0000000000026,sell,1.2865,1.28331,53.99999999999849,49,9387.000000000038,2006
2006-11-26 22:00:00,2006-11-30 16:00:00,10000.0,-108.42499999999868,1007.9999999999866,sell,1.32578,1.3157,8.000000000008,90,9284.200000000032,2006
2006-11-30 16:00:00,2006-12-01 16:00:00,10000.0,-80.29999999999909,767.9999999999909,sell,1.3335,1.32582,120.00000000000898,24,9205.400000000036,2006
2006-12-03 22:00:00,2006-12-06 10:00:00,10000.0,75.44999999999905,-811.9999999999905,sell,1.32773,1.33585,849.9999999999951,60,9284.600000000028,2006
2006-12-17 22:00:00,2006-12-19 09:00:00,10000.0,-73.58749999999947,693.9999999999945,sell,1.31464,1.3077,11.000000000005448,35,9213.20000000003,2006
2006-12-19 09:00:00,2006-12-19 19:00:00,10000.0,46.174999999999955,-487.9999999999995,buy,1.32115,1.31627,825.000000000009,10,9260.000000000033,2006
2006-12-24 22:00:00,2006-12-28 14:00:00,10000.0,-72.0874999999999,653.999999999999,sell,1.3188,1.31226,124.99999999999733,75,9192.600000000039,2006
2007-01-02 07:00:00,2007-01-03 12:00:00,10000.0,32.38749999999956,-361.9999999999956,sell,1.32241,1.32603,715.9999999999833,29,10034.2,2007
2007-01-08 09:00:00,2007-01-10 16:00:00,10000.0,56.037500000000705,-601.000000000007,sell,1.29468,1.3006900000000001,879.9999999999918,33,10092.300000000003,2007
2007-01-23 05:00:00,2007-01-23 10:00:00,10000.0,36.68750000000014,-390.0000000000014,buy,1.29834,1.29444,490.0000000000126,5,10129.300000000003,2007
2007-01-29 05:00:00,2007-01-29 17:00:00,10000.0,-47.250000000000654,445.0000000000065,sell,1.29482,1.29037,-16.000000000016,12,10082.800000000001,2007
2007-02-04 22:00:00,2007-02-07 08:00:00,10000.0,-42.224999999999966,365.9999999999996,sell,1.2986,1.29494,80.99999999999774,58,10044.199999999997,2007
2007-02-12 01:00:00,2007-02-12 11:00:00,10000.0,46.67499999999879,-492.99999999998784,sell,1.29624,1.30117,736.9999999999876,10,10091.499999999996,2007
2007-02-12 11:00:00,2007-02-13 09:00:00,10000.0,-47.67499999999934,442.99999999999335,sell,1.2996699999999999,1.29524,80.00000000001339,22,10045.199999999997,2007
2007-02-18 22:00:00,2007-02-22 08:00:00,10000.0,51.17500000000002,-583.0000000000001,sell,1.30924,1.31507,966.0000000000001,82,10101.500000000005,2007
2007-02-25 22:00:00,2007-02-27 09:00:00,10000.0,-49.587499999999885,453.9999999999988,sell,1.32173,1.31719,122.99999999998423,35,10054.100000000004,2007
2007-03-12 05:00:00,2007-03-12 10:00:00,10000.0,-57.112499999999294,547.9999999999928,sell,1.31725,1.31177,19.999999999997797,5,9997.300000000005,2007
2007-03-12 10:00:00,2007-03-13 14:00:00,10000.0,-37.549999999999386,337.99999999999386,sell,1.32046,1.31708,158.999999999998,28,9961.50000000001,2007
2007-03-18 21:00:00,2007-03-20 18:00:00,10000.0,-10.712500000000905,59.00000000000904,sell,1.33159,1.331,85.99999999998609,45,9953.60000000001,2007
2007-03-25 21:00:00,2007-03-26 15:00:00,10000.0,-54.524999999999224,513.9999999999922,sell,1.33344,1.3283,114.99999999999842,18,9900.20000000001,2007
2007-03-26 15:00:00,2007-03-28 14:00:00,10000.0,-29.137500000000887,242.00000000000887,sell,1.33566,1.33324,124.99999999999733,47,9874.00000000001,2007
2007-04-01 21:00:00,2007-04-05 14:00:00,10000.0,-71.46249999999895,638.9999999999895,sell,1.3432899999999999,1.3369,70.0000000000145,89,9808.100000000008,2007
2007-04-08 21:00:00,2007-04-10 02:00:00,10000.0,-36.71250000000015,329.0000000000015,sell,1.33999,1.3367,-15.000000000009448,29,9773.200000000008,2007
2007-04-10 17:00:00,2007-04-12 14:00:00,10000.0,40.087499999998826,-448.99999999998823,buy,1.3474,1.34291,663.9999999999978,45,9816.100000000002,2007
2007-04-15 21:00:00,2007-04-17 22:00:00,10000.0,-21.46250000000086,164.00000000000858,sell,1.35731,1.35567,201.99999999999105,49,9797.7,2007
2007-04-22 21:00:00,2007-04-23 10:00:00,10000.0,31.08750000000004,-339.0000000000004,sell,1.35636,1.35975,388.9999999999949,13,9829.6,2007
2007-04-23 10:00:00,2007-04-24 14:00:00,10000.0,-39.55000000000139,358.0000000000138,sell,1.35871,1.35513,62.999999999990834,28,9791.799999999997,2007
2007-04-29 21:00:00,2007-05-02 04:00:00,10000.0,56.96250000000023,-624.0000000000023,sell,1.35676,1.363,1100.000000000012,55,9852.199999999997,2007
2007-05-06 21:00:00,2007-05-08 15:00:00,10000.0,57.07500000000009,-617.0000000000008,sell,1.35283,1.359,988.000000000011,42,9911.899999999996,2007
2007-05-09 13:00:00,2007-05-09 20:00:00,10000.0,-33.73749999999855,312.9999999999855,buy,1.35251,1.35564,55.00000000000504,7,9878.599999999997,2007
2007-05-09 20:00:00,2007-05-10 17:00:00,10000.0,-46.912500000001415,436.0000000000141,buy,1.34855,1.35291,49.999999999994486,21,9832.999999999993,2007
2007-05-13 21:00:00,2007-05-15 07:00:00,10000.0,-34.52499999999932,303.9999999999931,sell,1.35544,1.3524,76.0000000000094,34,9800.599999999993,2007
2007-05-22 09:00:00,2007-05-23 09:00:00,10000.0,-29.000000000000522,255.0000000000052,buy,1.34262,1.34517,102.00000000000207,24,9773.099999999993,2007
2007-06-04 13:00:00,2007-06-05 13:00:00,10000.0,-55.499999999998714,519.9999999999872,sell,1.35395,1.3487500000000001,140.99999999999113,24,9719.099999999997,2007
2007-06-12 13:00:00,2007-06-13 08:00:00,10000.0,-41.38749999999935,381.9999999999934,buy,1.32819,1.33201,89.99999999999008,19,9678.9,2007
2007-06-17 21:00:00,2007-06-18 12:00:00,10000.0,-42.8375000000016,399.000000000016,sell,1.34139,1.3374,42.999999999993044,15,9636.999999999996,2007
2007-06-25 13:00:00,2007-06-25 15:00:00,10000.0,-17.424999999998093,152.99999999998093,buy,1.3449200000000001,1.34645,-8.999999999992347,2,9619.699999999999,2007
2007-06-25 15:00:00,2007-06-25 17:00:00,10000.0,3.7750000000009045,-59.00000000000904,buy,1.34571,1.3451199999999999,89.00000000000573,2,9623.6,2007
2007-06-25 17:00:00,2007-06-27 07:00:00,10000.0,-36.27500000000026,319.0000000000026,buy,1.34283,1.34602,82.99999999998863,38,9589.699999999997,2007
2007-07-08 21:00:00,2007-07-10 13:00:00,10000.0,-42.69999999999935,381.9999999999934,sell,1.36632,1.3625,140.00000000000676,40,9549.500000000002,2007
2007-07-16 13:00:00,2007-07-18 05:00:00,10000.0,-52.499999999999154,479.99999999999153,sell,1.38316,1.37836,-9.999999999998899,40,9499.500000000002,2007
2007-07-22 21:00:00,2007-07-24 22:00:00,10000.0,-6.762500000000035,17.000000000000348,sell,1.38297,1.3828,218.99999999999142,49,9495.800000000001,2007
2007-07-30 09:00:00,2007-08-03 14:00:00,10000.0,-78.61250000000092,703.0000000000091,sell,1.37464,1.36761,43.99999999999959,101,9423.500000000007,2007
2007-08-05 21:00:00,2007-08-07 16:00:00,10000.0,72.51249999999949,-771.9999999999949,sell,1.37483,1.38255,896.9999999999922,43,9498.700000000008,2007
2007-08-08 17:00:00,2007-08-09 11:00:00,10000.0,-67.92500000000041,648.0000000000041,buy,1.37382,1.3803,80.00000000001339,18,9431.900000000005,2007
2007-08-12 21:00:00,2007-08-13 15:00:00,10000.0,62.97500000000005,-661.0000000000005,sell,1.36167,1.36828,910.0000000000107,18,9496.000000000005,2007
2007-08-14 05:00:00,2007-08-14 08:00:00,10000.0,-55.787500000000314,536.0000000000031,buy,1.35656,1.36192,-1.0000000000065512,3,9440.400000000005,2007
2007-08-14 08:00:00,2007-08-14 19:00:00,10000.0,-50.187499999998096,474.99999999998096,buy,1.354,1.35875,49.00000000001014,11,9390.900000000007,2007
2007-08-16 17:00:00,2007-08-17 12:00:00,10000.0,-70.88749999999942,676.9999999999942,sell,1.3465099999999999,1.33974,140.00000000000676,19,9321.200000000004,2007
2007-08-19 21:00:00,2007-08-22 23:00:00,10000.0,-86.02500000000057,794.0000000000058,sell,1.35504,1.3471,72.00000000000539,74,9239.800000000003,2007
2007-09-04 21:00:00,2007-09-05 15:00:00,10000.0,35.175,-383.0,buy,1.36479,1.36096,787.0000000000043,18,9276.1,2007
2007-09-09 21:00:00,2007-09-11 11:00:00,10000.0,-55.075000000001296,507.00000000001296,sell,1.38247,1.3774,43.99999999999959,38,9223.399999999998,2007
2007-09-16 21:00:00,2007-09-18 19:00:00,10000.0,-112.37499999999815,1074.9999999999814,sell,1.3973499999999999,1.3866,60.00000000001559,46,9113.900000000005,2007
2007-09-30 21:00:00,2007-10-01 14:00:00,10000.0,53.137499999999584,-561.9999999999958,sell,1.42153,1.42715,612.0000000000125,17,9168.100000000004,2007
2007-10-01 14:00:00,2007-10-02 08:00:00,10000.0,54.375000000001435,-575.0000000000143,sell,1.4182299999999999,1.42398,645.0000000000066,18,9223.600000000008,2007
2007-10-07 21:00:00,2007-10-08 14:00:00,10000.0,67.03749999999961,-700.999999999996,sell,1.40743,1.41444,741.0000000000138,17,9291.700000000006,2007
2007-10-15 09:00:00,2007-10-16 08:00:00,10000.0,58.56250000000205,-620.0000000000205,sell,1.41691,1.42311,740.0000000000073,23,9351.700000000008,2007
2007-10-16 13:00:00,2007-10-18 07:00:00,10000.0,65.97500000000066,-706.0000000000066,buy,1.42499,1.41793,977.9999999999899,42,9420.300000000016,2007
2007-10-21 21:00:00,2007-10-22 11:00:00,10000.0,114.62500000000149,-1175.0000000000148,sell,1.42115,1.4329,1312.000000000002,14,9535.800000000017,2007
2007-10-22 11:00:00,2007-10-23 13:00:00,10000.0,-99.12499999999947,954.9999999999947,sell,1.42551,1.41596,119.00000000000243,26,9438.300000000023,2007
2007-10-23 17:00:00,2007-10-25 13:00:00,10000.0,78.84999999999923,-835.9999999999923,buy,1.43299,1.42463,1419.9999999999989,44,9519.900000000025,2007
2007-10-25 17:00:00,2007-10-26 13:00:00,10000.0,-65.64999999999802,623.9999999999801,sell,1.43789,1.43165,98.00000000002028,20,9455.500000000027,2007
2007-10-28 21:00:00,2007-10-31 07:00:00,10000.0,-40.12499999999953,344.9999999999953,sell,1.44385,1.4404000000000001,157.99999999999147,58,9419.000000000027,2007
2007-11-04 22:00:00,2007-11-06 22:00:00,10000.0,-48.80000000000051,438.000000000005,sell,1.4558,1.45142,120.99999999999332,48,9373.200000000026,2007
2007-11-07 21:00:00,2007-11-07 23:00:00,10000.0,1.6750000000004697,-38.0000000000047,sell,1.4631,1.4634800000000001,98.99999999998242,2,9375.000000000027,2007
2007-11-07 23:00:00,2007-11-08 01:00:00,10000.0,-34.224999999999355,320.99999999999346,sell,1.46519,1.46198,93.99999999999407,2,9340.900000000027,2007
2007-11-08 01:00:00,2007-11-09 02:00:00,10000.0,-69.96249999999979,663.9999999999978,sell,1.47147,1.46483,239.99999999999577,25,9272.500000000031,2007
2007-11-11 22:00:00,2007-11-12 12:00:00,10000.0,80.82499999999989,-836.9999999999987,sell,1.45603,1.4644,1052.0000000000084,14,9354.20000000003,2007
2007-11-12 12:00:00,2007-11-14 03:00:00,10000.0,-95.63749999999794,911.9999999999794,sell,1.46616,1.4570400000000001,40.0000000000178,39,9261.000000000036,2007
2007-11-14 17:00:00,2007-11-16 11:00:00,10000.0,70.27499999999996,-748.9999999999997,sell,1.45934,1.46683,1102.9999999999873,42,9333.900000000032,2007
2007-11-18 22:00:00,2007-11-20 08:00:00,10000.0,-75.72500000000055,716.0000000000055,sell,1.47346,1.4663,63.999999999997385,34,9260.300000000032,2007
2007-11-25 22:00:00,2007-11-26 12:00:00,10000.0,-27.274999999999977,243.99999999999974,sell,1.48463,1.48219,399.000000000016,14,9233.900000000029,2007
2007-11-26 12:00:00,2007-11-27 14:00:00,10000.0,-57.12499999999966,534.9999999999966,sell,1.48831,1.48296,246.99999999999721,26,9178.400000000029,2007
2007-11-28 05:00:00,2007-11-28 09:00:00,10000.0,-83.44999999999905,811.9999999999905,buy,1.47336,1.48148,100.00000000001118,4,9095.20000000003,2007
2007-11-28 09:00:00,2007-11-28 20:00:00,10000.0,102.01249999999979,-1046.999999999998,buy,1.48535,1.47488,1414.9999999999884,11,9197.90000000003,2007
2007-11-29 17:00:00,2007-11-30 16:00:00,10000.0,72.26250000000077,-757.0000000000076,sell,1.46824,1.47581,1018.0000000000077,23,9271.600000000035,2007
2007-12-02 22:00:00,2007-12-04 12:00:00,10000.0,-96.8749999999998,924.999999999998,sell,1.47365,1.4644,-2.9999999999974487,38,9177.100000000039,2007
2007-12-04 12:00:00,2007-12-05 16:00:00,10000.0,68.34999999999938,-720.9999999999939,sell,1.4659,1.47311,1114.9999999999993,28,9247.200000000039,2007
2007-12-06 13:00:00,2007-12-07 21:00:00,10000.0,-47.09999999999814,430.99999999998136,sell,1.46511,1.4608,221.00000000000452,32,9202.10000000004,2007
2007-12-09 22:00:00,2007-12-10 13:00:00,10000.0,-75.43749999999979,724.9999999999978,sell,1.47199,1.46474,30.000000000018897,15,9127.600000000042,2007
2007-12-13 09:00:00,2007-12-13 14:00:00,10000.0,-24.512499999998887,221.99999999998886,buy,1.46774,1.46996,156.00000000000057,5,9103.400000000041,2007
2007-12-18 01:00:00,2007-12-19 17:00:00,10000.0,-55.299999999999734,507.9999999999973,buy,1.43413,1.4392099999999999,160.99999999998892,40,9050.600000000039,2007
2007-12-20 13:00:00,2007-12-21 21:00:00,10000.0,-9.39999999999985,53.99999999999849,sell,1.43543,1.43489,554.9999999999943,32,9043.200000000035,2007
2007-12-23 22:00:00,2007-12-26 08:00:00,10000.0,-59.312499999999545,544.9999999999955,sell,1.4418,1.43635,-9.999999999998899,45,8986.700000000033,2007
2007-12-27 13:00:00,2007-12-27 18:00:00,10000.0,62.087500000000006,-644.0000000000001,buy,1.46347,1.45703,731.9999999999992,5,9049.100000000033,2007
2007-12-27 18:00:00,2007-12-28 12:00:00,10000.0,64.57499999999942,-676.9999999999942,buy,1.47016,1.46339,1095.9999999999857,18,9114.800000000032,2007
2007-12-30 22:00:00,2007-12-31 16:00:00,10000.0,89.3749999999998,-924.999999999998,sell,1.4621,1.47135,1256.0000000000125,18,9205.300000000034,2007
2008-01-03 13:00:00,2008-01-04 14:00:00,10000.0,-98.66249999999907,950.9999999999907,sell,1.4804,1.47089,180.00000000000236,25,9902.9,2008
2008-01-06 22:00:00,2008-01-07 08:00:00,10000.0,70.97500000000034,-736.0000000000033,sell,1.46664,1.474,797.0000000000032,10,9974.5,2008
2008-01-07 08:00:00,2008-01-10 18:00:00,10000.0,-121.92500000000157,1148.0000000000157,sell,1.48032,1.46884,95.00000000000063,82,9857.699999999992,2008
2008-01-13 22:00:00,2008-01-14 07:00:00,10000.0,-80.06249999999923,774.9999999999923,sell,1.48748,1.47973,-9.999999999998899,9,9778.199999999995,2008
2008-01-14 07:00:00,2008-01-15 22:00:00,10000.0,65.46250000000052,-699.0000000000051,sell,1.48053,1.48752,1167.0000000000068,39,9846.099999999995,2008
2008-01-16 17:00:00,2008-01-18 21:00:00,10000.0,35.049999999999784,-402.9999999999978,sell,1.46137,1.4654,1012.9999999999972,52,9884.399999999992,2008
2008-01-20 22:00:00,2008-01-21 09:00:00,10000.0,88.11249999999977,-907.9999999999976,sell,1.4499,1.45898,985.0000000000135,11,9973.199999999992,2008
2008-01-21 09:00:00,2008-01-22 00:00:00,10000.0,77.66249999999957,-805.9999999999956,sell,1.44198,1.45004,889.0000000000064,15,10051.799999999992,2008
2008-01-23 17:00:00,2008-01-24 12:00:00,10000.0,-120.28749999999887,1170.9999999999886,sell,1.46729,1.45558,19.999999999997797,19,9932.699999999993,2008
2008-01-24 13:00:00,2008-01-24 19:00:00,10000.0,-93.47499999999951,910.9999999999951,sell,1.47679,1.46768,18.999999999991246,6,9839.599999999993,2008
2008-01-24 19:00:00,2008-01-25 19:00:00,10000.0,85.59999999999974,-890.9999999999973,sell,1.46668,1.47559,1106.0000000000068,24,9926.69999999999,2008
2008-02-03 22:00:00,2008-02-05 11:00:00,10000.0,103.08750000000194,-1074.0000000000193,sell,1.4684599999999999,1.4792,1641.0000000000034,37,10032.099999999993,2008
2008-02-05 13:00:00,2008-02-06 09:00:00,10000.0,-80.14999999999975,768.9999999999974,buy,1.46119,1.46888,204.00000000000415,20,9953.199999999992,2008
2008-02-06 09:00:00,2008-02-07 14:00:00,10000.0,99.38749999999885,-1031.9999999999884,sell,1.45032,1.46064,1679.9999999999925,29,10054.399999999987,2008
2008-02-07 14:00:00,2008-02-08 21:00:00,10000.0,-1.0374999999987653,-29.000000000012346,sell,1.45094,1.45123,395.000000000012,31,10055.299999999987,2008
2008-02-10 22:00:00,2008-02-12 15:00:00,10000.0,-73.06250000000023,685.0000000000023,sell,1.45875,1.4519,201.0000000000067,41,9984.799999999985,2008
2008-02-19 13:00:00,2008-02-20 12:00:00,10000.0,-71.73749999999892,682.9999999999891,buy,1.4666000000000001,1.47343,54.00000000002069,23,9914.499999999984,2008
2008-02-24 22:00:00,2008-02-26 14:00:00,10000.0,-57.99999999999966,534.9999999999966,sell,1.48823,1.48288,60.999999999999936,40,9858.999999999985,2008
2008-02-28 01:00:00,2008-02-28 16:00:00,10000.0,-86.23749999999949,832.9999999999948,sell,1.5181,1.50977,-14.000000000002897,15,9773.699999999984,2008
2008-02-28 16:00:00,2008-02-29 21:00:00,10000.0,-9.81249999999934,59.999999999993385,sell,1.51772,1.51712,614.0000000000034,29,9765.699999999983,2008
2008-03-02 22:00:00,2008-03-05 17:00:00,10000.0,-87.8875000000001,817.000000000001,sell,1.52824,1.52007,194.00000000000526,67,9681.999999999987,2008
2008-03-05 17:00:00,2008-03-06 15:00:00,10000.0,-67.87500000000067,645.0000000000066,sell,1.53444,1.52799,275.000000000003,22,9615.499999999987,2008
2008-03-06 15:00:00,2008-03-07 14:00:00,10000.0,-59.037500000000094,556.0000000000009,sell,1.54099,1.53543,475.9999999999875,23,9557.899999999987,2008
2008-03-09 21:00:00,2008-03-11 11:00:00,10000.0,-127.4749999999982,1230.999999999982,sell,1.54788,1.53557,164.00000000000858,38,9432.799999999987,2008
2008-03-12 21:00:00,2008-03-14 15:00:00,10000.0,-79.62500000000063,750.0000000000061,sell,1.56397,1.55647,474.99999999998096,42,9355.799999999987,2008
2008-03-16 21:00:00,2008-03-17 03:00:00,10000.0,-147.27499999999893,1448.999999999989,sell,1.5868499999999999,1.57236,350.00000000000585,6,9208.899999999987,2008
2008-03-17 03:00:00,2008-03-18 20:00:00,10000.0,198.7375000000018,-2033.000000000018,sell,1.5637699999999999,1.5841,2188.000000000012,41,9410.199999999986,2008
2008-03-19 01:00:00,2008-03-20 09:00:00,10000.0,113.79999999999902,-1177.99999999999,sell,1.55566,1.56744,2280.9999999999995,32,9525.999999999985,2008
2008-03-20 09:00:00,2008-03-23 21:00:00,10000.0,27.44999999999895,-316.9999999999895,sell,1.54309,1.54626,526.9999999999885,36,9555.699999999984,2008
2008-03-23 21:00:00,2008-03-24 02:00:00,10000.0,50.28750000000042,-526.0000000000042,sell,1.53654,1.5418,575.9999999999986,5,9606.299999999985,2008
2008-03-24 02:00:00,2008-03-24 11:00:00,10000.0,-71.86250000000103,693.0000000000102,sell,1.54278,1.53585,266.999999999995,9,9534.999999999984,2008
2008-03-24 11:00:00,2008-03-25 03:00:00,10000.0,-122.1999999999993,1191.999999999993,sell,1.55476,1.54284,95.00000000000063,16,9413.799999999983,2008
2008-03-25 03:00:00,2008-03-25 21:00:00,10000.0,-98.82499999999857,956.9999999999856,sell,1.56504,1.5554700000000001,82.00000000000429,18,9316.099999999988,2008
2008-03-25 21:00:00,2008-03-26 10:00:00,10000.0,-95.41250000000046,926.0000000000045,sell,1.57189,1.56263,120.99999999999332,13,9221.499999999985,2008
2008-03-30 21:00:00,2008-03-31 15:00:00,10000.0,-51.8249999999993,486.99999999999295,sell,1.58482,1.57995,483.00000000001114,18,9170.799999999987,2008
2008-04-06 21:00:00,2008-04-09 16:00:00,10000.0,-88.18749999999986,819.9999999999984,sell,1.58042,1.57222,78.00000000000028,67,9086.799999999985,2008
2008-04-13 21:00:00,2008-04-14 11:00:00,10000.0,-134.2749999999993,1313.999999999993,sell,1.5830899999999999,1.56995,114.00000000001408,14,8953.399999999983,2008
2008-04-14 11:00:00,2008-04-17 06:00:00,10000.0,-73.58749999999968,673.9999999999968,sell,1.59382,1.58708,404.0000000000043,67,8883.999999999982,2008
2008-04-17 06:00:00,2008-04-17 08:00:00,10000.0,-40.8250000000004,387.000000000004,sell,1.59728,1.59341,39.999999999995595,2,8843.299999999981,2008
2008-04-17 08:00:00,2008-04-17 10:00:00,10000.0,-14.124999999998678,119.99999999998677,sell,1.59584,1.59464,256.00000000001177,2,8829.299999999983,2008
2008-04-17 13:00:00,2008-04-17 15:00:00,10000.0,-3.7249999999993797,15.999999999993795,sell,1.59054,1.5903800000000001,373.99999999998545,2,8825.699999999983,2008
2008-04-20 21:00:00,2008-04-21 12:00:00,10000.0,-104.33750000000038,1014.0000000000038,sell,1.59064,1.5805,139.99999999998457,15,8722.299999999983,2008
2008-04-21 12:00:00,2008-04-24 09:00:00,10000.0,170.58749999999984,-1768.9999999999982,sell,1.57447,1.59216,2743.0000000000064,69,8897.199999999983,2008
2008-04-24 13:00:00,2008-04-25 08:00:00,10000.0,110.31249999999972,-1134.999999999997,sell,1.55841,1.56976,1627.999999999985,19,9008.699999999984,2008
2008-04-27 21:00:00,2008-05-01 13:00:00,10000.0,113.70000000000131,-1212.000000000013,sell,1.54863,1.56075,2065.0000000000055,88,9127.899999999985,2008
2008-05-01 13:00:00,2008-05-04 21:00:00,10000.0,43.29999999999901,-472.99999999999005,sell,1.5421,1.54683,768.9999999999974,32,9173.199999999986,2008
2008-05-04 21:00:00,2008-05-05 18:00:00,10000.0,-96.91249999999813,935.9999999999812,sell,1.55171,1.54235,15.000000000009448,21,9077.599999999984,2008
2008-05-07 05:00:00,2008-05-07 11:00:00,10000.0,-56.874999999999545,544.9999999999955,buy,1.54263,1.54808,163.00000000000202,6,9021.099999999986,2008
2008-05-07 11:00:00,2008-05-08 00:00:00,10000.0,-98.41250000000014,956.0000000000013,buy,1.53414,1.5437,77.00000000001594,13,8923.499999999985,2008
2008-05-08 00:00:00,2008-05-08 15:00:00,10000.0,71.16250000000139,-741.0000000000138,buy,1.54183,1.53442,1336.0000000000036,15,8995.599999999988,2008
2008-05-11 21:00:00,2008-05-12 16:00:00,10000.0,-88.58749999999992,853.9999999999991,sell,1.55364,1.5451,75.00000000000284,19,8908.199999999992,2008
2008-05-14 21:00:00,2008-05-16 15:00:00,10000.0,68.97500000000034,-736.0000000000033,buy,1.55499,1.54763,1300.000000000012,42,8979.79999999999,2008
2008-05-20 13:00:00,2008-05-21 11:00:00,10000.0,94.72500000000096,-981.0000000000095,buy,1.57606,1.56625,1293.0000000000107,22,9075.89999999999,2008
2008-05-22 21:00:00,2008-05-25 21:00:00,10000.0,-38.79999999999811,352.99999999998107,sell,1.57591,1.57238,345.0000000000175,24,9038.599999999991,2008
2008-05-25 21:00:00,2008-05-27 19:00:00,10000.0,57.42499999999958,-622.9999999999957,sell,1.57019,1.57642,1157.000000000008,46,9098.899999999992,2008
2008-05-27 19:00:00,2008-05-28 13:00:00,10000.0,-70.42499999999903,672.9999999999902,buy,1.56278,1.56951,158.00000000001367,18,9029.599999999995,2008
2008-05-29 13:00:00,2008-06-01 21:00:00,10000.0,-30.500000000000412,265.0000000000041,sell,1.55509,1.55244,176.99999999998272,32,9001.099999999995,2008
2008-06-01 21:00:00,2008-06-03 09:00:00,10000.0,-73.15000000000063,689.0000000000063,sell,1.56264,1.55575,14.999999999987244,36,8930.199999999992,2008
2008-06-04 21:00:00,2008-06-05 14:00:00,10000.0,-127.26249999999875,1241.9999999999875,sell,1.5548,1.54238,15.000000000009448,17,8803.999999999993,2008
2008-06-05 14:00:00,2008-06-06 02:00:00,10000.0,-61.64999999999951,588.999999999995,sell,1.55915,1.55326,123.00000000000642,12,8743.099999999995,2008
2008-06-08 21:00:00,2008-06-09 14:00:00,10000.0,79.63749999999999,-826.9999999999999,sell,1.57013,1.5784,1414.9999999999884,17,8823.799999999997,2008
2008-06-09 14:00:00,2008-06-10 01:00:00,10000.0,137.3125000000001,-1400.0000000000011,sell,1.55863,1.57263,1459.9999999999945,11,8961.799999999996,2008
2008-06-11 05:00:00,2008-06-11 16:00:00,10000.0,74.3125000000004,-770.000000000004,buy,1.55598,1.5482799999999999,1024.0000000000025,11,9036.799999999996,2008
2008-06-11 16:00:00,2008-06-12 07:00:00,10000.0,-139.33750000000097,1364.0000000000095,buy,1.54209,1.55573,4.999999999988347,15,8898.399999999994,2008
2008-06-12 17:00:00,2008-06-13 12:00:00,10000.0,95.11250000000005,-983.0000000000005,sell,1.53214,1.54197,1619.999999999999,19,8994.699999999993,2008
2008-06-15 21:00:00,2008-06-16 13:00:00,10000.0,-94.19999999999794,911.9999999999794,sell,1.54832,1.5392000000000001,146.00000000000168,16,8901.499999999996,2008
2008-06-16 13:00:00,2008-06-20 10:00:00,10000.0,-112.61249999999822,1047.9999999999823,sell,1.55967,1.54919,26.000000000014897,93,8794.699999999993,2008
2008-06-25 21:00:00,2008-06-26 19:00:00,10000.0,85.0249999999996,-883.9999999999958,buy,1.57554,1.5667,1276.9999999999948,22,8881.099999999991,2008
2008-06-29 21:00:00,2008-06-30 09:00:00,10000.0,-56.949999999999804,541.999999999998,sell,1.5825,1.57708,104.99999999999953,12,8824.89999999999,2008
2008-06-30 09:00:00,2008-06-30 16:00:00,10000.0,54.16249999999998,-565.9999999999998,sell,1.57488,1.58054,685.9999999999866,7,8879.499999999989,2008
2008-06-30 16:00:00,2008-07-01 11:00:00,10000.0,-82.98750000000098,798.0000000000098,sell,1.58139,1.57341,39.999999999995595,19,8797.699999999986,2008
2008-07-03 17:00:00,2008-07-06 21:00:00,10000.0,-11.849999999999774,80.99999999999774,sell,1.56992,1.56911,276.00000000000955,28,8787.599999999982,2008
2008-07-06 21:00:00,2008-07-07 07:00:00,10000.0,55.87500000000133,-585.0000000000132,sell,1.56297,1.56882,719.000000000003,10,8844.099999999982,2008
2008-07-07 07:00:00,2008-07-07 17:00:00,10000.0,-100.32499999999834,976.9999999999834,sell,1.57194,1.56217,-9.999999999998899,10,8744.399999999985,2008
2008-07-09 13:00:00,2008-07-11 11:00:00,10000.0,-75.67499999999976,707.9999999999975,sell,1.58074,1.57366,181.99999999999326,46,8671.59999999999,2008
2008-07-13 21:00:00,2008-07-14 07:00:00,10000.0,87.47499999999962,-900.9999999999961,sell,1.58711,1.59612,930.9999999999928,10,8759.699999999988,2008
2008-07-14 07:00:00,2008-07-15 08:00:00,10000.0,-105.2624999999979,1016.999999999979,sell,1.59777,1.5876000000000001,9.000000000014552,25,8655.999999999989,2008
2008-07-20 21:00:00,2008-07-21 09:00:00,10000.0,-62.649999999999395,598.999999999994,sell,1.58931,1.58332,148.99999999999912,12,8594.099999999991,2008
2008-07-21 09:00:00,2008-07-22 04:00:00,10000.0,-51.0874999999985,478.99999999998494,sell,1.5925799999999999,1.58779,106.00000000000608,19,8544.19999999999,2008
2008-07-23 17:00:00,2008-07-27 21:00:00,10000.0,-16.84999999999828,115.99999999998278,sell,1.57045,1.56929,485.00000000000205,52,8530.599999999997,2008
2008-07-27 21:00:00,2008-07-28 11:00:00,10000.0,-73.27499999999935,703.9999999999934,sell,1.57612,1.56908,31.000000000003244,14,8458.199999999997,2008
2008-07-28 11:00:00,2008-07-29 14:00:00,10000.0,77.71250000000036,-814.0000000000035,sell,1.56672,1.57486,1005.0000000000114,27,8537.599999999999,2008
2008-07-31 09:00:00,2008-07-31 13:00:00,10000.0,-64.54999999999959,622.9999999999957,sell,1.5678699999999999,1.56164,71.00000000002105,4,8473.3,2008
2008-07-31 13:00:00,2008-07-31 18:00:00,10000.0,49.98750000000068,-523.0000000000067,sell,1.55911,1.56434,564.0000000000089,5,8523.599999999999,2008
2008-07-31 18:00:00,2008-07-31 20:00:00,10000.0,-11.124999999999009,89.99999999999008,sell,1.56015,1.55925,1.0000000000065512,2,8512.599999999999,2008
2008-08-05 13:00:00,2008-08-06 14:00:00,10000.0,-73.0624999999979,694.9999999999789,buy,1.54177,1.5487199999999999,100.00000000001118,25,8441.099999999999,2008
2008-08-10 21:00:00,2008-08-11 09:00:00,10000.0,-146.04999999999953,1432.9999999999952,sell,1.50802,1.49369,34.000000000000696,12,8295.8,2008
2008-08-11 09:00:00,2008-08-11 20:00:00,10000.0,126.71250000000174,-1294.0000000000173,sell,1.4904,1.5033400000000001,1329.0000000000023,11,8423.200000000003,2008
2008-08-12 05:00:00,2008-08-12 13:00:00,10000.0,-118.69999999999963,1161.9999999999964,sell,1.49444,1.48282,59.00000000000904,8,8305.000000000004,2008
2008-08-12 13:00:00,2008-08-14 23:00:00,10000.0,140.0749999999997,-1456.999999999997,sell,1.47769,1.49226,2032.9999999999957,58,8448.700000000003,2008
2008-08-17 21:00:00,2008-08-18 04:00:00,10000.0,-92.33750000000053,899.0000000000052,sell,1.47649,1.4675,3.9999999999817955,7,8356.800000000001,2008
2008-08-18 04:00:00,2008-08-19 06:00:00,10000.0,74.1750000000012,-778.0000000000119,sell,1.4665,1.47428,1026.0000000000157,26,8432.600000000002,2008
2008-08-31 21:00:00,2008-09-01 15:00:00,10000.0,96.675000000001,-998.0000000000099,sell,1.4593099999999999,1.46929,1185.0000000000136,18,8530.400000000005,2008
2008-09-01 15:00:00,2008-09-02 07:00:00,10000.0,77.90000000000153,-809.0000000000152,sell,1.45193,1.46002,995.9999999999968,16,8609.300000000007,2008
2008-09-07 21:00:00,2008-09-08 14:00:00,10000.0,169.93749999999872,-1729.999999999987,sell,1.41985,1.43715,2299.999999999991,17,8780.300000000005,2008
2008-09-08 14:00:00,2008-09-08 18:00:00,10000.0,123.25000000000061,-1255.000000000006,sell,1.40774,1.42029,1499.0000000000057,4,8903.800000000005,2008
2008-09-09 09:00:00,2008-09-10 16:00:00,10000.0,150.36250000000055,-1543.0000000000055,sell,1.40216,1.4175900000000001,2042.9999999999945,31,9056.100000000006,2008
2008-09-11 17:00:00,2008-09-12 08:00:00,10000.0,-138.73749999999924,1357.9999999999925,sell,1.40757,1.39399,225.0000000000085,15,8918.300000000005,2008
2008-09-14 21:00:00,2008-09-15 04:00:00,10000.0,-154.93749999999986,1524.9999999999984,sell,1.44395,1.4287,400.00000000000034,7,8763.800000000005,2008
2008-09-15 04:00:00,2008-09-15 11:00:00,10000.0,198.66250000000073,-2011.000000000007,sell,1.41846,1.4385700000000001,2627.0000000000014,7,8962.900000000005,2008
2008-09-15 11:00:00,2008-09-17 19:00:00,10000.0,-252.89999999999984,2473.999999999998,sell,1.43746,1.41272,90.00000000001228,56,8713.50000000001,2008
2008-09-21 21:00:00,2008-09-22 16:00:00,10000.0,-211.1874999999993,2079.9999999999927,sell,1.46959,1.44879,17.000000000000348,19,8503.500000000011,2008
2008-09-22 16:00:00,2008-09-23 06:00:00,10000.0,-71.47499999999866,685.9999999999866,sell,1.4801,1.47324,648.0000000000041,14,8432.900000000012,2008
2008-09-23 06:00:00,2008-09-23 08:00:00,10000.0,5.174999999998974,-72.99999999998974,sell,1.47357,1.4743,200.9999999999845,2,8438.200000000012,2008
2008-09-23 08:00:00,2008-09-23 10:00:00,10000.0,-87.72499999999901,855.99999999999,sell,1.47824,1.46968,24.000000000001794,2,8350.600000000013,2008
2008-09-23 10:00:00,2008-09-23 12:00:00,10000.0,18.874999999999908,-209.99999999999906,sell,1.4762,1.4783,290.00000000001245,2,8369.600000000013,2008
2008-09-28 21:00:00,2008-09-29 08:00:00,10000.0,158.11250000000095,-1608.0000000000093,sell,1.43518,1.45126,2065.0000000000055,11,8528.400000000018,2008
2008-09-29 08:00:00,2008-09-29 18:00:00,10000.0,-97.02499999999893,943.9999999999892,sell,1.4446999999999999,1.43526,1233.0000000000173,10,8432.000000000018,2008
2008-09-29 18:00:00,2008-09-30 13:00:00,10000.0,203.1125000000015,-2063.0000000000146,sell,1.42593,1.44656,2134.0000000000136,19,8636.300000000017,2008
2008-10-01 01:00:00,2008-10-02 07:00:00,10000.0,156.0249999999995,-1598.9999999999948,sell,1.39365,1.40964,2368.9999999999986,30,8794.200000000019,2008
2008-10-02 07:00:00,2008-10-05 21:00:00,10000.0,167.32499999999908,-1716.9999999999907,sell,1.37039,1.38756,2290.999999999998,38,8963.900000000018,2008
2008-10-05 21:00:00,2008-10-09 02:00:00,10000.0,-18.61249999999959,117.99999999999588,sell,1.36428,1.3631,1119.0000000000032,77,8950.100000000026,2008
2008-10-20 21:00:00,2008-10-21 09:00:00,10000.0,-101.5500000000011,988.000000000011,buy,1.32327,1.33315,244.9999999999841,12,8849.300000000025,2008
2008-10-21 09:00:00,2008-10-21 16:00:00,10000.0,-153.43750000000114,1510.0000000000111,buy,1.30992,1.32502,-18.0000000000069,7,8696.300000000021,2008
2008-10-21 16:00:00,2008-10-22 02:00:00,10000.0,-103.92499999999973,1012.9999999999972,buy,1.30022,1.31035,7.000000000001449,10,8593.000000000022,2008
2008-10-22 02:00:00,2008-10-22 04:00:00,10000.0,-66.42499999999936,642.9999999999935,buy,1.29153,1.29796,49.00000000001014,2,8526.700000000023,2008
2008-10-22 04:00:00,2008-10-22 06:00:00,10000.0,41.67500000000051,-438.000000000005,buy,1.28511,1.28073,659.9999999999939,2,8568.500000000024,2008
2008-10-26 21:00:00,2008-10-28 22:00:00,10000.0,-262.06250000000057,2570.0000000000055,sell,1.27855,1.25285,49.999999999994486,49,8309.50000000002,2008
2008-10-30 05:00:00,2008-10-30 07:00:00,10000.0,63.97500000000005,-661.0000000000005,sell,1.31677,1.32338,720.0000000000094,2,8373.60000000002,2008
2008-10-30 07:00:00,2008-10-30 09:00:00,10000.0,54.17500000000024,-563.0000000000024,sell,1.31537,1.321,583.0000000000001,2,8427.90000000002,2008
2008-10-30 09:00:00,2008-10-30 11:00:00,10000.0,-101.1250000000002,990.0000000000019,sell,1.31471,1.30481,82.00000000000429,2,8326.90000000002,2008
2008-10-30 11:00:00,2008-10-30 13:00:00,10000.0,14.475000000002169,-166.00000000002169,sell,1.30496,1.3066200000000001,660.000000000016,2,8341.500000000022,2008
2008-11-05 13:00:00,2008-11-05 15:00:00,10000.0,-54.22499999999937,520.9999999999936,sell,1.29308,1.28787,80.99999999999774,2,8287.400000000023,2008
2008-11-05 15:00:00,2008-11-05 17:00:00,10000.0,14.975000000001003,-171.00000000001003,sell,1.30386,1.3055700000000001,303.9999999999931,2,8302.500000000024,2008
2008-11-05 17:00:00,2008-11-06 06:00:00,10000.0,104.38750000000063,-1072.0000000000061,sell,1.2891,1.29982,1414.000000000004,13,8407.700000000023,2008
2008-11-06 06:00:00,2008-11-06 08:00:00,10000.0,-33.22499999999946,310.9999999999946,sell,1.2866,1.28349,134.00000000001188,2,8374.600000000022,2008
2008-11-06 08:00:00,2008-11-06 18:00:00,10000.0,169.17499999999973,-1717.9999999999973,sell,1.27426,1.29144,1889.0000000000073,10,8544.40000000002,2008
2008-11-10 13:00:00,2008-11-10 17:00:00,10000.0,153.25000000000176,-1555.0000000000173,sell,1.27599,1.2915400000000001,1614.000000000004,4,8697.900000000021,2008
2008-11-10 17:00:00,2008-11-11 16:00:00,10000.0,212.0625000000018,-2155.0000000000177,sell,1.25456,1.27611,2541.0000000000155,23,8911.400000000021,2008
2008-11-16 22:00:00,2008-11-19 10:00:00,10000.0,-80.24999999999957,744.9999999999956,sell,1.26085,1.2534,1333.0000000000064,60,8834.900000000027,2008
2008-11-20 01:00:00,2008-11-20 03:00:00,10000.0,3.8750000000015596,-60.00000000001559,sell,1.2511999999999999,1.2518,81.00000000001994,2,8838.900000000029,2008
2008-11-20 03:00:00,2008-11-20 05:00:00,10000.0,9.475000000000499,-116.00000000000497,sell,1.24891,1.25007,222.00000000001106,2,8848.50000000003,2008
2008-11-20 05:00:00,2008-11-20 07:00:00,10000.0,-10.424999999998864,82.99999999998863,sell,1.25108,1.25025,-1.0000000000065512,2,8838.20000000003,2008
2008-11-20 07:00:00,2008-11-20 09:00:00,10000.0,-25.425000000001653,233.0000000000165,sell,1.25303,1.2507,18.999999999991246,2,8812.900000000029,2008
2008-11-24 13:00:00,2008-11-24 22:00:00,10000.0,188.1375000000014,-1907.000000000014,buy,1.2954,1.27633,2094.0000000000177,9,9001.600000000031,2008
2008-11-25 01:00:00,2008-11-25 21:00:00,10000.0,178.4500000000002,-1817.0000000000018,buy,1.30636,1.28819,2597.999999999989,20,9181.30000000003,2008
2008-11-30 22:00:00,2008-12-02 09:00:00,10000.0,109.41250000000036,-1136.0000000000036,sell,1.2577099999999999,1.26907,1372.0000000000175,35,9292.90000000003,2008
2008-12-04 01:00:00,2008-12-04 09:00:00,10000.0,110.10000000000048,-1126.0000000000048,sell,1.25963,1.27089,1205.999999999996,8,9403.50000000003,2008
2008-12-04 09:00:00,2008-12-04 16:00:00,10000.0,-139.03750000000005,1366.0000000000005,sell,1.27397,1.26031,14.000000000002897,7,9264.90000000003,2008
2008-12-04 16:00:00,2008-12-05 14:00:00,10000.0,164.12500000000043,-1675.000000000004,sell,1.26685,1.2836,1709.999999999989,22,9430.40000000003,2008
2008-12-07 22:00:00,2008-12-08 08:00:00,10000.0,-156.8249999999999,1541.9999999999989,sell,1.28737,1.27195,90.00000000001228,10,9274.200000000033,2008
2008-12-08 08:00:00,2008-12-10 16:00:00,10000.0,-101.59999999999897,960.9999999999895,sell,1.29903,1.28942,484.00000000001774,56,9176.100000000031,2008
2008-12-10 16:00:00,2008-12-11 11:00:00,10000.0,136.01249999999933,-1391.9999999999932,buy,1.31639,1.30247,1750.9999999999914,19,9313.30000000003,2008
2008-12-14 22:00:00,2008-12-15 14:00:00,10000.0,-168.89999999999884,1658.9999999999882,sell,1.3552899999999999,1.3387,66.00000000001049,16,9145.400000000029,2008
2008-12-15 14:00:00,2008-12-15 22:00:00,10000.0,-106.90000000000005,1044.0000000000005,sell,1.3689,1.35846,310.9999999999946,8,9039.000000000027,2008
2008-12-15 22:00:00,2008-12-16 00:00:00,10000.0,1.6750000000004697,-38.0000000000047,sell,1.3695,1.36988,151.00000000001222,2,9040.800000000028,2008
2008-12-16 00:00:00,2008-12-16 02:00:00,10000.0,-33.124999999998806,309.99999999998806,sell,1.37211,1.36901,35.00000000000725,2,9007.800000000028,2008
2008-12-16 02:00:00,2008-12-16 04:00:00,10000.0,-13.025000000000354,109.00000000000352,sell,1.37148,1.37039,17.000000000000348,2,8994.900000000027,2008
2008-12-21 22:00:00,2008-12-22 10:00:00,10000.0,-203.55000000000098,2008.0000000000095,sell,1.41216,1.39208,25.999999999992692,12,8792.100000000024,2008
2008-12-22 10:00:00,2008-12-26 21:00:00,10000.0,-83.17500000000037,753.0000000000036,sell,1.4056,1.39807,624.0000000000023,94,8714.800000000025,2008
2008-12-28 22:00:00,2008-12-29 02:00:00,10000.0,-96.74999999999959,944.9999999999958,sell,1.4166,1.4071500000000001,68.00000000000139,4,8618.300000000025,2008
2008-12-29 02:00:00,2008-12-29 08:00:00,10000.0,-130.27500000000077,1279.0000000000077,sell,1.4269,1.41411,34.99999999998504,6,8488.400000000025,2008
2008-12-29 08:00:00,2008-12-29 11:00:00,10000.0,-118.38749999999963,1161.9999999999964,sell,1.43586,1.42424,42.0000000000087,3,8370.200000000026,2008
2008-12-29 11:00:00,2008-12-29 18:00:00,10000.0,162.3625000000005,-1648.0000000000048,sell,1.41689,1.43337,1818.9999999999927,7,8533.000000000027,2008
2008-12-29 18:00:00,2008-12-31 14:00:00,10000.0,177.05000000000086,-1818.0000000000084,sell,1.38761,1.40579,3449.9999999999973,44,8712.800000000027,2008
2009-01-04 22:00:00,2009-01-05 09:00:00,10000.0,202.2125000000012,-2049.000000000012,sell,1.3679,1.38839,2825.0000000000105,11,10202.900000000001,2009
2009-01-05 09:00:00,2009-01-05 14:00:00,10000.0,86.98750000000105,-893.0000000000103,sell,1.35843,1.3673600000000001,1232.999999999995,5,10290.200000000003,2009
2009-01-05 14:00:00,2009-01-05 16:00:00,10000.0,-6.1249999999995595,39.999999999995595,sell,1.36355,1.36315,79.00000000000684,2,10284.200000000003,2009
2009-01-05 16:00:00,2009-01-05 18:00:00,10000.0,-11.325000000000319,92.00000000000318,sell,1.3583,1.35738,68.00000000000139,2,10273.000000000002,2009
2009-01-05 18:00:00,2009-01-05 20:00:00,10000.0,-5.12499999999967,29.999999999996692,sell,1.36018,1.35988,280.00000000001353,2,10268.000000000002,2009
2009-01-11 22:00:00,2009-01-13 02:00:00,10000.0,119.24999999999977,-1229.9999999999977,sell,1.33305,1.34535,1295.0000000000016,28,10389.000000000002,2009
2009-01-13 02:00:00,2009-01-13 04:00:00,10000.0,-10.924999999999919,87.99999999999918,sell,1.33321,1.33233,55.00000000000504,2,10378.2,2009
2009-01-13 04:00:00,2009-01-13 06:00:00,10000.0,65.37500000000034,-675.0000000000033,sell,1.32601,1.33276,695.0000000000011,2,10443.7,2009
2009-01-13 06:00:00,2009-01-13 08:00:00,10000.0,-25.924999999998267,237.99999999998266,sell,1.32744,1.3250600000000001,-7.999999999985795,2,10417.900000000001,2009
2009-01-13 08:00:00,2009-01-13 10:00:00,10000.0,-49.824999999999406,476.99999999999403,sell,1.32954,1.32477,146.00000000000168,2,10368.200000000003,2009
2009-01-18 22:00:00,2009-01-19 15:00:00,10000.0,210.33749999999915,-2133.9999999999914,sell,1.31322,1.33456,2522.9999999999864,17,10579.599999999999,2009
2009-01-25 22:00:00,2009-01-26 15:00:00,10000.0,-224.86249999999868,2217.9999999999864,sell,1.31358,1.2914,120.00000000000898,17,10355.799999999997,2009
2009-01-27 01:00:00,2009-01-27 03:00:00,10000.0,-87.72500000000123,856.0000000000123,sell,1.32471,1.31615,14.999999999987244,2,10268.199999999995,2009
2009-01-27 03:00:00,2009-01-27 05:00:00,10000.0,10.074999999999989,-121.99999999999987,sell,1.32128,1.3225,343.0000000000044,2,10278.399999999994,2009
2009-01-27 05:00:00,2009-01-27 07:00:00,10000.0,39.074999999999015,-411.9999999999901,sell,1.31976,1.32388,435.9999999999919,2,10317.599999999993,2009
2009-01-27 07:00:00,2009-01-27 09:00:00,10000.0,3.874999999999339,-59.999999999993385,sell,1.32558,1.32618,104.99999999999953,2,10321.599999999993,2009
2009-02-03 01:00:00,2009-02-03 03:00:00,10000.0,-27.524999999999867,253.99999999999866,sell,1.28588,1.28334,167.00000000000603,2,10294.199999999993,2009
2009-02-03 03:00:00,2009-02-03 05:00:00,10000.0,23.874999999999357,-259.9999999999936,sell,1.28756,1.29016,339.0000000000004,2,10318.199999999993,2009
2009-02-03 05:00:00,2009-02-03 16:00:00,10000.0,-128.48750000000035,1258.0000000000034,sell,1.29701,1.28443,270.999999999999,11,10190.399999999994,2009
2009-02-03 21:00:00,2009-02-04 12:00:00,10000.0,165.76249999999942,-1686.9999999999939,sell,1.28689,1.30376,1998.999999999995,15,10357.099999999993,2009
2009-02-04 12:00:00,2009-02-04 18:00:00,10000.0,-28.175000000000267,258.0000000000027,sell,1.28538,1.2828,811.0000000000061,6,10329.29999999999,2009
2009-02-08 22:00:00,2009-02-10 04:00:00,10000.0,146.0250000000006,-1499.0000000000057,sell,1.28156,1.29655,2778.9999999999977,30,10477.199999999995,2009
2009-02-11 01:00:00,2009-02-11 03:00:00,10000.0,-21.224999999998563,190.99999999998562,buy,1.28685,1.28876,2.0000000000131024,2,10456.099999999997,2009
2009-02-11 03:00:00,2009-02-11 05:00:00,10000.0,2.3750000000006146,-45.00000000000614,buy,1.28894,1.28849,238.9999999999892,2,10458.599999999997,2009
2009-02-11 05:00:00,2009-02-11 07:00:00,10000.0,23.675000000000267,-258.0000000000027,buy,1.29308,1.2905,432.0000000000101,2,10482.399999999996,2009
2009-02-11 07:00:00,2009-02-11 09:00:00,10000.0,50.37499999999977,-524.9999999999976,buy,1.29843,1.29318,605.9999999999953,2,10532.899999999996,2009
2009-02-17 01:00:00,2009-02-18 15:00:00,10000.0,-122.67500000000007,1183.0000000000007,buy,1.25514,1.26697,106.99999999999042,38,10412.599999999995,2009
2009-02-18 21:00:00,2009-02-19 09:00:00,10000.0,104.64999999999972,-1073.999999999997,buy,1.26387,1.25313,1123.0000000000073,12,10517.999999999995,2009
2009-02-22 22:00:00,2009-02-23 08:00:00,10000.0,-149.62499999999935,1469.9999999999934,sell,1.29575,1.28105,337.0000000000095,10,10368.999999999995,2009
2009-02-23 08:00:00,2009-02-23 16:00:00,10000.0,164.00000000000054,-1665.0000000000052,sell,1.2735,1.2901500000000001,1716.9999999999907,8,10533.499999999995,2009
2009-03-02 17:00:00,2009-03-04 01:00:00,10000.0,-125.39999999999817,1213.9999999999816,buy,1.24608,1.25822,53.00000000001414,32,10410.099999999993,2009
2009-03-04 01:00:00,2009-03-04 17:00:00,10000.0,113.3000000000003,-1163.0000000000027,buy,1.26041,1.24878,1241.0000000000032,16,10524.399999999994,2009
2009-03-04 21:00:00,2009-03-05 12:00:00,10000.0,-108.03749999999798,1050.9999999999795,buy,1.2556800000000001,1.26619,160.00000000000458,15,10417.299999999996,2009
2009-03-05 12:00:00,2009-03-05 14:00:00,10000.0,-79.42499999999792,772.9999999999792,buy,1.2493,1.2570299999999999,51.00000000000104,2,10337.999999999998,2009
2009-03-05 14:00:00,2009-03-05 16:00:00,10000.0,18.975000000000563,-211.0000000000056,buy,1.25458,1.25247,272.00000000000557,2,10357.099999999999,2009
2009-03-08 21:00:00,2009-03-10 13:00:00,10000.0,-135.40000000000046,1309.0000000000045,sell,1.27994,1.26685,226.9999999999994,40,10224.200000000004,2009
2009-03-11 13:00:00,2009-03-12 20:00:00,10000.0,158.86250000000072,-1628.000000000007,buy,1.29257,1.27629,1934.9999999999977,31,10385.000000000004,2009
2009-03-15 21:00:00,2009-03-16 11:00:00,10000.0,-159.5749999999985,1566.999999999985,sell,1.30439,1.28872,24.000000000001794,14,10226.300000000005,2009
2009-03-16 11:00:00,2009-03-18 13:00:00,10000.0,-100.12499999999842,949.9999999999841,sell,1.31239,1.30289,204.00000000000415,50,10129.300000000005,2009
2009-03-19 01:00:00,2009-03-19 06:00:00,10000.0,-29.712499999997426,273.99999999997425,sell,1.3455599999999999,1.3428200000000001,309.0000000000037,5,10099.900000000005,2009
2009-03-19 06:00:00,2009-03-19 08:00:00,10000.0,-68.12499999999939,659.9999999999939,sell,1.34899,1.34239,9.000000000014552,2,10031.900000000005,2009
2009-03-19 08:00:00,2009-03-19 12:00:00,10000.0,-150.3499999999999,1480.9999999999989,sell,1.3623,1.34749,19.999999999997797,4,9881.800000000005,2009
2009-03-22 21:00:00,2009-03-24 20:00:00,10000.0,178.56250000000088,-1835.0000000000086,sell,1.34511,1.3634600000000001,2838.000000000007,47,10063.30000000001,2009
2009-03-24 20:00:00,2009-03-25 15:00:00,10000.0,-86.18749999999974,829.9999999999974,sell,1.35481,1.34651,1024.0000000000025,19,9978.300000000007,2009
2009-03-25 15:00:00,2009-03-27 12:00:00,10000.0,220.0875000000012,-2249.000000000012,sell,1.3310899999999999,1.35358,3295.000000000003,45,10201.200000000012,2009
2009-03-29 21:00:00,2009-04-02 11:00:00,10000.0,-145.47499999999877,1380.9999999999877,sell,1.33626,1.3224500000000001,161.99999999999548,86,10061.100000000008,2009
2009-04-02 17:00:00,2009-04-05 21:00:00,10000.0,-16.650000000000134,129.00000000000134,sell,1.34815,1.34686,126.00000000000388,28,10046.200000000006,2009
2009-04-05 21:00:00,2009-04-06 15:00:00,10000.0,99.67499999999845,-1027.9999999999843,sell,1.34061,1.35089,1754.9999999999952,18,10147.000000000007,2009
2009-04-06 15:00:00,2009-04-07 11:00:00,10000.0,118.64999999999924,-1218.9999999999923,sell,1.32409,1.33628,1849.0000000000116,20,10266.900000000007,2009
2009-04-07 11:00:00,2009-04-09 06:00:00,10000.0,-19.28750000000017,146.00000000000168,sell,1.32678,1.32532,401.99999999999125,43,10250.300000000007,2009
2009-04-12 21:00:00,2009-04-12 23:00:00,10000.0,5.875000000001339,-80.00000000001339,sell,1.3176999999999999,1.3185,135.00000000001842,2,10256.300000000008,2009
2009-04-12 23:00:00,2009-04-13 01:00:00,10000.0,3.0750000000007596,-52.00000000000759,sell,1.31453,1.31505,107.00000000001263,2,10259.50000000001,2009
2009-04-13 01:00:00,2009-04-13 03:00:00,10000.0,-18.12500000000046,160.00000000000458,sell,1.31626,1.31466,24.000000000001794,2,10241.50000000001,2009
2009-04-13 03:00:00,2009-04-13 05:00:00,10000.0,-9.824999999999374,76.99999999999373,sell,1.31723,1.31646,42.0000000000087,2,10231.80000000001,2009
2009-04-13 05:00:00,2009-04-13 07:00:00,10000.0,-30.524999999999537,283.99999999999534,sell,1.31993,1.31709,39.999999999995595,2,10201.40000000001,2009
2009-04-20 05:00:00,2009-04-20 16:00:00,10000.0,89.71250000000137,-924.0000000000136,sell,1.29036,1.2996,1063.0000000000139,11,10291.800000000012,2009
2009-04-21 09:00:00,2009-04-21 11:00:00,10000.0,-24.724999999999287,225.99999999999287,buy,1.29335,1.29561,-18.999999999991246,2,10267.200000000012,2009
2009-04-21 11:00:00,2009-04-21 13:00:00,10000.0,4.175000000001305,-63.00000000001304,buy,1.29323,1.2926,132.00000000002098,2,10271.500000000013,2009
2009-04-21 13:00:00,2009-04-21 15:00:00,10000.0,-19.024999999999693,168.99999999999693,buy,1.29496,1.29665,-7.999999999985795,2,10252.600000000013,2009
2009-04-21 15:00:00,2009-04-21 17:00:00,10000.0,-18.324999999999548,161.99999999999548,buy,1.29627,1.29789,93.00000000000973,2,10234.400000000014,2009
2009-04-27 09:00:00,2009-04-27 18:00:00,10000.0,127.0374999999986,-1295.999999999986,sell,1.30075,1.31371,1517.999999999997,9,10362.000000000013,2009
2009-04-30 13:00:00,2009-05-01 02:00:00,10000.0,-48.51249999999963,456.99999999999625,sell,1.3252599999999999,1.32069,254.00000000002086,13,10314.300000000016,2009
2009-05-03 21:00:00,2009-05-04 16:00:00,10000.0,-94.68749999999991,914.9999999999991,sell,1.3366,1.32745,174.00000000000747,19,10220.800000000014,2009
2009-05-04 16:00:00,2009-05-06 02:00:00,10000.0,105.37500000000016,-1095.0000000000014,sell,1.32627,1.33722,1746.9999999999873,34,10328.30000000002,2009
2009-05-06 17:00:00,2009-05-07 14:00:00,10000.0,-136.41249999999934,1330.9999999999932,sell,1.34317,1.32986,371.99999999999454,21,10193.200000000013,2009
2009-05-07 14:00:00,2009-05-08 18:00:00,10000.0,-185.4500000000002,1817.0000000000018,sell,1.35911,1.34094,68.99999999998573,28,10009.500000000016,2009
2009-05-10 21:00:00,2009-05-15 12:00:00,10000.0,117.9625000000009,-1269.0000000000089,sell,1.35204,1.36473,2011.000000000007,111,10134.400000000016,2009
2009-05-17 21:00:00,2009-05-19 07:00:00,10000.0,-119.32499999999975,1151.9999999999973,sell,1.35888,1.3473600000000001,55.999999999989384,34,10017.200000000013,2009
2009-05-20 09:00:00,2009-05-20 14:00:00,10000.0,-154.21249999999816,1518.9999999999814,sell,1.37882,1.3636300000000001,39.00000000001125,5,9863.300000000016,2009
2009-05-24 21:00:00,2009-05-26 09:00:00,10000.0,130.24999999999963,-1344.9999999999961,sell,1.38907,1.40252,1439.9999999999968,36,9995.800000000021,2009
2009-05-28 13:00:00,2009-05-29 10:00:00,10000.0,-142.61249999999998,1392.9999999999998,sell,1.40778,1.39385,107.99999999999697,21,9854.500000000022,2009
2009-05-31 21:00:00,2009-06-01 09:00:00,10000.0,-102.75000000000009,1000.0000000000008,sell,1.42275,1.41275,178.99999999999582,12,9752.500000000022,2009
2009-06-01 09:00:00,2009-06-02 07:00:00,10000.0,104.92500000000118,-1083.0000000000116,sell,1.4130099999999999,1.42384,1158.0000000000146,22,9858.800000000025,2009
2009-06-02 07:00:00,2009-06-02 11:00:00,10000.0,-117.9500000000008,1157.000000000008,sell,1.4234,1.41183,87.99999999999918,4,9741.100000000022,2009
2009-06-02 11:00:00,2009-06-03 17:00:00,10000.0,129.82500000000104,-1337.0000000000102,sell,1.41279,1.42616,2103.0000000000105,30,9872.800000000021,2009
2009-06-04 09:00:00,2009-06-04 12:00:00,10000.0,107.31250000000016,-1095.0000000000014,sell,1.40777,1.41872,1200.000000000001,3,9980.300000000021,2009
2009-06-07 21:00:00,2009-06-08 10:00:00,10000.0,125.08750000000079,-1279.0000000000077,sell,1.38114,1.3939300000000001,1909.9999999999893,13,10106.200000000023,2009
2009-06-08 10:00:00,2009-06-09 08:00:00,10000.0,-124.27499999999934,1208.9999999999934,sell,1.39429,1.3822,226.9999999999994,22,9983.300000000027,2009
2009-06-09 09:00:00,2009-06-09 14:00:00,10000.0,-90.41249999999985,880.9999999999984,sell,1.39806,1.38925,435.9999999999919,5,9893.200000000026,2009
2009-06-09 14:00:00,2009-06-10 09:00:00,10000.0,-135.3875000000001,1322.000000000001,sell,1.41343,1.40021,90.99999999999663,19,9759.000000000024,2009
2009-06-10 09:00:00,2009-06-10 18:00:00,10000.0,145.53750000000213,-1481.0000000000211,sell,1.3935899999999999,1.4084,2062.000000000008,9,9905.100000000026,2009
2009-06-14 21:00:00,2009-06-15 11:00:00,10000.0,115.82500000000047,-1187.0000000000045,sell,1.38655,1.39842,1356.0000000000016,14,10021.800000000025,2009
2009-06-15 11:00:00,2009-06-17 19:00:00,10000.0,-117.9999999999976,1124.999999999976,sell,1.3964699999999999,1.3852200000000001,205.00000000001071,56,9907.30000000002,2009
2009-06-21 21:00:00,2009-06-22 11:00:00,10000.0,101.72500000000136,-1046.0000000000134,sell,1.38414,1.3946,1066.0000000000114,14,10009.90000000002,2009
2009-06-22 11:00:00,2009-06-23 10:00:00,10000.0,-88.53750000000018,851.0000000000017,sell,1.3928,1.38429,100.99999999999552,23,9922.80000000002,2009
2009-06-29 05:00:00,2009-06-29 18:00:00,10000.0,-89.8124999999993,869.999999999993,sell,1.41011,1.40141,18.0000000000069,13,9833.800000000025,2009
2009-07-05 21:00:00,2009-07-06 11:00:00,10000.0,59.92499999999841,-627.9999999999841,sell,1.38894,1.39522,1085.0000000000025,14,9894.600000000026,2009
2009-07-06 11:00:00,2009-07-06 20:00:00,10000.0,-90.86249999999893,882.9999999999893,sell,1.39804,1.38921,-18.999999999991246,9,9804.300000000028,2009
2009-07-07 13:00:00,2009-07-07 15:00:00,10000.0,8.374999999999954,-104.99999999999953,buy,1.39975,1.3987,248.00000000000375,2,9812.800000000028,2009
2009-07-07 15:00:00,2009-07-07 17:00:00,10000.0,-23.625000000000963,215.0000000000096,buy,1.39425,1.3964,147.0000000000082,2,9789.300000000027,2009
2009-07-07 17:00:00,2009-07-07 19:00:00,10000.0,-20.024999999999583,178.99999999999582,buy,1.39263,1.39442,14.000000000002897,2,9769.400000000027,2009
2009-07-12 21:00:00,2009-07-15 07:00:00,10000.0,-119.3249999999988,1136.999999999988,sell,1.4058,1.39443,121.99999999999987,58,9653.70000000003,2009
2009-07-15 07:00:00,2009-07-15 19:00:00,10000.0,71.05000000000165,-738.0000000000164,buy,1.41257,1.40519,874.0000000000191,12,9725.500000000031,2009
2009-07-15 19:00:00,2009-07-17 14:00:00,10000.0,-2.3874999999982554,-23.000000000017447,buy,1.41111,1.41088,553.0000000000034,43,9725.800000000028,2009
2009-07-19 21:00:00,2009-07-20 08:00:00,10000.0,-109.18749999999827,1064.9999999999825,sell,1.4218,1.4111500000000001,-4.999999999988347,11,9617.300000000032,2009
2009-07-20 08:00:00,2009-07-26 21:00:00,10000.0,10.387499999999218,-191.99999999999216,sell,1.41991,1.42183,917.9999999999965,109,9634.500000000038,2009
2009-07-26 21:00:00,2009-07-28 08:00:00,10000.0,-63.28750000000082,591.0000000000082,sell,1.42843,1.42252,193.99999999998306,35,9573.400000000038,2009
2009-07-29 21:00:00,2009-07-31 03:00:00,10000.0,-100.6749999999991,967.999999999991,sell,1.41278,1.4031,43.00000000001525,30,9474.600000000037,2009
2009-08-02 21:00:00,2009-08-03 15:00:00,10000.0,-151.52499999999964,1483.9999999999964,sell,1.44179,1.42695,58.00000000000249,18,9324.200000000039,2009
2009-08-03 15:00:00,2009-08-07 14:00:00,10000.0,127.56250000000173,-1355.0000000000173,sell,1.4277199999999999,1.44127,1700.0000000000125,95,9457.700000000048,2009
2009-08-09 21:00:00,2009-08-13 10:00:00,10000.0,-107.5125000000014,1002.0000000000139,sell,1.42727,1.41725,69.99999999999228,85,9355.500000000051,2009
2009-08-16 21:00:00,2009-08-17 10:00:00,10000.0,76.58749999999836,-793.9999999999835,sell,1.41043,1.41837,872.9999999999903,13,9432.90000000005,2009
2009-08-17 10:00:00,2009-08-18 10:00:00,10000.0,-67.49999999999962,639.999999999996,sell,1.41211,1.40571,292.00000000000335,24,9366.900000000054,2009
2009-08-23 21:00:00,2009-08-26 14:00:00,10000.0,120.4375000000005,-1265.000000000005,sell,1.42139,1.43404,1469.000000000009,65,9491.400000000058,2009
2009-08-31 05:00:00,2009-08-31 15:00:00,10000.0,-72.82500000000026,702.0000000000026,sell,1.43512,1.4281,147.0000000000082,10,9419.200000000055,2009
2009-08-31 15:00:00,2009-09-01 16:00:00,10000.0,112.1375000000008,-1157.000000000008,sell,1.42354,1.43511,1421.9999999999898,25,9532.900000000056,2009
2009-09-03 17:00:00,2009-09-06 21:00:00,10000.0,-41.549999999998946,377.9999999999894,sell,1.4293,1.4255200000000001,334.99999999999636,28,9493.100000000055,2009
2009-09-06 21:00:00,2009-09-08 07:00:00,10000.0,-94.22499999999962,900.9999999999961,sell,1.43892,1.42991,65.00000000000394,34,9401.000000000055,2009
2009-09-08 17:00:00,2009-09-11 10:00:00,10000.0,61.837500000000745,-679.0000000000073,buy,1.4587,1.45191,1201.0000000000075,65,9466.90000000006,2009
2009-09-14 01:00:00,2009-09-14 14:00:00,10000.0,-91.81249999999908,889.9999999999907,sell,1.46234,1.45344,18.0000000000069,13,9375.90000000006,2009
2009-09-14 14:00:00,2009-09-16 17:00:00,10000.0,-79.28749999999917,740.9999999999916,sell,1.4702899999999999,1.46288,304.00000000001535,51,9299.800000000061,2009
2009-09-17 13:00:00,2009-09-20 21:00:00,10000.0,26.29999999999866,-302.9999999999866,sell,1.47035,1.47338,553.0000000000034,32,9328.10000000006,2009
2009-09-20 21:00:00,2009-09-22 08:00:00,10000.0,-97.98749999999944,937.9999999999943,sell,1.47806,1.46868,106.00000000000608,35,9232.300000000061,2009
2009-09-24 17:00:00,2009-09-27 21:00:00,10000.0,-53.84999999999959,500.99999999999585,sell,1.4686299999999999,1.46362,380.0000000000025,28,9180.200000000063,2009
2009-09-27 21:00:00,2009-09-28 02:00:00,10000.0,111.48749999999946,-1137.9999999999945,sell,1.45868,1.47006,1313.0000000000084,5,9292.00000000006,2009
2009-09-28 02:00:00,2009-10-04 21:00:00,10000.0,1.712500000000353,-109.00000000000352,sell,1.4573099999999999,1.4584,1051.0000000000018,115,9300.90000000006,2009
2009-10-04 21:00:00,2009-10-06 02:00:00,10000.0,-108.71249999999888,1048.9999999999886,sell,1.4690699999999999,1.45858,32.0000000000098,29,9194.000000000064,2009
2009-10-07 01:00:00,2009-10-08 03:00:00,10000.0,60.57499999999871,-641.9999999999869,buy,1.4766,1.47018,1167.9999999999911,26,9256.200000000066,2009
2009-10-11 21:00:00,2009-10-12 14:00:00,10000.0,-87.8624999999982,847.999999999982,sell,1.47979,1.4713100000000001,34.000000000000696,17,9169.400000000067,2009
2009-10-12 14:00:00,2009-10-14 02:00:00,10000.0,-82.14999999999964,778.9999999999962,sell,1.48838,1.48059,-11.000000000005448,36,9089.500000000067,2009
2009-10-14 02:00:00,2009-10-15 03:00:00,10000.0,65.03750000000088,-686.0000000000088,buy,1.49499,1.48813,798.0000000000098,25,9156.10000000007,2009
2009-10-15 03:00:00,2009-10-15 12:00:00,10000.0,-82.26250000000033,797.0000000000032,buy,1.48752,1.49549,109.99999999998788,9,9074.400000000069,2009
2009-10-15 21:00:00,2009-10-18 21:00:00,10000.0,38.39999999999916,-418.9999999999916,sell,1.48937,1.49356,731.9999999999992,24,9114.30000000007,2009
2009-10-18 21:00:00,2009-10-19 22:00:00,10000.0,-79.96250000000092,764.0000000000091,sell,1.49666,1.48902,134.99999999999622,25,9035.900000000063,2009
2009-10-22 17:00:00,2009-10-25 21:00:00,10000.0,2.4500000000006494,-62.00000000000649,sell,1.5001,1.50072,578.0000000000118,28,9040.100000000068,2009
2009-10-25 21:00:00,2009-10-26 17:00:00,10000.0,88.95000000000006,-922.0000000000006,sell,1.49068,1.4999,1558.999999999999,20,9130.300000000068,2009
2009-10-27 13:00:00,2009-10-28 16:00:00,10000.0,71.7124999999988,-753.999999999988,sell,1.47642,1.48396,773.9999999999858,27,9203.70000000007,2009
2009-10-28 16:00:00,2009-10-29 16:00:00,10000.0,-103.99999999999892,1004.9999999999892,sell,1.48199,1.47194,148.00000000001478,24,9101.200000000066,2009
2009-10-29 16:00:00,2009-10-30 17:00:00,10000.0,106.83749999999938,-1103.9999999999939,sell,1.47303,1.48407,1280.9999999999986,25,9209.600000000068,2009
2009-11-01 22:00:00,2009-11-02 16:00:00,10000.0,-100.1249999999982,969.9999999999819,sell,1.48196,1.4722600000000001,256.00000000001177,18,9110.60000000007,2009
2009-11-02 16:00:00,2009-11-02 19:00:00,10000.0,87.41250000000079,-896.0000000000078,sell,1.4736,1.48256,953.0000000000038,3,9198.20000000007,2009
2009-11-02 19:00:00,2009-11-03 12:00:00,10000.0,108.03749999999954,-1110.9999999999952,sell,1.46381,1.47492,1726.0000000000052,17,9307.300000000067,2009
2009-11-03 21:00:00,2009-11-04 16:00:00,10000.0,-119.8875000000007,1167.0000000000068,sell,1.48377,1.4721,70.99999999999883,19,9188.600000000068,2009
2009-11-04 16:00:00,2009-11-06 21:00:00,10000.0,-16.412499999999444,110.99999999999443,sell,1.48434,1.48323,740.0000000000073,53,9175.500000000067,2009
2009-11-09 01:00:00,2009-11-09 08:00:00,10000.0,-95.1374999999989,926.9999999999889,sell,1.49758,1.48831,9.999999999998899,7,9080.80000000007,2009
2009-11-09 08:00:00,2009-11-11 09:00:00,10000.0,-78.46249999999903,733.9999999999901,sell,1.50338,1.49604,100.99999999999552,49,9005.400000000072,2009
2009-11-15 22:00:00,2009-11-16 20:00:00,10000.0,-73.47499999999961,700.999999999996,sell,1.49875,1.49174,275.000000000003,22,8933.30000000007,2009
2009-11-16 20:00:00,2009-11-17 13:00:00,10000.0,-94.46249999999927,913.9999999999925,buy,1.4883,1.4974399999999999,292.00000000000335,17,8839.900000000072,2009
2009-11-19 13:00:00,2009-11-20 21:00:00,10000.0,11.700000000000713,-157.00000000000713,sell,1.48587,1.48744,760.000000000005,32,8853.600000000075,2009
2009-11-22 22:00:00,2009-11-23 03:00:00,10000.0,-80.41250000000095,781.0000000000094,sell,1.49269,1.48488,39.999999999995595,5,8773.500000000075,2009
2009-11-23 03:00:00,2009-11-25 09:00:00,10000.0,-83.27499999999964,778.9999999999962,sell,1.50133,1.49354,144.9999999999951,54,8693.600000000075,2009
2009-11-25 09:00:00,2009-11-25 20:00:00,10000.0,86.7125000000017,-894.0000000000169,buy,1.5134,1.50446,1141.000000000014,11,8781.000000000076,2009
2009-11-25 20:00:00,2009-11-26 08:00:00,10000.0,-56.350000000000314,536.0000000000031,buy,1.50889,1.51425,277.0000000000161,12,8725.400000000076,2009
2009-11-26 13:00:00,2009-11-26 16:00:00,10000.0,75.4124999999999,-775.9999999999989,sell,1.49885,1.50661,835.0000000000078,3,8801.000000000076,2009
2009-11-29 22:00:00,2009-12-01 17:00:00,10000.0,-98.38749999999878,936.9999999999877,sell,1.51003,1.50066,163.00000000000202,43,8705.300000000076,2009
2009-12-03 09:00:00,2009-12-03 22:00:00,10000.0,57.287500000000705,-601.000000000007,sell,1.5053699999999999,1.51138,867.0000000000177,13,8763.400000000078,2009
2009-12-03 22:00:00,2009-12-04 14:00:00,10000.0,103.59999999999891,-1065.999999999989,sell,1.49445,1.50511,1465.000000000005,16,8868.000000000076,2009
2009-12-06 22:00:00,2009-12-07 09:00:00,10000.0,96.01250000000046,-987.0000000000044,sell,1.47694,1.48681,1348.0000000000157,11,8964.700000000077,2009
2009-12-07 09:00:00,2009-12-08 20:00:00,10000.0,113.91250000000099,-1181.0000000000098,sell,1.46838,1.4801900000000001,2065.0000000000055,35,9080.800000000083,2009
2009-12-09 13:00:00,2009-12-11 16:00:00,10000.0,93.21250000000072,-984.000000000007,sell,1.46226,1.4721,1530.000000000009,51,9177.200000000084,2009
2009-12-13 22:00:00,2009-12-15 13:00:00,10000.0,72.86250000000237,-773.0000000000236,sell,1.45338,1.4611100000000001,1510.0000000000111,39,9252.50000000009,2009
2009-12-20 22:00:00,2009-12-24 11:00:00,10000.0,-103.61250000000027,963.0000000000026,sell,1.4408,1.43117,96.99999999999153,85,9154.200000000097,2009
2010-01-04 08:00:00,2010-01-04 14:00:00,10000.0,78.52499999999931,-808.999999999993,buy,1.44194,1.43385,835.0000000000078,6,10078.9,2010
2010-01-04 17:00:00,2010-01-06 07:00:00,10000.0,95.62500000000009,-1000.0000000000008,sell,1.43127,1.44127,1705.9999999999852,38,10176.899999999994,2010
2010-01-06 21:00:00,2010-01-07 12:00:00,10000.0,-79.9375000000004,770.000000000004,buy,1.43319,1.44089,38.0000000000047,15,10097.899999999992,2010
2010-01-07 13:00:00,2010-01-08 14:00:00,10000.0,62.03750000000122,-656.000000000012,buy,1.44008,1.43352,1373.0000000000018,25,10161.499999999996,2010
2010-01-10 22:00:00,2010-01-11 04:00:00,10000.0,-113.7750000000015,1114.0000000000148,sell,1.45232,1.44118,93.99999999999407,6,10048.099999999997,2010
2010-01-11 04:00:00,2010-01-15 11:00:00,10000.0,100.36250000000001,-1088.0,sell,1.43872,1.4496,1914.9999999999998,103,10154.900000000003,2010
2010-01-17 22:00:00,2010-01-19 17:00:00,10000.0,71.1124999999992,-757.9999999999919,sell,1.42699,1.43457,1435.9999999999927,43,10228.700000000004,2010
2010-01-19 17:00:00,2010-01-20 02:00:00,10000.0,-84.76250000000115,822.0000000000116,buy,1.42126,1.42948,278.00000000000045,9,10144.5,2010
2010-01-20 02:00:00,2010-01-20 14:00:00,10000.0,-86.04999999999949,832.9999999999948,buy,1.41354,1.42187,130.00000000000787,12,10059.199999999999,2010
2010-01-20 14:00:00,2010-01-21 10:00:00,10000.0,-83.15000000000164,799.0000000000163,buy,1.40539,1.41338,98.99999999998242,20,9977.299999999996,2010
2010-01-21 10:00:00,2010-01-21 17:00:00,10000.0,-71.63750000000037,692.0000000000036,sell,1.41066,1.40374,316.0000000000051,7,9906.099999999993,2010
2010-01-24 22:00:00,2010-01-26 15:00:00,10000.0,92.03750000000002,-966.0000000000001,sell,1.40526,1.41492,1411.0000000000066,41,10000.69999999999,2010
2010-02-07 22:00:00,2010-02-09 17:00:00,10000.0,-146.98749999999964,1422.9999999999964,sell,1.37965,1.36542,171.99999999999437,43,9856.39999999999,2010
2010-02-14 22:00:00,2010-02-16 16:00:00,10000.0,-93.42499999999998,887.9999999999998,sell,1.37023,1.36135,136.99999999998712,42,9765.599999999991,2010
2010-02-21 22:00:00,2010-02-23 18:00:00,10000.0,84.25000000000131,-890.000000000013,sell,1.35221,1.36111,1695.0000000000018,44,9852.59999999999,2010
2010-02-28 22:00:00,2010-03-01 13:00:00,10000.0,104.76249999999946,-1076.9999999999945,sell,1.3509,1.36167,1448.0000000000048,15,9958.299999999992,2010
2010-03-02 09:00:00,2010-03-02 14:00:00,10000.0,96.2874999999998,-985.999999999998,buy,1.3585,1.34864,1032.999999999995,5,10054.89999999999,2010
2010-03-02 14:00:00,2010-03-03 16:00:00,10000.0,136.97500000000184,-1406.0000000000182,buy,1.3688500000000001,1.35479,1740.000000000008,26,10193.49999999999,2010
2010-03-03 16:00:00,2010-03-04 14:00:00,10000.0,-57.27500000000006,539.0000000000006,buy,1.36782,1.37321,449.9999999999948,22,10137.599999999993,2010
2010-03-07 22:00:00,2010-03-09 11:00:00,10000.0,64.38750000000154,-687.0000000000153,sell,1.35713,1.364,1324.9999999999982,37,10204.299999999997,2010
2010-03-09 11:00:00,2010-03-10 16:00:00,10000.0,95.68749999999903,-994.9999999999902,buy,1.36618,1.35623,1244.0000000000005,29,10301.8,2010
2010-03-14 21:00:00,2010-03-15 11:00:00,10000.0,50.224999999999255,-530.9999999999925,sell,1.37056,1.37587,697.9999999999985,14,10352.899999999996,2010
2010-03-15 11:00:00,2010-03-15 16:00:00,10000.0,61.28750000000143,-636.0000000000143,sell,1.3653,1.37166,706.0000000000066,5,10414.499999999998,2010
2010-03-16 21:00:00,2010-03-18 06:00:00,10000.0,-105.2625000000013,1012.0000000000128,buy,1.36709,1.37721,45.999999999990486,33,10311.299999999996,2010
2010-03-18 17:00:00,2010-03-19 14:00:00,10000.0,87.58750000000043,-909.0000000000042,sell,1.3539999999999999,1.36309,929.0000000000019,21,10400.199999999997,2010
2010-03-21 21:00:00,2010-03-24 02:00:00,10000.0,54.787500000000705,-601.000000000007,sell,1.34677,1.35278,1009.9999999999997,53,10458.300000000003,2010
2010-03-24 17:00:00,2010-03-28 21:00:00,10000.0,-70.04999999999819,647.9999999999819,sell,1.34069,1.3342100000000001,130.00000000000787,52,10391.50000000001,2010
2010-03-28 21:00:00,2010-04-01 16:00:00,10000.0,-98.28749999999846,905.9999999999845,sell,1.35702,1.34796,175.000000000014,91,10298.900000000014,2010
2010-04-07 09:00:00,2010-04-07 13:00:00,10000.0,-51.15000000000061,489.0000000000061,buy,1.33372,1.33861,113.00000000000753,4,10248.000000000013,2010
2010-04-07 13:00:00,2010-04-08 08:00:00,10000.0,-73.6875,705.0,buy,1.32905,1.3361,52.00000000000759,19,10175.500000000011,2010
2010-04-08 08:00:00,2010-04-08 16:00:00,10000.0,55.80000000000002,-583.0000000000001,buy,1.33573,1.3299,724.0000000000134,8,10231.80000000001,2010
2010-04-08 16:00:00,2010-04-09 14:00:00,10000.0,81.12500000000068,-845.0000000000068,buy,1.3436000000000001,1.33515,949.0000000000219,22,10314.30000000001,2010
2010-04-11 21:00:00,2010-04-16 16:00:00,10000.0,129.41250000000207,-1386.0000000000205,sell,1.34889,1.3627500000000001,2026.0000000000166,115,10450.900000000016,2010
2010-04-18 21:00:00,2010-04-21 05:00:00,10000.0,62.700000000000486,-682.0000000000048,sell,1.34039,1.34721,1208.0000000000089,56,10517.100000000022,2010
2010-04-21 05:00:00,2010-04-21 12:00:00,10000.0,-65.43749999999972,629.9999999999972,buy,1.33729,1.34359,152.0000000000188,7,10452.100000000022,2010
2010-04-25 21:00:00,2010-04-27 16:00:00,10000.0,109.8124999999996,-1144.999999999996,sell,1.3231,1.33455,1842.9999999999945,43,10564.600000000022,2010
2010-05-02 21:00:00,2010-05-03 02:00:00,10000.0,95.18749999999926,-974.9999999999925,sell,1.3226,1.33235,1068.0000000000023,5,10660.100000000022,2010
2010-05-03 02:00:00,2010-05-04 09:00:00,10000.0,95.4625000000006,-994.0000000000059,sell,1.31327,1.32321,1201.0000000000075,31,10757.500000000022,2010
2010-05-04 09:00:00,2010-05-04 14:00:00,10000.0,-86.91250000000134,846.0000000000133,buy,1.30476,1.31322,116.99999999998933,5,10670.90000000002,2010
2010-05-06 17:00:00,2010-05-09 21:00:00,10000.0,-83.04999999999993,792.9999999999992,sell,1.27498,1.26705,479.00000000000716,28,10589.60000000002,2010
2010-05-09 21:00:00,2010-05-11 07:00:00,10000.0,219.1749999999996,-2232.999999999996,sell,1.27074,1.29307,3862.0000000000095,34,10810.900000000023,2010
2010-05-11 07:00:00,2010-05-12 05:00:00,10000.0,134.725000000001,-1381.0000000000098,sell,1.2607599999999999,1.27457,1419.0000000000146,22,10947.000000000027,2010
2010-05-13 17:00:00,2010-05-14 10:00:00,10000.0,133.73750000000138,-1368.0000000000136,sell,1.24437,1.2580500000000001,1472.0000000000066,17,11081.80000000003,2010
2010-05-30 21:00:00,2010-06-01 09:00:00,10000.0,133.75000000000034,-1380.0000000000034,sell,1.21417,1.22797,1922.0000000000014,36,11217.80000000003,2010
2010-06-07 01:00:00,2010-06-08 02:00:00,10000.0,-73.56249999999895,699.9999999999894,sell,1.19546,1.18846,365.9999999999996,25,11145.800000000025,2010
2010-06-09 01:00:00,2010-06-09 14:00:00,10000.0,80.08749999999908,-828.9999999999908,buy,1.20359,1.1953,1120.999999999994,13,11226.700000000023,2010
2010-06-13 21:00:00,2010-06-14 00:00:00,10000.0,-92.48750000000094,903.0000000000093,sell,1.22065,1.21162,-2.9999999999974487,3,11134.400000000021,2010
2010-06-14 00:00:00,2010-06-14 15:00:00,10000.0,-109.83749999999867,1068.9999999999866,sell,1.22796,1.21727,-10.999999999983244,15,11025.500000000025,2010
2010-06-14 15:00:00,2010-06-15 07:00:00,10000.0,99.70000000000002,-1027.0,sell,1.21712,1.22739,1218.9999999999923,16,11126.200000000026,2010
2010-06-20 21:00:00,2010-06-21 17:00:00,10000.0,75.85000000000083,-791.0000000000083,sell,1.23458,1.24249,1208.0000000000089,20,11203.300000000027,2010
2010-06-27 21:00:00,2010-06-28 18:00:00,10000.0,88.38750000000122,-917.0000000000122,sell,1.22807,1.2372400000000001,1160.0000000000055,21,11293.00000000003,2010
2010-06-30 01:00:00,2010-06-30 10:00:00,10000.0,-83.56249999999996,809.9999999999995,sell,1.22788,1.21978,60.999999999999936,9,11210.000000000027,2010
2010-06-30 13:00:00,2010-07-01 11:00:00,10000.0,-85.4750000000005,821.000000000005,sell,1.23376,1.22555,55.00000000000504,22,11125.900000000027,2010
2010-07-01 11:00:00,2010-07-01 15:00:00,10000.0,-126.35000000000032,1241.0000000000032,sell,1.24556,1.23315,184.9999999999907,4,10999.800000000027,2010
2010-07-01 15:00:00,2010-07-02 13:00:00,10000.0,-129.97499999999894,1265.9999999999893,sell,1.25867,1.24601,239.0000000000114,22,10871.200000000026,2010
2010-07-04 21:00:00,2010-07-06 15:00:00,10000.0,-100.82499999999962,961.9999999999961,sell,1.26504,1.25542,-4.999999999988347,42,10773.00000000003,2010
2010-07-08 09:00:00,2010-07-11 21:00:00,10000.0,16.950000000001218,-212.00000000001216,sell,1.26379,1.26591,839.0000000000119,36,10792.200000000033,2010
2010-07-12 01:00:00,2010-07-13 15:00:00,10000.0,-86.57499999999894,821.9999999999893,sell,1.2671,1.25888,27.000000000021448,38,10708.000000000038,2010
2010-07-18 21:00:00,2010-07-19 08:00:00,10000.0,-87.18750000000068,845.0000000000068,sell,1.2981,1.28965,2.9999999999974487,11,10621.500000000036,2010
2010-07-19 08:00:00,2010-07-20 12:00:00,10000.0,93.14999999999976,-968.9999999999976,sell,1.28654,1.29623,1625.999999999994,28,10716.40000000004,2010
2010-07-21 01:00:00,2010-07-21 10:00:00,10000.0,64.63750000000059,-672.0000000000059,sell,1.28283,1.28955,843.0000000000159,9,10781.60000000004,2010
2010-07-21 10:00:00,2010-07-22 14:00:00,10000.0,-101.05000000000017,973.0000000000016,sell,1.28921,1.27948,15.000000000009448,28,10682.300000000037,2010
2010-07-22 14:00:00,2010-07-25 21:00:00,10000.0,-2.7375000000010203,-11.999999999989795,sell,1.29048,1.2906,598.999999999994,31,10681.50000000004,2010
2010-07-25 21:00:00,2010-07-27 02:00:00,10000.0,-120.11249999999808,1162.9999999999807,sell,1.3006199999999999,1.28899,53.00000000001414,29,10563.200000000044,2010
2010-08-01 21:00:00,2010-08-02 14:00:00,10000.0,-84.3624999999997,812.999999999997,sell,1.31385,1.30572,80.00000000001339,17,10479.900000000045,2010
2010-08-02 14:00:00,2010-08-06 13:00:00,10000.0,-96.5375000000009,886.000000000009,sell,1.32729,1.31843,88.99999999998353,95,10389.300000000045,2010
2010-08-08 21:00:00,2010-08-10 01:00:00,10000.0,90.25000000000075,-940.0000000000074,sell,1.31941,1.32881,1130.0000000000086,28,10481.300000000045,2010
2010-08-11 13:00:00,2010-08-11 22:00:00,10000.0,116.33750000000178,-1189.0000000000177,sell,1.28466,1.29655,1304.0000000000161,9,10598.200000000044,2010
2010-08-11 22:00:00,2010-08-15 21:00:00,10000.0,85.56250000000225,-905.0000000000224,sell,1.2751,1.2841500000000001,1812.0000000000134,47,10686.700000000048,2010
2010-08-15 21:00:00,2010-08-16 13:00:00,10000.0,-89.89999999999864,868.9999999999864,sell,1.28493,1.27624,112.00000000000098,16,10597.800000000048,2010
2010-08-16 13:00:00,2010-08-17 10:00:00,10000.0,-67.1124999999983,637.999999999983,sell,1.28798,1.2816,354.00000000000983,21,10532.00000000005,2010
2010-08-17 10:00:00,2010-08-20 09:00:00,10000.0,99.66250000000008,-1061.0000000000007,sell,1.2757,1.28631,1648.0000000000048,71,10636.100000000048,2010
2010-08-29 21:00:00,2010-08-30 16:00:00,10000.0,71.91249999999906,-750.9999999999905,sell,1.26868,1.27619,777.0000000000055,19,10709.200000000048,2010
2010-08-30 16:00:00,2010-09-01 09:00:00,10000.0,-98.8625000000005,943.0000000000049,sell,1.27695,1.26752,-15.999999999993795,41,10612.900000000043,2010
2010-09-05 21:00:00,2010-09-07 00:00:00,10000.0,66.31250000000117,-700.0000000000117,sell,1.28186,1.2888600000000001,994.0000000000059,27,10680.900000000047,2010
2010-09-07 00:00:00,2010-09-07 09:00:00,10000.0,-50.36250000000007,478.0000000000006,buy,1.27648,1.28126,157.00000000000713,9,10631.100000000042,2010
2010-09-08 17:00:00,2010-09-12 21:00:00,10000.0,46.749999999998714,-519.9999999999872,sell,1.26767,1.27287,886.9999999999933,52,10681.100000000039,2010
2010-09-12 21:00:00,2010-09-13 01:00:00,10000.0,-83.94999999999789,816.9999999999787,sell,1.27859,1.27042,94.00000000001629,4,10597.40000000004,2010
2010-09-13 01:00:00,2010-09-13 15:00:00,10000.0,-94.17500000000082,913.0000000000082,sell,1.28719,1.27806,-12.000000000012,14,10504.100000000039,2010
2010-09-13 15:00:00,2010-09-14 15:00:00,10000.0,-94.3999999999982,908.9999999999819,sell,1.29788,1.28879,78.00000000000028,24,10411.200000000035,2010
2010-09-19 21:00:00,2010-09-21 09:00:00,10000.0,-91.34999999999995,870.9999999999994,sell,1.31349,1.30478,56.999999999995936,36,10322.100000000037,2010
2010-09-23 01:00:00,2010-09-23 06:00:00,10000.0,-9.012499999999484,66.99999999999484,sell,1.33992,1.33925,70.99999999999883,5,10313.400000000038,2010
2010-09-23 06:00:00,2010-09-23 08:00:00,10000.0,31.17500000000055,-333.0000000000055,sell,1.33696,1.34029,375.00000000001415,2,10344.700000000039,2010
2010-09-23 08:00:00,2010-09-23 10:00:00,10000.0,-9.924999999997809,77.99999999997809,sell,1.3343099999999999,1.33353,96.00000000000718,2,10334.900000000041,2010
2010-09-23 10:00:00,2010-09-23 12:00:00,10000.0,5.175000000001194,-73.00000000001194,sell,1.3325799999999999,1.33331,140.00000000000676,2,10340.200000000043,2010
2010-09-26 21:00:00,2010-09-28 07:00:00,10000.0,68.77500000000019,-729.0000000000018,sell,1.34062,1.34791,995.9999999999968,34,10411.100000000048,2010
2010-09-28 09:00:00,2010-09-28 16:00:00,10000.0,-109.63750000000063,1072.0000000000061,sell,1.35833,1.34761,-7.000000000001449,7,10301.900000000047,2010
2010-09-28 16:00:00,2010-10-01 09:00:00,10000.0,-153.26250000000067,1472.0000000000066,sell,1.37222,1.3575,82.00000000000429,65,10152.700000000046,2010
2010-10-03 21:00:00,2010-10-04 09:00:00,10000.0,104.55000000000129,-1073.0000000000127,sell,1.3679,1.37863,1104.000000000016,12,10258.000000000047,2010
2010-10-04 09:00:00,2010-10-05 08:00:00,10000.0,-90.6374999999984,871.9999999999839,sell,1.37692,1.3682,53.00000000001414,23,10168.800000000048,2010
2010-10-06 17:00:00,2010-10-07 13:00:00,10000.0,-98.14999999999998,948.9999999999998,sell,1.40247,1.39298,42.999999999993044,20,10071.90000000005,2010
2010-10-07 13:00:00,2010-10-10 21:00:00,10000.0,-3.7999999999986898,-2.0000000000131024,sell,1.3938,1.39382,446.000000000013,32,10070.100000000051,2010
2010-10-10 21:00:00,2010-10-11 16:00:00,10000.0,120.31250000000082,-1235.0000000000082,sell,1.38774,1.40009,1295.0000000000016,19,10191.60000000005,2010
2010-10-11 16:00:00,2010-10-12 09:00:00,10000.0,91.0375000000014,-941.000000000014,sell,1.37913,1.38854,1096.9999999999923,17,10283.70000000005,2010
2010-10-12 09:00:00,2010-10-12 19:00:00,10000.0,-98.52499999999988,958.9999999999986,sell,1.39127,1.38168,228.9999999999903,10,10185.80000000005,2010
2010-10-13 13:00:00,2010-10-14 01:00:00,10000.0,-123.3499999999996,1205.999999999996,sell,1.4037,1.39164,202.00000000001327,12,10063.200000000052,2010
2010-10-14 01:00:00,2010-10-14 10:00:00,10000.0,-2.462499999999345,-1.0000000000065512,sell,1.40804,1.40805,411.0000000000058,9,10061.300000000052,2010
2010-10-17 21:00:00,2010-10-18 08:00:00,10000.0,102.4125000000002,-1051.0000000000018,sell,1.38652,1.39703,1089.0000000000066,11,10164.400000000052,2010
2010-10-18 08:00:00,2010-10-18 14:00:00,10000.0,-91.47499999999974,890.9999999999973,sell,1.39509,1.38618,112.00000000000098,6,10073.300000000054,2010
2010-10-18 14:00:00,2010-10-19 13:00:00,10000.0,114.36249999999902,-1177.99999999999,sell,1.38474,1.39652,1561.9999999999966,23,10189.100000000051,2010
2010-10-19 13:00:00,2010-10-20 15:00:00,10000.0,-165.92499999999967,1622.9999999999966,sell,1.39692,1.38069,69.00000000000794,26,10024.800000000048,2010
2010-10-20 15:00:00,2010-10-24 21:00:00,10000.0,-6.874999999998725,14.999999999987244,sell,1.39505,1.3949,991.0000000000084,54,10021.300000000054,2010
2010-10-24 21:00:00,2010-10-25 05:00:00,10000.0,-93.59999999999951,910.9999999999951,sell,1.40371,1.3946,63.999999999997385,8,9928.200000000053,2010
2010-10-25 05:00:00,2010-10-25 17:00:00,10000.0,87.2500000000012,-900.0000000000118,sell,1.39631,1.40531,1165.000000000016,12,10016.200000000055,2010
2010-10-25 21:00:00,2010-10-26 14:00:00,10000.0,86.13750000000039,-892.0000000000039,sell,1.38628,1.3952,1188.0000000000111,17,10103.400000000052,2010
2010-10-26 14:00:00,2010-10-27 18:00:00,10000.0,113.05000000000135,-1168.0000000000134,sell,1.37495,1.38663,1286.0000000000093,28,10218.200000000053,2010
2010-10-27 18:00:00,2010-10-28 11:00:00,10000.0,-99.06250000000053,960.0000000000052,sell,1.38514,1.37554,117.99999999999588,17,10120.200000000055,2010
2010-10-31 21:00:00,2010-11-02 18:00:00,10000.0,-80.11249999999815,752.9999999999814,sell,1.40366,1.39613,211.0000000000056,45,10042.900000000056,2010
2010-11-03 13:00:00,2010-11-03 19:00:00,10000.0,66.62499999999906,-689.9999999999906,buy,1.40974,1.40284,1009.9999999999997,6,10109.900000000054,2010
2010-11-03 19:00:00,2010-11-04 10:00:00,10000.0,129.56249999999983,-1324.9999999999982,buy,1.42547,1.41222,1527.0000000000116,15,10240.400000000052,2010
2010-11-04 17:00:00,2010-11-05 13:00:00,10000.0,110.35000000000036,-1136.0000000000036,sell,1.40759,1.41895,1724.0000000000143,20,10352.000000000051,2010
2010-11-07 22:00:00,2010-11-08 10:00:00,10000.0,116.4499999999993,-1191.999999999993,sell,1.39317,1.40509,1533.0000000000064,12,10469.200000000052,2010
2010-11-08 10:00:00,2010-11-09 21:00:00,10000.0,114.71249999999957,-1188.9999999999955,sell,1.37799,1.38988,1930.9999999999936,35,10586.10000000005,2010
2010-11-10 13:00:00,2010-11-11 18:00:00,10000.0,129.3875,-1331.9999999999998,sell,1.3655,1.37882,1656.9999999999973,29,10717.300000000048,2010
2010-11-11 18:00:00,2010-11-12 15:00:00,10000.0,-114.61249999999862,1112.9999999999861,sell,1.37661,1.36548,102.00000000000207,21,10604.000000000047,2010
2010-11-14 22:00:00,2010-11-16 16:00:00,10000.0,119.57500000000098,-1242.0000000000095,sell,1.35537,1.36779,1967.0000000000075,42,10726.20000000005,2010
2010-11-16 16:00:00,2010-11-18 09:00:00,10000.0,-125.46249999999934,1208.9999999999934,sell,1.36351,1.35142,-19.999999999997797,41,10603.300000000047,2010
2010-11-22 13:00:00,2010-11-23 02:00:00,10000.0,-66.01249999999881,631.9999999999881,buy,1.35837,1.36469,382.00000000001563,13,10538.10000000005,2010
2010-11-28 22:00:00,2010-11-29 12:00:00,10000.0,102.42499999999929,-1052.9999999999927,sell,1.31684,1.32737,1329.0000000000023,14,10641.400000000049,2010
2010-11-29 12:00:00,2010-11-30 09:00:00,10000.0,105.78749999999975,-1090.9999999999975,sell,1.30424,1.31515,1207.0000000000025,21,10748.500000000045,2010
2010-12-06 13:00:00,2010-12-06 15:00:00,10000.0,5.475000000000939,-76.0000000000094,buy,1.32823,1.32747,286.00000000000847,2,10754.100000000046,2010
2010-12-06 15:00:00,2010-12-06 17:00:00,10000.0,-18.624999999999293,164.99999999999292,buy,1.32724,1.32889,182.9999999999998,2,10735.600000000046,2010
2010-12-16 13:00:00,2010-12-17 07:00:00,10000.0,-82.42499999999993,792.9999999999992,sell,1.3319,1.32397,69.99999999999228,18,10654.300000000045,2010
2010-12-19 22:00:00,2010-12-23 14:00:00,10000.0,86.10000000000035,-936.0000000000034,sell,1.3069,1.31626,1323.0000000000075,88,10745.900000000047,2010
2010-12-23 14:00:00,2010-12-23 17:00:00,10000.0,-42.58750000000043,404.0000000000043,sell,1.31016,1.30612,384.99999999999085,3,10703.500000000045,2010
2010-12-23 17:00:00,2010-12-24 21:00:00,10000.0,-10.349999999998829,65.99999999998829,sell,1.31134,1.31068,339.0000000000004,28,10694.900000000047,2010
2010-12-28 09:00:00,2010-12-28 15:00:00,10000.0,-99.27499999999976,968.9999999999976,buy,1.31354,1.32323,-7.000000000001449,6,10596.000000000045,2010
2010-12-28 15:00:00,2010-12-29 19:00:00,10000.0,87.05000000000199,-908.0000000000198,buy,1.32221,1.31313,1391.0000000000089,28,10684.800000000045,2010
2011-01-03 08:00:00,2011-01-03 17:00:00,10000.0,-81.06249999999912,784.9999999999912,sell,1.3372,1.32935,225.0000000000085,9,9919.500000000002,2011
2011-01-04 17:00:00,2011-01-05 12:00:00,10000.0,-87.88749999999978,846.9999999999977,buy,1.32317,1.33164,217.0000000000005,19,9832.800000000003,2011
2011-01-05 12:00:00,2011-01-06 08:00:00,10000.0,-102.95000000000034,997.0000000000034,buy,1.31113,1.3211,121.99999999999987,20,9731.1,2011
2011-01-06 13:00:00,2011-01-06 17:00:00,10000.0,85.65000000000076,-879.0000000000075,sell,1.30287,1.31166,1021.0000000000051,4,9817.000000000002,2011
2011-01-06 17:00:00,2011-01-07 18:00:00,10000.0,95.33749999999955,-988.9999999999953,sell,1.29267,1.30256,1022.0000000000117,25,9913.900000000003,2011
2011-01-09 22:00:00,2011-01-11 17:00:00,10000.0,-92.58750000000076,879.0000000000075,sell,1.29787,1.28908,139.99999999998457,43,9824.00000000001,2011
2011-01-19 21:00:00,2011-01-21 09:00:00,10000.0,-85.84999999999945,815.9999999999944,sell,1.35523,1.34707,79.00000000000684,36,9740.400000000007,2011
2011-01-23 22:00:00,2011-01-25 21:00:00,10000.0,-84.93750000000007,800.0000000000007,sell,1.36832,1.36032,204.00000000000415,47,9658.400000000005,2011
2011-01-26 13:00:00,2011-01-28 21:00:00,10000.0,65.70000000000016,-712.0000000000015,sell,1.36056,1.36768,1526.000000000005,56,9727.600000000006,2011
2011-01-30 22:00:00,2011-01-31 12:00:00,10000.0,-101.57499999999823,986.9999999999823,sell,1.3672199999999999,1.35735,45.00000000000614,14,9626.900000000007,2011
2011-01-31 12:00:00,2011-02-01 16:00:00,10000.0,-97.34999999999813,935.9999999999812,sell,1.37933,1.3699700000000001,12.999999999996346,28,9531.30000000001,2011
2011-02-02 21:00:00,2011-02-03 14:00:00,10000.0,139.33750000000032,-1424.000000000003,sell,1.36647,1.38071,1607.0000000000027,17,9671.70000000001,2011
2011-02-03 14:00:00,2011-02-04 21:00:00,10000.0,52.262499999999584,-561.9999999999958,sell,1.35842,1.36404,903.0000000000093,31,9725.900000000014,2011
2011-02-06 22:00:00,2011-02-08 07:00:00,10000.0,-73.7624999999992,696.999999999992,sell,1.36345,1.3564800000000001,112.00000000000098,33,9654.200000000013,2011
2011-02-08 07:00:00,2011-02-08 17:00:00,10000.0,-65.42500000000064,628.0000000000063,sell,1.36866,1.36238,14.000000000002897,10,9589.400000000012,2011
2011-02-08 17:00:00,2011-02-11 02:00:00,10000.0,81.93750000000036,-875.0000000000035,sell,1.35754,1.36629,1683.000000000012,57,9674.900000000007,2011
2011-02-13 22:00:00,2011-02-14 13:00:00,10000.0,74.26250000000171,-772.000000000017,sell,1.34445,1.35217,1133.0000000000061,15,9750.100000000011,2011
2011-02-20 22:00:00,2011-02-22 02:00:00,10000.0,77.24999999999996,-809.9999999999995,sell,1.36056,1.36866,1095.0000000000014,28,9829.100000000011,2011
2011-02-27 22:00:00,2011-02-28 10:00:00,10000.0,-80.45000000000054,777.0000000000055,sell,1.38226,1.37449,107.99999999999697,12,9749.400000000012,2011
2011-02-28 10:00:00,2011-03-02 03:00:00,10000.0,67.63750000000005,-722.0000000000003,sell,1.37557,1.38279,992.000000000015,41,9819.600000000017,2011
2011-03-06 22:00:00,2011-03-08 09:00:00,10000.0,53.91250000000093,-581.0000000000092,sell,1.3931,1.39891,1045.000000000007,35,9875.70000000002,2011
2011-03-10 01:00:00,2011-03-10 08:00:00,10000.0,78.26250000000022,-807.000000000002,sell,1.38322,1.39129,859.0000000000097,7,9954.40000000002,2011
2011-03-10 08:00:00,2011-03-11 11:00:00,10000.0,59.61250000000169,-633.0000000000168,sell,1.37729,1.38362,779.0000000000185,27,10015.700000000019,2011
2011-03-13 21:00:00,2011-03-15 10:00:00,10000.0,97.08750000000038,-1014.0000000000038,sell,1.38731,1.39745,1295.0000000000016,37,10115.100000000022,2011
2011-03-17 17:00:00,2011-03-18 11:00:00,10000.0,-107.42499999999939,1042.9999999999939,sell,1.41123,1.4008,35.00000000000725,18,10008.800000000023,2011
2011-03-20 21:00:00,2011-03-22 09:00:00,10000.0,-72.74999999999801,684.99999999998,sell,1.42396,1.41711,62.00000000000649,36,9938.30000000003,2011
2011-03-24 17:00:00,2011-03-25 17:00:00,10000.0,114.29999999999902,-1177.99999999999,sell,1.40676,1.41854,1255.000000000006,24,10054.10000000003,2011
2011-03-27 21:00:00,2011-03-29 07:00:00,10000.0,-85.22500000000062,811.0000000000061,sell,1.41199,1.40388,136.00000000000279,34,9971.000000000022,2011
2011-04-03 21:00:00,2011-04-05 14:00:00,10000.0,59.23750000000052,-638.0000000000052,sell,1.41627,1.42265,1052.0000000000084,41,10032.80000000002,2011
2011-04-10 21:00:00,2011-04-13 11:00:00,10000.0,-64.5749999999982,586.9999999999819,sell,1.45084,1.44497,114.00000000001408,62,9972.100000000015,2011
2011-04-14 01:00:00,2011-04-14 06:00:00,10000.0,-83.012499999998,806.9999999999799,sell,1.45067,1.4426,19.00000000001345,5,9889.400000000016,2011
2011-04-14 13:00:00,2011-04-17 21:00:00,10000.0,13.899999999999583,-178.99999999999582,sell,1.44164,1.44343,863.9999999999981,32,9905.30000000002,2011
2011-04-17 21:00:00,2011-04-18 08:00:00,10000.0,65.51250000000049,-682.0000000000048,sell,1.43431,1.44113,767.0000000000065,11,9971.500000000016,2011
2011-04-18 08:00:00,2011-04-18 15:00:00,10000.0,115.06250000000149,-1175.0000000000148,sell,1.4206699999999999,1.43242,1432.000000000011,7,10087.000000000018,2011
2011-04-18 15:00:00,2011-04-19 17:00:00,10000.0,-111.72499999999987,1080.9999999999986,sell,1.43159,1.42078,206.00000000001725,26,9976.900000000021,2011
2011-04-20 13:00:00,2011-04-21 06:00:00,10000.0,-105.16250000000052,1021.0000000000051,sell,1.46136,1.45115,34.000000000000696,17,9872.800000000016,2011
2011-04-21 06:00:00,2011-04-24 21:00:00,10000.0,48.562500000000824,-530.0000000000082,sell,1.4559,1.4612,890.000000000013,39,9923.800000000016,2011
2011-04-24 21:00:00,2011-04-25 01:00:00,10000.0,-27.249999999999467,249.99999999999466,sell,1.45798,1.45548,255.0000000000052,4,9896.800000000016,2011
2011-04-25 01:00:00,2011-04-25 12:00:00,10000.0,-55.487499999999514,527.9999999999951,sell,1.46007,1.45479,255.0000000000052,11,9842.000000000018,2011
2011-04-25 12:00:00,2011-04-26 01:00:00,10000.0,82.88750000000189,-857.0000000000188,sell,1.45081,1.4593800000000001,1053.000000000015,13,9925.700000000023,2011
2011-05-02 01:00:00,2011-05-04 13:00:00,10000.0,-112.44999999999958,1066.9999999999957,sell,1.49207,1.4814,75.00000000000284,60,9817.000000000025,2011
2011-05-04 17:00:00,2011-05-05 13:00:00,10000.0,149.3500000000005,-1526.000000000005,sell,1.47064,1.4859,1923.000000000008,20,9967.600000000026,2011
2011-05-05 17:00:00,2011-05-06 17:00:00,10000.0,153.60000000000113,-1571.0000000000111,sell,1.4402,1.45591,1853.0000000000157,24,10122.700000000026,2011
2011-05-08 21:00:00,2011-05-11 18:00:00,10000.0,155.98749999999967,-1622.9999999999966,sell,1.41987,1.4361,2432.000000000012,69,10283.00000000003,2011
2011-05-11 18:00:00,2011-05-13 08:00:00,10000.0,-116.77499999999917,1123.9999999999916,sell,1.43041,1.41917,100.00000000001118,38,10168.60000000003,2011
2011-05-15 21:00:00,2011-05-16 14:00:00,10000.0,-123.76250000000024,1207.0000000000025,sell,1.4194,1.40733,5.999999999994897,17,10045.90000000003,2011
2011-05-16 14:00:00,2011-05-20 09:00:00,10000.0,-94.38749999999956,866.9999999999955,sell,1.43207,1.4234,243.0000000000154,91,9957.200000000024,2011
2011-05-24 21:00:00,2011-05-25 06:00:00,10000.0,-74.76250000000005,722.0000000000003,buy,1.40319,1.41041,92.00000000000318,9,9883.000000000024,2011
2011-05-25 06:00:00,2011-05-25 16:00:00,10000.0,78.07500000000022,-807.000000000002,buy,1.40994,1.40187,862.0000000000072,10,9961.700000000024,2011
2011-05-25 16:00:00,2011-05-27 04:00:00,10000.0,148.84999999999934,-1530.9999999999934,buy,1.42594,1.41063,1949.0000000000007,36,10112.80000000002,2011
2011-05-29 21:00:00,2011-05-31 08:00:00,10000.0,-110.98750000000022,1068.0000000000023,sell,1.4413,1.43062,4.000000000004,35,10004.000000000022,2011
2011-06-05 21:00:00,2011-06-09 13:00:00,10000.0,85.50000000000085,-930.0000000000085,sell,1.45345,1.46275,1612.0000000000132,88,10095.000000000024,2011
2011-06-09 13:00:00,2011-06-10 15:00:00,10000.0,136.4750000000008,-1401.0000000000077,sell,1.43598,1.4499900000000001,1905.000000000001,26,10233.100000000026,2011
2011-06-12 21:00:00,2011-06-13 19:00:00,10000.0,-91.37499999999919,879.9999999999918,sell,1.44127,1.4324700000000001,170.00000000000347,22,10143.100000000022,2011
2011-06-13 19:00:00,2011-06-14 18:00:00,10000.0,-73.83750000000157,704.0000000000157,sell,1.44819,1.44115,146.00000000000168,23,10070.700000000017,2011
2011-06-14 18:00:00,2011-06-15 07:00:00,10000.0,83.1874999999994,-859.9999999999941,sell,1.43787,1.44647,896.0000000000078,13,10154.700000000015,2011
2011-06-15 09:00:00,2011-06-15 16:00:00,10000.0,89.26250000000122,-917.0000000000122,sell,1.42214,1.43131,988.000000000011,7,10244.400000000016,2011
2011-06-15 16:00:00,2011-06-16 12:00:00,10000.0,104.15000000000194,-1074.0000000000193,sell,1.4096899999999999,1.42043,1094.000000000017,20,10349.800000000021,2011
2011-06-19 21:00:00,2011-06-21 16:00:00,10000.0,-131.98750000000132,1273.000000000013,sell,1.44005,1.42732,35.999999999991594,43,10220.500000000027,2011
2011-07-03 21:00:00,2011-07-05 19:00:00,10000.0,117.12499999999989,-1219.9999999999989,sell,1.44123,1.45343,1652.0000000000089,46,10340.50000000003,2011
2011-07-10 21:00:00,2011-07-11 12:00:00,10000.0,146.162500000002,-1491.00000000002,sell,1.40617,1.4210800000000001,1653.0000000000155,15,10487.60000000003,2011
2011-07-11 12:00:00,2011-07-12 03:00:00,10000.0,103.16250000000008,-1061.0000000000007,sell,1.39493,1.40554,1268.0000000000023,15,10591.70000000003,2011
2011-07-13 09:00:00,2011-07-13 22:00:00,10000.0,-136.51249999999882,1336.9999999999882,sell,1.4239,1.41053,25.000000000008345,13,10456.000000000031,2011
2011-07-13 22:00:00,2011-07-17 21:00:00,10000.0,89.66250000000024,-946.0000000000023,sell,1.41325,1.42271,1491.00000000002,47,10548.600000000028,2011
2011-07-17 21:00:00,2011-07-20 02:00:00,10000.0,-49.11250000000051,438.000000000005,sell,1.41621,1.41183,547.0000000000085,53,10502.800000000027,2011
2011-07-25 09:00:00,2011-07-26 06:00:00,10000.0,-99.81249999999936,964.9999999999935,sell,1.45001,1.44036,93.99999999999407,21,10404.300000000032,2011
2011-07-31 21:00:00,2011-08-01 15:00:00,10000.0,147.97499999999957,-1510.9999999999955,sell,1.42004,1.43515,2527.0000000000123,18,10553.400000000036,2011
2011-08-01 15:00:00,2011-08-03 10:00:00,10000.0,-129.28749999999917,1245.9999999999914,sell,1.4324,1.41994,199.0000000000158,43,10426.800000000032,2011
2011-08-03 13:00:00,2011-08-04 14:00:00,10000.0,145.63750000000044,-1492.0000000000043,sell,1.4152,1.43012,2197.0000000000045,25,10574.00000000003,2011
2011-08-04 14:00:00,2011-08-07 21:00:00,10000.0,-124.5374999999996,1205.999999999996,sell,1.4277,1.41564,202.00000000001327,31,10451.40000000003,2011
2011-08-07 21:00:00,2011-08-08 13:00:00,10000.0,183.10000000000016,-1861.0000000000014,sell,1.41801,1.43662,2210.0000000000005,16,10635.500000000031,2011
2011-08-08 13:00:00,2011-08-09 20:00:00,10000.0,-154.8375000000005,1509.0000000000045,sell,1.43343,1.41834,113.00000000000753,31,10482.600000000033,2011
2011-08-11 13:00:00,2011-08-14 21:00:00,10000.0,-53.29999999999879,492.99999999998784,sell,1.42455,1.41962,479.00000000000716,32,10431.300000000028,2011
2011-08-14 21:00:00,2011-08-15 13:00:00,10000.0,-109.59999999999891,1065.999999999989,sell,1.4371099999999999,1.42645,81.00000000001994,16,10322.700000000032,2011
2011-08-15 13:00:00,2011-08-18 15:00:00,10000.0,111.57500000000164,-1182.0000000000164,sell,1.43173,1.44355,1994.0000000000068,74,10438.90000000003,2011
2011-08-21 21:00:00,2011-08-23 08:00:00,10000.0,-103.18749999999798,989.9999999999797,sell,1.4466999999999999,1.4368,4.000000000004,35,10337.900000000032,2011
2011-08-23 13:00:00,2011-08-26 14:00:00,10000.0,39.83749999999978,-463.9999999999977,buy,1.44333,1.43869,1058.0000000000032,73,10382.300000000034,2011
2011-08-28 21:00:00,2011-08-31 18:00:00,10000.0,107.98750000000051,-1143.000000000005,sell,1.43723,1.44866,1757.0000000000084,69,10494.600000000035,2011
2011-09-01 13:00:00,2011-09-02 15:00:00,10000.0,74.87500000000135,-785.0000000000134,sell,1.42095,1.4288,1048.0000000000043,26,10571.100000000037,2011
2011-09-04 21:00:00,2011-09-05 14:00:00,10000.0,78.83750000000141,-819.0000000000141,sell,1.4076,1.41579,964.0000000000092,17,10651.000000000042,2011
2011-09-05 14:00:00,2011-09-06 09:00:00,10000.0,-78.18750000000063,750.0000000000061,sell,1.41879,1.41129,957.0000000000077,19,10574.00000000004,2011
2011-09-07 13:00:00,2011-09-08 17:00:00,10000.0,118.4500000000012,-1222.0000000000118,sell,1.39353,1.40575,1726.0000000000052,28,10694.200000000037,2011
2011-09-08 17:00:00,2011-09-09 14:00:00,10000.0,184.98750000000123,-1883.0000000000123,sell,1.37069,1.38952,2289.0000000000077,21,10880.500000000042,2011
2011-09-11 21:00:00,2011-09-12 22:00:00,10000.0,-96.86250000000061,933.000000000006,sell,1.36618,1.35685,319.0000000000026,25,10785.20000000004,2011
2011-09-15 13:00:00,2011-09-18 21:00:00,10000.0,164.5000000000003,-1685.000000000003,sell,1.3711,1.38795,1852.000000000009,32,10951.70000000004,2011
2011-09-19 01:00:00,2011-09-21 18:00:00,10000.0,-127.36249999999974,1212.9999999999973,sell,1.37753,1.3654,130.00000000000787,65,10828.40000000004,2011
2011-09-25 21:00:00,2011-09-27 10:00:00,10000.0,-17.012499999998823,126.99999999998822,sell,1.35192,1.3506500000000001,496.0000000000075,37,10813.70000000004,2011
2011-10-02 21:00:00,2011-10-03 19:00:00,10000.0,114.22500000000215,-1176.0000000000214,sell,1.3221399999999999,1.3339,1591.0000000000089,22,10929.300000000043,2011
2011-10-05 01:00:00,2011-10-05 03:00:00,10000.0,1.5749999999998145,-36.999999999998145,buy,1.32907,1.3287,60.999999999999936,2,10931.000000000042,2011
2011-10-05 03:00:00,2011-10-05 05:00:00,10000.0,16.87500000000235,-190.00000000002348,buy,1.3308900000000001,1.32899,257.0000000000183,2,10948.000000000044,2011
2011-10-05 05:00:00,2011-10-05 07:00:00,10000.0,10.274999999999078,-123.99999999999078,buy,1.33239,1.33115,287.9999999999993,2,10958.400000000043,2011
2011-10-05 07:00:00,2011-10-05 09:00:00,10000.0,18.475000000001728,-206.00000000001725,buy,1.33193,1.3298699999999999,343.0000000000044,2,10977.000000000045,2011
2011-10-09 21:00:00,2011-10-10 08:00:00,10000.0,-152.1875000000002,1495.0000000000018,sell,1.35327,1.33832,17.000000000000348,11,10825.500000000044,2011
2011-10-10 08:00:00,2011-10-10 16:00:00,10000.0,-123.20000000000024,1207.0000000000025,sell,1.36849,1.35642,48.00000000000359,8,10702.800000000041,2011
2011-10-10 16:00:00,2011-10-12 10:00:00,10000.0,-144.92499999999987,1402.9999999999986,sell,1.37982,1.36579,83.99999999999518,42,10560.500000000045,2011
2011-10-16 21:00:00,2011-10-17 12:00:00,10000.0,90.06250000000085,-930.0000000000085,sell,1.37815,1.38745,1323.0000000000075,15,10651.500000000045,2011
2011-10-17 12:00:00,2011-10-18 10:00:00,10000.0,96.0250000000006,-994.0000000000059,sell,1.36841,1.37835,1211.0000000000064,22,10748.900000000047,2011
2011-10-20 17:00:00,2011-10-21 14:00:00,10000.0,-162.8124999999991,1594.9999999999907,sell,1.38875,1.3728,113.00000000000753,21,10587.400000000047,2011
2011-10-23 21:00:00,2011-10-27 02:00:00,10000.0,-115.4124999999987,1085.9999999999868,sell,1.3975199999999999,1.38666,134.00000000001188,77,10476.80000000005,2011
2011-10-27 02:00:00,2011-10-27 14:00:00,10000.0,-173.8499999999996,1710.9999999999957,sell,1.41249,1.39538,211.0000000000056,12,10303.70000000005,2011
2011-10-27 14:00:00,2011-10-30 21:00:00,10000.0,-9.237499999999194,52.999999999991935,sell,1.41455,1.41402,1014.0000000000038,31,10296.40000000005,2011
2011-10-30 21:00:00,2011-10-31 03:00:00,10000.0,94.52499999999976,-968.9999999999976,sell,1.4049,1.41459,1221.0000000000052,6,10391.300000000048,2011
2011-10-31 03:00:00,2011-10-31 20:00:00,10000.0,173.337500000001,-1764.0000000000098,sell,1.38358,1.4012200000000001,2173.0000000000027,17,10565.700000000048,2011
2011-10-31 20:00:00,2011-11-01 09:00:00,10000.0,146.98749999999993,-1497.9999999999993,sell,1.37049,1.38547,1659.0000000000102,13,10713.500000000047,2011
2011-11-01 09:00:00,2011-11-02 14:00:00,10000.0,-113.11249999999885,1092.9999999999884,sell,1.38093,1.37,178.00000000001145,29,10602.200000000048,2011
2011-11-02 14:00:00,2011-11-03 00:00:00,10000.0,107.9750000000007,-1106.0000000000068,sell,1.36899,1.38005,1384.0000000000073,10,10710.80000000005,2011
2011-11-06 22:00:00,2011-11-09 11:00:00,10000.0,128.1875000000008,-1340.0000000000077,sell,1.36795,1.38135,1787.000000000005,61,10842.800000000054,2011
2011-11-09 11:00:00,2011-11-10 07:00:00,10000.0,121.74999999999956,-1249.9999999999955,sell,1.35073,1.36323,1580.0000000000034,20,10965.800000000054,2011
2011-11-14 01:00:00,2011-11-14 13:00:00,10000.0,104.85000000000103,-1076.0000000000102,sell,1.36506,1.37582,1273.000000000013,12,11071.400000000054,2011
2011-11-22 13:00:00,2011-11-23 11:00:00,10000.0,-114.77499999999928,1113.9999999999927,buy,1.33867,1.34981,134.00000000001188,22,10958.000000000055,2011
2011-11-28 05:00:00,2011-11-28 11:00:00,10000.0,-83.6749999999997,812.999999999997,sell,1.33829,1.33016,153.00000000000313,6,10874.700000000053,2011
2011-11-29 09:00:00,2011-11-30 08:00:00,10000.0,-83.03749999999967,795.9999999999966,buy,1.3267,1.33466,97.99999999999808,23,10793.100000000053,2011
2011-12-04 22:00:00,2011-12-08 16:00:00,10000.0,85.67500000000061,-933.000000000006,sell,1.3313599999999999,1.34069,1717.0000000000127,90,10884.400000000061,2011
2011-12-08 16:00:00,2011-12-08 18:00:00,10000.0,2.9750000000001044,-51.00000000000104,buy,1.33301,1.3325,93.00000000000973,2,10887.500000000062,2011
2011-12-08 18:00:00,2011-12-08 20:00:00,10000.0,2.1749999999993044,-42.999999999993044,buy,1.33351,1.33308,109.00000000000352,2,10889.800000000061,2011
2011-12-08 20:00:00,2011-12-09 10:00:00,10000.0,0.4249999999994144,-32.999999999994145,buy,1.33435,1.33402,618.9999999999917,14,10891.100000000062,2011
2011-12-11 22:00:00,2011-12-12 10:00:00,10000.0,91.65000000000114,-944.0000000000114,sell,1.32655,1.33599,1114.0000000000148,12,10983.500000000062,2011
2011-12-12 10:00:00,2011-12-12 23:00:00,10000.0,92.58750000000104,-954.0000000000103,sell,1.31686,1.3264,1073.0000000000127,13,11076.900000000063,2011
2011-12-14 09:00:00,2011-12-14 16:00:00,10000.0,87.56249999999898,-899.9999999999897,sell,1.29509,1.30409,1126.999999999989,7,11164.900000000061,2011
2011-12-14 16:00:00,2011-12-16 13:00:00,10000.0,-108.01250000000107,1032.0000000000107,sell,1.30722,1.2969,106.00000000000608,45,11059.700000000066,2011
2011-12-18 22:00:00,2011-12-20 14:00:00,10000.0,-87.49999999999974,829.9999999999974,sell,1.31138,1.30308,87.99999999999918,40,10974.700000000066,2011
2011-12-28 09:00:00,2011-12-28 15:00:00,10000.0,-91.27499999999843,888.9999999999842,buy,1.29821,1.3071,130.00000000000787,6,10883.800000000067,2011
2011-12-28 15:00:00,2011-12-29 12:00:00,10000.0,-89.51250000000073,862.0000000000072,buy,1.28633,1.29495,-19.999999999997797,21,10795.600000000066,2011
2012-01-02 08:00:00,2012-01-03 03:00:00,10000.0,-44.887500000000074,417.0000000000007,sell,1.29803,1.29386,85.00000000000173,19,9956.299999999997,2012
2012-01-19 17:00:00,2012-01-20 21:00:00,10000.0,-4.8499999999983245,10.999999999983244,sell,1.293,1.29289,553.0000000000034,28,9953.199999999993,2012
2012-01-22 22:00:00,2012-01-23 11:00:00,10000.0,-99.41250000000002,966.0000000000001,sell,1.29759,1.28793,35.00000000000725,13,9854.599999999993,2012
2012-01-29 22:00:00,2012-01-30 13:00:00,10000.0,92.66250000000014,-956.0000000000013,sell,1.31148,1.32104,1058.0000000000032,15,9948.199999999992,2012
2012-02-01 09:00:00,2012-02-03 21:00:00,10000.0,-10.649999999998794,48.999999999987935,sell,1.31432,1.31383,741.0000000000138,60,9941.299999999994,2012
2012-02-05 22:00:00,2012-02-06 14:00:00,10000.0,89.20000000000006,-922.0000000000006,sell,1.30322,1.31244,983.0000000000005,16,10031.499999999995,2012
2012-02-06 14:00:00,2012-02-07 08:00:00,10000.0,-89.32500000000073,862.0000000000072,sell,1.31484,1.30622,190.00000000000125,18,9943.299999999994,2012
2012-02-09 13:00:00,2012-02-10 14:00:00,10000.0,95.63750000000151,-992.000000000015,sell,1.3175299999999999,1.32745,1457.0000000000193,25,10040.499999999998,2012
2012-02-12 22:00:00,2012-02-14 00:00:00,10000.0,77.57500000000127,-812.0000000000126,sell,1.31555,1.3236700000000001,1278.0000000000014,26,10119.699999999999,2012
2012-02-16 13:00:00,2012-02-16 17:00:00,10000.0,-119.74999999999928,1174.9999999999927,sell,1.31103,1.29928,32.0000000000098,4,10000.199999999999,2012
2012-02-16 17:00:00,2012-02-17 21:00:00,10000.0,-54.549999999999734,507.9999999999973,sell,1.31518,1.3101,453.9999999999988,28,9947.400000000005,2012
2012-02-19 22:00:00,2012-02-21 04:00:00,10000.0,-62.87500000000016,590.0000000000016,sell,1.32603,1.32013,319.0000000000026,30,9886.400000000003,2012
2012-02-26 22:00:00,2012-02-27 12:00:00,10000.0,60.72499999999921,-635.999999999992,sell,1.33999,1.34635,703.0000000000091,14,9948.000000000004,2012
2012-03-01 13:00:00,2012-03-02 15:00:00,10000.0,87.97500000000056,-916.0000000000056,sell,1.31988,1.32904,1378.0000000000125,26,10037.599999999999,2012
2012-03-05 05:00:00,2012-03-06 11:00:00,10000.0,51.42500000000035,-553.0000000000034,sell,1.31382,1.31935,1025.000000000009,30,10090.899999999998,2012
2012-03-18 21:00:00,2012-03-19 16:00:00,10000.0,-66.48749999999947,632.9999999999947,sell,1.3243,1.31797,221.00000000000452,19,10025.599999999999,2012
2012-03-27 05:00:00,2012-03-28 13:00:00,10000.0,-59.79999999999919,557.9999999999918,buy,1.3299400000000001,1.33552,-9.999999999976694,32,9967.799999999996,2012
2012-04-01 21:00:00,2012-04-02 14:00:00,10000.0,63.13749999999848,-661.9999999999848,sell,1.32898,1.3356,900.9999999999961,17,10031.99999999999,2012
2012-04-02 14:00:00,2012-04-03 10:00:00,10000.0,-47.64999999999999,443.9999999999999,sell,1.33443,1.32999,224.00000000000196,20,9985.599999999991,2012
2012-04-05 09:00:00,2012-04-08 21:00:00,10000.0,-34.64999999999932,303.9999999999931,sell,1.30934,1.3063,184.00000000000637,36,9953.19999999999,2012
2012-04-08 21:00:00,2012-04-09 01:00:00,10000.0,48.150000000001555,-504.0000000000155,sell,1.3044499999999999,1.30949,550.000000000006,4,10001.59999999999,2012
2012-04-09 01:00:00,2012-04-09 17:00:00,10000.0,-83.59999999999957,805.9999999999956,sell,1.31307,1.30501,-11.999999999989795,16,9918.99999999999,2012
2012-04-18 09:00:00,2012-04-19 10:00:00,10000.0,54.237500000001184,-578.0000000000118,buy,1.3144500000000001,1.30867,870.0000000000151,25,9974.799999999996,2012
2012-04-22 21:00:00,2012-04-23 13:00:00,10000.0,54.69999999999831,-576.9999999999831,sell,1.31319,1.31896,775.9999999999989,16,10030.499999999996,2012
2012-04-23 13:00:00,2012-04-24 14:00:00,10000.0,-58.86250000000035,553.0000000000034,sell,1.31919,1.31366,150.99999999999002,25,9973.199999999997,2012
2012-04-29 21:00:00,2012-05-02 08:00:00,10000.0,55.51250000000125,-612.0000000000125,sell,1.31754,1.32366,1079.0000000000077,59,10032.399999999996,2012
2012-05-02 21:00:00,2012-05-02 23:00:00,10000.0,-4.72499999999927,25.999999999992692,sell,1.31544,1.31518,15.000000000009448,2,10027.799999999996,2012
2012-05-02 23:00:00,2012-05-03 01:00:00,10000.0,-9.32500000000054,72.00000000000539,sell,1.31539,1.31467,8.999999999992347,2,10018.599999999995,2012
2012-05-03 01:00:00,2012-05-03 03:00:00,10000.0,-8.92500000000014,68.00000000000139,sell,1.31458,1.3139,24.000000000001794,2,10009.799999999996,2012
2012-05-03 03:00:00,2012-05-03 05:00:00,10000.0,-5.225000000000325,31.000000000003244,sell,1.31458,1.31427,7.000000000001449,2,10004.699999999995,2012
2012-05-06 21:00:00,2012-05-09 13:00:00,10000.0,72.10000000000095,-781.0000000000094,sell,1.29409,1.3019,1239.0000000000123,64,10080.799999999996,2012
2012-05-09 17:00:00,2012-05-13 21:00:00,10000.0,57.650000000001285,-629.0000000000128,sell,1.29009,1.29638,778.0000000000119,52,10141.699999999997,2012
2012-05-13 21:00:00,2012-05-14 21:00:00,10000.0,55.80000000000213,-593.0000000000213,sell,1.28242,1.28835,796.0000000000189,24,10199.000000000002,2012
2012-05-17 21:00:00,2012-05-18 20:00:00,10000.0,-95.43750000000097,920.0000000000097,sell,1.27733,1.26813,98.99999999998242,23,10104.999999999996,2012
2012-05-20 21:00:00,2012-05-22 20:00:00,10000.0,87.26250000000006,-922.0000000000006,sell,1.26814,1.27736,1422.9999999999964,47,10195.199999999999,2012
2012-05-27 21:00:00,2012-05-29 16:00:00,10000.0,77.2124999999992,-818.9999999999919,sell,1.24851,1.2567,1387.0000000000048,43,10275.100000000002,2012
2012-06-05 17:00:00,2012-06-06 16:00:00,10000.0,87.16250000000068,-906.0000000000067,buy,1.25328,1.2442199999999999,956.0000000000013,23,10363.7,2012
2012-06-06 16:00:00,2012-06-08 09:00:00,10000.0,-105.26250000000023,1007.0000000000023,buy,1.24597,1.25604,75.00000000000284,41,10261.000000000004,2012
2012-06-12 05:00:00,2012-06-13 10:00:00,10000.0,48.68749999999977,-524.9999999999976,buy,1.25436,1.24911,1012.9999999999972,29,10311.500000000004,2012
2012-06-13 10:00:00,2012-06-14 14:00:00,10000.0,59.05000000000064,-628.0000000000063,buy,1.2596800000000001,1.2534,816.0000000000166,28,10372.300000000005,2012
2012-06-14 17:00:00,2012-06-17 21:00:00,10000.0,-47.950000000000905,442.00000000000904,sell,1.26353,1.25911,192.99999999999872,28,10326.100000000002,2012
2012-06-17 21:00:00,2012-06-18 09:00:00,10000.0,80.24999999999974,-829.9999999999974,sell,1.26525,1.27355,943.0000000000049,12,10407.099999999999,2012
2012-06-18 09:00:00,2012-06-19 18:00:00,10000.0,-88.56250000000068,845.0000000000068,sell,1.27235,1.2639,66.99999999999484,33,10320.599999999995,2012
2012-06-21 21:00:00,2012-06-24 21:00:00,10000.0,-10.800000000001194,73.00000000001194,sell,1.25526,1.25453,302.0000000000022,24,10311.299999999996,2012
2012-06-24 21:00:00,2012-06-25 10:00:00,10000.0,59.0875000000014,-619.000000000014,sell,1.24867,1.25486,714.9999999999989,13,10371.199999999995,2012
2012-06-25 10:00:00,2012-06-28 09:00:00,10000.0,46.66250000000148,-531.0000000000148,sell,1.24291,1.24822,1009.9999999999997,71,10422.299999999996,2012
2012-06-28 17:00:00,2012-06-29 03:00:00,10000.0,-100.82500000000162,982.0000000000161,sell,1.25174,1.24192,-11.000000000005448,10,10322.099999999995,2012
2012-07-01 21:00:00,2012-07-02 15:00:00,10000.0,77.87499999999996,-809.9999999999995,sell,1.2585,1.2666,872.000000000006,18,10401.099999999993,2012
2012-07-02 15:00:00,2012-07-04 15:00:00,10000.0,63.90000000000063,-689.0000000000063,sell,1.25121,1.2581,1147.000000000009,48,10467.999999999987,2012
2012-07-04 15:00:00,2012-07-05 12:00:00,10000.0,-99.31250000000053,960.0000000000052,buy,1.24311,1.25271,-19.999999999997797,21,10369.999999999987,2012
2012-07-09 21:00:00,2012-07-10 13:00:00,10000.0,-39.300000000000225,363.00000000000216,buy,1.22789,1.23152,173.0000000000009,16,10331.699999999988,2012
2012-07-10 13:00:00,2012-07-11 19:00:00,10000.0,-58.074999999999804,541.999999999998,buy,1.22213,1.22755,87.99999999999918,30,10275.49999999999,2012
2012-07-15 21:00:00,2012-07-16 10:00:00,10000.0,56.48749999999991,-592.9999999999991,sell,1.21881,1.22474,713.000000000008,13,10332.799999999988,2012
2012-07-18 17:00:00,2012-07-20 06:00:00,10000.0,-15.412499999999444,110.99999999999443,buy,1.22529,1.2264,242.9999999999932,37,10319.699999999988,2012
2012-07-24 05:00:00,2012-07-24 16:00:00,10000.0,-66.38749999999987,636.9999999999986,buy,1.20588,1.21225,39.999999999995595,11,10253.999999999985,2012
2012-07-24 16:00:00,2012-07-25 09:00:00,10000.0,68.13750000000016,-712.0000000000015,buy,1.21254,1.20542,781.9999999999937,17,10323.19999999999,2012
2012-07-25 09:00:00,2012-07-26 11:00:00,10000.0,82.27499999999876,-858.9999999999875,buy,1.22226,1.21367,1101.9999999999807,26,10407.099999999991,2012
2012-07-26 13:00:00,2012-07-29 21:00:00,10000.0,-20.199999999999548,161.99999999999548,sell,1.23072,1.2291,818.9999999999919,32,10388.899999999994,2012
2012-07-29 21:00:00,2012-08-02 13:00:00,10000.0,78.79999999999916,-862.9999999999915,sell,1.22123,1.22986,1905.000000000001,88,10473.199999999988,2012
2012-08-05 21:00:00,2012-08-09 11:00:00,10000.0,68.42500000000142,-758.0000000000142,sell,1.23169,1.23927,1258.0000000000034,86,10546.999999999989,2012
2012-08-12 21:00:00,2012-08-13 11:00:00,10000.0,-56.27500000000123,534.0000000000122,sell,1.23391,1.22857,0.9999999999843466,14,10491.599999999986,2012
2012-08-13 11:00:00,2012-08-15 11:00:00,10000.0,53.400000000000674,-584.0000000000067,sell,1.2288,1.23464,970.0000000000041,48,10547.999999999985,2012
2012-08-15 17:00:00,2012-08-16 15:00:00,10000.0,69.42499999999953,-727.9999999999952,buy,1.23593,1.22865,1036.9999999999989,22,10618.799999999988,2012
2012-08-19 21:00:00,2012-08-21 08:00:00,10000.0,-72.48749999999892,682.9999999999891,sell,1.24037,1.23354,124.99999999999733,35,10548.499999999995,2012
2012-08-22 17:00:00,2012-08-22 19:00:00,10000.0,49.97499999999937,-520.9999999999936,buy,1.25261,1.2474,543.0000000000045,2,10598.599999999993,2012
2012-08-22 19:00:00,2012-08-24 10:00:00,10000.0,4.762500000000319,-92.00000000000318,buy,1.25321,1.25229,187.0000000000038,39,10605.799999999994,2012
2012-08-26 21:00:00,2012-08-28 10:00:00,10000.0,-43.212499999999494,388.9999999999949,sell,1.2547,1.25081,143.00000000000423,37,10564.89999999999,2012
2012-09-02 21:00:00,2012-09-05 09:00:00,10000.0,58.350000000000264,-641.0000000000026,sell,1.25125,1.25766,1151.000000000013,60,10626.999999999993,2012
2012-09-09 21:00:00,2012-09-11 16:00:00,10000.0,-61.38750000000064,567.0000000000064,sell,1.28603,1.28036,103.99999999999298,43,10568.299999999985,2012
2012-09-13 17:00:00,2012-09-14 07:00:00,10000.0,-92.67499999999988,897.9999999999987,sell,1.30486,1.29588,52.00000000000759,14,10476.499999999984,2012
2012-09-16 21:00:00,2012-09-18 16:00:00,10000.0,63.31250000000139,-680.0000000000139,sell,1.3053,1.3121,1186.0000000000202,43,10542.499999999984,2012
2012-09-20 13:00:00,2012-09-21 06:00:00,10000.0,-68.56249999999834,654.9999999999833,sell,1.2990599999999999,1.29251,93.00000000000973,17,10474.999999999987,2012
2012-09-23 21:00:00,2012-09-24 09:00:00,10000.0,67.75,-705.0,sell,1.29058,1.29763,734.9999999999967,12,10543.499999999989,2012
2012-09-24 09:00:00,2012-09-26 15:00:00,10000.0,61.625000000001506,-670.000000000015,sell,1.28425,1.29095,1279.0000000000077,54,10608.499999999987,2012
2012-09-27 17:00:00,2012-09-30 21:00:00,10000.0,62.050000000000296,-658.000000000003,sell,1.28478,1.29136,1113.9999999999927,28,10672.29999999999,2012
2012-09-30 21:00:00,2012-10-01 13:00:00,10000.0,-82.69999999999811,796.999999999981,sell,1.29252,1.28455,-10.999999999983244,16,10590.599999999993,2012
2012-10-01 13:00:00,2012-10-04 13:00:00,10000.0,-85.69999999999928,791.9999999999926,sell,1.29833,1.29041,82.00000000000429,72,10509.399999999992,2012
2012-10-07 21:00:00,2012-10-08 10:00:00,10000.0,53.48750000000024,-563.0000000000024,sell,1.29636,1.30199,615.0000000000099,13,10563.699999999993,2012
2012-10-08 10:00:00,2012-10-09 15:00:00,10000.0,46.58749999999934,-503.9999999999933,sell,1.28969,1.29473,933.000000000006,29,10612.099999999995,2012
2012-10-15 13:00:00,2012-10-16 08:00:00,10000.0,-62.98749999999875,597.9999999999874,sell,1.3002799999999999,1.2943,95.00000000002284,19,10550.299999999997,2012
2012-10-22 05:00:00,2012-10-23 11:00:00,10000.0,42.625000000000426,-465.00000000000426,sell,1.3008,1.30545,748.9999999999997,30,10594.8,2012
2012-10-23 17:00:00,2012-10-26 07:00:00,10000.0,-53.274999999999665,473.9999999999966,buy,1.29263,1.29737,109.00000000000352,62,10545.400000000003,2012
2012-10-28 21:00:00,2012-10-31 09:00:00,10000.0,-66.15000000000046,604.0000000000044,sell,1.30003,1.29399,53.99999999999849,60,10483.0,2012
2012-11-04 22:00:00,2012-11-07 05:00:00,10000.0,-48.4374999999997,429.99999999999704,sell,1.28602,1.28172,141.00000000001333,55,10437.999999999998,2012
2012-11-07 05:00:00,2012-11-07 13:00:00,10000.0,-104.69999999999897,1021.9999999999895,buy,1.2759,1.28612,157.00000000000713,8,10333.799999999997,2012
2012-11-07 13:00:00,2012-11-08 14:00:00,10000.0,-8.462500000001015,49.00000000001014,buy,1.27518,1.27567,350.99999999999017,25,10326.89999999999,2012
2012-11-11 22:00:00,2012-11-14 20:00:00,10000.0,-39.27500000000015,329.0000000000015,sell,1.27465,1.27136,282.00000000000443,70,10291.999999999987,2012
2012-11-19 05:00:00,2012-11-19 16:00:00,10000.0,-62.9874999999998,602.999999999998,sell,1.2817,1.27567,25.999999999992692,11,10229.699999999986,2012
2012-11-21 05:00:00,2012-11-21 14:00:00,10000.0,56.23750000000108,-588.0000000000107,buy,1.28147,1.27559,741.0000000000138,9,10286.499999999989,2012
2012-11-25 22:00:00,2012-11-28 06:00:00,10000.0,40.700000000000685,-462.0000000000068,sell,1.29249,1.29711,836.9999999999987,56,10330.699999999993,2012
2012-12-02 22:00:00,2012-12-03 10:00:00,10000.0,-50.84999999999981,480.99999999999807,sell,1.30421,1.2994,63.999999999997385,12,10280.599999999995,2012
2012-12-03 10:00:00,2012-12-04 09:00:00,10000.0,-48.13749999999974,446.9999999999974,sell,1.30761,1.30314,58.00000000000249,23,10233.899999999996,2012
2012-12-09 22:00:00,2012-12-11 05:00:00,10000.0,-63.437499999999,594.9999999999899,sell,1.29513,1.28918,103.00000000000863,31,10172.4,2012
2012-12-16 22:00:00,2012-12-18 22:00:00,10000.0,-52.999999999999154,479.99999999999153,sell,1.32287,1.31807,92.00000000000318,48,10122.399999999998,2012
2012-12-23 22:00:00,2012-12-26 15:00:00,10000.0,-77.83750000000113,744.0000000000113,sell,1.32502,1.31758,-7.000000000001449,23,10045.999999999995,2012
2013-01-06 22:00:00,2013-01-08 03:00:00,10000.0,-58.312499999999545,544.9999999999955,sell,1.31301,1.30756,93.00000000000973,29,9943.5,2013
2013-01-08 03:00:00,2013-01-08 16:00:00,10000.0,50.68749999999966,-534.9999999999966,sell,1.30675,1.3121,644.9999999999844,13,9995.000000000004,2013
2013-01-13 22:00:00,2013-01-15 19:00:00,10000.0,70.18750000000063,-750.0000000000061,sell,1.32884,1.33634,1150.999999999991,45,10068.000000000004,2013
2013-01-27 22:00:00,2013-01-30 10:00:00,10000.0,-79.84999999999917,740.9999999999916,sell,1.35317,1.34576,46.99999999999704,60,9991.900000000005,2013
2013-01-30 10:00:00,2013-01-31 10:00:00,10000.0,-1.199999999998255,-23.000000000017447,buy,1.35596,1.3557299999999999,270.999999999999,24,9992.20000000001,2013
2013-02-03 22:00:00,2013-02-04 11:00:00,10000.0,75.08749999999964,-778.9999999999962,sell,1.3569,1.36469,845.9999999999911,13,10068.10000000001,2013
2013-02-06 17:00:00,2013-02-07 15:00:00,10000.0,76.22499999999967,-795.9999999999966,sell,1.34314,1.3511,1456.999999999997,22,10145.700000000006,2013
2013-02-07 15:00:00,2013-02-08 21:00:00,10000.0,15.925000000000928,-198.00000000000927,sell,1.33672,1.3387,616.0000000000165,30,10163.500000000007,2013
2013-02-10 22:00:00,2013-02-11 17:00:00,10000.0,-51.087500000000716,479.00000000000716,sell,1.34141,1.33662,129.00000000000134,19,10113.60000000001,2013
2013-02-17 22:00:00,2013-02-20 01:00:00,10000.0,-82.88749999999833,776.9999999999832,sell,1.34205,1.3342800000000001,-4.000000000004,51,10033.900000000005,2013
2013-03-11 05:00:00,2013-03-11 21:00:00,10000.0,-50.900000000000716,479.00000000000716,sell,1.30461,1.29982,70.99999999999883,16,9984.000000000007,2013
2013-03-17 21:00:00,2013-03-24 21:00:00,10000.0,-74.30000000000041,648.0000000000041,sell,1.29715,1.29067,377.00000000000506,120,9917.200000000004,2013
2013-03-24 21:00:00,2013-03-25 00:00:00,10000.0,-62.68749999999889,604.9999999999889,sell,1.30199,1.29594,262.00000000000665,3,9854.700000000004,2013
2013-03-25 00:00:00,2013-03-25 13:00:00,10000.0,81.58750000000003,-844.0000000000002,sell,1.29421,1.30265,1053.9999999999993,13,9937.100000000004,2013
2013-03-25 13:00:00,2013-03-25 17:00:00,10000.0,83.55000000000032,-858.0000000000032,sell,1.28512,1.2937,889.9999999999907,4,10020.900000000003,2013
2013-03-28 13:00:00,2013-03-31 21:00:00,10000.0,11.100000000001224,-151.00000000001222,sell,1.28118,1.28269,322.00000000000006,32,10034.00000000001,2013
2013-03-31 21:00:00,2013-04-01 02:00:00,10000.0,26.687499999999027,-289.9999999999902,sell,1.27787,1.28077,326.9999999999884,5,10061.00000000001,2013
2013-04-01 09:00:00,2013-04-01 15:00:00,10000.0,-37.47499999999902,350.99999999999017,sell,1.28484,1.28133,51.00000000000104,6,10023.90000000001,2013
2013-04-01 15:00:00,2013-04-03 01:00:00,10000.0,42.075000000000685,-462.0000000000068,sell,1.28078,1.2854,692.0000000000036,34,10068.100000000011,2013
2013-04-08 01:00:00,2013-04-09 01:00:00,10000.0,-72.69999999999816,691.9999999999815,sell,1.30601,1.29909,71.00000000002105,24,9996.90000000001,2013
2013-04-14 21:00:00,2013-04-15 19:00:00,10000.0,60.32499999999987,-636.9999999999986,sell,1.30419,1.31056,670.9999999999993,22,10058.60000000001,2013
2013-04-18 01:00:00,2013-04-19 11:00:00,10000.0,-61.425000000000125,573.0000000000013,sell,1.30894,1.30321,78.00000000000028,34,9999.30000000001,2013
2013-04-21 21:00:00,2013-04-23 08:00:00,10000.0,67.41250000000055,-716.0000000000055,sell,1.29925,1.30641,909.9999999999885,35,10068.900000000018,2013
2013-04-24 17:00:00,2013-04-25 12:00:00,10000.0,-60.68749999999922,574.9999999999922,sell,1.30713,1.30138,103.00000000000863,19,10009.400000000018,2013
2013-04-28 21:00:00,2013-04-30 14:00:00,10000.0,-92.16249999999879,875.9999999999878,sell,1.31443,1.30567,48.00000000000359,41,9919.800000000021,2013
2013-04-30 14:00:00,2013-05-02 14:00:00,10000.0,-113.50000000000026,1085.0000000000025,buy,1.30763,1.31848,162.00000000001768,48,9809.300000000021,2013
2013-05-05 21:00:00,2013-05-08 16:00:00,10000.0,-70.38750000000093,642.0000000000092,sell,1.3178,1.31138,156.00000000000057,67,9743.100000000015,2013
2013-05-09 21:00:00,2013-05-10 16:00:00,10000.0,83.2124999999998,-863.9999999999981,sell,1.29555,1.30419,948.9999999999998,19,9827.500000000018,2013
2013-05-12 21:00:00,2013-05-15 07:00:00,10000.0,68.17499999999941,-737.9999999999942,sell,1.28997,1.29735,1288.0000000000002,58,9899.30000000001,2013
2013-05-16 17:00:00,2013-05-17 13:00:00,10000.0,72.9499999999996,-761.9999999999959,sell,1.28274,1.29036,846.9999999999977,20,9973.50000000001,2013
2013-05-19 21:00:00,2013-05-20 23:00:00,10000.0,-59.02499999999878,553.9999999999878,sell,1.28968,1.28414,63.00000000001304,26,9916.10000000001,2013
2013-05-28 09:00:00,2013-05-28 15:00:00,10000.0,-79.47500000000106,771.0000000000105,buy,1.28531,1.29302,-15.999999999993795,6,9837.00000000001,2013
2013-05-28 15:00:00,2013-05-29 12:00:00,10000.0,63.487500000000196,-668.0000000000018,buy,1.2938,1.28712,1009.9999999999997,21,9901.800000000012,2013
2013-05-29 12:00:00,2013-05-30 14:00:00,10000.0,77.6749999999997,-812.999999999997,buy,1.30287,1.29474,1102.9999999999873,26,9981.100000000011,2013
2013-06-02 21:00:00,2013-06-03 16:00:00,10000.0,-112.18749999999909,1089.999999999991,sell,1.3097699999999999,1.29887,94.00000000001629,19,9870.10000000001,2013
2013-06-03 16:00:00,2013-06-06 15:00:00,10000.0,-121.03750000000025,1146.0000000000025,sell,1.31955,1.30809,2.9999999999974487,71,9753.500000000007,2013
2013-06-06 17:00:00,2013-06-09 21:00:00,10000.0,40.94999999999974,-446.9999999999974,sell,1.31987,1.32434,855.99999999999,28,9796.200000000006,2013
2013-06-09 21:00:00,2013-06-10 18:00:00,10000.0,-71.71249999999958,683.9999999999957,sell,1.32624,1.3194000000000001,60.999999999999936,21,9725.800000000003,2013
2013-06-13 01:00:00,2013-06-16 21:00:00,10000.0,5.650000000001519,-104.00000000001518,sell,1.33442,1.33546,453.00000000001444,44,9734.200000000008,2013
2013-06-16 21:00:00,2013-06-18 10:00:00,10000.0,-35.91250000000052,316.0000000000051,sell,1.33775,1.33459,208.00000000000816,37,9700.600000000008,2013
2013-06-20 17:00:00,2013-06-21 15:00:00,10000.0,80.52499999999898,-838.9999999999897,sell,1.31383,1.32222,1153.0000000000039,22,9782.500000000011,2013
2013-06-23 21:00:00,2013-06-26 11:00:00,10000.0,71.32500000000171,-772.000000000017,sell,1.30215,1.30987,1288.0000000000002,62,9857.700000000012,2013
2013-06-26 17:00:00,2013-06-28 03:00:00,10000.0,-71.02500000000084,669.0000000000084,sell,1.30706,1.30037,36.999999999998145,34,9788.80000000001,2013
2013-06-30 21:00:00,2013-07-01 16:00:00,10000.0,-55.58749999999911,523.9999999999911,sell,1.3061,1.3008600000000001,51.00000000000104,19,9734.40000000001,2013
2013-07-07 21:00:00,2013-07-08 14:00:00,10000.0,-63.56250000000111,605.000000000011,sell,1.28698,1.28093,8.000000000008,17,9671.900000000012,2013
2013-07-08 14:00:00,2013-07-09 15:00:00,10000.0,70.93750000000179,-745.0000000000178,sell,1.27873,1.28618,1104.000000000016,25,9744.40000000001,2013
2013-07-09 17:00:00,2013-07-10 15:00:00,10000.0,79.42500000000065,-828.0000000000065,buy,1.2854700000000001,1.27719,903.0000000000093,22,9825.20000000001,2013
2013-07-11 13:00:00,2013-07-14 21:00:00,10000.0,-48.899999999998826,448.99999999998823,sell,1.30657,1.3020800000000001,557.0000000000074,32,9778.300000000014,2013
2013-07-14 21:00:00,2013-07-16 16:00:00,10000.0,-86.68749999999986,819.9999999999984,sell,1.31447,1.30627,96.00000000000718,43,9694.300000000016,2013
2013-07-22 01:00:00,2013-07-22 15:00:00,10000.0,-45.97499999999814,430.99999999998136,sell,1.3194,1.31509,236.00000000001396,14,9649.200000000019,2013
2013-07-22 15:00:00,2013-07-24 02:00:00,10000.0,-18.587499999998858,143.99999999998857,sell,1.3203799999999999,1.31894,345.0000000000175,35,9632.800000000021,2013
2013-07-25 09:00:00,2013-07-25 11:00:00,10000.0,14.974999999998783,-170.9999999999878,buy,1.31933,1.31762,215.99999999999395,2,9647.90000000002,2013
2013-07-25 11:00:00,2013-07-25 13:00:00,10000.0,4.974999999999884,-70.99999999999883,buy,1.32227,1.32156,348.99999999999926,2,9653.00000000002,2013
2013-07-28 21:00:00,2013-07-31 13:00:00,10000.0,44.39999999999934,-503.9999999999933,sell,1.32251,1.32755,761.9999999999959,64,9701.40000000002,2013
2013-08-04 21:00:00,2013-08-07 18:00:00,10000.0,-70.81250000000067,645.0000000000066,sell,1.33409,1.32764,8.999999999992347,69,9634.900000000018,2013
2013-08-11 21:00:00,2013-08-12 10:00:00,10000.0,37.38749999999912,-401.99999999999125,sell,1.32921,1.33323,513.0000000000078,13,9673.100000000015,2013
2013-08-12 10:00:00,2013-08-12 18:00:00,10000.0,-17.10000000000017,146.00000000000168,sell,1.33091,1.32945,26.999999999999243,8,9656.500000000015,2013
2013-08-12 18:00:00,2013-08-12 20:00:00,10000.0,1.5749999999998145,-36.999999999998145,sell,1.3304,1.33077,62.00000000000649,2,9658.200000000015,2013
2013-08-12 20:00:00,2013-08-12 22:00:00,10000.0,-4.924999999998359,27.99999999998359,sell,1.33001,1.32973,-5.999999999994897,2,9653.400000000016,2013
2013-08-18 21:00:00,2013-08-20 09:00:00,10000.0,-46.249999999999815,419.9999999999981,sell,1.33735,1.33315,119.00000000000243,36,9609.400000000014,2013
2013-08-26 09:00:00,2013-08-27 09:00:00,10000.0,30.69999999999979,-341.99999999999784,sell,1.33386,1.33728,550.000000000006,24,9641.60000000002,2013
2013-09-01 21:00:00,2013-09-03 15:00:00,10000.0,45.47500000000181,-501.0000000000181,sell,1.31584,1.32085,681.0000000000205,42,9689.700000000024,2013
2013-09-08 21:00:00,2013-09-09 15:00:00,10000.0,-87.72499999999911,845.9999999999911,sell,1.32552,1.3170600000000001,-5.999999999994897,18,9603.100000000024,2013
2013-09-10 13:00:00,2013-09-11 18:00:00,10000.0,46.587500000001555,-504.0000000000155,buy,1.33126,1.32622,698.0000000000208,29,9651.50000000002,2013
2013-09-17 01:00:00,2013-09-18 18:00:00,10000.0,31.93749999999931,-364.99999999999307,buy,1.33693,1.33328,446.9999999999974,41,9686.000000000025,2013
2013-09-22 21:00:00,2013-09-24 13:00:00,10000.0,50.200000000000855,-547.0000000000085,sell,1.3472899999999999,1.35276,711.0000000000172,40,9738.700000000024,2013
2013-09-30 05:00:00,2013-09-30 13:00:00,10000.0,-63.89999999999812,613.9999999999811,sell,1.3551199999999999,1.34898,-3.9999999999817955,8,9675.300000000027,2013
2013-09-30 13:00:00,2013-10-01 07:00:00,10000.0,-59.82499999999842,566.9999999999841,sell,1.35855,1.35288,21.00000000000435,18,9616.60000000003,2013
2013-10-06 21:00:00,2013-10-08 15:00:00,10000.0,-42.325000000000514,377.00000000000506,sell,1.35973,1.35596,92.99999999998752,42,9576.90000000003,2013
2013-10-08 17:00:00,2013-10-09 08:00:00,10000.0,-52.63750000000141,497.00000000001404,buy,1.35252,1.35749,44.999999999983935,15,9525.200000000028,2013
2013-10-13 21:00:00,2013-10-15 10:00:00,10000.0,43.287500000000975,-476.0000000000097,sell,1.35089,1.35565,884.0000000000181,37,9570.800000000025,2013
2013-10-16 17:00:00,2013-10-17 08:00:00,10000.0,78.06249999999996,-809.9999999999995,buy,1.36235,1.35425,1083.999999999996,15,9649.800000000021,2013
2013-10-20 21:00:00,2013-10-22 13:00:00,10000.0,-48.89999999999999,443.9999999999999,sell,1.37248,1.36804,226.00000000001506,40,9603.400000000021,2013
2013-10-22 17:00:00,2013-10-24 14:00:00,10000.0,2.8875000000015945,-77.00000000001594,buy,1.37976,1.37899,565.9999999999998,45,9609.100000000022,2013
2013-10-28 05:00:00,2013-10-29 09:00:00,10000.0,31.050000000001496,-348.00000000001495,sell,1.37648,1.37996,518.0000000000184,28,9641.900000000021,2013
2013-11-03 22:00:00,2013-11-06 15:00:00,10000.0,-59.76249999999875,536.9999999999875,sell,1.35415,1.34878,55.00000000000504,65,9586.200000000024,2013
2013-11-10 22:00:00,2013-11-12 14:00:00,10000.0,-88.60000000000028,841.0000000000028,sell,1.34383,1.33542,27.99999999998359,40,9500.100000000024,2013
2013-11-25 05:00:00,2013-11-25 15:00:00,10000.0,31.774999999998876,-343.99999999998875,sell,1.35047,1.35391,400.99999999998465,10,9532.500000000024,2013
2013-11-27 17:00:00,2013-11-28 14:00:00,10000.0,17.687499999999908,-209.99999999999906,buy,1.35926,1.35716,292.99999999998766,21,9551.500000000022,2013
2013-12-02 05:00:00,2013-12-02 10:00:00,10000.0,45.287500000000975,-476.0000000000097,sell,1.35537,1.36013,617.0000000000008,5,9597.100000000022,2013
2013-12-02 10:00:00,2013-12-03 16:00:00,10000.0,-50.77500000000083,469.00000000000824,sell,1.35888,1.35419,58.999999999986834,30,9548.200000000023,2013
2013-12-08 22:00:00,2013-12-10 03:00:00,10000.0,-54.81249999999882,509.9999999999882,sell,1.37615,1.37105,53.99999999999849,29,9495.200000000023,2013
2013-12-15 22:00:00,2013-12-16 11:00:00,10000.0,-43.81249999999993,409.9999999999992,sell,1.3776599999999999,1.37356,71.00000000002105,13,9452.200000000023,2013
2013-12-16 11:00:00,2013-12-17 15:00:00,10000.0,41.54999999999923,-452.99999999999227,sell,1.37379,1.37832,602.999999999998,28,9495.500000000022,2013
2013-12-22 22:00:00,2013-12-27 03:00:00,10000.0,-61.025000000001114,544.0000000000111,sell,1.37253,1.36709,-15.000000000009448,74,9439.100000000026,2013
2013-12-30 01:00:00,2013-12-30 16:00:00,10000.0,-74.13750000000016,712.0000000000015,sell,1.38146,1.37434,2.0000000000131024,15,9365.900000000027,2013
2013-12-30 16:00:00,2013-12-31 18:00:00,10000.0,20.974999999999067,-245.99999999999065,sell,1.37877,1.38123,285.0000000000019,26,9388.50000000003,2013
2014-01-02 13:00:00,2014-01-03 14:00:00,10000.0,-21.762499999999328,181.99999999999326,buy,1.36349,1.36531,138.0000000000159,25,9979.8,2014
2014-01-12 22:00:00,2014-01-15 13:00:00,10000.0,45.662500000000534,-516.0000000000053,sell,1.36124,1.3664,863.9999999999981,63,10029.399999999996,2014
2014-01-21 05:00:00,2014-01-21 13:00:00,10000.0,-23.099999999999508,205.99999999999505,buy,1.35287,1.35493,130.9999999999922,8,10006.799999999994,2014
2014-01-21 13:00:00,2014-01-23 08:00:00,10000.0,40.112500000000395,-448.0000000000039,buy,1.35866,1.35418,585.9999999999976,43,10049.599999999991,2014
2014-01-26 22:00:00,2014-01-28 02:00:00,10000.0,2.7500000000003944,-65.00000000000394,sell,1.36714,1.36779,448.0000000000039,28,10054.09999999999,2014
2014-01-29 05:00:00,2014-01-29 14:00:00,10000.0,-27.2624999999975,246.999999999975,buy,1.3638000000000001,1.3662699999999999,353.0000000000033,9,10027.399999999992,2014
2014-02-09 22:00:00,2014-02-11 01:00:00,10000.0,-58.487499999999294,547.9999999999928,sell,1.36729,1.36181,47.00000000001924,27,9970.599999999993,2014
2014-02-24 05:00:00,2014-02-24 10:00:00,10000.0,-30.01249999999939,276.9999999999939,sell,1.37629,1.37352,73.99999999999629,5,9940.899999999992,2014
2014-03-05 01:00:00,2014-03-06 14:00:00,10000.0,69.88750000000203,-742.0000000000203,buy,1.3812200000000001,1.3738,1054.0000000000216,37,10013.099999999991,2014
2014-03-23 21:00:00,2014-03-24 18:00:00,10000.0,-80.21249999999975,768.9999999999974,sell,1.38752,1.3798300000000001,-1.0000000000065512,21,9934.199999999995,2014
2014-04-08 09:00:00,2014-04-08 13:00:00,10000.0,21.649999999998922,-238.9999999999892,buy,1.37936,1.37697,317.999999999996,4,9956.099999999995,2014
2014-04-08 13:00:00,2014-04-09 19:00:00,10000.0,47.82500000000119,-517.0000000000118,buy,1.38508,1.37991,714.9999999999989,30,10005.8,2014
2014-04-13 21:00:00,2014-04-14 13:00:00,10000.0,36.199999999999235,-391.9999999999923,sell,1.38178,1.3857,446.9999999999974,16,10043.0,2014
2014-04-14 13:00:00,2014-04-20 21:00:00,10000.0,7.399999999999803,-158.999999999998,sell,1.38059,1.38218,581.0000000000092,104,10056.89999999999,2014
2014-04-28 09:00:00,2014-04-29 13:00:00,10000.0,31.650000000000986,-354.00000000000983,sell,1.38293,1.38647,493.99999999999443,28,10090.299999999994,2014
2014-05-04 21:00:00,2014-05-06 08:00:00,10000.0,-57.28750000000148,531.0000000000148,sell,1.39233,1.38702,78.00000000000028,35,10035.19999999999,2014
2014-05-18 21:00:00,2014-05-19 15:00:00,10000.0,-27.824999999999722,246.99999999999721,sell,1.37197,1.3695,141.00000000001333,18,10008.499999999993,2014
2014-05-27 13:00:00,2014-05-28 12:00:00,10000.0,-33.03750000000073,296.00000000000733,buy,1.36086,1.36382,45.00000000000614,23,9976.899999999994,2014
2014-06-01 21:00:00,2014-06-02 09:00:00,10000.0,29.349999999999355,-320.99999999999346,sell,1.35976,1.36297,380.0000000000025,12,10006.99999999999,2014
2014-06-04 09:00:00,2014-06-05 12:00:00,10000.0,-52.3874999999993,486.99999999999295,buy,1.35664,1.36151,100.00000000001118,27,9956.29999999999,2014
2014-06-16 13:00:00,2014-06-19 07:00:00,10000.0,-73.02500000000084,669.0000000000084,sell,1.36253,1.35584,19.999999999997797,66,9887.399999999994,2014
2014-06-19 21:00:00,2014-06-20 10:00:00,10000.0,-10.012499999998319,71.99999999998319,buy,1.36003,1.36075,-11.999999999989795,13,9878.199999999992,2014
2014-06-29 21:00:00,2014-06-30 15:00:00,10000.0,-52.32500000000036,492.0000000000035,sell,1.36925,1.36433,-9.999999999998899,18,9826.999999999989,2014
2014-06-30 15:00:00,2014-07-01 02:00:00,10000.0,-7.88750000000076,52.00000000000759,sell,1.36927,1.36875,22.000000000010896,11,9819.79999999999,2014
2014-07-29 17:00:00,2014-07-30 13:00:00,10000.0,-40.14999999999971,368.9999999999971,buy,1.3374,1.34109,43.99999999999959,20,9780.899999999992,2014
2014-07-30 13:00:00,2014-08-01 13:00:00,10000.0,31.199999999999562,-361.9999999999956,buy,1.34134,1.33772,469.00000000000824,48,9815.099999999997,2014
2014-08-03 21:00:00,2014-08-05 09:00:00,10000.0,26.850000000001682,-311.00000000001677,sell,1.33937,1.3424800000000001,370.00000000000364,36,9844.200000000006,2014
2014-08-05 09:00:00,2014-08-05 15:00:00,10000.0,-28.575000000000667,262.00000000000665,buy,1.33666,1.33928,89.00000000000573,6,9816.000000000005,2014
2014-08-05 15:00:00,2014-08-06 11:00:00,10000.0,-30.849999999998737,275.9999999999873,buy,1.33393,1.33669,67.00000000001704,20,9786.400000000009,2014
2014-08-12 05:00:00,2014-08-12 10:00:00,10000.0,-33.81249999999986,314.9999999999986,buy,1.334,1.33715,9.999999999998899,5,9752.900000000009,2014
2014-08-12 10:00:00,2014-08-12 18:00:00,10000.0,21.700000000000887,-242.00000000000887,buy,1.33654,1.33412,262.00000000000665,8,9775.10000000001,2014
2014-09-01 09:00:00,2014-09-04 12:00:00,10000.0,80.7124999999997,-873.9999999999969,sell,1.30488,1.31362,1106.9999999999911,75,9860.50000000001,2014
2014-09-04 12:00:00,2014-09-04 15:00:00,10000.0,-63.98749999999852,617.9999999999852,buy,1.2963500000000001,1.30253,86.00000000000828,3,9796.70000000001,2014
2014-09-04 15:00:00,2014-09-05 10:00:00,10000.0,22.212499999999867,-253.99999999999866,buy,1.29527,1.29273,312.9999999999855,19,9820.10000000001,2014
2014-09-07 21:00:00,2014-09-08 18:00:00,10000.0,40.18750000000076,-435.00000000000756,sell,1.29086,1.29521,499.00000000000495,21,9861.600000000006,2014
2014-09-11 17:00:00,2014-09-12 17:00:00,10000.0,-54.49999999999882,509.9999999999882,sell,1.2974999999999999,1.2924,35.00000000000725,24,9808.600000000002,2014
2014-09-24 09:00:00,2014-09-24 14:00:00,10000.0,-68.61249999999913,662.9999999999914,buy,1.2784200000000001,1.28505,1.0000000000065512,5,9740.300000000003,2014
2014-09-24 14:00:00,2014-09-25 07:00:00,10000.0,-67.46249999999779,643.9999999999778,buy,1.2734400000000001,1.27988,45.00000000000614,17,9673.900000000007,2014
2014-09-28 21:00:00,2014-09-30 10:00:00,10000.0,75.38750000000033,-797.0000000000032,sell,1.25991,1.2678800000000001,1152.9999999999818,37,9751.600000000008,2014
2014-10-02 17:00:00,2014-10-03 13:00:00,10000.0,130.94999999999987,-1341.9999999999986,sell,1.25411,1.26753,1571.9999999999955,20,9883.800000000008,2014
2014-10-05 21:00:00,2014-10-06 11:00:00,10000.0,-47.774999999998826,448.99999999998823,sell,1.25535,1.25086,46.00000000001269,14,9836.900000000012,2014
2014-10-07 13:00:00,2014-10-08 19:00:00,10000.0,82.5249999999998,-863.9999999999981,buy,1.27288,1.26424,1147.000000000009,30,9921.30000000001,2014
2014-10-14 09:00:00,2014-10-15 13:00:00,10000.0,88.55000000000072,-923.000000000007,buy,1.27411,1.26488,1170.0000000000043,28,10011.600000000013,2014
2014-10-19 21:00:00,2014-10-21 05:00:00,10000.0,-75.89999999999807,718.9999999999807,sell,1.28242,1.27523,-0.9999999999843466,32,9937.700000000015,2014
2014-10-23 17:00:00,2014-10-26 21:00:00,10000.0,-28.249999999998412,244.9999999999841,sell,1.26697,1.26452,255.0000000000052,28,9911.200000000017,2014
2014-10-26 21:00:00,2014-10-27 15:00:00,10000.0,-41.425,383.0,sell,1.27097,1.26714,133.00000000000531,18,9870.900000000018,2014
2014-10-27 15:00:00,2014-10-28 14:00:00,10000.0,-36.53749999999924,330.9999999999924,sell,1.2742499999999999,1.27094,218.00000000000705,23,9835.800000000017,2014
2014-10-29 05:00:00,2014-10-29 19:00:00,10000.0,-99.8749999999982,969.9999999999819,buy,1.26432,1.27402,112.00000000000098,14,9736.800000000017,2014
2014-10-29 19:00:00,2014-10-30 09:00:00,10000.0,-71.57499999999932,686.9999999999931,buy,1.25711,1.2639799999999999,151.99999999999656,14,9666.10000000002,2014
2014-10-30 17:00:00,2014-10-31 13:00:00,10000.0,79.64999999999908,-828.9999999999908,sell,1.25238,1.26067,927.9999999999955,20,9747.000000000018,2014
2014-11-17 21:00:00,2014-11-18 10:00:00,10000.0,57.4874999999998,-602.999999999998,buy,1.25099,1.24496,676.0000000000099,13,9805.300000000017,2014
2014-11-24 01:00:00,2014-11-24 17:00:00,10000.0,-47.69999999999974,446.9999999999974,sell,1.24281,1.23834,158.999999999998,16,9758.600000000022,2014
2014-11-25 05:00:00,2014-11-25 16:00:00,10000.0,51.512499999999804,-541.999999999998,buy,1.24824,1.24282,849.9999999999951,11,9810.800000000023,2014
2014-11-30 22:00:00,2014-12-01 15:00:00,10000.0,-59.86249999999907,567.9999999999907,sell,1.25006,1.24438,53.99999999999849,17,9752.000000000024,2014
2014-12-07 22:00:00,2014-12-09 08:00:00,10000.0,-69.42500000000146,653.0000000000147,sell,1.23486,1.22833,-11.000000000005448,34,9684.700000000028,2014
2014-12-09 13:00:00,2014-12-11 00:00:00,10000.0,80.51249999999978,-846.9999999999977,buy,1.24773,1.23926,1160.9999999999898,35,9767.400000000025,2014
2014-12-15 09:00:00,2014-12-15 11:00:00,10000.0,-7.424999999999194,52.999999999991935,buy,1.24164,1.24217,9.999999999998899,2,9760.100000000026,2014
2014-12-15 11:00:00,2014-12-15 13:00:00,10000.0,-6.924999999998139,47.999999999981384,buy,1.2423600000000001,1.24284,-17.999999999984695,2,9753.300000000028,2014
2014-12-21 22:00:00,2014-12-22 10:00:00,10000.0,-47.250000000000654,445.0000000000065,sell,1.22639,1.22194,80.99999999999774,12,9706.800000000028,2014
2014-12-22 10:00:00,2014-12-22 20:00:00,10000.0,34.07500000000062,-367.0000000000062,sell,1.22213,1.2258,486.0000000000086,10,9741.500000000027,2014
2014-12-29 05:00:00,2014-12-29 19:00:00,10000.0,30.62500000000186,-335.0000000000186,sell,1.21579,1.2191400000000001,623.000000000018,14,9773.000000000031,2014
2015-01-05 09:00:00,2015-01-06 12:00:00,10000.0,55.41250000000082,-591.0000000000082,sell,1.18927,1.1951800000000001,754.9999999999945,27,10057.100000000002,2015
2015-01-06 12:00:00,2015-01-07 12:00:00,10000.0,79.49999999999974,-829.9999999999974,sell,1.18218,1.19048,1357.0000000000082,24,10138.099999999999,2015
2015-01-11 22:00:00,2015-01-12 11:00:00,10000.0,64.98750000000008,-678.0000000000008,sell,1.17965,1.18643,737.9999999999942,13,10203.899999999998,2015
2015-01-12 11:00:00,2015-01-13 04:00:00,10000.0,-53.66250000000065,506.0000000000064,sell,1.18472,1.17966,117.99999999999588,17,10151.299999999997,2015
2015-01-18 22:00:00,2015-01-21 15:00:00,10000.0,-88.06249999999986,819.9999999999984,sell,1.16409,1.15589,381.9999999999934,65,10067.299999999996,2015
2015-01-25 22:00:00,2015-01-26 16:00:00,10000.0,-119.22499999999899,1160.9999999999898,sell,1.1257,1.11409,275.000000000003,18,9949.199999999997,2015
2015-01-28 05:00:00,2015-01-28 22:00:00,10000.0,62.53750000000122,-656.000000000012,sell,1.1287099999999999,1.13527,944.0000000000114,17,10012.799999999996,2015
2015-01-29 09:00:00,2015-01-30 21:00:00,10000.0,9.650000000002244,-139.00000000002242,sell,1.1299,1.1312900000000001,680.0000000000139,36,10024.699999999997,2015
2015-02-01 22:00:00,2015-02-03 14:00:00,10000.0,-139.8000000000004,1353.000000000004,sell,1.14442,1.13089,48.00000000000359,40,9887.399999999994,2015
2015-02-04 09:00:00,2015-02-04 22:00:00,10000.0,-109.31249999999827,1064.9999999999825,buy,1.1340000000000001,1.14465,257.0000000000183,13,9778.899999999992,2015
2015-02-04 22:00:00,2015-02-05 11:00:00,10000.0,91.8875000000009,-947.0000000000089,buy,1.14304,1.13357,1272.0000000000064,13,9871.599999999991,2015
2015-02-05 11:00:00,2015-02-06 10:00:00,10000.0,21.962499999999867,-253.99999999999866,buy,1.14516,1.14262,618.9999999999917,23,9894.999999999989,2015
2015-02-09 05:00:00,2015-02-09 13:00:00,10000.0,58.2000000000002,-607.0000000000019,sell,1.1274,1.13347,845.0000000000068,8,9953.699999999988,2015
2015-02-10 01:00:00,2015-02-10 12:00:00,10000.0,-56.4874999999994,537.999999999994,buy,1.1276,1.1329799999999999,35.999999999991594,11,9897.899999999989,2015
2015-02-10 12:00:00,2015-02-12 15:00:00,10000.0,85.91250000000173,-911.0000000000173,buy,1.1381000000000001,1.12899,1019.0000000000142,51,9986.999999999984,2015
2015-02-15 22:00:00,2015-02-16 19:00:00,10000.0,59.48750000000064,-628.0000000000063,sell,1.13327,1.13955,957.0000000000077,21,10047.799999999987,2015
2015-02-22 22:00:00,2015-02-25 10:00:00,10000.0,2.2500000000013394,-80.00000000001339,sell,1.13693,1.1377300000000001,234.00000000000085,60,10053.79999999999,2015
2015-03-01 22:00:00,2015-03-04 15:00:00,10000.0,78.53750000000134,-846.0000000000133,sell,1.10936,1.11782,1461.0000000000011,65,10136.399999999987,2015
2015-03-05 13:00:00,2015-03-06 02:00:00,10000.0,0.08750000000123492,-29.000000000012346,sell,1.1028,1.1030900000000001,232.00000000000995,13,10137.299999999988,2015
2015-03-08 21:00:00,2015-03-09 11:00:00,10000.0,-56.17499999999835,532.9999999999834,sell,1.08811,1.08278,247.0000000000194,14,10081.99999999999,2015
2015-03-12 09:00:00,2015-03-12 11:00:00,10000.0,-25.525000000000087,234.00000000000085,sell,1.06205,1.05971,-7.000000000001449,2,10056.599999999991,2015
2015-03-12 11:00:00,2015-03-12 13:00:00,10000.0,-7.924999999998029,57.99999999998028,sell,1.0642099999999999,1.06363,410.00000000002143,2,10048.799999999994,2015
2015-03-12 13:00:00,2015-03-12 18:00:00,10000.0,-1.5124999999992,-8.000000000008,sell,1.06107,1.06115,350.00000000000585,5,10047.599999999995,2015
2015-03-12 18:00:00,2015-03-12 20:00:00,10000.0,-21.925000000000928,198.00000000000927,sell,1.06193,1.05995,18.0000000000069,2,10025.799999999994,2015
2015-03-15 21:00:00,2015-03-16 14:00:00,10000.0,-118.06249999999844,1149.9999999999843,sell,1.05984,1.04834,127.00000000001043,17,9908.799999999994,2015
2015-03-25 05:00:00,2015-03-25 12:00:00,10000.0,-69.83749999999968,673.9999999999968,sell,1.09909,1.09235,24.000000000001794,7,9839.399999999994,2015
2015-03-25 12:00:00,2015-03-26 06:00:00,10000.0,8.975000000001554,-121.00000000001553,sell,1.0981699999999999,1.09938,222.00000000001106,18,9849.499999999993,2015
2015-03-26 06:00:00,2015-03-26 08:00:00,10000.0,-35.82499999999873,336.99999999998727,sell,1.1014,1.09803,11.000000000005448,2,9813.799999999994,2015
2015-03-26 08:00:00,2015-03-26 10:00:00,10000.0,-10.524999999999519,83.99999999999518,sell,1.10376,1.1029200000000001,49.999999999994486,2,9803.399999999994,2015
2015-03-26 10:00:00,2015-03-26 12:00:00,10000.0,8.975000000001664,-111.00000000001663,sell,1.0995,1.10061,154.00000000000966,2,9812.499999999996,2015
2015-03-30 05:00:00,2015-03-31 04:00:00,10000.0,64.46250000000074,-679.0000000000073,sell,1.0802,1.0869900000000001,790.9999999999861,23,9878.399999999996,2015
2015-04-01 09:00:00,2015-04-01 11:00:00,10000.0,13.674999999999148,-157.99999999999147,buy,1.07548,1.0739,191.99999999999216,2,9892.199999999995,2015
2015-04-01 11:00:00,2015-04-01 13:00:00,10000.0,23.775000000000922,-259.0000000000092,buy,1.07753,1.07494,289.0000000000059,2,9916.099999999997,2015
2015-04-01 13:00:00,2015-04-01 15:00:00,10000.0,9.874999999998678,-119.99999999998677,buy,1.07561,1.07441,303.9999999999931,2,9926.099999999995,2015
2015-04-01 15:00:00,2015-04-01 17:00:00,10000.0,6.774999999998354,-88.99999999998353,buy,1.07774,1.07685,177.99999999998926,2,9932.999999999993,2015
2015-04-06 09:00:00,2015-04-06 14:00:00,10000.0,-53.81249999999988,514.9999999999987,sell,1.10287,1.09772,41.000000000002146,5,9879.499999999993,2015
2015-04-06 14:00:00,2015-04-06 19:00:00,10000.0,51.187500000001876,-535.0000000000188,sell,1.0977,1.10305,580.0000000000027,5,9930.999999999996,2015
2015-04-09 17:00:00,2015-04-12 21:00:00,10000.0,44.25000000000138,-480.0000000000137,sell,1.05958,1.06438,869.999999999993,28,9976.999999999996,2015
2015-04-12 21:00:00,2015-04-13 11:00:00,10000.0,63.52499999999979,-663.9999999999978,sell,1.0528,1.05944,903.9999999999936,14,10041.399999999996,2015
2015-04-13 17:00:00,2015-04-14 14:00:00,10000.0,107.6875000000011,-1110.000000000011,buy,1.06759,1.05649,1456.999999999997,21,10150.399999999989,2015
2015-04-20 09:00:00,2015-04-21 08:00:00,10000.0,79.66250000000039,-831.0000000000039,sell,1.06656,1.07487,1022.999999999996,23,10231.499999999987,2015
2015-04-26 21:00:00,2015-04-28 12:00:00,10000.0,-86.33750000000141,819.0000000000141,sell,1.09447,1.08628,44.999999999983935,39,10147.599999999988,2015
2015-04-29 13:00:00,2015-04-29 16:00:00,10000.0,89.51250000000122,-917.0000000000122,buy,1.117,1.1078299999999999,1041.000000000003,3,10237.299999999988,2015
2015-04-29 16:00:00,2015-04-30 19:00:00,10000.0,106.21250000000055,-1099.0000000000055,buy,1.12551,1.11452,1848.000000000005,27,10345.199999999988,2015
2015-04-30 19:00:00,2015-05-03 21:00:00,10000.0,27.774999999999206,-313.99999999999204,sell,1.11952,1.12266,941.9999999999983,26,10374.599999999986,2015
2015-05-03 21:00:00,2015-05-05 07:00:00,10000.0,94.17500000000005,-983.0000000000005,sell,1.10918,1.11901,1319.0000000000034,34,10470.899999999987,2015
2015-05-06 13:00:00,2015-05-07 10:00:00,10000.0,-49.812500000000426,465.00000000000426,sell,1.13784,1.13319,127.99999999999477,21,10422.399999999985,2015
2015-05-07 10:00:00,2015-05-07 12:00:00,10000.0,41.074999999998795,-431.9999999999879,sell,1.12986,1.13418,457.9999999999806,2,10463.599999999984,2015
2015-05-07 12:00:00,2015-05-08 07:00:00,10000.0,94.0124999999995,-971.999999999995,sell,1.11954,1.12926,1133.0000000000061,19,10558.799999999985,2015
2015-05-10 21:00:00,2015-05-13 13:00:00,10000.0,-117.79999999999745,1117.9999999999745,sell,1.1308099999999999,1.1196300000000001,151.00000000001222,64,10444.99999999998,2015
2015-05-13 21:00:00,2015-05-14 07:00:00,10000.0,-67.72499999999793,650.9999999999793,sell,1.1412499999999999,1.13474,89.00000000000573,10,10377.899999999981,2015
2015-05-14 17:00:00,2015-05-17 21:00:00,10000.0,-73.14999999999947,693.9999999999945,sell,1.14459,1.13765,198.9999999999936,28,10306.499999999982,2015
2015-05-17 21:00:00,2015-05-18 14:00:00,10000.0,97.43749999999892,-1004.9999999999892,sell,1.13392,1.14397,1070.9999999999995,17,10404.999999999982,2015
2015-05-18 14:00:00,2015-05-19 08:00:00,10000.0,174.57500000000064,-1777.0000000000061,sell,1.1184,1.1361700000000001,1851.0000000000025,18,10580.69999999998,2015
2015-05-19 08:00:00,2015-05-20 07:00:00,10000.0,103.06250000000048,-1065.0000000000048,sell,1.10848,1.11913,1314.000000000015,23,10685.19999999998,2015
2015-05-20 07:00:00,2015-05-21 11:00:00,10000.0,-69.94999999999848,661.9999999999848,sell,1.11651,1.10989,155.00000000001623,28,10616.999999999984,2015
2015-05-21 13:00:00,2015-05-22 06:00:00,10000.0,-41.062500000000256,380.0000000000025,sell,1.1147,1.1109,49.999999999994486,17,10576.999999999984,2015
2015-05-24 21:00:00,2015-05-26 07:00:00,10000.0,78.97499999999818,-830.9999999999817,sell,1.08912,1.09743,1174.9999999999927,34,10658.099999999982,2015
2015-05-27 17:00:00,2015-05-29 13:00:00,10000.0,-75.34999999999845,705.9999999999843,sell,1.09686,1.0898,283.99999999999534,44,10585.499999999985,2015
2015-06-01 17:00:00,2015-06-02 11:00:00,10000.0,91.27500000000114,-944.0000000000114,buy,1.10182,1.09238,1056.0000000000125,18,10677.899999999985,2015
2015-06-09 09:00:00,2015-06-10 06:00:00,10000.0,-46.01249999999996,426.99999999999955,sell,1.13096,1.12669,116.00000000000497,21,10633.199999999986,2015
2015-06-10 06:00:00,2015-06-10 08:00:00,10000.0,-65.22500000000038,631.0000000000038,sell,1.13616,1.12985,116.00000000000497,2,10568.099999999986,2015
2015-06-10 08:00:00,2015-06-10 10:00:00,10000.0,11.975000000001334,-141.00000000001333,sell,1.13015,1.1315600000000001,337.99999999999386,2,10580.199999999986,2015
2015-06-10 10:00:00,2015-06-10 12:00:00,10000.0,2.9750000000001044,-51.00000000000104,sell,1.12869,1.1292,173.0000000000009,2,10583.299999999987,2015
2015-06-10 12:00:00,2015-06-10 14:00:00,10000.0,-18.224999999998893,160.99999999998892,sell,1.13204,1.13043,260.00000000001575,2,10565.199999999988,2015
2015-06-14 21:00:00,2015-06-16 07:00:00,10000.0,-107.4249999999995,1032.999999999995,sell,1.1316599999999999,1.12133,13.00000000001855,34,10459.899999999989,2015
2015-06-18 21:00:00,2015-06-21 21:00:00,10000.0,12.900000000000858,-164.00000000000858,sell,1.13489,1.13653,448.0000000000039,24,10474.299999999992,2015
2015-06-21 21:00:00,2015-06-23 03:00:00,10000.0,99.72500000000147,-1036.0000000000146,sell,1.12615,1.1365100000000001,1480.9999999999989,30,10575.899999999992,2015
2015-06-24 17:00:00,2015-06-24 19:00:00,10000.0,-3.3249999999989797,11.999999999989795,sell,1.1207799999999999,1.12066,54.00000000002069,2,10572.699999999993,2015
2015-06-24 19:00:00,2015-06-24 21:00:00,10000.0,-13.724999999998278,115.99999999998278,sell,1.12051,1.11935,43.99999999999959,2,10559.099999999995,2015
2015-06-24 21:00:00,2015-06-25 06:00:00,10000.0,-4.862499999999525,22.999999999995243,sell,1.1202,1.1199700000000001,173.0000000000009,9,10554.799999999994,2015
2015-06-25 17:00:00,2015-06-25 19:00:00,10000.0,-5.625000000000725,35.00000000000725,sell,1.12037,1.12002,3.9999999999817955,2,10549.299999999992,2015
2015-06-28 21:00:00,2015-06-29 07:00:00,10000.0,-112.72499999999964,1100.9999999999964,sell,1.10941,1.0984,158.999999999998,10,10437.19999999999,2015
2015-06-29 21:00:00,2015-07-01 08:00:00,10000.0,109.21250000000128,-1134.0000000000127,sell,1.11137,1.12271,1295.0000000000016,35,10548.59999999999,2015
2015-07-01 17:00:00,2015-07-05 21:00:00,10000.0,56.05000000000191,-613.000000000019,sell,1.09943,1.10556,1258.0000000000034,52,10607.899999999989,2015
2015-07-05 21:00:00,2015-07-06 06:00:00,10000.0,-94.06249999999991,914.9999999999991,sell,1.1069,1.09775,181.00000000000892,9,10514.399999999989,2015
2015-07-06 06:00:00,2015-07-07 13:00:00,10000.0,118.96250000000134,-1229.0000000000134,sell,1.09299,1.10528,1646.000000000014,31,10635.29999999999,2015
2015-07-07 13:00:00,2015-07-08 08:00:00,10000.0,91.01249999999985,-941.9999999999983,buy,1.10446,1.09504,1185.9999999999982,19,10727.49999999999,2015
2015-07-09 17:00:00,2015-07-09 19:00:00,10000.0,8.274999999999299,-103.99999999999298,buy,1.10113,1.10009,141.99999999999767,2,10735.899999999989,2015
2015-07-09 19:00:00,2015-07-09 21:00:00,10000.0,4.67500000000236,-68.00000000002359,buy,1.1032600000000001,1.10258,117.00000000001153,2,10740.699999999992,2015
2015-07-12 21:00:00,2015-07-13 15:00:00,10000.0,120.17499999999953,-1232.999999999995,sell,1.10097,1.1133,1863.9999999999989,18,10861.99999999999,2015
2015-07-13 15:00:00,2015-07-16 08:00:00,10000.0,110.43749999999937,-1164.9999999999936,sell,1.09002,1.10167,1770.0000000000048,65,10976.499999999984,2015
2015-07-16 17:00:00,2015-07-19 21:00:00,10000.0,47.049999999999734,-507.9999999999973,sell,1.08298,1.08806,764.9999999999934,28,11025.299999999985,2015
2015-07-19 21:00:00,2015-07-21 12:00:00,10000.0,-48.0374999999992,435.9999999999919,sell,1.0874,1.08304,43.99999999999959,39,10979.699999999984,2015
2015-07-27 05:00:00,2015-07-27 08:00:00,10000.0,-87.18749999999952,849.9999999999951,sell,1.10874,1.10024,14.000000000002897,3,10892.699999999984,2015
2015-07-27 08:00:00,2015-07-28 18:00:00,10000.0,14.675000000001038,-188.00000000001037,sell,1.10563,1.10751,716.0000000000055,34,10909.499999999985,2015
2015-08-02 21:00:00,2015-08-04 21:00:00,10000.0,87.6999999999989,-926.9999999999889,sell,1.08817,1.09744,1135.9999999999814,48,11000.199999999988,2015
2015-08-06 17:00:00,2015-08-07 13:00:00,10000.0,62.550000000000296,-658.000000000003,sell,1.08603,1.09261,1105.0000000000002,20,11063.999999999989,2015
2015-08-09 21:00:00,2015-08-10 17:00:00,10000.0,-69.34999999999783,660.9999999999782,sell,1.10258,1.09597,87.00000000001484,20,10995.899999999992,2015
2015-08-11 09:00:00,2015-08-12 08:00:00,10000.0,86.5625000000012,-900.0000000000118,buy,1.11145,1.10245,1046.999999999998,23,11083.899999999994,2015
2015-08-12 08:00:00,2015-08-14 10:00:00,10000.0,10.574999999998493,-156.9999999999849,buy,1.11472,1.11315,676.9999999999942,50,11097.599999999995,2015
2015-08-16 21:00:00,2015-08-18 13:00:00,10000.0,72.80000000000237,-773.0000000000236,sell,1.1032899999999999,1.1110200000000001,914.0000000000148,40,11172.900000000003,2015
2015-08-18 13:00:00,2015-08-19 18:00:00,10000.0,69.78750000000034,-736.0000000000033,buy,1.11164,1.10428,1000.0000000000008,29,11244.500000000002,2015
2015-08-23 21:00:00,2015-08-24 02:00:00,10000.0,-58.712500000000894,564.0000000000089,sell,1.14277,1.13713,221.99999999998886,5,11186.1,2015
2015-08-24 02:00:00,2015-08-24 13:00:00,10000.0,-83.28749999999957,805.9999999999956,sell,1.15498,1.14692,203.0000000000198,11,11103.500000000002,2015
2015-08-24 13:00:00,2015-08-25 11:00:00,10000.0,165.92500000000112,-1693.000000000011,sell,1.14966,1.16659,1728.0000000000182,22,11270.800000000001,2015
2015-08-26 21:00:00,2015-08-28 16:00:00,10000.0,134.91249999999974,-1395.999999999997,sell,1.11724,1.1312,1909.9999999999893,43,11408.4,2015
2015-08-30 21:00:00,2015-08-31 05:00:00,10000.0,-81.39999999999952,788.9999999999952,sell,1.12528,1.11739,83.99999999999518,8,11327.5,2015
2015-08-31 05:00:00,2015-09-01 08:00:00,10000.0,-76.98749999999836,732.9999999999836,sell,1.13204,1.12471,112.00000000000098,27,11252.200000000003,2015
2015-09-01 08:00:00,2015-09-03 13:00:00,10000.0,147.38750000000118,-1527.0000000000116,sell,1.11202,1.1272900000000001,1984.9999999999923,53,11402.900000000005,2015
2015-09-03 13:00:00,2015-09-06 21:00:00,10000.0,-18.999999999998348,149.99999999998346,sell,1.11435,1.1128500000000001,409.0000000000149,32,11385.900000000005,2015
2015-09-08 05:00:00,2015-09-08 07:00:00,10000.0,-10.625000000000174,85.00000000000173,buy,1.11972,1.12057,29.000000000012346,2,11375.400000000005,2015
2015-09-08 07:00:00,2015-09-08 09:00:00,10000.0,-2.0250000000015653,-0.9999999999843466,buy,1.11804,1.11803,80.99999999999774,2,11373.500000000004,2015
2015-09-08 09:00:00,2015-09-08 11:00:00,10000.0,-10.32500000000043,82.00000000000429,buy,1.11534,1.11616,15.000000000009448,2,11363.300000000003,2015
2015-09-08 11:00:00,2015-09-08 13:00:00,10000.0,6.574999999999264,-86.99999999999262,buy,1.11709,1.11622,143.99999999998857,2,11370.000000000002,2015
2015-09-08 13:00:00,2015-09-08 15:00:00,10000.0,-1.024999999999455,-11.000000000005448,buy,1.11789,1.11778,39.999999999995595,2,11369.100000000002,2015
2015-09-13 21:00:00,2015-09-15 15:00:00,10000.0,54.874999999999,-594.9999999999899,sell,1.12751,1.13346,973.0000000000016,42,11426.600000000004,2015
2015-09-16 05:00:00,2015-09-16 10:00:00,10000.0,-53.81249999999988,514.9999999999987,buy,1.12306,1.12821,38.99999999998904,5,11373.100000000002,2015
2015-09-16 10:00:00,2015-09-16 14:00:00,10000.0,50.35000000000042,-526.0000000000042,buy,1.12774,1.12248,641.9999999999869,4,11423.700000000003,2015
2015-09-16 14:00:00,2015-09-17 19:00:00,10000.0,92.68750000000159,-965.0000000000158,buy,1.13915,1.1295,1175.0000000000148,29,11518.200000000003,2015
2015-09-21 09:00:00,2015-09-21 15:00:00,10000.0,84.92499999999905,-872.9999999999903,sell,1.11948,1.12821,933.000000000006,6,11603.500000000002,2015
2015-09-21 15:00:00,2015-09-22 17:00:00,10000.0,72.07500000000077,-757.0000000000076,sell,1.11256,1.12013,906.0000000000067,26,11677.200000000004,2015
2015-09-22 17:00:00,2015-09-23 18:00:00,10000.0,63.43749999999929,-669.9999999999927,buy,1.11927,1.11257,880.9999999999984,25,11742.200000000004,2015
2015-09-23 21:00:00,2015-09-24 14:00:00,10000.0,-84.7625000000001,817.000000000001,sell,1.12664,1.11847,75.99999999998718,17,11658.500000000005,2015
2015-09-24 14:00:00,2015-09-24 22:00:00,10000.0,111.70000000000208,-1142.0000000000207,sell,1.1175599999999999,1.12898,1173.0000000000018,8,11770.70000000001,2015
2015-09-27 21:00:00,2015-09-29 05:00:00,10000.0,-79.7999999999992,757.9999999999919,sell,1.12635,1.11877,9.000000000014552,32,11692.900000000007,2015
2015-09-29 05:00:00,2015-09-29 13:00:00,10000.0,52.80000000000035,-553.0000000000034,sell,1.12064,1.1261700000000001,742.9999999999825,8,11746.200000000006,2015
2015-10-05 01:00:00,2015-10-08 19:00:00,10000.0,-41.424999999999386,337.99999999999386,sell,1.12753,1.12415,507.00000000001296,90,11710.40000000001,2015
2015-10-08 19:00:00,2015-10-08 21:00:00,10000.0,-3.424999999999635,12.999999999996346,buy,1.12743,1.12756,41.000000000002146,2,11707.100000000011,2015
2015-10-08 21:00:00,2015-10-08 23:00:00,10000.0,1.0749999999987594,-31.99999999998759,buy,1.12862,1.1283,85.00000000000173,2,11708.30000000001,2015
2015-10-08 23:00:00,2015-10-09 01:00:00,10000.0,-7.32500000000076,52.00000000000759,buy,1.12801,1.12853,17.000000000000348,2,11701.10000000001,2015
2015-10-11 21:00:00,2015-10-14 08:00:00,10000.0,-64.08750000000067,584.0000000000067,sell,1.14158,1.13574,107.99999999999697,59,11640.70000000001,2015
2015-10-18 21:00:00,2015-10-21 22:00:00,10000.0,8.137499999998603,-146.99999999998602,sell,1.13389,1.13536,471.9999999999835,73,11653.400000000007,2015
2015-10-22 21:00:00,2015-10-23 14:00:00,10000.0,74.63750000000054,-777.0000000000055,sell,1.10255,1.11032,1136.0000000000036,17,11729.100000000008,2015
2015-10-25 21:00:00,2015-10-28 13:00:00,10000.0,-88.69999999999999,826.9999999999999,sell,1.10888,1.10061,5.999999999994897,64,11644.400000000014,2015
2015-10-29 17:00:00,2015-10-30 13:00:00,10000.0,-48.54999999999923,452.99999999999227,sell,1.10094,1.09641,266.999999999995,20,11597.100000000015,2015
2015-11-01 22:00:00,2015-11-03 15:00:00,10000.0,84.23749999999998,-887.9999999999998,sell,1.09416,1.10304,1102.000000000003,41,11683.900000000009,2015
2015-11-08 22:00:00,2015-11-12 16:00:00,10000.0,-35.1250000000003,275.000000000003,sell,1.07552,1.07277,537.999999999994,90,11654.400000000003,2015
2015-11-22 22:00:00,2015-11-25 12:00:00,10000.0,48.624999999999545,-544.9999999999955,sell,1.05858,1.06403,1032.999999999995,62,11706.900000000005,2015
2015-11-29 22:00:00,2015-12-01 15:00:00,10000.0,-29.462500000001032,249.00000000001032,sell,1.06136,1.05887,146.00000000000168,41,11680.000000000005,2015
2015-12-06 22:00:00,2015-12-09 14:00:00,10000.0,-105.70000000000034,997.0000000000034,sell,1.09727,1.0873,25.999999999992692,64,11578.300000000001,2015
2015-12-09 21:00:00,2015-12-10 11:00:00,10000.0,77.52499999999824,-803.9999999999825,sell,1.09417,1.10221,823.9999999999802,14,11656.699999999999,2015
2015-12-10 11:00:00,2015-12-11 15:00:00,10000.0,-62.4499999999982,586.9999999999819,sell,1.10072,1.09485,229.0000000000125,28,11596.000000000004,2015
2015-12-13 22:00:00,2015-12-14 17:00:00,10000.0,-61.08749999999962,578.9999999999961,sell,1.10257,1.09678,224.00000000000196,19,11536.100000000004,2015
2015-12-15 01:00:00,2015-12-15 16:00:00,10000.0,83.36249999999916,-862.9999999999915,sell,1.09226,1.10089,1361.9999999999964,15,11620.400000000001,2015
2015-12-16 17:00:00,2015-12-16 20:00:00,10000.0,-57.187500000000604,550.000000000006,sell,1.09793,1.09243,313.99999999999204,3,11563.4,2015
2015-12-16 20:00:00,2015-12-17 17:00:00,10000.0,105.28750000000092,-1086.000000000009,sell,1.08063,1.09149,1112.0000000000018,21,11670.000000000004,2015
2015-12-17 17:00:00,2015-12-18 21:00:00,10000.0,-59.850000000001145,561.0000000000115,sell,1.08722,1.08161,-40.0000000000178,28,11611.900000000003,2015
2015-12-20 22:00:00,2015-12-21 16:00:00,10000.0,-69.12499999999939,659.9999999999939,sell,1.09209,1.08549,1.0000000000065512,18,11543.900000000001,2015
2015-12-23 09:00:00,2015-12-23 16:00:00,10000.0,-49.63750000000057,472.0000000000057,buy,1.08767,1.09239,-12.000000000012,7,11494.699999999999,2015
2015-12-23 16:00:00,2015-12-24 03:00:00,10000.0,51.21250000000006,-539.0000000000006,buy,1.09295,1.08756,602.0000000000136,11,11546.6,2015
2015-12-24 13:00:00,2015-12-28 11:00:00,10000.0,-49.58749999999978,463.9999999999977,sell,1.09864,1.094,25.999999999992692,19,11498.2,2015
2015-12-28 11:00:00,2015-12-29 14:00:00,10000.0,58.01250000000009,-617.0000000000008,sell,1.0924,1.09857,678.0000000000008,27,11557.900000000001,2015
2016-01-06 05:00:00,2016-01-07 02:00:00,10000.0,50.58750000000006,-539.0000000000006,buy,1.07998,1.07459,885.0000000000024,21,10051.900000000001,2016
2016-01-12 09:00:00,2016-01-14 11:00:00,10000.0,56.375000000000995,-615.0000000000099,buy,1.09199,1.08584,1157.9999999999923,50,10111.400000000003,2016
2016-01-24 22:00:00,2016-01-25 21:00:00,10000.0,-68.73749999999924,652.9999999999924,sell,1.08555,1.07902,4.000000000004,23,10044.100000000002,2016
2016-01-25 21:00:00,2016-01-27 14:00:00,10000.0,38.33750000000127,-429.0000000000127,buy,1.08928,1.08499,747.9999999999931,41,10085.000000000007,2016
2016-01-31 22:00:00,2016-02-01 14:00:00,10000.0,-59.199999999999584,561.9999999999958,sell,1.08827,1.0826500000000001,34.000000000000696,16,10026.800000000008,2016
2016-02-04 17:00:00,2016-02-05 21:00:00,10000.0,37.650000000000325,-414.00000000000324,sell,1.1154,1.11954,880.000000000014,28,10066.200000000012,2016
2016-02-07 22:00:00,2016-02-08 20:00:00,10000.0,-73.875,705.0,sell,1.12131,1.11426,1.9999999999908977,22,9993.700000000012,2016
2016-02-10 01:00:00,2016-02-10 14:00:00,10000.0,60.68750000000078,-635.0000000000077,sell,1.1234899999999999,1.12984,744.0000000000113,13,10055.200000000012,2016
2016-02-10 14:00:00,2016-02-11 01:00:00,10000.0,-81.48749999999887,787.9999999999886,sell,1.13045,1.12257,39.999999999995595,11,9974.400000000012,2016
2016-02-11 01:00:00,2016-02-12 21:00:00,10000.0,36.45000000000124,-412.00000000001234,sell,1.1256,1.12972,1197.0000000000034,44,10013.600000000017,2016
2016-02-14 22:00:00,2016-02-15 15:00:00,10000.0,85.83749999999843,-888.9999999999842,sell,1.11464,1.12353,926.9999999999889,17,10100.500000000016,2016
2016-02-17 09:00:00,2016-02-19 21:00:00,10000.0,-9.15000000000007,34.000000000000696,sell,1.11313,1.11279,251.0000000000012,60,10095.100000000011,2016
2016-02-21 22:00:00,2016-02-22 11:00:00,10000.0,47.187499999998934,-499.9999999999893,sell,1.10634,1.11134,602.999999999998,13,10143.100000000011,2016
2016-02-22 11:00:00,2016-02-24 10:00:00,10000.0,42.662500000000975,-476.0000000000097,sell,1.09842,1.10318,680.9999999999982,47,10188.700000000013,2016
2016-02-25 13:00:00,2016-02-25 22:00:00,10000.0,-13.762500000000099,112.00000000000098,sell,1.10192,1.1008,302.0000000000022,9,10175.500000000013,2016
2016-02-25 22:00:00,2016-02-26 00:00:00,10000.0,-8.825000000001705,67.00000000001704,sell,1.10244,1.10177,-8.000000000008,2,10166.80000000001,2016
2016-02-28 22:00:00,2016-03-01 15:00:00,10000.0,53.63750000000158,-582.0000000000158,sell,1.08554,1.09136,1066.0000000000114,41,10223.000000000015,2016
2016-03-02 01:00:00,2016-03-03 15:00:00,10000.0,49.52500000000006,-539.0000000000006,buy,1.0922,1.08681,971.999999999995,38,10274.900000000014,2016
2016-03-03 15:00:00,2016-03-04 11:00:00,10000.0,-56.250000000000824,530.0000000000082,sell,1.0983,1.093,18.999999999991246,20,10219.900000000012,2016
2016-03-06 22:00:00,2016-03-10 13:00:00,10000.0,134.1624999999995,-1415.999999999995,sell,1.08473,1.09889,2099.0000000000064,87,10359.500000000015,2016
2016-03-13 21:00:00,2016-03-16 14:00:00,10000.0,69.7374999999992,-757.9999999999919,sell,1.1065,1.11408,1105.0000000000002,65,10433.300000000016,2016
2016-03-17 13:00:00,2016-03-20 21:00:00,10000.0,50.700000000000855,-547.0000000000085,sell,1.12702,1.13249,667.0000000000175,32,10486.000000000013,2016
2016-03-20 21:00:00,2016-03-22 09:00:00,10000.0,57.95000000000114,-622.0000000000114,sell,1.12024,1.12646,818.0000000000075,36,10546.200000000017,2016
2016-03-28 05:00:00,2016-03-28 14:00:00,10000.0,-46.26249999999985,436.99999999999847,sell,1.1206,1.11623,28.99999999999014,9,10500.500000000018,2016
2016-03-28 14:00:00,2016-03-29 08:00:00,10000.0,31.774999999999935,-348.99999999999926,sell,1.11779,1.12128,397.0000000000029,18,10533.400000000016,2016
2016-03-29 13:00:00,2016-03-29 17:00:00,10000.0,55.050000000000125,-573.0000000000013,buy,1.12616,1.12043,829.000000000013,4,10588.700000000017,2016
2016-03-29 17:00:00,2016-03-31 09:00:00,10000.0,64.70000000000037,-692.0000000000036,buy,1.13528,1.12836,818.0000000000075,40,10655.900000000014,2016
2016-04-04 01:00:00,2016-04-06 09:00:00,10000.0,47.10000000000042,-526.0000000000042,sell,1.13511,1.14037,576.9999999999831,56,10706.500000000016,2016
2016-04-10 21:00:00,2016-04-12 09:00:00,10000.0,-35.55000000000077,313.0000000000077,sell,1.14342,1.14029,300.9999999999957,36,10673.200000000012,2016
2016-04-14 13:00:00,2016-04-17 21:00:00,10000.0,-7.199999999998759,31.99999999998759,sell,1.12805,1.1277300000000001,361.00000000001125,32,10668.000000000013,2016
2016-04-17 21:00:00,2016-04-19 07:00:00,10000.0,-52.025000000000716,479.00000000000716,sell,1.13399,1.1292,41.000000000002146,34,10618.100000000013,2016
2016-04-20 17:00:00,2016-04-21 13:00:00,10000.0,56.75000000000006,-600.0000000000005,buy,1.13735,1.13135,911.0000000000173,20,10676.100000000015,2016
2016-04-26 09:00:00,2016-04-26 14:00:00,10000.0,36.78749999999858,-390.9999999999858,buy,1.13258,1.12867,556.9999999999852,5,10713.200000000013,2016
2016-04-26 14:00:00,2016-04-28 18:00:00,10000.0,34.85000000000069,-401.0000000000069,buy,1.13469,1.13068,764.9999999999934,52,10751.300000000012,2016
2016-04-28 18:00:00,2016-04-28 20:00:00,10000.0,-0.32499999999931006,-18.0000000000069,buy,1.13518,1.135,43.00000000001525,2,10751.100000000013,2016
2016-04-28 20:00:00,2016-04-28 22:00:00,10000.0,-4.72499999999927,25.999999999992692,buy,1.13497,1.13523,56.00000000001159,2,10746.500000000013,2016
2016-04-28 22:00:00,2016-04-29 00:00:00,10000.0,-0.32499999999931006,-18.0000000000069,buy,1.13557,1.13539,51.00000000000104,2,10746.300000000014,2016
2016-05-01 21:00:00,2016-05-02 14:00:00,10000.0,-67.36249999999936,642.9999999999935,sell,1.15219,1.1457600000000001,21.99999999998869,17,10680.000000000015,2016
2016-05-02 14:00:00,2016-05-03 08:00:00,10000.0,-88.52499999999992,853.9999999999991,sell,1.15944,1.1509,25.000000000008345,18,10592.600000000011,2016
2016-05-08 21:00:00,2016-05-11 18:00:00,10000.0,-43.612499999997894,372.99999999997885,sell,1.1430799999999999,1.13935,152.0000000000188,69,10553.30000000002,2016
2016-05-15 21:00:00,2016-05-17 14:00:00,10000.0,-44.46249999999938,398.99999999999375,sell,1.13409,1.1301,68.99999999998573,41,10511.400000000021,2016
2016-05-19 21:00:00,2016-05-22 21:00:00,10000.0,-29.300000000000267,258.0000000000027,sell,1.12221,1.11963,145.00000000001734,24,10483.600000000024,2016
2016-05-22 21:00:00,2016-05-24 09:00:00,10000.0,30.350000000000186,-346.0000000000018,sell,1.11799,1.12145,622.9999999999957,36,10516.20000000003,2016
2016-06-01 05:00:00,2016-06-01 10:00:00,10000.0,32.38750000000084,-347.0000000000084,buy,1.116,1.11253,411.0000000000058,5,10548.90000000003,2016
2016-06-01 10:00:00,2016-06-02 03:00:00,10000.0,45.63750000000152,-487.0000000000152,buy,1.12078,1.11591,605.000000000011,17,10595.600000000037,2016
2016-06-05 21:00:00,2016-06-10 01:00:00,10000.0,54.74999999999972,-629.9999999999972,sell,1.12992,1.13622,1157.9999999999923,100,10656.600000000037,2016
2016-06-16 13:00:00,2016-06-16 19:00:00,10000.0,79.9249999999996,-822.9999999999959,buy,1.1236,1.11537,1055.9999999999902,6,10736.900000000034,2016
2016-06-16 19:00:00,2016-06-17 14:00:00,10000.0,24.912499999999792,-280.9999999999979,buy,1.12684,1.12403,467.00000000001734,19,10763.000000000036,2016
2016-06-20 09:00:00,2016-06-21 14:00:00,10000.0,77.8875000000001,-817.000000000001,sell,1.12499,1.13316,1068.0000000000023,29,10842.700000000032,2016
2016-06-22 13:00:00,2016-06-23 10:00:00,10000.0,63.08749999999979,-663.9999999999978,buy,1.13828,1.13164,1140.9999999999918,21,10907.10000000003,2016
2016-06-26 21:00:00,2016-07-03 21:00:00,10000.0,-103.69999999999985,941.9999999999983,sell,1.11304,1.10362,383.0,120,10810.900000000038,2016
2016-07-03 21:00:00,2016-07-05 23:00:00,10000.0,58.874999999999616,-639.999999999996,sell,1.10637,1.11277,1218.9999999999923,50,10872.90000000004,2016
2016-07-11 01:00:00,2016-07-12 08:00:00,10000.0,-71.33749999999968,673.9999999999968,sell,1.1111199999999999,1.10438,140.00000000000676,31,10803.500000000036,2016
2016-07-12 21:00:00,2016-07-13 16:00:00,10000.0,41.612500000000395,-448.0000000000039,buy,1.1109,1.10642,673.9999999999968,19,10846.300000000041,2016
2016-07-17 21:00:00,2016-07-18 18:00:00,10000.0,-31.712499999999537,283.99999999999534,sell,1.10762,1.10478,75.00000000000284,21,10815.900000000041,2016
2016-07-24 21:00:00,2016-07-26 06:00:00,10000.0,-49.2625000000008,452.0000000000079,sell,1.10138,1.09686,62.00000000000649,33,10768.70000000004,2016
2016-07-26 13:00:00,2016-07-27 19:00:00,10000.0,11.525000000000968,-154.00000000000966,buy,1.10172,1.10018,581.9999999999936,30,10782.100000000039,2016
2016-07-31 21:00:00,2016-08-02 16:00:00,10000.0,-53.587499999998386,488.99999999998386,sell,1.12255,1.11766,43.99999999999959,43,10731.200000000043,2016
2016-08-17 09:00:00,2016-08-18 02:00:00,10000.0,46.8375000000005,-499.00000000000495,buy,1.13193,1.12694,801.0000000000072,17,10779.100000000044,2016
2016-08-22 01:00:00,2016-08-22 15:00:00,10000.0,-48.17499999999923,452.99999999999227,sell,1.13299,1.12846,1.0000000000065512,14,10731.800000000045,2016
2016-08-22 15:00:00,2016-08-23 08:00:00,10000.0,-35.86250000000172,328.00000000001717,sell,1.1345,1.13122,96.99999999999153,17,10697.000000000045,2016
2016-09-04 21:00:00,2016-09-06 15:00:00,10000.0,-93.62500000000131,890.000000000013,sell,1.12402,1.11512,148.99999999999912,42,10606.000000000044,2016
2016-09-14 09:00:00,2016-09-14 16:00:00,10000.0,39.46249999999916,-418.9999999999916,buy,1.12675,1.12256,519.9999999999872,7,10645.900000000041,2016
2016-09-14 16:00:00,2016-09-16 10:00:00,10000.0,-40.625000000000476,360.0000000000047,buy,1.12197,1.12557,12.999999999996346,42,10607.900000000034,2016
2016-09-18 21:00:00,2016-09-19 15:00:00,10000.0,-35.82499999999884,326.9999999999884,sell,1.11841,1.11514,131.99999999999878,18,10573.200000000039,2016
2016-09-19 15:00:00,2016-09-21 05:00:00,10000.0,39.624999999999595,-439.9999999999959,sell,1.11321,1.11761,807.9999999999865,38,10615.200000000043,2016
2016-09-25 21:00:00,2016-09-26 12:00:00,10000.0,-41.13749999999935,381.9999999999934,sell,1.12632,1.1225,12.000000000012,15,10575.00000000004,2016
2016-09-26 12:00:00,2016-09-27 12:00:00,10000.0,30.100000000002517,-336.0000000000251,sell,1.1227099999999999,1.1260700000000001,515.0000000000209,24,10606.600000000044,2016
2016-10-03 01:00:00,2016-10-04 06:00:00,10000.0,39.487500000001674,-433.00000000001666,sell,1.11913,1.1234600000000001,497.00000000001404,29,10647.900000000049,2016
2016-10-05 17:00:00,2016-10-06 14:00:00,10000.0,-43.112499999998725,397.9999999999872,buy,1.11766,1.12164,68.00000000000139,21,10606.100000000051,2016
2016-10-09 21:00:00,2016-10-11 02:00:00,10000.0,56.78749999999954,-605.9999999999953,sell,1.1124,1.11846,756.000000000001,29,10664.700000000053,2016
2016-10-13 17:00:00,2016-10-14 15:00:00,10000.0,45.224999999998644,-485.9999999999864,sell,1.1003,1.10516,539.9999999999849,22,10711.300000000052,2016
2016-10-16 21:00:00,2016-10-18 01:00:00,10000.0,-55.449999999998965,516.9999999999897,sell,1.10177,1.0966,9.000000000014552,28,10657.600000000048,2016
2016-10-23 21:00:00,2016-10-26 09:00:00,10000.0,-53.449999999999406,476.99999999999403,sell,1.0925099999999999,1.08774,16.000000000016,60,10607.900000000052,2016
2016-10-30 21:00:00,2016-11-01 12:00:00,10000.0,-51.53749999999992,470.99999999999915,sell,1.10286,1.09815,49.999999999994486,39,10558.800000000052,2016
2016-11-07 09:00:00,2016-11-08 23:00:00,10000.0,41.024999999999885,-453.9999999999988,sell,1.10142,1.10596,587.9999999999885,38,10602.200000000053,2016
2016-11-10 17:00:00,2016-11-11 21:00:00,10000.0,35.45000000000145,-392.00000000001455,sell,1.0848499999999999,1.08877,744.0000000000113,28,10639.40000000005,2016
2016-11-13 22:00:00,2016-11-14 09:00:00,10000.0,97.71250000000049,-1004.0000000000048,sell,1.07352,1.08356,1034.999999999986,11,10737.800000000052,2016
2016-11-14 09:00:00,2016-11-16 16:00:00,10000.0,76.06250000000102,-815.0000000000101,sell,1.06734,1.07549,1425.0000000000095,55,10817.300000000047,2016
2016-11-16 16:00:00,2016-11-17 21:00:00,10000.0,66.38750000000026,-702.0000000000026,sell,1.06262,1.06964,1187.0000000000045,29,10885.500000000042,2016
2016-11-17 21:00:00,2016-11-18 21:00:00,10000.0,21.800000000001432,-253.0000000000143,sell,1.0594299999999999,1.06196,481.00000000002024,24,10908.800000000041,2016
2016-11-20 22:00:00,2016-11-21 10:00:00,10000.0,-52.350000000000755,496.0000000000075,sell,1.06332,1.05836,151.99999999999656,12,10857.200000000043,2016
2016-11-23 09:00:00,2016-11-23 14:00:00,10000.0,-61.31249999999794,589.9999999999794,buy,1.0554700000000001,1.06137,-8.999999999992347,5,10796.200000000044,2016
2016-11-23 14:00:00,2016-11-25 21:00:00,10000.0,29.462499999999935,-348.99999999999926,buy,1.059,1.05551,729.9999999999861,55,10829.100000000044,2016
2016-11-28 01:00:00,2016-11-28 13:00:00,10000.0,57.25000000000006,-600.0000000000005,sell,1.05837,1.06437,1009.9999999999997,12,10887.100000000042,2016
2016-11-29 09:00:00,2016-11-29 19:00:00,10000.0,44.57500000000057,-472.0000000000057,buy,1.06447,1.05975,804.0000000000047,10,10932.300000000041,2016
2016-11-30 13:00:00,2016-11-30 17:00:00,10000.0,-57.850000000000094,556.0000000000009,buy,1.05754,1.0631,235.99999999999176,4,10874.70000000004,2016
2016-11-30 17:00:00,2016-12-02 06:00:00,10000.0,77.5874999999992,-818.9999999999919,buy,1.06809,1.0599,970.9999999999884,37,10954.600000000042,2016
2016-12-07 21:00:00,2016-12-08 10:00:00,10000.0,-56.412500000000314,536.0000000000031,sell,1.08032,1.07496,16.000000000016,13,10899.000000000042,2016
2016-12-20 13:00:00,2016-12-21 13:00:00,10000.0,-56.800000000000566,533.0000000000057,sell,1.04204,1.03671,121.99999999999987,24,10843.700000000043,2016
2016-12-21 17:00:00,2016-12-22 16:00:00,10000.0,-38.73749999999811,352.99999999998107,sell,1.0460099999999999,1.04248,386.0000000000196,23,10806.400000000045,2016
2017-01-04 21:00:00,2017-01-05 07:00:00,10000.0,71.27500000000008,-739.0000000000007,buy,1.05637,1.04898,838.0000000000053,10,10071.899999999998,2017
2017-01-09 05:00:00,2017-01-09 17:00:00,10000.0,-58.14999999999878,553.9999999999878,sell,1.0576699999999999,1.05213,54.00000000002069,12,10014.499999999996,2017
2017-01-09 17:00:00,2017-01-11 13:00:00,10000.0,60.14999999999884,-648.9999999999884,sell,1.05031,1.0568,1235.9999999999925,44,10077.399999999992,2017
2017-01-15 22:00:00,2017-01-17 10:00:00,10000.0,-62.14999999999962,578.9999999999961,sell,1.06779,1.062,34.000000000000696,36,10017.499999999987,2017
2017-01-22 22:00:00,2017-01-23 22:00:00,10000.0,-65.000000000001,615.0000000000099,sell,1.07641,1.07026,41.000000000002146,24,9953.999999999993,2017
2017-01-29 22:00:00,2017-01-30 12:00:00,10000.0,44.32500000000057,-472.0000000000057,sell,1.06627,1.07099,768.9999999999974,14,9999.199999999992,2017
2017-02-01 21:00:00,2017-02-02 14:00:00,10000.0,-53.562499999999986,504.99999999999983,sell,1.08159,1.07654,123.99999999999078,17,9946.699999999992,2017
2017-02-05 22:00:00,2017-02-06 14:00:00,10000.0,63.6000000000011,-666.000000000011,sell,1.07145,1.0781100000000001,734.9999999999967,16,10011.29999999999,2017
2017-02-13 05:00:00,2017-02-14 16:00:00,10000.0,56.41249999999954,-605.9999999999953,sell,1.05653,1.06259,924.999999999998,35,10069.899999999985,2017
2017-02-19 22:00:00,2017-02-21 04:00:00,10000.0,33.22500000000102,-371.0000000000102,sell,1.05809,1.0618,514.9999999999987,30,10104.99999999999,2017
2017-02-27 05:00:00,2017-02-27 15:00:00,10000.0,-36.424999999999386,337.99999999999386,sell,1.0599,1.0565200000000001,82.99999999998863,10,10069.199999999992,2017
2017-03-05 22:00:00,2017-03-08 14:00:00,10000.0,47.40000000000123,-534.0000000000122,sell,1.05554,1.06088,841.0000000000028,64,10120.599999999988,2017
2017-03-08 14:00:00,2017-03-09 15:00:00,10000.0,32.03750000000008,-356.00000000000074,buy,1.05909,1.05553,665.0000000000044,25,10154.199999999988,2017
2017-03-09 15:00:00,2017-03-10 06:00:00,10000.0,9.962500000000134,-129.00000000000134,buy,1.05953,1.05824,295.0000000000008,15,10165.09999999999,2017
2017-03-13 05:00:00,2017-03-13 20:00:00,10000.0,38.462500000000325,-414.00000000000324,sell,1.06545,1.06959,594.0000000000056,15,10204.499999999989,2017
2017-03-14 17:00:00,2017-03-15 19:00:00,10000.0,77.17500000000086,-808.0000000000086,buy,1.07017,1.06209,1025.000000000009,26,10283.29999999999,2017
2017-03-15 19:00:00,2017-03-17 06:00:00,10000.0,56.71250000000151,-609.000000000015,buy,1.07702,1.07093,658.000000000003,35,10342.199999999986,2017
2017-03-27 01:00:00,2017-03-27 13:00:00,10000.0,-59.750000000000384,570.0000000000038,sell,1.08957,1.08387,5.000000000010552,12,10283.199999999986,2017
2017-03-27 13:00:00,2017-03-28 18:00:00,10000.0,49.58750000000123,-534.0000000000122,sell,1.08232,1.08766,673.0000000000124,29,10334.599999999988,2017
2017-04-03 05:00:00,2017-04-04 08:00:00,10000.0,19.812500000000743,-235.00000000000742,sell,1.06523,1.06758,270.999999999999,27,10356.099999999984,2017
2017-04-10 09:00:00,2017-04-11 11:00:00,10000.0,-40.22499999999775,365.99999999997743,sell,1.0613299999999999,1.05767,61.00000000002214,26,10317.499999999982,2017
2017-04-12 09:00:00,2017-04-12 20:00:00,10000.0,47.41249999999959,-500.99999999999585,buy,1.06568,1.06067,685.0000000000023,11,10365.599999999979,2017
2017-04-18 05:00:00,2017-04-18 12:00:00,10000.0,24.962499999999647,-273.9999999999964,buy,1.06764,1.0649,360.9999999999891,7,10390.999999999978,2017
2017-04-18 12:00:00,2017-04-20 07:00:00,10000.0,38.412500000000364,-431.0000000000036,buy,1.0739,1.06959,567.0000000000064,43,10432.099999999979,2017
2017-04-20 07:00:00,2017-04-20 18:00:00,10000.0,-36.68749999999848,339.9999999999847,buy,1.07159,1.07499,12.000000000012,11,10396.099999999979,2017
2017-04-24 05:00:00,2017-04-30 21:00:00,10000.0,-36.80000000000005,278.00000000000045,sell,1.08932,1.08654,570.9999999999882,112,10366.29999999998,2017
2017-04-30 21:00:00,2017-05-04 11:00:00,10000.0,-47.27499999999938,398.99999999999375,sell,1.09321,1.08922,85.00000000000173,86,10324.399999999978,2017
2017-05-07 21:00:00,2017-05-08 00:00:00,10000.0,41.112500000001674,-433.00000000001666,sell,1.09662,1.10095,470.00000000001484,3,10365.699999999979,2017
2017-05-08 00:00:00,2017-05-09 07:00:00,10000.0,52.46249999999867,-563.9999999999867,sell,1.09078,1.09642,883.9999999999958,31,10420.099999999977,2017
2017-05-14 21:00:00,2017-05-15 11:00:00,10000.0,-45.17499999999956,422.99999999999557,sell,1.09711,1.09288,-17.000000000000348,14,10375.799999999977,2017
2017-05-28 21:00:00,2017-05-30 00:00:00,10000.0,40.41250000000025,-441.00000000000244,sell,1.11304,1.11745,588.999999999995,27,10417.899999999976,2017
2017-06-04 21:00:00,2017-06-06 06:00:00,10000.0,-4.162499999998435,0.9999999999843466,sell,1.12747,1.1274600000000001,76.0000000000094,33,10415.79999999998,2017
2017-06-11 21:00:00,2017-06-14 13:00:00,10000.0,-68.79999999999842,627.9999999999841,sell,1.12645,1.12017,26.000000000014897,64,10350.99999999998,2017
2017-06-18 21:00:00,2017-06-19 16:00:00,10000.0,29.712500000000148,-329.0000000000015,sell,1.11614,1.11943,507.00000000001296,19,10381.899999999985,2017
2017-06-25 21:00:00,2017-06-27 09:00:00,10000.0,-62.549999999997794,582.999999999978,sell,1.1250499999999999,1.11922,38.0000000000047,36,10321.599999999986,2017
2017-07-09 21:00:00,2017-07-11 17:00:00,10000.0,-48.950000000000905,442.00000000000904,sell,1.14409,1.13967,63.999999999997385,44,10275.399999999983,2017
2017-07-17 09:00:00,2017-07-18 02:00:00,10000.0,-76.96250000000008,739.0000000000007,sell,1.15306,1.14567,8.000000000008,17,10199.499999999982,2017
2017-07-23 21:00:00,2017-07-25 14:00:00,10000.0,-37.162500000000406,326.00000000000404,sell,1.16962,1.16636,154.99999999999403,41,10164.899999999981,2017
2017-07-30 21:00:00,2017-07-31 16:00:00,10000.0,-79.7875,766.0,sell,1.18269,1.17503,28.99999999999014,19,10086.299999999985,2017
2017-08-03 17:00:00,2017-08-04 14:00:00,10000.0,72.58749999999986,-758.9999999999985,sell,1.17931,1.1869,957.9999999999922,21,10160.199999999983,2017
2017-08-06 21:00:00,2017-08-09 14:00:00,10000.0,52.23750000000224,-583.0000000000224,sell,1.17125,1.1770800000000001,1110.000000000011,65,10216.499999999978,2017
2017-08-10 17:00:00,2017-08-11 13:00:00,10000.0,-67.8499999999991,645.999999999991,sell,1.18176,1.1753,173.0000000000009,20,10149.899999999983,2017
2017-08-13 21:00:00,2017-08-15 06:00:00,10000.0,54.337500000000674,-584.0000000000067,sell,1.17622,1.18206,756.000000000001,33,10206.299999999987,2017
2017-08-16 13:00:00,2017-08-16 19:00:00,10000.0,67.32500000000142,-697.0000000000142,buy,1.1765700000000001,1.1696,752.0000000000192,6,10273.999999999987,2017
2017-08-16 19:00:00,2017-08-17 11:00:00,10000.0,-78.49999999999946,754.9999999999945,buy,1.16953,1.17708,59.999999999993385,16,10196.499999999985,2017
2017-08-21 13:00:00,2017-08-25 15:00:00,10000.0,-92.9249999999982,847.999999999982,sell,1.18725,1.17877,18.0000000000069,98,10109.69999999999,2017
2017-08-27 21:00:00,2017-08-29 07:00:00,10000.0,-81.42500000000015,773.0000000000014,sell,1.20178,1.19405,-5.000000000010552,34,10030.399999999985,2017
2017-08-31 17:00:00,2017-09-01 13:00:00,10000.0,-21.949999999998163,186.9999999999816,sell,1.1907699999999999,1.1889,714.0000000000146,20,10009.699999999986,2017
2017-09-03 21:00:00,2017-09-06 09:00:00,10000.0,-76.35000000000066,706.0000000000066,sell,1.19455,1.18749,36.999999999998145,60,9937.099999999986,2017
2017-09-10 21:00:00,2017-09-11 16:00:00,10000.0,51.61250000000152,-548.0000000000151,sell,1.19647,1.20195,644.0000000000001,19,9989.899999999987,2017
2017-09-11 16:00:00,2017-09-12 02:00:00,10000.0,8.974999999998278,-115.99999999998278,sell,1.19558,1.19674,143.99999999998857,10,9999.499999999985,2017
2017-09-17 21:00:00,2017-09-19 07:00:00,10000.0,-67.9249999999983,637.999999999983,sell,1.19962,1.19324,91.00000000001883,34,9933.69999999999,2017
2017-09-25 13:00:00,2017-09-26 08:00:00,10000.0,59.61249999999841,-627.9999999999841,sell,1.18141,1.18769,739.9999999999851,19,9994.49999999999,2017
2017-09-28 17:00:00,2017-10-01 21:00:00,10000.0,-24.349999999999508,205.99999999999505,sell,1.18071,1.17865,250.00000000001685,28,9971.899999999996,2017
2017-10-01 21:00:00,2017-10-02 08:00:00,10000.0,55.51250000000158,-582.0000000000158,sell,1.17437,1.18019,710.0000000000106,11,10028.099999999995,2017
2017-10-22 21:00:00,2017-10-26 00:00:00,10000.0,-59.68749999999861,529.999999999986,sell,1.1820599999999999,1.17676,-6.999999999979244,75,9973.1,2017
2017-10-29 21:00:00,2017-10-30 20:00:00,10000.0,-57.837500000001114,544.0000000000111,sell,1.16572,1.16028,2.9999999999974487,23,9916.699999999995,2017
2017-11-06 05:00:00,2017-11-07 09:00:00,10000.0,38.049999999998505,-417.999999999985,sell,1.15677,1.16095,486.99999999999295,28,9956.499999999995,2017
2017-11-20 05:00:00,2017-11-20 09:00:00,10000.0,-70.24999999999918,679.9999999999917,sell,1.17997,1.17317,82.00000000000429,4,9886.499999999996,2017
2017-11-26 22:00:00,2017-11-28 08:00:00,10000.0,38.8749999999997,-429.99999999999704,sell,1.18895,1.19325,710.0000000000106,34,9927.5,2017
2017-12-03 22:00:00,2017-12-06 15:00:00,10000.0,69.1374999999997,-751.999999999997,sell,1.17914,1.18666,865.999999999989,65,10000.700000000006,2017
2017-12-06 15:00:00,2017-12-07 14:00:00,10000.0,3.4625000000007944,-69.00000000000794,buy,1.17968,1.17899,216.00000000001617,23,10005.600000000011,2017
2017-12-10 22:00:00,2017-12-11 16:00:00,10000.0,-33.324999999998006,301.99999999998005,sell,1.17969,1.17667,140.00000000000676,18,9973.400000000016,2017
2017-12-19 05:00:00,2017-12-19 13:00:00,10000.0,29.400000000002482,-319.0000000000248,buy,1.1825700000000001,1.1793799999999999,359.0000000000204,8,10003.300000000017,2017
2017-12-19 13:00:00,2017-12-20 16:00:00,10000.0,48.41249999999937,-520.9999999999936,buy,1.18803,1.18282,764.9999999999934,27,10053.400000000016,2017
2017-12-26 01:00:00,2017-12-27 10:00:00,10000.0,-30.362499999999102,262.999999999991,sell,1.1889399999999999,1.18631,13.00000000001855,33,10025.100000000019,2017
2018-01-02 10:00:00,2018-01-03 11:00:00,10000.0,43.73750000000123,-473.0000000000123,sell,1.20187,1.2066000000000001,516.0000000000053,25,10045.3,2018
2018-01-28 22:00:00,2018-02-01 18:00:00,10000.0,-74.5500000000002,668.0000000000018,sell,1.24796,1.24128,181.99999999999326,92,9976.499999999996,2018
2018-02-01 18:00:00,2018-02-02 21:00:00,10000.0,25.41249999999968,-290.9999999999968,sell,1.2462,1.24911,602.999999999998,27,10003.599999999993,2018
2018-02-04 22:00:00,2018-02-05 22:00:00,10000.0,58.90000000000023,-624.0000000000023,sell,1.23662,1.24286,1082.000000000005,24,10063.999999999996,2018
2018-02-08 13:00:00,2018-02-09 21:00:00,10000.0,32.000000000000476,-360.0000000000047,sell,1.22364,1.22724,580.0000000000027,32,10097.999999999995,2018
2018-02-11 22:00:00,2018-02-13 06:00:00,10000.0,-69.49999999999834,654.9999999999833,sell,1.23148,1.22493,6.000000000017102,32,10030.499999999995,2018
2018-02-21 01:00:00,2018-02-21 21:00:00,10000.0,-54.049999999999734,507.9999999999973,buy,1.22878,1.23386,73.99999999999629,20,9977.699999999999,2018
2018-02-21 21:00:00,2018-02-22 10:00:00,10000.0,5.387500000000429,-82.00000000000429,buy,1.22915,1.22833,326.00000000000404,13,9983.900000000001,2018
2018-02-26 01:00:00,2018-02-26 10:00:00,10000.0,-49.66249999999992,470.99999999999915,sell,1.23445,1.22974,45.00000000000614,9,9934.800000000001,2018
2018-03-04 22:00:00,2018-03-06 13:00:00,10000.0,-72.83749999999958,683.9999999999957,sell,1.24103,1.2341900000000001,32.999999999994145,39,9864.400000000003,2018
2018-03-06 13:00:00,2018-03-08 14:00:00,10000.0,-13.662499999998609,85.99999999998609,buy,1.23997,1.2408299999999999,317.999999999996,49,9853.800000000007,2018
2018-03-13 01:00:00,2018-03-13 15:00:00,10000.0,29.425000000000665,-323.0000000000066,buy,1.2372400000000001,1.23401,586.0000000000198,14,9884.100000000008,2018
2018-03-13 15:00:00,2018-03-15 14:00:00,10000.0,-73.83749999999841,688.999999999984,buy,1.23303,1.23992,90.99999999999663,47,9813.200000000017,2018
2018-03-18 21:00:00,2018-03-19 16:00:00,10000.0,-47.08749999999894,438.99999999998937,sell,1.23292,1.2285300000000001,34.000000000000696,19,9767.300000000017,2018
2018-03-19 16:00:00,2018-03-20 14:00:00,10000.0,55.7249999999986,-590.9999999999859,sell,1.2272,1.23311,858.9999999999875,22,9824.400000000012,2018
2018-03-25 21:00:00,2018-03-26 10:00:00,10000.0,-54.51250000000119,517.0000000000118,sell,1.24072,1.23555,89.99999999999008,13,9770.70000000001,2018
2018-03-26 10:00:00,2018-03-26 18:00:00,10000.0,-53.59999999999948,510.99999999999477,sell,1.24539,1.24028,18.0000000000069,8,9717.600000000011,2018
2018-04-04 17:00:00,2018-04-05 13:00:00,10000.0,-40.050000000001276,368.00000000001273,buy,1.22477,1.22845,137.99999999999366,20,9678.80000000001,2018
2018-04-10 17:00:00,2018-04-13 10:00:00,10000.0,-21.66250000000006,156.00000000000057,buy,1.23319,1.23475,330.000000000008,65,9661.200000000019,2018
2018-04-16 09:00:00,2018-04-17 08:00:00,10000.0,-44.13750000000018,407.00000000000176,sell,1.24025,1.23618,109.00000000000352,23,9618.500000000016,2018
2018-04-17 09:00:00,2018-04-19 16:00:00,10000.0,-45.737499999999784,402.9999999999978,buy,1.23333,1.23736,48.00000000000359,55,9576.200000000015,2018
2018-04-22 21:00:00,2018-04-23 10:00:00,10000.0,41.987500000000395,-448.0000000000039,sell,1.22339,1.22787,550.000000000006,13,9619.000000000015,2018
2018-04-29 21:00:00,2018-04-30 12:00:00,10000.0,43.26249999999847,-461.9999999999846,sell,1.20788,1.2125,595.9999999999965,15,9663.200000000015,2018
2018-04-30 12:00:00,2018-05-01 10:00:00,10000.0,46.225000000000755,-496.0000000000075,sell,1.2034799999999999,1.20844,712.0000000000015,22,9710.800000000014,2018
2018-05-06 21:00:00,2018-05-07 12:00:00,10000.0,51.66250000000021,-546.000000000002,sell,1.19007,1.19553,770.000000000004,15,9763.400000000012,2018
2018-05-07 12:00:00,2018-05-08 13:00:00,10000.0,46.83749999999934,-503.9999999999933,sell,1.18663,1.19167,717.9999999999964,25,9811.800000000008,2018
2018-05-08 13:00:00,2018-05-10 13:00:00,10000.0,70.09999999999906,-750.9999999999905,buy,1.19241,1.1849,1022.999999999996,48,9884.900000000003,2018
2018-05-13 21:00:00,2018-05-14 14:00:00,10000.0,-51.16249999999981,480.99999999999807,sell,1.19929,1.19448,28.000000000005794,17,9834.800000000003,2018
2018-05-14 14:00:00,2018-05-15 05:00:00,10000.0,47.262500000000244,-502.0000000000024,sell,1.19157,1.19659,615.9999999999943,15,9883.0,2018
2018-05-15 09:00:00,2018-05-15 12:00:00,10000.0,-53.187500000001044,510.0000000000104,buy,1.18763,1.19273,2.9999999999974487,3,9830.0,2018
2018-05-15 12:00:00,2018-05-16 11:00:00,10000.0,-62.937499999999,594.9999999999899,buy,1.17887,1.18482,79.00000000000684,23,9768.500000000002,2018
2018-05-20 21:00:00,2018-05-21 08:00:00,10000.0,35.41250000000091,-381.0000000000091,sell,1.1726699999999999,1.17648,435.00000000000756,11,9804.600000000002,2018
2018-05-21 08:00:00,2018-05-21 20:00:00,10000.0,-51.4499999999993,486.99999999999295,sell,1.17876,1.17389,2.9999999999974487,12,9753.900000000001,2018
2018-05-28 01:00:00,2018-05-28 12:00:00,10000.0,58.71250000000035,-614.0000000000034,sell,1.16415,1.17029,862.9999999999915,11,9813.300000000001,2018
2018-05-28 12:00:00,2018-05-29 09:00:00,10000.0,59.48750000000064,-628.0000000000063,sell,1.15441,1.16069,951.0000000000128,21,9874.100000000002,2018
2018-05-29 13:00:00,2018-05-30 16:00:00,10000.0,78.21250000000141,-819.0000000000141,buy,1.16609,1.1579,1431.0000000000043,27,9954.0,2018
2018-05-31 17:00:00,2018-06-03 21:00:00,10000.0,14.049999999998928,-177.99999999998926,sell,1.16582,1.1676,590.0000000000016,28,9969.8,2018
2018-06-03 21:00:00,2018-06-04 10:00:00,10000.0,-73.61249999999976,707.9999999999975,sell,1.17309,1.16601,22.999999999995243,13,9897.0,2018
2018-06-05 13:00:00,2018-06-05 18:00:00,10000.0,56.087500000000674,-584.0000000000067,buy,1.17272,1.16688,753.999999999988,5,9953.4,2018
2018-06-05 18:00:00,2018-06-06 14:00:00,10000.0,67.95000000000016,-712.0000000000015,buy,1.17862,1.1715,787.0000000000043,20,10022.599999999999,2018
2018-06-17 21:00:00,2018-06-21 09:00:00,10000.0,65.0500000000007,-723.0000000000069,sell,1.15204,1.15927,1234.0000000000016,84,10092.900000000001,2018
2018-06-21 17:00:00,2018-06-24 21:00:00,10000.0,-45.150000000000325,414.00000000000324,sell,1.1655,1.16136,192.99999999999872,28,10049.500000000002,2018
2018-06-24 21:00:00,2018-06-26 03:00:00,10000.0,-59.07499999999969,551.9999999999969,sell,1.17178,1.16626,-2.0000000000131024,30,9992.3,2018
2018-07-01 21:00:00,2018-07-06 13:00:00,10000.0,-91.50000000000091,825.000000000009,sell,1.17446,1.16621,183.99999999998417,112,9907.799999999994,2018
2018-07-09 13:00:00,2018-07-10 11:00:00,10000.0,48.02500000000144,-514.0000000000144,sell,1.17054,1.17568,592.0000000000147,22,9957.199999999995,2018
2018-07-22 21:00:00,2018-07-24 07:00:00,10000.0,57.07499999999904,-611.9999999999902,sell,1.16609,1.17221,885.9999999999867,34,10016.4,2018
2018-07-25 01:00:00,2018-07-25 20:00:00,10000.0,39.8124999999997,-429.99999999999704,buy,1.17286,1.16856,651.0000000000015,19,10057.400000000001,2018
2018-07-25 20:00:00,2018-07-26 15:00:00,10000.0,-73.38750000000026,702.0000000000026,buy,1.16563,1.17265,49.999999999994486,19,9985.2,2018
2018-08-05 21:00:00,2018-08-08 04:00:00,10000.0,-59.73750000000046,543.0000000000045,sell,1.16198,1.15655,-5.000000000010552,55,9928.899999999992,2018
2018-08-14 17:00:00,2018-08-17 10:00:00,10000.0,27.537500000000293,-336.00000000000296,buy,1.13799,1.13463,797.0000000000032,65,9960.499999999993,2018
2018-08-19 21:00:00,2018-08-20 21:00:00,10000.0,-51.7999999999989,482.999999999989,sell,1.14828,1.14345,15.000000000009448,24,9910.199999999997,2018
2018-09-02 21:00:00,2018-09-06 01:00:00,10000.0,-60.84999999999915,540.9999999999915,sell,1.16464,1.15923,124.00000000001297,76,9854.100000000002,2018
2018-09-09 21:00:00,2018-09-10 13:00:00,10000.0,-58.899999999999835,558.9999999999983,sell,1.16043,1.15484,-8.000000000008,16,9796.2,2018
2018-09-10 13:00:00,2018-09-13 13:00:00,10000.0,-89.70000000000105,832.0000000000105,sell,1.16802,1.1597,7.000000000001449,72,9711.0,2018
2018-09-16 21:00:00,2018-09-17 13:00:00,10000.0,-65.59999999999933,625.9999999999932,sell,1.16858,1.16232,0.0,16,9646.400000000001,2018
2018-09-17 13:00:00,2018-09-20 12:00:00,10000.0,-75.63749999999816,691.9999999999815,sell,1.176,1.1690800000000001,33.00000000001635,71,9575.200000000004,2018
2018-09-23 21:00:00,2018-09-24 14:00:00,10000.0,-59.262499999999584,561.9999999999958,sell,1.17998,1.17436,148.99999999999912,17,9517.000000000004,2018
2018-09-24 14:00:00,2018-09-25 22:00:00,10000.0,16.200000000001328,-202.00000000001327,sell,1.17647,1.17849,272.00000000000557,32,9535.200000000004,2018
2018-09-30 21:00:00,2018-10-02 06:00:00,10000.0,53.43749999999922,-574.9999999999922,sell,1.15484,1.16059,756.9999999999854,33,9590.699999999999,2018
2018-10-04 17:00:00,2018-10-07 21:00:00,10000.0,-18.649999999999913,148.99999999999912,sell,1.15211,1.15062,282.00000000000443,28,9573.800000000003,2018
2018-10-07 21:00:00,2018-10-08 11:00:00,10000.0,44.524999999999665,-473.9999999999966,sell,1.1474,1.15214,551.0000000000125,14,9619.200000000003,2018
2018-10-17 09:00:00,2018-10-17 12:00:00,10000.0,-41.387499999999235,391.9999999999923,buy,1.15292,1.1568399999999999,38.99999999998904,3,9578.000000000004,2018
2018-10-17 12:00:00,2018-10-18 07:00:00,10000.0,-53.58749999999934,503.9999999999933,buy,1.14866,1.1537,53.99999999999849,19,9525.6,2018
2018-10-21 21:00:00,2018-10-22 20:00:00,10000.0,40.96249999999999,-443.9999999999999,sell,1.14659,1.15103,839.9999999999962,23,9568.000000000002,2018
2018-10-24 17:00:00,2018-10-26 10:00:00,10000.0,-41.162499999999966,365.9999999999996,buy,1.13534,1.139,49.00000000001014,41,9529.4,2018
2018-11-06 21:00:00,2018-11-07 01:00:00,10000.0,34.75000000000037,-370.00000000000364,buy,1.14631,1.14261,522.0000000000002,4,9564.4,2018
2018-11-07 01:00:00,2018-11-07 10:00:00,10000.0,64.53749999999994,-670.9999999999993,buy,1.1488,1.14209,946.0000000000023,9,9629.499999999996,2018
2018-11-07 10:00:00,2018-11-08 08:00:00,10000.0,-63.47499999999849,600.9999999999849,buy,1.14325,1.14926,213.0000000000187,22,9567.399999999996,2018
2018-11-18 22:00:00,2018-11-19 16:00:00,10000.0,-43.62499999999887,404.9999999999887,sell,1.14543,1.14138,97.99999999999808,18,9524.899999999996,2018
2018-12-03 01:00:00,2018-12-04 07:00:00,10000.0,-53.97499999999959,500.99999999999585,sell,1.13876,1.13375,1.0000000000065512,30,9472.799999999994,2018
2018-12-04 09:00:00,2018-12-04 16:00:00,10000.0,-65.93750000000078,635.0000000000077,buy,1.1348,1.14115,-11.999999999989795,7,9407.299999999992,2018
2018-12-04 16:00:00,2018-12-06 10:00:00,10000.0,-11.324999999999484,66.99999999999484,buy,1.1338300000000001,1.1345,287.000000000015,42,9398.599999999995,2018
2018-12-09 22:00:00,2018-12-11 16:00:00,10000.0,63.47500000000204,-681.0000000000205,sell,1.13244,1.13925,1175.0000000000148,42,9464.700000000003,2018
2018-12-12 05:00:00,2018-12-12 16:00:00,10000.0,27.712499999999316,-303.9999999999931,buy,1.13632,1.13328,489.0000000000061,11,9493.099999999999,2018
2018-12-12 16:00:00,2018-12-13 10:00:00,10000.0,8.474999999998278,-115.99999999998278,buy,1.13746,1.1363,168.99999999999693,18,9502.699999999997,2018
2018-12-17 05:00:00,2018-12-17 11:00:00,10000.0,-37.274999999999935,348.99999999999926,sell,1.13407,1.13058,33.00000000001635,6,9465.799999999997,2018
2018-12-17 11:00:00,2018-12-18 11:00:00,10000.0,-45.30000000000072,418.0000000000072,sell,1.13894,1.13476,-9.999999999998899,24,9421.999999999998,2018
2018-12-18 11:00:00,2018-12-18 19:00:00,10000.0,-31.500000000001247,290.00000000001245,buy,1.13662,1.13952,165.99999999999946,8,9390.999999999996,2018
2018-12-18 19:00:00,2018-12-19 11:00:00,10000.0,45.70000000000152,-487.0000000000152,buy,1.14057,1.1357,528.0000000000173,16,9437.699999999997,2018
2018-12-23 22:00:00,2018-12-24 15:00:00,10000.0,-68.26250000000081,652.0000000000081,sell,1.14293,1.13641,83.00000000001084,17,9370.499999999998,2018
2019-01-03 01:00:00,2019-01-04 21:00:00,10000.0,46.34999999999948,-510.99999999999477,buy,1.14005,1.13494,648.0000000000041,44,10049.099999999993,2019
2019-01-09 13:00:00,2019-01-09 15:00:00,10000.0,55.77499999999962,-578.9999999999961,buy,1.15218,1.14639,607.0000000000019,2,10104.999999999993,2019
2019-01-09 15:00:00,2019-01-11 14:00:00,10000.0,7.262499999999989,-121.99999999999987,buy,1.15241,1.15119,400.99999999998465,47,10115.199999999995,2019
2019-01-14 01:00:00,2019-01-15 10:00:00,10000.0,34.73749999999883,-387.99999999998835,sell,1.14348,1.14736,539.0000000000006,33,10151.999999999995,2019
2019-01-20 22:00:00,2019-01-24 17:00:00,10000.0,32.612499999999784,-402.9999999999978,sell,1.13232,1.13635,709.000000000004,91,10190.300000000008,2019
2019-01-27 22:00:00,2019-01-30 20:00:00,10000.0,-91.77499999999992,853.9999999999991,sell,1.14936,1.14082,76.0000000000094,70,10102.900000000003,2019
2019-02-11 05:00:00,2019-02-11 10:00:00,10000.0,15.987499999999983,-182.9999999999998,sell,1.1304,1.13223,252.9999999999921,5,10119.200000000003,2019
2019-02-19 05:00:00,2019-02-19 12:00:00,10000.0,-21.337499999999473,188.9999999999947,buy,1.12803,1.12992,53.99999999999849,7,10098.300000000001,2019
2019-02-19 12:00:00,2019-02-19 16:00:00,10000.0,40.150000000002436,-424.00000000002433,buy,1.1331200000000001,1.1288799999999999,456.00000000001194,4,10138.700000000004,2019
2019-02-19 16:00:00,2019-02-21 14:00:00,10000.0,25.125000000001137,-300.00000000001137,buy,1.13595,1.13295,421.00000000000466,46,10166.700000000004,2019
2019-03-03 22:00:00,2019-03-04 11:00:00,10000.0,32.68750000000164,-355.00000000001637,sell,1.1339,1.13745,413.0000000000189,13,10200.200000000004,2019
2019-03-04 11:00:00,2019-03-04 14:00:00,10000.0,-14.287499999999334,120.99999999999332,sell,1.13426,1.1330500000000001,22.999999999995243,3,10186.100000000006,2019
2019-03-11 05:00:00,2019-03-11 10:00:00,10000.0,-21.712500000000528,194.00000000000526,sell,1.12521,1.12327,58.00000000000249,5,10164.700000000004,2019
2019-03-11 10:00:00,2019-03-11 23:00:00,10000.0,-26.712499999998922,238.9999999999892,sell,1.12646,1.1240700000000001,79.00000000000684,13,10138.800000000005,2019
2019-03-20 09:00:00,2019-03-20 19:00:00,10000.0,89.77499999999915,-923.9999999999915,buy,1.14431,1.13507,976.9999999999834,10,10229.200000000006,2019
2019-03-31 21:00:00,2019-04-02 15:00:00,10000.0,27.774999999999096,-323.99999999999096,sell,1.11925,1.12249,565.9999999999998,42,10259.600000000004,2019
2019-04-09 13:00:00,2019-04-10 14:00:00,10000.0,-44.56249999999993,409.9999999999992,buy,1.12397,1.12807,105.99999999998387,25,10216.600000000004,2019
2019-04-10 14:00:00,2019-04-12 03:00:00,10000.0,30.98750000000033,-353.0000000000033,buy,1.1287,1.12517,387.000000000004,37,10249.900000000005,2019
2019-04-28 21:00:00,2019-04-29 17:00:00,10000.0,-38.34999999999902,350.99999999999017,sell,1.11825,1.11474,9.999999999998899,20,10212.800000000008,2019
2019-05-07 05:00:00,2019-05-07 12:00:00,10000.0,-36.53749999999913,340.9999999999913,buy,1.11815,1.12156,51.00000000000104,7,10176.700000000008,2019
2019-05-07 12:00:00,2019-05-09 14:00:00,10000.0,42.475000000000975,-476.0000000000097,buy,1.12325,1.11849,665.0000000000044,50,10222.300000000012,2019
2019-06-23 21:00:00,2019-06-25 18:00:00,10000.0,-6.61250000000069,18.0000000000069,sell,1.13723,1.13705,392.00000000001455,45,10218.500000000007,2019
2019-07-08 09:00:00,2019-07-09 09:00:00,10000.0,21.700000000000777,-252.00000000000776,sell,1.12002,1.12254,292.99999999998766,24,10241.70000000001,2019
2019-07-14 21:00:00,2019-07-16 10:00:00,10000.0,29.187499999999645,-334.99999999999636,sell,1.12325,1.1266,508.99999999998164,37,10273.200000000008,2019
2019-07-28 21:00:00,2019-07-30 13:00:00,10000.0,-31.000000000000412,265.0000000000041,sell,1.11537,1.11272,55.00000000000504,40,10244.700000000012,2019
2019-08-06 13:00:00,2019-08-07 14:00:00,10000.0,53.33749999999973,-568.9999999999973,buy,1.12317,1.11748,607.0000000000019,25,10299.60000000001,2019
2019-08-08 09:00:00,2019-08-08 18:00:00,10000.0,-16.16250000000028,136.00000000000279,buy,1.11977,1.12113,170.9999999999878,9,10284.00000000001,2019
2019-08-08 18:00:00,2019-08-08 20:00:00,10000.0,-4.32500000000109,22.000000000010896,buy,1.11845,1.11867,0.0,2,10279.800000000008,2019
2019-08-08 20:00:00,2019-08-08 22:00:00,10000.0,8.175000000000864,-103.00000000000863,buy,1.11907,1.11804,150.00000000000568,2,10288.10000000001,2019
2019-08-25 21:00:00,2019-08-26 19:00:00,10000.0,43.62499999999926,-469.9999999999926,sell,1.10993,1.11463,639.999999999996,22,10333.100000000004,2019
2019-09-16 09:00:00,2019-09-16 13:00:00,10000.0,29.350000000000517,-316.0000000000051,sell,1.10266,1.10582,336.00000000000296,4,10362.700000000004,2019
2019-09-18 17:00:00,2019-09-18 19:00:00,10000.0,-35.72500000000029,336.00000000000296,buy,1.10304,1.1064,174.00000000000747,2,10327.100000000004,2019
2019-09-18 19:00:00,2019-09-19 18:00:00,10000.0,18.862500000001763,-223.00000000001762,buy,1.10569,1.1034599999999999,346.0000000000018,23,10347.400000000005,2019
2019-09-29 21:00:00,2019-09-30 12:00:00,10000.0,25.762500000001502,-287.000000000015,sell,1.09096,1.09383,378.00000000001165,15,10374.100000000004,2019
2019-09-30 13:00:00,2019-10-01 17:00:00,10000.0,-44.049999999999784,402.9999999999978,sell,1.09391,1.08988,32.0000000000098,28,10331.800000000003,2019
2019-10-14 09:00:00,2019-10-15 14:00:00,10000.0,36.187500000000036,-400.00000000000034,sell,1.09951,1.10351,504.99999999999983,29,10369.800000000001,2019
2019-10-21 09:00:00,2019-10-22 12:00:00,10000.0,23.712499999999647,-273.9999999999964,sell,1.11386,1.1166,346.9999999999862,27,10395.2,2019
2019-11-11 09:00:00,2019-11-12 18:00:00,10000.0,11.637499999998493,-156.9999999999849,sell,1.10122,1.10279,302.9999999999866,33,10408.9,2019
2019-11-17 22:00:00,2019-11-18 16:00:00,10000.0,-34.72500000000052,316.0000000000051,sell,1.10822,1.10506,-8.999999999992347,18,10375.300000000001,2019
2019-11-19 09:00:00,2019-11-21 13:00:00,10000.0,13.249999999999073,-184.9999999999907,buy,1.10883,1.10698,358.9999999999982,52,10391.800000000003,2019
2019-12-23 01:00:00,2019-12-24 02:00:00,10000.0,-15.562499999998678,119.99999999998677,sell,1.10879,1.10759,75.00000000000284,25,10377.800000000001,2019
2019-12-30 05:00:00,2019-12-31 13:00:00,10000.0,-36.099999999999355,320.99999999999346,sell,1.1232199999999999,1.12001,2.0000000000131024,32,10343.700000000003,2019
