open_dt,close_dt,volume,pnl,pnl_pips,direction,entry_price,exit_price,max_dd,duration_bars,balance,year
2006-01-02 08:00:00,2006-01-02 17:00:00,10000.0,26.437500000001247,-290.00000000001245,sell,1.1818,1.1847,330.000000000008,9,10027.000000000002,2006
2006-01-04 21:00:00,2006-01-05 14:00:00,10000.0,-42.06250000000014,390.0000000000014,buy,1.20813,1.21203,153.00000000000313,17,9986.000000000002,2006
2006-01-05 14:00:00,2006-01-06 14:00:00,10000.0,-86.79999999999949,832.9999999999948,sell,1.21616,1.20783,182.9999999999998,24,9900.700000000004,2006
2006-01-09 01:00:00,2006-01-09 09:00:00,10000.0,50.79999999999835,-532.9999999999834,sell,1.2089,1.21423,622.9999999999957,8,9952.000000000004,2006
2006-01-09 09:00:00,2006-01-09 14:00:00,10000.0,1.6874999999995595,-39.999999999995595,sell,1.20795,1.20835,139.99999999998457,5,9954.000000000004,2006
2006-01-09 14:00:00,2006-01-11 17:00:00,10000.0,49.11250000000046,-543.0000000000045,buy,1.21298,1.20755,943.0000000000049,51,10006.300000000003,2006
2006-01-11 17:00:00,2006-01-12 15:00:00,10000.0,95.2249999999998,-985.999999999998,sell,1.20307,1.21293,1317.9999999999968,22,10102.900000000003,2006
2006-01-12 15:00:00,2006-01-13 17:00:00,10000.0,-71.62500000000139,680.0000000000139,sell,1.21015,1.20335,109.99999999998788,26,10032.900000000001,2006
2006-01-15 22:00:00,2006-01-16 18:00:00,10000.0,23.550000000002377,-268.00000000002376,sell,1.2119199999999999,1.2146000000000001,508.0000000000195,20,10057.700000000006,2006
2006-01-16 18:00:00,2006-01-17 12:00:00,10000.0,-55.62499999999977,524.9999999999976,buy,1.2071,1.21235,129.00000000000134,18,10003.20000000001,2006
2006-01-18 09:00:00,2006-01-20 21:00:00,10000.0,-33.2500000000003,275.000000000003,sell,1.2134,1.21065,255.0000000000052,60,9973.700000000013,2006
2006-01-22 22:00:00,2006-01-23 01:00:00,10000.0,-86.18749999999963,839.9999999999962,sell,1.222,1.2136,190.00000000000125,3,9887.700000000013,2006
2006-01-23 01:00:00,2006-01-23 22:00:00,10000.0,-73.6124999999987,702.9999999999869,sell,1.23033,1.2233,70.0000000000145,21,9815.400000000014,2006
2006-01-23 22:00:00,2006-01-25 16:00:00,10000.0,-40.925000000000225,363.00000000000216,buy,1.2261,1.22973,228.9999999999903,42,9777.100000000019,2006
2006-01-26 09:00:00,2006-01-27 02:00:00,10000.0,43.63750000000174,-467.00000000001734,sell,1.22053,1.2252,577.0000000000052,17,9821.80000000002,2006
2006-01-29 22:00:00,2006-01-31 06:00:00,10000.0,-7.80000000000047,38.0000000000047,sell,1.21008,1.2097,131.99999999999878,32,9816.000000000018,2006
2006-01-31 06:00:00,2006-01-31 16:00:00,10000.0,41.17500000000051,-438.000000000005,buy,1.21393,1.20955,533.0000000000057,10,9857.80000000002,2006
2006-02-02 05:00:00,2006-02-02 16:00:00,10000.0,-51.18750000000021,485.00000000000205,sell,1.20893,1.20408,89.99999999999008,11,9807.300000000021,2006
2006-02-02 16:00:00,2006-02-03 14:00:00,10000.0,85.92500000000105,-893.0000000000103,sell,1.2006999999999999,1.20963,1058.0000000000032,22,9894.600000000026,2006
2006-02-05 22:00:00,2006-02-06 14:00:00,10000.0,52.50000000000166,-555.0000000000166,sell,1.19705,1.2026000000000001,714.9999999999989,16,9948.100000000026,2006
2006-02-07 09:00:00,2006-02-07 17:00:00,10000.0,-32.000000000000085,295.0000000000008,buy,1.19705,1.2,282.00000000000443,8,9916.600000000026,2006
2006-02-12 22:00:00,2006-02-14 06:00:00,10000.0,-26.299999999999542,222.9999999999954,sell,1.19133,1.1891,56.999999999995936,32,9892.300000000027,2006
2006-02-14 06:00:00,2006-02-14 14:00:00,10000.0,-45.4999999999997,429.99999999999704,buy,1.1873500000000001,1.19165,145.00000000001734,8,9847.300000000027,2006
2006-02-15 21:00:00,2006-02-16 06:00:00,10000.0,-16.062499999999623,134.99999999999622,buy,1.18783,1.18918,65.00000000000394,9,9831.800000000027,2006
2006-02-16 06:00:00,2006-02-16 18:00:00,10000.0,-3.9499999999989797,11.999999999989795,sell,1.18835,1.1882300000000001,99.99999999998897,12,9828.600000000026,2006
2006-02-16 18:00:00,2006-02-17 06:00:00,10000.0,5.050000000000029,-78.00000000000028,buy,1.18878,1.188,143.00000000000423,12,9834.400000000029,2006
2006-02-19 22:00:00,2006-02-20 18:00:00,10000.0,-30.250000000001467,270.00000000001467,sell,1.1946,1.1919,269.99999999999244,20,9805.400000000027,2006
2006-02-20 18:00:00,2006-02-21 12:00:00,10000.0,-41.62499999999909,384.99999999999085,buy,1.19015,1.194,-9.999999999998899,18,9764.900000000025,2006
2006-02-22 21:00:00,2006-02-23 11:00:00,10000.0,43.625000000000426,-465.00000000000426,buy,1.19605,1.1914,682.0000000000048,14,9809.400000000029,2006
2006-02-23 13:00:00,2006-02-23 16:00:00,10000.0,-40.187500000000256,380.0000000000025,buy,1.1918,1.1956,134.99999999999622,3,9769.400000000029,2006
2006-02-23 16:00:00,2006-02-24 02:00:00,10000.0,-5.124999999998614,24.99999999998614,buy,1.19208,1.19233,85.00000000000173,10,9764.90000000003,2006
2006-02-26 22:00:00,2006-02-28 16:00:00,10000.0,-69.12500000000067,645.0000000000066,sell,1.19225,1.1858,96.99999999999153,42,9698.400000000032,2006
2006-03-01 13:00:00,2006-03-01 17:00:00,10000.0,55.45000000000053,-577.0000000000052,sell,1.19008,1.19585,726.9999999999887,4,9754.100000000033,2006
2006-03-01 17:00:00,2006-03-02 16:00:00,10000.0,-76.43749999999862,729.9999999999861,sell,1.1983,1.191,195.00000000001182,23,9679.100000000035,2006
2006-03-02 16:00:00,2006-03-03 21:00:00,10000.0,-35.01250000000012,312.00000000000114,sell,1.20322,1.2001,198.00000000000927,29,9645.900000000036,2006
2006-03-05 22:00:00,2006-03-06 18:00:00,10000.0,42.149999999999885,-453.9999999999988,sell,1.19986,1.2044,904.0000000000158,20,9689.300000000036,2006
2006-03-06 18:00:00,2006-03-07 05:00:00,10000.0,-63.3875000000002,607.0000000000019,buy,1.19543,1.2015,69.99999999999228,11,9626.600000000037,2006
2006-03-07 09:00:00,2006-03-08 10:00:00,10000.0,-12.562499999999009,89.99999999999008,buy,1.19185,1.19275,499.00000000000495,25,9615.60000000004,2006
2006-03-08 10:00:00,2006-03-10 21:00:00,10000.0,6.8124999999997335,-124.99999999999733,sell,1.1912,1.19245,392.99999999999886,59,9626.100000000046,2006
2006-03-12 22:00:00,2006-03-13 08:00:00,10000.0,-54.624999999998714,519.9999999999872,sell,1.1961,1.1909,70.0000000000145,10,9572.100000000048,2006
2006-03-13 08:00:00,2006-03-14 01:00:00,10000.0,-52.86249999999984,497.9999999999984,sell,1.19788,1.1929,9.999999999998899,17,9520.300000000047,2006
2006-03-14 09:00:00,2006-03-14 16:00:00,10000.0,40.662500000000364,-431.0000000000036,buy,1.20148,1.19717,743.0000000000047,7,9561.400000000045,2006
2006-03-15 17:00:00,2006-03-16 14:00:00,10000.0,-87.31249999999963,839.9999999999962,sell,1.21305,1.20465,55.00000000000504,21,9475.400000000047,2006
2006-03-16 14:00:00,2006-03-17 14:00:00,10000.0,-55.199999999998965,516.9999999999897,sell,1.2186,1.21343,130.00000000000787,24,9421.700000000044,2006
2006-03-19 22:00:00,2006-03-20 14:00:00,10000.0,-11.599999999998609,85.99999999998609,sell,1.2181,1.21724,144.9999999999951,16,9411.100000000042,2006
2006-03-20 14:00:00,2006-03-21 15:00:00,10000.0,-57.46249999999784,538.9999999999783,buy,1.21151,1.2168999999999999,103.00000000000863,25,9355.200000000044,2006
2006-03-26 22:00:00,2006-03-28 02:00:00,10000.0,12.449999999999548,-161.99999999999548,sell,1.20078,1.2024,502.0000000000024,28,9369.400000000047,2006
2006-03-28 02:00:00,2006-03-28 09:00:00,10000.0,53.762499999999584,-561.9999999999958,buy,1.2062,1.20058,692.0000000000036,7,9423.600000000046,2006
2006-03-28 17:00:00,2006-03-28 20:00:00,10000.0,63.41250000000122,-656.000000000012,sell,1.2008699999999999,1.20743,703.0000000000091,3,9487.200000000046,2006
2006-03-28 20:00:00,2006-03-30 05:00:00,10000.0,-71.56250000000034,675.0000000000033,sell,1.20733,1.20058,9.999999999998899,33,9417.70000000004,2006
2006-03-30 05:00:00,2006-03-30 15:00:00,10000.0,-77.32500000000087,747.0000000000088,sell,1.21405,1.20658,99.99999999998897,10,9341.000000000042,2006
2006-04-02 21:00:00,2006-04-03 05:00:00,10000.0,57.00000000000122,-595.0000000000122,sell,1.20515,1.2111,665.0000000000044,8,9398.500000000042,2006
2006-04-03 05:00:00,2006-04-03 15:00:00,10000.0,-70.22499999999877,675.9999999999877,sell,1.21148,1.20472,20.000000000020002,10,9328.900000000043,2006
2006-04-05 17:00:00,2006-04-06 10:00:00,10000.0,14.937500000000238,-180.00000000000236,buy,1.2318,1.23,436.99999999999847,17,9344.900000000043,2006
2006-04-06 10:00:00,2006-04-06 13:00:00,10000.0,58.01250000000137,-602.0000000000136,sell,1.2245,1.23052,765.0000000000156,3,9403.100000000044,2006
2006-04-06 13:00:00,2006-04-07 15:00:00,10000.0,99.87500000000081,-1035.000000000008,sell,1.21115,1.2215,1307.999999999998,26,9504.600000000046,2006
2006-04-09 21:00:00,2006-04-11 06:00:00,10000.0,-32.362500000001106,283.00000000001097,sell,1.21283,1.21,-2.9999999999974487,33,9474.300000000045,2006
2006-04-11 06:00:00,2006-04-12 13:00:00,10000.0,-51.337499999999665,473.9999999999966,buy,1.20848,1.21322,188.00000000001037,31,9424.900000000045,2006
2006-04-12 21:00:00,2006-04-14 06:00:00,10000.0,1.4375000000005045,-55.00000000000504,buy,1.21103,1.21048,408.0000000000083,33,9428.400000000045,2006
2006-04-16 21:00:00,2006-04-17 01:00:00,10000.0,-52.249999999998934,499.9999999999893,sell,1.21685,1.21185,0.0,4,9376.400000000045,2006
2006-04-17 01:00:00,2006-04-17 12:00:00,10000.0,-52.68750000000115,500.0000000000115,sell,1.2233,1.2183,69.99999999999228,11,9324.400000000041,2006
2006-04-17 12:00:00,2006-04-18 19:00:00,10000.0,-70.03749999999783,660.9999999999782,sell,1.23141,1.2248,93.00000000000973,31,9256.300000000043,2006
2006-04-19 13:00:00,2006-04-19 18:00:00,10000.0,-68.51249999999848,661.9999999999848,sell,1.23847,1.2318500000000001,46.00000000001269,5,9188.100000000046,2006
2006-04-19 18:00:00,2006-04-20 15:00:00,10000.0,72.8874999999996,-761.9999999999959,sell,1.23068,1.2383,842.0000000000093,21,9262.300000000048,2006
2006-04-23 21:00:00,2006-04-25 13:00:00,10000.0,-62.000000000001435,575.0000000000143,sell,1.24235,1.2366,99.99999999998897,40,9202.80000000005,2006
2006-04-26 21:00:00,2006-04-27 15:00:00,10000.0,-96.82500000000101,937.00000000001,sell,1.2539,1.24453,69.99999999999228,18,9107.100000000048,2006
2006-04-27 15:00:00,2006-04-28 16:00:00,10000.0,-106.56249999999976,1029.9999999999975,sell,1.2625,1.2522,78.00000000000028,25,9002.10000000005,2006
2006-04-30 21:00:00,2006-05-01 14:00:00,10000.0,-42.36249999999989,392.99999999999886,sell,1.26613,1.2622,266.999999999995,17,8960.80000000005,2006
2006-05-01 14:00:00,2006-05-02 02:00:00,10000.0,26.250000000001247,-290.00000000001245,sell,1.2585,1.2614,425.0000000000087,12,8987.800000000052,2006
2006-05-02 02:00:00,2006-05-02 10:00:00,10000.0,53.5000000000005,-560.0000000000049,buy,1.2641,1.2585,825.000000000009,8,9041.800000000054,2006
2006-05-02 10:00:00,2006-05-04 14:00:00,10000.0,-1.4499999999995303,-38.0000000000047,buy,1.26423,1.26385,717.9999999999964,52,9043.600000000057,2006
2006-05-04 14:00:00,2006-05-07 21:00:00,10000.0,-41.537499999997635,375.9999999999763,sell,1.2724199999999999,1.2686600000000001,403.00000000001995,31,9004.000000000056,2006
2006-05-07 21:00:00,2006-05-08 22:00:00,10000.0,28.13750000000117,-317.0000000000117,sell,1.27063,1.2738,799.0000000000163,25,9033.700000000063,2006
2006-05-08 22:00:00,2006-05-09 15:00:00,10000.0,50.737500000001624,-538.0000000000161,buy,1.2757100000000001,1.27033,957.0000000000077,17,9085.500000000067,2006
2006-05-10 13:00:00,2006-05-11 02:00:00,10000.0,58.38749999999904,-611.9999999999902,sell,1.27201,1.27813,1123.9999999999916,13,9144.700000000064,2006
2006-05-11 02:00:00,2006-05-11 15:00:00,10000.0,-89.11249999999916,862.9999999999915,sell,1.28216,1.27353,148.99999999999912,13,9056.400000000067,2006
2006-05-11 15:00:00,2006-05-12 10:00:00,10000.0,-78.28749999999906,750.9999999999905,sell,1.29222,1.28471,348.99999999999926,19,8979.300000000065,2006
2006-05-14 21:00:00,2006-05-15 09:00:00,10000.0,93.44999999999962,-961.9999999999961,sell,1.28443,1.29405,1204.000000000005,12,9073.500000000065,2006
2006-05-15 09:00:00,2006-05-16 10:00:00,10000.0,18.037499999999397,-215.99999999999395,sell,1.28129,1.28345,480.99999999999807,25,9093.100000000068,2006
2006-05-16 10:00:00,2006-05-17 08:00:00,10000.0,78.02500000000036,-814.0000000000035,buy,1.28944,1.2812999999999999,845.9999999999911,22,9172.50000000007,2006
2006-05-17 13:00:00,2006-05-17 16:00:00,10000.0,107.2124999999995,-1093.999999999995,sell,1.27241,1.28335,1219.9999999999989,3,9279.900000000069,2006
2006-05-17 16:00:00,2006-05-18 22:00:00,10000.0,-115.67499999999967,1117.9999999999966,sell,1.28583,1.27465,134.99999999999622,30,9166.100000000075,2006
2006-05-21 21:00:00,2006-05-22 16:00:00,10000.0,-96.58750000000126,934.0000000000125,sell,1.28469,1.27535,44.999999999983935,19,9070.700000000073,2006
2006-05-22 16:00:00,2006-05-24 16:00:00,10000.0,80.10000000000018,-851.0000000000017,sell,1.27474,1.28325,1427.0000000000005,48,9153.800000000077,2006
2006-05-24 16:00:00,2006-05-28 21:00:00,10000.0,12.787500000000893,-181.00000000000892,sell,1.27349,1.2753,970.9999999999884,53,9169.900000000074,2006
2006-05-28 21:00:00,2006-05-29 18:00:00,10000.0,-29.712499999997537,263.99999999997533,sell,1.2751299999999999,1.2724900000000001,160.00000000000458,21,9141.500000000078,2006
2006-05-29 18:00:00,2006-05-30 03:00:00,10000.0,42.43749999999949,-449.9999999999948,buy,1.28,1.2755,574.9999999999922,9,9184.500000000076,2006
2006-05-30 03:00:00,2006-05-30 10:00:00,10000.0,62.36250000000041,-648.0000000000041,buy,1.2872000000000001,1.28072,718.0000000000185,7,9247.300000000077,2006
2006-05-31 17:00:00,2006-06-01 04:00:00,10000.0,-79.48749999999909,767.9999999999909,buy,1.27633,1.2840099999999999,79.99999999999119,11,9168.500000000078,2006
2006-06-01 04:00:00,2006-06-01 10:00:00,10000.0,-4.97499999999927,25.999999999992692,buy,1.27767,1.27793,248.00000000000375,6,9163.900000000078,2006
2006-06-04 21:00:00,2006-06-05 22:00:00,10000.0,12.337499999999803,-158.999999999998,sell,1.29033,1.29192,750.0000000000061,25,9177.800000000077,2006
2006-06-05 22:00:00,2006-06-06 13:00:00,10000.0,-66.33750000000012,634.0000000000011,buy,1.28369,1.29003,68.00000000000139,15,9112.400000000076,2006
2006-06-07 09:00:00,2006-06-08 08:00:00,10000.0,52.962500000000894,-564.0000000000089,sell,1.27573,1.2813700000000001,652.9999999999924,23,9166.800000000072,2006
2006-06-08 13:00:00,2006-06-11 21:00:00,10000.0,18.299999999999542,-222.9999999999954,sell,1.2619,1.26413,644.0000000000001,32,9187.10000000007,2006
2006-06-11 21:00:00,2006-06-13 02:00:00,10000.0,24.88749999999928,-286.9999999999928,sell,1.25808,1.26095,700.999999999996,29,9213.800000000065,2006
2006-06-13 02:00:00,2006-06-13 18:00:00,10000.0,-44.20000000000124,412.00000000001234,buy,1.25406,1.25818,104.99999999999953,16,9170.600000000066,2006
2006-06-14 17:00:00,2006-06-18 21:00:00,10000.0,-34.44999999999811,291.9999999999811,sell,1.26395,1.26103,317.0000000000117,52,9139.40000000007,2006
2006-06-18 21:00:00,2006-06-19 02:00:00,10000.0,60.78750000000038,-631.0000000000038,sell,1.25784,1.26415,695.9999999999854,5,9200.500000000073,2006
2006-06-19 02:00:00,2006-06-21 10:00:00,10000.0,-57.89999999999911,523.9999999999911,sell,1.26334,1.2581,80.00000000001339,56,9146.100000000066,2006
2006-06-22 01:00:00,2006-06-22 08:00:00,10000.0,-35.637499999999896,331.9999999999989,buy,1.26352,1.26684,29.999999999996692,7,9110.900000000067,2006
2006-06-22 08:00:00,2006-06-22 11:00:00,10000.0,-48.48750000000134,463.00000000001336,buy,1.25931,1.26394,104.99999999999953,3,9062.600000000066,2006
2006-06-22 11:00:00,2006-06-23 06:00:00,10000.0,-24.287499999998342,210.9999999999834,buy,1.25703,1.25914,200.00000000000017,19,9039.500000000064,2006
2006-06-25 21:00:00,2006-06-26 08:00:00,10000.0,-70.18749999999812,674.9999999999811,sell,1.257,1.25025,142.00000000001987,11,8970.000000000065,2006
2006-06-26 08:00:00,2006-06-27 01:00:00,10000.0,-57.862499999999294,547.9999999999928,sell,1.26128,1.2558,26.000000000014897,17,8913.20000000007,2006
2006-06-28 17:00:00,2006-06-29 19:00:00,10000.0,115.07500000000047,-1187.0000000000045,buy,1.2660500000000001,1.25418,1408.000000000009,26,9029.900000000072,2006
2006-06-29 19:00:00,2006-06-30 10:00:00,10000.0,59.3625000000018,-623.000000000018,buy,1.27106,1.26483,656.000000000012,15,9090.200000000077,2006
2006-07-02 21:00:00,2006-07-03 18:00:00,10000.0,-29.512500000000667,262.00000000000665,sell,1.28072,1.2781,140.99999999999113,21,9062.000000000075,2006
2006-07-03 18:00:00,2006-07-05 13:00:00,10000.0,-60.98750000000024,563.0000000000024,buy,1.27446,1.28009,35.999999999991594,43,9003.70000000007,2006
2006-07-06 09:00:00,2006-07-06 13:00:00,10000.0,-33.849999999998296,315.99999999998295,sell,1.27599,1.2728300000000001,229.0000000000125,4,8970.10000000007,2006
2006-07-06 13:00:00,2006-07-07 13:00:00,10000.0,-74.4000000000004,709.000000000004,sell,1.2821,1.27501,448.0000000000039,24,8897.20000000007,2006
2006-07-09 21:00:00,2006-07-10 12:00:00,10000.0,49.96250000000239,-529.0000000000239,sell,1.2753999999999999,1.28069,624.0000000000023,15,8948.10000000007,2006
2006-07-10 12:00:00,2006-07-10 22:00:00,10000.0,-7.324999999999704,46.99999999999704,sell,1.27403,1.27356,198.00000000000927,10,8941.40000000007,2006
2006-07-10 22:00:00,2006-07-12 13:00:00,10000.0,-37.53750000000146,331.0000000000146,buy,1.27117,1.27448,266.999999999995,39,8906.300000000065,2006
2006-07-12 13:00:00,2006-07-14 14:00:00,10000.0,64.13750000000037,-692.0000000000036,sell,1.26317,1.27009,979.0000000000186,49,8973.500000000067,2006
2006-07-16 21:00:00,2006-07-17 09:00:00,10000.0,71.24999999999851,-739.9999999999851,sell,1.2556,1.263,855.0000000000057,12,9045.500000000067,2006
2006-07-17 09:00:00,2006-07-18 10:00:00,10000.0,8.537500000001554,-121.00000000001553,sell,1.25196,1.2531700000000001,290.9999999999968,25,9055.600000000071,2006
2006-07-18 10:00:00,2006-07-18 15:00:00,10000.0,-48.81249999999821,464.99999999998204,buy,1.24893,1.25358,165.00000000001512,5,9007.100000000073,2006
2006-07-23 21:00:00,2006-07-24 01:00:00,10000.0,35.249999999999204,-374.999999999992,sell,1.2662,1.26995,435.00000000000756,4,9042.600000000073,2006
2006-07-24 01:00:00,2006-07-25 10:00:00,10000.0,0.9374999999994493,-49.999999999994486,sell,1.26455,1.26505,245.99999999999065,33,9045.600000000075,2006
2006-07-25 10:00:00,2006-07-25 16:00:00,10000.0,-75.27500000000019,729.0000000000018,buy,1.25718,1.26447,9.999999999998899,6,8970.700000000073,2006
2006-07-26 17:00:00,2006-07-26 21:00:00,10000.0,50.44999999999886,-526.9999999999885,buy,1.27148,1.26621,571.9999999999947,4,9021.400000000072,2006
2006-07-27 05:00:00,2006-07-27 23:00:00,10000.0,36.875000000000036,-400.00000000000034,sell,1.26943,1.27343,764.9999999999934,18,9059.40000000007,2006
2006-07-30 21:00:00,2006-07-31 22:00:00,10000.0,-17.76249999999977,141.99999999999767,sell,1.27692,1.2755,123.99999999999078,25,9043.20000000007,2006
2006-07-31 22:00:00,2006-08-01 06:00:00,10000.0,-44.99999999999865,424.99999999998647,buy,1.27305,1.2772999999999999,62.00000000000649,8,8998.700000000073,2006
2006-08-01 06:00:00,2006-08-01 16:00:00,10000.0,39.374999999999815,-419.9999999999981,buy,1.27745,1.27325,492.0000000000035,10,9038.70000000007,2006
2006-08-06 21:00:00,2006-08-07 18:00:00,10000.0,37.68749999999993,-409.9999999999992,sell,1.28375,1.28785,504.99999999999983,21,9077.700000000072,2006
2006-08-07 18:00:00,2006-08-08 23:00:00,10000.0,-80.81249999999818,769.9999999999817,buy,1.2766600000000001,1.28436,35.00000000000725,29,8998.700000000073,2006
2006-08-10 17:00:00,2006-08-13 21:00:00,10000.0,55.25000000000016,-590.0000000000016,sell,1.27163,1.27753,825.9999999999933,28,9055.700000000073,2006
2006-08-13 21:00:00,2006-08-15 13:00:00,10000.0,-74.00000000000011,695.0000000000011,sell,1.2777,1.27075,-9.999999999998899,40,8984.200000000073,2006
2006-08-16 21:00:00,2006-08-17 12:00:00,10000.0,-46.937499999999595,439.9999999999959,sell,1.28846,1.28406,22.000000000010896,15,8938.200000000072,2006
2006-08-17 12:00:00,2006-08-17 18:00:00,10000.0,47.02500000000167,-494.0000000000166,sell,1.28198,1.28692,537.0000000000097,6,8985.600000000075,2006
2006-08-17 18:00:00,2006-08-20 21:00:00,10000.0,-0.38749999999836504,-33.00000000001635,sell,1.28215,1.28248,228.00000000000597,27,8986.900000000076,2006
2006-08-20 21:00:00,2006-08-21 02:00:00,10000.0,-56.31250000000071,540.000000000007,sell,1.2876,1.2822,14.999999999987244,5,8930.900000000074,2006
2006-08-21 02:00:00,2006-08-21 13:00:00,10000.0,-31.287499999998627,285.99999999998624,sell,1.29025,1.28739,210.00000000002126,11,8900.300000000074,2006
2006-08-22 05:00:00,2006-08-22 12:00:00,10000.0,-62.83749999999823,603.9999999999823,buy,1.28102,1.2870599999999999,22.000000000010896,7,8837.900000000076,2006
2006-08-24 09:00:00,2006-08-24 17:00:00,10000.0,-60.70000000000158,582.0000000000158,buy,1.27673,1.28255,98.99999999998242,8,8777.700000000073,2006
2006-08-24 17:00:00,2006-08-27 21:00:00,10000.0,10.250000000000679,-140.00000000000676,sell,1.27495,1.27635,333.0000000000055,28,8789.70000000007,2006
2006-08-27 21:00:00,2006-08-28 04:00:00,10000.0,-48.937500000000426,465.00000000000426,sell,1.2798,1.27515,45.00000000000614,7,8741.20000000007,2006
2006-08-28 04:00:00,2006-08-29 06:00:00,10000.0,-28.324999999999722,246.99999999999721,sell,1.28187,1.2794,121.99999999999987,26,8714.500000000067,2006
2006-08-29 06:00:00,2006-08-29 14:00:00,10000.0,-42.19999999999807,396.9999999999807,buy,1.27865,1.2826199999999999,-19.999999999997797,8,8672.80000000007,2006
2006-08-30 13:00:00,2006-08-31 14:00:00,10000.0,1.737499999999194,-52.999999999991935,buy,1.28351,1.28298,183.99999999998417,25,8676.100000000071,2006
2006-08-31 14:00:00,2006-09-03 21:00:00,10000.0,-38.53749999999796,345.99999999997965,sell,1.2831,1.27964,138.0000000000159,31,8639.500000000073,2006
2006-09-03 21:00:00,2006-09-06 10:00:00,10000.0,5.687499999999844,-114.99999999999842,sell,1.28265,1.2838,465.99999999998863,61,8649.000000000071,2006
2006-09-06 10:00:00,2006-09-06 13:00:00,10000.0,-30.387499999998226,281.99999999998226,buy,1.27855,1.28137,86.00000000000828,3,8618.800000000072,2006
2006-09-06 17:00:00,2006-09-07 12:00:00,10000.0,-59.98749999999907,567.9999999999907,buy,1.27296,1.27864,45.00000000000614,19,8560.000000000071,2006
2006-09-07 12:00:00,2006-09-08 10:00:00,10000.0,-7.275000000001125,39.00000000001125,buy,1.27124,1.27163,170.00000000000347,22,8554.100000000068,2006
2006-09-10 21:00:00,2006-09-11 09:00:00,10000.0,-52.950000000000244,502.0000000000024,sell,1.27122,1.2662,55.00000000000504,12,8501.900000000067,2006
2006-09-11 09:00:00,2006-09-12 06:00:00,10000.0,9.387500000001044,-127.00000000001043,sell,1.2716399999999999,1.27291,167.00000000000603,21,8512.600000000068,2006
2006-09-12 06:00:00,2006-09-12 15:00:00,10000.0,-33.36249999999971,307.99999999999716,buy,1.26865,1.27173,158.999999999998,9,8479.800000000067,2006
2006-09-13 13:00:00,2006-09-13 17:00:00,10000.0,-28.649999999999757,263.99999999999756,sell,1.26999,1.26735,171.99999999999437,4,8451.400000000067,2006
2006-09-13 17:00:00,2006-09-14 15:00:00,10000.0,-60.67499999999791,572.9999999999791,sell,1.2749599999999999,1.26923,19.00000000001345,22,8392.100000000066,2006
2006-09-17 21:00:00,2006-09-18 07:00:00,10000.0,-60.02499999999856,573.9999999999856,sell,1.26839,1.26265,-7.999999999985795,10,8332.700000000068,2006
2006-09-18 07:00:00,2006-09-19 03:00:00,10000.0,-54.45000000000013,512.0000000000013,sell,1.27241,1.26729,9.999999999998899,20,8279.500000000065,2006
2006-09-19 17:00:00,2006-09-21 08:00:00,10000.0,-61.13749999999842,566.9999999999841,sell,1.273,1.26733,51.00000000000104,39,8220.800000000068,2006
2006-09-21 08:00:00,2006-09-21 17:00:00,10000.0,-61.76249999999925,591.9999999999925,sell,1.2779,1.27198,97.99999999999808,9,8159.60000000007,2006
2006-09-21 17:00:00,2006-09-24 21:00:00,10000.0,-11.449999999999374,76.99999999999373,sell,1.2781,1.27733,486.99999999999295,28,8149.900000000072,2006
2006-09-24 21:00:00,2006-09-25 15:00:00,10000.0,38.074999999999015,-411.9999999999901,sell,1.27428,1.2784,759.9999999999828,18,8189.100000000071,2006
2006-09-25 15:00:00,2006-09-25 22:00:00,10000.0,-6.337500000001125,39.00000000001125,sell,1.27482,1.27443,130.9999999999922,7,8183.200000000069,2006
2006-09-25 22:00:00,2006-09-26 09:00:00,10000.0,-42.28749999999964,395.9999999999963,buy,1.27089,1.27485,-19.999999999997797,11,8141.600000000068,2006
2006-09-26 09:00:00,2006-09-29 10:00:00,10000.0,-42.26250000000073,357.0000000000073,buy,1.26629,1.26986,72.99999999998974,73,8103.900000000069,2006
2006-10-01 21:00:00,2006-10-02 14:00:00,10000.0,-63.3624999999998,602.999999999998,sell,1.27393,1.2679,76.0000000000094,17,8041.600000000069,2006
2006-10-02 14:00:00,2006-10-04 09:00:00,10000.0,49.91250000000021,-546.000000000002,sell,1.26872,1.27418,770.9999999999883,43,8094.200000000067,2006
2006-10-04 17:00:00,2006-10-04 22:00:00,10000.0,-23.312499999999908,209.99999999999906,sell,1.27158,1.26948,-5.999999999994897,5,8071.200000000067,2006
2006-10-04 22:00:00,2006-10-05 15:00:00,10000.0,-30.862500000000047,278.00000000000045,buy,1.26855,1.27133,145.00000000001734,17,8041.400000000068,2006
2006-10-05 17:00:00,2006-10-06 13:00:00,10000.0,83.85000000000218,-871.0000000000217,sell,1.2602499999999999,1.26896,1097.0000000000146,20,8126.500000000069,2006
2006-10-08 21:00:00,2006-10-10 10:00:00,10000.0,11.787500000001113,-161.0000000000111,sell,1.25663,1.25824,473.0000000000123,37,8140.600000000073,2006
2006-10-10 10:00:00,2006-10-10 14:00:00,10000.0,-37.34999999999902,350.99999999999017,buy,1.25242,1.25593,78.00000000000028,4,8103.500000000075,2006
2006-10-12 21:00:00,2006-10-13 13:00:00,10000.0,30.399999999998983,-333.9999999999898,sell,1.25231,1.25565,533.99999999999,16,8134.900000000073,2006
2006-10-15 21:00:00,2006-10-17 01:00:00,10000.0,-52.65000000000061,489.0000000000061,sell,1.25424,1.24935,19.999999999997797,28,8084.000000000072,2006
2006-10-17 09:00:00,2006-10-18 18:00:00,10000.0,-14.962499999998133,108.99999999998133,buy,1.25205,1.25314,190.00000000000125,33,8071.100000000074,2006
2006-10-18 18:00:00,2006-10-19 10:00:00,10000.0,-45.69999999999996,426.99999999999955,sell,1.2573,1.25303,29.999999999996692,16,8026.400000000074,2006
2006-10-19 10:00:00,2006-10-19 15:00:00,10000.0,-38.412499999998914,360.9999999999891,sell,1.25973,1.2561200000000001,69.99999999999228,5,7988.300000000075,2006
2006-10-19 15:00:00,2006-10-19 19:00:00,10000.0,-36.35000000000135,341.0000000000135,sell,1.26279,1.25938,129.00000000000134,4,7952.2000000000735,2006
2006-10-22 21:00:00,2006-10-23 09:00:00,10000.0,29.15000000000026,-319.0000000000026,sell,1.25776,1.26095,431.0000000000036,12,7982.100000000072,2006
2006-10-23 09:00:00,2006-10-23 18:00:00,10000.0,3.5374999999999943,-60.999999999999936,sell,1.2544,1.25501,161.0000000000111,9,7986.200000000072,2006
2006-10-23 18:00:00,2006-10-25 16:00:00,10000.0,30.225000000001245,-351.0000000000124,buy,1.2587300000000001,1.25522,628.0000000000063,46,8019.30000000007,2006
2006-10-26 09:00:00,2006-10-27 01:00:00,10000.0,37.299999999999784,-402.9999999999978,buy,1.27015,1.26612,553.9999999999878,16,8057.600000000071,2006
2006-10-29 22:00:00,2006-10-30 18:00:00,10000.0,1.6500000000010144,-49.00000000001014,sell,1.2722499999999999,1.27274,127.00000000001043,20,8060.500000000072,2006
2006-10-30 18:00:00,2006-10-31 08:00:00,10000.0,-45.37500000000087,425.0000000000087,buy,1.2683,1.27255,46.99999999999704,14,8016.00000000007,2006
2006-10-31 08:00:00,2006-10-31 16:00:00,10000.0,64.40000000000084,-669.0000000000084,buy,1.2762,1.26951,754.9999999999945,8,8080.900000000071,2006
2006-11-01 17:00:00,2006-11-02 18:00:00,10000.0,-12.762499999998099,91.99999999998097,sell,1.2771299999999999,1.27621,130.00000000000787,25,8069.700000000073,2006
2006-11-02 18:00:00,2006-11-03 10:00:00,10000.0,-10.799999999997809,77.99999999997809,buy,1.27747,1.2782499999999999,103.00000000000863,16,8059.900000000074,2006
2006-11-05 22:00:00,2006-11-07 05:00:00,10000.0,-62.53749999999977,585.9999999999976,sell,1.2769599999999999,1.2711,-9.999999999976694,31,7999.300000000073,2006
2006-11-07 09:00:00,2006-11-07 15:00:00,10000.0,39.325000000000074,-417.0000000000007,buy,1.28053,1.27636,526.9999999999885,6,8039.000000000074,2006
2006-11-09 13:00:00,2006-11-09 17:00:00,10000.0,-71.75000000000011,695.0000000000011,sell,1.2836,1.27665,104.99999999999953,4,7967.500000000074,2006
2006-11-09 17:00:00,2006-11-10 10:00:00,10000.0,-57.76249999999864,546.9999999999864,sell,1.2886,1.28313,140.00000000000676,17,7910.800000000076,2006
2006-11-12 22:00:00,2006-11-13 10:00:00,10000.0,3.1500000000009045,-59.00000000000904,sell,1.28426,1.28485,347.0000000000084,12,7914.700000000076,2006
2006-11-13 10:00:00,2006-11-13 16:00:00,10000.0,-31.47499999999968,290.9999999999968,buy,1.28111,1.28402,123.00000000000642,6,7883.600000000078,2006
2006-11-13 17:00:00,2006-11-14 14:00:00,10000.0,49.087500000001334,-524.0000000000133,buy,1.28563,1.28039,595.0000000000122,21,7934.000000000079,2006
2006-11-15 21:00:00,2006-11-17 04:00:00,10000.0,39.76249999999985,-436.99999999999847,sell,1.27833,1.2827,524.0000000000133,31,7975.700000000078,2006
2006-11-19 22:00:00,2006-11-20 18:00:00,10000.0,6.050000000000974,-93.00000000000973,sell,1.28142,1.28235,364.00000000000875,20,7983.000000000076,2006
2006-11-20 18:00:00,2006-11-21 21:00:00,10000.0,30.51249999999979,-341.99999999999784,buy,1.28443,1.28101,462.0000000000068,27,8015.200000000075,2006
2006-11-22 13:00:00,2006-11-23 10:00:00,10000.0,-55.81249999999977,524.9999999999976,sell,1.29715,1.2919,29.999999999996692,21,7960.700000000076,2006
2006-11-23 10:00:00,2006-11-24 09:00:00,10000.0,-108.5375000000002,1051.0000000000018,sell,1.3069,1.29639,168.99999999999693,23,7853.600000000075,2006
2006-11-26 22:00:00,2006-11-27 14:00:00,10000.0,44.900000000000716,-479.00000000000716,sell,1.31091,1.3157,509.00000000000387,16,7899.5000000000755,2006
2006-11-27 14:00:00,2006-11-28 19:00:00,10000.0,61.587499999999906,-653.999999999999,buy,1.31759,1.31105,703.9999999999934,29,7962.900000000073,2006
2006-11-30 09:00:00,2006-11-30 16:00:00,10000.0,-61.73749999999991,592.9999999999991,sell,1.32578,1.31985,8.000000000008,7,7901.600000000072,2006
2006-11-30 16:00:00,2006-12-01 16:00:00,10000.0,-80.29999999999909,767.9999999999909,sell,1.3335,1.32582,120.00000000000898,24,7822.800000000072,2006
2006-12-03 22:00:00,2006-12-04 10:00:00,10000.0,57.25000000000006,-600.0000000000005,sell,1.32985,1.33585,631.0000000000038,12,7880.800000000072,2006
2006-12-04 10:00:00,2006-12-06 14:00:00,10000.0,-55.74999999999777,504.99999999997766,buy,1.32631,1.3313599999999999,77.00000000001594,52,7828.300000000075,2006
2006-12-06 14:00:00,2006-12-08 16:00:00,10000.0,-35.62499999999997,304.9999999999997,sell,1.33185,1.3288,439.9999999999959,50,7795.800000000073,2006
2006-12-10 22:00:00,2006-12-11 18:00:00,10000.0,-83.84999999999957,805.9999999999956,sell,1.32566,1.3176,55.00000000000504,20,7713.200000000073,2006
2006-12-12 05:00:00,2006-12-12 20:00:00,10000.0,13.862500000001258,-168.00000000001256,buy,1.32743,1.32575,668.0000000000018,15,7728.000000000074,2006
2006-12-13 21:00:00,2006-12-14 16:00:00,10000.0,-49.487499999999116,462.99999999999113,buy,1.3167,1.32133,219.99999999999795,19,7679.700000000071,2006
2006-12-14 16:00:00,2006-12-15 06:00:00,10000.0,-33.574999999999065,306.99999999999056,buy,1.31423,1.3173,42.0000000000087,14,7647.000000000073,2006
2006-12-17 22:00:00,2006-12-18 22:00:00,10000.0,-24.699999999998997,211.99999999998997,sell,1.30982,1.3077,192.99999999999872,24,7623.800000000073,2006
2006-12-18 22:00:00,2006-12-19 09:00:00,10000.0,41.912499999999085,-445.9999999999908,buy,1.31446,1.31,615.9999999999943,11,7666.400000000072,2006
2006-12-20 17:00:00,2006-12-21 14:00:00,10000.0,-5.71250000000018,24.000000000001794,buy,1.31651,1.31675,146.00000000000168,21,7662.000000000072,2006
2006-12-21 14:00:00,2006-12-22 08:00:00,10000.0,-63.32499999999914,601.9999999999914,sell,1.32047,1.3144500000000001,25.999999999992692,18,7599.800000000073,2006
2006-12-24 22:00:00,2006-12-26 18:00:00,10000.0,25.462499999999427,-293.99999999999426,sell,1.30932,1.31226,489.9999999999904,31,7627.200000000069,2006
2006-12-26 18:00:00,2006-12-27 06:00:00,10000.0,35.65000000000066,-384.00000000000654,buy,1.31414,1.3103,492.0000000000035,12,7663.6000000000695,2006
2006-12-28 05:00:00,2006-12-28 13:00:00,10000.0,-51.79999999999879,492.99999999998784,sell,1.3172599999999999,1.31233,34.0000000000229,8,7612.30000000007,2006
2006-12-28 13:00:00,2006-12-29 01:00:00,10000.0,41.54999999999934,-442.99999999999335,sell,1.31397,1.3184,525.999999999982,12,7654.6000000000695,2006
2007-01-02 07:00:00,2007-01-02 22:00:00,10000.0,-17.237500000000423,143.00000000000423,sell,1.32746,1.32603,210.9999999999834,15,9983.699999999997,2007
2007-01-02 22:00:00,2007-01-03 11:00:00,10000.0,-57.91249999999904,550.9999999999903,buy,1.3224,1.32791,51.00000000000104,13,9926.599999999995,2007
2007-01-03 13:00:00,2007-01-03 16:00:00,10000.0,-45.08750000000127,429.0000000000127,buy,1.3192,1.32349,150.99999999999002,3,9881.699999999993,2007
2007-01-03 16:00:00,2007-01-04 10:00:00,10000.0,-63.12500000000006,600.0000000000005,buy,1.3111,1.3171,116.99999999998933,18,9819.699999999993,2007
2007-01-07 22:00:00,2007-01-10 16:00:00,10000.0,53.650000000000674,-584.0000000000067,sell,1.29468,1.3005200000000001,879.9999999999918,44,9876.099999999997,2007
2007-01-14 22:00:00,2007-01-16 08:00:00,10000.0,-48.02499999999894,438.99999999998937,sell,1.2964499999999999,1.29206,86.00000000000828,34,9830.199999999997,2007
2007-01-16 08:00:00,2007-01-16 17:00:00,10000.0,32.73750000000033,-353.0000000000033,sell,1.2918399999999999,1.29537,700.0000000000117,9,9863.499999999998,2007
2007-01-16 17:00:00,2007-01-17 10:00:00,10000.0,-10.26250000000054,72.00000000000539,sell,1.29233,1.29161,151.99999999999656,17,9854.3,2007
2007-01-17 10:00:00,2007-01-18 03:00:00,10000.0,31.237500000000438,-343.0000000000044,buy,1.29549,1.29206,575.9999999999986,17,9886.6,2007
2007-01-18 03:00:00,2007-01-18 13:00:00,10000.0,-55.025000000001334,524.0000000000133,buy,1.29212,1.29736,59.999999999993385,10,9832.199999999999,2007
2007-01-21 22:00:00,2007-01-23 11:00:00,10000.0,-60.212499999999835,558.9999999999983,sell,1.30078,1.29519,143.99999999998857,37,9774.3,2007
2007-01-25 01:00:00,2007-01-25 20:00:00,10000.0,-45.58750000000022,424.0000000000021,buy,1.29261,1.29685,106.00000000000608,19,9729.900000000001,2007
2007-01-25 20:00:00,2007-01-26 06:00:00,10000.0,-20.524999999999583,178.99999999999582,buy,1.29193,1.29372,8.999999999992347,10,9710.000000000002,2007
2007-01-28 22:00:00,2007-01-30 13:00:00,10000.0,-64.23750000000096,598.0000000000095,sell,1.29786,1.29188,17.000000000000348,39,9648.200000000003,2007
2007-01-31 17:00:00,2007-02-01 10:00:00,10000.0,-6.962499999998904,38.99999999998904,buy,1.30064,1.30103,109.00000000000352,17,9642.300000000001,2007
2007-02-01 10:00:00,2007-02-02 14:00:00,10000.0,-33.049999999998775,292.99999999998766,sell,1.30409,1.30116,226.9999999999994,28,9611.000000000004,2007
2007-02-04 22:00:00,2007-02-07 08:00:00,10000.0,-42.224999999999966,365.9999999999996,sell,1.2986,1.29494,80.99999999999774,58,9572.4,2007
2007-02-07 09:00:00,2007-02-07 16:00:00,10000.0,-38.23750000000139,358.0000000000138,sell,1.30173,1.29815,-11.000000000005448,7,9534.599999999997,2007
2007-02-07 16:00:00,2007-02-09 21:00:00,10000.0,10.087500000000968,-154.00000000000966,sell,1.30009,1.30163,426.99999999999955,53,9547.999999999998,2007
2007-02-11 22:00:00,2007-02-12 11:00:00,10000.0,50.487500000000566,-533.0000000000057,sell,1.29624,1.3015700000000001,736.9999999999876,13,9599.3,2007
2007-02-13 13:00:00,2007-02-14 08:00:00,10000.0,43.51250000000174,-467.00000000001734,buy,1.30746,1.30279,667.0000000000175,19,9643.999999999998,2007
2007-02-14 09:00:00,2007-02-14 16:00:00,10000.0,-36.137500000000955,337.0000000000095,sell,1.31274,1.30937,224.00000000000196,7,9608.299999999996,2007
2007-02-14 16:00:00,2007-02-16 21:00:00,10000.0,-16.612500000000754,113.00000000000753,sell,1.31356,1.31243,365.9999999999996,53,9594.99999999999,2007
2007-02-18 22:00:00,2007-02-19 14:00:00,10000.0,10.799999999999368,-137.99999999999366,sell,1.31369,1.31507,238.00000000000486,16,9606.799999999994,2007
2007-02-19 14:00:00,2007-02-20 03:00:00,10000.0,38.587500000000325,-414.00000000000324,buy,1.3176700000000001,1.31353,434.000000000001,13,9646.199999999993,2007
2007-02-20 03:00:00,2007-02-20 09:00:00,10000.0,-41.0750000000004,387.000000000004,buy,1.31426,1.31813,106.00000000000608,6,9605.49999999999,2007
2007-02-22 01:00:00,2007-02-22 08:00:00,10000.0,37.762500000001346,-402.0000000000134,sell,1.30924,1.31326,432.0000000000101,7,9643.69999999999,2007
2007-02-22 08:00:00,2007-02-22 17:00:00,10000.0,-42.162500000001856,396.00000000001853,sell,1.31316,1.3092,92.99999999998752,9,9602.099999999986,2007
2007-02-25 22:00:00,2007-02-26 18:00:00,10000.0,3.3500000000010495,-66.00000000001049,sell,1.31653,1.31719,312.00000000000114,20,9606.699999999984,2007
2007-02-26 18:00:00,2007-02-27 09:00:00,10000.0,41.462500000002215,-444.0000000000221,buy,1.3213300000000001,1.31689,519.0000000000027,15,9649.099999999986,2007
2007-02-28 13:00:00,2007-03-02 10:00:00,10000.0,51.88750000000064,-567.0000000000064,sell,1.31549,1.3211600000000001,848.0000000000042,45,9703.799999999985,2007
2007-03-04 22:00:00,2007-03-05 02:00:00,10000.0,69.2499999999999,-714.9999999999989,sell,1.3128,1.31995,785.0000000000134,4,9773.299999999983,2007
2007-03-05 02:00:00,2007-03-08 22:00:00,10000.0,-4.0500000000001855,-36.999999999998145,sell,1.31344,1.31381,495.00000000000097,92,9774.999999999976,2007
2007-03-08 22:00:00,2007-03-09 06:00:00,10000.0,11.500000000000679,-140.00000000000676,buy,1.31494,1.31354,190.00000000000125,8,9786.999999999976,2007
2007-03-11 21:00:00,2007-03-12 10:00:00,10000.0,-66.31250000000078,635.0000000000077,sell,1.31725,1.3109,19.999999999997797,13,9721.499999999976,2007
2007-03-13 05:00:00,2007-03-13 18:00:00,10000.0,26.387500000000337,-292.00000000000335,buy,1.32064,1.31772,512.0000000000013,13,9748.699999999977,2007
2007-03-14 21:00:00,2007-03-16 00:00:00,10000.0,-69.78750000000005,661.0000000000005,sell,1.32817,1.32156,-8.000000000008,27,9680.599999999977,2007
2007-03-18 21:00:00,2007-03-19 18:00:00,10000.0,14.287499999999838,-175.99999999999835,sell,1.32924,1.331,320.99999999999346,21,9696.199999999979,2007
2007-03-19 18:00:00,2007-03-21 19:00:00,10000.0,71.43750000000156,-765.0000000000156,buy,1.33779,1.3301399999999999,1068.0000000000023,49,9770.699999999986,2007
2007-03-22 13:00:00,2007-03-23 15:00:00,10000.0,54.775000000000674,-584.0000000000067,sell,1.32947,1.33531,784.0000000000068,26,9827.099999999986,2007
2007-03-25 21:00:00,2007-03-26 15:00:00,10000.0,-54.524999999999224,513.9999999999922,sell,1.33344,1.3283,114.99999999999842,18,9773.699999999986,2007
2007-03-26 15:00:00,2007-03-30 16:00:00,10000.0,-49.762500000000074,417.0000000000007,sell,1.33741,1.33324,246.99999999999721,97,9729.999999999982,2007
2007-04-01 21:00:00,2007-04-03 02:00:00,10000.0,-3.21250000000051,-5.999999999994897,sell,1.33684,1.3369,150.00000000000568,29,9728.59999999998,2007
2007-04-03 02:00:00,2007-04-03 18:00:00,10000.0,-44.29999999999967,412.99999999999665,buy,1.33269,1.33682,-1.0000000000065512,16,9685.299999999981,2007
2007-04-04 13:00:00,2007-04-05 14:00:00,10000.0,71.8374999999988,-753.999999999988,buy,1.34289,1.33535,793.9999999999835,25,9758.699999999979,2007
2007-04-05 21:00:00,2007-04-06 13:00:00,10000.0,40.80000000000051,-438.000000000005,sell,1.33829,1.34267,483.00000000001114,16,9800.499999999978,2007
2007-04-08 21:00:00,2007-04-10 02:00:00,10000.0,-36.71250000000015,329.0000000000015,sell,1.33999,1.3367,-15.000000000009448,29,9765.599999999979,2007
2007-04-10 09:00:00,2007-04-11 18:00:00,10000.0,3.337499999999629,-73.99999999999629,buy,1.34271,1.34197,154.00000000000966,33,9770.999999999975,2007
2007-04-11 18:00:00,2007-04-12 02:00:00,10000.0,-36.80000000000044,343.0000000000044,sell,1.34586,1.34243,87.99999999999918,8,9734.699999999975,2007
2007-04-12 02:00:00,2007-04-12 15:00:00,10000.0,-38.41250000000008,356.00000000000074,sell,1.34957,1.34601,76.0000000000094,13,9697.099999999975,2007
2007-04-12 17:00:00,2007-04-13 07:00:00,10000.0,-46.37500000000076,435.00000000000756,sell,1.35202,1.34767,52.00000000000759,14,9651.599999999973,2007
2007-04-15 21:00:00,2007-04-16 22:00:00,10000.0,21.937500000000522,-255.0000000000052,sell,1.3531199999999999,1.35567,432.0000000000101,25,9675.099999999979,2007
2007-04-16 22:00:00,2007-04-17 13:00:00,10000.0,48.862500000001845,-518.0000000000184,buy,1.3581,1.35292,558.000000000014,15,9724.899999999983,2007
2007-04-18 21:00:00,2007-04-22 21:00:00,10000.0,17.100000000000453,-221.00000000000452,sell,1.35873,1.36094,497.9999999999984,48,9744.999999999982,2007
2007-04-22 21:00:00,2007-04-23 10:00:00,10000.0,31.08750000000004,-339.0000000000004,sell,1.35636,1.35975,388.9999999999949,13,9776.899999999981,2007
2007-04-23 10:00:00,2007-04-23 18:00:00,10000.0,-27.499999999999467,249.99999999999466,sell,1.35763,1.35513,76.0000000000094,8,9749.899999999983,2007
2007-04-23 18:00:00,2007-04-24 15:00:00,10000.0,42.587500000000944,-459.0000000000094,buy,1.36202,1.35743,727.9999999999952,21,9793.799999999987,2007
2007-04-25 21:00:00,2007-04-26 12:00:00,10000.0,33.16250000000113,-361.00000000001125,sell,1.36042,1.36403,486.99999999999295,15,9827.899999999987,2007
2007-04-26 17:00:00,2007-04-27 13:00:00,10000.0,-65.04999999999852,617.9999999999852,sell,1.36642,1.3602400000000001,137.99999999999366,20,9764.099999999991,2007
2007-04-29 21:00:00,2007-05-02 04:00:00,10000.0,56.96250000000023,-624.0000000000023,sell,1.35676,1.363,1100.000000000012,55,9824.49999999999,2007
2007-05-02 17:00:00,2007-05-03 15:00:00,10000.0,-43.17500000000095,398.00000000000944,buy,1.35619,1.36017,120.99999999999332,22,9782.699999999988,2007
2007-05-03 21:00:00,2007-05-04 13:00:00,10000.0,-48.100000000000136,451.00000000000136,sell,1.35945,1.35494,38.99999999998904,16,9735.599999999991,2007
2007-05-06 21:00:00,2007-05-07 18:00:00,10000.0,-23.612499999999763,202.9999999999976,sell,1.36103,1.359,168.00000000001256,21,9713.29999999999,2007
2007-05-07 18:00:00,2007-05-08 10:00:00,10000.0,-33.900000000000375,309.0000000000037,buy,1.35721,1.3603,19.999999999997797,16,9680.39999999999,2007
2007-05-09 09:00:00,2007-05-10 06:00:00,10000.0,2.0874999999998494,-53.99999999999849,buy,1.35452,1.35398,255.99999999998954,21,9683.79999999999,2007
2007-05-10 06:00:00,2007-05-10 13:00:00,10000.0,40.26250000000218,-427.00000000002177,sell,1.3509499999999999,1.35522,513.0000000000078,7,9724.499999999993,2007
2007-05-10 13:00:00,2007-05-13 21:00:00,10000.0,-20.799999999999038,167.99999999999037,sell,1.35215,1.35047,70.99999999999883,32,9705.699999999997,2007
2007-05-13 21:00:00,2007-05-14 22:00:00,10000.0,-21.662499999998673,180.9999999999867,sell,1.35421,1.3524,153.00000000000313,25,9685.599999999997,2007
2007-05-14 22:00:00,2007-05-15 15:00:00,10000.0,47.53750000000065,-506.0000000000064,buy,1.35941,1.35435,669.9999999999927,17,9734.199999999999,2007
2007-05-16 21:00:00,2007-05-17 18:00:00,10000.0,-28.312500000001688,250.00000000001685,buy,1.34926,1.35176,161.99999999999548,21,9707.2,2007
2007-05-17 18:00:00,2007-05-20 21:00:00,10000.0,-17.987500000000423,143.00000000000423,sell,1.35054,1.34911,151.99999999999656,27,9690.900000000001,2007
2007-05-20 21:00:00,2007-05-21 11:00:00,10000.0,58.82500000000009,-617.0000000000008,sell,1.34498,1.35115,722.9999999999847,14,9750.600000000002,2007
2007-05-21 13:00:00,2007-05-22 02:00:00,10000.0,-17.712499999999913,148.99999999999912,sell,1.34565,1.34416,157.00000000000713,13,9733.699999999999,2007
2007-05-22 02:00:00,2007-05-22 18:00:00,10000.0,-7.599999999999049,45.999999999990486,buy,1.3450900000000001,1.34555,123.00000000000642,16,9727.1,2007
2007-05-22 18:00:00,2007-05-23 12:00:00,10000.0,-38.42499999999811,352.99999999998107,sell,1.34872,1.34519,48.00000000000359,18,9689.800000000001,2007
2007-05-23 13:00:00,2007-05-24 06:00:00,10000.0,20.237499999999432,-232.99999999999432,sell,1.34592,1.34825,313.99999999999204,17,9711.1,2007
2007-05-27 21:00:00,2007-05-28 18:00:00,10000.0,-17.012500000000934,137.00000000000932,sell,1.34542,1.34405,41.000000000002146,21,9695.400000000001,2007
2007-05-28 18:00:00,2007-05-29 02:00:00,10000.0,-29.199999999999502,266.999999999995,buy,1.34276,1.34543,-9.999999999998899,8,9666.7,2007
2007-05-29 02:00:00,2007-05-29 05:00:00,10000.0,15.012499999999438,-171.99999999999437,buy,1.34425,1.34253,191.99999999999216,3,9681.900000000001,2007
2007-05-29 05:00:00,2007-05-29 09:00:00,10000.0,35.34999999999985,-375.9999999999985,buy,1.34782,1.34406,431.0000000000036,4,9717.500000000002,2007
2007-05-29 21:00:00,2007-06-03 21:00:00,10000.0,-2.299999999999131,-42.0000000000087,sell,1.34405,1.34447,320.00000000000915,72,9719.700000000006,2007
2007-06-03 21:00:00,2007-06-04 12:00:00,10000.0,-41.83750000000171,389.00000000001705,sell,1.34739,1.3435,30.99999999998104,15,9678.800000000003,2007
2007-06-04 12:00:00,2007-06-05 10:00:00,10000.0,-28.074999999999722,246.99999999999721,sell,1.35103,1.34856,35.00000000000725,22,9652.100000000004,2007
2007-06-05 10:00:00,2007-06-07 11:00:00,10000.0,-51.062499999999375,459.9999999999937,buy,1.34688,1.35148,80.00000000001339,49,9604.099999999999,2007
2007-06-07 11:00:00,2007-06-07 14:00:00,10000.0,-7.787499999998939,55.999999999989384,buy,1.34707,1.3476299999999999,92.00000000000318,3,9596.5,2007
2007-06-07 14:00:00,2007-06-08 08:00:00,10000.0,55.67500000000108,-588.0000000000107,sell,1.33981,1.34569,670.000000000015,18,9653.3,2007
2007-06-10 21:00:00,2007-06-12 10:00:00,10000.0,2.4875000000023597,-68.00000000002359,sell,1.33482,1.3355000000000001,205.00000000001071,37,9658.100000000002,2007
2007-06-12 10:00:00,2007-06-12 14:00:00,10000.0,-33.85000000000052,316.0000000000051,buy,1.33161,1.33477,-9.999999999998899,4,9624.500000000002,2007
2007-06-12 21:00:00,2007-06-15 13:00:00,10000.0,-35.79999999999983,297.99999999999824,sell,1.33315,1.33017,96.99999999999153,64,9592.700000000003,2007
2007-06-17 21:00:00,2007-06-18 12:00:00,10000.0,-42.8375000000016,399.000000000016,sell,1.34139,1.3374,42.999999999993044,15,9550.8,2007
2007-06-18 12:00:00,2007-06-19 06:00:00,10000.0,-34.924999999999606,317.999999999996,sell,1.34339,1.3402100000000001,18.999999999991246,18,9516.999999999998,2007
2007-06-19 06:00:00,2007-06-19 09:00:00,10000.0,-38.487499999998,362.99999999998,buy,1.33902,1.34265,-19.999999999997797,3,9478.7,2007
2007-06-20 01:00:00,2007-06-20 20:00:00,10000.0,18.012499999998997,-211.99999999998997,sell,1.34074,1.34286,295.0000000000008,19,9497.900000000001,2007
2007-06-20 21:00:00,2007-06-22 12:00:00,10000.0,-42.93749999999909,384.99999999999085,sell,1.34368,1.33983,49.00000000001014,39,9457.400000000003,2007
2007-06-24 21:00:00,2007-06-25 18:00:00,10000.0,-3.51249999999909,1.9999999999908977,sell,1.34602,1.346,117.99999999999588,21,9455.200000000004,2007
2007-06-25 18:00:00,2007-06-26 08:00:00,10000.0,-21.974999999998563,190.99999999998562,buy,1.34485,1.34676,167.00000000000603,14,9434.100000000006,2007
2007-06-26 08:00:00,2007-06-27 07:00:00,10000.0,-28.737499999999212,252.9999999999921,buy,1.34283,1.34536,82.99999999998863,23,9406.800000000003,2007
2007-06-28 13:00:00,2007-06-28 20:00:00,10000.0,-35.2374999999995,327.99999999999494,buy,1.34346,1.34674,112.00000000000098,7,9372.000000000002,2007
2007-07-01 21:00:00,2007-07-02 10:00:00,10000.0,-48.91250000000003,461.0000000000003,sell,1.35871,1.3541,-2.9999999999974487,13,9323.900000000003,2007
2007-07-02 10:00:00,2007-07-02 15:00:00,10000.0,-52.71249999999934,503.9999999999933,sell,1.36297,1.35793,-1.9999999999908977,5,9271.500000000004,2007
2007-07-02 15:00:00,2007-07-02 18:00:00,10000.0,-3.487499999999635,12.999999999996346,sell,1.36249,1.36236,127.99999999999477,3,9268.200000000003,2007
2007-07-02 18:00:00,2007-07-05 10:00:00,10000.0,14.099999999998452,-200.9999999999845,buy,1.36455,1.36254,611.9999999999902,64,9286.3,2007
2007-07-05 10:00:00,2007-07-05 14:00:00,10000.0,32.1500000000011,-344.0000000000109,sell,1.3607,1.3641400000000001,445.0000000000065,4,9318.7,2007
2007-07-08 21:00:00,2007-07-09 22:00:00,10000.0,-3.9625000000004,4.000000000004,sell,1.36254,1.3625,121.99999999999987,25,9316.300000000005,2007
2007-07-09 22:00:00,2007-07-10 06:00:00,10000.0,-20.400000000001803,179.00000000001802,buy,1.36048,1.36227,110.99999999999443,8,9296.400000000003,2007
2007-07-10 06:00:00,2007-07-10 09:00:00,10000.0,27.51249999999917,-296.9999999999917,buy,1.36459,1.36162,329.0000000000015,3,9324.100000000002,2007
2007-07-10 21:00:00,2007-07-15 21:00:00,10000.0,-21.10000000000017,146.00000000000168,sell,1.37805,1.37659,322.00000000000006,72,9307.499999999998,2007
2007-07-16 01:00:00,2007-07-16 18:00:00,10000.0,-4.962499999999125,18.999999999991246,sell,1.37821,1.37802,209.00000000001472,17,9303.599999999997,2007
2007-07-16 18:00:00,2007-07-18 03:00:00,10000.0,28.437500000001975,-325.00000000001967,buy,1.38166,1.37841,599.0000000000161,33,9334.099999999997,2007
2007-07-19 21:00:00,2007-07-20 15:00:00,10000.0,-42.6250000000012,395.000000000012,sell,1.38358,1.37963,72.99999999998974,18,9292.599999999997,2007
2007-07-22 21:00:00,2007-07-23 14:00:00,10000.0,2.2375000000014147,-53.00000000001414,sell,1.3822699999999999,1.3828,202.00000000001327,17,9295.9,2007
2007-07-23 14:00:00,2007-07-25 02:00:00,10000.0,-12.25000000000134,80.00000000001339,buy,1.38102,1.38182,148.99999999999912,36,9285.9,2007
2007-07-25 02:00:00,2007-07-25 08:00:00,10000.0,34.92500000000233,-373.0000000000233,sell,1.3772199999999999,1.3809500000000001,511.00000000001694,6,9321.200000000003,2007
2007-07-25 08:00:00,2007-07-25 18:00:00,10000.0,18.475000000000563,-211.0000000000056,sell,1.37089,1.373,409.0000000000149,10,9340.300000000005,2007
2007-07-25 18:00:00,2007-07-26 17:00:00,10000.0,43.562500000001485,-470.00000000001484,buy,1.37559,1.37089,639.0000000000117,23,9385.300000000005,2007
2007-07-29 21:00:00,2007-07-30 08:00:00,10000.0,-62.88749999999914,601.9999999999914,sell,1.36682,1.3608,21.00000000000435,11,9323.100000000004,2007
2007-07-30 08:00:00,2007-07-31 00:00:00,10000.0,-54.29999999999857,512.9999999999857,sell,1.37214,1.36701,50.00000000001669,16,9269.800000000005,2007
2007-08-02 09:00:00,2007-08-02 18:00:00,10000.0,26.837500000001647,-294.0000000000164,buy,1.36935,1.36641,421.00000000000466,9,9297.200000000004,2007
2007-08-02 18:00:00,2007-08-03 02:00:00,10000.0,-16.29999999999937,137.99999999999366,sell,1.37032,1.36894,86.00000000000828,8,9281.400000000003,2007
2007-08-05 21:00:00,2007-08-07 10:00:00,10000.0,20.687499999999467,-249.99999999999466,sell,1.38005,1.38255,374.999999999992,37,9304.400000000003,2007
2007-08-07 10:00:00,2007-08-07 16:00:00,10000.0,-48.374999999999375,459.9999999999937,buy,1.37443,1.37903,59.999999999993385,6,9256.400000000003,2007
2007-08-08 05:00:00,2007-08-08 13:00:00,10000.0,-60.999999999999105,584.999999999991,sell,1.38039,1.37454,55.00000000000504,8,9195.900000000003,2007
2007-08-08 13:00:00,2007-08-09 10:00:00,10000.0,51.78750000000126,-551.0000000000125,sell,1.37632,1.3818300000000001,571.0000000000103,21,9249.000000000005,2007
2007-08-09 10:00:00,2007-08-09 13:00:00,10000.0,69.81250000000095,-720.0000000000094,sell,1.36662,1.37382,770.000000000004,3,9319.000000000007,2007
2007-08-12 21:00:00,2007-08-13 15:00:00,10000.0,62.97500000000005,-661.0000000000005,sell,1.36167,1.36828,910.0000000000107,18,9383.100000000008,2007
2007-08-13 15:00:00,2007-08-14 08:00:00,10000.0,48.0375000000017,-511.00000000001694,sell,1.35696,1.3620700000000001,580.0000000000027,17,9432.20000000001,2007
2007-08-16 01:00:00,2007-08-17 12:00:00,10000.0,-57.387499999997694,531.9999999999769,sell,1.3465099999999999,1.34119,140.00000000000676,35,9377.000000000007,2007
2007-08-19 21:00:00,2007-08-20 22:00:00,10000.0,-9.862499999999084,62.999999999990834,sell,1.3477299999999999,1.3471,303.0000000000088,25,9368.700000000004,2007
2007-08-20 22:00:00,2007-08-22 16:00:00,10000.0,52.07500000000064,-567.0000000000064,buy,1.3531,1.34743,804.0000000000047,42,9423.400000000001,2007
2007-08-23 17:00:00,2007-08-24 12:00:00,10000.0,-63.68750000000111,605.000000000011,sell,1.36196,1.35591,80.99999999999774,19,9360.9,2007
2007-08-27 01:00:00,2007-08-27 18:00:00,10000.0,15.737500000001038,-188.00000000001037,sell,1.36473,1.36661,320.00000000000915,17,9377.7,2007
2007-08-27 18:00:00,2007-08-28 20:00:00,10000.0,-50.32499999999952,466.99999999999517,buy,1.36067,1.36534,43.99999999999959,26,9329.000000000002,2007
2007-09-02 21:00:00,2007-09-04 13:00:00,10000.0,62.89999999999968,-673.9999999999968,sell,1.35562,1.36236,977.0000000000056,40,9394.399999999994,2007
2007-09-06 01:00:00,2007-09-06 15:00:00,10000.0,43.925000000000175,-468.0000000000017,buy,1.36897,1.36429,547.0000000000085,14,9439.199999999993,2007
2007-09-06 15:00:00,2007-09-06 22:00:00,10000.0,-12.737500000000864,103.00000000000863,buy,1.36883,1.36986,106.99999999999042,7,9426.899999999992,2007
2007-09-06 22:00:00,2007-09-07 13:00:00,10000.0,-72.73749999999987,697.9999999999985,sell,1.37624,1.36926,124.00000000001297,15,9355.099999999991,2007
2007-09-09 21:00:00,2007-09-10 22:00:00,10000.0,-37.46250000000004,339.0000000000004,sell,1.38079,1.3774,73.99999999999629,25,9319.19999999999,2007
2007-09-10 22:00:00,2007-09-12 06:00:00,10000.0,50.400000000001114,-544.0000000000111,buy,1.38626,1.38082,844.0000000000002,32,9371.599999999991,2007
2007-09-13 17:00:00,2007-09-16 21:00:00,10000.0,17.849999999999397,-215.99999999999395,sell,1.3869,1.38906,263.99999999999756,28,9391.199999999992,2007
2007-09-16 21:00:00,2007-09-17 18:00:00,10000.0,-3.012500000000255,-2.9999999999974487,sell,1.38657,1.3866,224.00000000000196,21,9389.49999999999,2007
2007-09-17 18:00:00,2007-09-18 19:00:00,10000.0,97.13750000000023,-1007.0000000000023,buy,1.39695,1.38688,1412.9999999999975,25,9488.199999999986,2007
2007-09-20 13:00:00,2007-09-20 16:00:00,10000.0,-52.58749999999934,503.9999999999933,sell,1.40939,1.40435,41.000000000002146,3,9435.799999999987,2007
2007-09-20 16:00:00,2007-09-23 21:00:00,10000.0,-16.81250000000079,130.00000000000787,sell,1.4088,1.4075,319.9999999999869,29,9420.799999999987,2007
2007-09-23 21:00:00,2007-09-24 18:00:00,10000.0,-3.812500000001055,5.000000000010552,sell,1.4089,1.40885,401.0000000000069,21,9418.299999999985,2007
2007-09-24 18:00:00,2007-09-25 14:00:00,10000.0,38.749999999999815,-419.9999999999981,buy,1.41295,1.40875,683.9999999999957,20,9458.299999999987,2007
2007-09-30 21:00:00,2007-10-01 14:00:00,10000.0,53.137499999999584,-561.9999999999958,sell,1.42153,1.42715,612.0000000000125,17,9512.499999999985,2007
2007-10-01 17:00:00,2007-10-02 08:00:00,10000.0,-69.03750000000005,661.0000000000005,buy,1.41783,1.42444,-19.999999999997797,15,9444.399999999983,2007
2007-10-02 08:00:00,2007-10-02 11:00:00,10000.0,-52.0875000000005,499.00000000000495,buy,1.41483,1.41982,-9.999999999998899,3,9392.499999999982,2007
2007-10-04 01:00:00,2007-10-05 13:00:00,10000.0,36.64999999999927,-408.99999999999267,sell,1.4065,1.41059,852.9999999999926,36,9431.399999999983,2007
2007-10-07 21:00:00,2007-10-08 14:00:00,10000.0,67.03749999999961,-700.999999999996,sell,1.40743,1.41444,741.0000000000138,17,9499.499999999982,2007
2007-10-08 14:00:00,2007-10-10 01:00:00,10000.0,-50.987500000000175,468.0000000000017,sell,1.41091,1.40623,81.99999999998208,35,9450.699999999979,2007
2007-10-11 09:00:00,2007-10-11 14:00:00,10000.0,-35.1124999999995,327.99999999999494,buy,1.41751,1.42079,190.00000000000125,5,9415.899999999978,2007
2007-10-11 17:00:00,2007-10-14 21:00:00,10000.0,41.54999999999923,-452.99999999999227,sell,1.41757,1.4221,472.99999999999005,28,9459.199999999977,2007
2007-10-14 21:00:00,2007-10-15 09:00:00,10000.0,-66.34999999999921,635.999999999992,sell,1.4230099999999999,1.41665,8.000000000008,12,9393.599999999979,2007
2007-10-15 09:00:00,2007-10-16 08:00:00,10000.0,58.56250000000205,-620.0000000000205,sell,1.41691,1.42311,740.0000000000073,23,9453.59999999998,2007
2007-10-18 13:00:00,2007-10-19 14:00:00,10000.0,-14.262499999999044,106.99999999999042,buy,1.4280300000000001,1.4291,155.00000000001623,25,9440.899999999976,2007
2007-10-21 21:00:00,2007-10-22 11:00:00,10000.0,114.62500000000149,-1175.0000000000148,sell,1.42115,1.4329,1312.000000000002,14,9556.399999999978,2007
2007-10-22 11:00:00,2007-10-23 13:00:00,10000.0,-99.12499999999947,954.9999999999947,sell,1.42551,1.41596,119.00000000000243,26,9458.899999999983,2007
2007-10-23 13:00:00,2007-10-24 08:00:00,10000.0,-46.88749999999985,436.99999999999847,buy,1.42167,1.42604,287.9999999999993,19,9413.199999999986,2007
2007-10-25 05:00:00,2007-10-25 11:00:00,10000.0,-48.77499999999978,463.9999999999977,sell,1.43059,1.42595,51.00000000000104,6,9364.799999999987,2007
2007-10-25 11:00:00,2007-10-26 07:00:00,10000.0,-64.34999999999837,610.9999999999837,sell,1.43627,1.43016,110.00000000001008,20,9301.699999999988,2007
2007-10-28 21:00:00,2007-10-29 22:00:00,10000.0,-23.962499999998197,203.99999999998195,sell,1.44244,1.4404000000000001,138.0000000000159,25,9279.29999999999,2007
2007-10-29 22:00:00,2007-10-30 07:00:00,10000.0,-36.16250000000029,336.00000000000296,buy,1.43868,1.44204,69.99999999999228,9,9243.69999999999,2007
2007-11-01 17:00:00,2007-11-02 13:00:00,10000.0,-45.14999999999916,418.9999999999916,sell,1.44801,1.44382,458.99999999998715,20,9199.79999999999,2007
2007-11-04 22:00:00,2007-11-05 22:00:00,10000.0,39.900000000000105,-434.000000000001,sell,1.44708,1.45142,453.9999999999988,24,9241.19999999999,2007
2007-11-05 22:00:00,2007-11-06 10:00:00,10000.0,45.450000000000465,-482.0000000000046,buy,1.45245,1.44763,557.0000000000074,12,9287.39999999999,2007
2007-11-08 01:00:00,2007-11-09 02:00:00,10000.0,-69.96249999999979,663.9999999999978,sell,1.47147,1.46483,239.99999999999577,25,9218.999999999995,2007
2007-11-11 22:00:00,2007-11-12 12:00:00,10000.0,80.82499999999989,-836.9999999999987,sell,1.45603,1.4644,1052.0000000000084,14,9300.699999999993,2007
2007-11-12 12:00:00,2007-11-12 22:00:00,10000.0,33.67500000000244,-363.0000000000244,sell,1.4534099999999999,1.4570400000000001,513.0000000000078,10,9334.999999999996,2007
2007-11-12 22:00:00,2007-11-13 07:00:00,10000.0,72.3375000000022,-749.0000000000218,buy,1.4607,1.45321,869.0000000000085,9,9407.899999999998,2007
2007-11-14 13:00:00,2007-11-15 11:00:00,10000.0,72.02500000000103,-754.0000000000101,sell,1.4623599999999999,1.4699,1013.0000000000193,22,9481.299999999996,2007
2007-11-15 11:00:00,2007-11-16 21:00:00,10000.0,-26.925000000000598,228.00000000000597,sell,1.46451,1.46223,270.999999999999,34,9456.499999999993,2007
2007-11-18 22:00:00,2007-11-20 08:00:00,10000.0,-75.72500000000055,716.0000000000055,sell,1.47346,1.4663,63.999999999997385,34,9382.899999999992,2007
2007-11-21 09:00:00,2007-11-23 02:00:00,10000.0,-114.56249999999899,1099.9999999999898,sell,1.49175,1.48075,123.00000000000642,41,9270.899999999983,2007
2007-11-25 22:00:00,2007-11-26 12:00:00,10000.0,-27.274999999999977,243.99999999999974,sell,1.48463,1.48219,399.000000000016,14,9244.49999999998,2007
2007-11-27 05:00:00,2007-11-28 08:00:00,10000.0,-94.5874999999982,908.9999999999819,buy,1.47683,1.48592,26.999999999999243,27,9151.599999999986,2007
2007-11-28 17:00:00,2007-11-28 20:00:00,10000.0,-89.68749999999814,874.9999999999812,sell,1.48575,1.477,6.000000000017102,3,9062.099999999988,2007
2007-11-28 20:00:00,2007-11-29 11:00:00,10000.0,84.16250000000218,-871.0000000000217,sell,1.4738499999999999,1.48256,1057.0000000000189,15,9147.19999999999,2007
2007-11-29 11:00:00,2007-11-30 20:00:00,10000.0,88.8375000000002,-929.0000000000019,sell,1.46381,1.4731,1461.0000000000011,33,9238.099999999997,2007
2007-12-02 22:00:00,2007-12-04 02:00:00,10000.0,-10.35000000000105,66.00000000001049,sell,1.46506,1.4644,580.0000000000027,28,9229.5,2007
2007-12-04 02:00:00,2007-12-04 12:00:00,10000.0,74.27499999999975,-768.9999999999974,buy,1.47325,1.46556,971.999999999995,10,9304.4,2007
2007-12-05 05:00:00,2007-12-05 14:00:00,10000.0,67.13750000000142,-697.0000000000142,sell,1.46766,1.47463,778.0000000000119,9,9372.100000000002,2007
2007-12-05 14:00:00,2007-12-06 00:00:00,10000.0,61.374999999999616,-639.999999999996,sell,1.45981,1.46621,767.9999999999909,10,9434.1,2007
2007-12-06 00:00:00,2007-12-06 13:00:00,10000.0,62.987500000000296,-658.000000000003,sell,1.45507,1.4616500000000001,707.9999999999975,13,9497.900000000001,2007
2007-12-09 22:00:00,2007-12-10 13:00:00,10000.0,-75.43749999999979,724.9999999999978,sell,1.47199,1.46474,30.000000000018897,15,9423.400000000003,2007
2007-12-10 17:00:00,2007-12-11 21:00:00,10000.0,-59.74999999999827,559.9999999999827,buy,1.46503,1.4706299999999999,9.999999999998899,28,9365.400000000005,2007
2007-12-13 09:00:00,2007-12-13 16:00:00,10000.0,87.86250000000094,-903.0000000000093,sell,1.4605299999999999,1.46956,990.0000000000019,7,9453.700000000006,2007
2007-12-13 16:00:00,2007-12-14 12:00:00,10000.0,84.15000000000192,-874.0000000000191,sell,1.44999,1.45873,1559.0000000000214,20,9539.100000000006,2007
2007-12-16 22:00:00,2007-12-18 06:00:00,10000.0,-9.60000000000116,56.00000000001159,sell,1.44056,1.44,473.9999999999966,32,9531.500000000005,2007
2007-12-18 06:00:00,2007-12-19 14:00:00,10000.0,-26.900000000001253,229.0000000000125,buy,1.43912,1.44141,248.00000000000375,32,9506.600000000002,2007
2007-12-19 14:00:00,2007-12-19 17:00:00,10000.0,46.612499999999955,-487.9999999999995,sell,1.43448,1.43936,510.0000000000104,3,9553.400000000001,2007
2007-12-19 17:00:00,2007-12-21 21:00:00,10000.0,-1.4499999999995303,-38.0000000000047,sell,1.43543,1.43581,554.9999999999943,52,9555.199999999999,2007
2007-12-23 22:00:00,2007-12-24 18:00:00,10000.0,-40.25000000000037,370.00000000000364,sell,1.44005,1.43635,126.00000000000388,20,9516.2,2007
2007-12-24 18:00:00,2007-12-26 11:00:00,10000.0,35.350000000000804,-391.00000000000796,buy,1.44416,1.44025,549.0000000000216,28,9553.300000000005,2007
2007-12-27 09:00:00,2007-12-27 14:00:00,10000.0,65.88750000000049,-682.0000000000048,buy,1.45663,1.44981,741.9999999999982,5,9619.500000000005,2007
2007-12-27 14:00:00,2007-12-27 18:00:00,10000.0,64.7500000000015,-670.000000000015,buy,1.46347,1.45677,731.9999999999992,4,9684.500000000005,2007
2007-12-27 18:00:00,2007-12-27 22:00:00,10000.0,-11.750000000000064,95.00000000000063,buy,1.46244,1.46339,200.00000000000017,4,9673.000000000004,2007
2007-12-30 22:00:00,2007-12-31 16:00:00,10000.0,89.3749999999998,-924.999999999998,sell,1.4621,1.47135,1256.0000000000125,18,9763.500000000005,2007
2008-01-06 22:00:00,2008-01-07 08:00:00,10000.0,70.97500000000034,-736.0000000000033,sell,1.46664,1.474,797.0000000000032,10,10071.6,2008
2008-01-07 08:00:00,2008-01-10 02:00:00,10000.0,5.9749999999993335,-120.99999999999332,sell,1.46763,1.46884,659.0000000000095,66,10081.699999999995,2008
2008-01-10 02:00:00,2008-01-10 10:00:00,10000.0,1.9999999999983942,-44.999999999983935,buy,1.46894,1.46849,330.9999999999924,8,10084.199999999995,2008
2008-01-10 10:00:00,2008-01-10 15:00:00,10000.0,-65.71250000000012,634.0000000000011,sell,1.47405,1.46771,107.99999999999697,5,10018.799999999994,2008
2008-01-10 15:00:00,2008-01-11 21:00:00,10000.0,-44.675000000000836,408.0000000000083,sell,1.47737,1.47329,452.99999999999227,30,9975.99999999999,2008
2008-01-13 22:00:00,2008-01-14 07:00:00,10000.0,-80.06249999999923,774.9999999999923,sell,1.48748,1.47973,-9.999999999998899,9,9896.499999999995,2008
2008-01-14 07:00:00,2008-01-14 18:00:00,10000.0,-4.787500000000435,21.00000000000435,sell,1.48773,1.48752,371.0000000000102,11,9892.39999999999,2008
2008-01-15 09:00:00,2008-01-15 15:00:00,10000.0,50.625000000000824,-530.0000000000082,buy,1.49062,1.48532,615.0000000000099,6,9943.39999999999,2008
2008-01-15 15:00:00,2008-01-16 11:00:00,10000.0,-88.75000000000057,855.0000000000057,buy,1.47701,1.48556,17.999999999984695,20,9855.89999999999,2008
2008-01-17 01:00:00,2008-01-18 21:00:00,10000.0,53.84999999999977,-585.9999999999976,sell,1.46137,1.46723,1012.9999999999972,44,9912.499999999985,2008
2008-01-20 22:00:00,2008-01-21 09:00:00,10000.0,88.11249999999977,-907.9999999999976,sell,1.4499,1.45898,985.0000000000135,11,10001.299999999985,2008
2008-01-22 05:00:00,2008-01-22 14:00:00,10000.0,98.33750000000154,-1009.0000000000153,buy,1.45401,1.4439199999999999,1741.9999999999989,9,10100.199999999988,2008
2008-01-23 01:00:00,2008-01-23 14:00:00,10000.0,110.18750000000088,-1130.0000000000086,sell,1.45213,1.46343,1246.0000000000136,13,10211.19999999999,2008
2008-01-23 14:00:00,2008-01-24 15:00:00,10000.0,-139.56249999999835,1359.9999999999834,sell,1.47043,1.45683,196.00000000001836,25,10073.19999999999,2008
2008-01-27 22:00:00,2008-01-28 14:00:00,10000.0,-62.10000000000082,591.0000000000082,sell,1.47398,1.46807,170.9999999999878,16,10012.099999999986,2008
2008-01-28 21:00:00,2008-01-30 20:00:00,10000.0,107.36250000000074,-1123.0000000000073,buy,1.4895100000000001,1.47828,1578.0000000000125,47,10122.399999999981,2008
2008-01-30 21:00:00,2008-01-31 06:00:00,10000.0,14.937500000001403,-175.000000000014,buy,1.48808,1.48633,632.0000000000102,9,10137.899999999981,2008
2008-01-31 06:00:00,2008-02-01 21:00:00,10000.0,79.26249999999989,-836.9999999999987,sell,1.47959,1.48796,1524.9999999999984,39,10219.599999999984,2008
2008-02-03 22:00:00,2008-02-05 06:00:00,10000.0,-28.999999999999467,249.99999999999466,sell,1.4817,1.4792,316.9999999999895,32,10192.599999999986,2008
2008-02-05 06:00:00,2008-02-05 09:00:00,10000.0,-54.187499999998714,519.9999999999872,buy,1.47655,1.48175,-8.000000000008,3,10138.599999999986,2008
2008-02-07 05:00:00,2008-02-07 13:00:00,10000.0,-66.60000000000026,641.0000000000026,buy,1.45562,1.46203,47.999999999981384,8,10072.499999999985,2008
2008-02-07 13:00:00,2008-02-08 21:00:00,10000.0,-14.199999999997988,101.99999999997988,sell,1.45094,1.44992,395.000000000012,32,10060.299999999987,2008
2008-02-10 22:00:00,2008-02-12 06:00:00,10000.0,-10.999999999999229,69.99999999999228,sell,1.4526,1.4519,509.00000000000387,32,10051.299999999988,2008
2008-02-12 06:00:00,2008-02-13 10:00:00,10000.0,12.150000000002024,-159.00000000002024,buy,1.4563300000000001,1.45474,665.0000000000044,28,10065.199999999993,2008
2008-02-13 10:00:00,2008-02-15 07:00:00,10000.0,-74.01249999999816,691.9999999999815,sell,1.4660199999999999,1.4591,35.00000000000725,45,9993.999999999985,2008
2008-02-17 22:00:00,2008-02-18 22:00:00,10000.0,3.599999999999884,-70.99999999999883,sell,1.46584,1.46655,310.9999999999946,24,9999.099999999984,2008
2008-02-18 22:00:00,2008-02-19 06:00:00,10000.0,38.000000000001094,-405.00000000001086,buy,1.46958,1.46553,540.000000000007,8,10037.599999999986,2008
2008-02-20 21:00:00,2008-02-21 16:00:00,10000.0,69.21249999999912,-723.9999999999912,buy,1.47878,1.47154,856.9999999999966,19,10107.999999999987,2008
2008-02-21 16:00:00,2008-02-22 06:00:00,10000.0,-11.474999999998609,85.99999999998609,buy,1.4806300000000001,1.48149,182.00000000001546,14,10097.399999999994,2008
2008-02-24 22:00:00,2008-02-25 18:00:00,10000.0,-3.4500000000013102,2.0000000000131024,sell,1.4829,1.48288,147.99999999999258,20,10095.199999999992,2008
2008-02-25 18:00:00,2008-02-26 13:00:00,10000.0,48.11250000000079,-513.0000000000078,buy,1.48776,1.48263,1002.9999999999983,19,10144.499999999989,2008
2008-02-27 17:00:00,2008-02-28 18:00:00,10000.0,-104.66250000000063,1011.0000000000063,sell,1.52231,1.5122,17.000000000000348,25,10041.399999999987,2008
2008-02-28 18:00:00,2008-02-29 21:00:00,10000.0,37.712500000000325,-414.00000000000324,sell,1.51772,1.52186,614.0000000000034,27,10080.799999999983,2008
2008-03-02 22:00:00,2008-03-03 18:00:00,10000.0,11.249999999999513,-144.9999999999951,sell,1.51862,1.52007,896.9999999999922,20,10093.299999999987,2008
2008-03-03 18:00:00,2008-03-05 06:00:00,10000.0,0.2500000000006142,-45.00000000000614,buy,1.51908,1.51863,174.99999999999181,36,10095.799999999987,2008
2008-03-05 06:00:00,2008-03-05 16:00:00,10000.0,-68.4250000000003,658.000000000003,sell,1.52699,1.52041,9.999999999998899,10,10027.999999999987,2008
2008-03-05 16:00:00,2008-03-06 15:00:00,10000.0,-69.43749999999939,659.9999999999939,sell,1.53444,1.52784,275.000000000003,23,9959.999999999987,2008
2008-03-06 15:00:00,2008-03-07 14:00:00,10000.0,-59.037500000000094,556.0000000000009,sell,1.54099,1.53543,475.9999999999875,23,9902.399999999987,2008
2008-03-09 21:00:00,2008-03-10 18:00:00,10000.0,11.787500000001224,-151.00000000001222,sell,1.53406,1.53557,600.0000000000005,21,9915.499999999985,2008
2008-03-10 18:00:00,2008-03-11 11:00:00,10000.0,120.63749999999992,-1236.999999999999,buy,1.54748,1.53511,1397.999999999988,17,10037.199999999986,2008
2008-03-11 11:00:00,2008-03-11 13:00:00,10000.0,-124.02500000000146,1219.0000000000143,buy,1.53558,1.54777,231.99999999998775,2,9913.299999999985,2008
2008-03-12 09:00:00,2008-03-12 13:00:00,10000.0,-81.84999999999967,795.9999999999966,sell,1.54793,1.53997,123.00000000000642,4,9831.699999999984,2008
2008-03-12 13:00:00,2008-03-13 08:00:00,10000.0,-86.28749999999818,830.9999999999817,sell,1.55662,1.54831,256.00000000001177,19,9746.599999999986,2008
2008-03-16 21:00:00,2008-03-17 03:00:00,10000.0,-147.27499999999893,1448.999999999989,sell,1.5868499999999999,1.57236,350.00000000000585,6,9599.699999999986,2008
2008-03-17 03:00:00,2008-03-18 20:00:00,10000.0,198.7375000000018,-2033.000000000018,sell,1.5637699999999999,1.5841,2188.000000000012,41,9800.999999999985,2008
2008-03-19 05:00:00,2008-03-20 01:00:00,10000.0,109.44999999999891,-1126.999999999989,sell,1.55854,1.56981,1993.0000000000002,20,9911.699999999984,2008
2008-03-20 21:00:00,2008-03-23 21:00:00,10000.0,-5.90000000000018,24.000000000001794,sell,1.54309,1.54285,415.99999999999415,24,9907.299999999981,2008
2008-03-23 21:00:00,2008-03-24 02:00:00,10000.0,50.28750000000042,-526.0000000000042,sell,1.53654,1.5418,575.9999999999986,5,9957.899999999981,2008
2008-03-24 02:00:00,2008-03-24 11:00:00,10000.0,-71.86250000000103,693.0000000000102,sell,1.54278,1.53585,266.999999999995,9,9886.59999999998,2008
2008-03-24 11:00:00,2008-03-24 18:00:00,10000.0,4.462500000000794,-69.00000000000794,sell,1.54215,1.54284,236.9999999999983,7,9891.49999999998,2008
2008-03-24 18:00:00,2008-03-25 03:00:00,10000.0,122.53750000000021,-1251.000000000002,buy,1.55436,1.54185,1363.9999999999873,9,10014.59999999998,2008
2008-03-27 17:00:00,2008-03-30 21:00:00,10000.0,11.450000000001879,-152.0000000000188,sell,1.57916,1.58068,472.0000000000057,28,10027.799999999983,2008
2008-03-30 21:00:00,2008-03-31 15:00:00,10000.0,-51.8249999999993,486.99999999999295,sell,1.58482,1.57995,483.00000000001114,18,9977.099999999984,2008
2008-03-31 15:00:00,2008-04-01 07:00:00,10000.0,133.60000000000005,-1366.0000000000005,sell,1.56647,1.58013,1527.999999999996,16,10111.69999999998,2008
2008-04-01 17:00:00,2008-04-02 22:00:00,10000.0,83.08750000000086,-869.0000000000085,buy,1.56838,1.55969,1505.0000000000007,29,10196.59999999998,2008
2008-04-02 22:00:00,2008-04-03 10:00:00,10000.0,115.65000000000073,-1184.0000000000073,sell,1.55549,1.5673300000000001,1289.0000000000066,12,10312.999999999982,2008
2008-04-03 10:00:00,2008-04-03 16:00:00,10000.0,-112.9750000000007,1106.0000000000068,sell,1.56677,1.55571,69.00000000000794,6,10200.399999999981,2008
2008-04-06 21:00:00,2008-04-07 18:00:00,10000.0,19.387499999999942,-226.9999999999994,sell,1.56995,1.57222,326.00000000000404,21,10221.09999999998,2008
2008-04-07 18:00:00,2008-04-08 03:00:00,10000.0,81.13749999999989,-836.9999999999987,buy,1.57938,1.57101,1011.0000000000063,9,10302.799999999977,2008
2008-04-09 17:00:00,2008-04-10 06:00:00,10000.0,-11.912499999999664,90.99999999999663,sell,1.58524,1.58433,32.999999999994145,13,10291.699999999977,2008
2008-04-10 06:00:00,2008-04-10 10:00:00,10000.0,72.85000000000127,-751.0000000000127,buy,1.58905,1.58154,775.9999999999989,4,10364.799999999977,2008
2008-04-10 10:00:00,2008-04-10 15:00:00,10000.0,82.38749999999978,-846.9999999999977,sell,1.57915,1.58762,1102.9999999999873,5,10447.499999999976,2008
2008-04-13 21:00:00,2008-04-14 11:00:00,10000.0,-134.2749999999993,1313.999999999993,sell,1.5830899999999999,1.56995,114.00000000001408,14,10314.099999999975,2008
2008-04-14 11:00:00,2008-04-16 22:00:00,10000.0,-79.18749999999967,734.9999999999967,sell,1.59443,1.58708,343.0000000000044,59,10238.599999999973,2008
2008-04-16 22:00:00,2008-04-17 10:00:00,10000.0,-4.049999999999635,12.999999999996346,buy,1.59544,1.59557,560.9999999999892,12,10235.299999999972,2008
2008-04-17 10:00:00,2008-04-18 12:00:00,10000.0,135.47500000000088,-1391.0000000000089,sell,1.5784099999999999,1.59232,1717.0000000000127,26,10372.399999999976,2008
2008-04-20 21:00:00,2008-04-21 12:00:00,10000.0,-104.33750000000038,1014.0000000000038,sell,1.59064,1.5805,139.99999999998457,15,10268.999999999976,2008
2008-04-22 17:00:00,2008-04-23 14:00:00,10000.0,108.28750000000059,-1116.0000000000057,sell,1.58815,1.59931,1226.000000000016,21,10378.599999999977,2008
2008-04-23 14:00:00,2008-04-24 09:00:00,10000.0,127.91249999999954,-1310.9999999999955,sell,1.57447,1.58758,1692.0000000000045,19,10507.699999999975,2008
2008-04-24 09:00:00,2008-04-24 18:00:00,10000.0,88.03750000000068,-906.0000000000067,sell,1.56606,1.57512,1129.000000000002,9,10596.299999999976,2008
2008-04-24 18:00:00,2008-04-27 21:00:00,10000.0,63.012499999999534,-666.9999999999953,sell,1.56155,1.56822,913.0000000000082,27,10660.999999999976,2008
2008-04-27 21:00:00,2008-04-28 18:00:00,10000.0,-33.11249999999983,297.99999999999824,sell,1.56373,1.56075,554.9999999999943,21,10629.199999999975,2008
2008-04-28 18:00:00,2008-04-29 08:00:00,10000.0,-70.57499999999942,676.9999999999942,buy,1.55769,1.56446,182.9999999999998,14,10559.499999999975,2008
2008-04-30 13:00:00,2008-05-01 14:00:00,10000.0,82.43750000000163,-860.0000000000163,sell,1.5472299999999999,1.55583,1716.0000000000064,25,10643.499999999975,2008
2008-05-01 14:00:00,2008-05-04 21:00:00,10000.0,22.462499999999757,-263.99999999999756,sell,1.5421,1.54474,768.9999999999974,31,10667.899999999976,2008
2008-05-04 21:00:00,2008-05-05 18:00:00,10000.0,-96.91249999999813,935.9999999999812,sell,1.55171,1.54235,15.000000000009448,21,10572.299999999974,2008
2008-05-06 01:00:00,2008-05-06 08:00:00,10000.0,-65.53750000000038,631.0000000000038,buy,1.54657,1.55288,133.99999999998968,7,10507.199999999972,2008
2008-05-07 13:00:00,2008-05-08 02:00:00,10000.0,92.28749999999907,-950.9999999999907,sell,1.53004,1.53955,1086.9999999999934,13,10600.299999999968,2008
2008-05-08 02:00:00,2008-05-08 14:00:00,10000.0,-90.44999999999945,876.9999999999944,sell,1.54041,1.5316400000000001,288.9999999999837,12,10510.599999999968,2008
2008-05-08 14:00:00,2008-05-11 21:00:00,10000.0,-46.13749999999891,421.99999999998903,sell,1.54605,1.54183,284.00000000001756,31,10466.399999999965,2008
2008-05-11 21:00:00,2008-05-12 16:00:00,10000.0,-88.58749999999992,853.9999999999991,sell,1.55364,1.5451,75.00000000000284,19,10378.999999999969,2008
2008-05-12 21:00:00,2008-05-13 10:00:00,10000.0,-83.71249999999931,808.999999999993,buy,1.54604,1.55413,50.00000000001669,13,10296.09999999997,2008
2008-05-15 17:00:00,2008-05-16 15:00:00,10000.0,-121.87499999999916,1184.9999999999916,sell,1.55534,1.54349,129.00000000000134,22,10175.59999999997,2008
2008-05-18 21:00:00,2008-05-20 15:00:00,10000.0,-57.82499999999992,531.9999999999991,sell,1.56397,1.55865,414.99999999998755,42,10120.39999999997,2008
2008-05-21 05:00:00,2008-05-21 09:00:00,10000.0,-70.25000000000139,680.0000000000139,sell,1.57373,1.56693,0.0,4,10050.39999999997,2008
2008-05-21 09:00:00,2008-05-25 21:00:00,10000.0,-31.049999999999212,252.9999999999921,sell,1.57591,1.57338,541.0000000000136,60,10023.09999999997,2008
2008-05-25 21:00:00,2008-05-26 18:00:00,10000.0,-6.51250000000098,32.0000000000098,sell,1.57674,1.57642,241.0000000000023,21,10017.899999999965,2008
2008-05-26 18:00:00,2008-05-27 06:00:00,10000.0,38.850000000001636,-416.0000000000163,buy,1.58135,1.5771899999999999,486.0000000000086,12,10057.499999999965,2008
2008-05-28 17:00:00,2008-05-29 14:00:00,10000.0,97.68749999999997,-1009.9999999999997,sell,1.55284,1.56294,1353.000000000004,21,10156.499999999965,2008
2008-05-29 14:00:00,2008-06-01 21:00:00,10000.0,-24.437500000001073,205.00000000001071,sell,1.55509,1.55304,176.99999999998272,31,10133.999999999965,2008
2008-06-01 21:00:00,2008-06-03 06:00:00,10000.0,-1.7625000000004754,-22.999999999995243,sell,1.55552,1.55575,333.9999999999898,33,10134.299999999963,2008
2008-06-03 06:00:00,2008-06-03 09:00:00,10000.0,54.912499999998815,-570.9999999999882,buy,1.56229,1.55658,736.0000000000033,3,10189.399999999961,2008
2008-06-03 21:00:00,2008-06-05 14:00:00,10000.0,-120.76249999999963,1161.9999999999964,sell,1.5548,1.54318,15.000000000009448,41,10071.19999999996,2008
2008-06-05 14:00:00,2008-06-06 13:00:00,10000.0,-143.13749999999817,1396.9999999999816,sell,1.56723,1.55326,273.0000000000121,23,9929.499999999962,2008
2008-06-08 21:00:00,2008-06-09 14:00:00,10000.0,79.63749999999999,-826.9999999999999,sell,1.57013,1.5784,1414.9999999999884,17,10010.199999999964,2008
2008-06-09 21:00:00,2008-06-10 09:00:00,10000.0,-112.5499999999999,1097.9999999999989,buy,1.55335,1.56433,104.99999999999953,12,9898.399999999967,2008
2008-06-10 09:00:00,2008-06-10 22:00:00,10000.0,-59.21249999999867,563.9999999999867,buy,1.54546,1.5511,141.99999999999767,13,9839.999999999965,2008
2008-06-10 22:00:00,2008-06-11 15:00:00,10000.0,-83.86250000000086,808.0000000000086,sell,1.55383,1.54575,229.99999999999685,17,9757.199999999963,2008
2008-06-12 05:00:00,2008-06-13 10:00:00,10000.0,125.48750000000109,-1293.0000000000107,sell,1.53371,1.54664,1463.000000000014,29,9884.499999999962,2008
2008-06-15 21:00:00,2008-06-16 13:00:00,10000.0,-94.19999999999794,911.9999999999794,sell,1.54832,1.5392000000000001,146.00000000000168,16,9791.299999999965,2008
2008-06-16 13:00:00,2008-06-16 18:00:00,10000.0,10.287500000000389,-126.00000000000388,sell,1.54793,1.54919,229.99999999999685,5,9801.899999999965,2008
2008-06-16 18:00:00,2008-06-20 10:00:00,10000.0,96.399999999999,-1038.9999999999898,buy,1.55927,1.54888,1322.9999999999852,88,9903.799999999968,2008
2008-06-22 21:00:00,2008-06-23 08:00:00,10000.0,85.41249999999985,-880.9999999999984,sell,1.55304,1.56185,975.999999999999,11,9989.899999999967,2008
2008-06-23 08:00:00,2008-06-24 15:00:00,10000.0,-79.7374999999992,757.9999999999919,sell,1.55948,1.5519,270.999999999999,31,9912.099999999968,2008
2008-06-25 21:00:00,2008-06-26 19:00:00,10000.0,85.0249999999996,-883.9999999999958,buy,1.57554,1.5667,1276.9999999999948,22,9998.499999999965,2008
2008-06-26 19:00:00,2008-06-27 06:00:00,10000.0,-37.287500000000186,346.0000000000018,buy,1.57293,1.57639,59.999999999993385,11,9961.899999999965,2008
2008-06-29 21:00:00,2008-06-30 09:00:00,10000.0,-56.949999999999804,541.999999999998,sell,1.5825,1.57708,104.99999999999953,12,9905.699999999964,2008
2008-06-30 09:00:00,2008-06-30 16:00:00,10000.0,54.16249999999998,-565.9999999999998,sell,1.57488,1.58054,685.9999999999866,7,9960.299999999963,2008
2008-06-30 21:00:00,2008-07-02 07:00:00,10000.0,69.87500000000074,-740.0000000000073,buy,1.58298,1.57558,1070.0000000000152,34,10032.29999999997,2008
2008-07-02 13:00:00,2008-07-03 14:00:00,10000.0,100.63750000000095,-1042.0000000000095,sell,1.57428,1.5847,1663.0000000000143,25,10134.499999999969,2008
2008-07-03 14:00:00,2008-07-06 21:00:00,10000.0,8.162499999999334,-120.99999999999332,sell,1.56992,1.57113,276.00000000000955,31,10144.599999999964,2008
2008-07-06 21:00:00,2008-07-07 07:00:00,10000.0,55.87500000000133,-585.0000000000132,sell,1.56297,1.56882,719.000000000003,10,10201.099999999964,2008
2008-07-07 07:00:00,2008-07-07 17:00:00,10000.0,-100.32499999999834,976.9999999999834,sell,1.57194,1.56217,-9.999999999998899,10,10101.399999999967,2008
2008-07-08 05:00:00,2008-07-08 16:00:00,10000.0,-59.38749999999842,566.9999999999841,buy,1.56505,1.57072,90.99999999999663,11,10042.699999999966,2008
2008-07-09 17:00:00,2008-07-11 10:00:00,10000.0,-84.6624999999985,800.999999999985,sell,1.58063,1.5726200000000001,14.000000000002897,41,9960.599999999971,2008
2008-07-13 21:00:00,2008-07-14 07:00:00,10000.0,87.47499999999962,-900.9999999999961,sell,1.58711,1.59612,930.9999999999928,10,10048.69999999997,2008
2008-07-14 07:00:00,2008-07-14 22:00:00,10000.0,-27.937499999999467,249.99999999999466,sell,1.5901,1.5876000000000001,327.99999999999494,15,10021.699999999966,2008
2008-07-14 22:00:00,2008-07-15 08:00:00,10000.0,81.37499999999963,-839.9999999999962,buy,1.59737,1.58897,880.9999999999984,10,10103.699999999964,2008
2008-07-16 09:00:00,2008-07-16 15:00:00,10000.0,105.42500000000013,-1078.0000000000011,sell,1.58232,1.5931,1249.9999999999955,6,10209.499999999964,2008
2008-07-16 15:00:00,2008-07-20 21:00:00,10000.0,-3.8750000000012754,-14.999999999987244,sell,1.58407,1.58422,520.9999999999936,54,10208.999999999962,2008
2008-07-20 21:00:00,2008-07-21 09:00:00,10000.0,-62.649999999999395,598.999999999994,sell,1.58931,1.58332,148.99999999999912,12,10147.099999999964,2008
2008-07-21 09:00:00,2008-07-22 04:00:00,10000.0,-51.0874999999985,478.99999999998494,sell,1.5925799999999999,1.58779,106.00000000000608,19,10097.199999999963,2008
2008-07-23 13:00:00,2008-07-24 08:00:00,10000.0,-85.38749999999894,821.9999999999893,buy,1.56512,1.57334,9.999999999998899,19,10012.999999999965,2008
2008-07-24 09:00:00,2008-07-27 21:00:00,10000.0,-25.349999999998342,210.9999999999834,sell,1.57045,1.56834,485.00000000000205,36,9989.899999999974,2008
2008-07-27 21:00:00,2008-07-28 11:00:00,10000.0,-73.27499999999935,703.9999999999934,sell,1.57612,1.56908,31.000000000003244,14,9917.499999999975,2008
2008-07-28 11:00:00,2008-07-28 22:00:00,10000.0,5.712499999999519,-83.99999999999518,sell,1.57402,1.57486,275.000000000003,11,9923.899999999974,2008
2008-07-28 22:00:00,2008-07-29 14:00:00,10000.0,-78.3999999999988,753.999999999988,buy,1.56657,1.57411,-18.0000000000069,16,9846.499999999975,2008
2008-07-31 01:00:00,2008-07-31 13:00:00,10000.0,93.04999999999922,-957.9999999999922,buy,1.56747,1.55789,1000.0000000000008,12,9940.299999999974,2008
2008-07-31 13:00:00,2008-08-01 13:00:00,10000.0,106.60000000000187,-1101.0000000000186,sell,1.5533299999999999,1.56434,1142.0000000000207,24,10048.399999999972,2008
2008-08-03 21:00:00,2008-08-05 06:00:00,10000.0,26.237500000000882,-303.0000000000088,sell,1.55365,1.55668,941.9999999999983,33,10076.699999999975,2008
2008-08-05 06:00:00,2008-08-05 09:00:00,10000.0,-50.387500000000465,482.0000000000046,buy,1.54934,1.55416,68.00000000000139,3,10026.499999999975,2008
2008-08-06 21:00:00,2008-08-07 09:00:00,10000.0,53.55000000000024,-563.0000000000024,buy,1.54716,1.54153,709.000000000004,12,10080.799999999976,2008
2008-08-07 09:00:00,2008-08-07 13:00:00,10000.0,-60.55000000000002,583.0000000000001,buy,1.54117,1.547,-1.0000000000065512,4,10020.499999999975,2008
2008-08-07 13:00:00,2008-08-08 01:00:00,10000.0,127.8500000000007,-1306.000000000007,sell,1.5247899999999999,1.53785,1350.0000000000066,12,10149.099999999977,2008
2008-08-10 21:00:00,2008-08-11 09:00:00,10000.0,-146.04999999999953,1432.9999999999952,sell,1.50802,1.49369,34.000000000000696,12,10003.799999999977,2008
2008-08-11 09:00:00,2008-08-11 20:00:00,10000.0,126.71250000000174,-1294.0000000000173,sell,1.4904,1.5033400000000001,1329.0000000000023,11,10131.19999999998,2008
2008-08-12 17:00:00,2008-08-14 17:00:00,10000.0,117.40000000000029,-1224.0000000000027,sell,1.48043,1.49267,1758.9999999999993,48,10251.59999999998,2008
2008-08-14 17:00:00,2008-08-15 14:00:00,10000.0,117.6875,-1209.9999999999998,sell,1.46833,1.48043,1436.000000000015,21,10370.59999999998,2008
2008-08-17 21:00:00,2008-08-18 04:00:00,10000.0,-92.33750000000053,899.0000000000052,sell,1.47649,1.4675,3.9999999999817955,7,10278.699999999979,2008
2008-08-18 04:00:00,2008-08-19 02:00:00,10000.0,50.72500000000137,-541.0000000000136,sell,1.46887,1.47428,789.0000000000174,22,10330.799999999981,2008
2008-08-19 02:00:00,2008-08-19 17:00:00,10000.0,82.46249999999992,-853.9999999999991,buy,1.47798,1.46944,1497.9999999999993,15,10414.199999999979,2008
2008-08-21 05:00:00,2008-08-21 10:00:00,10000.0,-40.6125,383.0,buy,1.47533,1.47916,110.99999999999443,5,10373.899999999978,2008
2008-08-21 10:00:00,2008-08-21 15:00:00,10000.0,-112.21250000000055,1099.0000000000055,sell,1.48842,1.47743,63.999999999997385,5,10261.999999999978,2008
2008-08-24 21:00:00,2008-08-26 04:00:00,10000.0,67.5624999999999,-714.9999999999989,sell,1.47105,1.4782,978.0000000000122,31,10331.499999999976,2008
2008-08-28 01:00:00,2008-08-28 16:00:00,10000.0,-103.53749999999958,1005.9999999999957,buy,1.46823,1.4782899999999999,19.999999999997797,15,10228.899999999978,2008
2008-08-28 16:00:00,2008-08-29 02:00:00,10000.0,26.975000000000737,-296.00000000000733,buy,1.47329,1.47033,611.0000000000059,10,10256.499999999976,2008
2008-08-31 21:00:00,2008-09-01 15:00:00,10000.0,96.675000000001,-998.0000000000099,sell,1.4593099999999999,1.46929,1185.0000000000136,18,10354.29999999998,2008
2008-09-04 01:00:00,2008-09-04 15:00:00,10000.0,95.12500000000031,-980.000000000003,sell,1.43788,1.44768,1651.0000000000023,14,10450.29999999998,2008
2008-09-04 15:00:00,2008-09-05 11:00:00,10000.0,145.75000000000136,-1490.0000000000134,sell,1.42071,1.43561,1675.000000000004,20,10597.299999999985,2008
2008-09-07 21:00:00,2008-09-08 14:00:00,10000.0,169.93749999999872,-1729.999999999987,sell,1.41985,1.43715,2299.999999999991,17,10768.299999999983,2008
2008-09-08 14:00:00,2008-09-09 03:00:00,10000.0,142.68750000000063,-1455.0000000000061,sell,1.40574,1.42029,1699.000000000006,13,10911.799999999983,2008
2008-09-10 13:00:00,2008-09-10 22:00:00,10000.0,147.13749999999928,-1496.9999999999927,sell,1.39669,1.41166,1659.9999999999948,9,11059.499999999982,2008
2008-09-10 22:00:00,2008-09-12 09:00:00,10000.0,-138.58749999999895,1343.9999999999895,sell,1.41123,1.39779,147.99999999999258,35,10923.099999999982,2008
2008-09-14 21:00:00,2008-09-15 04:00:00,10000.0,-154.93749999999986,1524.9999999999984,sell,1.44395,1.4287,400.00000000000034,7,10768.599999999982,2008
2008-09-15 04:00:00,2008-09-15 11:00:00,10000.0,198.66250000000073,-2011.000000000007,sell,1.41846,1.4385700000000001,2627.0000000000014,7,10967.699999999983,2008
2008-09-15 11:00:00,2008-09-17 19:00:00,10000.0,-252.89999999999984,2473.999999999998,sell,1.43746,1.41272,90.00000000001228,56,10718.299999999987,2008
2008-09-17 19:00:00,2008-09-21 21:00:00,10000.0,-117.4249999999985,1122.999999999985,sell,1.4464299999999999,1.4352,767.0000000000065,50,10603.999999999987,2008
2008-09-21 21:00:00,2008-09-22 16:00:00,10000.0,-211.1874999999993,2079.9999999999927,sell,1.46959,1.44879,17.000000000000348,19,10393.999999999989,2008
2008-09-22 16:00:00,2008-09-28 21:00:00,10000.0,172.88750000000135,-1812.0000000000134,sell,1.45512,1.47324,3146.000000000004,101,10573.19999999999,2008
2008-09-28 21:00:00,2008-09-29 08:00:00,10000.0,158.11250000000095,-1608.0000000000093,sell,1.43518,1.45126,2065.0000000000055,11,10731.999999999995,2008
2008-09-29 08:00:00,2008-09-29 18:00:00,10000.0,-97.02499999999893,943.9999999999892,sell,1.4446999999999999,1.43526,1233.0000000000173,10,10635.599999999995,2008
2008-09-30 13:00:00,2008-10-02 00:00:00,10000.0,176.41249999999965,-1805.9999999999964,sell,1.39899,1.41705,1958.9999999999995,35,10814.199999999995,2008
2008-10-02 00:00:00,2008-10-02 13:00:00,10000.0,191.88750000000098,-1947.0000000000098,sell,1.37653,1.3960000000000001,2505.0000000000014,13,11006.899999999998,2008
2008-10-02 13:00:00,2008-10-05 21:00:00,10000.0,80.69999999999978,-846.9999999999977,sell,1.37039,1.37886,2031.0000000000048,32,11089.599999999997,2008
2008-10-05 21:00:00,2008-10-10 18:00:00,10000.0,244.8875,-2541.9999999999995,sell,1.33768,1.3631,4071.0000000000023,117,11341.800000000001,2008
2008-10-12 21:00:00,2008-10-19 21:00:00,10000.0,151.69999999999914,-1611.9999999999911,sell,1.34053,1.35665,3632.9999999999973,120,11500.999999999993,2008
2008-10-19 21:00:00,2008-10-21 02:00:00,10000.0,73.9875000000012,-778.0000000000119,sell,1.33232,1.3401,2059.0000000000105,29,11576.79999999999,2008
2008-10-21 02:00:00,2008-10-21 09:00:00,10000.0,-107.63750000000084,1052.0000000000084,buy,1.32327,1.33379,244.9999999999841,7,11469.59999999999,2008
2008-10-23 05:00:00,2008-10-24 09:00:00,10000.0,256.2500000000002,-2600.0000000000023,sell,1.2554,1.2814,4491.9999999999845,28,11727.599999999993,2008
2008-10-26 21:00:00,2008-10-28 22:00:00,10000.0,-262.06250000000057,2570.0000000000055,sell,1.27855,1.25285,49.999999999994486,49,11468.59999999999,2008
2008-10-30 01:00:00,2008-10-30 16:00:00,10000.0,314.36250000000035,-3173.000000000003,sell,1.28519,1.31692,4437.999999999986,15,11783.89999999999,2008
2008-11-03 01:00:00,2008-11-03 18:00:00,10000.0,171.5375000000003,-1746.000000000003,sell,1.26529,1.28275,2438.999999999991,17,11956.49999999999,2008
2008-11-05 01:00:00,2008-11-05 16:00:00,10000.0,-147.13750000000098,1442.0000000000098,sell,1.30597,1.29155,558.9999999999983,15,11810.299999999988,2008
2008-11-05 16:00:00,2008-11-06 13:00:00,10000.0,256.6875000000002,-2600.0000000000023,sell,1.27746,1.30346,2760.999999999991,21,12068.299999999988,2008
2008-11-09 22:00:00,2008-11-11 16:00:00,10000.0,254.77500000000072,-2594.0000000000073,sell,1.25456,1.2805,3810.000000000002,42,12325.699999999988,2008
2008-11-12 21:00:00,2008-11-13 20:00:00,10000.0,-199.93749999999946,1964.9999999999943,sell,1.2699,1.25025,256.9999999999961,23,12127.19999999999,2008
2008-11-13 20:00:00,2008-11-14 21:00:00,10000.0,158.5375000000006,-1621.0000000000057,sell,1.26861,1.28482,1656.9999999999973,25,12287.29999999999,2008
2008-11-16 22:00:00,2008-11-19 15:00:00,10000.0,-250.46250000000018,2444.0000000000014,sell,1.27784,1.2534,252.9999999999921,65,12040.899999999996,2008
2008-11-19 15:00:00,2008-11-20 21:00:00,10000.0,172.9250000000014,-1768.0000000000139,sell,1.24745,1.26513,2119.000000000004,30,12215.7,2008
2008-11-20 21:00:00,2008-11-21 10:00:00,10000.0,-159.61249999999916,1567.9999999999916,sell,1.2607,1.24502,48.00000000000359,13,12056.9,2008
2008-11-23 22:00:00,2008-11-24 13:00:00,10000.0,-174.2375000000009,1713.0000000000089,sell,1.27736,1.26023,19.999999999997797,15,11883.6,2008
2008-11-25 13:00:00,2008-11-28 12:00:00,10000.0,210.86250000000027,-2173.0000000000027,sell,1.27905,1.30078,2909.000000000006,71,12098.900000000003,2008
2008-11-30 22:00:00,2008-12-02 09:00:00,10000.0,109.41250000000036,-1136.0000000000036,sell,1.2577099999999999,1.26907,1372.0000000000175,35,12210.500000000004,2008
2008-12-03 05:00:00,2008-12-04 09:00:00,10000.0,103.24999999999932,-1069.9999999999932,sell,1.25963,1.27033,1319.9999999999877,28,12315.5,2008
2008-12-07 22:00:00,2008-12-08 08:00:00,10000.0,-156.8249999999999,1541.9999999999989,sell,1.28737,1.27195,90.00000000001228,10,12159.300000000003,2008
2008-12-08 08:00:00,2008-12-10 16:00:00,10000.0,-101.59999999999897,960.9999999999895,sell,1.29903,1.28942,484.00000000001774,56,12061.2,2008
2008-12-10 16:00:00,2008-12-11 07:00:00,10000.0,-112.03749999999975,1090.9999999999975,sell,1.31298,1.30207,292.00000000000335,15,11950.100000000002,2008
2008-12-11 07:00:00,2008-12-11 13:00:00,10000.0,-122.87500000000117,1205.0000000000116,sell,1.32359,1.31154,112.99999999998532,6,11827.6,2008
2008-12-11 13:00:00,2008-12-11 18:00:00,10000.0,-144.71250000000032,1424.000000000003,sell,1.33827,1.32403,231.99999999998775,5,11683.2,2008
2008-12-14 22:00:00,2008-12-15 14:00:00,10000.0,-168.89999999999884,1658.9999999999882,sell,1.3552899999999999,1.3387,66.00000000001049,16,11515.3,2008
2008-12-16 09:00:00,2008-12-16 17:00:00,10000.0,151.19999999999885,-1536.9999999999882,buy,1.38062,1.36525,1736.9999999999884,8,11666.999999999996,2008
2008-12-16 17:00:00,2008-12-16 20:00:00,10000.0,-178.48750000000035,1763.0000000000034,sell,1.39762,1.37999,107.99999999999697,3,11488.699999999995,2008
2008-12-16 20:00:00,2008-12-17 16:00:00,10000.0,-205.75000000000102,2025.00000000001,sell,1.4327,1.41245,1105.9999999999848,20,11284.199999999992,2008
2008-12-17 16:00:00,2008-12-18 10:00:00,10000.0,-263.0249999999996,2598.9999999999955,sell,1.4617,1.43571,1021.0000000000051,18,11022.299999999994,2008
2008-12-21 22:00:00,2008-12-22 10:00:00,10000.0,-203.55000000000098,2008.0000000000095,sell,1.41216,1.39208,25.999999999992692,12,10819.49999999999,2008
2008-12-22 10:00:00,2008-12-26 21:00:00,10000.0,-83.17500000000037,753.0000000000036,sell,1.4056,1.39807,624.0000000000023,94,10742.199999999992,2008
2008-12-28 22:00:00,2008-12-29 02:00:00,10000.0,-96.74999999999959,944.9999999999958,sell,1.4166,1.4071500000000001,68.00000000000139,4,10645.699999999992,2008
2008-12-29 02:00:00,2008-12-29 08:00:00,10000.0,-130.27500000000077,1279.0000000000077,sell,1.4269,1.41411,34.99999999998504,6,10515.799999999992,2008
2008-12-29 08:00:00,2008-12-29 11:00:00,10000.0,-118.38749999999963,1161.9999999999964,sell,1.43586,1.42424,42.0000000000087,3,10397.599999999993,2008
2008-12-29 11:00:00,2008-12-29 18:00:00,10000.0,162.3625000000005,-1648.0000000000048,sell,1.41689,1.43337,1818.9999999999927,7,10560.399999999994,2008
2008-12-29 18:00:00,2008-12-31 14:00:00,10000.0,177.05000000000086,-1818.0000000000084,sell,1.38761,1.40579,3449.9999999999973,44,10740.199999999993,2008
2009-01-04 22:00:00,2009-01-05 09:00:00,10000.0,202.2125000000012,-2049.000000000012,sell,1.3679,1.38839,2825.0000000000105,11,10202.900000000001,2009
2009-01-05 09:00:00,2009-01-06 08:00:00,10000.0,204.1625000000011,-2076.000000000011,sell,1.3466,1.3673600000000001,2415.999999999996,23,10408.500000000005,2009
2009-01-06 08:00:00,2009-01-07 08:00:00,10000.0,-168.59999999999803,1650.9999999999802,sell,1.35838,1.3418700000000001,213.0000000000187,24,10241.400000000012,2009
2009-01-07 08:00:00,2009-01-08 15:00:00,10000.0,-157.63749999999885,1536.9999999999882,sell,1.37479,1.35942,516.0000000000053,31,10085.700000000013,2009
2009-01-08 15:00:00,2009-01-09 16:00:00,10000.0,201.7374999999994,-2052.9999999999936,sell,1.35104,1.37157,2594.9999999999914,25,10289.000000000011,2009
2009-01-11 22:00:00,2009-01-13 06:00:00,10000.0,189.40000000000134,-1934.0000000000134,sell,1.32601,1.34535,1999.0000000000173,32,10480.400000000012,2009
2009-01-14 13:00:00,2009-01-16 07:00:00,10000.0,-150.7250000000001,1461.0000000000011,sell,1.32415,1.30954,355.00000000001637,42,10332.30000000001,2009
2009-01-18 22:00:00,2009-01-19 15:00:00,10000.0,210.33749999999915,-2133.9999999999914,sell,1.31322,1.33456,2522.9999999999864,17,10543.700000000006,2009
2009-01-20 17:00:00,2009-01-21 18:00:00,10000.0,-76.66249999999928,730.9999999999927,buy,1.28636,1.2936699999999999,397.0000000000029,25,10468.600000000006,2009
2009-01-21 18:00:00,2009-01-21 22:00:00,10000.0,-139.3500000000011,1371.000000000011,sell,1.30248,1.28877,612.9999999999968,4,10329.500000000004,2009
2009-01-21 22:00:00,2009-01-23 08:00:00,10000.0,196.57500000000033,-2007.000000000003,sell,1.28639,1.30646,2192.000000000016,34,10528.200000000006,2009
2009-01-25 22:00:00,2009-01-26 15:00:00,10000.0,-224.86249999999868,2217.9999999999864,sell,1.31358,1.2914,120.00000000000898,17,10304.400000000005,2009
2009-01-28 13:00:00,2009-01-29 01:00:00,10000.0,158.14999999999938,-1608.9999999999936,sell,1.31216,1.32825,2082.9999999999905,12,10463.300000000005,2009
2009-01-29 01:00:00,2009-01-29 18:00:00,10000.0,158.5374999999995,-1615.999999999995,sell,1.29674,1.3129,2115.0,17,10622.900000000003,2009
2009-01-29 18:00:00,2009-01-30 21:00:00,10000.0,143.31249999999935,-1469.9999999999934,sell,1.28014,1.29484,1854.0,27,10767.900000000005,2009
2009-02-01 22:00:00,2009-02-02 18:00:00,10000.0,-124.84999999999948,1215.9999999999948,sell,1.28666,1.2745,320.00000000000915,20,10644.300000000001,2009
2009-02-02 18:00:00,2009-02-03 17:00:00,10000.0,148.7625000000001,-1522.000000000001,buy,1.30068,1.28546,2056.000000000013,23,10794.5,2009
2009-02-05 09:00:00,2009-02-06 19:00:00,10000.0,-132.52499999999964,1283.9999999999961,sell,1.29897,1.28613,29.000000000012346,34,10664.1,2009
2009-02-08 22:00:00,2009-02-10 04:00:00,10000.0,146.0250000000006,-1499.0000000000057,sell,1.28156,1.29655,2778.9999999999977,30,10812.000000000005,2009
2009-02-10 21:00:00,2009-02-12 15:00:00,10000.0,167.27500000000038,-1719.0000000000036,sell,1.27389,1.29108,2577.000000000007,42,10981.900000000009,2009
2009-02-12 15:00:00,2009-02-13 04:00:00,10000.0,-168.31250000000065,1655.0000000000064,sell,1.29383,1.27728,35.00000000000725,13,10814.400000000009,2009
2009-02-15 22:00:00,2009-02-17 08:00:00,10000.0,135.47499999999974,-1395.999999999997,sell,1.26379,1.27775,1862.9999999999923,34,10952.000000000004,2009
2009-02-18 13:00:00,2009-02-19 13:00:00,10000.0,-117.49999999999855,1139.9999999999854,sell,1.2707,1.2593,9.000000000014552,24,10836.000000000004,2009
2009-02-19 13:00:00,2009-02-20 05:00:00,10000.0,122.10000000000021,-1251.000000000002,sell,1.2594,1.27191,1658.9999999999882,16,10959.100000000002,2009
2009-02-22 22:00:00,2009-02-23 08:00:00,10000.0,-149.62499999999935,1469.9999999999934,sell,1.29575,1.28105,337.0000000000095,10,10810.100000000002,2009
2009-02-23 08:00:00,2009-02-23 16:00:00,10000.0,164.00000000000054,-1665.0000000000052,sell,1.2735,1.2901500000000001,1716.9999999999907,8,10974.600000000002,2009
2009-02-24 05:00:00,2009-02-24 19:00:00,10000.0,101.12500000000188,-1040.0000000000186,buy,1.28452,1.27412,1450.0000000000177,14,11076.6,2009
2009-02-25 01:00:00,2009-02-25 16:00:00,10000.0,155.5624999999992,-1584.9999999999918,sell,1.2698,1.28565,2010.9999999999848,15,11233.099999999997,2009
2009-02-25 16:00:00,2009-02-27 21:00:00,10000.0,49.88749999999969,-551.9999999999969,sell,1.26726,1.27278,1375.9999999999993,53,11286.299999999997,2009
2009-03-01 22:00:00,2009-03-04 01:00:00,10000.0,143.31250000000028,-1485.000000000003,sell,1.24645,1.2613,2130.9999999999936,51,11432.799999999997,2009
2009-03-05 01:00:00,2009-03-05 14:00:00,10000.0,-120.31249999999928,1174.9999999999927,buy,1.2493,1.26105,51.00000000000104,13,11313.299999999996,2009
2009-03-05 14:00:00,2009-03-06 02:00:00,10000.0,16.849999999999618,-195.99999999999616,buy,1.25443,1.25247,256.9999999999961,12,11330.899999999992,2009
2009-03-08 21:00:00,2009-03-10 13:00:00,10000.0,-135.40000000000046,1309.0000000000045,sell,1.27994,1.26685,226.9999999999994,40,11197.999999999998,2009
2009-03-10 17:00:00,2009-03-11 20:00:00,10000.0,-165.18749999999886,1614.9999999999886,sell,1.28494,1.26879,146.00000000000168,27,11034.500000000004,2009
2009-03-11 20:00:00,2009-03-15 21:00:00,10000.0,-68.06249999999972,629.9999999999972,sell,1.28969,1.28339,601.9999999999914,49,10969.500000000007,2009
2009-03-15 21:00:00,2009-03-16 11:00:00,10000.0,-159.5749999999985,1566.999999999985,sell,1.30439,1.28872,24.000000000001794,14,10810.800000000008,2009
2009-03-16 11:00:00,2009-03-18 13:00:00,10000.0,-100.12499999999842,949.9999999999841,sell,1.31239,1.30289,204.00000000000415,50,10713.800000000008,2009
2009-03-18 17:00:00,2009-03-18 19:00:00,10000.0,-307.9250000000005,3058.000000000005,sell,1.34239,1.31181,127.00000000001043,2,10406.000000000007,2009
2009-03-18 19:00:00,2009-03-19 14:00:00,10000.0,-154.98749999999973,1517.999999999997,sell,1.36423,1.34905,527.9999999999951,19,10252.200000000004,2009
2009-03-19 14:00:00,2009-03-22 21:00:00,10000.0,118.2625000000012,-1222.0000000000118,sell,1.35785,1.3700700000000001,1598.9999999999948,31,10372.400000000003,2009
2009-03-22 21:00:00,2009-03-24 02:00:00,10000.0,-36.41249999999819,325.9999999999818,sell,1.36672,1.3634600000000001,677.0000000000164,29,10337.800000000007,2009
2009-03-24 02:00:00,2009-03-24 11:00:00,10000.0,-128.56249999999946,1259.9999999999943,buy,1.35396,1.36656,141.00000000001333,9,10209.800000000005,2009
2009-03-24 17:00:00,2009-03-25 15:00:00,10000.0,-58.27499999999995,548.9999999999994,sell,1.35481,1.34932,1024.0000000000025,22,10152.900000000001,2009
2009-03-25 15:00:00,2009-03-27 12:00:00,10000.0,220.0875000000012,-2249.000000000012,sell,1.3310899999999999,1.35358,3295.000000000003,45,10375.800000000007,2009
2009-03-29 21:00:00,2009-03-31 14:00:00,10000.0,-85.0624999999989,804.999999999989,sell,1.3305,1.3224500000000001,371.99999999999454,41,10293.300000000005,2009
2009-03-31 14:00:00,2009-03-31 18:00:00,10000.0,-14.650000000001299,124.00000000001297,buy,1.32652,1.32776,385.99999999999744,4,10278.900000000003,2009
2009-03-31 18:00:00,2009-04-02 12:00:00,10000.0,-88.02500000000015,834.0000000000014,sell,1.33629,1.32795,500.99999999999585,42,10193.500000000002,2009
2009-04-05 21:00:00,2009-04-06 15:00:00,10000.0,99.67499999999845,-1027.9999999999843,sell,1.34061,1.35089,1754.9999999999952,18,10294.300000000003,2009
2009-04-07 01:00:00,2009-04-07 11:00:00,10000.0,-130.22499999999883,1275.9999999999882,buy,1.32369,1.33645,73.99999999999629,10,10164.700000000003,2009
2009-04-08 13:00:00,2009-04-10 00:00:00,10000.0,128.0125000000001,-1322.000000000001,sell,1.31212,1.32534,2141.999999999999,35,10294.9,2009
2009-04-12 21:00:00,2009-04-13 13:00:00,10000.0,-100.89999999999965,978.9999999999965,sell,1.32829,1.3185,249.00000000001032,16,10195.000000000002,2009
2009-04-13 13:00:00,2009-04-13 16:00:00,10000.0,-90.18749999999919,879.9999999999918,sell,1.33545,1.32665,248.00000000000375,3,10105.000000000002,2009
2009-04-13 16:00:00,2009-04-13 18:00:00,10000.0,-13.624999999999844,114.99999999999842,sell,1.3368,1.33565,45.999999999990486,2,10091.500000000002,2009
2009-04-13 18:00:00,2009-04-14 11:00:00,10000.0,-82.16250000000083,791.0000000000083,buy,1.32809,1.336,204.99999999998852,17,10010.400000000001,2009
2009-04-15 21:00:00,2009-04-16 14:00:00,10000.0,-12.362500000000974,93.00000000000973,buy,1.32046,1.32139,753.0000000000036,17,9999.099999999999,2009
2009-04-19 21:00:00,2009-04-20 10:00:00,10000.0,74.9875000000012,-778.0000000000119,sell,1.2959399999999999,1.30372,847.0000000000199,13,10074.900000000001,2009
2009-04-20 10:00:00,2009-04-20 22:00:00,10000.0,29.74999999999975,-324.9999999999975,sell,1.29264,1.29589,597.0000000000031,12,10105.400000000003,2009
2009-04-20 22:00:00,2009-04-22 15:00:00,10000.0,79.3375000000012,-839.0000000000119,buy,1.30125,1.29286,1276.9999999999948,41,10187.300000000005,2009
2009-04-23 17:00:00,2009-04-24 08:00:00,10000.0,-102.83749999999944,998.9999999999942,sell,1.31901,1.30902,160.00000000000458,15,10085.400000000005,2009
2009-04-26 21:00:00,2009-04-27 07:00:00,10000.0,106.9750000000008,-1096.000000000008,sell,1.31286,1.32382,1141.000000000014,10,10193.000000000007,2009
2009-04-27 07:00:00,2009-04-27 18:00:00,10000.0,154.11249999999916,-1567.9999999999916,sell,1.30075,1.31643,1743.9999999999898,11,10347.800000000007,2009
2009-04-27 21:00:00,2009-04-28 19:00:00,10000.0,119.92499999999953,-1232.999999999995,buy,1.31423,1.3019,1780.0000000000036,22,10469.10000000001,2009
2009-04-29 13:00:00,2009-04-30 07:00:00,10000.0,-113.02500000000055,1099.0000000000055,sell,1.3364,1.32541,164.99999999999292,18,10357.200000000008,2009
2009-04-30 07:00:00,2009-04-30 13:00:00,10000.0,136.5250000000018,-1389.000000000018,sell,1.3234,1.33729,1439.0000000000123,6,10494.100000000011,2009
2009-05-03 21:00:00,2009-05-04 16:00:00,10000.0,-94.68749999999991,914.9999999999991,sell,1.3366,1.32745,174.00000000000747,19,10400.60000000001,2009
2009-05-04 16:00:00,2009-05-06 02:00:00,10000.0,105.37500000000016,-1095.0000000000014,sell,1.32627,1.33722,1746.9999999999873,34,10508.100000000015,2009
2009-05-07 09:00:00,2009-05-07 14:00:00,10000.0,-118.41249999999899,1160.9999999999898,sell,1.34317,1.33156,371.99999999999454,5,10390.000000000016,2009
2009-05-07 14:00:00,2009-05-08 18:00:00,10000.0,-185.4500000000002,1817.0000000000018,sell,1.35911,1.34094,68.99999999998573,28,10206.30000000002,2009
2009-05-10 21:00:00,2009-05-11 22:00:00,10000.0,64.23750000000008,-678.0000000000008,sell,1.35795,1.36473,883.0000000000115,25,10272.100000000017,2009
2009-05-11 22:00:00,2009-05-12 12:00:00,10000.0,96.72500000000191,-996.000000000019,buy,1.36901,1.3590499999999999,1275.0000000000039,14,10369.700000000017,2009
2009-05-13 17:00:00,2009-05-17 21:00:00,10000.0,105.04999999999873,-1102.9999999999873,sell,1.3483,1.35933,1815.9999999999952,52,10478.00000000002,2009
2009-05-17 21:00:00,2009-05-19 07:00:00,10000.0,-119.32499999999975,1151.9999999999973,sell,1.35888,1.3473600000000001,55.999999999989384,34,10360.800000000017,2009
2009-05-20 01:00:00,2009-05-20 12:00:00,10000.0,-101.58749999999955,988.9999999999953,sell,1.36893,1.35904,114.99999999999842,11,10259.90000000002,2009
2009-05-20 12:00:00,2009-05-20 14:00:00,10000.0,-118.62499999999937,1164.9999999999936,sell,1.37882,1.36717,39.00000000001125,2,10141.40000000002,2009
2009-05-20 14:00:00,2009-05-21 17:00:00,10000.0,-117.48749999999946,1137.9999999999945,sell,1.38948,1.3781,78.99999999998464,27,10025.600000000019,2009
2009-05-21 17:00:00,2009-05-22 17:00:00,10000.0,-130.59999999999778,1270.9999999999775,sell,1.4021299999999999,1.38942,135.00000000001842,24,9896.500000000022,2009
2009-05-24 21:00:00,2009-05-26 02:00:00,10000.0,54.38749999999936,-581.9999999999936,sell,1.3967,1.40252,676.9999999999942,29,9952.700000000028,2009
2009-05-26 02:00:00,2009-05-26 09:00:00,10000.0,-95.23749999999956,927.9999999999955,buy,1.38867,1.39795,57.00000000001814,7,9857.900000000029,2009
2009-05-27 13:00:00,2009-05-27 21:00:00,10000.0,120.69999999999887,-1231.9999999999886,sell,1.38284,1.39516,1412.9999999999975,8,9979.100000000028,2009
2009-05-27 21:00:00,2009-05-28 16:00:00,10000.0,-118.88749999999858,1156.9999999999857,sell,1.39488,1.38331,343.0000000000044,19,9861.400000000027,2009
2009-05-28 16:00:00,2009-05-29 10:00:00,10000.0,-164.52500000000043,1614.000000000004,sell,1.40778,1.39164,107.99999999999697,18,9698.000000000027,2009
2009-05-31 21:00:00,2009-06-01 09:00:00,10000.0,-102.75000000000009,1000.0000000000008,sell,1.42275,1.41275,178.99999999999582,12,9596.000000000027,2009
2009-06-03 05:00:00,2009-06-03 12:00:00,10000.0,95.56250000000031,-980.000000000003,sell,1.42054,1.43034,1328.000000000018,7,9692.000000000025,2009
2009-06-03 12:00:00,2009-06-05 14:00:00,10000.0,143.975000000002,-1491.00000000002,sell,1.4025699999999999,1.41748,2393.0000000000227,50,9839.100000000026,2009
2009-06-07 21:00:00,2009-06-08 10:00:00,10000.0,125.08750000000079,-1279.0000000000077,sell,1.38114,1.3939300000000001,1909.9999999999893,13,9965.000000000027,2009
2009-06-08 10:00:00,2009-06-09 08:00:00,10000.0,-124.27499999999934,1208.9999999999934,sell,1.39429,1.3822,226.9999999999994,22,9842.100000000031,2009
2009-06-10 05:00:00,2009-06-10 15:00:00,10000.0,97.87500000000114,-1005.0000000000114,sell,1.40068,1.41073,1366.0000000000005,10,9940.600000000033,2009
2009-06-10 15:00:00,2009-06-11 18:00:00,10000.0,-154.88750000000022,1512.000000000002,sell,1.41323,1.39811,449.00000000001046,27,9787.400000000032,2009
2009-06-14 21:00:00,2009-06-15 11:00:00,10000.0,115.82500000000047,-1187.0000000000045,sell,1.38655,1.39842,1356.0000000000016,14,9904.100000000031,2009
2009-06-15 11:00:00,2009-06-17 19:00:00,10000.0,-117.9999999999976,1124.999999999976,sell,1.3964699999999999,1.3852200000000001,205.00000000001071,56,9789.600000000026,2009
2009-06-17 19:00:00,2009-06-21 21:00:00,10000.0,10.874999999998238,-159.99999999998238,sell,1.39335,1.39495,792.9999999999992,50,9803.600000000024,2009
2009-06-21 21:00:00,2009-06-22 11:00:00,10000.0,101.72500000000136,-1046.0000000000134,sell,1.38414,1.3946,1066.0000000000114,14,9906.200000000024,2009
2009-06-22 11:00:00,2009-06-22 18:00:00,10000.0,-38.33749999999982,358.9999999999982,sell,1.38788,1.38429,235.00000000000742,7,9868.300000000025,2009
2009-06-22 18:00:00,2009-06-23 12:00:00,10000.0,94.0749999999995,-971.999999999995,buy,1.39662,1.3869,1390.9999999999866,18,9963.500000000025,2009
2009-06-25 01:00:00,2009-06-26 05:00:00,10000.0,-115.54999999999967,1117.9999999999966,sell,1.40598,1.3948,-2.9999999999974487,28,9849.700000000028,2009
2009-06-28 21:00:00,2009-06-30 07:00:00,10000.0,-75.12499999999883,709.9999999999884,sell,1.4128399999999999,1.40574,233.0000000000165,34,9776.70000000003,2009
2009-07-02 13:00:00,2009-07-05 21:00:00,10000.0,51.30000000000035,-553.0000000000034,sell,1.39656,1.40209,680.9999999999982,32,9830.000000000031,2009
2009-07-05 21:00:00,2009-07-06 11:00:00,10000.0,59.92499999999841,-627.9999999999841,sell,1.38894,1.39522,1085.0000000000025,14,9890.800000000032,2009
2009-07-06 11:00:00,2009-07-06 20:00:00,10000.0,-90.86249999999893,882.9999999999893,sell,1.39804,1.38921,-18.999999999991246,9,9800.500000000035,2009
2009-07-08 17:00:00,2009-07-09 08:00:00,10000.0,-118.23750000000041,1153.0000000000039,sell,1.39632,1.38479,-1.9999999999908977,15,9683.200000000032,2009
2009-07-09 08:00:00,2009-07-09 16:00:00,10000.0,-77.29999999999932,747.9999999999931,sell,1.40279,1.39531,204.00000000000415,8,9606.40000000003,2009
2009-07-09 16:00:00,2009-07-10 08:00:00,10000.0,130.40000000000128,-1334.0000000000127,sell,1.39143,1.40477,1462.0000000000077,16,9737.800000000032,2009
2009-07-12 21:00:00,2009-07-15 07:00:00,10000.0,-119.3249999999988,1136.999999999988,sell,1.4058,1.39443,121.99999999999987,58,9622.100000000035,2009
2009-07-15 07:00:00,2009-07-15 19:00:00,10000.0,-84.55000000000076,818.0000000000075,sell,1.41297,1.40479,46.99999999999704,12,9538.300000000036,2009
2009-07-15 21:00:00,2009-07-16 02:00:00,10000.0,8.687499999998789,-109.99999999998788,sell,1.40873,1.40983,191.99999999999216,5,9547.300000000034,2009
2009-07-16 02:00:00,2009-07-16 10:00:00,10000.0,8.400000000000354,-109.00000000000352,buy,1.4082000000000001,1.40711,262.00000000000665,8,9556.200000000032,2009
2009-07-16 10:00:00,2009-07-19 21:00:00,10000.0,12.512500000000603,-167.00000000000603,sell,1.40985,1.41152,672.0000000000059,35,9570.90000000004,2009
2009-07-19 21:00:00,2009-07-20 08:00:00,10000.0,-109.18749999999827,1064.9999999999825,sell,1.4218,1.4111500000000001,-4.999999999988347,11,9462.400000000043,2009
2009-07-20 08:00:00,2009-07-26 21:00:00,10000.0,10.387499999999218,-191.99999999999216,sell,1.41991,1.42183,917.9999999999965,109,9479.60000000005,2009
2009-07-26 21:00:00,2009-07-28 08:00:00,10000.0,-63.28750000000082,591.0000000000082,sell,1.42843,1.42252,193.99999999998306,35,9418.50000000005,2009
2009-07-29 09:00:00,2009-07-29 15:00:00,10000.0,76.62500000000018,-790.0000000000017,sell,1.40635,1.41425,974.9999999999925,6,9495.500000000047,2009
2009-07-29 15:00:00,2009-07-31 05:00:00,10000.0,-110.47500000000008,1061.0000000000007,sell,1.41355,1.40294,2.9999999999974487,38,9387.400000000047,2009
2009-08-02 21:00:00,2009-08-03 15:00:00,10000.0,-151.52499999999964,1483.9999999999964,sell,1.44179,1.42695,58.00000000000249,18,9237.00000000005,2009
2009-08-03 15:00:00,2009-08-07 14:00:00,10000.0,127.56250000000173,-1355.0000000000173,sell,1.4277199999999999,1.44127,1700.0000000000125,95,9370.500000000058,2009
2009-08-09 21:00:00,2009-08-11 06:00:00,10000.0,31.437499999999417,-354.9999999999942,sell,1.4137,1.41725,811.0000000000061,33,9404.000000000058,2009
2009-08-11 06:00:00,2009-08-12 08:00:00,10000.0,-59.42499999999919,557.9999999999918,buy,1.41118,1.41676,248.00000000000375,26,9346.200000000059,2009
2009-08-12 21:00:00,2009-08-13 13:00:00,10000.0,-106.50000000000081,1035.000000000008,sell,1.43039,1.42004,177.00000000000492,16,9240.700000000057,2009
2009-08-13 13:00:00,2009-08-14 19:00:00,10000.0,95.42500000000217,-993.0000000000216,sell,1.4172799999999999,1.42721,1365.0000000000161,30,9338.000000000058,2009
2009-08-16 21:00:00,2009-08-17 10:00:00,10000.0,76.58749999999836,-793.9999999999835,sell,1.41043,1.41837,872.9999999999903,13,9415.400000000058,2009
2009-08-17 10:00:00,2009-08-18 10:00:00,10000.0,-67.49999999999962,639.999999999996,sell,1.41211,1.40571,292.00000000000335,24,9349.400000000061,2009
2009-08-19 17:00:00,2009-08-21 15:00:00,10000.0,-54.674999999997624,497.9999999999762,sell,1.4303299999999999,1.4253500000000001,725.00000000002,46,9297.600000000066,2009
2009-08-23 21:00:00,2009-08-24 22:00:00,10000.0,37.53750000000058,-411.0000000000058,sell,1.42993,1.43404,581.0000000000092,25,9336.70000000007,2009
2009-08-24 22:00:00,2009-08-26 14:00:00,10000.0,-82.69999999999938,781.9999999999937,buy,1.42118,1.429,9.000000000014552,40,9256.500000000071,2009
2009-08-27 17:00:00,2009-08-27 19:00:00,10000.0,-99.62499999999926,974.9999999999925,sell,1.43719,1.42744,337.0000000000095,2,9157.000000000071,2009
2009-08-27 19:00:00,2009-08-30 21:00:00,10000.0,52.475000000001145,-561.0000000000115,sell,1.4299899999999999,1.4356,889.0000000000064,26,9211.100000000071,2009
2009-08-30 21:00:00,2009-09-01 18:00:00,10000.0,85.08750000000053,-899.0000000000052,sell,1.42105,1.43004,1671.0000000000002,45,9299.000000000071,2009
2009-09-03 01:00:00,2009-09-03 10:00:00,10000.0,31.237499999999386,-337.99999999999386,buy,1.43001,1.42663,377.00000000000506,9,9330.800000000072,2009
2009-09-03 10:00:00,2009-09-04 13:00:00,10000.0,76.81250000000112,-805.0000000000111,sell,1.42208,1.4301300000000001,1225.0000000000093,27,9409.300000000074,2009
2009-09-06 21:00:00,2009-09-07 18:00:00,10000.0,-36.01249999999884,326.9999999999884,sell,1.43318,1.42991,297.00000000001387,21,9374.600000000073,2009
2009-09-07 18:00:00,2009-09-08 07:00:00,10000.0,43.987500000000175,-468.0000000000017,buy,1.43852,1.43384,578.0000000000118,13,9419.400000000072,2009
2009-09-09 09:00:00,2009-09-09 14:00:00,10000.0,-84.0125000000001,817.000000000001,sell,1.45752,1.44935,99.00000000000463,5,9335.700000000072,2009
2009-09-09 14:00:00,2009-09-13 21:00:00,10000.0,4.462500000000464,-99.00000000000463,sell,1.45679,1.45778,668.9999999999862,55,9343.600000000066,2009
2009-09-13 21:00:00,2009-09-15 18:00:00,10000.0,-92.91249999999985,880.9999999999984,sell,1.46815,1.45934,35.999999999991594,45,9253.500000000065,2009
2009-09-17 17:00:00,2009-09-20 21:00:00,10000.0,14.250000000000238,-180.00000000000236,sell,1.47035,1.47215,502.0000000000024,28,9269.500000000067,2009
2009-09-20 21:00:00,2009-09-22 08:00:00,10000.0,-97.98749999999944,937.9999999999943,sell,1.47806,1.46868,106.00000000000608,35,9173.700000000068,2009
2009-09-22 21:00:00,2009-09-23 22:00:00,10000.0,93.93749999999926,-974.9999999999925,sell,1.46909,1.47884,1530.9999999999934,25,9269.200000000072,2009
2009-09-23 22:00:00,2009-09-27 21:00:00,10000.0,18.262500000000998,-232.00000000000995,sell,1.4686299999999999,1.47095,1156.0000000000014,47,9290.400000000078,2009
2009-09-27 21:00:00,2009-09-28 02:00:00,10000.0,111.48749999999946,-1137.9999999999945,sell,1.45868,1.47006,1313.0000000000084,5,9402.200000000075,2009
2009-09-28 02:00:00,2009-10-04 21:00:00,10000.0,1.712500000000353,-109.00000000000352,sell,1.4573099999999999,1.4584,1051.0000000000018,115,9411.100000000075,2009
2009-10-04 21:00:00,2009-10-06 02:00:00,10000.0,-108.71249999999888,1048.9999999999886,sell,1.4690699999999999,1.45858,32.0000000000098,29,9304.200000000079,2009
2009-10-07 13:00:00,2009-10-08 02:00:00,10000.0,-89.4124999999989,865.999999999989,sell,1.47531,1.46665,22.000000000010896,13,9215.600000000077,2009
2009-10-08 02:00:00,2009-10-11 21:00:00,10000.0,33.912499999999746,-385.99999999999744,sell,1.47274,1.4766,899.0000000000052,43,9252.20000000008,2009
2009-10-11 21:00:00,2009-10-12 14:00:00,10000.0,-87.8624999999982,847.999999999982,sell,1.47979,1.4713100000000001,34.000000000000696,17,9165.400000000081,2009
2009-10-14 17:00:00,2009-10-15 14:00:00,10000.0,-21.412499999998673,180.9999999999867,buy,1.48981,1.49162,550.000000000006,21,9145.300000000081,2009
2009-10-15 14:00:00,2009-10-18 21:00:00,10000.0,39.36249999999945,-432.9999999999945,sell,1.48937,1.4937,731.9999999999992,31,9186.60000000008,2009
2009-10-18 21:00:00,2009-10-19 22:00:00,10000.0,-79.96250000000092,764.0000000000091,sell,1.49666,1.48902,134.99999999999622,25,9108.200000000073,2009
2009-10-20 21:00:00,2009-10-21 15:00:00,10000.0,-68.9250000000003,658.000000000003,sell,1.5001,1.49352,164.99999999999292,18,9040.400000000076,2009
2009-10-21 15:00:00,2009-10-25 21:00:00,10000.0,-0.9750000000000405,-43.99999999999959,sell,1.5001,1.50054,578.0000000000118,54,9042.800000000085,2009
2009-10-25 21:00:00,2009-10-26 17:00:00,10000.0,88.95000000000006,-922.0000000000006,sell,1.49068,1.4999,1558.999999999999,20,9133.000000000085,2009
2009-10-28 01:00:00,2009-10-28 17:00:00,10000.0,88.09999999999951,-910.9999999999951,sell,1.47234,1.48145,1166.0000000000002,16,9222.100000000086,2009
2009-10-28 17:00:00,2009-10-29 16:00:00,10000.0,-99.53749999999897,960.9999999999895,sell,1.48199,1.47238,148.00000000001478,23,9124.000000000082,2009
2009-10-29 16:00:00,2009-10-30 17:00:00,10000.0,106.83749999999938,-1103.9999999999939,sell,1.47303,1.48407,1280.9999999999986,25,9232.400000000083,2009
2009-11-01 22:00:00,2009-11-02 16:00:00,10000.0,-100.1249999999982,969.9999999999819,sell,1.48196,1.4722600000000001,256.00000000001177,18,9133.400000000085,2009
2009-11-02 16:00:00,2009-11-02 19:00:00,10000.0,87.41250000000079,-896.0000000000078,sell,1.4736,1.48256,953.0000000000038,3,9221.000000000085,2009
2009-11-03 17:00:00,2009-11-04 14:00:00,10000.0,-99.51249999999962,961.9999999999961,sell,1.47807,1.46845,153.00000000000313,21,9122.800000000085,2009
2009-11-04 14:00:00,2009-11-04 20:00:00,10000.0,-95.67500000000061,933.000000000006,sell,1.48973,1.4804,112.00000000000098,6,9027.500000000085,2009
2009-11-04 20:00:00,2009-11-06 21:00:00,10000.0,13.837499999999473,-188.9999999999947,sell,1.48434,1.48623,740.0000000000073,49,9044.400000000083,2009
2009-11-08 22:00:00,2009-11-09 08:00:00,10000.0,-110.6249999999992,1079.999999999992,sell,1.49758,1.48678,9.999999999998899,10,8934.400000000087,2009
2009-11-09 08:00:00,2009-11-10 02:00:00,10000.0,-23.424999999999763,202.9999999999976,sell,1.49807,1.49604,395.9999999999963,18,8912.100000000086,2009
2009-11-10 02:00:00,2009-11-12 13:00:00,10000.0,-74.9874999999988,692.9999999999881,buy,1.4917,1.49863,134.99999999999622,59,8840.800000000081,2009
2009-11-15 22:00:00,2009-11-16 20:00:00,10000.0,-73.47499999999961,700.999999999996,sell,1.49875,1.49174,275.000000000003,22,8768.700000000079,2009
2009-11-18 21:00:00,2009-11-19 06:00:00,10000.0,-58.162500000000094,556.0000000000009,buy,1.49097,1.49653,74.99999999998063,9,8711.100000000079,2009
2009-11-19 06:00:00,2009-11-20 13:00:00,10000.0,76.36249999999981,-802.9999999999981,sell,1.48289,1.49092,1058.0000000000032,31,8789.400000000076,2009
2009-11-22 22:00:00,2009-11-23 03:00:00,10000.0,-80.41250000000095,781.0000000000094,sell,1.49269,1.48488,39.999999999995595,5,8709.300000000076,2009
2009-11-23 03:00:00,2009-11-25 09:00:00,10000.0,-83.27499999999964,778.9999999999962,sell,1.50133,1.49354,144.9999999999951,54,8629.400000000076,2009
2009-11-25 09:00:00,2009-11-25 20:00:00,10000.0,-100.08750000000082,974.0000000000081,sell,1.5138,1.50406,38.0000000000047,11,8530.000000000075,2009
2009-11-25 20:00:00,2009-11-26 15:00:00,10000.0,113.3125000000016,-1165.000000000016,sell,1.50239,1.51404,1186.0000000000202,19,8644.500000000078,2009
2009-11-26 15:00:00,2009-11-27 08:00:00,10000.0,116.73750000000102,-1198.00000000001,sell,1.48647,1.49845,1561.0000000000123,17,8762.300000000077,2009
2009-11-29 22:00:00,2009-12-01 17:00:00,10000.0,-98.38749999999878,936.9999999999877,sell,1.51003,1.50066,163.00000000000202,43,8666.600000000077,2009
2009-12-01 17:00:00,2009-12-04 14:00:00,10000.0,141.58749999999858,-1478.9999999999857,sell,1.49445,1.50924,1958.9999999999995,69,8812.500000000073,2009
2009-12-06 22:00:00,2009-12-07 09:00:00,10000.0,96.01250000000046,-987.0000000000044,sell,1.47694,1.48681,1348.0000000000157,11,8909.200000000073,2009
2009-12-08 09:00:00,2009-12-08 16:00:00,10000.0,102.16249999999914,-1045.9999999999914,sell,1.47381,1.48427,1245.9999999999914,7,9011.800000000074,2009
2009-12-08 16:00:00,2009-12-11 16:00:00,10000.0,108.60000000000132,-1151.000000000013,sell,1.46226,1.47377,1588.0000000000116,72,9124.90000000008,2009
2009-12-13 22:00:00,2009-12-15 13:00:00,10000.0,72.86250000000237,-773.0000000000236,sell,1.45338,1.4611100000000001,1510.0000000000111,39,9200.200000000084,2009
2009-12-15 17:00:00,2009-12-17 03:00:00,10000.0,82.2749999999998,-863.9999999999981,sell,1.44324,1.45188,1581.9999999999943,34,9284.600000000088,2009
2009-12-17 03:00:00,2009-12-17 17:00:00,10000.0,98.72500000000169,-1016.0000000000168,sell,1.4317199999999999,1.44188,1086.000000000009,14,9384.20000000009,2009
2009-12-17 17:00:00,2009-12-18 21:00:00,10000.0,-5.34999999999938,15.999999999993795,sell,1.4333,1.43314,780.0000000000028,28,9380.600000000093,2009
2009-12-20 22:00:00,2009-12-21 18:00:00,10000.0,-2.950000000000255,-2.9999999999974487,sell,1.43114,1.43117,613.9999999999811,20,9378.900000000094,2009
2009-12-21 18:00:00,2009-12-24 10:00:00,10000.0,78.99999999999952,-849.9999999999951,buy,1.43817,1.42967,1649.9999999999957,64,9461.900000000087,2009
2009-12-27 22:00:00,2009-12-28 12:00:00,10000.0,-44.47499999999941,415.99999999999415,sell,1.44069,1.43653,26.999999999999243,14,9418.300000000087,2009
2009-12-28 12:00:00,2009-12-29 01:00:00,10000.0,38.787500000001636,-416.0000000000163,sell,1.4364299999999999,1.44059,454.00000000002103,13,9457.900000000087,2009
2009-12-31 13:00:00,2009-12-31 16:00:00,10000.0,-58.287500000001145,561.0000000000115,buy,1.43447,1.44008,383.0,3,9399.800000000085,2009
2010-01-04 08:00:00,2010-01-04 14:00:00,10000.0,-89.87500000000036,875.0000000000035,sell,1.44234,1.43359,96.00000000000718,6,9910.499999999998,2010
2010-01-04 14:00:00,2010-01-06 07:00:00,10000.0,99.83750000000005,-1044.0000000000005,sell,1.43127,1.44171,1705.9999999999852,41,10012.899999999992,2010
2010-01-06 17:00:00,2010-01-07 13:00:00,10000.0,-91.8500000000009,886.000000000009,buy,1.43163,1.44049,11.999999999989795,20,9922.299999999988,2010
2010-01-07 13:00:00,2010-01-08 18:00:00,10000.0,51.787500000000094,-556.0000000000009,buy,1.43908,1.43352,1272.9999999999907,29,9975.89999999999,2010
2010-01-10 22:00:00,2010-01-11 04:00:00,10000.0,-113.7750000000015,1114.0000000000148,sell,1.45232,1.44118,93.99999999999407,6,9862.49999999999,2010
2010-01-11 04:00:00,2010-01-15 11:00:00,10000.0,100.36250000000001,-1088.0,sell,1.43872,1.4496,1914.9999999999998,103,9969.299999999997,2010
2010-01-17 22:00:00,2010-01-19 02:00:00,10000.0,-61.95000000000158,582.0000000000158,sell,1.44039,1.43457,95.99999999998498,28,9909.099999999997,2010
2010-01-19 02:00:00,2010-01-19 11:00:00,10000.0,-86.76249999999872,841.9999999999872,buy,1.4309,1.43932,-0.9999999999843466,9,9822.899999999998,2010
2010-01-20 09:00:00,2010-01-20 17:00:00,10000.0,87.00000000000014,-895.0000000000013,sell,1.4094,1.41835,992.9999999999993,8,9910.399999999998,2010
2010-01-20 17:00:00,2010-01-22 21:00:00,10000.0,-28.949999999999832,236.9999999999983,sell,1.41371,1.41134,442.99999999999335,52,9884.699999999995,2010
2010-01-24 22:00:00,2010-01-25 14:00:00,10000.0,0.8000000000004697,-38.0000000000047,sell,1.41454,1.41492,483.00000000001114,16,9886.499999999995,2010
2010-01-25 14:00:00,2010-01-26 06:00:00,10000.0,-80.39999999999858,773.9999999999858,buy,1.4077600000000001,1.4155,25.000000000008345,16,9807.099999999997,2010
2010-01-26 06:00:00,2010-01-27 14:00:00,10000.0,-49.59999999999897,455.9999999999897,buy,1.40459,1.40915,245.0000000000063,32,9759.5,2010
2010-01-27 14:00:00,2010-01-28 16:00:00,10000.0,75.97499999999967,-795.9999999999966,sell,1.39626,1.40422,968.9999999999976,26,9837.1,2010
2010-01-28 16:00:00,2010-01-29 17:00:00,10000.0,105.33750000000066,-1089.0000000000066,sell,1.38703,1.39792,1167.0000000000068,25,9944.000000000005,2010
2010-01-31 22:00:00,2010-02-01 14:00:00,10000.0,-55.400000000001334,524.0000000000133,sell,1.39138,1.38614,210.9999999999834,16,9889.6,2010
2010-02-01 21:00:00,2010-02-03 09:00:00,10000.0,68.84999999999928,-730.9999999999927,buy,1.40048,1.39317,1188.9999999999955,36,9960.699999999999,2010
2010-02-04 09:00:00,2010-02-04 16:00:00,10000.0,-69.53749999999994,670.9999999999993,buy,1.37782,1.38453,9.000000000014552,7,9891.599999999997,2010
2010-02-04 16:00:00,2010-02-05 02:00:00,10000.0,-72.42499999999987,697.9999999999985,buy,1.36901,1.37599,222.00000000001106,10,9819.799999999996,2010
2010-02-07 22:00:00,2010-02-09 06:00:00,10000.0,-50.89999999999861,468.9999999999861,sell,1.37011,1.36542,181.00000000000892,32,9770.899999999996,2010
2010-02-09 06:00:00,2010-02-10 10:00:00,10000.0,45.850000000000755,-496.0000000000075,buy,1.37759,1.37263,834.0000000000014,28,9818.499999999995,2010
2010-02-10 10:00:00,2010-02-10 16:00:00,10000.0,87.82500000000027,-902.0000000000027,sell,1.37003,1.37905,1116.9999999999902,6,9906.699999999997,2010
2010-02-10 16:00:00,2010-02-11 16:00:00,10000.0,108.500000000001,-1120.0000000000098,sell,1.36069,1.37189,1937.0000000000107,24,10016.699999999999,2010
2010-02-11 16:00:00,2010-02-12 21:00:00,10000.0,18.487499999999542,-222.9999999999954,sell,1.36145,1.36368,808.999999999993,29,10036.999999999996,2010
2010-02-14 22:00:00,2010-02-16 06:00:00,10000.0,-36.399999999999096,323.99999999999096,sell,1.36459,1.36135,78.00000000000028,32,10002.599999999997,2010
2010-02-16 06:00:00,2010-02-16 17:00:00,10000.0,82.81250000000057,-855.0000000000057,buy,1.37402,1.36547,1065.0000000000048,11,10086.099999999997,2010
2010-02-17 09:00:00,2010-02-17 16:00:00,10000.0,86.56250000000131,-890.000000000013,sell,1.3655,1.3744,1009.0000000000153,7,10173.099999999997,2010
2010-02-17 16:00:00,2010-02-18 22:00:00,10000.0,88.02500000000254,-919.0000000000252,sell,1.3527799999999999,1.3619700000000001,1263.000000000014,30,10262.999999999998,2010
2010-02-18 22:00:00,2010-02-19 21:00:00,10000.0,-104.83750000000038,1014.0000000000038,sell,1.35915,1.34901,151.99999999999656,23,10159.599999999997,2010
2010-02-21 22:00:00,2010-02-22 18:00:00,10000.0,12.450000000000713,-157.00000000000713,sell,1.35954,1.36111,580.0000000000027,20,10173.299999999994,2010
2010-02-22 18:00:00,2010-02-23 08:00:00,10000.0,83.1249999999994,-859.9999999999941,buy,1.3676,1.359,887.9999999999998,14,10257.299999999994,2010
2010-02-23 08:00:00,2010-02-23 11:00:00,10000.0,-90.68750000000024,885.0000000000024,buy,1.35984,1.36869,-1.0000000000065512,3,10166.799999999992,2010
2010-02-24 13:00:00,2010-02-24 16:00:00,10000.0,-64.68749999999866,624.9999999999866,sell,1.36082,1.35457,185.0000000000129,3,10102.299999999992,2010
2010-02-24 16:00:00,2010-02-25 05:00:00,10000.0,97.7875000000018,-1006.000000000018,sell,1.34726,1.35732,1083.0000000000116,13,10200.899999999992,2010
2010-02-28 22:00:00,2010-03-01 13:00:00,10000.0,104.76249999999946,-1076.9999999999945,sell,1.3509,1.36167,1448.0000000000048,15,10306.599999999995,2010
2010-03-03 05:00:00,2010-03-03 17:00:00,10000.0,-97.94999999999973,951.9999999999973,sell,1.37321,1.36369,35.999999999991594,12,10209.399999999996,2010
2010-03-03 17:00:00,2010-03-04 17:00:00,10000.0,136.2000000000004,-1397.0000000000036,sell,1.35725,1.37122,1543.9999999999898,24,10347.099999999995,2010
2010-03-04 17:00:00,2010-03-05 21:00:00,10000.0,-39.35000000000008,356.00000000000074,sell,1.36178,1.35822,120.99999999999332,28,10309.499999999995,2010
2010-03-07 22:00:00,2010-03-09 11:00:00,10000.0,64.38750000000154,-687.0000000000153,sell,1.35713,1.364,1324.9999999999982,37,10376.199999999999,2010
2010-03-11 01:00:00,2010-03-12 06:00:00,10000.0,45.287499999999696,-490.99999999999693,buy,1.3692,1.36429,714.9999999999989,29,10423.299999999997,2010
2010-03-14 21:00:00,2010-03-15 11:00:00,10000.0,50.224999999999255,-530.9999999999925,sell,1.37056,1.37587,697.9999999999985,14,10474.399999999994,2010
2010-03-15 17:00:00,2010-03-16 15:00:00,10000.0,80.82500000000094,-842.0000000000093,buy,1.37568,1.36726,1001.0000000000074,22,10556.599999999997,2010
2010-03-17 17:00:00,2010-03-18 05:00:00,10000.0,64.95000000000165,-677.0000000000164,sell,1.37055,1.37732,702.0000000000026,12,10622.3,2010
2010-03-18 05:00:00,2010-03-18 16:00:00,10000.0,64.31249999999929,-669.9999999999927,sell,1.36039,1.36709,917.9999999999965,11,10687.299999999996,2010
2010-03-18 16:00:00,2010-03-21 21:00:00,10000.0,71.68749999999946,-754.9999999999945,sell,1.35263,1.36018,1065.999999999989,29,10760.799999999996,2010
2010-03-21 21:00:00,2010-03-23 06:00:00,10000.0,-9.06249999999945,49.999999999994486,sell,1.35328,1.35278,358.9999999999982,33,10753.8,2010
2010-03-23 06:00:00,2010-03-24 00:00:00,10000.0,-57.42500000000046,543.0000000000045,buy,1.34666,1.35209,82.00000000000429,18,10697.499999999996,2010
2010-03-24 09:00:00,2010-03-25 21:00:00,10000.0,95.24999999999903,-994.9999999999902,sell,1.32722,1.33717,1144.999999999996,36,10794.999999999995,2010
2010-03-25 21:00:00,2010-03-26 09:00:00,10000.0,-91.84999999999974,890.9999999999973,sell,1.33727,1.32836,92.00000000000318,12,10703.899999999996,2010
2010-03-28 21:00:00,2010-04-01 16:00:00,10000.0,-98.28749999999846,905.9999999999845,sell,1.35702,1.34796,175.000000000014,91,10611.300000000001,2010
2010-04-01 16:00:00,2010-04-04 21:00:00,10000.0,61.387499999998596,-651.9999999999859,sell,1.34983,1.35635,919.9999999999874,29,10674.500000000002,2010
2010-04-04 21:00:00,2010-04-06 01:00:00,10000.0,41.75000000000054,-455.00000000000534,sell,1.34456,1.34911,916.0000000000056,28,10718.000000000005,2010
2010-04-08 01:00:00,2010-04-09 07:00:00,10000.0,60.525000000000006,-644.0000000000001,buy,1.3387,1.33226,1048.0000000000043,30,10780.400000000005,2010
2010-04-11 21:00:00,2010-04-13 02:00:00,10000.0,36.387500000001346,-402.0000000000134,sell,1.35873,1.3627500000000001,1042.0000000000095,29,10818.600000000008,2010
2010-04-13 02:00:00,2010-04-14 02:00:00,10000.0,56.09999999999965,-595.9999999999965,buy,1.36465,1.35869,1014.9999999999881,24,10876.200000000004,2010
2010-04-15 09:00:00,2010-04-18 21:00:00,10000.0,47.45000000000119,-517.0000000000118,sell,1.34828,1.35345,1014.0000000000038,36,10925.900000000005,2010
2010-04-18 21:00:00,2010-04-21 05:00:00,10000.0,62.700000000000486,-682.0000000000048,sell,1.34039,1.34721,1208.0000000000089,56,10992.100000000011,2010
2010-04-22 13:00:00,2010-04-23 00:00:00,10000.0,-65.68749999999972,629.9999999999972,buy,1.32217,1.32847,202.9999999999976,11,10927.100000000011,2010
2010-04-25 21:00:00,2010-04-27 16:00:00,10000.0,109.8124999999996,-1144.999999999996,sell,1.3231,1.33455,1842.9999999999945,43,11039.600000000011,2010
2010-04-28 05:00:00,2010-04-29 11:00:00,10000.0,-62.275000000000674,584.0000000000067,sell,1.32457,1.31873,324.9999999999975,30,10979.200000000008,2010
2010-04-29 11:00:00,2010-05-02 21:00:00,10000.0,-37.12500000000081,330.000000000008,sell,1.32915,1.32585,504.99999999999983,34,10944.200000000006,2010
2010-05-02 21:00:00,2010-05-03 02:00:00,10000.0,95.18749999999926,-974.9999999999925,sell,1.3226,1.33235,1068.0000000000023,5,11039.700000000006,2010
2010-05-03 02:00:00,2010-05-04 09:00:00,10000.0,95.4625000000006,-994.0000000000059,sell,1.31327,1.32321,1201.0000000000075,31,11137.100000000006,2010
2010-05-05 21:00:00,2010-05-06 13:00:00,10000.0,101.9000000000011,-1049.000000000011,sell,1.27111,1.2816,1452.9999999999932,16,11240.000000000007,2010
2010-05-06 13:00:00,2010-05-06 19:00:00,10000.0,144.92500000000132,-1473.000000000013,sell,1.25959,1.2743200000000001,1737.0000000000107,6,11385.300000000008,2010
2010-05-06 19:00:00,2010-05-09 21:00:00,10000.0,-128.12500000000074,1245.000000000007,sell,1.27498,1.26253,479.00000000000716,26,11258.800000000008,2010
2010-05-09 21:00:00,2010-05-11 07:00:00,10000.0,219.1749999999996,-2232.999999999996,sell,1.27074,1.29307,3862.0000000000095,34,11480.100000000011,2010
2010-05-11 07:00:00,2010-05-12 05:00:00,10000.0,134.725000000001,-1381.0000000000098,sell,1.2607599999999999,1.27457,1419.0000000000146,22,11616.200000000015,2010
2010-05-12 05:00:00,2010-05-13 20:00:00,10000.0,104.56250000000132,-1090.0000000000132,sell,1.2532699999999999,1.26417,2059.0000000000105,39,11723.200000000019,2010
2010-05-13 20:00:00,2010-05-14 15:00:00,10000.0,103.71250000000089,-1069.0000000000086,sell,1.24251,1.2532,1500.9999999999966,19,11828.100000000022,2010
2010-05-16 21:00:00,2010-05-17 22:00:00,10000.0,-57.362500000001624,538.0000000000161,sell,1.24001,1.23463,137.99999999999366,25,11772.300000000021,2010
2010-05-17 22:00:00,2010-05-18 18:00:00,10000.0,-131.84999999999872,1285.999999999987,buy,1.22608,1.23894,-12.999999999996346,20,11641.700000000023,2010
2010-05-20 13:00:00,2010-05-20 18:00:00,10000.0,-162.11249999999882,1597.9999999999882,sell,1.24955,1.23357,136.00000000000279,5,11479.900000000023,2010
2010-05-20 18:00:00,2010-05-23 21:00:00,10000.0,11.912500000000058,-156.00000000000057,sell,1.25463,1.25619,1257.000000000019,27,11493.50000000002,2010
2010-05-23 21:00:00,2010-05-24 10:00:00,10000.0,137.6875000000012,-1405.0000000000116,sell,1.24013,1.25418,1611.0000000000068,13,11632.000000000024,2010
2010-05-24 10:00:00,2010-05-24 22:00:00,10000.0,30.449999999999896,-331.9999999999989,sell,1.23459,1.23791,697.9999999999985,12,11663.200000000024,2010
2010-05-24 22:00:00,2010-05-25 08:00:00,10000.0,-118.02499999999884,1153.9999999999882,buy,1.22351,1.23505,178.00000000001145,10,11545.800000000025,2010
2010-05-25 21:00:00,2010-05-26 13:00:00,10000.0,-113.39999999999938,1103.9999999999939,buy,1.22602,1.23706,128.00000000001697,16,11433.400000000027,2010
2010-05-27 13:00:00,2010-05-27 16:00:00,10000.0,-163.68749999999886,1614.9999999999886,sell,1.23701,1.22086,32.0000000000098,3,11269.900000000027,2010
2010-05-30 21:00:00,2010-05-31 22:00:00,10000.0,-31.762500000000447,282.00000000000443,sell,1.23079,1.22797,259.9999999999936,25,11239.700000000026,2010
2010-05-31 22:00:00,2010-06-01 08:00:00,10000.0,-93.62500000000108,910.0000000000107,buy,1.21973,1.22883,231.99999999998775,10,11146.700000000024,2010
2010-06-03 21:00:00,2010-06-04 12:00:00,10000.0,107.16249999999964,-1100.9999999999964,sell,1.20509,1.2161,1642.00000000001,15,11254.80000000003,2010
2010-06-06 21:00:00,2010-06-09 16:00:00,10000.0,-106.58750000000049,1004.0000000000048,sell,1.20459,1.19455,270.999999999999,67,11152.400000000025,2010
2010-06-09 21:00:00,2010-06-10 10:00:00,10000.0,77.88750000000022,-807.000000000002,buy,1.2067,1.19863,1103.0000000000095,13,11231.100000000022,2010
2010-06-10 10:00:00,2010-06-11 10:00:00,10000.0,74.39999999999964,-778.9999999999962,buy,1.21261,1.20482,1017.0000000000011,24,11307.000000000024,2010
2010-06-13 21:00:00,2010-06-14 00:00:00,10000.0,-92.48750000000094,903.0000000000093,sell,1.22065,1.21162,-2.9999999999974487,3,11214.700000000023,2010
2010-06-14 00:00:00,2010-06-14 15:00:00,10000.0,-109.83749999999867,1068.9999999999866,sell,1.22796,1.21727,-10.999999999983244,15,11105.800000000027,2010
2010-06-14 15:00:00,2010-06-14 22:00:00,10000.0,56.86249999999991,-592.9999999999991,sell,1.22146,1.22739,784.9999999999912,7,11163.100000000026,2010
2010-06-14 22:00:00,2010-06-15 15:00:00,10000.0,85.53749999999869,-885.9999999999867,buy,1.23043,1.22157,1361.9999999999964,17,11249.700000000024,2010
2010-06-17 05:00:00,2010-06-17 10:00:00,10000.0,-114.91250000000048,1126.0000000000048,sell,1.23876,1.2275,56.999999999995936,5,11135.100000000024,2010
2010-06-20 21:00:00,2010-06-21 17:00:00,10000.0,75.85000000000083,-791.0000000000083,sell,1.23458,1.24249,1208.0000000000089,20,11212.200000000024,2010
2010-06-27 21:00:00,2010-06-28 18:00:00,10000.0,88.38750000000122,-917.0000000000122,sell,1.22807,1.2372400000000001,1160.0000000000055,21,11301.900000000027,2010
2010-06-30 17:00:00,2010-07-01 13:00:00,10000.0,-130.44999999999843,1271.999999999984,sell,1.23907,1.22635,137.00000000000932,20,11172.70000000003,2010
2010-07-01 13:00:00,2010-07-01 20:00:00,10000.0,-102.13750000000034,997.0000000000034,sell,1.252,1.24203,204.00000000000415,7,11071.00000000003,2010
2010-07-01 20:00:00,2010-07-04 21:00:00,10000.0,-40.56250000000037,370.00000000000364,sell,1.25615,1.25245,490.99999999999693,25,11032.000000000025,2010
2010-07-04 21:00:00,2010-07-06 06:00:00,10000.0,7.937500000000899,-120.00000000000898,sell,1.25422,1.25542,201.0000000000067,33,11042.000000000027,2010
2010-07-06 06:00:00,2010-07-06 15:00:00,10000.0,71.33750000000008,-739.0000000000007,buy,1.26464,1.25725,815.9999999999944,9,11113.900000000027,2010
2010-07-08 17:00:00,2010-07-11 21:00:00,10000.0,27.650000000001427,-314.00000000001427,sell,1.26379,1.2669300000000001,839.0000000000119,28,11143.30000000003,2010
2010-07-11 21:00:00,2010-07-12 08:00:00,10000.0,55.91249999999977,-585.9999999999976,sell,1.25797,1.26383,666.9999999999953,11,11199.900000000029,2010
2010-07-12 08:00:00,2010-07-13 14:00:00,10000.0,-86.97500000000039,831.0000000000039,sell,1.26451,1.2562,11.000000000005448,30,11114.80000000003,2010
2010-07-14 21:00:00,2010-07-15 11:00:00,10000.0,65.62500000000023,-685.0000000000023,buy,1.28125,1.2744,1049.000000000011,14,11181.300000000032,2010
2010-07-15 11:00:00,2010-07-15 18:00:00,10000.0,71.56250000000074,-740.0000000000073,buy,1.28902,1.28162,760.000000000005,7,11253.30000000003,2010
2010-07-15 18:00:00,2010-07-16 10:00:00,10000.0,-88.49999999999835,854.9999999999835,sell,1.29792,1.2893700000000001,69.00000000000794,16,11165.800000000032,2010
2010-07-18 21:00:00,2010-07-19 08:00:00,10000.0,-87.18750000000068,845.0000000000068,sell,1.2981,1.28965,2.9999999999974487,11,11079.30000000003,2010
2010-07-19 08:00:00,2010-07-19 18:00:00,10000.0,13.675000000000203,-163.00000000000202,sell,1.2946,1.29623,377.00000000000506,10,11093.600000000031,2010
2010-07-19 21:00:00,2010-07-20 12:00:00,10000.0,-89.3374999999998,863.9999999999981,buy,1.28614,1.29478,53.99999999999849,15,11005.200000000032,2010
2010-07-21 13:00:00,2010-07-22 14:00:00,10000.0,-93.36249999999988,897.9999999999987,sell,1.28921,1.28023,15.000000000009448,25,10913.400000000029,2010
2010-07-22 14:00:00,2010-07-25 21:00:00,10000.0,-2.7375000000010203,-11.999999999989795,sell,1.29048,1.2906,598.999999999994,31,10912.600000000031,2010
2010-07-25 21:00:00,2010-07-27 02:00:00,10000.0,-120.11249999999808,1162.9999999999807,sell,1.3006199999999999,1.28899,53.00000000001414,29,10794.300000000036,2010
2010-07-28 17:00:00,2010-07-29 09:00:00,10000.0,-82.10000000000083,791.0000000000083,sell,1.30698,1.29907,68.00000000000139,16,10713.200000000035,2010
2010-07-29 09:00:00,2010-07-30 10:00:00,10000.0,83.33749999999864,-868.9999999999864,sell,1.29892,1.30761,1167.9999999999911,25,10798.100000000028,2010
2010-08-01 21:00:00,2010-08-02 14:00:00,10000.0,-84.3624999999997,812.999999999997,sell,1.31385,1.30572,80.00000000001339,17,10714.800000000028,2010
2010-08-08 21:00:00,2010-08-09 18:00:00,10000.0,55.78750000000082,-591.0000000000082,sell,1.3229,1.32881,781.0000000000094,21,10771.900000000029,2010
2010-08-09 18:00:00,2010-08-10 03:00:00,10000.0,-82.06249999999902,794.9999999999901,buy,1.31488,1.32283,-15.999999999993795,9,10690.40000000003,2010
2010-08-10 05:00:00,2010-08-10 15:00:00,10000.0,-75.02500000000136,724.0000000000134,buy,1.30839,1.31563,97.99999999999808,10,10616.000000000031,2010
2010-08-10 21:00:00,2010-08-11 07:00:00,10000.0,129.07500000000127,-1317.0000000000125,sell,1.30426,1.31743,1432.000000000011,10,10745.70000000003,2010
2010-08-11 07:00:00,2010-08-11 14:00:00,10000.0,90.16250000000046,-926.0000000000045,sell,1.29695,1.30621,1072.0000000000061,7,10836.30000000003,2010
2010-08-15 21:00:00,2010-08-16 13:00:00,10000.0,-89.89999999999864,868.9999999999864,sell,1.28493,1.27624,112.00000000000098,16,10747.40000000003,2010
2010-08-16 21:00:00,2010-08-17 22:00:00,10000.0,47.93749999999988,-514.9999999999987,buy,1.28765,1.2825,723.0000000000069,25,10796.900000000029,2010
2010-08-17 22:00:00,2010-08-19 00:00:00,10000.0,74.07500000000054,-777.0000000000055,sell,1.27976,1.28753,1242.0000000000095,26,10872.600000000028,2010
2010-08-19 00:00:00,2010-08-19 13:00:00,10000.0,-90.11249999999905,872.9999999999903,sell,1.28914,1.28041,-14.999999999987244,13,10783.300000000027,2010
2010-08-19 13:00:00,2010-08-20 09:00:00,10000.0,112.05000000000041,-1153.0000000000039,sell,1.2757,1.28723,1422.9999999999964,20,10896.600000000028,2010
2010-08-22 21:00:00,2010-08-23 23:00:00,10000.0,59.37499999999972,-629.9999999999972,sell,1.26382,1.27012,910.0000000000107,26,10957.600000000026,2010
2010-08-24 01:00:00,2010-08-26 04:00:00,10000.0,73.91250000000083,-791.0000000000083,buy,1.2714400000000001,1.26353,1268.0000000000023,51,11034.700000000023,2010
2010-08-26 04:00:00,2010-08-26 14:00:00,10000.0,11.174999999999368,-137.99999999999366,buy,1.27244,1.27106,581.0000000000092,10,11046.500000000022,2010
2010-08-26 14:00:00,2010-08-29 21:00:00,10000.0,-28.837500000001032,249.00000000001032,sell,1.27601,1.27352,184.9999999999907,31,11019.60000000002,2010
2010-08-29 21:00:00,2010-08-30 16:00:00,10000.0,71.91249999999906,-750.9999999999905,sell,1.26868,1.27619,777.0000000000055,19,11092.70000000002,2010
2010-08-31 09:00:00,2010-09-01 09:00:00,10000.0,66.80000000000092,-703.0000000000091,buy,1.27655,1.26952,1043.0000000000161,24,11161.000000000024,2010
2010-09-02 01:00:00,2010-09-02 22:00:00,10000.0,19.087500000000198,-224.00000000000196,buy,1.28224,1.28,461.0000000000003,21,11181.400000000021,2010
2010-09-02 22:00:00,2010-09-03 15:00:00,10000.0,-45.86249999999839,427.9999999999839,sell,1.28649,1.28221,239.0000000000114,17,11136.600000000019,2010
2010-09-05 21:00:00,2010-09-06 18:00:00,10000.0,11.587500000002134,-149.00000000002132,sell,1.28737,1.2888600000000001,443.0000000000156,21,11149.500000000022,2010
2010-09-06 18:00:00,2010-09-07 00:00:00,10000.0,-60.47500000000093,581.0000000000092,buy,1.28162,1.28743,170.00000000000347,6,11089.400000000021,2010
2010-09-07 00:00:00,2010-09-07 09:00:00,10000.0,-50.36250000000007,478.0000000000006,buy,1.27648,1.28126,157.00000000000713,9,11039.600000000017,2010
2010-09-09 21:00:00,2010-09-12 21:00:00,10000.0,14.599999999998673,-180.9999999999867,sell,1.26767,1.26948,699.9999999999894,24,11055.700000000012,2010
2010-09-12 21:00:00,2010-09-13 01:00:00,10000.0,-83.94999999999789,816.9999999999787,sell,1.27859,1.27042,94.00000000001629,4,10972.000000000013,2010
2010-09-13 01:00:00,2010-09-13 15:00:00,10000.0,-94.17500000000082,913.0000000000082,sell,1.28719,1.27806,-12.000000000012,14,10878.700000000012,2010
2010-09-13 15:00:00,2010-09-14 15:00:00,10000.0,-94.3999999999982,908.9999999999819,sell,1.29788,1.28879,78.00000000000028,24,10785.800000000008,2010
2010-09-16 09:00:00,2010-09-19 21:00:00,10000.0,28.149999999999096,-323.99999999999096,sell,1.30465,1.30789,1116.9999999999902,36,10816.200000000012,2010
2010-09-19 21:00:00,2010-09-20 22:00:00,10000.0,-19.16250000000006,156.00000000000057,sell,1.30634,1.30478,570.0000000000038,25,10798.600000000013,2010
2010-09-20 22:00:00,2010-09-21 09:00:00,10000.0,60.212500000001285,-629.0000000000128,buy,1.31309,1.3068,730.0000000000084,11,10859.500000000015,2010
2010-09-23 13:00:00,2010-09-24 10:00:00,10000.0,-117.71249999999895,1143.9999999999893,sell,1.34256,1.33112,21.00000000000435,21,10743.100000000011,2010
2010-09-26 21:00:00,2010-09-27 22:00:00,10000.0,34.437500000000256,-380.0000000000025,sell,1.34411,1.34791,646.9999999999975,25,10779.100000000015,2010
2010-09-27 22:00:00,2010-09-28 15:00:00,10000.0,102.83749999999877,-1058.9999999999877,buy,1.35428,1.34369,1618.9999999999925,17,10883.000000000013,2010
2010-09-28 17:00:00,2010-10-01 09:00:00,10000.0,-148.29999999999964,1422.9999999999964,sell,1.37222,1.35799,82.00000000000429,64,10738.700000000013,2010
2010-10-03 21:00:00,2010-10-04 09:00:00,10000.0,104.55000000000129,-1073.0000000000127,sell,1.3679,1.37863,1104.000000000016,12,10844.000000000015,2010
2010-10-04 09:00:00,2010-10-05 08:00:00,10000.0,-90.6374999999984,871.9999999999839,sell,1.37692,1.3682,53.00000000001414,23,10754.800000000016,2010
2010-10-06 17:00:00,2010-10-07 13:00:00,10000.0,-98.14999999999998,948.9999999999998,sell,1.40247,1.39298,42.999999999993044,20,10657.900000000018,2010
2010-10-07 17:00:00,2010-10-10 21:00:00,10000.0,-44.949999999999015,411.9999999999901,sell,1.3938,1.38968,446.000000000013,28,10614.70000000002,2010
2010-10-10 21:00:00,2010-10-11 16:00:00,10000.0,120.31250000000082,-1235.0000000000082,sell,1.38774,1.40009,1295.0000000000016,19,10736.200000000019,2010
2010-10-11 16:00:00,2010-10-12 09:00:00,10000.0,91.0375000000014,-941.000000000014,sell,1.37913,1.38854,1096.9999999999923,17,10828.30000000002,2010
2010-10-13 05:00:00,2010-10-14 01:00:00,10000.0,-78.4499999999997,751.999999999997,sell,1.4037,1.39618,202.00000000001327,20,10751.100000000019,2010
2010-10-14 01:00:00,2010-10-15 18:00:00,10000.0,110.53750000000132,-1151.000000000013,sell,1.39654,1.40805,1932.0000000000002,41,10864.200000000023,2010
2010-10-17 21:00:00,2010-10-18 08:00:00,10000.0,102.4125000000002,-1051.0000000000018,sell,1.38652,1.39703,1089.0000000000066,11,10967.300000000023,2010
2010-10-18 08:00:00,2010-10-18 14:00:00,10000.0,-91.47499999999974,890.9999999999973,sell,1.39509,1.38618,112.00000000000098,6,10876.200000000024,2010
2010-10-18 14:00:00,2010-10-19 13:00:00,10000.0,114.36249999999902,-1177.99999999999,sell,1.38474,1.39652,1561.9999999999966,23,10992.000000000022,2010
2010-10-20 05:00:00,2010-10-20 13:00:00,10000.0,-75.40000000000019,729.0000000000018,sell,1.38387,1.37658,334.00000000001205,8,10917.100000000022,2010
2010-10-20 17:00:00,2010-10-24 21:00:00,10000.0,9.250000000001734,-145.00000000001734,sell,1.39505,1.3965,991.0000000000084,52,10929.600000000028,2010
2010-10-24 21:00:00,2010-10-25 05:00:00,10000.0,-93.59999999999951,910.9999999999951,sell,1.40371,1.3946,63.999999999997385,8,10836.500000000027,2010
2010-10-25 05:00:00,2010-10-25 17:00:00,10000.0,87.2500000000012,-900.0000000000118,sell,1.39631,1.40531,1165.000000000016,12,10924.50000000003,2010
2010-10-27 09:00:00,2010-10-28 16:00:00,10000.0,-109.23749999999929,1052.9999999999927,sell,1.39293,1.3824,154.00000000000966,31,10817.200000000037,2010
2010-10-28 16:00:00,2010-10-29 09:00:00,10000.0,86.9375000000012,-900.0000000000118,sell,1.3829799999999999,1.39198,1210.000000000022,17,10905.200000000037,2010
2010-10-31 21:00:00,2010-11-02 18:00:00,10000.0,-80.11249999999815,752.9999999999814,sell,1.40366,1.39613,211.0000000000056,45,10827.900000000038,2010
2010-11-04 05:00:00,2010-11-04 09:00:00,10000.0,80.65000000000131,-829.000000000013,buy,1.42056,1.41227,924.999999999998,4,10908.80000000004,2010
2010-11-04 09:00:00,2010-11-04 18:00:00,10000.0,-71.76250000000037,692.0000000000036,buy,1.41895,1.42587,-17.000000000000348,9,10837.600000000037,2010
2010-11-04 18:00:00,2010-11-05 11:00:00,10000.0,99.93749999999976,-1029.9999999999975,sell,1.41033,1.42063,1449.9999999999957,17,10938.600000000035,2010
2010-11-07 22:00:00,2010-11-08 10:00:00,10000.0,116.4499999999993,-1191.999999999993,sell,1.39317,1.40509,1533.0000000000064,12,11055.800000000036,2010
2010-11-08 10:00:00,2010-11-09 21:00:00,10000.0,114.71249999999957,-1188.9999999999955,sell,1.37799,1.38988,1930.9999999999936,35,11172.700000000033,2010
2010-11-09 21:00:00,2010-11-11 18:00:00,10000.0,110.0875,-1149.0,sell,1.3655,1.37699,1697.000000000015,45,11285.600000000028,2010
2010-11-11 18:00:00,2010-11-12 15:00:00,10000.0,-114.61249999999862,1112.9999999999861,sell,1.37661,1.36548,102.00000000000207,21,11172.300000000027,2010
2010-11-14 22:00:00,2010-11-16 06:00:00,10000.0,53.10000000000104,-571.0000000000103,sell,1.36208,1.36779,1296.0000000000082,32,11227.400000000029,2010
2010-11-16 06:00:00,2010-11-16 17:00:00,10000.0,-80.08749999999858,773.9999999999858,buy,1.35142,1.35916,188.00000000001037,11,11148.00000000003,2010
2010-11-17 09:00:00,2010-11-18 07:00:00,10000.0,-70.57500000000059,672.0000000000059,sell,1.35881,1.35209,188.9999999999947,22,11078.800000000027,2010
2010-11-18 07:00:00,2010-11-18 12:00:00,10000.0,-68.01249999999965,656.9999999999965,sell,1.36504,1.35847,133.00000000000531,5,11011.100000000026,2010
2010-11-18 12:00:00,2010-11-19 21:00:00,10000.0,-37.06250000000081,330.000000000008,sell,1.3683,1.365,479.99999999999153,33,10976.100000000026,2010
2010-11-21 22:00:00,2010-11-22 16:00:00,10000.0,119.17499999999963,-1222.9999999999961,sell,1.36113,1.37336,1744.000000000012,18,11096.400000000027,2010
2010-11-22 21:00:00,2010-11-23 07:00:00,10000.0,-72.42499999999764,697.9999999999764,buy,1.3558000000000001,1.3627799999999999,322.0000000000222,10,11024.60000000003,2010
2010-11-23 13:00:00,2010-11-23 20:00:00,10000.0,-110.93749999999804,1084.9999999999804,buy,1.33705,1.3478999999999999,92.00000000000318,7,10914.10000000003,2010
2010-11-25 09:00:00,2010-11-25 18:00:00,10000.0,-82.26250000000033,797.0000000000032,sell,1.33753,1.32956,113.99999999999187,9,10832.40000000003,2010
2010-11-25 18:00:00,2010-11-26 07:00:00,10000.0,85.28749999999985,-880.9999999999984,sell,1.32752,1.33633,992.9999999999993,13,10918.500000000033,2010
2010-11-28 22:00:00,2010-11-29 12:00:00,10000.0,102.42499999999929,-1052.9999999999927,sell,1.31684,1.32737,1329.0000000000023,14,11021.800000000032,2010
2010-12-02 09:00:00,2010-12-02 14:00:00,10000.0,101.88750000000095,-1042.0000000000095,sell,1.30806,1.31848,1361.9999999999964,5,11124.000000000033,2010
2010-12-02 14:00:00,2010-12-03 14:00:00,10000.0,-187.99999999999855,1844.9999999999854,sell,1.33442,1.31597,52.00000000000759,24,10937.500000000035,2010
2010-12-05 22:00:00,2010-12-06 09:00:00,10000.0,98.21250000000154,-1009.0000000000153,sell,1.33038,1.34047,1175.0000000000148,11,11036.400000000036,2010
2010-12-12 22:00:00,2010-12-13 12:00:00,10000.0,-81.97500000000083,791.0000000000083,sell,1.32799,1.32008,-15.000000000009448,14,10955.300000000036,2010
2010-12-15 21:00:00,2010-12-16 14:00:00,10000.0,22.737500000000267,-258.0000000000027,buy,1.32397,1.32139,328.00000000001717,17,10979.100000000035,2010
2010-12-16 14:00:00,2010-12-17 02:00:00,10000.0,-54.950000000000024,522.0000000000002,sell,1.32752,1.3223,24.000000000001794,12,10924.900000000034,2010
2010-12-19 22:00:00,2010-12-23 02:00:00,10000.0,41.450000000000465,-482.0000000000046,sell,1.31144,1.31626,869.0000000000085,76,10971.100000000037,2010
2010-12-23 02:00:00,2010-12-23 06:00:00,10000.0,11.549999999999368,-137.99999999999366,buy,1.31269,1.31131,178.99999999999582,4,10982.900000000036,2010
2010-12-23 06:00:00,2010-12-23 14:00:00,10000.0,62.30000000000041,-648.0000000000041,sell,1.3069,1.31338,815.0000000000101,8,11045.700000000037,2010
2010-12-23 14:00:00,2010-12-23 17:00:00,10000.0,-42.58750000000043,404.0000000000043,sell,1.31016,1.30612,384.99999999999085,3,11003.300000000036,2010
2010-12-23 17:00:00,2010-12-24 21:00:00,10000.0,-10.349999999998829,65.99999999998829,sell,1.31134,1.31068,339.0000000000004,28,10994.700000000037,2010
2010-12-26 22:00:00,2010-12-27 06:00:00,10000.0,-22.799999999999763,202.9999999999976,sell,1.3129,1.31087,17.000000000000348,8,10972.400000000038,2010
2010-12-28 17:00:00,2010-12-29 19:00:00,10000.0,-105.52500000000143,1019.0000000000142,sell,1.32261,1.31242,119.99999999998677,26,10868.500000000038,2010
2010-12-29 19:00:00,2010-12-30 15:00:00,10000.0,-97.9500000000009,947.0000000000089,sell,1.33071,1.32124,68.00000000000139,20,10771.800000000036,2010
2010-12-30 15:00:00,2010-12-31 07:00:00,10000.0,-97.89999999999998,948.9999999999998,sell,1.33749,1.328,119.00000000000243,16,10674.900000000034,2010
2011-01-03 08:00:00,2011-01-03 17:00:00,10000.0,-81.06249999999912,784.9999999999912,sell,1.3372,1.32935,225.0000000000085,9,9919.500000000002,2011
2011-01-05 13:00:00,2011-01-06 16:00:00,10000.0,137.81249999999886,-1414.9999999999884,sell,1.30363,1.31778,1556.0000000000016,27,10059.000000000004,2011
2011-01-06 16:00:00,2011-01-07 21:00:00,10000.0,114.28750000000099,-1181.0000000000098,sell,1.29066,1.30247,1229.0000000000134,29,10175.100000000004,2011
2011-01-09 22:00:00,2011-01-10 18:00:00,10000.0,-55.34999999999937,520.9999999999936,sell,1.29429,1.28908,180.00000000000236,20,10121.000000000005,2011
2011-01-10 18:00:00,2011-01-11 14:00:00,10000.0,-5.4499999999988695,21.99999999998869,buy,1.29577,1.29599,457.0000000000185,20,10116.800000000001,2011
2011-01-11 14:00:00,2011-01-12 02:00:00,10000.0,-105.95000000000107,1032.0000000000107,sell,1.30159,1.29127,-19.999999999997797,12,10011.6,2011
2011-01-12 05:00:00,2011-01-12 16:00:00,10000.0,-84.78749999999829,820.9999999999828,sell,1.3063799999999999,1.29817,-10.999999999983244,11,9927.500000000004,2011
2011-01-12 16:00:00,2011-01-13 10:00:00,10000.0,-95.6249999999998,924.999999999998,sell,1.31558,1.30633,141.00000000001333,18,9833.000000000004,2011
2011-01-16 22:00:00,2011-01-17 09:00:00,10000.0,90.31249999999864,-929.9999999999864,sell,1.32746,1.33676,1073.999999999997,11,9924.000000000002,2011
2011-01-17 21:00:00,2011-01-18 09:00:00,10000.0,85.8500000000009,-886.000000000009,buy,1.33834,1.32948,1304.0000000000161,12,10010.600000000002,2011
2011-01-18 17:00:00,2011-01-19 07:00:00,10000.0,-128.1749999999993,1252.999999999993,sell,1.34866,1.33613,14.000000000002897,14,9883.300000000003,2011
2011-01-19 07:00:00,2011-01-21 16:00:00,10000.0,-109.76249999999874,1041.9999999999873,sell,1.3586099999999999,1.34819,44.00000000002179,57,9777.1,2011
2011-01-23 22:00:00,2011-01-25 21:00:00,10000.0,-84.93750000000007,800.0000000000007,sell,1.36832,1.36032,204.00000000000415,47,9695.099999999999,2011
2011-01-26 17:00:00,2011-01-28 21:00:00,10000.0,70.05000000000037,-753.0000000000036,sell,1.36056,1.36809,1526.000000000005,52,9768.399999999998,2011
2011-01-30 22:00:00,2011-01-31 12:00:00,10000.0,-101.57499999999823,986.9999999999823,sell,1.3672199999999999,1.35735,45.00000000000614,14,9667.699999999999,2011
2011-02-02 13:00:00,2011-02-03 14:00:00,10000.0,132.33749999999992,-1358.999999999999,sell,1.36647,1.38006,1624.0000000000032,25,9801.599999999997,2011
2011-02-03 14:00:00,2011-02-04 21:00:00,10000.0,52.262499999999584,-561.9999999999958,sell,1.35842,1.36404,903.0000000000093,31,9855.800000000001,2011
2011-02-06 22:00:00,2011-02-08 02:00:00,10000.0,-23.949999999999108,201.99999999999105,sell,1.3585,1.3564800000000001,407.99999999998613,28,9833.6,2011
2011-02-08 02:00:00,2011-02-08 17:00:00,10000.0,64.56250000000034,-675.0000000000033,buy,1.36835,1.3616,907.9999999999976,15,9899.1,2011
2011-02-09 09:00:00,2011-02-09 16:00:00,10000.0,-71.63750000000037,692.0000000000036,sell,1.37077,1.36385,123.00000000000642,7,9827.9,2011
2011-02-09 16:00:00,2011-02-10 14:00:00,10000.0,81.32499999999978,-846.9999999999977,sell,1.35999,1.36846,1438.000000000006,22,9910.599999999999,2011
2011-02-10 14:00:00,2011-02-11 11:00:00,10000.0,72.58749999999986,-758.9999999999985,sell,1.35208,1.35967,1170.0000000000043,21,9984.499999999998,2011
2011-02-13 22:00:00,2011-02-14 13:00:00,10000.0,74.26250000000171,-772.000000000017,sell,1.34445,1.35217,1133.0000000000061,15,10059.700000000003,2011
2011-02-16 01:00:00,2011-02-17 02:00:00,10000.0,-77.16250000000034,736.0000000000033,sell,1.35964,1.35228,45.00000000000614,25,9984.100000000004,2011
2011-02-17 02:00:00,2011-02-18 17:00:00,10000.0,-88.43749999999963,839.9999999999962,sell,1.36745,1.35905,-19.999999999997797,39,9898.100000000004,2011
2011-02-20 22:00:00,2011-02-21 22:00:00,10000.0,3.599999999999884,-70.99999999999883,sell,1.36795,1.36866,356.00000000000074,24,9903.200000000004,2011
2011-02-21 22:00:00,2011-02-22 02:00:00,10000.0,-77.04999999999932,747.9999999999931,buy,1.36016,1.36764,151.00000000001222,4,9826.400000000005,2011
2011-02-23 05:00:00,2011-02-23 16:00:00,10000.0,-74.48749999999964,717.9999999999964,sell,1.37646,1.36928,214.00000000000307,11,9752.600000000004,2011
2011-02-23 16:00:00,2011-02-25 21:00:00,10000.0,-0.31249999999833067,-50.00000000001669,sell,1.37496,1.3754600000000001,878.0000000000009,53,9755.600000000013,2011
2011-02-27 22:00:00,2011-02-28 10:00:00,10000.0,-80.45000000000054,777.0000000000055,sell,1.38226,1.37449,107.99999999999697,12,9675.900000000014,2011
2011-03-02 21:00:00,2011-03-03 14:00:00,10000.0,-106.16250000000042,1031.000000000004,sell,1.39655,1.38624,96.00000000000718,17,9570.800000000014,2011
2011-03-03 14:00:00,2011-03-04 21:00:00,10000.0,-55.43749999999988,514.9999999999987,sell,1.39811,1.39296,252.00000000000776,31,9517.300000000016,2011
2011-03-06 22:00:00,2011-03-07 18:00:00,10000.0,19.150000000000198,-224.00000000000196,sell,1.39667,1.39891,687.9999999999997,20,9537.700000000017,2011
2011-03-07 18:00:00,2011-03-08 14:00:00,10000.0,-67.94999999999976,646.9999999999975,buy,1.38974,1.39621,100.99999999999552,20,9471.000000000015,2011
2011-03-09 09:00:00,2011-03-09 12:00:00,10000.0,-58.88749999999842,566.9999999999841,sell,1.39316,1.3874900000000001,52.00000000000759,3,9412.300000000016,2011
2011-03-09 12:00:00,2011-03-10 08:00:00,10000.0,88.55000000000189,-918.0000000000188,sell,1.38322,1.3924,1025.000000000009,20,9502.100000000015,2011
2011-03-10 08:00:00,2011-03-11 11:00:00,10000.0,59.61250000000169,-633.0000000000168,sell,1.37729,1.38362,779.0000000000185,27,9563.400000000014,2011
2011-03-13 21:00:00,2011-03-15 10:00:00,10000.0,97.08750000000038,-1014.0000000000038,sell,1.38731,1.39745,1295.0000000000016,37,9662.800000000017,2011
2011-03-16 01:00:00,2011-03-16 18:00:00,10000.0,80.33750000000015,-834.0000000000014,sell,1.38909,1.39743,1096.000000000008,17,9744.20000000002,2011
2011-03-16 18:00:00,2011-03-17 10:00:00,10000.0,-142.29999999999998,1392.9999999999998,sell,1.40364,1.38971,-15.999999999993795,16,9602.90000000002,2011
2011-03-17 10:00:00,2011-03-18 12:00:00,10000.0,-120.82499999999953,1171.9999999999952,sell,1.41381,1.40209,4.000000000004,26,9483.70000000002,2011
2011-03-20 21:00:00,2011-03-21 22:00:00,10000.0,-52.962499999999444,493.99999999999443,sell,1.42205,1.41711,187.0000000000038,25,9432.300000000025,2011
2011-03-21 22:00:00,2011-03-23 01:00:00,10000.0,-59.18749999999944,554.9999999999943,buy,1.41604,1.42159,73.99999999999629,27,9374.800000000023,2011
2011-03-24 09:00:00,2011-03-24 15:00:00,10000.0,-81.57499999999928,791.9999999999926,sell,1.42021,1.41229,0.0,6,9293.600000000024,2011
2011-03-24 15:00:00,2011-03-25 17:00:00,10000.0,125.57500000000041,-1292.000000000004,sell,1.40676,1.41968,1519.0000000000036,26,9420.800000000023,2011
2011-03-27 21:00:00,2011-03-29 06:00:00,10000.0,-83.76250000000033,797.0000000000032,sell,1.41185,1.40388,49.999999999994486,33,9339.100000000015,2011
2011-03-29 06:00:00,2011-03-29 12:00:00,10000.0,-59.97499999999987,575.9999999999986,buy,1.40623,1.41199,25.000000000008345,6,9279.500000000015,2011
2011-03-30 05:00:00,2011-03-31 06:00:00,10000.0,-67.26249999999764,636.9999999999765,sell,1.4152799999999999,1.40891,139.00000000002242,25,9213.80000000001,2011
2011-03-31 06:00:00,2011-03-31 10:00:00,10000.0,-58.2500000000005,560.0000000000049,sell,1.42212,1.41652,113.99999999999187,4,9155.800000000008,2011
2011-03-31 10:00:00,2011-04-01 13:00:00,10000.0,95.61249999999994,-992.9999999999993,sell,1.41043,1.42036,1236.999999999999,27,9253.100000000008,2011
2011-04-03 21:00:00,2011-04-06 15:00:00,10000.0,-127.22500000000065,1211.0000000000064,sell,1.43476,1.42265,1.0000000000065512,66,9130.000000000005,2011
2011-04-07 09:00:00,2011-04-08 02:00:00,10000.0,-88.96249999999876,858.9999999999875,sell,1.4364,1.42781,76.0000000000094,17,9042.100000000008,2011
2011-04-10 21:00:00,2011-04-11 18:00:00,10000.0,0.8875000000008695,-42.0000000000087,sell,1.44455,1.44497,375.9999999999985,21,9044.300000000008,2011
2011-04-11 18:00:00,2011-04-12 13:00:00,10000.0,75.21250000000069,-784.0000000000068,buy,1.45089,1.44305,1319.0000000000034,19,9120.700000000013,2011
2011-04-13 21:00:00,2011-04-17 21:00:00,10000.0,17.199999999998887,-221.99999999998886,sell,1.44164,1.44386,973.0000000000016,48,9140.900000000016,2011
2011-04-17 21:00:00,2011-04-18 08:00:00,10000.0,65.51250000000049,-682.0000000000048,sell,1.43431,1.44113,767.0000000000065,11,9207.100000000013,2011
2011-04-18 08:00:00,2011-04-18 15:00:00,10000.0,115.06250000000149,-1175.0000000000148,sell,1.4206699999999999,1.43242,1432.000000000011,7,9322.600000000015,2011
2011-04-18 15:00:00,2011-04-19 17:00:00,10000.0,-111.72499999999987,1080.9999999999986,sell,1.43159,1.42078,206.00000000001725,26,9212.500000000018,2011
2011-04-19 17:00:00,2011-04-20 07:00:00,10000.0,-85.17499999999737,822.9999999999737,sell,1.4419199999999999,1.4336900000000001,66.00000000001049,14,9128.20000000002,2011
2011-04-20 09:00:00,2011-04-21 02:00:00,10000.0,-79.76249999999844,766.9999999999843,sell,1.45681,1.44914,123.00000000000642,17,9049.500000000018,2011
2011-04-24 21:00:00,2011-04-25 01:00:00,10000.0,-27.249999999999467,249.99999999999466,sell,1.45798,1.45548,255.0000000000052,4,9022.500000000018,2011
2011-04-25 01:00:00,2011-04-25 12:00:00,10000.0,-55.487499999999514,527.9999999999951,sell,1.46007,1.45479,255.0000000000052,11,8967.70000000002,2011
2011-04-25 12:00:00,2011-04-26 01:00:00,10000.0,82.88750000000189,-857.0000000000188,sell,1.45081,1.4593800000000001,1053.000000000015,13,9051.400000000025,2011
2011-04-26 01:00:00,2011-04-26 09:00:00,10000.0,75.50000000000028,-780.0000000000028,buy,1.46179,1.45399,1106.9999999999911,8,9127.400000000023,2011
2011-04-27 01:00:00,2011-04-27 20:00:00,10000.0,-117.88750000000091,1147.000000000009,sell,1.4794,1.46793,-1.0000000000065512,19,9010.700000000024,2011
2011-05-01 21:00:00,2011-05-02 15:00:00,10000.0,-75.52499999999912,723.9999999999912,sell,1.48929,1.48205,-11.999999999989795,18,8936.300000000027,2011
2011-05-02 15:00:00,2011-05-03 11:00:00,10000.0,94.45000000000056,-977.0000000000056,sell,1.47702,1.48679,1126.0000000000048,20,9032.00000000003,2011
2011-05-04 21:00:00,2011-05-05 13:00:00,10000.0,117.70000000000024,-1207.0000000000025,sell,1.47064,1.48271,1923.000000000008,16,9150.700000000028,2011
2011-05-05 17:00:00,2011-05-06 17:00:00,10000.0,153.60000000000113,-1571.0000000000111,sell,1.4402,1.45591,1853.0000000000157,24,9305.800000000028,2011
2011-05-08 21:00:00,2011-05-11 18:00:00,10000.0,155.98749999999967,-1622.9999999999966,sell,1.41987,1.4361,2432.000000000012,69,9466.100000000031,2011
2011-05-11 18:00:00,2011-05-13 08:00:00,10000.0,-116.77499999999917,1123.9999999999916,sell,1.43041,1.41917,100.00000000001118,38,9351.700000000032,2011
2011-05-15 21:00:00,2011-05-16 14:00:00,10000.0,-123.76250000000024,1207.0000000000025,sell,1.4194,1.40733,5.999999999994897,17,9229.000000000033,2011
2011-05-16 21:00:00,2011-05-17 23:00:00,10000.0,99.6749999999995,-1032.999999999995,buy,1.42655,1.41622,1451.0000000000023,26,9330.300000000032,2011
2011-05-18 13:00:00,2011-05-19 03:00:00,10000.0,-83.17499999999981,802.9999999999981,sell,1.42978,1.42175,78.99999999998464,14,9248.00000000003,2011
2011-05-19 03:00:00,2011-05-20 14:00:00,10000.0,93.11250000000017,-973.0000000000016,sell,1.41882,1.42855,1568.0000000000136,35,9343.300000000028,2011
2011-05-22 21:00:00,2011-05-23 08:00:00,10000.0,113.71250000000094,-1164.0000000000093,sell,1.40123,1.41287,1300.000000000012,11,9457.700000000028,2011
2011-05-23 08:00:00,2011-05-24 09:00:00,10000.0,-102.06249999999915,984.9999999999914,sell,1.40868,1.39883,162.00000000001768,25,9357.200000000026,2011
2011-05-26 13:00:00,2011-05-27 02:00:00,10000.0,23.587499999999757,-263.99999999999756,buy,1.41817,1.41553,1140.9999999999918,13,9381.600000000022,2011
2011-05-29 21:00:00,2011-05-30 22:00:00,10000.0,15.037499999999728,-185.99999999999727,sell,1.42876,1.43062,221.99999999998886,25,9398.200000000023,2011
2011-05-30 22:00:00,2011-05-31 01:00:00,10000.0,50.91250000000148,-531.0000000000148,buy,1.43727,1.43196,565.0000000000155,3,9449.300000000025,2011
2011-06-02 01:00:00,2011-06-02 10:00:00,10000.0,-102.86249999999984,1002.9999999999983,sell,1.44569,1.43566,-11.999999999989795,9,9347.000000000025,2011
2011-06-02 10:00:00,2011-06-03 14:00:00,10000.0,-76.14999999999912,723.9999999999912,sell,1.45416,1.44692,184.00000000000637,28,9272.600000000028,2011
2011-06-05 21:00:00,2011-06-06 22:00:00,10000.0,44.93750000000021,-485.00000000000205,sell,1.4579,1.46275,785.0000000000134,25,9319.100000000026,2011
2011-06-06 22:00:00,2011-06-07 08:00:00,10000.0,72.5749999999997,-751.999999999997,buy,1.46569,1.45817,937.9999999999943,10,9392.300000000023,2011
2011-06-07 08:00:00,2011-06-08 16:00:00,10000.0,-96.70000000000111,927.000000000011,buy,1.45847,1.46774,168.99999999999693,32,9297.600000000022,2011
2011-06-09 09:00:00,2011-06-09 13:00:00,10000.0,76.9500000000015,-792.0000000000149,sell,1.45345,1.46137,1166.0000000000002,4,9374.800000000023,2011
2011-06-09 13:00:00,2011-06-10 15:00:00,10000.0,136.4750000000008,-1401.0000000000077,sell,1.43598,1.4499900000000001,1905.000000000001,26,9512.900000000025,2011
2011-06-12 21:00:00,2011-06-13 19:00:00,10000.0,-91.37499999999919,879.9999999999918,sell,1.44127,1.4324700000000001,170.00000000000347,22,9422.900000000021,2011
2011-06-14 05:00:00,2011-06-14 18:00:00,10000.0,41.887500000001964,-447.00000000001955,buy,1.4477900000000001,1.44332,639.0000000000117,13,9465.600000000026,2011
2011-06-14 18:00:00,2011-06-15 07:00:00,10000.0,83.1874999999994,-859.9999999999941,sell,1.43787,1.44647,896.0000000000078,13,9549.600000000024,2011
2011-06-15 09:00:00,2011-06-15 16:00:00,10000.0,89.26250000000122,-917.0000000000122,sell,1.42214,1.43131,988.000000000011,7,9639.300000000025,2011
2011-06-15 16:00:00,2011-06-16 12:00:00,10000.0,104.15000000000194,-1074.0000000000193,sell,1.4096899999999999,1.42043,1094.000000000017,20,9744.70000000003,2011
2011-06-19 21:00:00,2011-06-20 18:00:00,10000.0,-41.512500000001566,382.00000000001563,sell,1.43114,1.42732,158.999999999998,21,9704.500000000033,2011
2011-06-20 18:00:00,2011-06-21 19:00:00,10000.0,104.4374999999992,-1079.999999999992,buy,1.44146,1.43066,1244.0000000000005,25,9810.500000000027,2011
2011-06-22 01:00:00,2011-06-23 08:00:00,10000.0,88.36250000000072,-923.000000000007,sell,1.42668,1.43591,1747.0000000000095,31,9900.800000000028,2011
2011-06-23 08:00:00,2011-06-23 13:00:00,10000.0,102.08750000000005,-1044.0000000000005,sell,1.4172,1.42764,1099.0000000000055,5,10003.20000000003,2011
2011-06-23 13:00:00,2011-06-23 20:00:00,10000.0,-120.73750000000007,1183.0000000000007,sell,1.42608,1.41425,24.000000000001794,7,9882.900000000029,2011
2011-06-26 21:00:00,2011-06-27 16:00:00,10000.0,-98.68749999999947,954.9999999999947,sell,1.42822,1.41867,114.99999999999842,19,9785.400000000032,2011
2011-06-27 16:00:00,2011-06-28 15:00:00,10000.0,-107.83749999999783,1043.9999999999782,sell,1.4363299999999999,1.42589,335.0000000000186,23,9679.000000000035,2011
2011-06-29 17:00:00,2011-07-01 07:00:00,10000.0,-112.67499999999896,1082.9999999999895,sell,1.45376,1.44293,138.0000000000159,38,9568.700000000033,2011
2011-07-03 21:00:00,2011-07-05 19:00:00,10000.0,117.12499999999989,-1219.9999999999989,sell,1.44123,1.45343,1652.0000000000089,46,9688.700000000035,2011
2011-07-06 09:00:00,2011-07-07 12:00:00,10000.0,94.71250000000072,-984.000000000007,sell,1.42579,1.43563,1124.0000000000139,27,9785.100000000039,2011
2011-07-07 12:00:00,2011-07-10 21:00:00,10000.0,62.837500000000844,-669.0000000000084,sell,1.42201,1.4287,1536.0000000000039,33,9850.000000000036,2011
2011-07-10 21:00:00,2011-07-11 12:00:00,10000.0,146.162500000002,-1491.00000000002,sell,1.40617,1.4210800000000001,1653.0000000000155,15,9997.100000000037,2011
2011-07-11 12:00:00,2011-07-12 03:00:00,10000.0,103.16250000000008,-1061.0000000000007,sell,1.39493,1.40554,1268.0000000000023,15,10101.200000000037,2011
2011-07-12 13:00:00,2011-07-13 15:00:00,10000.0,-175.72499999999948,1720.9999999999945,sell,1.41646,1.39925,68.00000000000139,26,9927.100000000037,2011
2011-07-13 15:00:00,2011-07-17 21:00:00,10000.0,25.825000000002337,-312.00000000002336,sell,1.41325,1.4163700000000001,1491.00000000002,54,9956.300000000037,2011
2011-07-17 21:00:00,2011-07-20 11:00:00,10000.0,-112.27499999999984,1063.9999999999982,sell,1.42247,1.41183,142.00000000001987,62,9847.90000000004,2011
2011-07-20 17:00:00,2011-07-21 06:00:00,10000.0,-52.3125000000001,495.00000000000097,sell,1.42641,1.42146,96.00000000000718,13,9796.400000000038,2011
2011-07-21 06:00:00,2011-07-21 10:00:00,10000.0,-104.54999999999961,1022.999999999996,buy,1.4165,1.42673,195.00000000001182,4,9692.10000000004,2011
2011-07-21 13:00:00,2011-07-24 21:00:00,10000.0,-38.30000000000044,343.0000000000044,sell,1.43568,1.43225,797.0000000000032,32,9655.800000000037,2011
2011-07-24 21:00:00,2011-07-25 18:00:00,10000.0,13.887500000001658,-172.00000000001657,sell,1.43807,1.4397900000000001,252.00000000000776,21,9671.000000000042,2011
2011-07-25 18:00:00,2011-07-26 04:00:00,10000.0,88.87499999999991,-914.9999999999991,buy,1.44757,1.43842,1190.000000000002,10,9760.500000000038,2011
2011-07-28 21:00:00,2011-07-29 11:00:00,10000.0,76.52500000000057,-794.0000000000058,sell,1.42455,1.43249,1174.0000000000082,14,9837.900000000038,2011
2011-07-31 21:00:00,2011-08-01 15:00:00,10000.0,147.97499999999957,-1510.9999999999955,sell,1.42004,1.43515,2527.0000000000123,18,9987.000000000042,2011
2011-08-01 15:00:00,2011-08-03 10:00:00,10000.0,-129.28749999999917,1245.9999999999914,sell,1.4324,1.41994,199.0000000000158,43,9860.400000000038,2011
2011-08-03 10:00:00,2011-08-04 14:00:00,10000.0,165.85000000000088,-1696.0000000000084,sell,1.4152,1.43216,2197.0000000000045,28,10028.000000000036,2011
2011-08-04 14:00:00,2011-08-07 21:00:00,10000.0,-124.5374999999996,1205.999999999996,sell,1.4277,1.41564,202.00000000001327,31,9905.400000000038,2011
2011-08-07 21:00:00,2011-08-08 13:00:00,10000.0,183.10000000000016,-1861.0000000000014,sell,1.41801,1.43662,2210.0000000000005,16,10089.500000000038,2011
2011-08-08 13:00:00,2011-08-09 20:00:00,10000.0,-154.8375000000005,1509.0000000000045,sell,1.43343,1.41834,113.00000000000753,31,9936.60000000004,2011
2011-08-09 21:00:00,2011-08-10 14:00:00,10000.0,185.13750000000059,-1882.0000000000057,sell,1.42005,1.43887,1994.9999999999911,17,10122.800000000041,2011
2011-08-10 14:00:00,2011-08-14 21:00:00,10000.0,-71.53750000000005,661.0000000000005,sell,1.42455,1.41794,479.00000000000716,55,10054.700000000035,2011
2011-08-14 21:00:00,2011-08-15 13:00:00,10000.0,-109.59999999999891,1065.999999999989,sell,1.4371099999999999,1.42645,81.00000000001994,16,9946.100000000039,2011
2011-08-15 13:00:00,2011-08-16 22:00:00,10000.0,30.53750000000241,-346.00000000002404,sell,1.4400899999999999,1.44355,759.0000000000207,33,9978.70000000004,2011
2011-08-16 22:00:00,2011-08-17 12:00:00,10000.0,86.32500000000039,-892.0000000000039,buy,1.44866,1.43974,1624.0000000000032,14,10065.900000000041,2011
2011-08-18 13:00:00,2011-08-19 15:00:00,10000.0,-80.82500000000171,772.000000000017,sell,1.44175,1.43403,341.99999999999784,26,9986.70000000004,2011
2011-08-21 21:00:00,2011-08-22 22:00:00,10000.0,5.237499999999919,-87.99999999999918,sell,1.43592,1.4368,743.9999999999891,25,9993.50000000004,2011
2011-08-22 22:00:00,2011-08-23 08:00:00,10000.0,98.77500000000038,-1014.0000000000038,buy,1.4463,1.4361599999999999,1097.9999999999989,10,10092.90000000004,2011
2011-08-24 17:00:00,2011-08-28 21:00:00,10000.0,-79.34999999999917,740.9999999999916,sell,1.44962,1.44221,47.00000000001924,52,10016.800000000037,2011
2011-08-28 21:00:00,2011-08-31 18:00:00,10000.0,107.98750000000051,-1143.000000000005,sell,1.43723,1.44866,1757.0000000000084,69,10129.100000000039,2011
2011-08-31 18:00:00,2011-09-01 08:00:00,10000.0,73.82500000000066,-767.0000000000065,sell,1.43034,1.43801,818.0000000000075,14,10203.80000000004,2011
2011-09-01 08:00:00,2011-09-02 14:00:00,10000.0,67.52500000000146,-714.0000000000146,sell,1.42265,1.4297900000000001,878.0000000000009,30,10273.200000000043,2011
2011-09-04 21:00:00,2011-09-05 14:00:00,10000.0,78.83750000000141,-819.0000000000141,sell,1.4076,1.41579,964.0000000000092,17,10353.100000000048,2011
2011-09-05 14:00:00,2011-09-06 09:00:00,10000.0,-78.18750000000063,750.0000000000061,sell,1.41879,1.41129,957.0000000000077,19,10276.100000000046,2011
2011-09-07 09:00:00,2011-09-08 17:00:00,10000.0,116.90000000000157,-1209.0000000000155,sell,1.39353,1.40562,1726.0000000000052,32,10395.000000000044,2011
2011-09-08 17:00:00,2011-09-09 14:00:00,10000.0,184.98750000000123,-1883.0000000000123,sell,1.37069,1.38952,2289.0000000000077,21,10581.300000000048,2011
2011-09-11 21:00:00,2011-09-13 12:00:00,10000.0,-102.83750000000072,984.000000000007,sell,1.36669,1.35685,428.00000000000614,39,10480.900000000047,2011
2011-09-14 13:00:00,2011-09-15 11:00:00,10000.0,-132.5749999999982,1291.999999999982,sell,1.38156,1.36864,94.00000000001629,22,10349.70000000005,2011
2011-09-15 11:00:00,2011-09-15 14:00:00,10000.0,-91.58749999999948,893.9999999999948,sell,1.38835,1.37941,522.0000000000002,3,10258.30000000005,2011
2011-09-18 21:00:00,2011-09-19 22:00:00,10000.0,-12.062500000000174,85.00000000000173,sell,1.36761,1.36676,441.00000000000244,25,10247.800000000043,2011
2011-09-19 22:00:00,2011-09-21 01:00:00,10000.0,103.51250000000063,-1072.0000000000061,buy,1.37104,1.36032,1174.0000000000082,27,10353.00000000004,2011
2011-09-22 01:00:00,2011-09-22 11:00:00,10000.0,-146.72500000000034,1441.0000000000032,buy,1.34311,1.35752,31.000000000003244,10,10206.90000000004,2011
2011-09-22 11:00:00,2011-09-22 14:00:00,10000.0,-60.78749999999977,585.9999999999976,buy,1.34144,1.3473,297.99999999999824,3,10146.30000000004,2011
2011-09-22 14:00:00,2011-09-25 21:00:00,10000.0,-37.83750000000004,339.0000000000004,sell,1.34972,1.34633,690.9999999999972,31,10110.40000000004,2011
2011-09-25 21:00:00,2011-09-27 15:00:00,10000.0,-134.2249999999986,1295.999999999986,sell,1.36361,1.3506500000000001,201.0000000000067,42,9978.800000000041,2011
2011-09-29 01:00:00,2011-09-29 08:00:00,10000.0,-108.73749999999917,1062.9999999999916,sell,1.36601,1.35538,33.00000000001635,7,9870.500000000042,2011
2011-09-29 08:00:00,2011-09-30 03:00:00,10000.0,102.712500000001,-1059.0000000000098,sell,1.35408,1.36467,1375.000000000015,19,9974.400000000043,2011
2011-10-02 21:00:00,2011-10-03 19:00:00,10000.0,114.22500000000215,-1176.0000000000214,sell,1.3221399999999999,1.3339,1591.0000000000089,22,10090.000000000045,2011
2011-10-05 17:00:00,2011-10-07 13:00:00,10000.0,-135.45000000000138,1307.0000000000136,sell,1.34847,1.3354,305.999999999984,44,9957.300000000047,2011
2011-10-09 21:00:00,2011-10-10 08:00:00,10000.0,-152.1875000000002,1495.0000000000018,sell,1.35327,1.33832,17.000000000000348,11,9805.800000000045,2011
2011-10-10 08:00:00,2011-10-10 16:00:00,10000.0,-123.20000000000024,1207.0000000000025,sell,1.36849,1.35642,48.00000000000359,8,9683.100000000042,2011
2011-10-11 17:00:00,2011-10-12 10:00:00,10000.0,113.0375000000012,-1161.0000000000118,buy,1.37942,1.36781,2118.0000000000196,17,9797.20000000004,2011
2011-10-12 10:00:00,2011-10-14 14:00:00,10000.0,-109.149999999999,1038.9999999999898,sell,1.38723,1.37684,209.00000000001472,52,9691.300000000043,2011
2011-10-16 21:00:00,2011-10-17 12:00:00,10000.0,90.06250000000085,-930.0000000000085,sell,1.37815,1.38745,1323.0000000000075,15,9782.300000000043,2011
2011-10-17 12:00:00,2011-10-18 10:00:00,10000.0,96.0250000000006,-994.0000000000059,sell,1.36841,1.37835,1211.0000000000064,22,9879.700000000044,2011
2011-10-20 13:00:00,2011-10-21 14:00:00,10000.0,-147.16249999999928,1435.9999999999927,sell,1.38875,1.37439,113.00000000000753,25,9734.100000000044,2011
2011-10-23 21:00:00,2011-10-27 02:00:00,10000.0,-115.4124999999987,1085.9999999999868,sell,1.3975199999999999,1.38666,134.00000000001188,77,9623.500000000047,2011
2011-10-27 02:00:00,2011-10-27 14:00:00,10000.0,-173.8499999999996,1710.9999999999957,sell,1.41249,1.39538,211.0000000000056,12,9450.400000000047,2011
2011-10-27 14:00:00,2011-10-30 21:00:00,10000.0,-9.237499999999194,52.999999999991935,sell,1.41455,1.41402,1014.0000000000038,31,9443.100000000048,2011
2011-10-30 21:00:00,2011-10-31 03:00:00,10000.0,94.52499999999976,-968.9999999999976,sell,1.4049,1.41459,1221.0000000000052,6,9538.000000000045,2011
2011-10-31 03:00:00,2011-10-31 20:00:00,10000.0,173.337500000001,-1764.0000000000098,sell,1.38358,1.4012200000000001,2173.0000000000027,17,9712.400000000045,2011
2011-10-31 20:00:00,2011-11-01 09:00:00,10000.0,146.98749999999993,-1497.9999999999993,sell,1.37049,1.38547,1659.0000000000102,13,9860.200000000044,2011
2011-11-02 05:00:00,2011-11-02 14:00:00,10000.0,-91.76250000000039,892.0000000000039,sell,1.38093,1.37201,178.00000000001145,9,9769.000000000042,2011
2011-11-02 14:00:00,2011-11-03 00:00:00,10000.0,107.9750000000007,-1106.0000000000068,sell,1.36899,1.38005,1384.0000000000073,10,9877.600000000044,2011
2011-11-06 22:00:00,2011-11-07 22:00:00,10000.0,33.000000000001535,-365.0000000000153,sell,1.3777,1.38135,406.00000000001745,24,9912.100000000048,2011
2011-11-07 22:00:00,2011-11-08 18:00:00,10000.0,10.350000000000279,-136.00000000000279,buy,1.37793,1.37657,550.000000000006,20,9923.700000000048,2011
2011-11-08 18:00:00,2011-11-09 10:00:00,10000.0,123.70000000000181,-1267.000000000018,sell,1.3706099999999999,1.38328,1521.0000000000166,16,10048.40000000005,2011
2011-11-09 10:00:00,2011-11-09 15:00:00,10000.0,109.28750000000059,-1116.0000000000057,sell,1.35639,1.36755,1178.0000000000123,5,10158.000000000051,2011
2011-11-09 15:00:00,2011-11-11 16:00:00,10000.0,-160.36250000000044,1553.0000000000043,sell,1.37365,1.35812,97.99999999999808,49,10000.700000000048,2011
2011-11-13 22:00:00,2011-11-14 12:00:00,10000.0,109.52500000000138,-1124.0000000000139,sell,1.36635,1.37759,1279.0000000000077,14,10111.10000000005,2011
2011-11-14 12:00:00,2011-11-14 18:00:00,10000.0,22.125000000000632,-245.0000000000063,sell,1.36221,1.36466,476.0000000000097,6,10133.60000000005,2011
2011-11-14 18:00:00,2011-11-15 12:00:00,10000.0,-91.62500000000024,885.0000000000024,buy,1.35351,1.36236,236.9999999999983,18,10043.100000000051,2011
2011-11-17 21:00:00,2011-11-18 06:00:00,10000.0,11.937499999999513,-144.9999999999951,buy,1.34733,1.34588,266.999999999995,9,10055.60000000005,2011
2011-11-20 22:00:00,2011-11-23 11:00:00,10000.0,125.08750000000046,-1309.0000000000045,sell,1.33907,1.35216,1775.9999999999995,61,10184.500000000051,2011
2011-11-23 11:00:00,2011-11-24 22:00:00,10000.0,36.91250000000058,-411.0000000000058,sell,1.33476,1.33887,652.0000000000081,35,10223.600000000046,2011
2011-11-24 22:00:00,2011-11-25 02:00:00,10000.0,-20.749999999999073,184.9999999999907,buy,1.33237,1.33422,97.00000000001373,4,10203.100000000048,2011
2011-11-27 22:00:00,2011-11-28 22:00:00,10000.0,-15.999999999999734,124.99999999999733,sell,1.33197,1.3307200000000001,784.9999999999912,24,10188.600000000048,2011
2011-11-28 22:00:00,2011-11-29 11:00:00,10000.0,100.38750000000107,-1032.0000000000107,buy,1.34175,1.33143,1320.00000000001,13,10289.800000000047,2011
2011-11-30 17:00:00,2011-12-01 06:00:00,10000.0,4.387500000000539,-72.00000000000539,buy,1.34564,1.34492,357.99999999999164,13,10295.00000000005,2011
2011-12-01 06:00:00,2011-12-02 13:00:00,10000.0,-77.93749999999851,739.9999999999851,sell,1.35218,1.34478,150.00000000000568,31,10219.00000000005,2011
2011-12-04 22:00:00,2011-12-08 16:00:00,10000.0,85.67500000000061,-933.000000000006,sell,1.3313599999999999,1.34069,1717.0000000000127,90,10310.300000000057,2011
2011-12-08 16:00:00,2011-12-09 12:00:00,10000.0,-91.54999999999893,882.9999999999893,sell,1.34093,1.3321,239.0000000000114,20,10220.000000000058,2011
2011-12-11 22:00:00,2011-12-12 10:00:00,10000.0,91.65000000000114,-944.0000000000114,sell,1.32655,1.33599,1114.0000000000148,12,10312.400000000058,2011
2011-12-15 01:00:00,2011-12-15 10:00:00,10000.0,-17.56250000000057,150.00000000000568,buy,1.2968,1.2983,110.99999999999443,9,10295.400000000054,2011
2011-12-15 10:00:00,2011-12-16 21:00:00,10000.0,-34.38750000000023,302.0000000000022,sell,1.30335,1.30033,503.000000000009,35,10263.200000000057,2011
2011-12-18 22:00:00,2011-12-20 14:00:00,10000.0,-87.49999999999974,829.9999999999974,sell,1.31138,1.30308,87.99999999999918,40,10178.200000000057,2011
2011-12-22 01:00:00,2011-12-22 09:00:00,10000.0,-55.800000000000566,533.0000000000057,sell,1.30975,1.30442,207.00000000000162,8,10122.900000000056,2011
2011-12-22 09:00:00,2011-12-22 14:00:00,10000.0,58.88750000000125,-612.0000000000125,sell,1.30331,1.30943,714.9999999999989,5,10182.100000000057,2011
2011-12-22 14:00:00,2011-12-23 21:00:00,10000.0,0.3625000000015246,-43.00000000001525,sell,1.30392,1.3043500000000001,561.0000000000115,31,10184.400000000058,2011
2011-12-25 22:00:00,2011-12-26 10:00:00,10000.0,-32.65000000000048,299.0000000000048,sell,1.30672,1.30373,53.99999999999849,12,10152.500000000058,2011
2011-12-26 10:00:00,2011-12-28 15:00:00,10000.0,-90.71249999999992,853.9999999999991,buy,1.29821,1.30675,130.00000000000787,53,10065.100000000062,2011
2011-12-28 17:00:00,2011-12-29 13:00:00,10000.0,-57.94999999999864,546.9999999999864,buy,1.28848,1.29395,270.00000000001467,20,10008.400000000067,2011
2011-12-29 13:00:00,2011-12-30 06:00:00,10000.0,39.43750000000087,-425.0000000000087,buy,1.29369,1.28944,476.0000000000097,17,10048.900000000069,2011
2012-01-02 08:00:00,2012-01-03 03:00:00,10000.0,-44.887500000000074,417.0000000000007,sell,1.29803,1.29386,85.00000000000173,19,9956.299999999997,2012
2012-01-04 13:00:00,2012-01-04 22:00:00,10000.0,-15.462500000000134,129.00000000000134,sell,1.29439,1.2931,168.00000000001256,9,9941.399999999994,2012
2012-01-04 22:00:00,2012-01-05 09:00:00,10000.0,-69.58749999999863,668.9999999999862,buy,1.2871000000000001,1.29379,233.0000000000165,11,9872.499999999996,2012
2012-01-05 09:00:00,2012-01-05 17:00:00,10000.0,75.60000000000095,-781.0000000000094,sell,1.2782499999999999,1.28606,947.0000000000089,8,9948.599999999999,2012
2012-01-05 17:00:00,2012-01-06 21:00:00,10000.0,70.74999999999957,-744.9999999999956,sell,1.27177,1.27922,941.9999999999983,28,10021.099999999997,2012
2012-01-08 22:00:00,2012-01-09 09:00:00,10000.0,-84.48749999999853,817.9999999999853,sell,1.27721,1.26903,21.00000000000435,11,9937.299999999997,2012
2012-01-10 01:00:00,2012-01-11 10:00:00,10000.0,2.637499999999484,-66.99999999999484,buy,1.27809,1.27742,524.9999999999976,33,9941.999999999993,2012
2012-01-11 10:00:00,2012-01-11 15:00:00,10000.0,78.58749999999931,-808.999999999993,sell,1.26773,1.27582,828.9999999999908,5,10020.899999999994,2012
2012-01-11 15:00:00,2012-01-12 15:00:00,10000.0,-139.69999999999965,1361.9999999999964,sell,1.28196,1.26834,38.0000000000047,24,9882.699999999992,2012
2012-01-12 15:00:00,2012-01-13 15:00:00,10000.0,113.69999999999953,-1171.9999999999952,sell,1.2679,1.27962,1985.9999999999986,24,9997.89999999999,2012
2012-01-15 22:00:00,2012-01-17 03:00:00,10000.0,-97.81250000000075,940.0000000000074,sell,1.27309,1.26369,31.000000000003244,29,9901.899999999994,2012
2012-01-18 05:00:00,2012-01-18 11:00:00,10000.0,-64.37499999999983,619.9999999999983,sell,1.28283,1.27663,155.00000000001623,6,9837.899999999994,2012
2012-01-18 11:00:00,2012-01-19 13:00:00,10000.0,-92.82500000000039,892.0000000000039,sell,1.29135,1.28243,121.99999999999987,26,9746.699999999992,2012
2012-01-19 13:00:00,2012-01-20 21:00:00,10000.0,-29.199999999998557,251.99999999998556,sell,1.293,1.29048,553.0000000000034,32,9719.499999999987,2012
2012-01-22 22:00:00,2012-01-23 11:00:00,10000.0,-99.41250000000002,966.0000000000001,sell,1.29759,1.28793,35.00000000000725,13,9620.899999999987,2012
2012-01-23 21:00:00,2012-01-25 13:00:00,10000.0,-75.29999999999976,707.9999999999975,buy,1.29462,1.3017,154.00000000000966,40,9548.099999999991,2012
2012-01-25 13:00:00,2012-01-25 18:00:00,10000.0,-94.01249999999901,916.99999999999,sell,1.3048899999999999,1.29572,86.00000000000828,5,9454.399999999994,2012
2012-01-25 18:00:00,2012-01-27 17:00:00,10000.0,-114.03749999999975,1090.9999999999975,sell,1.31933,1.30842,2.0000000000131024,47,9343.300000000003,2012
2012-01-29 22:00:00,2012-01-30 13:00:00,10000.0,92.66250000000014,-956.0000000000013,sell,1.31148,1.32104,1058.0000000000032,15,9436.900000000001,2012
2012-02-01 09:00:00,2012-02-03 21:00:00,10000.0,-10.649999999998794,48.999999999987935,sell,1.31432,1.31383,741.0000000000138,60,9430.000000000004,2012
2012-02-05 22:00:00,2012-02-06 14:00:00,10000.0,89.20000000000006,-922.0000000000006,sell,1.30322,1.31244,983.0000000000005,16,9520.200000000004,2012
2012-02-07 13:00:00,2012-02-08 06:00:00,10000.0,-95.9625000000002,929.0000000000019,sell,1.32694,1.31765,55.00000000000504,17,9425.300000000001,2012
2012-02-08 06:00:00,2012-02-09 06:00:00,10000.0,-12.299999999999919,87.99999999999918,sell,1.32774,1.32686,107.00000000001263,24,9414.500000000002,2012
2012-02-09 06:00:00,2012-02-09 10:00:00,10000.0,-42.65000000000043,404.0000000000043,buy,1.32656,1.3306,9.999999999998899,4,9372.1,2012
2012-02-09 10:00:00,2012-02-10 13:00:00,10000.0,78.51250000000115,-822.0000000000116,sell,1.31938,1.3276000000000001,1272.0000000000064,27,9452.300000000003,2012
2012-02-12 22:00:00,2012-02-14 00:00:00,10000.0,77.57500000000127,-812.0000000000126,sell,1.31555,1.3236700000000001,1278.0000000000014,26,9531.500000000004,2012
2012-02-15 13:00:00,2012-02-16 12:00:00,10000.0,80.4625000000012,-839.0000000000119,sell,1.29998,1.30837,1104.000000000016,23,9613.400000000005,2012
2012-02-16 12:00:00,2012-02-16 16:00:00,10000.0,-63.04999999999863,607.9999999999862,sell,1.30432,1.29824,175.000000000014,4,9550.600000000006,2012
2012-02-16 16:00:00,2012-02-17 21:00:00,10000.0,-49.31250000000054,455.00000000000534,sell,1.31518,1.31063,453.9999999999988,29,9503.100000000011,2012
2012-02-19 22:00:00,2012-02-21 04:00:00,10000.0,-62.87500000000016,590.0000000000016,sell,1.32603,1.32013,319.0000000000026,30,9442.10000000001,2012
2012-02-22 09:00:00,2012-02-23 09:00:00,10000.0,-75.09999999999833,715.9999999999833,sell,1.32991,1.32275,69.00000000000794,24,9368.50000000001,2012
2012-02-23 09:00:00,2012-02-24 09:00:00,10000.0,-77.10000000000034,736.0000000000033,sell,1.33965,1.33229,-5.999999999994897,24,9292.900000000009,2012
2012-02-26 22:00:00,2012-02-27 12:00:00,10000.0,60.72499999999921,-635.999999999992,sell,1.33999,1.34635,703.0000000000091,14,9354.50000000001,2012
2012-02-28 05:00:00,2012-02-28 16:00:00,10000.0,-25.087499999997977,223.99999999997976,buy,1.3421,1.3443399999999999,320.00000000000915,11,9330.100000000011,2012
2012-03-01 09:00:00,2012-03-01 22:00:00,10000.0,22.687500000000522,-255.0000000000052,sell,1.3312599999999999,1.33381,354.00000000000983,13,9353.600000000013,2012
2012-03-01 22:00:00,2012-03-02 06:00:00,10000.0,-26.600000000000232,241.0000000000023,buy,1.32937,1.33178,2.9999999999974487,8,9327.500000000015,2012
2012-03-04 22:00:00,2012-03-05 22:00:00,10000.0,-27.899999999999977,243.99999999999974,sell,1.32172,1.31928,235.00000000000742,24,9301.100000000015,2012
2012-03-05 22:00:00,2012-03-06 11:00:00,10000.0,-86.21250000000015,834.0000000000014,buy,1.31342,1.32176,36.0000000000138,13,9215.700000000017,2012
2012-03-07 13:00:00,2012-03-08 10:00:00,10000.0,-90.21249999999864,868.9999999999864,sell,1.32154,1.31285,114.00000000001408,21,9126.800000000017,2012
2012-03-08 10:00:00,2012-03-08 14:00:00,10000.0,-40.049999999998946,377.9999999999894,sell,1.32484,1.3210600000000001,251.0000000000012,4,9087.00000000002,2012
2012-03-08 14:00:00,2012-03-09 14:00:00,10000.0,89.99999999999969,-934.9999999999968,sell,1.31448,1.32383,1456.999999999997,24,9178.500000000018,2012
2012-03-11 21:00:00,2012-03-13 03:00:00,10000.0,-73.77500000000052,699.0000000000051,sell,1.31816,1.31117,93.00000000000973,30,9106.600000000015,2012
2012-03-14 09:00:00,2012-03-15 18:00:00,10000.0,-53.26250000000036,492.0000000000035,sell,1.31026,1.30534,163.00000000000202,33,9055.400000000012,2012
2012-03-18 21:00:00,2012-03-19 16:00:00,10000.0,-66.48749999999947,632.9999999999947,sell,1.3243,1.31797,221.00000000000452,19,8990.100000000013,2012
2012-03-19 21:00:00,2012-03-20 12:00:00,10000.0,-61.637500000000415,587.0000000000041,buy,1.31796,1.32383,5.999999999994897,15,8929.400000000012,2012
2012-03-22 13:00:00,2012-03-23 08:00:00,10000.0,-92.88749999999922,896.9999999999922,sell,1.32396,1.31499,107.99999999999697,19,8837.700000000013,2012
2012-03-25 21:00:00,2012-03-26 09:00:00,10000.0,54.84999999999987,-575.9999999999986,sell,1.321,1.32676,740.0000000000073,12,8893.300000000016,2012
2012-03-26 09:00:00,2012-03-26 13:00:00,10000.0,-102.04999999999878,997.9999999999877,sell,1.33143,1.32145,145.00000000001734,4,8791.500000000016,2012
2012-03-26 13:00:00,2012-03-28 22:00:00,10000.0,-12.162499999998829,65.99999999998829,sell,1.33164,1.33098,683.0000000000114,57,8782.900000000023,2012
2012-03-28 22:00:00,2012-03-29 13:00:00,10000.0,-43.93749999999993,409.9999999999992,buy,1.32761,1.33171,262.00000000000665,15,8739.900000000021,2012
2012-03-29 17:00:00,2012-03-30 01:00:00,10000.0,-70.19999999999942,676.9999999999942,sell,1.33439,1.32762,126.00000000000388,8,8670.20000000002,2012
2012-04-01 21:00:00,2012-04-02 14:00:00,10000.0,63.13749999999848,-661.9999999999848,sell,1.32898,1.3356,900.9999999999961,17,8734.400000000016,2012
2012-04-02 14:00:00,2012-04-03 10:00:00,10000.0,-47.64999999999999,443.9999999999999,sell,1.33443,1.32999,224.00000000000196,20,8688.000000000016,2012
2012-04-04 09:00:00,2012-04-05 10:00:00,10000.0,100.5375000000003,-1041.000000000003,sell,1.3067,1.31711,1088.0,25,8790.10000000002,2012
2012-04-05 10:00:00,2012-04-08 21:00:00,10000.0,-29.187499999999467,249.99999999999466,sell,1.30934,1.30684,184.00000000000637,35,8763.10000000002,2012
2012-04-08 21:00:00,2012-04-09 01:00:00,10000.0,48.150000000001555,-504.0000000000155,sell,1.3044499999999999,1.30949,550.000000000006,4,8811.50000000002,2012
2012-04-09 01:00:00,2012-04-09 17:00:00,10000.0,-83.59999999999957,805.9999999999956,sell,1.31307,1.30501,-11.999999999989795,16,8728.900000000021,2012
2012-04-10 05:00:00,2012-04-10 11:00:00,10000.0,-57.87499999999944,554.9999999999943,buy,1.30668,1.31223,76.0000000000094,6,8671.400000000021,2012
2012-04-11 01:00:00,2012-04-11 08:00:00,10000.0,-31.237499999999937,287.9999999999993,sell,1.3105,1.30762,275.000000000003,7,8640.600000000022,2012
2012-04-11 08:00:00,2012-04-12 12:00:00,10000.0,-61.250000000001435,575.0000000000143,sell,1.31658,1.31083,102.00000000000207,28,8581.100000000017,2012
2012-04-15 21:00:00,2012-04-16 18:00:00,10000.0,-81.81249999999912,784.9999999999912,sell,1.31389,1.30604,83.00000000001084,21,8500.60000000002,2012
2012-04-18 17:00:00,2012-04-19 10:00:00,10000.0,-45.26249999999891,421.99999999998903,sell,1.31477,1.31055,175.99999999999835,17,8456.40000000002,2012
2012-04-19 10:00:00,2012-04-20 06:00:00,10000.0,35.649999999999494,-388.9999999999949,buy,1.31559,1.3117,868.000000000002,20,8493.30000000002,2012
2012-04-22 21:00:00,2012-04-23 13:00:00,10000.0,54.69999999999831,-576.9999999999831,sell,1.31319,1.31896,775.9999999999989,16,8549.00000000002,2012
2012-04-26 01:00:00,2012-04-26 18:00:00,10000.0,6.737499999999809,-97.99999999999808,buy,1.3231,1.32212,326.9999999999884,17,8556.800000000023,2012
2012-04-26 18:00:00,2012-04-26 23:00:00,10000.0,51.18749999999966,-534.9999999999966,sell,1.31826,1.32361,588.0000000000107,5,8608.300000000023,2012
2012-04-26 23:00:00,2012-04-27 13:00:00,10000.0,-71.77500000000063,689.0000000000063,sell,1.32599,1.3191,99.00000000000463,14,8537.400000000023,2012
2012-04-29 21:00:00,2012-04-30 18:00:00,10000.0,-0.7124999999985102,-26.000000000014897,sell,1.3234,1.32366,323.0000000000066,21,8538.000000000024,2012
2012-04-30 18:00:00,2012-05-02 08:00:00,10000.0,-72.07499999999942,676.9999999999942,buy,1.31714,1.32391,48.00000000000359,38,8468.300000000025,2012
2012-05-03 01:00:00,2012-05-03 10:00:00,10000.0,-0.36249999999891014,-22.000000000010896,sell,1.31368,1.3139,256.9999999999961,9,8468.500000000025,2012
2012-05-03 10:00:00,2012-05-03 18:00:00,10000.0,5.300000000000029,-78.00000000000028,buy,1.31432,1.31354,482.999999999989,8,8474.300000000023,2012
2012-05-03 18:00:00,2012-05-04 16:00:00,10000.0,52.6250000000005,-560.0000000000049,sell,1.30918,1.31478,859.0000000000097,22,8528.300000000025,2012
2012-05-06 21:00:00,2012-05-09 13:00:00,10000.0,72.10000000000095,-781.0000000000094,sell,1.29409,1.3019,1239.0000000000123,64,8604.400000000025,2012
2012-05-09 21:00:00,2012-05-13 21:00:00,10000.0,26.100000000001682,-311.00000000001677,sell,1.29009,1.2932000000000001,778.0000000000119,48,8633.500000000027,2012
2012-05-13 21:00:00,2012-05-14 21:00:00,10000.0,55.80000000000213,-593.0000000000213,sell,1.28242,1.28835,796.0000000000189,24,8690.800000000032,2012
2012-05-15 09:00:00,2012-05-15 13:00:00,10000.0,-52.64999999999934,503.9999999999933,buy,1.28,1.28504,19.00000000001345,4,8638.400000000032,2012
2012-05-16 13:00:00,2012-05-18 05:00:00,10000.0,73.90000000000069,-784.0000000000068,sell,1.2666,1.27444,903.0000000000093,40,8714.800000000036,2012
2012-05-20 21:00:00,2012-05-22 20:00:00,10000.0,87.26250000000006,-922.0000000000006,sell,1.26814,1.27736,1422.9999999999964,47,8805.000000000038,2012
2012-05-24 05:00:00,2012-05-25 13:00:00,10000.0,56.7000000000002,-607.0000000000019,sell,1.25095,1.25702,1095.0000000000014,32,8863.700000000037,2012
2012-05-27 21:00:00,2012-05-28 18:00:00,10000.0,28.087499999999206,-313.99999999999204,sell,1.25356,1.2567,882.0000000000049,21,8893.100000000037,2012
2012-05-28 18:00:00,2012-05-29 16:00:00,10000.0,-60.77500000000079,574.0000000000078,buy,1.24834,1.25408,131.99999999999878,22,8833.700000000032,2012
2012-05-31 05:00:00,2012-05-31 16:00:00,10000.0,-35.887499999999896,331.9999999999989,buy,1.23605,1.23937,246.00000000001285,11,8798.500000000033,2012
2012-05-31 16:00:00,2012-06-01 06:00:00,10000.0,-6.074999999998759,31.99999999998759,buy,1.2361900000000001,1.23651,382.00000000001563,14,8793.300000000034,2012
2012-06-03 21:00:00,2012-06-06 17:00:00,10000.0,-132.15000000000103,1259.00000000001,sell,1.25604,1.24345,130.9999999999922,68,8665.400000000036,2012
2012-06-06 21:00:00,2012-06-08 08:00:00,10000.0,80.91250000000018,-851.0000000000017,sell,1.24899,1.2575,1349.0,35,8748.500000000035,2012
2012-06-10 21:00:00,2012-06-11 14:00:00,10000.0,103.63749999999958,-1066.9999999999957,sell,1.25386,1.26453,1288.0000000000002,17,8853.200000000033,2012
2012-06-11 14:00:00,2012-06-13 16:00:00,10000.0,-94.62500000000014,895.0000000000013,sell,1.2597,1.25075,129.00000000000134,50,8761.700000000035,2012
2012-06-14 01:00:00,2012-06-14 18:00:00,10000.0,27.43749999999997,-304.9999999999997,buy,1.25911,1.25606,492.0000000000035,17,8790.200000000037,2012
2012-06-14 18:00:00,2012-06-15 02:00:00,10000.0,-29.300000000000157,268.00000000000153,sell,1.26255,1.25987,107.99999999999697,8,8761.400000000034,2012
2012-06-17 21:00:00,2012-06-18 09:00:00,10000.0,80.24999999999974,-829.9999999999974,sell,1.26525,1.27355,943.0000000000049,12,8842.40000000003,2012
2012-06-18 09:00:00,2012-06-19 18:00:00,10000.0,-88.56250000000068,845.0000000000068,sell,1.27235,1.2639,66.99999999999484,33,8755.900000000027,2012
2012-06-20 17:00:00,2012-06-21 14:00:00,10000.0,75.88749999999928,-791.9999999999926,sell,1.26245,1.27037,912.0000000000016,21,8833.100000000028,2012
2012-06-21 14:00:00,2012-06-24 21:00:00,10000.0,47.762499999998965,-516.9999999999897,sell,1.25526,1.26043,554.9999999999943,31,8882.800000000027,2012
2012-06-24 21:00:00,2012-06-25 10:00:00,10000.0,59.0875000000014,-619.000000000014,sell,1.24867,1.25486,714.9999999999989,13,8942.700000000026,2012
2012-06-25 10:00:00,2012-06-26 02:00:00,10000.0,-40.99999999999804,379.99999999998033,sell,1.25202,1.24822,36.0000000000138,16,8902.700000000026,2012
2012-06-26 02:00:00,2012-06-26 12:00:00,10000.0,-38.12499999999942,354.9999999999942,buy,1.2483,1.25185,73.99999999999629,10,8865.200000000028,2012
2012-06-27 17:00:00,2012-06-28 09:00:00,10000.0,-45.599999999999305,425.999999999993,buy,1.24251,1.24677,181.00000000000892,16,8820.600000000028,2012
2012-06-28 09:00:00,2012-06-28 18:00:00,10000.0,-10.662499999999774,80.99999999999774,buy,1.24192,1.24273,41.000000000002146,9,8810.500000000025,2012
2012-07-01 21:00:00,2012-07-02 15:00:00,10000.0,77.87499999999996,-809.9999999999995,sell,1.2585,1.2666,872.000000000006,18,8889.500000000024,2012
2012-07-02 15:00:00,2012-07-02 22:00:00,10000.0,-7.9375000000005045,55.00000000000504,sell,1.25865,1.2581,99.00000000000463,7,8882.000000000022,2012
2012-07-02 22:00:00,2012-07-04 15:00:00,10000.0,-80.16250000000011,756.000000000001,buy,1.25081,1.25837,-5.999999999994897,41,8804.400000000029,2012
2012-07-05 01:00:00,2012-07-05 12:00:00,10000.0,88.61250000000082,-913.0000000000082,sell,1.24351,1.25264,1019.0000000000142,11,8893.700000000028,2012
2012-07-05 12:00:00,2012-07-06 14:00:00,10000.0,78.0750000000001,-817.000000000001,sell,1.2313,1.23947,905.0000000000002,26,8973.400000000029,2012
2012-07-08 21:00:00,2012-07-10 02:00:00,10000.0,-44.91250000000058,411.0000000000058,sell,1.23048,1.22637,188.9999999999947,29,8930.300000000025,2012
2012-07-10 02:00:00,2012-07-10 15:00:00,10000.0,-42.31249999999898,394.99999999998977,buy,1.2253100000000001,1.22926,85.00000000000173,13,8888.800000000027,2012
2012-07-12 09:00:00,2012-07-13 13:00:00,10000.0,40.8500000000013,-446.000000000013,sell,1.21702,1.2214800000000001,479.99999999999153,28,8931.400000000029,2012
2012-07-15 21:00:00,2012-07-16 10:00:00,10000.0,56.48749999999991,-592.9999999999991,sell,1.21881,1.22474,713.000000000008,13,8988.700000000026,2012
2012-07-16 10:00:00,2012-07-16 13:00:00,10000.0,-54.087500000000276,519.0000000000027,sell,1.2236,1.21841,12.999999999996346,3,8934.800000000027,2012
2012-07-16 13:00:00,2012-07-17 02:00:00,10000.0,-69.51249999999953,666.9999999999953,sell,1.22984,1.22317,143.00000000000423,13,8866.100000000028,2012
2012-07-19 01:00:00,2012-07-19 14:00:00,10000.0,-51.31250000000021,485.00000000000205,buy,1.22387,1.22872,100.99999999999552,13,8815.600000000026,2012
2012-07-19 14:00:00,2012-07-20 14:00:00,10000.0,94.39999999999965,-978.9999999999965,sell,1.21597,1.22576,1290.9999999999975,24,8911.500000000024,2012
2012-07-22 21:00:00,2012-07-24 17:00:00,10000.0,57.5500000000018,-623.000000000018,sell,1.20542,1.2116500000000001,902.0000000000027,44,8971.800000000028,2012
2012-07-26 13:00:00,2012-07-29 21:00:00,10000.0,-20.199999999999548,161.99999999999548,sell,1.23072,1.2291,818.9999999999919,32,8953.600000000031,2012
2012-07-29 21:00:00,2012-07-31 10:00:00,10000.0,8.487499999999478,-127.99999999999477,sell,1.22858,1.22986,239.99999999999577,37,8964.400000000027,2012
2012-07-31 10:00:00,2012-08-01 14:00:00,10000.0,22.550000000001322,-263.0000000000132,buy,1.2308700000000001,1.22824,393.0000000000211,28,8988.700000000026,2012
2012-08-01 14:00:00,2012-08-01 19:00:00,10000.0,54.28749999999998,-565.9999999999998,sell,1.22381,1.22947,692.0000000000036,5,9043.300000000027,2012
2012-08-01 19:00:00,2012-08-02 10:00:00,10000.0,-64.13749999999904,611.9999999999902,sell,1.2282199999999999,1.2221,147.0000000000082,15,8980.100000000026,2012
2012-08-02 10:00:00,2012-08-02 13:00:00,10000.0,53.712499999999835,-558.9999999999983,sell,1.22123,1.22682,1905.000000000001,3,9034.000000000025,2012
2012-08-05 21:00:00,2012-08-06 18:00:00,10000.0,-9.412499999997774,60.99999999997773,sell,1.2398799999999999,1.23927,439.00000000001154,21,9025.900000000025,2012
2012-08-06 18:00:00,2012-08-08 13:00:00,10000.0,-71.88749999999837,671.9999999999836,buy,1.23303,1.23975,34.000000000000696,43,8956.700000000024,2012
2012-08-08 21:00:00,2012-08-09 11:00:00,10000.0,-56.475000000000314,536.0000000000031,buy,1.23129,1.23665,75.00000000000284,14,8901.100000000026,2012
2012-08-09 17:00:00,2012-08-12 21:00:00,10000.0,-8.049999999999304,42.999999999993044,sell,1.22884,1.22841,278.00000000000045,28,8894.800000000023,2012
2012-08-12 21:00:00,2012-08-13 11:00:00,10000.0,-56.27500000000123,534.0000000000122,sell,1.23391,1.22857,0.9999999999843466,14,8839.40000000002,2012
2012-08-13 11:00:00,2012-08-15 11:00:00,10000.0,53.400000000000674,-584.0000000000067,sell,1.2288,1.23464,970.0000000000041,48,8895.80000000002,2012
2012-08-15 17:00:00,2012-08-16 14:00:00,10000.0,31.687500000000583,-350.00000000000585,buy,1.23215,1.22865,659.0000000000095,21,8928.800000000023,2012
2012-08-16 14:00:00,2012-08-17 15:00:00,10000.0,56.7374999999998,-602.999999999998,sell,1.2299,1.23593,828.0000000000065,25,8987.100000000022,2012
2012-08-19 21:00:00,2012-08-20 10:00:00,10000.0,-0.21250000000073044,-25.999999999992692,buy,1.2342,1.23394,211.0000000000056,13,8987.700000000019,2012
2012-08-20 10:00:00,2012-08-21 07:00:00,10000.0,-52.612500000001006,493.00000000001006,sell,1.23679,1.23186,130.9999999999922,21,8936.40000000002,2012
2012-08-22 21:00:00,2012-08-23 18:00:00,10000.0,28.287500000000517,-316.0000000000051,buy,1.25633,1.25317,397.0000000000029,21,8966.000000000018,2012
2012-08-23 18:00:00,2012-08-24 13:00:00,10000.0,60.41250000000143,-636.0000000000143,sell,1.24982,1.25618,707.0000000000131,19,9027.600000000019,2012
2012-08-26 21:00:00,2012-08-27 18:00:00,10000.0,-8.31249999999945,49.999999999994486,sell,1.25131,1.25081,223.00000000001762,21,9020.600000000017,2012
2012-08-27 18:00:00,2012-08-28 10:00:00,10000.0,36.29999999999989,-392.99999999999886,buy,1.2543,1.25037,781.9999999999937,16,9057.900000000018,2012
2012-08-29 21:00:00,2012-08-30 22:00:00,10000.0,17.137500000000163,-207.00000000000162,sell,1.25079,1.25286,553.0000000000034,25,9076.600000000015,2012
2012-08-30 22:00:00,2012-08-31 10:00:00,10000.0,46.049999999999955,-487.9999999999995,buy,1.25599,1.25111,663.9999999999978,12,9123.400000000012,2012
2012-09-02 21:00:00,2012-09-03 18:00:00,10000.0,-22.812499999998963,194.9999999999896,sell,1.25961,1.25766,146.00000000000168,21,9101.900000000016,2012
2012-09-03 18:00:00,2012-09-04 14:00:00,10000.0,-31.050000000000047,278.00000000000045,buy,1.25681,1.25959,99.00000000000463,20,9072.100000000017,2012
2012-09-05 17:00:00,2012-09-07 08:00:00,10000.0,-81.23749999999909,767.9999999999909,sell,1.2672999999999999,1.25962,120.00000000000898,39,8993.300000000014,2012
2012-09-09 21:00:00,2012-09-10 22:00:00,10000.0,40.53750000000025,-441.00000000000244,sell,1.27595,1.28036,482.0000000000046,25,9035.40000000001,2012
2012-09-10 22:00:00,2012-09-11 07:00:00,10000.0,35.83750000000066,-384.00000000000654,buy,1.2801500000000001,1.27631,436.0000000000141,9,9071.800000000014,2012
2012-09-11 07:00:00,2012-09-11 16:00:00,10000.0,51.637499999999804,-541.999999999998,buy,1.28568,1.28026,889.9999999999907,9,9124.000000000013,2012
2012-09-12 17:00:00,2012-09-13 18:00:00,10000.0,-71.36249999999787,677.9999999999785,sell,1.2962799999999999,1.2895,52.00000000000759,25,9054.200000000017,2012
2012-09-13 18:00:00,2012-09-14 11:00:00,10000.0,-116.96250000000012,1139.0000000000011,sell,1.30969,1.2983,39.999999999995595,17,8938.300000000014,2012
2012-09-16 21:00:00,2012-09-17 22:00:00,10000.0,1.7375000000014145,-53.00000000001414,sell,1.31157,1.3121,559.0000000000206,25,8941.600000000015,2012
2012-09-17 22:00:00,2012-09-18 10:00:00,10000.0,-58.84999999999893,560.9999999999892,buy,1.3058,1.31141,53.00000000001414,12,8883.500000000018,2012
2012-09-20 17:00:00,2012-09-21 09:00:00,10000.0,-97.49999999999959,944.9999999999958,sell,1.30425,1.2948,-19.999999999997797,16,8787.000000000018,2012
2012-09-23 21:00:00,2012-09-24 09:00:00,10000.0,67.75,-705.0,sell,1.29058,1.29763,734.9999999999967,12,8855.50000000002,2012
2012-09-24 09:00:00,2012-09-26 15:00:00,10000.0,61.625000000001506,-670.000000000015,sell,1.28425,1.29095,1279.0000000000077,54,8920.500000000018,2012
2012-09-26 21:00:00,2012-09-28 02:00:00,10000.0,38.58750000000022,-424.0000000000021,buy,1.29174,1.2875,891.0000000000194,29,8960.900000000018,2012
2012-09-30 21:00:00,2012-10-01 13:00:00,10000.0,-82.69999999999811,796.999999999981,sell,1.29252,1.28455,-10.999999999983244,16,8879.20000000002,2012
2012-10-01 13:00:00,2012-10-02 06:00:00,10000.0,-12.662499999998499,95.99999999998498,sell,1.29137,1.29041,247.0000000000194,17,8867.600000000022,2012
2012-10-02 06:00:00,2012-10-02 16:00:00,10000.0,53.175000000001404,-558.000000000014,buy,1.29475,1.28917,677.0000000000164,10,8921.400000000023,2012
2012-10-03 17:00:00,2012-10-04 13:00:00,10000.0,71.15000000000113,-744.0000000000113,buy,1.29793,1.29049,832.0000000000105,20,8993.800000000025,2012
2012-10-04 13:00:00,2012-10-04 22:00:00,10000.0,35.7375,-383.0,buy,1.30144,1.29761,424.99999999998647,9,9030.100000000024,2012
2012-10-07 21:00:00,2012-10-08 10:00:00,10000.0,53.48750000000024,-563.0000000000024,sell,1.29636,1.30199,615.0000000000099,13,9084.400000000025,2012
2012-10-08 10:00:00,2012-10-08 18:00:00,10000.0,-28.300000000000267,258.0000000000027,sell,1.29731,1.29473,46.00000000001269,8,9056.600000000028,2012
2012-10-08 18:00:00,2012-10-09 08:00:00,10000.0,-47.57499999999974,446.9999999999974,buy,1.29222,1.29669,160.99999999998892,14,9009.90000000003,2012
2012-10-09 09:00:00,2012-10-09 16:00:00,10000.0,-66.13749999999987,636.9999999999986,buy,1.28736,1.29373,121.00000000001553,7,8944.20000000003,2012
2012-10-11 09:00:00,2012-10-11 14:00:00,10000.0,48.58750000000039,-509.00000000000387,buy,1.2937,1.28861,561.0000000000115,5,8993.10000000003,2012
2012-10-14 21:00:00,2012-10-15 01:00:00,10000.0,47.84999999999959,-500.99999999999585,sell,1.2902,1.29521,534.9999999999966,4,9041.200000000028,2012
2012-10-15 01:00:00,2012-10-15 09:00:00,10000.0,-55.69999999999992,531.9999999999991,sell,1.29639,1.29107,53.99999999999849,8,8986.00000000003,2012
2012-10-15 09:00:00,2012-10-16 11:00:00,10000.0,-64.92499999999968,612.9999999999968,sell,1.30181,1.29568,3.000000000019653,26,8922.700000000028,2012
2012-10-17 21:00:00,2012-10-18 19:00:00,10000.0,43.02499999999978,-463.9999999999977,sell,1.30668,1.31132,612.9999999999968,22,8967.10000000003,2012
2012-10-18 19:00:00,2012-10-21 21:00:00,10000.0,42.37500000000159,-460.0000000000159,sell,1.30239,1.30699,526.0000000000042,26,9011.10000000003,2012
2012-10-21 21:00:00,2012-10-22 11:00:00,10000.0,-54.17499999999857,512.9999999999857,sell,1.30727,1.30214,35.00000000000725,14,8957.800000000032,2012
2012-10-22 11:00:00,2012-10-23 06:00:00,10000.0,10.012499999999878,-131.99999999999878,sell,1.30509,1.30641,319.9999999999869,19,8969.000000000035,2012
2012-10-23 06:00:00,2012-10-23 11:00:00,10000.0,-36.312500000000696,340.00000000000693,buy,1.3004,1.3038,59.00000000000904,5,8933.000000000035,2012
2012-10-24 21:00:00,2012-10-26 10:00:00,10000.0,-47.3124999999997,429.99999999999704,buy,1.29275,1.29705,121.00000000001553,37,8888.000000000042,2012
2012-10-28 21:00:00,2012-10-31 09:00:00,10000.0,-66.15000000000046,604.0000000000044,sell,1.30003,1.29399,53.99999999999849,60,8825.600000000039,2012
2012-10-31 17:00:00,2012-11-01 10:00:00,10000.0,28.337500000001427,-314.00000000001427,sell,1.29358,1.29672,354.00000000000983,17,8855.000000000038,2012
2012-11-01 10:00:00,2012-11-01 18:00:00,10000.0,-18.299999999999148,157.99999999999147,buy,1.29306,1.29464,-10.999999999983244,8,8837.200000000037,2012
2012-11-01 18:00:00,2012-11-02 09:00:00,10000.0,52.56249999999944,-554.9999999999943,sell,1.2879,1.29345,712.0000000000015,15,8890.700000000037,2012
2012-11-04 22:00:00,2012-11-07 05:00:00,10000.0,-48.4374999999997,429.99999999999704,sell,1.28602,1.28172,141.00000000001333,55,8845.700000000035,2012
2012-11-07 13:00:00,2012-11-09 21:00:00,10000.0,35.500000000002146,-410.00000000002143,sell,1.27117,1.2752700000000001,781.0000000000094,56,8884.700000000043,2012
2012-11-11 22:00:00,2012-11-13 06:00:00,10000.0,28.600000000000406,-326.00000000000404,sell,1.2681,1.27136,575.9999999999986,32,8915.30000000004,2012
2012-11-13 06:00:00,2012-11-14 03:00:00,10000.0,28.787499999999355,-320.99999999999346,buy,1.27216,1.26895,648.9999999999884,21,8945.400000000038,2012
2012-11-14 17:00:00,2012-11-15 16:00:00,10000.0,-52.237499999999955,487.9999999999995,sell,1.27922,1.27434,93.99999999999407,23,8894.60000000004,2012
2012-11-15 16:00:00,2012-11-16 16:00:00,10000.0,68.99999999999979,-724.9999999999978,sell,1.27068,1.27793,775.9999999999989,24,8965.10000000004,2012
2012-11-18 22:00:00,2012-11-19 16:00:00,10000.0,-80.02499999999975,768.9999999999974,sell,1.2817,1.27401,25.999999999992692,18,8886.200000000039,2012
2012-11-21 17:00:00,2012-11-22 10:00:00,10000.0,15.137499999999328,-181.99999999999326,buy,1.28466,1.28284,278.99999999998477,17,8902.400000000036,2012
2012-11-22 10:00:00,2012-11-23 10:00:00,10000.0,-45.899999999997995,423.99999999997993,sell,1.2903499999999999,1.28611,110.00000000001008,24,8858.000000000036,2012
2012-11-25 22:00:00,2012-11-26 18:00:00,10000.0,6.350000000000719,-96.00000000000718,sell,1.29615,1.29711,226.00000000001506,20,8865.600000000039,2012
2012-11-26 18:00:00,2012-11-27 16:00:00,10000.0,-37.97499999999796,345.99999999997965,buy,1.29289,1.29635,138.0000000000159,22,8829.00000000004,2012
2012-11-29 09:00:00,2012-11-30 21:00:00,10000.0,-28.049999999998267,237.99999999998266,sell,1.30049,1.29811,221.00000000000452,36,8803.20000000004,2012
2012-12-02 22:00:00,2012-12-03 10:00:00,10000.0,-50.84999999999981,480.99999999999807,sell,1.30421,1.2994,63.999999999997385,12,8753.100000000042,2012
2012-12-03 21:00:00,2012-12-05 01:00:00,10000.0,43.15000000000083,-469.00000000000824,buy,1.31009,1.3054,557.0000000000074,28,8798.000000000044,2012
2012-12-05 13:00:00,2012-12-06 15:00:00,10000.0,56.47499999999849,-600.9999999999849,sell,1.30048,1.30649,851.0000000000017,26,8856.100000000044,2012
2012-12-06 15:00:00,2012-12-07 13:00:00,10000.0,71.12499999999957,-744.9999999999956,sell,1.29078,1.29823,794.9999999999901,22,8928.60000000004,2012
2012-12-09 22:00:00,2012-12-11 05:00:00,10000.0,-63.437499999999,594.9999999999899,sell,1.29513,1.28918,103.00000000000863,31,8867.100000000044,2012
2012-12-11 05:00:00,2012-12-11 15:00:00,10000.0,36.87499999999898,-394.99999999998977,buy,1.29971,1.29576,581.9999999999936,10,8904.600000000044,2012
2012-12-16 22:00:00,2012-12-17 14:00:00,10000.0,17.900000000001473,-209.00000000001472,sell,1.31598,1.31807,270.00000000001467,16,8923.500000000045,2012
2012-12-17 14:00:00,2012-12-18 17:00:00,10000.0,42.212500000000944,-459.0000000000094,buy,1.3220100000000001,1.31742,649.0000000000106,27,8967.400000000047,2012
2012-12-19 13:00:00,2012-12-19 19:00:00,10000.0,42.8250000000008,-452.0000000000079,sell,1.32435,1.32887,571.0000000000103,6,9010.600000000046,2012
2012-12-20 01:00:00,2012-12-20 14:00:00,10000.0,-72.11250000000103,693.0000000000102,sell,1.32881,1.32188,66.99999999999484,13,8939.300000000047,2012
2012-12-20 14:00:00,2012-12-21 02:00:00,10000.0,67.35000000000183,-701.0000000000182,sell,1.32015,1.3271600000000001,760.000000000005,12,9007.400000000047,2012
2012-12-23 22:00:00,2012-12-26 15:00:00,10000.0,-77.83750000000113,744.0000000000113,sell,1.32502,1.31758,-7.000000000001449,23,8931.000000000044,2012
2012-12-26 21:00:00,2012-12-27 10:00:00,10000.0,40.387499999998795,-431.9999999999879,buy,1.32686,1.32254,506.99999999999073,13,8972.200000000043,2012
2013-01-02 15:00:00,2013-01-03 03:00:00,10000.0,106.25000000000132,-1090.0000000000132,sell,1.3128,1.3237,1140.0000000000075,12,10107.0,2013
2013-01-03 03:00:00,2013-01-03 20:00:00,10000.0,70.23750000000058,-733.0000000000058,sell,1.30629,1.31362,1063.0000000000139,17,10178.299999999997,2013
2013-01-08 01:00:00,2013-01-08 16:00:00,10000.0,-52.53749999999853,495.9999999999853,buy,1.3063500000000001,1.31131,22.000000000010896,15,10126.699999999995,2013
2013-01-08 17:00:00,2013-01-08 22:00:00,10000.0,4.387500000001705,-67.00000000001704,buy,1.30783,1.3071599999999999,117.00000000001153,5,10131.399999999998,2013
2013-01-08 22:00:00,2013-01-10 02:00:00,10000.0,33.950000000000514,-377.00000000000506,sell,1.30409,1.30786,544.9999999999955,28,10167.099999999997,2013
2013-01-10 02:00:00,2013-01-10 10:00:00,10000.0,47.60000000000181,-501.0000000000181,buy,1.31,1.3049899999999999,582.0000000000158,8,10215.199999999999,2013
2013-01-10 10:00:00,2013-01-10 14:00:00,10000.0,79.6499999999992,-818.9999999999919,buy,1.31826,1.31007,916.0000000000056,4,10295.099999999999,2013
2013-01-13 22:00:00,2013-01-15 19:00:00,10000.0,70.18750000000063,-750.0000000000061,sell,1.32884,1.33634,1150.999999999991,45,10368.099999999999,2013
2013-01-17 01:00:00,2013-01-17 11:00:00,10000.0,-62.02500000000056,594.0000000000056,sell,1.33673,1.33079,32.999999999994145,10,10306.699999999999,2013
2013-01-17 11:00:00,2013-01-18 16:00:00,10000.0,66.48750000000092,-703.0000000000091,sell,1.3291899999999999,1.33622,1059.0000000000098,29,10375.000000000002,2013
2013-01-20 22:00:00,2013-01-22 08:00:00,10000.0,-57.82499999999875,536.9999999999875,sell,1.33618,1.33081,94.00000000001629,34,10319.300000000001,2013
2013-01-24 01:00:00,2013-01-24 10:00:00,10000.0,4.637500000000539,-72.00000000000539,buy,1.33165,1.33093,309.0000000000037,9,10324.500000000004,2013
2013-01-24 10:00:00,2013-01-24 18:00:00,10000.0,-51.10000000000086,486.0000000000086,sell,1.33736,1.3325,186.9999999999816,8,10273.900000000003,2013
2013-01-24 18:00:00,2013-01-25 06:00:00,10000.0,-7.349999999999049,45.999999999990486,buy,1.3365500000000001,1.33701,164.00000000000858,12,10267.300000000003,2013
2013-01-27 22:00:00,2013-01-28 18:00:00,10000.0,-3.549999999999745,2.9999999999974487,sell,1.34579,1.34576,187.0000000000038,20,10265.00000000001,2013
2013-01-28 18:00:00,2013-01-30 10:00:00,10000.0,72.60000000000106,-771.0000000000105,buy,1.35277,1.34506,1140.0000000000075,40,10340.100000000015,2013
2013-01-31 21:00:00,2013-02-01 02:00:00,10000.0,27.98749999999866,-302.9999999999866,buy,1.36089,1.35786,367.9999999999905,5,10368.400000000012,2013
2013-02-03 22:00:00,2013-02-04 11:00:00,10000.0,75.08749999999964,-778.9999999999962,sell,1.3569,1.36469,845.9999999999911,13,10444.300000000012,2013
2013-02-05 09:00:00,2013-02-06 02:00:00,10000.0,64.83750000000074,-679.0000000000073,buy,1.35932,1.35253,921.0000000000161,17,10510.200000000013,2013
2013-02-06 05:00:00,2013-02-06 14:00:00,10000.0,57.03749999999965,-595.9999999999965,sell,1.35001,1.35597,721.000000000016,9,10567.800000000014,2013
2013-02-06 14:00:00,2013-02-07 15:00:00,10000.0,87.63750000000017,-912.0000000000016,sell,1.34314,1.35226,1456.999999999997,25,10657.000000000011,2013
2013-02-07 15:00:00,2013-02-08 21:00:00,10000.0,15.925000000000928,-198.00000000000927,sell,1.33672,1.3387,616.0000000000165,30,10674.800000000012,2013
2013-02-10 22:00:00,2013-02-11 17:00:00,10000.0,-51.087500000000716,479.00000000000716,sell,1.34141,1.33662,129.00000000000134,19,10624.900000000014,2013
2013-02-11 21:00:00,2013-02-13 10:00:00,10000.0,59.08750000000012,-634.0000000000011,buy,1.34693,1.34059,1058.9999999999877,37,10686.30000000001,2013
2013-02-13 13:00:00,2013-02-14 08:00:00,10000.0,85.0125000000005,-882.0000000000049,sell,1.33884,1.34766,978.9999999999965,19,10772.500000000013,2013
2013-02-14 08:00:00,2013-02-14 11:00:00,10000.0,74.01250000000182,-762.0000000000182,sell,1.3333599999999999,1.34098,789.0000000000174,3,10846.700000000015,2013
2013-02-14 11:00:00,2013-02-15 21:00:00,10000.0,-44.02499999999938,398.99999999999375,sell,1.33633,1.33234,297.99999999999824,34,10804.800000000017,2013
2013-02-17 22:00:00,2013-02-18 22:00:00,10000.0,-12.499999999999009,89.99999999999008,sell,1.33518,1.3342800000000001,272.00000000000557,24,10793.800000000017,2013
2013-02-18 22:00:00,2013-02-19 19:00:00,10000.0,29.587500000000148,-329.0000000000015,buy,1.33863,1.33534,580.0000000000027,21,10824.70000000002,2013
2013-02-20 17:00:00,2013-02-20 20:00:00,10000.0,-66.18749999999962,639.999999999996,buy,1.32812,1.33452,76.99999999999373,3,10758.70000000002,2013
2013-02-20 20:00:00,2013-02-20 22:00:00,10000.0,0.37499999999861444,-24.99999999998614,buy,1.32791,1.32766,44.999999999983935,2,10759.200000000019,2013
2013-02-20 22:00:00,2013-02-21 09:00:00,10000.0,76.71250000000057,-794.0000000000058,sell,1.3206,1.32854,828.9999999999908,11,10836.60000000002,2013
2013-02-24 22:00:00,2013-02-25 11:00:00,10000.0,-81.61249999999887,787.9999999999886,sell,1.3271,1.31922,-14.999999999987244,13,10755.800000000021,2013
2013-02-27 05:00:00,2013-02-27 20:00:00,10000.0,-63.2374999999998,602.999999999998,sell,1.31273,1.3067,127.00000000001043,15,10693.500000000018,2013
2013-02-27 20:00:00,2013-02-28 21:00:00,10000.0,75.73749999999993,-792.9999999999992,sell,1.30568,1.31361,1042.9999999999939,25,10770.800000000012,2013
2013-02-28 21:00:00,2013-03-01 15:00:00,10000.0,58.07500000000125,-612.0000000000125,sell,1.2992,1.30532,1088.0,18,10830.000000000011,2013
2013-03-03 22:00:00,2013-03-07 14:00:00,10000.0,-67.7999999999998,602.999999999998,sell,1.30724,1.30121,171.99999999999437,88,10767.70000000001,2013
2013-03-07 14:00:00,2013-03-08 14:00:00,10000.0,93.90000000000082,-974.0000000000081,sell,1.29992,1.30966,1347.000000000009,24,10863.100000000008,2013
2013-03-10 21:00:00,2013-03-12 14:00:00,10000.0,-82.06249999999923,774.9999999999923,sell,1.30697,1.29922,45.00000000000614,41,10783.600000000013,2013
2013-03-13 21:00:00,2013-03-14 17:00:00,10000.0,52.850000000001145,-561.0000000000115,buy,1.3018,1.29619,1076.0000000000102,20,10837.700000000013,2013
2013-03-14 17:00:00,2013-03-15 13:00:00,10000.0,-98.04999999999933,947.9999999999932,sell,1.31003,1.30055,63.999999999997385,20,10740.900000000009,2013
2013-03-17 21:00:00,2013-03-19 06:00:00,10000.0,-43.462500000000546,394.0000000000054,sell,1.29461,1.29067,489.9999999999904,33,10699.50000000001,2013
2013-03-19 06:00:00,2013-03-19 16:00:00,10000.0,-68.82499999999848,661.9999999999848,buy,1.28848,1.2951,-17.999999999984695,10,10631.30000000001,2013
2013-03-20 09:00:00,2013-03-20 19:00:00,10000.0,-45.32499999999774,426.9999999999774,sell,1.29469,1.2904200000000001,303.0000000000088,10,10586.600000000011,2013
2013-03-20 19:00:00,2013-03-24 21:00:00,10000.0,-37.62499999999975,324.9999999999975,sell,1.29715,1.2939,377.00000000000506,50,10552.10000000001,2013
2013-03-24 21:00:00,2013-03-25 00:00:00,10000.0,-62.68749999999889,604.9999999999889,sell,1.30199,1.29594,262.00000000000665,3,10489.60000000001,2013
2013-03-25 00:00:00,2013-03-25 13:00:00,10000.0,81.58750000000003,-844.0000000000002,sell,1.29421,1.30265,1053.9999999999993,13,10572.00000000001,2013
2013-03-25 13:00:00,2013-03-25 17:00:00,10000.0,83.55000000000032,-858.0000000000032,sell,1.28512,1.2937,889.9999999999907,4,10655.800000000008,2013
2013-03-26 09:00:00,2013-03-27 10:00:00,10000.0,-73.76249999999804,701.9999999999803,buy,1.27974,1.28676,-3.9999999999817955,25,10583.600000000013,2013
2013-03-27 17:00:00,2013-03-28 15:00:00,10000.0,-62.67499999999991,592.9999999999991,sell,1.28289,1.27696,110.99999999999443,22,10522.300000000014,2013
2013-03-31 21:00:00,2013-04-01 02:00:00,10000.0,26.687499999999027,-289.9999999999902,sell,1.27787,1.28077,326.9999999999884,5,10549.300000000014,2013
2013-04-01 02:00:00,2013-04-01 08:00:00,10000.0,-40.57499999999935,381.9999999999934,sell,1.28156,1.27774,11.999999999989795,6,10509.100000000013,2013
2013-04-01 08:00:00,2013-04-01 15:00:00,10000.0,-41.93749999999898,394.99999999998977,sell,1.28484,1.28089,51.00000000000104,7,10467.600000000015,2013
2013-04-01 15:00:00,2013-04-03 01:00:00,10000.0,42.075000000000685,-462.0000000000068,sell,1.28078,1.2854,692.0000000000036,34,10511.800000000016,2013
2013-04-03 21:00:00,2013-04-04 08:00:00,10000.0,-48.987499999999116,462.99999999999113,buy,1.27976,1.28439,-4.999999999988347,11,10463.500000000013,2013
2013-04-07 21:00:00,2013-04-09 01:00:00,10000.0,-74.74999999999883,709.9999999999884,sell,1.30601,1.29891,71.00000000002105,28,10390.500000000011,2013
2013-04-09 01:00:00,2013-04-09 08:00:00,10000.0,-48.83749999999978,463.9999999999977,buy,1.30161,1.30625,117.99999999999588,7,10342.100000000013,2013
2013-04-11 17:00:00,2013-04-12 10:00:00,10000.0,62.93750000000162,-660.000000000016,sell,1.30462,1.31122,796.0000000000189,17,10406.100000000015,2013
2013-04-14 21:00:00,2013-04-15 19:00:00,10000.0,60.32499999999987,-636.9999999999986,sell,1.30419,1.31056,670.9999999999993,22,10467.800000000014,2013
2013-04-17 05:00:00,2013-04-17 12:00:00,10000.0,46.862500000001006,-493.00000000001006,sell,1.3124,1.3173300000000001,751.999999999997,7,10515.100000000015,2013
2013-04-17 13:00:00,2013-04-17 17:00:00,10000.0,81.74999999999963,-839.9999999999962,sell,1.30254,1.31094,879.9999999999918,4,10597.100000000015,2013
2013-04-17 17:00:00,2013-04-21 21:00:00,10000.0,-21.849999999999948,165.99999999999946,sell,1.30508,1.30342,774.000000000008,52,10578.500000000016,2013
2013-04-21 21:00:00,2013-04-23 02:00:00,10000.0,12.787499999999948,-165.99999999999946,sell,1.30475,1.30641,358.9999999999982,29,10593.100000000022,2013
2013-04-23 02:00:00,2013-04-23 08:00:00,10000.0,-62.37500000000006,600.0000000000005,buy,1.29885,1.30485,96.00000000000718,6,10531.100000000022,2013
2013-04-23 08:00:00,2013-04-24 22:00:00,10000.0,21.525000000000922,-259.0000000000092,buy,1.30101,1.29842,577.0000000000052,38,10555.000000000024,2013
2013-04-24 22:00:00,2013-04-25 02:00:00,10000.0,-41.449999999999235,391.9999999999923,sell,1.30515,1.30123,90.99999999999663,4,10513.800000000025,2013
2013-04-25 02:00:00,2013-04-26 12:00:00,10000.0,44.57500000000152,-487.0000000000152,sell,1.29995,1.30482,933.000000000006,34,10560.500000000025,2013
2013-04-28 21:00:00,2013-04-30 02:00:00,10000.0,-39.81249999999825,359.99999999998255,sell,1.30927,1.30567,233.0000000000165,29,10522.500000000027,2013
2013-04-30 02:00:00,2013-04-30 10:00:00,10000.0,-19.999999999999183,174.99999999999181,buy,1.30742,1.30917,224.00000000000196,8,10503.000000000027,2013
2013-05-01 17:00:00,2013-05-02 14:00:00,10000.0,106.2875000000008,-1096.000000000008,sell,1.30803,1.31899,1425.9999999999939,21,10610.600000000028,2013
2013-05-02 14:00:00,2013-05-05 21:00:00,10000.0,-52.43750000000021,485.00000000000205,sell,1.31145,1.3066,439.9999999999959,31,10560.100000000033,2013
2013-05-05 21:00:00,2013-05-08 16:00:00,10000.0,-70.38750000000093,642.0000000000092,sell,1.3178,1.31138,156.00000000000057,67,10493.900000000027,2013
2013-05-08 21:00:00,2013-05-09 14:00:00,10000.0,-69.8625000000002,668.0000000000018,buy,1.30939,1.31607,-7.999999999985795,17,10425.10000000003,2013
2013-05-09 14:00:00,2013-05-09 19:00:00,10000.0,72.28750000000022,-746.0000000000022,sell,1.30181,1.30927,960.0000000000052,5,10497.700000000028,2013
2013-05-09 19:00:00,2013-05-12 21:00:00,10000.0,50.47499999999915,-540.9999999999915,sell,1.29766,1.30307,737.9999999999942,26,10549.800000000032,2013
2013-05-12 21:00:00,2013-05-15 07:00:00,10000.0,68.17499999999941,-737.9999999999942,sell,1.28997,1.29735,1288.0000000000002,58,10621.600000000024,2013
2013-05-15 07:00:00,2013-05-17 13:00:00,10000.0,70.12499999999946,-754.9999999999945,sell,1.28274,1.29029,1018.0000000000077,54,10695.100000000028,2013
2013-05-19 21:00:00,2013-05-20 23:00:00,10000.0,-59.02499999999878,553.9999999999878,sell,1.28968,1.28414,63.00000000001304,26,10637.700000000028,2013
2013-05-23 01:00:00,2013-05-23 14:00:00,10000.0,61.08750000000118,-639.0000000000117,buy,1.29007,1.28368,800.0000000000007,13,10699.600000000028,2013
2013-05-23 14:00:00,2013-05-24 09:00:00,10000.0,-83.58749999999824,803.9999999999825,sell,1.2980099999999999,1.28997,64.0000000000196,19,10617.20000000003,2013
2013-05-26 21:00:00,2013-05-27 18:00:00,10000.0,1.8875000000007593,-52.00000000000759,sell,1.29294,1.29346,185.0000000000129,21,10620.400000000029,2013
2013-05-27 18:00:00,2013-05-28 01:00:00,10000.0,-42.13750000000029,397.0000000000029,buy,1.28949,1.29346,80.99999999999774,7,10578.700000000026,2013
2013-05-30 05:00:00,2013-05-30 14:00:00,10000.0,51.037500000000314,-536.0000000000031,buy,1.30287,1.29751,879.0000000000075,9,10630.300000000025,2013
2013-05-30 14:00:00,2013-06-02 21:00:00,10000.0,53.96249999999962,-578.9999999999961,sell,1.29941,1.3052,645.0000000000066,31,10686.200000000023,2013
2013-06-02 21:00:00,2013-06-03 16:00:00,10000.0,-112.18749999999909,1089.999999999991,sell,1.3097699999999999,1.29887,94.00000000001629,19,10575.20000000002,2013
2013-06-03 16:00:00,2013-06-06 10:00:00,10000.0,-41.62499999999942,354.9999999999942,sell,1.31164,1.30809,134.00000000001188,66,10537.700000000019,2013
2013-06-06 10:00:00,2013-06-06 14:00:00,10000.0,47.350000000000755,-496.0000000000075,buy,1.3163,1.31134,737.0000000000098,4,10585.30000000002,2013
2013-06-06 14:00:00,2013-06-06 16:00:00,10000.0,-58.024999999999835,558.9999999999983,sell,1.32474,1.31915,296.00000000000733,2,10527.40000000002,2013
2013-06-06 16:00:00,2013-06-09 21:00:00,10000.0,45.287499999999696,-490.99999999999693,sell,1.31987,1.32478,855.99999999999,29,10574.500000000018,2013
2013-06-09 21:00:00,2013-06-10 18:00:00,10000.0,-71.71249999999958,683.9999999999957,sell,1.32624,1.3194000000000001,60.999999999999936,21,10504.100000000017,2013
2013-06-10 18:00:00,2013-06-12 15:00:00,10000.0,66.58750000000146,-714.0000000000146,buy,1.33336,1.32622,1025.000000000009,45,10573.500000000016,2013
2013-06-13 17:00:00,2013-06-16 21:00:00,10000.0,-10.449999999999484,66.99999999999484,sell,1.33442,1.33375,337.0000000000095,28,10564.800000000017,2013
2013-06-16 21:00:00,2013-06-18 10:00:00,10000.0,-35.91250000000052,316.0000000000051,sell,1.33775,1.33459,208.00000000000816,37,10531.200000000017,2013
2013-06-19 17:00:00,2013-06-19 19:00:00,10000.0,121.57500000000215,-1237.0000000000214,sell,1.3274299999999999,1.3398,1366.0000000000005,2,10652.90000000002,2013
2013-06-19 19:00:00,2013-06-20 10:00:00,10000.0,77.96250000000153,-809.0000000000152,sell,1.31961,1.3277,1042.9999999999939,15,10731.800000000021,2013
2013-06-20 10:00:00,2013-06-21 16:00:00,10000.0,73.7249999999999,-775.9999999999989,sell,1.31142,1.31918,1394.0000000000061,30,10807.400000000025,2013
2013-06-23 21:00:00,2013-06-25 06:00:00,10000.0,-23.162499999998563,190.99999999998562,sell,1.31178,1.30987,255.0000000000052,33,10786.300000000023,2013
2013-06-25 06:00:00,2013-06-25 13:00:00,10000.0,-56.53749999999915,540.9999999999915,buy,1.30926,1.31467,96.00000000000718,7,10730.200000000024,2013
2013-06-26 13:00:00,2013-06-28 13:00:00,10000.0,-58.49999999999966,534.9999999999966,sell,1.30868,1.30333,157.99999999999147,48,10674.700000000024,2013
2013-06-30 21:00:00,2013-07-01 16:00:00,10000.0,-55.58749999999911,523.9999999999911,sell,1.3061,1.3008600000000001,51.00000000000104,19,10620.300000000025,2013
2013-07-02 05:00:00,2013-07-02 09:00:00,10000.0,-48.74999999999821,464.99999999998204,buy,1.30194,1.30659,-10.999999999983244,4,10571.800000000027,2013
2013-07-03 13:00:00,2013-07-03 16:00:00,10000.0,-40.787499999999746,385.99999999999744,sell,1.30056,1.2967,262.00000000000665,3,10531.200000000026,2013
2013-07-03 16:00:00,2013-07-04 13:00:00,10000.0,118.0875000000004,-1214.0000000000039,sell,1.28888,1.30102,1339.0000000000011,21,10650.600000000026,2013
2013-07-04 13:00:00,2013-07-05 13:00:00,10000.0,81.70000000000083,-852.0000000000082,sell,1.28266,1.29118,1050.0000000000175,24,10733.80000000003,2013
2013-07-07 21:00:00,2013-07-08 14:00:00,10000.0,-63.56250000000111,605.000000000011,sell,1.28698,1.28093,8.000000000008,17,10671.300000000032,2013
2013-07-08 14:00:00,2013-07-09 06:00:00,10000.0,-27.299999999999322,242.9999999999932,sell,1.28861,1.28618,19.999999999997797,16,10645.000000000031,2013
2013-07-09 06:00:00,2013-07-09 15:00:00,10000.0,-114.36249999999967,1117.9999999999966,buy,1.27833,1.28951,73.99999999999629,9,10531.200000000033,2013
2013-07-11 05:00:00,2013-07-14 21:00:00,10000.0,48.299999999999514,-527.9999999999951,sell,1.30657,1.31185,581.9999999999936,40,10582.000000000035,2013
2013-07-14 21:00:00,2013-07-16 02:00:00,10000.0,-9.312499999998284,54.99999999998283,sell,1.3068199999999999,1.30627,105.00000000002173,29,10574.500000000038,2013
2013-07-16 02:00:00,2013-07-16 13:00:00,10000.0,52.81249999999944,-554.9999999999943,buy,1.31267,1.30712,815.9999999999944,11,10628.000000000038,2013
2013-07-17 13:00:00,2013-07-21 21:00:00,10000.0,-5.30000000000091,-1.9999999999908977,sell,1.31379,1.31381,209.99999999999906,56,10626.200000000032,2013
2013-07-21 21:00:00,2013-07-22 10:00:00,10000.0,-52.212499999999444,493.99999999999443,sell,1.31832,1.31338,73.99999999999629,13,10574.800000000032,2013
2013-07-22 10:00:00,2013-07-22 22:00:00,10000.0,-7.149999999997739,43.99999999997738,sell,1.3184799999999999,1.31804,328.00000000001717,12,10568.400000000036,2013
2013-07-22 22:00:00,2013-07-23 19:00:00,10000.0,42.78750000000003,-461.0000000000003,buy,1.32308,1.31847,676.9999999999942,21,10612.500000000036,2013
2013-07-25 13:00:00,2013-07-26 06:00:00,10000.0,51.03750000000137,-541.0000000000136,buy,1.32759,1.32218,564.0000000000089,17,10664.600000000039,2013
2013-07-28 21:00:00,2013-07-29 18:00:00,10000.0,12.487500000001369,-158.00000000001367,sell,1.3259699999999999,1.32755,351.0000000000124,21,10678.400000000043,2013
2013-07-29 18:00:00,2013-07-31 13:00:00,10000.0,-50.987499999999116,462.99999999999113,buy,1.3221100000000001,1.32674,197.0000000000027,43,10630.100000000048,2013
2013-07-31 17:00:00,2013-08-01 20:00:00,10000.0,74.01250000000054,-777.0000000000055,sell,1.32076,1.32853,1366.0000000000005,27,10705.80000000005,2013
2013-08-01 20:00:00,2013-08-02 13:00:00,10000.0,-69.46249999999979,663.9999999999978,sell,1.32699,1.32035,138.0000000000159,17,10637.400000000054,2013
2013-08-04 21:00:00,2013-08-07 18:00:00,10000.0,-70.81250000000067,645.0000000000066,sell,1.33409,1.32764,8.999999999992347,69,10570.900000000052,2013
2013-08-07 21:00:00,2013-08-08 15:00:00,10000.0,-54.925000000001845,518.0000000000184,sell,1.33861,1.33343,80.99999999999774,18,10517.100000000053,2013
2013-08-08 15:00:00,2013-08-09 06:00:00,10000.0,-0.6375000000004754,-22.999999999995243,sell,1.33863,1.33886,134.00000000001188,15,10517.400000000052,2013
2013-08-11 21:00:00,2013-08-12 10:00:00,10000.0,37.38749999999912,-401.99999999999125,sell,1.32921,1.33323,513.0000000000078,13,10555.60000000005,2013
2013-08-12 10:00:00,2013-08-13 13:00:00,10000.0,32.51249999999956,-361.9999999999956,sell,1.32583,1.32945,583.0000000000001,27,10589.80000000005,2013
2013-08-15 01:00:00,2013-08-15 03:00:00,10000.0,26.874999999999027,-289.9999999999902,buy,1.32971,1.32681,312.00000000000114,2,10616.800000000048,2013
2013-08-15 03:00:00,2013-08-15 13:00:00,10000.0,-63.22499999999954,605.9999999999953,buy,1.32305,1.32911,83.99999999999518,10,10554.200000000048,2013
2013-08-15 13:00:00,2013-08-15 18:00:00,10000.0,-117.71249999999884,1153.9999999999882,sell,1.33368,1.32214,59.00000000000904,5,10436.80000000005,2013
2013-08-18 21:00:00,2013-08-19 22:00:00,10000.0,-8.262499999999704,46.99999999999704,sell,1.33362,1.33315,378.99999999999596,25,10430.100000000051,2013
2013-08-19 22:00:00,2013-08-20 09:00:00,10000.0,30.712500000001207,-334.00000000001205,buy,1.33695,1.33361,466.0000000000108,11,10461.500000000055,2013
2013-08-21 17:00:00,2013-08-22 10:00:00,10000.0,54.237500000000125,-573.0000000000013,sell,1.33148,1.33721,804.0000000000047,17,10516.800000000054,2013
2013-08-22 10:00:00,2013-08-22 16:00:00,10000.0,-54.87499999999977,524.9999999999976,sell,1.33629,1.33104,86.00000000000828,6,10462.300000000056,2013
2013-08-22 16:00:00,2013-08-25 21:00:00,10000.0,-27.112499999999432,232.99999999999432,sell,1.33789,1.33556,302.9999999999866,29,10437.00000000006,2013
2013-08-25 21:00:00,2013-08-27 09:00:00,10000.0,38.15000000000022,-424.0000000000021,sell,1.33386,1.3381,550.000000000006,36,10477.400000000067,2013
2013-08-28 21:00:00,2013-08-29 07:00:00,10000.0,-74.22499999999833,715.9999999999833,buy,1.32692,1.33408,67.00000000001704,10,10403.800000000068,2013
2013-08-29 07:00:00,2013-08-29 14:00:00,10000.0,-28.337499999998702,258.999999999987,buy,1.32393,1.32652,70.99999999999883,7,10375.900000000067,2013
2013-08-29 14:00:00,2013-09-01 21:00:00,10000.0,5.262500000000319,-92.00000000000318,sell,1.3213,1.32222,411.0000000000058,31,10383.10000000006,2013
2013-09-01 21:00:00,2013-09-03 06:00:00,10000.0,29.83750000000004,-339.0000000000004,sell,1.31746,1.32085,519.0000000000027,33,10415.000000000065,2013
2013-09-03 06:00:00,2013-09-03 16:00:00,10000.0,-14.824999999999989,121.99999999999987,buy,1.31608,1.3173,226.9999999999994,10,10400.800000000068,2013
2013-09-03 16:00:00,2013-09-05 14:00:00,10000.0,-28.674999999998267,237.99999999998266,buy,1.31485,1.31723,204.00000000000415,46,10375.000000000075,2013
2013-09-05 14:00:00,2013-09-08 21:00:00,10000.0,-64.03749999999849,600.9999999999849,sell,1.31771,1.3117,114.99999999999842,31,10312.900000000074,2013
2013-09-08 21:00:00,2013-09-09 15:00:00,10000.0,-87.72499999999911,845.9999999999911,sell,1.32552,1.3170600000000001,-5.999999999994897,18,10226.300000000074,2013
2013-09-09 15:00:00,2013-09-09 22:00:00,10000.0,-0.4374999999979999,-20.000000000020002,sell,1.32547,1.3256700000000001,255.0000000000052,7,10226.300000000074,2013
2013-09-09 22:00:00,2013-09-11 14:00:00,10000.0,33.200000000000514,-377.00000000000506,buy,1.32911,1.32534,612.9999999999968,40,10262.000000000073,2013
2013-09-11 17:00:00,2013-09-13 15:00:00,10000.0,47.12500000000094,-520.0000000000093,sell,1.32606,1.33126,635.999999999992,46,10312.000000000075,2013
2013-09-15 21:00:00,2013-09-16 22:00:00,10000.0,26.137500000001392,-297.00000000001387,sell,1.33361,1.33658,492.0000000000035,25,10339.700000000079,2013
2013-09-16 22:00:00,2013-09-18 19:00:00,10000.0,164.18749999999915,-1689.9999999999914,buy,1.35053,1.33363,1807.000000000003,45,10506.700000000083,2013
2013-09-19 01:00:00,2013-09-19 14:00:00,10000.0,13.987500000001258,-168.00000000001256,buy,1.35437,1.35269,255.0000000000052,13,10521.500000000084,2013
2013-09-19 14:00:00,2013-09-22 21:00:00,10000.0,12.262500000001769,-162.00000000001768,sell,1.35231,1.35393,250.00000000001685,31,10535.700000000086,2013
2013-09-22 21:00:00,2013-09-23 18:00:00,10000.0,21.187500000000632,-245.0000000000063,sell,1.35031,1.35276,409.0000000000149,21,10558.200000000086,2013
2013-09-23 18:00:00,2013-09-27 10:00:00,10000.0,-14.599999999999884,70.99999999999883,buy,1.34899,1.3497,287.9999999999993,88,10549.100000000086,2013
2013-09-29 21:00:00,2013-09-30 13:00:00,10000.0,-75.89999999999796,728.9999999999797,sell,1.3551199999999999,1.34783,-3.9999999999817955,16,10474.200000000088,2013
2013-09-30 13:00:00,2013-10-01 06:00:00,10000.0,-17.26249999999977,141.99999999999767,sell,1.3543,1.35288,86.99999999999262,17,10458.00000000009,2013
2013-10-01 06:00:00,2013-10-01 12:00:00,10000.0,-46.174999999998285,437.99999999998283,buy,1.35417,1.35855,73.00000000001194,6,10412.200000000092,2013
2013-10-02 17:00:00,2013-10-03 16:00:00,10000.0,-65.83750000000023,624.0000000000023,sell,1.36422,1.35798,35.999999999991594,23,10347.800000000088,2013
2013-10-03 16:00:00,2013-10-04 17:00:00,10000.0,64.03750000000099,-676.0000000000099,sell,1.35538,1.3621400000000001,774.000000000008,25,10413.400000000092,2013
2013-10-06 21:00:00,2013-10-07 18:00:00,10000.0,-23.112499999998708,197.99999999998707,sell,1.35794,1.35596,111.00000000001663,21,10391.600000000097,2013
2013-10-07 18:00:00,2013-10-09 08:00:00,10000.0,-57.474999999999255,530.9999999999925,buy,1.35252,1.3578299999999999,44.999999999983935,38,10336.5000000001,2013
2013-10-10 01:00:00,2013-10-10 18:00:00,10000.0,13.437499999999293,-164.99999999999292,buy,1.35253,1.35088,383.0,17,10351.000000000098,2013
2013-10-10 18:00:00,2013-10-13 21:00:00,10000.0,-7.6874999999995595,39.999999999995595,sell,1.35369,1.35329,441.9999999999868,27,10345.000000000098,2013
2013-10-13 21:00:00,2013-10-15 02:00:00,10000.0,-5.712499999999125,18.999999999991246,sell,1.35584,1.35565,389.00000000001705,29,10341.100000000097,2013
2013-10-15 02:00:00,2013-10-15 10:00:00,10000.0,-54.59999999999937,520.9999999999936,buy,1.35049,1.3557,63.999999999997385,8,10287.000000000098,2013
2013-10-17 17:00:00,2013-10-20 21:00:00,10000.0,-22.750000000000128,190.00000000000125,sell,1.36853,1.36663,184.00000000000637,28,10266.000000000104,2013
2013-10-20 21:00:00,2013-10-21 18:00:00,10000.0,-7.11250000000047,38.0000000000047,sell,1.36842,1.36804,39.999999999995595,21,10260.200000000104,2013
2013-10-21 18:00:00,2013-10-22 13:00:00,10000.0,40.71250000000116,-439.00000000001154,buy,1.37226,1.36787,612.0000000000125,19,10302.100000000106,2013
2013-10-22 13:00:00,2013-10-23 18:00:00,10000.0,24.08749999999848,-278.99999999998477,buy,1.37841,1.37562,430.99999999998136,29,10328.000000000104,2013
2013-10-23 18:00:00,2013-10-24 14:00:00,10000.0,-28.150000000001032,249.00000000001032,sell,1.38016,1.37767,234.00000000000085,20,10301.100000000102,2013
2013-10-24 14:00:00,2013-10-27 21:00:00,10000.0,-6.33750000000018,24.000000000001794,sell,1.38032,1.38008,287.9999999999993,31,10296.700000000103,2013
2013-10-27 21:00:00,2013-10-28 18:00:00,10000.0,9.087499999999078,-123.99999999999078,sell,1.37925,1.38049,245.99999999999065,21,10307.100000000099,2013
2013-10-28 18:00:00,2013-10-29 01:00:00,10000.0,-30.837499999999537,283.99999999999534,buy,1.37795,1.38079,106.99999999999042,7,10276.700000000099,2013
2013-10-29 01:00:00,2013-10-29 17:00:00,10000.0,-45.10000000000047,421.00000000000466,buy,1.37436,1.37857,46.99999999999704,16,10232.600000000099,2013
2013-10-29 21:00:00,2013-10-30 06:00:00,10000.0,0.3375000000012348,-29.000000000012346,sell,1.37411,1.3744,82.00000000000429,9,10233.500000000098,2013
2013-10-30 06:00:00,2013-10-30 19:00:00,10000.0,-23.712499999999253,208.9999999999925,buy,1.37247,1.37456,296.00000000000733,13,10210.6000000001,2013
2013-11-03 22:00:00,2013-11-05 06:00:00,10000.0,-17.79999999999937,137.99999999999366,sell,1.35016,1.34878,224.00000000000196,32,10194.800000000101,2013
2013-11-05 06:00:00,2013-11-05 14:00:00,10000.0,-35.80000000000055,333.0000000000055,buy,1.34652,1.34985,46.99999999999704,8,10159.5000000001,2013
2013-11-07 09:00:00,2013-11-07 13:00:00,10000.0,142.25000000000074,-1445.0000000000073,sell,1.3372,1.35165,1480.9999999999989,4,10302.0000000001,2013
2013-11-07 13:00:00,2013-11-07 19:00:00,10000.0,-103.5750000000013,1012.0000000000128,sell,1.34295,1.33283,112.00000000000098,6,10198.8000000001,2013
2013-11-07 19:00:00,2013-11-08 21:00:00,10000.0,60.475000000000264,-641.0000000000026,sell,1.3361,1.34251,764.9999999999934,26,10260.900000000098,2013
2013-11-10 22:00:00,2013-11-12 06:00:00,10000.0,-38.899999999999935,348.99999999999926,sell,1.33891,1.33542,266.999999999995,32,10224.0000000001,2013
2013-11-12 06:00:00,2013-11-12 14:00:00,10000.0,43.700000000000685,-462.0000000000068,buy,1.3434300000000001,1.33881,758.0000000000142,8,10268.200000000103,2013
2013-11-14 09:00:00,2013-11-15 15:00:00,10000.0,-60.37499999999933,564.9999999999933,sell,1.34962,1.34397,87.99999999999918,30,10209.700000000103,2013
2013-11-17 22:00:00,2013-11-18 15:00:00,10000.0,-51.26249999999824,481.9999999999824,sell,1.35374,1.3489200000000001,38.0000000000047,17,10159.500000000102,2013
2013-11-18 17:00:00,2013-11-20 00:00:00,10000.0,48.66250000000042,-526.0000000000042,buy,1.35617,1.35091,744.0000000000113,31,10210.100000000104,2013
2013-11-20 21:00:00,2013-11-22 06:00:00,10000.0,27.337500000001427,-314.00000000001427,buy,1.3470900000000001,1.34395,729.0000000000018,33,10239.500000000106,2013
2013-11-24 22:00:00,2013-11-25 10:00:00,10000.0,29.650000000001313,-324.00000000001313,sell,1.35185,1.3550900000000001,408.0000000000083,12,10269.900000000107,2013
2013-11-25 10:00:00,2013-11-26 09:00:00,10000.0,35.662500000000804,-391.00000000000796,buy,1.35532,1.35141,636.0000000000143,23,10307.000000000104,2013
2013-11-28 05:00:00,2013-11-28 10:00:00,10000.0,-21.112499999998818,187.99999999998815,sell,1.36014,1.35826,160.00000000000458,5,10286.200000000104,2013
2013-11-28 10:00:00,2013-11-29 21:00:00,10000.0,-0.2874999999988752,-39.00000000001125,sell,1.35856,1.35895,357.0000000000073,35,10288.100000000102,2013
2013-12-01 22:00:00,2013-12-02 11:00:00,10000.0,37.387500000001346,-402.0000000000134,sell,1.35459,1.35861,695.0000000000011,13,10326.300000000105,2013
2013-12-03 01:00:00,2013-12-03 12:00:00,10000.0,33.112499999999166,-357.99999999999164,buy,1.35717,1.35359,435.00000000000756,11,10360.100000000106,2013
2013-12-03 12:00:00,2013-12-04 10:00:00,10000.0,6.125000000000064,-95.00000000000063,buy,1.35853,1.35758,184.00000000000637,22,10367.600000000108,2013
2013-12-04 10:00:00,2013-12-04 14:00:00,10000.0,37.950000000001346,-402.0000000000134,sell,1.35482,1.35884,521.0000000000158,4,10405.80000000011,2013
2013-12-04 14:00:00,2013-12-04 18:00:00,10000.0,-59.04999999999907,567.9999999999907,sell,1.35958,1.3539,89.99999999999008,4,10347.000000000111,2013
2013-12-08 22:00:00,2013-12-09 10:00:00,10000.0,-11.249999999997954,84.99999999997954,sell,1.3719,1.37105,94.00000000001629,12,10336.500000000111,2013
2013-12-09 10:00:00,2013-12-10 03:00:00,10000.0,43.23750000000134,-463.00000000001336,buy,1.37575,1.37112,510.99999999999477,17,10380.80000000011,2013
2013-12-10 03:00:00,2013-12-11 10:00:00,10000.0,-1.8374999999995654,-21.00000000000435,buy,1.37572,1.37551,175.99999999999835,31,10380.900000000116,2013
2013-12-11 10:00:00,2013-12-11 18:00:00,10000.0,-43.49999999999993,409.9999999999992,sell,1.3804,1.3763,62.999999999990834,8,10337.900000000118,2013
2013-12-11 18:00:00,2013-12-12 19:00:00,10000.0,46.13750000000141,-497.00000000001404,sell,1.37404,1.37901,624.0000000000023,25,10385.600000000117,2013
2013-12-15 22:00:00,2013-12-16 11:00:00,10000.0,-43.81249999999993,409.9999999999992,sell,1.3776599999999999,1.37356,71.00000000002105,13,10342.600000000117,2013
2013-12-16 17:00:00,2013-12-18 14:00:00,10000.0,-10.912499999999994,60.999999999999936,buy,1.37411,1.37472,184.9999999999907,45,10334.500000000116,2013
2013-12-18 14:00:00,2013-12-18 20:00:00,10000.0,2.9249999999991942,-52.999999999991935,sell,1.37586,1.37639,522.9999999999845,6,10337.800000000116,2013
2013-12-18 20:00:00,2013-12-20 21:00:00,10000.0,5.9374999999987885,-109.99999999998788,sell,1.3681,1.3692,278.00000000000045,49,10346.800000000112,2013
2013-12-22 22:00:00,2013-12-23 18:00:00,10000.0,-33.25000000000114,300.00000000001137,sell,1.37009,1.36709,154.99999999999403,20,10314.800000000114,2013
2013-12-23 18:00:00,2013-12-24 15:00:00,10000.0,-39.912499999999966,365.9999999999996,buy,1.36615,1.36981,70.99999999999883,21,10276.200000000115,2013
2013-12-26 17:00:00,2013-12-27 03:00:00,10000.0,28.475000000001682,-311.00000000001677,buy,1.37227,1.36916,402.0000000000134,10,10305.300000000118,2013
2014-01-02 13:00:00,2014-01-03 21:00:00,10000.0,61.00000000000172,-650.0000000000172,sell,1.35841,1.36491,921.0000000000161,32,10063.000000000004,2014
2014-01-05 22:00:00,2014-01-06 16:00:00,10000.0,-49.92499999999795,467.9999999999795,sell,1.36438,1.3597000000000001,24.000000000001794,18,10014.200000000004,2014
2014-01-06 16:00:00,2014-01-08 18:00:00,10000.0,56.07499999999904,-611.9999999999902,sell,1.35718,1.3633,839.9999999999962,50,10073.399999999998,2014
2014-01-09 13:00:00,2014-01-10 06:00:00,10000.0,39.837499999999054,-428.99999999999045,buy,1.36116,1.35687,630.9999999999815,17,10114.299999999994,2014
2014-01-12 22:00:00,2014-01-14 10:00:00,10000.0,-14.749999999999954,104.99999999999953,sell,1.36745,1.3664,242.9999999999932,36,10101.799999999992,2014
2014-01-14 10:00:00,2014-01-15 04:00:00,10000.0,-47.02499999999894,438.99999999998937,buy,1.36328,1.36767,60.00000000001559,18,10055.899999999994,2014
2014-01-16 21:00:00,2014-01-17 16:00:00,10000.0,54.71250000000184,-579.0000000000183,sell,1.3558999999999999,1.36169,616.0000000000165,19,10111.799999999997,2014
2014-01-19 22:00:00,2014-01-22 04:00:00,10000.0,-44.77499999999833,393.99999999998323,sell,1.35692,1.35298,103.00000000000863,54,10070.400000000005,2014
2014-01-22 17:00:00,2014-01-23 09:00:00,10000.0,-84.99999999999986,819.9999999999984,sell,1.36301,1.35481,109.00000000000352,16,9986.400000000003,2014
2014-01-23 09:00:00,2014-01-23 20:00:00,10000.0,-62.38750000000031,597.0000000000031,sell,1.36962,1.36365,17.999999999984695,11,9924.7,2014
2014-01-23 20:00:00,2014-01-24 21:00:00,10000.0,13.937500000001403,-175.000000000014,sell,1.36774,1.36949,618.0000000000074,25,9940.200000000003,2014
2014-01-26 22:00:00,2014-01-27 18:00:00,10000.0,-3.149999999999345,-1.0000000000065512,sell,1.36778,1.36779,384.00000000000654,20,9938.300000000001,2014
2014-01-27 18:00:00,2014-01-29 10:00:00,10000.0,-7.30000000000058,28.000000000005794,buy,1.3671,1.36738,429.99999999999704,40,9933.500000000005,2014
2014-01-29 10:00:00,2014-01-29 13:00:00,10000.0,32.712499999999935,-348.99999999999926,sell,1.36391,1.3674,426.00000000001523,3,9966.400000000005,2014
2014-01-29 13:00:00,2014-01-30 13:00:00,10000.0,47.40000000000039,-509.00000000000387,sell,1.35871,1.3638000000000001,891.9999999999816,24,10015.300000000005,2014
2014-01-30 13:00:00,2014-01-31 13:00:00,10000.0,53.500000000000384,-570.0000000000038,sell,1.35244,1.3581400000000001,636.9999999999986,24,10070.3,2014
2014-02-02 22:00:00,2014-02-04 06:00:00,10000.0,-40.89999999999971,368.9999999999971,sell,1.35204,1.34835,147.0000000000082,32,10031.399999999998,2014
2014-02-04 06:00:00,2014-02-06 13:00:00,10000.0,-38.037500000000406,326.00000000000404,buy,1.34985,1.35311,103.00000000000863,55,9996.799999999996,2014
2014-02-06 21:00:00,2014-02-07 21:00:00,10000.0,-54.500000000001044,510.0000000000104,sell,1.36386,1.35876,-12.000000000012,24,9943.799999999992,2014
2014-02-09 22:00:00,2014-02-10 18:00:00,10000.0,-28.350000000000122,251.0000000000012,sell,1.36432,1.36181,79.00000000000684,20,9916.69999999999,2014
2014-02-10 18:00:00,2014-02-11 13:00:00,10000.0,27.412500000000627,-306.00000000000625,buy,1.36731,1.36425,424.0000000000021,19,9945.29999999999,2014
2014-02-13 05:00:00,2014-02-13 10:00:00,10000.0,-62.91249999999954,605.9999999999953,sell,1.36747,1.36141,113.00000000000753,5,9882.69999999999,2014
2014-02-13 10:00:00,2014-02-14 21:00:00,10000.0,-40.8874999999984,366.99999999998397,sell,1.37001,1.36634,143.00000000000423,35,9843.99999999999,2014
2014-02-16 22:00:00,2014-02-17 10:00:00,10000.0,-6.7499999999995595,39.999999999995595,sell,1.37018,1.36978,219.0000000000136,12,9837.999999999993,2014
2014-02-17 10:00:00,2014-02-18 15:00:00,10000.0,42.187499999999375,-459.9999999999937,buy,1.3756,1.371,644.0000000000001,29,9881.999999999993,2014
2014-02-20 09:00:00,2014-02-21 15:00:00,10000.0,-49.775000000000944,459.0000000000094,sell,1.3745,1.36991,58.999999999986834,30,9834.099999999988,2014
2014-02-23 22:00:00,2014-02-24 18:00:00,10000.0,-4.950000000000035,17.000000000000348,sell,1.37376,1.37359,326.9999999999884,20,9830.399999999987,2014
2014-02-24 18:00:00,2014-02-26 14:00:00,10000.0,-26.949999999998887,221.99999999998886,buy,1.3717300000000001,1.37395,64.0000000000196,44,9806.199999999986,2014
2014-02-26 14:00:00,2014-02-27 06:00:00,10000.0,-13.599999999998388,105.99999999998387,sell,1.36889,1.36783,62.00000000000649,16,9793.59999999999,2014
2014-02-27 06:00:00,2014-02-27 09:00:00,10000.0,-32.08749999999826,298.9999999999826,buy,1.36583,1.36882,77.00000000001594,3,9761.699999999992,2014
2014-02-27 17:00:00,2014-02-28 06:00:00,10000.0,-18.612499999999148,157.99999999999147,buy,1.36961,1.37119,25.999999999992692,13,9743.899999999992,2014
2014-03-02 22:00:00,2014-03-03 18:00:00,10000.0,30.750000000000696,-340.00000000000693,sell,1.37372,1.3771200000000001,548.9999999999994,20,9775.899999999994,2014
2014-03-03 18:00:00,2014-03-06 10:00:00,10000.0,-12.699999999999484,66.99999999999484,buy,1.3732,1.37387,252.00000000000776,64,9767.199999999993,2014
2014-03-06 10:00:00,2014-03-06 13:00:00,10000.0,-18.387499999999548,161.99999999999548,sell,1.37525,1.3736300000000001,160.99999999998892,3,9748.999999999995,2014
2014-03-06 13:00:00,2014-03-07 10:00:00,10000.0,-71.4124999999976,680.999999999976,sell,1.3880299999999999,1.3812200000000001,30.000000000018897,21,9678.899999999996,2014
2014-03-09 21:00:00,2014-03-10 10:00:00,10000.0,-8.21249999999985,53.99999999999849,sell,1.3875899999999999,1.38705,215.0000000000096,13,9671.499999999996,2014
2014-03-10 10:00:00,2014-03-11 12:00:00,10000.0,-30.825000000000557,272.00000000000557,buy,1.3848,1.38752,147.0000000000082,26,9642.3,2014
2014-03-12 09:00:00,2014-03-12 13:00:00,10000.0,-39.14999999999971,368.9999999999971,sell,1.38937,1.38568,113.99999999999187,4,9603.4,2014
2014-03-12 13:00:00,2014-03-13 05:00:00,10000.0,-56.600000000000314,536.0000000000031,sell,1.3944,1.38904,38.99999999998904,16,9547.799999999997,2014
2014-03-13 05:00:00,2014-03-13 17:00:00,10000.0,37.049999999998725,-397.9999999999872,sell,1.38965,1.39363,696.999999999992,12,9585.599999999997,2014
2014-03-16 21:00:00,2014-03-17 22:00:00,10000.0,-14.862499999998533,112.99999999998532,sell,1.39221,1.39108,249.99999999999466,25,9572.299999999996,2014
2014-03-17 22:00:00,2014-03-18 11:00:00,10000.0,-28.912500000000012,261.0000000000001,buy,1.39008,1.39269,116.00000000000497,13,9544.199999999999,2014
2014-03-19 13:00:00,2014-03-19 19:00:00,10000.0,-94.8749999999998,924.999999999998,buy,1.38254,1.39179,0.0,6,9449.699999999999,2014
2014-03-19 19:00:00,2014-03-20 10:00:00,10000.0,-40.0374999999988,370.99999999998795,buy,1.37952,1.38323,32.0000000000098,15,9410.599999999997,2014
2014-03-20 10:00:00,2014-03-21 02:00:00,10000.0,-25.899999999999032,228.9999999999903,sell,1.37834,1.37605,68.00000000000139,16,9385.7,2014
2014-03-23 21:00:00,2014-03-24 18:00:00,10000.0,-80.21249999999975,768.9999999999974,sell,1.38752,1.3798300000000001,-1.0000000000065512,21,9306.800000000005,2014
2014-03-25 05:00:00,2014-03-25 13:00:00,10000.0,-40.3999999999996,378.99999999999596,buy,1.37897,1.38276,60.999999999999936,8,9266.900000000005,2014
2014-03-25 13:00:00,2014-03-27 17:00:00,10000.0,-48.94999999999985,436.99999999999847,buy,1.37405,1.37842,126.00000000000388,52,9221.200000000008,2014
2014-03-27 17:00:00,2014-03-30 21:00:00,10000.0,-13.849999999999554,100.99999999999552,sell,1.37536,1.37435,196.00000000001836,28,9209.10000000001,2014
2014-03-30 21:00:00,2014-03-31 11:00:00,10000.0,-52.7750000000005,499.00000000000495,sell,1.37996,1.37497,-12.000000000012,14,9157.200000000008,2014
2014-03-31 11:00:00,2014-04-03 14:00:00,10000.0,63.312500000001165,-700.0000000000117,sell,1.37195,1.3789500000000001,1004.0000000000048,75,9225.200000000013,2014
2014-04-03 14:00:00,2014-04-06 21:00:00,10000.0,6.762500000001264,-107.00000000001263,sell,1.37021,1.37128,287.000000000015,31,9233.900000000018,2014
2014-04-06 21:00:00,2014-04-07 14:00:00,10000.0,-49.062499999999375,459.9999999999937,sell,1.37423,1.3696300000000001,31.000000000003244,17,9185.900000000012,2014
2014-04-07 14:00:00,2014-04-08 02:00:00,10000.0,-9.14999999999974,63.999999999997385,sell,1.37453,1.37389,28.000000000005794,12,9177.500000000015,2014
2014-04-08 02:00:00,2014-04-08 09:00:00,10000.0,19.662499999998232,-220.9999999999823,buy,1.37665,1.37444,297.99999999999824,7,9197.600000000013,2014
2014-04-09 13:00:00,2014-04-09 19:00:00,10000.0,33.52500000000204,-359.0000000000204,buy,1.38508,1.3814899999999999,540.000000000007,6,9231.500000000016,2014
2014-04-09 19:00:00,2014-04-10 10:00:00,10000.0,6.562500000000064,-95.00000000000063,buy,1.38673,1.38578,320.00000000000915,15,9239.000000000016,2014
2014-04-13 21:00:00,2014-04-14 13:00:00,10000.0,36.199999999999235,-391.9999999999923,sell,1.38178,1.3857,446.9999999999974,16,9276.200000000017,2014
2014-04-14 13:00:00,2014-04-14 18:00:00,10000.0,-4.51250000000109,22.000000000010896,sell,1.3824,1.38218,48.999999999987935,5,9272.000000000018,2014
2014-04-14 18:00:00,2014-04-16 18:00:00,10000.0,-4.80000000000091,-1.9999999999908977,buy,1.38225,1.38223,336.00000000000296,48,9270.20000000002,2014
2014-04-16 18:00:00,2014-04-17 10:00:00,10000.0,-45.69999999999996,426.99999999999955,sell,1.38608,1.38181,32.0000000000098,16,9225.500000000018,2014
2014-04-17 10:00:00,2014-04-17 17:00:00,10000.0,27.362499999999827,-297.99999999999824,sell,1.38204,1.38502,422.0000000000112,7,9253.300000000017,2014
2014-04-20 21:00:00,2014-04-21 16:00:00,10000.0,17.512500000000163,-207.00000000000162,sell,1.37914,1.38121,387.000000000004,19,9272.000000000016,2014
2014-04-22 17:00:00,2014-04-23 09:00:00,10000.0,38.80000000000072,-418.0000000000072,buy,1.3845,1.38032,467.00000000001734,16,9311.800000000014,2014
2014-04-23 21:00:00,2014-04-24 10:00:00,10000.0,-16.01249999999988,131.99999999999878,sell,1.38284,1.38152,130.9999999999922,13,9296.600000000015,2014
2014-04-24 10:00:00,2014-04-24 18:00:00,10000.0,0.9000000000000696,-34.000000000000696,buy,1.38231,1.38197,322.00000000000006,8,9298.000000000015,2014
2014-04-24 18:00:00,2014-04-27 21:00:00,10000.0,-11.68750000000134,80.00000000001339,sell,1.38324,1.38244,156.00000000000057,27,9288.000000000013,2014
2014-04-27 21:00:00,2014-04-28 06:00:00,10000.0,-22.262499999998052,196.9999999999805,buy,1.38203,1.384,60.999999999999936,9,9266.300000000012,2014
2014-04-28 06:00:00,2014-04-28 08:00:00,10000.0,-33.12500000000102,310.00000000001023,sell,1.38673,1.38363,75.00000000000284,2,9233.30000000001,2014
2014-04-28 21:00:00,2014-04-29 13:00:00,10000.0,-28.299999999999212,252.9999999999921,buy,1.38259,1.38512,148.99999999999912,16,9206.00000000001,2014
2014-04-29 13:00:00,2014-04-30 10:00:00,10000.0,-4.812499999998725,14.999999999987244,buy,1.38213,1.38228,543.0000000000045,21,9202.500000000013,2014
2014-05-01 13:00:00,2014-05-02 13:00:00,10000.0,35.40000000000171,-389.00000000001705,sell,1.38289,1.3867800000000001,476.0000000000097,24,9239.400000000012,2014
2014-05-04 21:00:00,2014-05-05 22:00:00,10000.0,-8.56250000000167,50.00000000001669,sell,1.38752,1.38702,103.99999999999298,25,9232.400000000007,2014
2014-05-05 22:00:00,2014-05-06 08:00:00,10000.0,41.47500000000025,-441.00000000000244,buy,1.3919300000000001,1.38752,477.00000000001626,10,9274.500000000007,2014
2014-05-06 09:00:00,2014-05-07 18:00:00,10000.0,-16.4625000000013,124.00000000001297,buy,1.39146,1.3927,34.000000000000696,33,9260.100000000008,2014
2014-05-07 18:00:00,2014-05-08 10:00:00,10000.0,-33.79999999999971,307.99999999999716,sell,1.39446,1.39138,24.000000000001794,16,9227.300000000008,2014
2014-05-08 10:00:00,2014-05-08 13:00:00,10000.0,30.6124999999995,-327.99999999999494,sell,1.39101,1.39429,826.9999999999999,3,9258.100000000008,2014
2014-05-11 21:00:00,2014-05-13 06:00:00,10000.0,-9.86250000000025,58.00000000000249,sell,1.37623,1.37565,121.99999999999987,33,9250.300000000007,2014
2014-05-13 06:00:00,2014-05-13 10:00:00,10000.0,-18.149999999999803,158.999999999998,buy,1.37456,1.37615,60.999999999999936,4,9232.400000000007,2014
2014-05-13 10:00:00,2014-05-13 22:00:00,10000.0,-16.650000000000023,139.00000000000023,buy,1.37011,1.3715,127.99999999999477,12,9216.500000000007,2014
2014-05-13 22:00:00,2014-05-15 09:00:00,10000.0,27.812500000000917,-320.00000000000915,sell,1.3671,1.3703,595.0000000000122,35,9246.500000000004,2014
2014-05-15 17:00:00,2014-05-18 21:00:00,10000.0,16.050000000000928,-198.00000000000927,sell,1.36948,1.3714600000000001,316.0000000000051,28,9264.299999999997,2014
2014-05-18 21:00:00,2014-05-19 15:00:00,10000.0,-27.824999999999722,246.99999999999721,sell,1.37197,1.3695,141.00000000001333,18,9237.6,2014
2014-05-20 21:00:00,2014-05-21 13:00:00,10000.0,32.799999999999166,-357.99999999999164,sell,1.36622,1.3698,607.0000000000019,16,9271.399999999996,2014
2014-05-21 17:00:00,2014-05-23 09:00:00,10000.0,38.70000000000101,-432.0000000000101,sell,1.36215,1.36647,663.0000000000135,40,9312.599999999997,2014
2014-05-25 21:00:00,2014-05-27 01:00:00,10000.0,-50.84999999999992,470.99999999999915,sell,1.36679,1.36208,2.0000000000131024,28,9263.499999999996,2014
2014-05-27 01:00:00,2014-05-27 10:00:00,10000.0,-22.462499999999363,198.9999999999936,buy,1.36444,1.36643,70.0000000000145,9,9241.6,2014
2014-06-02 05:00:00,2014-06-02 08:00:00,10000.0,22.312500000000632,-245.0000000000063,sell,1.36066,1.36311,290.00000000001245,3,9264.1,2014
2014-06-02 08:00:00,2014-06-03 10:00:00,10000.0,-19.22500000000006,156.00000000000057,sell,1.36104,1.35948,170.9999999999878,26,9246.499999999995,2014
2014-06-03 10:00:00,2014-06-03 13:00:00,10000.0,24.712500000000812,-269.0000000000081,buy,1.36339,1.3607,299.0000000000048,3,9271.399999999996,2014
2014-06-04 01:00:00,2014-06-05 12:00:00,10000.0,40.21249999999999,-443.9999999999999,sell,1.35704,1.36148,713.000000000008,35,9313.799999999997,2014
2014-06-05 12:00:00,2014-06-05 15:00:00,10000.0,-83.18749999999996,809.9999999999995,sell,1.36168,1.35358,364.00000000000875,3,9230.799999999997,2014
2014-06-08 21:00:00,2014-06-09 14:00:00,10000.0,53.63750000000064,-567.0000000000064,sell,1.35867,1.36434,814.0000000000035,17,9285.499999999995,2014
2014-06-09 14:00:00,2014-06-10 10:00:00,10000.0,42.25000000000054,-455.00000000000534,sell,1.35445,1.359,570.0000000000038,20,9328.999999999995,2014
2014-06-10 17:00:00,2014-06-11 10:00:00,10000.0,-12.262500000000319,92.00000000000318,buy,1.35289,1.35381,78.99999999998464,17,9317.799999999996,2014
2014-06-11 10:00:00,2014-06-12 16:00:00,10000.0,-28.574999999999722,246.99999999999721,sell,1.3556,1.35313,94.00000000001629,30,9291.1,2014
2014-06-12 16:00:00,2014-06-15 21:00:00,10000.0,2.6875000000003944,-65.00000000000394,sell,1.35395,1.3546,388.0000000000105,29,9295.600000000002,2014
2014-06-15 21:00:00,2014-06-16 15:00:00,10000.0,-40.82499999999829,376.9999999999829,sell,1.35726,1.35349,-10.999999999983244,18,9255.900000000001,2014
2014-06-16 15:00:00,2014-06-17 10:00:00,10000.0,7.012500000000209,-102.00000000000207,sell,1.35643,1.35745,224.00000000000196,19,9264.100000000004,2014
2014-06-17 10:00:00,2014-06-18 18:00:00,10000.0,1.3000000000014147,-53.00000000001414,buy,1.35722,1.35669,364.00000000000875,32,9267.400000000003,2014
2014-06-18 18:00:00,2014-06-19 07:00:00,10000.0,-71.61249999999997,687.9999999999997,sell,1.36253,1.35565,19.999999999997797,13,9196.600000000004,2014
2014-06-19 07:00:00,2014-06-20 13:00:00,10000.0,37.12499999999993,-409.9999999999992,sell,1.35752,1.36162,678.0000000000008,30,9235.600000000013,2014
2014-06-22 21:00:00,2014-06-24 10:00:00,10000.0,-34.61249999999866,302.9999999999866,sell,1.36221,1.35918,31.000000000003244,37,9203.300000000017,2014
2014-06-24 10:00:00,2014-06-24 16:00:00,10000.0,-40.2749999999996,378.99999999999596,buy,1.35853,1.36232,22.999999999995243,6,9163.400000000016,2014
2014-06-25 17:00:00,2014-06-26 13:00:00,10000.0,-45.249999999999815,419.9999999999981,buy,1.3595,1.3637,0.9999999999843466,20,9119.400000000016,2014
2014-06-26 13:00:00,2014-06-27 03:00:00,10000.0,29.725000000000406,-326.00000000000404,buy,1.36215,1.35889,394.0000000000054,14,9150.000000000013,2014
2014-06-29 21:00:00,2014-06-30 15:00:00,10000.0,-52.32500000000036,492.0000000000035,sell,1.36925,1.36433,-9.999999999998899,18,9098.80000000001,2014
2014-07-02 01:00:00,2014-07-02 09:00:00,10000.0,15.799999999999983,-182.9999999999998,sell,1.36575,1.36758,231.99999999998775,8,9115.10000000001,2014
2014-07-02 13:00:00,2014-07-03 13:00:00,10000.0,43.300000000000175,-468.0000000000017,sell,1.36037,1.36505,600.0000000000005,24,9159.900000000012,2014
2014-07-03 13:00:00,2014-07-06 21:00:00,10000.0,2.3000000000013046,-63.00000000001304,sell,1.35943,1.36006,259.0000000000092,32,9164.200000000017,2014
2014-07-06 21:00:00,2014-07-07 18:00:00,10000.0,-19.912499999999948,165.99999999999946,sell,1.36072,1.35906,15.000000000009448,21,9145.600000000017,2014
2014-07-07 18:00:00,2014-07-09 14:00:00,10000.0,3.750000000000174,-85.00000000000173,buy,1.36166,1.36081,289.0000000000059,44,9152.100000000019,2014
2014-07-09 14:00:00,2014-07-10 12:00:00,10000.0,26.32499999999917,-296.9999999999917,sell,1.36074,1.36371,428.99999999999045,22,9179.800000000017,2014
2014-07-10 12:00:00,2014-07-13 21:00:00,10000.0,1.2375000000014147,-53.00000000001414,sell,1.36041,1.36094,199.0000000000158,33,9183.100000000011,2014
2014-07-13 21:00:00,2014-07-14 08:00:00,10000.0,-36.08750000000121,334.00000000001205,sell,1.36359,1.36025,37.99999999998249,11,9147.700000000012,2014
2014-07-14 08:00:00,2014-07-15 10:00:00,10000.0,23.974999999998737,-275.9999999999873,sell,1.35989,1.36265,319.9999999999869,26,9173.300000000008,2014
2014-07-16 17:00:00,2014-07-20 21:00:00,10000.0,-6.3499999999983245,10.999999999983244,sell,1.3522399999999999,1.35213,169.00000000001913,52,9170.200000000012,2014
2014-07-20 21:00:00,2014-07-22 09:00:00,10000.0,35.350000000001856,-396.00000000001853,sell,1.34872,1.35268,615.0000000000099,36,9207.80000000001,2014
2014-07-23 13:00:00,2014-07-25 13:00:00,10000.0,27.70000000000106,-327.0000000000106,sell,1.34344,1.34671,500.99999999999585,48,9238.500000000013,2014
2014-07-27 21:00:00,2014-07-29 10:00:00,10000.0,-11.11250000000014,68.00000000000139,sell,1.34364,1.34296,76.0000000000094,37,9229.700000000012,2014
2014-07-29 10:00:00,2014-07-29 13:00:00,10000.0,-24.187499999999797,219.99999999999795,buy,1.34146,1.34366,23.000000000017447,3,9205.700000000012,2014
2014-07-29 21:00:00,2014-07-30 13:00:00,10000.0,26.600000000000737,-296.00000000000733,sell,1.3377999999999999,1.34076,368.00000000001273,16,9233.30000000001,2014
2014-08-03 21:00:00,2014-08-04 22:00:00,10000.0,-0.7624999999994204,-28.000000000005794,sell,1.3422,1.3424800000000001,86.99999999999262,25,9234.100000000019,2014
2014-08-04 22:00:00,2014-08-05 08:00:00,10000.0,-18.62500000000046,160.00000000000458,buy,1.3406,1.3422,52.00000000000759,10,9216.100000000019,2014
2014-08-05 08:00:00,2014-08-05 15:00:00,10000.0,-29.537499999999902,270.999999999999,buy,1.33666,1.33937,89.00000000000573,7,9187.000000000018,2014
2014-08-07 21:00:00,2014-08-08 07:00:00,10000.0,-39.12499999999931,364.99999999999307,sell,1.33955,1.3359,119.00000000000243,10,9148.500000000016,2014
2014-08-10 21:00:00,2014-08-11 18:00:00,10000.0,12.887499999999548,-161.99999999999548,sell,1.33873,1.34035,207.00000000000162,21,9162.700000000019,2014
2014-08-11 18:00:00,2014-08-12 09:00:00,10000.0,-36.33749999999898,333.9999999999898,buy,1.33495,1.33829,-11.999999999989795,15,9127.300000000023,2014
2014-08-13 17:00:00,2014-08-17 21:00:00,10000.0,-36.34999999999946,310.9999999999946,sell,1.33975,1.33664,140.00000000000676,52,9094.20000000002,2014
2014-08-17 21:00:00,2014-08-18 18:00:00,10000.0,20.087500000000087,-234.00000000000085,sell,1.33651,1.33885,334.99999999999636,21,9115.600000000024,2014
2014-08-18 18:00:00,2014-08-19 13:00:00,10000.0,-43.38749999999912,401.99999999999125,buy,1.3322,1.33622,39.999999999995595,19,9073.400000000027,2014
2014-08-20 17:00:00,2014-08-20 21:00:00,10000.0,25.050000000001212,-273.0000000000121,sell,1.32594,1.32867,293.0000000000099,4,9098.700000000028,2014
2014-08-20 21:00:00,2014-08-22 06:00:00,10000.0,-38.16249999999913,340.9999999999913,sell,1.32904,1.32563,15.000000000009448,33,9062.600000000031,2014
2014-08-24 21:00:00,2014-08-31 21:00:00,10000.0,47.599999999998815,-570.9999999999882,sell,1.31316,1.31887,886.9999999999933,120,9117.700000000033,2014
2014-08-31 21:00:00,2014-09-02 10:00:00,10000.0,9.687500000000679,-140.00000000000676,sell,1.31135,1.31275,313.99999999999204,37,9129.700000000032,2014
2014-09-02 10:00:00,2014-09-03 11:00:00,10000.0,26.13749999999917,-296.9999999999917,buy,1.31469,1.31172,358.9999999999982,25,9157.400000000029,2014
2014-09-04 17:00:00,2014-09-07 21:00:00,10000.0,-4.35000000000171,6.000000000017102,sell,1.29499,1.29493,357.99999999999164,28,9154.80000000003,2014
2014-09-07 21:00:00,2014-09-08 18:00:00,10000.0,40.18750000000076,-435.00000000000756,sell,1.29086,1.29521,499.00000000000495,21,9196.300000000027,2014
2014-09-08 18:00:00,2014-09-09 02:00:00,10000.0,8.100000000000609,-106.00000000000608,sell,1.28941,1.29047,134.00000000001188,8,9204.900000000027,2014
2014-09-09 02:00:00,2014-09-09 20:00:00,10000.0,61.07500000000093,-642.0000000000092,buy,1.29467,1.28825,879.0000000000075,18,9267.100000000026,2014
2014-09-11 13:00:00,2014-09-14 21:00:00,10000.0,-37.799999999999386,337.99999999999386,sell,1.29632,1.29294,153.00000000000313,32,9231.30000000002,2014
2014-09-14 21:00:00,2014-09-17 19:00:00,10000.0,41.12500000000032,-475.0000000000032,sell,1.29185,1.2966,761.9999999999959,70,9276.800000000021,2014
2014-09-17 19:00:00,2014-09-21 21:00:00,10000.0,37.17499999999956,-422.99999999999557,sell,1.28304,1.28727,992.9999999999993,50,9317.100000000022,2014
2014-09-21 21:00:00,2014-09-23 06:00:00,10000.0,-29.862500000000267,258.0000000000027,sell,1.28515,1.28257,158.999999999998,33,9289.300000000021,2014
2014-09-23 06:00:00,2014-09-23 09:00:00,10000.0,28.212499999999316,-303.9999999999931,buy,1.28795,1.28491,324.9999999999975,3,9317.70000000002,2014
2014-09-24 21:00:00,2014-09-25 07:00:00,10000.0,-47.524999999998826,448.99999999998823,buy,1.2734400000000001,1.27793,45.00000000000614,10,9270.800000000023,2014
2014-09-25 07:00:00,2014-09-26 10:00:00,10000.0,22.212499999998702,-258.999999999987,buy,1.27436,1.27177,478.0000000000006,27,9294.700000000019,2014
2014-09-28 21:00:00,2014-09-30 10:00:00,10000.0,75.38750000000033,-797.0000000000032,sell,1.25991,1.2678800000000001,1152.9999999999818,37,9372.40000000002,2014
2014-09-30 10:00:00,2014-10-01 22:00:00,10000.0,17.049999999999653,-212.9999999999965,buy,1.26155,1.25942,445.9999999999908,36,9391.700000000019,2014
2014-10-01 22:00:00,2014-10-02 04:00:00,10000.0,-42.974999999999525,405.9999999999952,sell,1.2661,1.26204,127.00000000001043,6,9349.100000000019,2014
2014-10-02 04:00:00,2014-10-03 13:00:00,10000.0,111.23750000000041,-1153.0000000000039,sell,1.25411,1.26564,1571.9999999999955,33,9462.40000000002,2014
2014-10-05 21:00:00,2014-10-06 11:00:00,10000.0,-47.774999999998826,448.99999999998823,sell,1.25535,1.25086,46.00000000001269,14,9415.500000000024,2014
2014-10-06 11:00:00,2014-10-06 18:00:00,10000.0,-35.83749999999898,333.9999999999898,sell,1.25979,1.25645,83.00000000001084,7,9380.100000000024,2014
2014-10-08 13:00:00,2014-10-08 19:00:00,10000.0,-66.17500000000052,638.0000000000052,sell,1.27328,1.2669,157.00000000000713,6,9314.300000000023,2014
2014-10-08 19:00:00,2014-10-10 12:00:00,10000.0,83.8374999999996,-883.9999999999958,sell,1.26502,1.27386,1405.9999999999961,41,9400.700000000023,2014
2014-10-12 21:00:00,2014-10-13 02:00:00,10000.0,-65.11249999999842,627.9999999999841,sell,1.26893,1.26265,-6.999999999979244,5,9335.900000000023,2014
2014-10-13 02:00:00,2014-10-13 21:00:00,10000.0,-65.98749999999842,627.9999999999841,sell,1.27534,1.26906,70.99999999999883,19,9271.100000000026,2014
2014-10-15 13:00:00,2014-10-19 21:00:00,10000.0,9.300000000001479,-148.00000000001478,sell,1.2758099999999999,1.27729,861.0000000000006,56,9283.900000000023,2014
2014-10-19 21:00:00,2014-10-21 05:00:00,10000.0,-75.89999999999807,718.9999999999807,sell,1.28242,1.27523,-0.9999999999843466,32,9210.000000000025,2014
2014-10-22 21:00:00,2014-10-24 15:00:00,10000.0,-33.42499999999994,287.9999999999993,sell,1.26702,1.26414,249.99999999999466,42,9179.200000000023,2014
2014-10-26 21:00:00,2014-10-27 15:00:00,10000.0,-41.425,383.0,sell,1.27097,1.26714,133.00000000000531,18,9138.900000000023,2014
2014-10-27 21:00:00,2014-10-28 13:00:00,10000.0,42.399999999999885,-453.9999999999988,buy,1.27437,1.26983,594.9999999999899,16,9182.300000000023,2014
2014-10-29 21:00:00,2014-10-30 09:00:00,10000.0,-69.44999999999953,666.9999999999953,buy,1.25711,1.26378,151.99999999999656,12,9113.600000000024,2014
2014-10-30 09:00:00,2014-10-30 18:00:00,10000.0,17.237499999998708,-197.99999999998707,buy,1.26067,1.25869,634.9999999999856,9,9131.400000000023,2014
2014-10-30 18:00:00,2014-10-31 13:00:00,10000.0,82.61250000000032,-858.0000000000032,sell,1.25238,1.26096,927.9999999999955,19,9215.200000000024,2014
2014-11-02 22:00:00,2014-11-04 10:00:00,10000.0,-10.64999999999974,63.999999999997385,sell,1.25122,1.25058,181.99999999999326,36,9206.800000000021,2014
2014-11-04 10:00:00,2014-11-05 11:00:00,10000.0,-42.162499999999746,385.99999999999744,buy,1.24851,1.25237,109.00000000000352,25,9166.200000000019,2014
2014-11-06 17:00:00,2014-11-07 21:00:00,10000.0,-63.249999999999,594.9999999999899,sell,1.24546,1.2395100000000001,147.0000000000082,28,9104.700000000023,2014
2014-11-09 22:00:00,2014-11-11 02:00:00,10000.0,22.150000000000922,-259.0000000000092,sell,1.24351,1.2461,737.0000000000098,28,9128.600000000022,2014
2014-11-11 02:00:00,2014-11-11 09:00:00,10000.0,-33.53749999999946,310.9999999999946,buy,1.2409000000000001,1.24401,146.00000000000168,7,9095.500000000022,2014
2014-11-12 01:00:00,2014-11-12 10:00:00,10000.0,-28.962499999999757,263.99999999999756,buy,1.24371,1.24635,76.0000000000094,9,9067.100000000022,2014
2014-11-12 10:00:00,2014-11-14 18:00:00,10000.0,-58.69999999999992,531.9999999999991,sell,1.25156,1.24624,276.9999999999939,56,9011.900000000029,2014
2014-11-16 22:00:00,2014-11-17 17:00:00,10000.0,64.71249999999851,-678.9999999999851,sell,1.24476,1.25155,1290.9999999999975,19,9077.800000000028,2014
2014-11-19 21:00:00,2014-11-21 09:00:00,10000.0,78.65000000000131,-829.000000000013,sell,1.24671,1.2550000000000001,1076.0000000000102,36,9158.700000000028,2014
2014-11-23 22:00:00,2014-11-24 16:00:00,10000.0,-71.82499999999932,686.9999999999931,sell,1.2437799999999999,1.23691,16.000000000016,18,9088.000000000033,2014
2014-11-25 05:00:00,2014-11-25 16:00:00,10000.0,51.512499999999804,-541.999999999998,buy,1.24824,1.24282,849.9999999999951,11,9140.200000000033,2014
2014-11-26 21:00:00,2014-11-27 10:00:00,10000.0,-44.612499999998505,417.999999999985,buy,1.24652,1.2507,6.000000000017102,13,9096.400000000032,2014
2014-11-27 10:00:00,2014-11-28 21:00:00,10000.0,25.512500000001392,-297.00000000001387,sell,1.24409,1.24706,571.0000000000103,35,9124.100000000033,2014
2014-11-30 22:00:00,2014-12-01 15:00:00,10000.0,-59.86249999999907,567.9999999999907,sell,1.25006,1.24438,53.99999999999849,17,9065.300000000034,2014
2014-12-03 17:00:00,2014-12-04 14:00:00,10000.0,-98.81249999999947,954.9999999999947,sell,1.23974,1.2301900000000001,165.99999999999946,21,8967.800000000036,2014
2014-12-04 14:00:00,2014-12-05 14:00:00,10000.0,88.5999999999994,-920.999999999994,sell,1.23024,1.23945,1532.0,24,9057.900000000036,2014
2014-12-07 22:00:00,2014-12-09 08:00:00,10000.0,-69.42500000000146,653.0000000000147,sell,1.23486,1.22833,-11.000000000005448,34,8990.60000000004,2014
2014-12-10 09:00:00,2014-12-10 19:00:00,10000.0,-59.12499999999933,564.9999999999933,sell,1.24447,1.23882,5.999999999994897,10,8932.100000000042,2014
2014-12-10 19:00:00,2014-12-11 16:00:00,10000.0,52.58750000000206,-559.0000000000206,sell,1.23826,1.2438500000000001,1118.0000000000189,21,8986.000000000044,2014
2014-12-11 16:00:00,2014-12-12 17:00:00,10000.0,-92.26249999999933,886.9999999999933,sell,1.24829,1.23942,18.0000000000069,25,8895.300000000043,2014
2014-12-14 22:00:00,2014-12-16 12:00:00,10000.0,-76.17499999999964,717.9999999999964,sell,1.25444,1.24726,48.00000000000359,38,8821.500000000051,2014
2014-12-17 05:00:00,2014-12-17 16:00:00,10000.0,87.61249999999872,-902.999999999987,sell,1.23954,1.24857,1005.9999999999957,11,8909.800000000048,2014
2014-12-17 16:00:00,2014-12-17 20:00:00,10000.0,76.34999999999978,-785.9999999999977,sell,1.23254,1.2404,1461.0000000000011,4,8986.400000000049,2014
2014-12-17 20:00:00,2014-12-19 19:00:00,10000.0,107.66250000000048,-1126.0000000000048,sell,1.22266,1.2339200000000001,1251.000000000002,47,9097.00000000005,2014
2014-12-21 22:00:00,2014-12-22 10:00:00,10000.0,-47.250000000000654,445.0000000000065,sell,1.22639,1.22194,80.99999999999774,12,9050.50000000005,2014
2014-12-22 13:00:00,2014-12-22 20:00:00,10000.0,-47.237500000000395,448.0000000000039,buy,1.22173,1.22621,2.9999999999974487,7,9003.70000000005,2014
2014-12-22 20:00:00,2014-12-23 14:00:00,10000.0,-46.42499999999945,432.9999999999945,buy,1.2184300000000001,1.22276,25.000000000008345,18,8958.400000000049,2014
2014-12-25 22:00:00,2014-12-26 13:00:00,10000.0,33.76250000000062,-367.0000000000062,sell,1.21862,1.22229,387.000000000004,15,8993.10000000005,2014
2014-12-28 22:00:00,2014-12-29 10:00:00,10000.0,-37.350000000000186,346.0000000000018,sell,1.22093,1.21747,109.00000000000352,12,8956.500000000047,2014
2014-12-29 10:00:00,2014-12-30 03:00:00,10000.0,45.03749999999981,-480.99999999999807,sell,1.21398,1.21879,740.9999999999916,17,9002.60000000005,2014
2014-12-30 03:00:00,2014-12-30 09:00:00,10000.0,-39.77499999999854,373.99999999998545,sell,1.21739,1.2136500000000001,127.99999999999477,6,8963.200000000052,2014
2014-12-30 09:00:00,2014-12-31 15:00:00,10000.0,-39.77499999999982,358.9999999999982,buy,1.21255,1.21614,148.99999999999912,30,8925.300000000045,2014
2015-01-04 22:00:00,2015-01-05 22:00:00,10000.0,-20.200000000000603,167.00000000000603,buy,1.19291,1.19458,424.99999999998647,24,9981.3,2015
2015-01-05 22:00:00,2015-01-06 23:00:00,10000.0,53.13750000000064,-567.0000000000064,sell,1.18739,1.19306,943.0000000000049,25,10036.000000000002,2015
2015-01-06 23:00:00,2015-01-07 16:00:00,10000.0,62.53750000000122,-656.000000000012,sell,1.18038,1.18694,917.9999999999965,17,10099.6,2015
2015-01-12 01:00:00,2015-01-12 11:00:00,10000.0,55.47499999999871,-580.999999999987,sell,1.17965,1.18546,737.9999999999942,10,10155.699999999999,2015
2015-01-12 11:00:00,2015-01-13 04:00:00,10000.0,-53.66250000000065,506.0000000000064,sell,1.18472,1.17966,117.99999999999588,17,10103.099999999999,2015
2015-01-13 04:00:00,2015-01-13 13:00:00,10000.0,48.83750000000144,-514.0000000000144,sell,1.1782299999999999,1.18337,689.0000000000063,9,10152.5,2015
2015-01-15 09:00:00,2015-01-15 16:00:00,10000.0,128.1624999999985,-1305.9999999999848,sell,1.1587,1.17176,1851.9999999999868,7,10281.099999999999,2015
2015-01-15 16:00:00,2015-01-16 21:00:00,10000.0,19.387500000000998,-232.00000000000995,sell,1.15699,1.15931,783.0000000000003,29,10302.300000000001,2015
2015-01-18 22:00:00,2015-01-20 02:00:00,10000.0,-33.84999999999957,300.9999999999957,sell,1.1589,1.15589,493.99999999999443,28,10270.199999999999,2015
2015-01-20 02:00:00,2015-01-21 15:00:00,10000.0,49.187500000001876,-535.0000000000188,buy,1.1636900000000001,1.15834,971.0000000000107,37,10321.699999999999,2015
2015-01-22 13:00:00,2015-01-22 16:00:00,10000.0,138.01249999999922,-1401.999999999992,sell,1.14185,1.15587,1462.0000000000077,3,10459.899999999998,2015
2015-01-22 16:00:00,2015-01-23 09:00:00,10000.0,134.13750000000175,-1372.0000000000175,sell,1.12733,1.1410500000000001,1415.0000000000107,17,10595.1,2015
2015-01-25 22:00:00,2015-01-26 16:00:00,10000.0,-119.22499999999899,1160.9999999999898,sell,1.1257,1.11409,275.000000000003,18,10477.000000000002,2015
2015-01-26 21:00:00,2015-01-27 09:00:00,10000.0,94.25000000000043,-970.0000000000041,buy,1.13341,1.12371,1110.000000000011,12,10572.000000000002,2015
2015-01-27 13:00:00,2015-01-30 21:00:00,10000.0,29.10000000000113,-361.00000000001125,sell,1.1299,1.13351,1230.0000000000198,80,10606.100000000002,2015
2015-02-01 22:00:00,2015-02-02 18:00:00,10000.0,-28.450000000000777,252.00000000000776,sell,1.13341,1.13089,272.00000000000557,20,10578.899999999998,2015
2015-02-02 18:00:00,2015-02-03 14:00:00,10000.0,94.64999999999965,-978.9999999999965,buy,1.14402,1.13423,1283.9999999999961,20,10674.799999999996,2015
2015-02-04 17:00:00,2015-02-04 22:00:00,10000.0,-79.11249999999909,767.9999999999909,buy,1.1340000000000001,1.14168,257.0000000000183,5,10595.999999999996,2015
2015-02-04 22:00:00,2015-02-05 10:00:00,10000.0,48.15000000000039,-509.00000000000387,buy,1.13866,1.13357,834.0000000000014,12,10644.899999999994,2015
2015-02-05 10:00:00,2015-02-06 17:00:00,10000.0,95.26250000000151,-992.000000000015,sell,1.13312,1.14304,1667.0000000000184,31,10742.099999999999,2015
2015-02-08 22:00:00,2015-02-10 06:00:00,10000.0,-31.099999999999902,270.999999999999,sell,1.13358,1.13087,226.9999999999994,32,10712.999999999998,2015
2015-02-10 06:00:00,2015-02-10 11:00:00,10000.0,-54.012499999998965,516.9999999999897,buy,1.12792,1.13309,42.999999999993044,5,10659.3,2015
2015-02-11 21:00:00,2015-02-12 17:00:00,10000.0,66.14999999999947,-693.9999999999945,buy,1.14048,1.13354,1042.9999999999939,20,10726.699999999993,2015
2015-02-12 17:00:00,2015-02-13 02:00:00,10000.0,5.5375000000019945,-81.00000000001994,buy,1.13969,1.13888,190.00000000000125,9,10732.799999999994,2015
2015-02-15 22:00:00,2015-02-16 19:00:00,10000.0,59.48750000000064,-628.0000000000063,sell,1.13327,1.13955,957.0000000000077,21,10793.599999999997,2015
2015-02-18 09:00:00,2015-02-18 17:00:00,10000.0,45.700000000000465,-482.0000000000046,sell,1.13424,1.13906,528.0000000000173,8,10839.8,2015
2015-02-18 17:00:00,2015-02-18 20:00:00,10000.0,-43.587500000000325,414.00000000000324,sell,1.13819,1.13405,275.000000000003,3,10796.399999999998,2015
2015-02-18 20:00:00,2015-02-20 12:00:00,10000.0,69.60000000000139,-741.0000000000138,sell,1.13225,1.1396600000000001,1268.0000000000023,40,10868.500000000004,2015
2015-02-22 22:00:00,2015-02-26 02:00:00,10000.0,4.750000000002064,-115.00000000002063,sell,1.13658,1.1377300000000001,269.0000000000081,76,10878.000000000011,2015
2015-02-26 02:00:00,2015-02-26 10:00:00,10000.0,-1.2000000000003652,-12.999999999996346,buy,1.13704,1.13691,269.0000000000081,8,10877.300000000007,2015
2015-02-26 10:00:00,2015-02-26 14:00:00,10000.0,95.05000000000238,-973.0000000000238,sell,1.126,1.1357300000000001,1007.0000000000023,4,10972.600000000008,2015
2015-02-26 14:00:00,2015-02-27 21:00:00,10000.0,27.962500000002482,-319.0000000000248,sell,1.1191499999999999,1.1223400000000001,529.0000000000239,31,11002.500000000005,2015
2015-03-01 22:00:00,2015-03-03 02:00:00,10000.0,-20.349999999999948,165.99999999999946,sell,1.11948,1.11782,448.99999999998823,28,10983.900000000001,2015
2015-03-03 02:00:00,2015-03-03 13:00:00,10000.0,-33.98749999999855,312.9999999999855,buy,1.11636,1.1194899999999999,96.00000000000718,11,10950.600000000006,2015
2015-03-04 17:00:00,2015-03-05 17:00:00,10000.0,60.00000000000078,-635.0000000000077,sell,1.10066,1.10701,1073.999999999997,24,11012.100000000008,2015
2015-03-05 17:00:00,2015-03-06 14:00:00,10000.0,114.48750000000123,-1178.0000000000123,sell,1.08967,1.10145,1363.000000000003,21,11127.90000000001,2015
2015-03-08 21:00:00,2015-03-09 11:00:00,10000.0,-56.17499999999835,532.9999999999834,sell,1.08811,1.08278,247.0000000000194,14,11072.600000000013,2015
2015-03-10 09:00:00,2015-03-10 22:00:00,10000.0,-80.01249999999949,771.9999999999949,buy,1.06779,1.07551,127.99999999999477,13,10993.400000000014,2015
2015-03-11 09:00:00,2015-03-12 03:00:00,10000.0,87.27499999999937,-903.9999999999936,sell,1.05091,1.05995,1181.999999999994,18,11081.800000000016,2015
2015-03-12 03:00:00,2015-03-12 07:00:00,10000.0,-74.85000000000045,726.0000000000043,sell,1.0569,1.04964,62.00000000000649,4,11007.200000000015,2015
2015-03-12 07:00:00,2015-03-13 14:00:00,10000.0,95.36249999999994,-992.9999999999993,sell,1.05335,1.06328,1496.0000000000084,31,11104.500000000015,2015
2015-03-15 21:00:00,2015-03-16 14:00:00,10000.0,-118.06249999999844,1149.9999999999843,sell,1.05984,1.04834,127.00000000001043,17,10987.500000000015,2015
2015-03-18 21:00:00,2015-03-19 16:00:00,10000.0,200.21250000000026,-2034.0000000000023,sell,1.06218,1.08252,2968.999999999999,19,11188.900000000014,2015
2015-03-22 21:00:00,2015-03-24 09:00:00,10000.0,-126.0500000000008,1218.000000000008,sell,1.09871,1.08653,129.99999999998568,36,11065.100000000019,2015
2015-03-29 21:00:00,2015-03-31 05:00:00,10000.0,85.99999999999898,-899.9999999999897,sell,1.07963,1.08863,979.9999999999808,32,11153.100000000011,2015
2015-04-02 05:00:00,2015-04-02 13:00:00,10000.0,59.49999999999983,-619.9999999999983,buy,1.08466,1.07846,672.0000000000059,8,11213.10000000001,2015
2015-04-02 13:00:00,2015-04-03 06:00:00,10000.0,-8.362500000001415,53.00000000001414,buy,1.08784,1.08837,154.99999999999403,17,11205.800000000007,2015
2015-04-05 21:00:00,2015-04-06 21:00:00,10000.0,65.59999999999971,-690.9999999999972,sell,1.09217,1.09908,1132.9999999999839,24,11272.900000000009,2015
2015-04-07 09:00:00,2015-04-08 19:00:00,10000.0,-64.62499999999889,604.9999999999889,buy,1.07976,1.08581,354.00000000000983,34,11210.40000000001,2015
2015-04-09 01:00:00,2015-04-09 15:00:00,10000.0,88.82499999999901,-916.99999999999,sell,1.06783,1.077,1099.9999999999898,14,11300.100000000008,2015
2015-04-09 15:00:00,2015-04-10 11:00:00,10000.0,83.04999999999916,-862.9999999999915,sell,1.05817,1.0668,1010.9999999999841,20,11384.400000000005,2015
2015-04-12 21:00:00,2015-04-13 11:00:00,10000.0,63.52499999999979,-663.9999999999978,sell,1.0528,1.05944,903.9999999999936,14,11448.800000000005,2015
2015-04-13 11:00:00,2015-04-14 06:00:00,10000.0,-4.287500000000545,11.000000000005448,sell,1.05416,1.05405,673.0000000000124,19,11445.700000000008,2015
2015-04-14 06:00:00,2015-04-14 13:00:00,10000.0,82.46249999999887,-848.9999999999886,buy,1.06351,1.05502,983.9999999999848,7,11528.600000000004,2015
2015-04-15 21:00:00,2015-04-16 10:00:00,10000.0,-13.112500000000864,103.00000000000863,buy,1.06697,1.068,461.0000000000003,13,11516.300000000003,2015
2015-04-16 10:00:00,2015-04-17 09:00:00,10000.0,-113.43750000000121,1100.000000000012,sell,1.08213,1.07113,51.999999999985384,23,11404.3,2015
2015-04-19 21:00:00,2015-04-20 22:00:00,10000.0,65.03749999999866,-685.9999999999866,sell,1.074,1.08086,777.9999999999898,25,11470.899999999998,2015
2015-04-20 22:00:00,2015-04-21 07:00:00,10000.0,-62.56250000000006,600.0000000000005,buy,1.06793,1.07393,60.00000000001559,9,11408.899999999998,2015
2015-04-23 09:00:00,2015-04-23 14:00:00,10000.0,-6.11250000000047,38.0000000000047,buy,1.07483,1.07521,173.0000000000009,5,11403.099999999995,2015
2015-04-23 14:00:00,2015-04-26 21:00:00,10000.0,-71.23750000000125,673.0000000000124,sell,1.08668,1.07995,326.9999999999884,31,11333.799999999992,2015
2015-04-26 21:00:00,2015-04-27 18:00:00,10000.0,-22.512500000001438,192.00000000001435,sell,1.0882,1.08628,439.9999999999959,21,11312.599999999991,2015
2015-04-27 18:00:00,2015-04-28 15:00:00,10000.0,92.88749999999962,-961.9999999999961,buy,1.09801,1.08839,1207.0000000000025,21,11406.799999999988,2015
2015-04-30 09:00:00,2015-05-01 15:00:00,10000.0,-58.674999999999294,547.9999999999928,sell,1.12217,1.11669,677.0000000000164,30,11349.999999999985,2015
2015-05-03 21:00:00,2015-05-04 18:00:00,10000.0,29.68750000000081,-330.000000000008,sell,1.11571,1.11901,666.000000000011,21,11380.999999999987,2015
2015-05-04 18:00:00,2015-05-06 03:00:00,10000.0,67.83750000000029,-719.000000000003,buy,1.12128,1.11409,1472.0000000000066,33,11450.899999999985,2015
2015-05-06 09:00:00,2015-05-06 14:00:00,10000.0,-125.31249999999756,1229.9999999999754,sell,1.1335899999999999,1.1212900000000001,70.0000000000145,5,11325.899999999989,2015
2015-05-06 17:00:00,2015-05-08 03:00:00,10000.0,117.97500000000053,-1221.0000000000052,sell,1.1213,1.13351,1781.9999999999945,34,11445.999999999987,2015
2015-05-10 21:00:00,2015-05-13 13:00:00,10000.0,-117.79999999999745,1117.9999999999745,sell,1.1308099999999999,1.1196300000000001,151.00000000001222,64,11332.199999999983,2015
2015-05-13 13:00:00,2015-05-14 08:00:00,10000.0,-65.78749999999933,625.9999999999932,sell,1.1391499999999999,1.13289,386.0000000000196,19,11267.599999999984,2015
2015-05-14 08:00:00,2015-05-17 21:00:00,10000.0,-49.61249999999923,452.99999999999227,sell,1.14459,1.14006,198.9999999999936,37,11220.299999999987,2015
2015-05-17 21:00:00,2015-05-18 14:00:00,10000.0,97.43749999999892,-1004.9999999999892,sell,1.13392,1.14397,1070.9999999999995,17,11318.799999999987,2015
2015-05-18 21:00:00,2015-05-19 08:00:00,10000.0,-138.08749999999884,1353.9999999999884,buy,1.118,1.13154,206.00000000001725,11,11181.399999999989,2015
2015-05-20 17:00:00,2015-05-22 10:00:00,10000.0,-100.76249999999962,961.9999999999961,sell,1.1193899999999999,1.10977,12.000000000012,41,11083.199999999992,2015
2015-05-24 21:00:00,2015-05-26 06:00:00,10000.0,36.337499999998215,-403.9999999999821,sell,1.09339,1.09743,747.9999999999931,33,11121.59999999999,2015
2015-05-26 06:00:00,2015-05-27 13:00:00,10000.0,-66.23749999999959,622.9999999999957,buy,1.0828900000000001,1.08912,29.000000000012346,31,11057.299999999988,2015
2015-05-27 21:00:00,2015-05-29 10:00:00,10000.0,-95.11249999999977,907.9999999999976,sell,1.09883,1.08975,9.999999999998899,37,10964.49999999999,2015
2015-05-31 21:00:00,2015-06-01 09:00:00,10000.0,75.55000000000004,-783.0000000000003,sell,1.08992,1.09775,811.0000000000061,12,11040.799999999988,2015
2015-06-01 09:00:00,2015-06-02 11:00:00,10000.0,-105.52499999999921,1018.999999999992,sell,1.10199,1.0918,180.9999999999867,26,10936.899999999989,2015
2015-06-04 09:00:00,2015-06-04 18:00:00,10000.0,108.33750000000045,-1109.0000000000043,sell,1.12423,1.13532,1258.0000000000034,9,11045.799999999987,2015
2015-06-04 18:00:00,2015-06-05 13:00:00,10000.0,140.31250000000085,-1435.0000000000084,sell,1.10985,1.1242,1808.9999999999939,19,11187.299999999988,2015
2015-06-07 21:00:00,2015-06-08 13:00:00,10000.0,-90.50000000000036,875.0000000000035,sell,1.11833,1.10958,205.99999999999505,16,11097.79999999999,2015
2015-06-08 13:00:00,2015-06-09 02:00:00,10000.0,-123.11249999999762,1202.9999999999761,sell,1.1320999999999999,1.1200700000000001,85.00000000000173,13,10975.499999999993,2015
2015-06-11 01:00:00,2015-06-11 10:00:00,10000.0,-26.862499999999322,242.9999999999932,buy,1.12627,1.1287,226.00000000001506,9,10949.199999999993,2015
2015-06-11 10:00:00,2015-06-12 09:00:00,10000.0,92.36250000000143,-958.0000000000143,sell,1.11682,1.1264,1088.0,23,11042.99999999999,2015
2015-06-14 21:00:00,2015-06-16 07:00:00,10000.0,-107.4249999999995,1032.999999999995,sell,1.1316599999999999,1.12133,13.00000000001855,34,10937.699999999992,2015
2015-06-17 21:00:00,2015-06-18 17:00:00,10000.0,-39.750000000001535,365.0000000000153,sell,1.13745,1.1338,605.9999999999953,20,10899.19999999999,2015
2015-06-18 17:00:00,2015-06-21 21:00:00,10000.0,11.650000000000968,-154.00000000000966,sell,1.13489,1.13643,448.0000000000039,28,10912.599999999993,2015
2015-06-21 21:00:00,2015-06-23 03:00:00,10000.0,99.72500000000147,-1036.0000000000146,sell,1.12615,1.1365100000000001,1480.9999999999989,30,11014.199999999993,2015
2015-06-24 09:00:00,2015-06-28 21:00:00,10000.0,193.35000000000093,-1991.0000000000093,sell,1.10065,1.12056,2208.0000000000095,60,11211.299999999996,2015
2015-06-28 21:00:00,2015-06-29 07:00:00,10000.0,-112.72499999999964,1100.9999999999964,sell,1.10941,1.0984,158.999999999998,10,11099.199999999993,2015
2015-06-29 07:00:00,2015-06-29 16:00:00,10000.0,-114.96250000000138,1124.0000000000139,sell,1.11803,1.10679,234.9999999999852,9,10984.799999999992,2015
2015-06-29 16:00:00,2015-07-01 14:00:00,10000.0,136.5250000000004,-1414.000000000004,sell,1.1069,1.12104,2079.9999999999927,46,11124.199999999988,2015
2015-07-01 14:00:00,2015-07-05 21:00:00,10000.0,106.3625000000019,-1118.0000000000189,sell,1.09943,1.11061,1258.0000000000034,55,11233.999999999987,2015
2015-07-05 21:00:00,2015-07-06 06:00:00,10000.0,-94.06249999999991,914.9999999999991,sell,1.1069,1.09775,181.00000000000892,9,11140.499999999987,2015
2015-07-06 06:00:00,2015-07-07 13:00:00,10000.0,118.96250000000134,-1229.0000000000134,sell,1.09299,1.10528,1646.000000000014,31,11261.399999999989,2015
2015-07-09 01:00:00,2015-07-09 17:00:00,10000.0,-73.09999999999961,700.999999999996,buy,1.10007,1.10708,-10.999999999983244,16,11189.299999999987,2015
2015-07-09 17:00:00,2015-07-10 03:00:00,10000.0,89.4749999999994,-920.999999999994,buy,1.1093,1.10009,958.9999999999986,10,11279.399999999985,2015
2015-07-12 21:00:00,2015-07-13 15:00:00,10000.0,120.17499999999953,-1232.999999999995,sell,1.10097,1.1133,1863.9999999999989,18,11400.699999999984,2015
2015-07-13 15:00:00,2015-07-16 08:00:00,10000.0,110.43749999999937,-1164.9999999999936,sell,1.09002,1.10167,1770.0000000000048,65,11515.199999999977,2015
2015-07-16 13:00:00,2015-07-17 10:00:00,10000.0,-29.712499999999757,263.99999999999756,buy,1.08833,1.09097,112.00000000000098,21,11486.799999999977,2015
2015-07-19 21:00:00,2015-07-20 18:00:00,10000.0,-9.612499999999084,62.999999999990834,sell,1.08367,1.08304,329.0000000000015,21,11478.499999999976,2015
2015-07-20 18:00:00,2015-07-21 14:00:00,10000.0,60.44999999999987,-636.9999999999986,buy,1.08932,1.08295,858.0000000000032,20,11540.199999999975,2015
2015-07-22 17:00:00,2015-07-23 08:00:00,10000.0,75.36250000000226,-783.0000000000225,buy,1.09824,1.0904099999999999,835.0000000000078,15,11616.499999999976,2015
2015-07-23 08:00:00,2015-07-23 14:00:00,10000.0,-11.074999999999264,86.99999999999262,buy,1.09842,1.0992899999999999,336.99999999998727,6,11605.799999999977,2015
2015-07-23 14:00:00,2015-07-26 21:00:00,10000.0,-3.5374999999996,-4.000000000004,sell,1.0977,1.09774,382.00000000001563,31,11604.199999999973,2015
2015-07-26 21:00:00,2015-07-27 07:00:00,10000.0,-58.42499999999919,557.9999999999918,sell,1.10293,1.09735,103.00000000000863,10,11546.399999999972,2015
2015-07-27 07:00:00,2015-07-29 19:00:00,10000.0,66.750000000002,-725.00000000002,sell,1.10109,1.10834,1170.0000000000043,60,11616.899999999974,2015
2015-08-02 21:00:00,2015-08-04 21:00:00,10000.0,87.6999999999989,-926.9999999999889,sell,1.08817,1.09744,1135.9999999999814,48,11707.599999999977,2015
2015-08-06 01:00:00,2015-08-07 13:00:00,10000.0,40.649999999998826,-448.99999999998823,sell,1.08603,1.09052,1105.0000000000002,36,11750.499999999975,2015
2015-08-09 21:00:00,2015-08-10 17:00:00,10000.0,-69.34999999999783,660.9999999999782,sell,1.10258,1.09597,87.00000000001484,20,11682.399999999978,2015
2015-08-12 09:00:00,2015-08-12 15:00:00,10000.0,-71.27500000000063,689.0000000000063,sell,1.11925,1.11236,45.999999999990486,6,11611.499999999976,2015
2015-08-12 15:00:00,2015-08-13 08:00:00,10000.0,78.6375000000001,-817.000000000001,sell,1.11142,1.11959,909.9999999999885,17,11691.199999999977,2015
2015-08-13 08:00:00,2015-08-14 12:00:00,10000.0,-59.74999999999827,559.9999999999827,sell,1.11719,1.11159,162.00000000001768,28,11633.199999999975,2015
2015-08-16 21:00:00,2015-08-18 13:00:00,10000.0,72.80000000000237,-773.0000000000236,sell,1.1032899999999999,1.1110200000000001,914.0000000000148,40,11708.499999999984,2015
2015-08-20 01:00:00,2015-08-20 16:00:00,10000.0,59.16250000000049,-621.0000000000048,buy,1.11966,1.11345,900.0000000000118,15,11768.599999999982,2015
2015-08-20 16:00:00,2015-08-21 05:00:00,10000.0,87.04999999999882,-892.9999999999882,buy,1.12845,1.11952,1032.999999999995,4,11855.89999999998,2015
2015-08-23 21:00:00,2015-08-24 02:00:00,10000.0,-58.712500000000894,564.0000000000089,sell,1.14277,1.13713,221.99999999998886,5,11797.499999999978,2015
2015-08-24 02:00:00,2015-08-24 13:00:00,10000.0,-83.28749999999957,805.9999999999956,sell,1.15498,1.14692,203.0000000000198,11,11714.89999999998,2015
2015-08-24 13:00:00,2015-08-25 11:00:00,10000.0,165.92500000000112,-1693.000000000011,sell,1.14966,1.16659,1728.0000000000182,22,11882.199999999979,2015
2015-08-26 01:00:00,2015-08-26 13:00:00,10000.0,135.74999999999918,-1384.9999999999916,sell,1.13806,1.15191,1573.000000000002,12,12018.69999999998,2015
2015-08-26 13:00:00,2015-08-27 13:00:00,10000.0,128.20000000000127,-1317.0000000000125,sell,1.12451,1.13768,1916.0000000000064,24,12148.399999999978,2015
2015-08-30 21:00:00,2015-08-31 05:00:00,10000.0,-81.39999999999952,788.9999999999952,sell,1.12528,1.11739,83.99999999999518,8,12067.499999999978,2015
2015-08-31 05:00:00,2015-08-31 22:00:00,10000.0,33.237500000000225,-363.00000000000216,sell,1.12108,1.12471,421.99999999998903,17,12101.79999999998,2015
2015-08-31 22:00:00,2015-09-01 07:00:00,10000.0,58.73750000000191,-613.000000000019,buy,1.12806,1.1219299999999999,662.0000000000069,9,12161.09999999998,2015
2015-09-03 09:00:00,2015-09-03 13:00:00,10000.0,-116.55000000000051,1143.000000000005,buy,1.11162,1.12305,70.99999999999883,4,12044.79999999998,2015
2015-09-03 13:00:00,2015-09-03 22:00:00,10000.0,-16.262499999998713,136.99999999998712,buy,1.11162,1.11299,295.0000000000008,9,12029.099999999982,2015
2015-09-06 21:00:00,2015-09-07 18:00:00,10000.0,-21.212499999999583,178.99999999999582,sell,1.11709,1.1153,62.00000000000649,21,12009.19999999998,2015
2015-09-07 18:00:00,2015-09-09 22:00:00,10000.0,37.15000000000022,-424.0000000000021,buy,1.12125,1.11701,816.0000000000166,52,12049.599999999982,2015
2015-09-09 22:00:00,2015-09-10 18:00:00,10000.0,53.55000000000129,-568.0000000000128,buy,1.12766,1.12198,1057.0000000000189,20,12104.399999999985,2015
2015-09-10 18:00:00,2015-09-13 21:00:00,10000.0,-57.18749999999966,534.9999999999966,sell,1.13358,1.12823,130.9999999999922,27,12048.899999999985,2015
2015-09-13 21:00:00,2015-09-15 02:00:00,10000.0,17.087499999999253,-208.9999999999925,sell,1.13137,1.13346,587.0000000000041,29,12067.799999999987,2015
2015-09-15 02:00:00,2015-09-15 15:00:00,10000.0,-51.712499999998386,488.99999999998386,buy,1.12711,1.132,29.999999999996692,13,12016.899999999987,2015
2015-09-17 09:00:00,2015-09-17 18:00:00,10000.0,31.33750000000004,-339.0000000000004,buy,1.13483,1.13144,547.0000000000085,9,12048.799999999987,2015
2015-09-17 18:00:00,2015-09-18 20:00:00,10000.0,104.57500000000051,-1082.000000000005,sell,1.12833,1.13915,1763.0000000000034,26,12154.999999999985,2015
2015-09-20 21:00:00,2015-09-21 15:00:00,10000.0,84.77500000000076,-879.0000000000075,sell,1.11948,1.12827,1346.0000000000027,18,12240.899999999985,2015
2015-09-23 13:00:00,2015-09-24 14:00:00,10000.0,-95.76250000000006,922.0000000000006,sell,1.12664,1.11742,75.99999999998718,25,12146.699999999986,2015
2015-09-24 14:00:00,2015-09-24 22:00:00,10000.0,111.70000000000208,-1142.0000000000207,sell,1.1175599999999999,1.12898,1173.0000000000018,8,12258.89999999999,2015
2015-09-24 22:00:00,2015-09-27 21:00:00,10000.0,-22.837500000000528,194.00000000000526,sell,1.11934,1.1174,188.00000000001037,23,12237.49999999999,2015
2015-09-27 21:00:00,2015-09-29 05:00:00,10000.0,-79.7999999999992,757.9999999999919,sell,1.12635,1.11877,9.000000000014552,32,12159.699999999988,2015
2015-09-29 05:00:00,2015-09-29 13:00:00,10000.0,-65.79999999999947,632.9999999999947,buy,1.1202400000000001,1.12657,90.00000000001228,8,12094.399999999989,2015
2015-09-30 13:00:00,2015-10-01 18:00:00,10000.0,2.6875000000003944,-65.00000000000394,buy,1.11941,1.11876,598.0000000000095,29,12098.89999999999,2015
2015-10-01 18:00:00,2015-10-02 02:00:00,10000.0,-19.599999999998783,170.9999999999878,sell,1.11988,1.11817,12.000000000012,8,12079.79999999999,2015
2015-10-04 21:00:00,2015-10-06 06:00:00,10000.0,21.737500000000267,-258.0000000000027,sell,1.11881,1.12139,1004.9999999999892,33,12103.599999999991,2015
2015-10-06 06:00:00,2015-10-06 15:00:00,10000.0,68.73750000000081,-713.000000000008,buy,1.12591,1.1187799999999999,780.9999999999872,9,12172.89999999999,2015
2015-10-08 01:00:00,2015-10-08 10:00:00,10000.0,45.337500000000716,-479.00000000000716,buy,1.12994,1.1251499999999999,530.9999999999925,9,12218.79999999999,2015
2015-10-08 10:00:00,2015-10-08 13:00:00,10000.0,-39.48750000000011,373.0000000000011,buy,1.12574,1.12947,200.00000000000017,3,12179.499999999989,2015
2015-10-08 13:00:00,2015-10-09 02:00:00,10000.0,18.187499999999908,-209.99999999999906,buy,1.12726,1.12516,289.9999999999902,13,12198.49999999999,2015
2015-10-11 21:00:00,2015-10-12 18:00:00,10000.0,-15.712500000001299,124.00000000001297,sell,1.13698,1.13574,264.99999999998187,21,12184.09999999999,2015
2015-10-12 18:00:00,2015-10-14 08:00:00,10000.0,43.225000000000975,-476.0000000000097,buy,1.14118,1.13642,687.0000000000153,38,12229.699999999988,2015
2015-10-14 13:00:00,2015-10-14 19:00:00,10000.0,-70.57499999999825,681.9999999999826,sell,1.1480299999999999,1.14121,-11.999999999989795,6,12159.499999999989,2015
2015-10-14 19:00:00,2015-10-15 13:00:00,10000.0,94.77500000000188,-979.0000000000186,sell,1.13844,1.14823,1102.000000000003,18,12255.39999999999,2015
2015-10-15 13:00:00,2015-10-18 21:00:00,10000.0,21.500000000000522,-255.0000000000052,sell,1.13449,1.13704,740.0000000000073,32,12278.899999999992,2015
2015-10-18 21:00:00,2015-10-22 13:00:00,10000.0,148.19999999999862,-1556.9999999999861,sell,1.11979,1.13536,1881.9999999999836,88,12432.59999999999,2015
2015-10-22 13:00:00,2015-10-23 13:00:00,10000.0,102.400000000001,-1059.0000000000098,sell,1.10482,1.11541,1363.000000000003,24,12536.49999999999,2015
2015-10-25 21:00:00,2015-10-26 22:00:00,10000.0,-51.262499999999406,476.99999999999403,sell,1.10538,1.10061,140.00000000000676,25,12486.799999999994,2015
2015-10-26 22:00:00,2015-10-28 19:00:00,10000.0,-167.11249999999967,1622.9999999999966,buy,1.08982,1.10605,21.00000000000435,45,12322.499999999989,2015
2015-10-29 13:00:00,2015-10-30 13:00:00,10000.0,-62.09999999999977,585.9999999999976,sell,1.10094,1.09508,266.999999999995,24,12261.899999999989,2015
2015-11-01 22:00:00,2015-11-03 06:00:00,10000.0,5.600000000000719,-96.00000000000718,sell,1.10208,1.10304,310.00000000001023,32,12269.499999999984,2015
2015-11-03 06:00:00,2015-11-03 09:00:00,10000.0,-36.787500000000186,346.0000000000018,buy,1.09923,1.10269,27.99999999998359,3,12232.899999999983,2015
2015-11-05 05:00:00,2015-11-05 08:00:00,10000.0,29.11250000000077,-313.0000000000077,sell,1.08375,1.08688,364.99999999999307,3,12262.199999999984,2015
2015-11-05 08:00:00,2015-11-06 14:00:00,10000.0,141.02499999999893,-1448.999999999989,sell,1.07359,1.08808,1604.0000000000052,30,12405.099999999988,2015
2015-11-08 22:00:00,2015-11-10 10:00:00,10000.0,-14.450000000000209,102.00000000000207,sell,1.07379,1.07277,516.0000000000053,36,12392.899999999985,2015
2015-11-10 10:00:00,2015-11-10 14:00:00,10000.0,-45.94999999999985,436.99999999999847,buy,1.06929,1.07366,114.99999999999842,4,12347.199999999986,2015
2015-11-12 21:00:00,2015-11-13 17:00:00,10000.0,83.95000000000061,-872.000000000006,sell,1.0722,1.08092,939.0000000000009,20,12432.399999999983,2015
2015-11-15 22:00:00,2015-11-17 04:00:00,10000.0,67.82500000000121,-717.000000000012,sell,1.06615,1.07332,961.9999999999961,30,12502.099999999982,2015
2015-11-19 05:00:00,2015-11-19 17:00:00,10000.0,-48.149999999999885,453.9999999999988,sell,1.07476,1.07022,154.00000000000966,12,12454.699999999983,2015
2015-11-19 17:00:00,2015-11-20 18:00:00,10000.0,67.83749999999924,-713.9999999999924,sell,1.06515,1.07229,875.0000000000035,25,12524.099999999982,2015
2015-11-22 22:00:00,2015-11-25 12:00:00,10000.0,48.624999999999545,-544.9999999999955,sell,1.05858,1.06403,1032.999999999995,62,12576.599999999984,2015
2015-11-25 21:00:00,2015-11-26 18:00:00,10000.0,-16.612499999998313,132.99999999998312,buy,1.06109,1.06242,117.00000000001153,21,12561.299999999981,2015
2015-11-26 18:00:00,2015-11-27 21:00:00,10000.0,6.312500000001119,-100.00000000001118,sell,1.0594999999999999,1.0605,426.00000000001523,27,12569.299999999983,2015
2015-11-29 22:00:00,2015-12-01 15:00:00,10000.0,-29.462500000001032,249.00000000001032,sell,1.06136,1.05887,146.00000000000168,41,12542.399999999983,2015
2015-12-03 01:00:00,2015-12-03 10:00:00,10000.0,-46.1624999999992,435.9999999999919,buy,1.05582,1.06018,59.999999999993385,9,12496.799999999985,2015
2015-12-03 10:00:00,2015-12-03 13:00:00,10000.0,98.51250000000023,-1007.0000000000023,buy,1.06632,1.05625,1444.999999999985,3,12595.499999999985,2015
2015-12-03 13:00:00,2015-12-03 20:00:00,10000.0,-160.1374999999984,1576.9999999999839,sell,1.09784,1.08207,-17.000000000000348,7,12435.799999999987,2015
2015-12-03 20:00:00,2015-12-04 21:00:00,10000.0,68.23750000000186,-718.0000000000185,sell,1.0875299999999999,1.09471,828.0000000000065,25,12505.599999999993,2015
2015-12-06 22:00:00,2015-12-07 18:00:00,10000.0,17.150000000000418,-204.00000000000415,sell,1.08526,1.0873,338.00000000001603,20,12523.999999999989,2015
2015-12-08 05:00:00,2015-12-09 03:00:00,10000.0,43.22500000000109,-466.0000000000108,buy,1.09068,1.08602,668.0000000000018,22,12568.59999999999,2015
2015-12-09 09:00:00,2015-12-09 15:00:00,10000.0,-48.374999999999375,459.9999999999937,sell,1.09744,1.09284,147.0000000000082,6,12520.59999999999,2015
2015-12-09 15:00:00,2015-12-09 20:00:00,10000.0,-69.01249999999953,666.9999999999953,sell,1.10258,1.09591,162.00000000001768,5,12451.899999999989,2015
2015-12-09 20:00:00,2015-12-10 11:00:00,10000.0,71.26249999999982,-741.9999999999982,sell,1.09417,1.10159,873.9999999999969,15,12524.099999999988,2015
2015-12-13 22:00:00,2015-12-14 17:00:00,10000.0,-61.08749999999962,578.9999999999961,sell,1.10257,1.09678,224.00000000000196,19,12464.199999999988,2015
2015-12-15 05:00:00,2015-12-15 14:00:00,10000.0,-63.06249999999889,604.9999999999889,buy,1.09685,1.1029,-9.999999999998899,9,12401.69999999999,2015
2015-12-16 09:00:00,2015-12-16 20:00:00,10000.0,-63.58750000000151,609.000000000015,sell,1.09793,1.09184,313.99999999999204,11,12338.799999999988,2015
2015-12-16 20:00:00,2015-12-17 17:00:00,10000.0,105.28750000000092,-1086.000000000009,sell,1.08063,1.09149,1112.0000000000018,21,12445.399999999992,2015
2015-12-20 22:00:00,2015-12-21 10:00:00,10000.0,-3.1499999999981796,3.9999999999817955,sell,1.0855299999999999,1.08549,272.00000000000557,12,12442.999999999993,2015
2015-12-21 10:00:00,2015-12-21 16:00:00,10000.0,46.82500000000036,-492.0000000000035,buy,1.09169,1.08677,618.0000000000074,6,12490.199999999993,2015
2015-12-21 21:00:00,2015-12-22 16:00:00,10000.0,46.11249999999879,-492.99999999998784,buy,1.09642,1.09149,625.9999999999932,19,12537.49999999999,2015
2015-12-22 21:00:00,2015-12-23 14:00:00,10000.0,-60.76250000000053,577.0000000000052,buy,1.08982,1.09559,-4.999999999988347,17,12477.799999999988,2015
2015-12-23 17:00:00,2015-12-24 03:00:00,10000.0,43.97500000000109,-466.0000000000108,buy,1.09295,1.08829,502.0000000000024,10,12522.39999999999,2015
2015-12-28 01:00:00,2015-12-29 14:00:00,10000.0,39.98749999999934,-442.99999999999335,sell,1.0924,1.09683,678.0000000000008,37,12564.699999999992,2015
2015-12-30 13:00:00,2015-12-31 12:00:00,10000.0,-50.13749999999952,466.99999999999517,buy,1.08891,1.09358,21.00000000000435,23,12515.999999999993,2015
2016-01-05 13:00:00,2016-01-06 20:00:00,10000.0,-54.2375000000009,503.000000000009,sell,1.07898,1.07395,86.99999999999262,31,9947.699999999995,2016
2016-01-10 22:00:00,2016-01-11 16:00:00,10000.0,85.37500000000024,-885.0000000000024,sell,1.08527,1.09412,1160.0000000000055,18,10034.2,2016
2016-01-11 16:00:00,2016-01-15 14:00:00,10000.0,-89.67500000000076,818.0000000000075,sell,1.09585,1.08767,253.99999999999866,94,9950.399999999998,2016
2016-01-17 22:00:00,2016-01-19 06:00:00,10000.0,20.700000000001943,-247.0000000000194,sell,1.08848,1.09095,422.0000000000112,32,9973.100000000002,2016
2016-01-19 06:00:00,2016-01-19 18:00:00,10000.0,47.34999999999959,-500.99999999999585,buy,1.09249,1.08748,659.9999999999939,12,10021.2,2016
2016-01-21 01:00:00,2016-01-21 14:00:00,10000.0,-86.61250000000054,838.0000000000053,buy,1.07886,1.08724,119.99999999998677,13,9935.4,2016
2016-01-21 14:00:00,2016-01-21 18:00:00,10000.0,2.5500000000003595,-48.00000000000359,buy,1.08413,1.08365,360.0000000000047,4,9938.2,2016
2016-01-21 18:00:00,2016-01-22 21:00:00,10000.0,79.51250000000105,-832.0000000000105,sell,1.07977,1.08809,954.0000000000103,27,10019.400000000001,2016
2016-01-24 22:00:00,2016-01-25 21:00:00,10000.0,-68.73749999999924,652.9999999999924,sell,1.08555,1.07902,4.000000000004,23,9952.1,2016
2016-01-27 17:00:00,2016-01-28 14:00:00,10000.0,40.18750000000076,-435.00000000000756,buy,1.09162,1.08727,578.9999999999961,21,9993.600000000002,2016
2016-01-28 14:00:00,2016-01-29 15:00:00,10000.0,76.33750000000164,-799.0000000000163,sell,1.08398,1.09197,1270.9999999999998,25,10071.500000000004,2016
2016-01-31 22:00:00,2016-02-01 14:00:00,10000.0,-59.199999999999584,561.9999999999958,sell,1.08827,1.0826500000000001,34.000000000000696,16,10013.300000000005,2016
2016-02-02 05:00:00,2016-02-03 14:00:00,10000.0,44.23750000000112,-483.00000000001114,buy,1.09529,1.09046,611.0000000000059,33,10059.60000000001,2016
2016-02-03 21:00:00,2016-02-04 14:00:00,10000.0,-106.96250000000121,1039.000000000012,sell,1.12037,1.10998,343.99999999998875,17,9953.700000000004,2016
2016-02-04 14:00:00,2016-02-05 21:00:00,10000.0,50.16250000000137,-541.0000000000136,sell,1.1154,1.12081,880.000000000014,31,10005.800000000008,2016
2016-02-07 22:00:00,2016-02-08 18:00:00,10000.0,-26.749999999998522,234.9999999999852,sell,1.1166099999999999,1.11426,300.00000000001137,20,9980.30000000001,2016
2016-02-08 18:00:00,2016-02-09 14:00:00,10000.0,92.24999999999947,-954.9999999999947,buy,1.12865,1.1191,1249.9999999999955,20,10073.800000000008,2016
2016-02-10 01:00:00,2016-02-10 14:00:00,10000.0,60.68750000000078,-635.0000000000077,sell,1.1234899999999999,1.12984,744.0000000000113,13,10135.300000000008,2016
2016-02-10 14:00:00,2016-02-11 01:00:00,10000.0,-81.48749999999887,787.9999999999886,sell,1.13045,1.12257,39.999999999995595,11,10054.50000000001,2016
2016-02-11 01:00:00,2016-02-12 21:00:00,10000.0,36.45000000000124,-412.00000000001234,sell,1.1256,1.12972,1197.0000000000034,44,10093.700000000013,2016
2016-02-14 22:00:00,2016-02-15 15:00:00,10000.0,85.83749999999843,-888.9999999999842,sell,1.11464,1.12353,926.9999999999889,17,10180.600000000013,2016
2016-02-17 09:00:00,2016-02-19 21:00:00,10000.0,-9.15000000000007,34.000000000000696,sell,1.11313,1.11279,251.0000000000012,60,10175.200000000008,2016
2016-02-21 22:00:00,2016-02-22 11:00:00,10000.0,47.187499999998934,-499.9999999999893,sell,1.10634,1.11134,602.999999999998,13,10223.200000000008,2016
2016-02-23 09:00:00,2016-02-24 18:00:00,10000.0,13.137499999999438,-171.99999999999437,buy,1.10215,1.10043,649.999999999995,33,10238.400000000009,2016
2016-02-24 18:00:00,2016-02-26 15:00:00,10000.0,58.48750000000169,-633.0000000000168,sell,1.09591,1.10224,1083.999999999996,45,10299.70000000001,2016
2016-02-28 22:00:00,2016-03-01 10:00:00,10000.0,47.2500000000021,-515.0000000000209,sell,1.08621,1.09136,999.0000000000165,36,10349.200000000013,2016
2016-03-01 10:00:00,2016-03-03 10:00:00,10000.0,-13.00000000000134,80.00000000001339,buy,1.08659,1.08739,410.9999999999836,48,10339.200000000015,2016
2016-03-03 10:00:00,2016-03-03 15:00:00,10000.0,-51.612500000001006,493.00000000001006,sell,1.0926,1.08767,21.00000000000435,5,10287.900000000014,2016
2016-03-03 15:00:00,2016-03-04 11:00:00,10000.0,-56.250000000000824,530.0000000000082,sell,1.0983,1.093,18.999999999991246,20,10232.900000000012,2016
2016-03-06 22:00:00,2016-03-08 10:00:00,10000.0,-30.250000000001577,260.00000000001575,sell,1.10149,1.09889,293.99999999999426,36,10204.900000000009,2016
2016-03-08 10:00:00,2016-03-09 09:00:00,10000.0,-46.13749999999996,426.99999999999955,buy,1.0973600000000001,1.10163,128.00000000001697,23,10160.200000000008,2016
2016-03-10 09:00:00,2016-03-10 13:00:00,10000.0,115.24999999999928,-1174.9999999999927,sell,1.08473,1.09648,1414.000000000004,4,10275.700000000008,2016
2016-03-10 17:00:00,2016-03-11 21:00:00,10000.0,34.9500000000004,-387.000000000004,sell,1.11518,1.11905,625.9999999999932,28,10312.400000000003,2016
2016-03-13 21:00:00,2016-03-14 22:00:00,10000.0,34.237499999998946,-377.9999999999894,sell,1.1103,1.11408,724.9999999999978,25,10348.200000000003,2016
2016-03-14 22:00:00,2016-03-16 19:00:00,10000.0,86.0874999999982,-908.9999999999819,buy,1.11943,1.11034,1371.9999999999952,45,10437.099999999999,2016
2016-03-17 05:00:00,2016-03-17 09:00:00,10000.0,-74.45000000000005,722.0000000000003,sell,1.12911,1.12189,48.00000000000359,4,10362.899999999998,2016
2016-03-17 09:00:00,2016-03-20 21:00:00,10000.0,22.650000000000812,-269.0000000000081,sell,1.12702,1.12971,716.0000000000055,36,10387.799999999997,2016
2016-03-20 21:00:00,2016-03-22 09:00:00,10000.0,57.95000000000114,-622.0000000000114,sell,1.12024,1.12646,818.0000000000075,36,10448.000000000002,2016
2016-03-24 13:00:00,2016-03-27 21:00:00,10000.0,-9.00000000000167,50.00000000001669,sell,1.11627,1.11577,227.99999999998374,32,10440.999999999995,2016
2016-03-27 21:00:00,2016-03-28 14:00:00,10000.0,-49.562500000000426,465.00000000000426,sell,1.1206,1.11595,28.99999999999014,17,10392.499999999996,2016
2016-03-28 14:00:00,2016-03-29 06:00:00,10000.0,21.000000000001798,-240.00000000001796,sell,1.1188799999999999,1.12128,288.00000000002154,16,10414.499999999996,2016
2016-03-29 06:00:00,2016-03-29 17:00:00,10000.0,66.01250000000154,-687.0000000000153,buy,1.12616,1.11929,933.000000000006,11,10481.199999999999,2016
2016-03-30 21:00:00,2016-03-31 12:00:00,10000.0,47.16249999999959,-500.99999999999585,buy,1.13849,1.13348,754.9999999999945,15,10529.299999999997,2016
2016-03-31 12:00:00,2016-04-01 02:00:00,10000.0,-23.775000000001473,209.00000000001472,buy,1.13692,1.13901,-17.000000000000348,14,10506.399999999996,2016
2016-04-03 21:00:00,2016-04-04 22:00:00,10000.0,-2.96250000000051,-5.999999999994897,sell,1.13918,1.13924,201.99999999999105,25,10504.999999999996,2016
2016-04-04 22:00:00,2016-04-05 08:00:00,10000.0,-37.92500000000033,353.0000000000033,buy,1.13541,1.13894,114.99999999999842,10,10467.699999999995,2016
2016-04-05 08:00:00,2016-04-06 16:00:00,10000.0,54.00000000000027,-580.0000000000027,buy,1.14259,1.13679,994.9999999999902,32,10523.699999999993,2016
2016-04-07 13:00:00,2016-04-10 21:00:00,10000.0,-49.09999999999792,450.99999999997914,sell,1.13949,1.13498,240.00000000001796,32,10476.599999999995,2016
2016-04-10 21:00:00,2016-04-12 09:00:00,10000.0,-35.55000000000077,313.0000000000077,sell,1.14342,1.14029,300.9999999999957,36,10443.29999999999,2016
2016-04-13 05:00:00,2016-04-13 10:00:00,10000.0,39.98749999999956,-422.99999999999557,sell,1.13152,1.13575,513.9999999999922,5,10483.59999999999,2016
2016-04-13 17:00:00,2016-04-17 21:00:00,10000.0,-5.749999999998835,4.999999999988347,sell,1.12805,1.1280000000000001,361.00000000001125,52,10481.09999999999,2016
2016-04-17 21:00:00,2016-04-19 02:00:00,10000.0,-33.01250000000034,292.00000000000335,sell,1.13212,1.1292,103.00000000000863,29,10449.89999999999,2016
2016-04-19 02:00:00,2016-04-19 14:00:00,10000.0,49.55000000000068,-523.0000000000067,buy,1.13752,1.13229,608.0000000000085,12,10500.199999999992,2016
2016-04-20 17:00:00,2016-04-21 13:00:00,10000.0,56.75000000000006,-600.0000000000005,buy,1.13735,1.13135,911.0000000000173,20,10558.199999999993,2016
2016-04-21 13:00:00,2016-04-24 21:00:00,10000.0,67.60000000000055,-716.0000000000055,sell,1.12215,1.12931,880.9999999999984,32,10627.800000000001,2016
2016-04-24 21:00:00,2016-04-25 16:00:00,10000.0,-57.18750000000071,540.000000000007,sell,1.12742,1.12202,34.99999999998504,19,10571.800000000003,2016
2016-04-25 17:00:00,2016-04-26 14:00:00,10000.0,47.287499999998424,-505.9999999999842,buy,1.13258,1.12752,702.0000000000026,21,10620.4,2016
2016-04-27 17:00:00,2016-04-27 19:00:00,10000.0,-12.325000000000209,102.00000000000207,buy,1.13246,1.13348,541.999999999998,2,10608.199999999999,2016
2016-04-27 19:00:00,2016-04-28 18:00:00,10000.0,29.56250000000081,-330.000000000008,buy,1.13469,1.13139,513.9999999999922,23,10639.199999999997,2016
2016-04-28 18:00:00,2016-04-29 08:00:00,10000.0,-35.57500000000106,327.0000000000106,sell,1.13802,1.13475,336.99999999998727,14,10604.499999999998,2016
2016-05-01 21:00:00,2016-05-02 14:00:00,10000.0,-67.36249999999936,642.9999999999935,sell,1.15219,1.1457600000000001,21.99999999998869,17,10538.199999999999,2016
2016-05-02 14:00:00,2016-05-02 22:00:00,10000.0,-21.200000000000383,187.0000000000038,sell,1.15277,1.1509,72.99999999998974,8,10517.499999999996,2016
2016-05-02 22:00:00,2016-05-03 08:00:00,10000.0,60.77500000000012,-634.0000000000011,buy,1.15904,1.1527,700.999999999996,10,10578.899999999998,2016
2016-05-03 08:00:00,2016-05-03 15:00:00,10000.0,-81.93750000000124,795.0000000000123,buy,1.15139,1.15934,0.0,7,10497.399999999996,2016
2016-05-04 13:00:00,2016-05-05 10:00:00,10000.0,57.7875000000006,-611.0000000000059,sell,1.14375,1.14986,689.0000000000063,21,10556.499999999998,2016
2016-05-08 21:00:00,2016-05-10 02:00:00,10000.0,7.287500000001664,-111.00000000001663,sell,1.13824,1.13935,368.00000000001273,29,10565.600000000002,2016
2016-05-10 02:00:00,2016-05-11 14:00:00,10000.0,41.15000000000211,-454.00000000002103,buy,1.1425400000000001,1.138,674.000000000019,36,10609.000000000002,2016
2016-05-11 21:00:00,2016-05-12 12:00:00,10000.0,36.56249999999898,-394.99999999998977,sell,1.13823,1.14218,463.9999999999977,15,10646.5,2016
2016-05-12 17:00:00,2016-05-13 13:00:00,10000.0,52.150000000001,-554.00000000001,sell,1.13184,1.13738,619.000000000014,20,10699.9,2016
2016-05-15 21:00:00,2016-05-17 14:00:00,10000.0,-44.46249999999938,398.99999999999375,sell,1.13409,1.1301,68.99999999998573,41,10658.000000000002,2016
2016-05-19 01:00:00,2016-05-19 13:00:00,10000.0,-50.449999999999406,476.99999999999403,buy,1.11799,1.12276,5.999999999994897,12,10608.300000000003,2016
2016-05-19 13:00:00,2016-05-20 10:00:00,10000.0,18.087500000000308,-214.00000000000307,buy,1.12211,1.11997,309.0000000000037,21,10627.700000000004,2016
2016-05-22 21:00:00,2016-05-24 09:00:00,10000.0,30.350000000000186,-346.0000000000018,sell,1.11799,1.12145,622.9999999999957,36,10660.30000000001,2016
2016-05-26 17:00:00,2016-05-27 15:00:00,10000.0,41.524999999998826,-448.99999999998823,sell,1.11352,1.11801,648.0000000000041,22,10703.200000000008,2016
2016-05-29 21:00:00,2016-05-31 01:00:00,10000.0,-41.14999999999854,373.99999999998545,sell,1.11489,1.11115,22.999999999995243,28,10663.800000000005,2016
2016-06-02 01:00:00,2016-06-02 14:00:00,10000.0,-36.91249999999913,340.9999999999913,buy,1.11593,1.11934,77.00000000001594,13,10627.700000000006,2016
2016-06-02 17:00:00,2016-06-03 13:00:00,10000.0,124.14999999999974,-1273.9999999999973,buy,1.12859,1.11585,1496.9999999999927,20,10753.100000000006,2016
2016-06-05 21:00:00,2016-06-06 22:00:00,10000.0,0.5375000000002144,-41.000000000002146,sell,1.13581,1.13622,340.00000000000693,25,10755.200000000012,2016
2016-06-06 22:00:00,2016-06-09 02:00:00,10000.0,47.750000000000824,-530.0000000000082,buy,1.14094,1.13564,714.0000000000146,52,10806.200000000015,2016
2016-06-09 21:00:00,2016-06-10 18:00:00,10000.0,50.4874999999994,-537.999999999994,sell,1.12602,1.1314,607.0000000000019,21,10858.000000000015,2016
2016-06-12 21:00:00,2016-06-13 15:00:00,10000.0,-60.224999999998815,570.9999999999882,sell,1.13018,1.12447,8.000000000008,18,10798.900000000016,2016
2016-06-13 15:00:00,2016-06-13 22:00:00,10000.0,-12.737500000000864,103.00000000000863,sell,1.12883,1.1278,96.99999999999153,7,10786.600000000015,2016
2016-06-13 22:00:00,2016-06-14 08:00:00,10000.0,-46.2249999999992,435.9999999999919,buy,1.12484,1.1292,18.0000000000069,10,10741.000000000015,2016
2016-06-16 05:00:00,2016-06-16 11:00:00,10000.0,-71.57500000000037,692.0000000000036,buy,1.12097,1.12789,52.999999999991935,6,10669.80000000001,2016
2016-06-16 13:00:00,2016-06-16 17:00:00,10000.0,-60.44999999999936,581.9999999999936,sell,1.12079,1.11497,346.0000000000018,4,10609.600000000011,2016
2016-06-19 21:00:00,2016-06-21 10:00:00,10000.0,-31.012499999999502,266.999999999995,sell,1.13412,1.13145,408.0000000000083,37,10580.900000000007,2016
2016-06-21 10:00:00,2016-06-21 14:00:00,10000.0,-82.25000000000007,800.0000000000007,buy,1.12459,1.13259,34.000000000000696,4,10498.900000000007,2016
2016-06-23 17:00:00,2016-06-24 02:00:00,10000.0,91.43750000000075,-940.0000000000074,sell,1.12621,1.13561,1642.00000000001,9,10590.900000000005,2016
2016-06-26 21:00:00,2016-07-03 21:00:00,10000.0,-103.69999999999985,941.9999999999983,sell,1.11304,1.10362,383.0,120,10494.700000000013,2016
2016-07-03 21:00:00,2016-07-05 23:00:00,10000.0,58.874999999999616,-639.999999999996,sell,1.10637,1.11277,1218.9999999999923,50,10556.700000000015,2016
2016-07-06 17:00:00,2016-07-07 18:00:00,10000.0,-45.76249999999891,421.99999999998903,buy,1.10541,1.10963,18.999999999991246,25,10512.500000000018,2016
2016-07-07 18:00:00,2016-07-08 14:00:00,10000.0,-5.24999999999978,19.999999999997797,sell,1.10549,1.10529,648.9999999999884,20,10508.500000000015,2016
2016-07-10 21:00:00,2016-07-12 08:00:00,10000.0,-67.68749999999855,634.9999999999856,sell,1.1111199999999999,1.10477,140.00000000000676,35,10443.000000000013,2016
2016-07-13 17:00:00,2016-07-15 02:00:00,10000.0,-2.562499999999055,-15.000000000009448,buy,1.1110200000000001,1.11087,237.00000000002052,33,10442.50000000001,2016
2016-07-17 21:00:00,2016-07-18 22:00:00,10000.0,-31.26249999999939,276.9999999999939,sell,1.10755,1.10478,82.00000000000429,25,10412.80000000001,2016
2016-07-18 22:00:00,2016-07-19 12:00:00,10000.0,-49.17500000000134,463.00000000001336,buy,1.10293,1.10756,58.999999999986834,14,10364.500000000007,2016
2016-07-20 21:00:00,2016-07-22 02:00:00,10000.0,6.0874999999982435,-98.99999999998242,buy,1.10211,1.10112,424.99999999998647,29,10372.400000000009,2016
2016-07-24 21:00:00,2016-07-26 06:00:00,10000.0,-49.2625000000008,452.0000000000079,sell,1.10138,1.09686,62.00000000000649,33,10325.200000000008,2016
2016-07-27 21:00:00,2016-07-28 18:00:00,10000.0,10.287500000000279,-136.00000000000279,buy,1.10689,1.10553,174.99999999999181,21,10336.800000000012,2016
2016-07-28 18:00:00,2016-07-29 13:00:00,10000.0,-83.6874999999989,804.999999999989,sell,1.11514,1.1070900000000001,34.000000000000696,19,10254.30000000001,2016
2016-07-31 21:00:00,2016-08-01 18:00:00,10000.0,4.0875000000018495,-74.00000000001849,sell,1.11692,1.11766,133.00000000000531,21,10259.700000000013,2016
2016-08-01 18:00:00,2016-08-02 14:00:00,10000.0,40.150000000000105,-434.000000000001,buy,1.12125,1.11691,555.0000000000166,20,10301.100000000013,2016
2016-08-07 21:00:00,2016-08-09 10:00:00,10000.0,-11.012499999999484,66.99999999999484,sell,1.10899,1.10832,144.00000000001077,37,10292.400000000014,2016
2016-08-09 10:00:00,2016-08-09 20:00:00,10000.0,22.575000000000777,-252.00000000000776,buy,1.11113,1.1086099999999999,373.0000000000011,10,10315.600000000015,2016
2016-08-14 21:00:00,2016-08-15 18:00:00,10000.0,-23.012500000000273,197.0000000000027,sell,1.11852,1.11655,178.00000000001145,21,10293.900000000012,2016
2016-08-15 18:00:00,2016-08-16 07:00:00,10000.0,53.087499999999835,-558.9999999999983,buy,1.12392,1.11833,625.0000000000089,13,10347.800000000014,2016
2016-08-16 07:00:00,2016-08-18 02:00:00,10000.0,43.212500000000716,-479.00000000000716,buy,1.13193,1.12714,801.0000000000072,43,10393.700000000012,2016
2016-08-21 21:00:00,2016-08-22 04:00:00,10000.0,32.86250000000033,-353.0000000000033,sell,1.12779,1.13132,409.9999999999992,7,10427.000000000013,2016
2016-08-22 04:00:00,2016-08-22 15:00:00,10000.0,-53.68749999999882,509.9999999999882,sell,1.13299,1.12789,1.0000000000065512,11,10374.000000000013,2016
2016-08-22 15:00:00,2016-08-22 22:00:00,10000.0,-11.737500000000974,93.00000000000973,sell,1.13215,1.13122,42.999999999993044,7,10362.70000000001,2016
2016-08-22 22:00:00,2016-08-24 06:00:00,10000.0,-36.600000000000406,326.00000000000404,buy,1.12867,1.13193,-9.999999999998899,32,10328.100000000004,2016
2016-08-25 13:00:00,2016-08-26 15:00:00,10000.0,7.975000000000499,-116.00000000000497,sell,1.12802,1.12918,600.0000000000005,26,10337.700000000006,2016
2016-08-28 21:00:00,2016-08-30 10:00:00,10000.0,6.987500000000754,-113.00000000000753,sell,1.11723,1.11836,348.00000000001495,37,10347.000000000007,2016
2016-08-30 10:00:00,2016-08-30 18:00:00,10000.0,-38.60000000000113,361.00000000001125,buy,1.11326,1.11687,0.0,8,10308.900000000005,2016
2016-09-05 01:00:00,2016-09-06 15:00:00,10000.0,-88.87500000000068,845.0000000000068,sell,1.12402,1.11557,148.99999999999912,38,10222.400000000007,2016
2016-09-08 13:00:00,2016-09-09 14:00:00,10000.0,74.13750000000054,-777.0000000000055,sell,1.12069,1.12846,839.9999999999962,25,10298.100000000008,2016
2016-09-11 21:00:00,2016-09-12 22:00:00,10000.0,-7.2624999999998145,36.999999999998145,sell,1.12359,1.12322,313.99999999999204,25,10292.400000000012,2016
2016-09-12 22:00:00,2016-09-16 10:00:00,10000.0,-27.250000000000018,200.00000000000017,buy,1.12197,1.12397,163.00000000000202,84,10270.400000000001,2016
2016-09-18 21:00:00,2016-09-19 15:00:00,10000.0,-35.82499999999884,326.9999999999884,sell,1.11841,1.11514,131.99999999999878,18,10235.700000000006,2016
2016-09-19 15:00:00,2016-09-19 22:00:00,10000.0,-2.4375,0.0,sell,1.11761,1.11761,45.999999999990486,7,10233.700000000006,2016
2016-09-19 22:00:00,2016-09-20 21:00:00,10000.0,-34.337500000000375,309.0000000000037,buy,1.11487,1.11796,-4.000000000004,23,10200.800000000001,2016
2016-09-22 01:00:00,2016-09-22 08:00:00,10000.0,-45.73749999999945,432.9999999999945,sell,1.12275,1.11842,121.00000000001553,7,10155.5,2016
2016-09-22 08:00:00,2016-09-25 21:00:00,10000.0,6.187500000002174,-105.00000000002173,sell,1.12234,1.12339,331.0000000000146,37,10164.000000000004,2016
2016-09-25 21:00:00,2016-09-26 12:00:00,10000.0,-41.13749999999935,381.9999999999934,sell,1.12632,1.1225,12.000000000012,15,10123.800000000001,2016
2016-09-26 12:00:00,2016-09-26 18:00:00,10000.0,-2.3749999999977796,-2.2204460492503128e-11,sell,1.12607,1.1260700000000001,179.00000000001802,6,10121.800000000003,2016
2016-09-26 18:00:00,2016-09-27 13:00:00,10000.0,-57.08750000000006,539.0000000000006,buy,1.12033,1.12572,59.00000000000904,19,10065.900000000001,2016
2016-09-29 17:00:00,2016-10-02 21:00:00,10000.0,-39.45000000000073,357.0000000000073,sell,1.12392,1.12035,109.99999999998788,28,10028.2,2016
2016-10-02 21:00:00,2016-10-04 07:00:00,10000.0,58.07500000000114,-622.0000000000114,sell,1.1175,1.12372,683.9999999999957,34,10088.400000000003,2016
2016-10-06 17:00:00,2016-10-07 02:00:00,10000.0,-30.562500000001357,280.00000000001353,buy,1.11276,1.11556,119.99999999998677,9,10058.400000000001,2016
2016-10-09 21:00:00,2016-10-11 02:00:00,10000.0,56.78749999999954,-605.9999999999953,sell,1.1124,1.11846,756.000000000001,29,10117.000000000004,2016
2016-10-13 09:00:00,2016-10-16 21:00:00,10000.0,45.350000000000755,-496.0000000000075,sell,1.09691,1.1018700000000001,878.9999999999852,36,10164.6,2016
2016-10-16 21:00:00,2016-10-18 01:00:00,10000.0,-55.449999999998965,516.9999999999897,sell,1.10177,1.0966,9.000000000014552,28,10110.899999999996,2016
2016-10-18 17:00:00,2016-10-19 10:00:00,10000.0,-22.162500000000783,191.00000000000782,sell,1.09979,1.09788,60.999999999999936,17,10089.799999999994,2016
2016-10-19 10:00:00,2016-10-20 06:00:00,10000.0,-30.050000000000157,268.00000000000153,buy,1.09582,1.0985,46.99999999999704,20,10060.999999999989,2016
2016-10-20 06:00:00,2016-10-20 13:00:00,10000.0,-18.137499999998493,156.9999999999849,sell,1.0978999999999999,1.09633,595.0000000000122,7,10043.29999999999,2016
2016-10-20 13:00:00,2016-10-21 08:00:00,10000.0,60.21250000000012,-634.0000000000011,sell,1.08834,1.09468,689.9999999999906,19,10104.699999999992,2016
2016-10-23 21:00:00,2016-10-26 09:00:00,10000.0,-53.449999999999406,476.99999999999403,sell,1.0925099999999999,1.08774,16.000000000016,60,10054.999999999996,2016
2016-10-27 05:00:00,2016-10-28 14:00:00,10000.0,11.937500000000458,-160.00000000000458,buy,1.09254,1.09094,436.0000000000141,33,10068.999999999998,2016
2016-10-30 21:00:00,2016-10-31 18:00:00,10000.0,13.987500000000093,-173.0000000000009,sell,1.09642,1.09815,258.0000000000027,21,10084.299999999997,2016
2016-10-31 18:00:00,2016-11-01 12:00:00,10000.0,55.17500000000002,-583.0000000000001,buy,1.10246,1.09663,652.9999999999924,18,10140.599999999997,2016
2016-11-02 17:00:00,2016-11-06 22:00:00,10000.0,-6.149999999999235,8.999999999992347,sell,1.10961,1.10952,412.00000000001234,52,10137.7,2016
2016-11-06 22:00:00,2016-11-07 18:00:00,10000.0,37.45000000000018,-407.00000000000176,sell,1.10422,1.10829,676.9999999999942,20,10176.400000000001,2016
2016-11-07 18:00:00,2016-11-09 01:00:00,10000.0,-52.53750000000086,486.0000000000086,buy,1.09913,1.10399,-4.000000000004,31,10125.800000000003,2016
2016-11-09 13:00:00,2016-11-11 17:00:00,10000.0,166.04999999999868,-1712.9999999999866,sell,1.08356,1.10069,1766.0000000000007,52,10295.099999999995,2016
2016-11-13 22:00:00,2016-11-14 09:00:00,10000.0,97.71250000000049,-1004.0000000000048,sell,1.07352,1.08356,1034.999999999986,11,10393.499999999996,2016
2016-11-14 21:00:00,2016-11-15 14:00:00,10000.0,-8.86250000000025,58.00000000000249,buy,1.07318,1.07376,46.00000000001269,17,10385.7,2016
2016-11-15 14:00:00,2016-11-17 17:00:00,10000.0,62.31250000000034,-675.0000000000033,sell,1.06569,1.07244,1021.0000000000051,51,10451.199999999997,2016
2016-11-17 17:00:00,2016-11-18 21:00:00,10000.0,35.050000000001056,-388.0000000000105,sell,1.0594299999999999,1.06331,495.00000000002314,28,10487.999999999996,2016
2016-11-20 22:00:00,2016-11-21 10:00:00,10000.0,-52.350000000000755,496.0000000000075,sell,1.06332,1.05836,151.99999999999656,12,10436.399999999998,2016
2016-11-23 17:00:00,2016-11-25 18:00:00,10000.0,26.63750000000117,-317.0000000000117,buy,1.05901,1.05584,730.9999999999927,49,10466.1,2016
2016-11-27 22:00:00,2016-11-28 03:00:00,10000.0,-70.91249999999866,685.9999999999866,sell,1.06636,1.0595,211.0000000000056,5,10395.5,2016
2016-11-28 03:00:00,2016-11-28 13:00:00,10000.0,61.87500000000067,-645.0000000000066,sell,1.05837,1.06482,853.9999999999991,10,10457.999999999998,2016
2016-11-29 09:00:00,2016-11-29 19:00:00,10000.0,44.57500000000057,-472.0000000000057,buy,1.06447,1.05975,804.0000000000047,10,10503.199999999997,2016
2016-12-01 01:00:00,2016-12-01 21:00:00,10000.0,56.95000000000137,-602.0000000000136,buy,1.06573,1.05971,734.9999999999967,20,10561.4,2016
2016-12-01 21:00:00,2016-12-02 02:00:00,10000.0,3.287499999998939,-55.999999999989384,buy,1.06676,1.0662,139.99999999998457,5,10564.999999999998,2016
2016-12-04 22:00:00,2016-12-05 09:00:00,10000.0,-111.4874999999978,1087.9999999999777,sell,1.0638699999999999,1.05299,228.00000000000597,11,10454.2,2016
2016-12-07 05:00:00,2016-12-07 16:00:00,10000.0,-53.98749999999857,512.9999999999857,sell,1.07672,1.07159,3.000000000019653,11,10400.9,2016
2016-12-07 16:00:00,2016-12-08 13:00:00,10000.0,-1.7125000000006205,-15.999999999993795,sell,1.07535,1.07551,1188.9999999999955,21,10400.499999999998,2016
2016-12-08 13:00:00,2016-12-09 13:00:00,10000.0,108.10000000000059,-1116.0000000000057,sell,1.0553299999999999,1.06649,1253.000000000015,24,10510.099999999995,2016
2016-12-19 13:00:00,2016-12-20 13:00:00,10000.0,-80.29999999999909,767.9999999999909,buy,1.03535,1.04303,18.0000000000069,24,10431.299999999994,2016
2016-12-21 01:00:00,2016-12-21 14:00:00,10000.0,-50.412500000000975,476.0000000000097,sell,1.04427,1.03951,-12.999999999996346,13,10381.699999999993,2016
2016-12-21 14:00:00,2016-12-22 16:00:00,10000.0,-24.724999999998342,210.9999999999834,sell,1.0460099999999999,1.0439,386.0000000000196,26,10358.599999999997,2016
2016-12-22 16:00:00,2016-12-23 21:00:00,10000.0,-3.61250000000091,-1.9999999999908977,sell,1.04499,1.04501,185.99999999999727,29,10356.799999999997,2016
2016-12-27 21:00:00,2016-12-28 11:00:00,10000.0,-31.17499999999888,282.9999999999888,buy,1.04295,1.04578,-15.999999999993795,14,10326.5,2016
2016-12-28 17:00:00,2016-12-29 01:00:00,10000.0,-47.79999999999923,452.99999999999227,sell,1.0427199999999999,1.03819,44.00000000002179,8,10279.199999999999,2016
2016-12-29 01:00:00,2016-12-29 10:00:00,10000.0,-41.2625000000004,387.000000000004,sell,1.04702,1.04315,92.00000000000318,9,10238.5,2016
2016-12-29 10:00:00,2016-12-30 00:00:00,10000.0,-101.07499999999939,981.9999999999939,sell,1.05664,1.04682,851.0000000000017,14,10138.3,2016
2017-01-03 09:00:00,2017-01-04 15:00:00,10000.0,-68.27499999999779,643.9999999999778,sell,1.04635,1.0399100000000001,-4.999999999988347,30,9933.6,2017
2017-01-05 21:00:00,2017-01-06 19:00:00,10000.0,-85.6749999999996,822.9999999999959,buy,1.05245,1.06068,-1.9999999999908977,22,9849.3,2017
2017-01-08 22:00:00,2017-01-09 10:00:00,10000.0,-14.850000000001554,121.00000000001553,buy,1.05215,1.05336,58.999999999986834,12,9835.199999999999,2017
2017-01-09 10:00:00,2017-01-09 17:00:00,10000.0,-63.33749999999929,608.9999999999928,sell,1.0576699999999999,1.05158,54.00000000002069,7,9772.299999999997,2017
2017-01-09 17:00:00,2017-01-11 13:00:00,10000.0,60.14999999999884,-648.9999999999884,sell,1.05031,1.0568,1235.9999999999925,44,9835.199999999993,2017
2017-01-11 21:00:00,2017-01-12 14:00:00,10000.0,63.737500000000196,-668.0000000000018,buy,1.06499,1.05831,790.0000000000017,17,9899.999999999993,2017
2017-01-12 14:00:00,2017-01-13 21:00:00,10000.0,13.862500000001148,-178.00000000001145,sell,1.06382,1.0656,367.9999999999905,31,9915.799999999994,2017
2017-01-15 22:00:00,2017-01-17 12:00:00,10000.0,-94.97499999999846,905.9999999999845,sell,1.07106,1.062,82.00000000000429,38,9823.19999999999,2017
2017-01-18 21:00:00,2017-01-19 18:00:00,10000.0,-3.91249999999949,5.999999999994897,buy,1.0629600000000001,1.06302,414.00000000000324,21,9820.599999999991,2017
2017-01-19 18:00:00,2017-01-20 18:00:00,10000.0,-54.80000000000079,513.0000000000078,sell,1.06762,1.06249,181.99999999999326,24,9767.299999999992,2017
2017-01-22 22:00:00,2017-01-23 22:00:00,10000.0,-65.000000000001,615.0000000000099,sell,1.07641,1.07026,41.000000000002146,24,9703.799999999997,2017
2017-01-24 05:00:00,2017-01-26 13:00:00,10000.0,-53.80000000000112,483.00000000001114,buy,1.0708,1.07563,11.999999999989795,56,9653.499999999998,2017
2017-01-26 13:00:00,2017-01-27 02:00:00,10000.0,-21.312499999999073,184.9999999999907,buy,1.06799,1.06984,229.99999999999685,13,9633.000000000002,2017
2017-01-29 22:00:00,2017-01-30 12:00:00,10000.0,44.32500000000057,-472.0000000000057,sell,1.06627,1.07099,768.9999999999974,14,9678.2,2017
2017-02-01 09:00:00,2017-02-01 19:00:00,10000.0,43.07499999999963,-456.99999999999625,sell,1.07363,1.0782,705.9999999999843,10,9721.900000000003,2017
2017-02-01 19:00:00,2017-02-03 21:00:00,10000.0,-12.724999999998719,75.99999999998718,sell,1.0781399999999999,1.07738,469.00000000000824,50,9712.300000000007,2017
2017-02-05 22:00:00,2017-02-06 14:00:00,10000.0,63.6000000000011,-666.000000000011,sell,1.07145,1.0781100000000001,734.9999999999967,16,9776.900000000005,2017
2017-02-07 17:00:00,2017-02-08 10:00:00,10000.0,41.837499999998826,-448.99999999998823,sell,1.06457,1.06906,600.0000000000005,17,9819.800000000005,2017
2017-02-08 13:00:00,2017-02-08 17:00:00,10000.0,-40.05000000000116,378.00000000001165,sell,1.07075,1.06697,59.999999999993385,4,9780.000000000004,2017
2017-02-08 17:00:00,2017-02-10 08:00:00,10000.0,48.26249999999886,-526.9999999999885,sell,1.06414,1.06941,675.9999999999877,39,9830.700000000003,2017
2017-02-12 22:00:00,2017-02-14 16:00:00,10000.0,58.57500000000103,-632.0000000000102,sell,1.05653,1.06285,924.999999999998,42,9891.900000000001,2017
2017-02-15 13:00:00,2017-02-15 16:00:00,10000.0,-45.687499999998536,434.99999999998533,sell,1.0574999999999999,1.05315,49.00000000001014,3,9846.400000000001,2017
2017-02-15 16:00:00,2017-02-16 14:00:00,10000.0,-47.374999999999595,439.9999999999959,sell,1.06381,1.05941,170.00000000000347,22,9800.400000000005,2017
2017-02-16 14:00:00,2017-02-17 20:00:00,10000.0,44.72500000000086,-486.0000000000086,sell,1.06076,1.06562,712.0000000000015,30,9847.000000000004,2017
2017-02-19 22:00:00,2017-02-21 04:00:00,10000.0,33.22500000000102,-371.0000000000102,sell,1.05809,1.0618,514.9999999999987,30,9882.10000000001,2017
2017-02-22 21:00:00,2017-02-23 22:00:00,10000.0,15.737499999999873,-192.99999999999872,buy,1.05782,1.05589,409.9999999999992,25,9899.400000000009,2017
2017-02-23 22:00:00,2017-02-24 21:00:00,10000.0,11.462499999999913,-148.99999999999912,sell,1.05617,1.05766,557.9999999999918,23,9912.300000000005,2017
2017-02-26 22:00:00,2017-02-27 15:00:00,10000.0,-44.962500000001384,419.00000000001376,sell,1.0599,1.05571,82.99999999998863,17,9868.400000000001,2017
2017-02-28 05:00:00,2017-03-01 01:00:00,10000.0,-39.149999999997604,358.99999999997596,buy,1.0560100000000001,1.0595999999999999,6.000000000017102,20,9830.499999999998,2017
2017-03-01 13:00:00,2017-03-01 22:00:00,10000.0,-27.162500000001288,246.00000000001285,sell,1.05475,1.05229,235.99999999999176,9,9803.899999999996,2017
2017-03-01 22:00:00,2017-03-02 15:00:00,10000.0,-48.76249999999963,456.99999999999625,buy,1.05043,1.055,55.999999999989384,17,9756.199999999997,2017
2017-03-02 15:00:00,2017-03-03 06:00:00,10000.0,-13.937499999998789,109.99999999998788,buy,1.05152,1.05262,208.9999999999925,15,9743.199999999999,2017
2017-03-05 22:00:00,2017-03-06 18:00:00,10000.0,26.549999999999827,-297.99999999999824,sell,1.0579,1.06088,604.9999999999889,20,9770.999999999998,2017
2017-03-06 18:00:00,2017-03-08 14:00:00,10000.0,-37.350000000000406,326.00000000000404,buy,1.05514,1.0584,180.00000000000236,44,9736.400000000001,2017
2017-03-09 17:00:00,2017-03-10 02:00:00,10000.0,2.8374999999998494,-53.99999999999849,buy,1.05866,1.05812,163.99999999998636,9,9739.800000000003,2017
2017-03-12 21:00:00,2017-03-13 10:00:00,10000.0,13.287500000001113,-161.0000000000111,sell,1.06667,1.0682800000000001,472.0000000000057,13,9753.900000000005,2017
2017-03-13 10:00:00,2017-03-14 13:00:00,10000.0,-52.3874999999993,486.99999999999295,buy,1.06263,1.0675,11.999999999989795,27,9703.200000000006,2017
2017-03-16 21:00:00,2017-03-19 21:00:00,10000.0,26.600000000001792,-301.0000000000179,sell,1.0738699999999999,1.07688,434.000000000001,24,9731.300000000008,2017
2017-03-19 21:00:00,2017-03-20 08:00:00,10000.0,-37.38750000000084,347.0000000000084,sell,1.07708,1.07361,59.999999999993385,11,9694.600000000006,2017
2017-03-20 08:00:00,2017-03-20 18:00:00,10000.0,28.975000000000517,-316.0000000000051,sell,1.07298,1.07614,364.99999999999307,10,9724.200000000004,2017
2017-03-20 18:00:00,2017-03-21 07:00:00,10000.0,33.687500000001535,-365.0000000000153,buy,1.0770600000000001,1.07341,519.0000000000027,13,9758.700000000004,2017
2017-03-21 09:00:00,2017-03-24 10:00:00,10000.0,1.1375000000015945,-77.00000000001594,buy,1.08017,1.0794,423.0000000000178,73,9764.400000000005,2017
2017-03-26 21:00:00,2017-03-27 13:00:00,10000.0,-69.10000000000005,661.0000000000005,sell,1.08957,1.08296,5.000000000010552,16,9696.300000000007,2017
2017-03-27 13:00:00,2017-03-27 22:00:00,10000.0,9.437500000000899,-120.00000000000898,sell,1.08646,1.08766,259.0000000000092,9,9706.300000000008,2017
2017-03-27 22:00:00,2017-03-28 17:00:00,10000.0,-35.88750000000106,327.0000000000106,buy,1.0831,1.08637,19.999999999997797,19,9671.600000000008,2017
2017-04-02 21:00:00,2017-04-04 10:00:00,10000.0,-7.412499999998104,30.99999999998104,sell,1.0657699999999999,1.06546,229.0000000000125,37,9666.500000000007,2017
2017-04-04 10:00:00,2017-04-04 22:00:00,10000.0,29.95000000000106,-327.0000000000106,buy,1.06763,1.06436,351.0000000000124,12,9697.20000000001,2017
2017-04-06 13:00:00,2017-04-07 17:00:00,10000.0,50.6499999999989,-543.9999999999889,sell,1.05994,1.06538,654.9999999999833,28,9749.600000000008,2017
2017-04-09 21:00:00,2017-04-11 10:00:00,10000.0,-32.11250000000005,278.00000000000045,sell,1.06085,1.05807,8.999999999992347,37,9719.800000000003,2017
2017-04-11 10:00:00,2017-04-12 20:00:00,10000.0,39.37500000000076,-435.00000000000756,buy,1.06568,1.0613299999999999,685.0000000000023,34,9761.3,2017
2017-04-16 21:00:00,2017-04-17 08:00:00,10000.0,-36.38749999999873,336.99999999998727,sell,1.06395,1.06058,113.00000000000753,11,9725.600000000002,2017
2017-04-17 08:00:00,2017-04-17 14:00:00,10000.0,-35.67500000000055,333.0000000000055,sell,1.06562,1.06229,11.000000000005448,6,9690.3,2017
2017-04-17 14:00:00,2017-04-17 22:00:00,10000.0,12.500000000000568,-150.00000000000568,sell,1.06457,1.06607,241.0000000000023,8,9703.3,2017
2017-04-17 22:00:00,2017-04-18 12:00:00,10000.0,30.924999999999386,-337.99999999999386,buy,1.06764,1.06426,400.00000000000034,14,9735.099999999999,2017
2017-04-19 17:00:00,2017-04-20 08:00:00,10000.0,31.162499999999127,-340.9999999999913,buy,1.07473,1.07132,415.99999999999415,15,9767.199999999993,2017
2017-04-23 21:00:00,2017-04-24 22:00:00,10000.0,25.837499999999427,-293.99999999999426,sell,1.08653,1.08947,327.99999999999494,25,9794.599999999995,2017
2017-04-24 22:00:00,2017-04-25 15:00:00,10000.0,55.637500000000415,-587.0000000000041,buy,1.0925500000000001,1.08668,747.0000000000088,17,9851.299999999996,2017
2017-04-27 05:00:00,2017-04-27 14:00:00,10000.0,31.437500000000696,-340.00000000000693,sell,1.08635,1.08975,687.0000000000153,9,9883.299999999997,2017
2017-04-27 14:00:00,2017-04-28 10:00:00,10000.0,-79.94999999999844,766.9999999999843,sell,1.0938999999999999,1.08623,76.0000000000094,20,9804.599999999997,2017
2017-04-30 21:00:00,2017-05-01 18:00:00,10000.0,-17.412499999999113,140.99999999999113,sell,1.09063,1.08922,170.00000000000347,21,9788.499999999998,2017
2017-05-01 18:00:00,2017-05-04 14:00:00,10000.0,21.650000000000702,-279.000000000007,buy,1.09344,1.09065,601.000000000007,68,9814.400000000001,2017
2017-05-04 14:00:00,2017-05-04 18:00:00,10000.0,16.850000000000783,-191.00000000000782,buy,1.09656,1.09465,306.99999999999056,4,9831.500000000004,2017
2017-05-04 18:00:00,2017-05-07 21:00:00,10000.0,-23.087500000000528,194.00000000000526,sell,1.09959,1.09765,25.999999999992692,27,9810.100000000004,2017
2017-05-07 21:00:00,2017-05-08 00:00:00,10000.0,41.112500000001674,-433.00000000001666,sell,1.09662,1.10095,470.00000000001484,3,9851.400000000005,2017
2017-05-08 00:00:00,2017-05-08 18:00:00,10000.0,31.175000000000438,-343.0000000000044,sell,1.09299,1.09642,663.0000000000135,18,9883.700000000004,2017
2017-05-08 18:00:00,2017-05-09 12:00:00,10000.0,-52.224999999999696,490.99999999999693,buy,1.0883800000000001,1.09329,44.00000000002179,18,9832.600000000002,2017
2017-05-11 05:00:00,2017-05-11 13:00:00,10000.0,-28.499999999999357,259.9999999999936,buy,1.08511,1.08771,126.00000000000388,8,9804.600000000004,2017
2017-05-11 13:00:00,2017-05-12 10:00:00,10000.0,-2.1124999999988,-12.000000000012,buy,1.08704,1.0869199999999999,153.00000000000313,21,9803.800000000008,2017
2017-05-14 21:00:00,2017-05-15 11:00:00,10000.0,-45.17499999999956,422.99999999999557,sell,1.09711,1.09288,-17.000000000000348,14,9759.50000000001,2017
2017-05-15 11:00:00,2017-05-15 18:00:00,10000.0,-8.737499999999084,62.999999999990834,sell,1.0971199999999999,1.09649,178.00000000001145,7,9751.20000000001,2017
2017-05-15 18:00:00,2017-05-16 07:00:00,10000.0,29.387500000000003,-322.00000000000006,buy,1.10115,1.09793,391.00000000000796,13,9781.400000000009,2017
2017-05-16 07:00:00,2017-05-16 13:00:00,10000.0,42.425000000000395,-448.0000000000039,buy,1.10752,1.10304,477.00000000001626,6,9824.200000000008,2017
2017-05-17 17:00:00,2017-05-18 18:00:00,10000.0,58.03749999999943,-615.9999999999943,sell,1.10908,1.11524,805.9999999999956,25,9883.800000000007,2017
2017-05-21 21:00:00,2017-05-22 12:00:00,10000.0,-39.93750000000037,370.00000000000364,sell,1.12364,1.11994,90.99999999999663,15,9844.800000000008,2017
2017-05-22 12:00:00,2017-05-22 22:00:00,10000.0,2.274999999998794,-48.999999999987935,sell,1.12379,1.12428,249.99999999999466,10,9847.700000000006,2017
2017-05-22 22:00:00,2017-05-23 16:00:00,10000.0,-48.82499999999963,456.99999999999625,buy,1.11942,1.12399,15.000000000009448,18,9800.000000000004,2017
2017-05-24 17:00:00,2017-05-25 00:00:00,10000.0,-49.837499999999665,473.9999999999966,sell,1.12302,1.11828,25.000000000008345,7,9750.600000000004,2017
2017-05-25 00:00:00,2017-05-26 14:00:00,10000.0,46.92500000000079,-513.0000000000078,sell,1.11692,1.12205,805.0000000000111,38,9799.900000000003,2017
2017-05-28 21:00:00,2017-05-30 00:00:00,10000.0,40.41250000000025,-441.00000000000244,sell,1.11304,1.11745,588.999999999995,27,9842.000000000002,2017
2017-05-30 05:00:00,2017-05-30 10:00:00,10000.0,42.38749999999974,-446.9999999999974,buy,1.11622,1.11175,533.99999999999,5,9884.7,2017
2017-05-30 21:00:00,2017-05-31 14:00:00,10000.0,48.03749999999948,-510.99999999999477,buy,1.12309,1.11798,670.9999999999993,17,9933.800000000001,2017
2017-05-31 21:00:00,2017-06-04 21:00:00,10000.0,30.60000000000008,-356.00000000000074,buy,1.12778,1.12422,763.0000000000025,48,9967.399999999998,2017
2017-06-05 13:00:00,2017-06-07 11:00:00,10000.0,-45.675000000000836,408.0000000000083,buy,1.12096,1.12504,49.999999999994486,46,9924.599999999999,2017
2017-06-08 13:00:00,2017-06-08 22:00:00,10000.0,-20.662499999998673,180.9999999999867,buy,1.1202,1.12201,67.00000000001704,9,9904.5,2017
2017-06-08 22:00:00,2017-06-11 21:00:00,10000.0,2.0625000000005045,-55.00000000000504,sell,1.11953,1.12008,199.0000000000158,23,9908.000000000002,2017
2017-06-11 21:00:00,2017-06-12 18:00:00,10000.0,-7.012499999997594,36.99999999997594,sell,1.1205399999999999,1.12017,262.00000000000665,21,9902.300000000005,2017
2017-06-12 18:00:00,2017-06-14 13:00:00,10000.0,47.212500000000276,-519.0000000000027,buy,1.12613,1.12094,765.0000000000156,43,9952.200000000006,2017
2017-06-15 05:00:00,2017-06-15 10:00:00,10000.0,51.4874999999994,-537.999999999994,sell,1.11616,1.12154,581.9999999999936,5,10004.000000000004,2017
2017-06-15 10:00:00,2017-06-18 21:00:00,10000.0,-36.68749999999975,324.9999999999975,sell,1.11962,1.11637,45.999999999990486,35,9969.500000000007,2017
2017-06-18 21:00:00,2017-06-19 16:00:00,10000.0,29.712500000000148,-329.0000000000015,sell,1.11614,1.11943,507.00000000001296,19,10000.400000000012,2017
2017-06-19 16:00:00,2017-06-20 02:00:00,10000.0,-3.22499999999949,5.999999999994897,sell,1.11569,1.1156300000000001,24.000000000001794,10,9997.800000000016,2017
2017-06-20 02:00:00,2017-06-20 15:00:00,10000.0,-36.612499999999386,337.99999999999386,buy,1.1124,1.11578,-11.999999999989795,13,9962.000000000015,2017
2017-06-21 21:00:00,2017-06-23 14:00:00,10000.0,-36.962499999999096,323.99999999999096,sell,1.11971,1.11647,-18.0000000000069,41,9927.60000000002,2017
2017-06-25 21:00:00,2017-06-26 18:00:00,10000.0,-4.11249999999858,7.999999999985795,sell,1.1193,1.11922,263.0000000000132,21,9924.800000000021,2017
2017-06-26 18:00:00,2017-06-27 09:00:00,10000.0,62.262499999998596,-651.9999999999859,buy,1.12465,1.11813,696.999999999992,15,9988.00000000002,2017
2017-06-27 09:00:00,2017-06-27 16:00:00,10000.0,65.96249999999958,-683.9999999999957,buy,1.13241,1.12557,777.9999999999898,7,10054.400000000018,2017
2017-06-27 16:00:00,2017-06-28 08:00:00,10000.0,59.7000000000022,-627.0000000000219,buy,1.13759,1.1313199999999999,700.0000000000117,16,10115.100000000019,2017
2017-06-28 17:00:00,2017-07-02 21:00:00,10000.0,-50.55000000000145,453.00000000001444,sell,1.14209,1.13756,241.0000000000023,52,10067.80000000001,2017
2017-07-02 21:00:00,2017-07-03 09:00:00,10000.0,35.649999999998435,-383.9999999999843,sell,1.13806,1.1419,455.9999999999897,12,10104.20000000001,2017
2017-07-03 09:00:00,2017-07-03 18:00:00,10000.0,7.437500000001119,-100.00000000001118,sell,1.13607,1.13707,182.00000000001546,9,10112.200000000012,2017
2017-07-03 18:00:00,2017-07-05 10:00:00,10000.0,-42.8,383.0,buy,1.13215,1.13598,43.99999999999959,40,10071.90000000001,2017
2017-07-06 17:00:00,2017-07-09 21:00:00,10000.0,19.849999999999177,-235.99999999999176,sell,1.13971,1.14207,419.9999999999981,28,10093.50000000001,2017
2017-07-10 05:00:00,2017-07-10 18:00:00,10000.0,-3.6125000000008,8.000000000008,sell,1.14074,1.14066,100.99999999999552,13,10090.700000000006,2017
2017-07-10 18:00:00,2017-07-11 17:00:00,10000.0,32.662499999998914,-360.9999999999891,buy,1.14391,1.1403,568.9999999999973,23,10124.800000000007,2017
2017-07-12 05:00:00,2017-07-12 13:00:00,10000.0,-11.199999999999264,86.99999999999262,buy,1.14649,1.14736,402.9999999999978,8,10114.100000000008,2017
2017-07-13 01:00:00,2017-07-13 10:00:00,10000.0,-45.06249999999865,424.99999999998647,buy,1.13934,1.1435899999999999,85.00000000000173,9,10069.60000000001,2017
2017-07-13 10:00:00,2017-07-14 10:00:00,10000.0,19.100000000001508,-226.00000000001506,buy,1.14121,1.13895,422.99999999999557,24,10090.20000000001,2017
2017-07-16 21:00:00,2017-07-17 18:00:00,10000.0,-16.71249999999897,133.99999999998968,sell,1.14794,1.1466,70.99999999999883,21,10074.80000000001,2017
2017-07-17 18:00:00,2017-07-18 02:00:00,10000.0,42.1000000000013,-446.000000000013,buy,1.15266,1.1481999999999999,556.0000000000009,8,10117.400000000012,2017
2017-07-19 17:00:00,2017-07-20 12:00:00,10000.0,-39.587499999998656,363.9999999999865,buy,1.14822,1.1518599999999999,29.999999999996692,19,10079.00000000001,2017
2017-07-20 13:00:00,2017-07-20 15:00:00,10000.0,-77.02499999999996,748.9999999999997,sell,1.1636,1.15611,212.00000000001216,2,10002.10000000001,2017
2017-07-20 15:00:00,2017-07-21 06:00:00,10000.0,-13.237499999998644,102.99999999998643,sell,1.16414,1.16311,-19.999999999997797,15,9989.80000000001,2017
2017-07-23 21:00:00,2017-07-24 22:00:00,10000.0,21.737500000001432,-253.0000000000143,sell,1.16383,1.16636,455.00000000000534,25,10013.100000000015,2017
2017-07-24 22:00:00,2017-07-25 13:00:00,10000.0,43.66250000000109,-466.0000000000108,buy,1.16857,1.16391,558.000000000014,15,10057.700000000017,2017
2017-07-26 17:00:00,2017-07-26 19:00:00,10000.0,-64.82499999999997,626.9999999999998,sell,1.17059,1.16432,14.000000000002897,2,9993.000000000016,2017
2017-07-26 19:00:00,2017-07-30 21:00:00,10000.0,-32.12499999999925,269.99999999999244,sell,1.17468,1.17198,293.99999999999426,50,9964.000000000018,2017
2017-07-30 21:00:00,2017-07-31 16:00:00,10000.0,-79.7875,766.0,sell,1.18269,1.17503,28.99999999999014,19,9885.400000000021,2017
2017-07-31 21:00:00,2017-08-01 22:00:00,10000.0,-36.06249999999975,324.9999999999975,buy,1.18036,1.18361,194.00000000000526,25,9850.900000000021,2017
2017-08-01 22:00:00,2017-08-02 09:00:00,10000.0,-55.38749999999886,526.9999999999885,sell,1.1856,1.18033,117.99999999999588,11,9796.20000000002,2017
2017-08-02 17:00:00,2017-08-04 14:00:00,10000.0,82.68750000000036,-875.0000000000035,sell,1.17931,1.1880600000000001,995.9999999999968,45,9881.700000000019,2017
2017-08-06 21:00:00,2017-08-07 18:00:00,10000.0,-25.512499999998887,221.99999999998886,sell,1.1793,1.1770800000000001,205.99999999999505,21,9857.50000000002,2017
2017-08-07 18:00:00,2017-08-08 15:00:00,10000.0,-63.412500000000705,601.000000000007,buy,1.1736,1.17961,51.00000000000104,21,9795.400000000021,2017
2017-08-10 09:00:00,2017-08-10 17:00:00,10000.0,39.00000000000098,-415.0000000000098,buy,1.1754200000000001,1.17127,509.00000000000387,8,9834.900000000023,2017
2017-08-10 17:00:00,2017-08-11 10:00:00,10000.0,-4.46250000000029,14.000000000002897,buy,1.17556,1.1757,78.00000000000028,17,9831.50000000002,2017
2017-08-13 21:00:00,2017-08-14 22:00:00,10000.0,39.83750000000232,-434.00000000002325,sell,1.1777199999999999,1.18206,606.0000000000176,25,9872.900000000025,2017
2017-08-14 22:00:00,2017-08-15 07:00:00,10000.0,-41.462499999999494,388.9999999999949,buy,1.17408,1.17797,52.999999999991935,9,9832.000000000025,2017
2017-08-15 09:00:00,2017-08-15 13:00:00,10000.0,-63.74999999999878,614.9999999999877,buy,1.16897,1.17512,29.999999999996692,4,9768.500000000027,2017
2017-08-17 13:00:00,2017-08-20 21:00:00,10000.0,-38.89999999999771,348.9999999999771,sell,1.17596,1.1724700000000001,145.00000000001734,32,9731.60000000003,2017
2017-08-20 21:00:00,2017-08-21 15:00:00,10000.0,-63.22499999999849,600.9999999999849,sell,1.18159,1.17558,34.000000000000696,18,9669.500000000033,2017
2017-08-24 01:00:00,2017-08-24 18:00:00,10000.0,-16.962499999997803,138.99999999997803,sell,1.1812799999999999,1.17989,12.000000000012,17,9653.600000000037,2017
2017-08-24 18:00:00,2017-08-25 10:00:00,10000.0,-6.799999999998249,37.99999999998249,buy,1.18016,1.18054,289.0000000000059,16,9647.80000000004,2017
2017-08-27 21:00:00,2017-08-28 18:00:00,10000.0,-41.912499999999746,385.99999999999744,sell,1.19791,1.19405,38.99999999998904,21,9607.200000000037,2017
2017-08-28 18:00:00,2017-08-29 08:00:00,10000.0,62.02500000000107,-649.0000000000106,buy,1.20438,1.19789,887.9999999999998,14,9670.100000000039,2017
2017-08-29 08:00:00,2017-08-29 18:00:00,10000.0,-65.52500000000128,629.0000000000128,buy,1.19986,1.20615,37.99999999998249,10,9605.200000000037,2017
2017-08-30 13:00:00,2017-08-31 12:00:00,10000.0,67.4625000000004,-709.000000000004,sell,1.18391,1.191,892.9999999999882,23,9674.100000000039,2017
2017-08-31 12:00:00,2017-08-31 16:00:00,10000.0,-56.449999999999804,541.999999999998,sell,1.18947,1.18405,133.00000000000531,4,9617.90000000004,2017
2017-09-04 05:00:00,2017-09-05 06:00:00,10000.0,-27.162499999999177,235.99999999999176,sell,1.1905999999999999,1.18824,158.00000000001367,25,9592.300000000045,2017
2017-09-05 06:00:00,2017-09-06 09:00:00,10000.0,33.91249999999985,-375.9999999999985,buy,1.19415,1.19039,741.0000000000138,27,9627.900000000045,2017
2017-09-06 21:00:00,2017-09-07 10:00:00,10000.0,52.68749999999944,-554.9999999999943,buy,1.19776,1.19221,644.0000000000001,13,9681.400000000045,2017
2017-09-07 13:00:00,2017-09-10 21:00:00,10000.0,-33.60000000000073,296.00000000000733,sell,1.2027,1.19974,650.9999999999793,32,9649.80000000004,2017
2017-09-10 21:00:00,2017-09-11 16:00:00,10000.0,51.61250000000152,-548.0000000000151,sell,1.19647,1.20195,644.0000000000001,19,9702.60000000004,2017
2017-09-11 16:00:00,2017-09-12 06:00:00,10000.0,4.524999999999629,-73.99999999999629,sell,1.196,1.19674,102.00000000000207,14,9708.00000000004,2017
2017-09-12 06:00:00,2017-09-12 11:00:00,10000.0,-45.512499999998795,431.9999999999879,buy,1.1934,1.19772,28.000000000005794,5,9662.800000000041,2017
2017-09-12 11:00:00,2017-09-13 02:00:00,10000.0,45.862499999999955,-487.9999999999995,buy,1.19821,1.19333,548.9999999999994,15,9709.60000000004,2017
2017-09-14 09:00:00,2017-09-14 13:00:00,10000.0,-9.150000000000794,69.00000000000794,buy,1.18899,1.18968,527.9999999999951,4,9700.700000000039,2017
2017-09-17 21:00:00,2017-09-19 07:00:00,10000.0,-67.9249999999983,637.999999999983,sell,1.19962,1.19324,91.00000000001883,34,9634.900000000043,2017
2017-09-21 01:00:00,2017-09-21 16:00:00,10000.0,-77.93749999999841,749.999999999984,sell,1.19478,1.1872800000000001,56.00000000001159,15,9557.900000000045,2017
2017-09-21 16:00:00,2017-09-22 08:00:00,10000.0,-66.59999999999921,635.999999999992,sell,1.19935,1.19299,40.0000000000178,16,9492.300000000045,2017
2017-09-24 21:00:00,2017-09-25 16:00:00,10000.0,56.31250000000122,-595.0000000000122,sell,1.18522,1.19117,839.9999999999962,19,9549.800000000045,2017
2017-09-25 16:00:00,2017-09-26 14:00:00,10000.0,57.52499999999929,-608.9999999999928,sell,1.17815,1.18424,797.0000000000032,22,9608.700000000048,2017
2017-09-28 01:00:00,2017-09-28 14:00:00,10000.0,50.08750000000017,-529.0000000000016,buy,1.17926,1.17397,724.9999999999978,13,9659.600000000048,2017
2017-09-28 14:00:00,2017-10-01 21:00:00,10000.0,-29.737499999998047,257.99999999998045,sell,1.18071,1.1781300000000001,250.00000000001685,31,9631.800000000054,2017
2017-10-01 21:00:00,2017-10-02 08:00:00,10000.0,55.51250000000158,-582.0000000000158,sell,1.17437,1.18019,710.0000000000106,11,9688.000000000053,2017
2017-10-02 08:00:00,2017-10-10 10:00:00,10000.0,-70.86249999999863,607.9999999999862,sell,1.18031,1.17423,-12.999999999996346,129,9625.200000000048,2017
2017-10-10 10:00:00,2017-10-11 07:00:00,10000.0,-47.71249999999999,443.9999999999999,sell,1.18235,1.17791,103.00000000000863,21,9578.800000000047,2017
2017-10-11 17:00:00,2017-10-15 21:00:00,10000.0,-37.049999999999606,317.999999999996,buy,1.18117,1.18435,97.99999999999808,52,9545.000000000051,2017
2017-10-16 05:00:00,2017-10-17 14:00:00,10000.0,42.137500000000685,-462.0000000000068,sell,1.17475,1.17937,714.9999999999989,33,9589.200000000052,2017
2017-10-18 21:00:00,2017-10-19 12:00:00,10000.0,36.86250000000095,-398.00000000000944,buy,1.18323,1.17925,652.0000000000081,15,9627.000000000055,2017
2017-10-19 12:00:00,2017-10-20 06:00:00,10000.0,-28.325000000000777,252.00000000000776,buy,1.18062,1.18314,29.999999999996692,18,9599.800000000054,2017
2017-10-22 21:00:00,2017-10-24 10:00:00,10000.0,1.0874999999998494,-53.99999999999849,sell,1.17622,1.17676,147.99999999999258,37,9603.200000000055,2017
2017-10-24 10:00:00,2017-10-25 14:00:00,10000.0,29.749999999999645,-334.99999999999636,buy,1.17944,1.17609,436.0000000000141,28,9634.700000000053,2017
2017-10-25 17:00:00,2017-10-26 14:00:00,10000.0,82.48750000000032,-858.0000000000032,sell,1.17204,1.18062,1158.9999999999989,21,9718.500000000055,2017
2017-10-26 14:00:00,2017-10-27 01:00:00,10000.0,65.81250000000023,-685.0000000000023,sell,1.16321,1.17006,748.9999999999997,11,9785.000000000055,2017
2017-10-29 21:00:00,2017-10-30 20:00:00,10000.0,-57.837500000001114,544.0000000000111,sell,1.16572,1.16028,2.9999999999974487,23,9728.60000000005,2017
2017-10-31 05:00:00,2017-11-02 14:00:00,10000.0,6.5374999999993335,-120.99999999999332,buy,1.16493,1.16372,439.00000000001154,57,9738.700000000052,2017
2017-11-02 14:00:00,2017-11-03 15:00:00,10000.0,45.9375000000001,-495.00000000000097,sell,1.16102,1.16597,795.9999999999966,25,9786.20000000005,2017
2017-11-05 22:00:00,2017-11-07 09:00:00,10000.0,40.31249999999843,-444.99999999998425,sell,1.15677,1.16122,558.9999999999983,35,9828.700000000052,2017
2017-11-08 21:00:00,2017-11-09 12:00:00,10000.0,40.662500000001415,-436.0000000000141,buy,1.16371,1.1593499999999999,536.0000000000031,15,9870.300000000052,2017
2017-11-09 12:00:00,2017-11-09 18:00:00,10000.0,3.7249999999999943,-60.999999999999936,buy,1.1638,1.16319,385.99999999999744,6,9874.40000000005,2017
2017-11-09 18:00:00,2017-11-10 21:00:00,10000.0,-23.987499999999763,202.9999999999976,sell,1.16666,1.16463,106.99999999999042,27,9852.10000000005,2017
2017-11-12 22:00:00,2017-11-13 18:00:00,10000.0,-11.349999999999774,80.99999999999774,sell,1.16638,1.16557,110.99999999999443,20,9842.000000000051,2017
2017-11-13 18:00:00,2017-11-14 09:00:00,10000.0,38.16249999999836,-410.9999999999836,buy,1.17071,1.1666,463.9999999999977,15,9881.10000000005,2017
2017-11-16 09:00:00,2017-11-17 03:00:00,10000.0,-49.52499999999978,463.9999999999977,sell,1.18194,1.1773,19.999999999997797,18,9832.700000000052,2017
2017-11-19 22:00:00,2017-11-20 18:00:00,10000.0,10.949999999999768,-141.99999999999767,sell,1.17486,1.17628,592.9999999999991,20,9844.90000000005,2017
2017-11-20 18:00:00,2017-11-22 18:00:00,10000.0,50.600000000000094,-556.0000000000009,buy,1.17928,1.17372,805.0000000000111,48,9898.500000000047,2017
2017-11-22 21:00:00,2017-11-24 09:00:00,10000.0,-45.650000000000325,414.00000000000324,sell,1.18592,1.18178,49.999999999994486,36,9855.100000000042,2017
2017-11-26 22:00:00,2017-11-27 10:00:00,10000.0,-2.3499999999996,-4.000000000004,sell,1.1932099999999999,1.19325,247.0000000000194,12,9853.500000000044,2017
2017-11-27 10:00:00,2017-11-27 23:00:00,10000.0,-44.31250000000098,415.0000000000098,buy,1.18984,1.19399,102.00000000000207,13,9810.000000000042,2017
2017-11-27 23:00:00,2017-11-28 14:00:00,10000.0,-17.037499999999113,140.99999999999113,buy,1.1891,1.19051,171.00000000001003,15,9793.90000000004,2017
2017-11-28 14:00:00,2017-11-30 11:00:00,10000.0,37.387500000001125,-422.0000000000112,sell,1.18329,1.18751,553.0000000000034,45,9834.10000000004,2017
2017-11-30 13:00:00,2017-11-30 15:00:00,10000.0,-48.925000000000175,468.0000000000017,sell,1.19048,1.1858,17.000000000000348,2,9785.30000000004,2017
2017-12-03 22:00:00,2017-12-06 15:00:00,10000.0,69.1374999999997,-751.999999999997,sell,1.17914,1.18666,865.999999999989,65,9858.500000000045,2017
2017-12-07 01:00:00,2017-12-07 14:00:00,10000.0,-5.312499999998614,24.99999999998614,buy,1.17968,1.17993,216.00000000001617,13,9854.00000000005,2017
2017-12-07 14:00:00,2017-12-08 07:00:00,10000.0,37.63750000000018,-407.00000000000176,sell,1.17533,1.1794,608.0000000000085,17,9892.700000000046,2017
2017-12-10 22:00:00,2017-12-11 16:00:00,10000.0,-33.324999999998006,301.99999999998005,sell,1.17969,1.17667,140.00000000000676,18,9860.500000000051,2017
2017-12-11 17:00:00,2017-12-12 14:00:00,10000.0,-48.31249999999949,449.9999999999948,buy,1.17483,1.17933,-8.999999999992347,21,9813.500000000051,2017
2017-12-14 09:00:00,2017-12-14 14:00:00,10000.0,-4.812500000000835,25.000000000008345,buy,1.1818,1.18205,65.00000000000394,5,9809.00000000005,2017
2017-12-14 14:00:00,2017-12-15 02:00:00,10000.0,10.150000000000134,-129.00000000000134,sell,1.17863,1.17992,195.99999999999616,12,9819.90000000005,2017
2017-12-17 22:00:00,2017-12-18 09:00:00,10000.0,-50.087499999999665,473.9999999999966,sell,1.17897,1.17423,9.999999999998899,11,9770.50000000005,2017
2017-12-20 09:00:00,2017-12-20 16:00:00,10000.0,-51.337499999998386,488.99999999998386,sell,1.1884299999999999,1.18354,167.00000000000603,7,9719.60000000005,2017
2017-12-20 16:00:00,2017-12-20 22:00:00,10000.0,4.725000000002105,-71.00000000002105,sell,1.1871099999999999,1.18782,171.00000000001003,6,9724.700000000052,2017
2017-12-20 22:00:00,2017-12-21 10:00:00,10000.0,2.1500000000010147,-49.00000000001014,buy,1.18784,1.18735,161.0000000000111,12,9727.60000000005,2017
2017-12-21 10:00:00,2017-12-21 14:00:00,10000.0,5.8500000000019945,-81.00000000001994,sell,1.18603,1.1868400000000001,169.00000000001913,4,9733.700000000052,2017
2017-12-26 00:00:00,2017-12-26 06:00:00,10000.0,-7.674999999999194,52.999999999991935,sell,1.18708,1.18655,25.000000000008345,6,9726.400000000052,2017
2017-12-26 06:00:00,2017-12-27 14:00:00,10000.0,25.799999999999827,-297.99999999999824,buy,1.18986,1.18688,527.9999999999951,32,9754.20000000005,2017
2017-12-28 09:00:00,2017-12-28 22:00:00,10000.0,-15.912499999999223,130.9999999999922,sell,1.19423,1.19292,162.00000000001768,13,9739.10000000005,2017
2017-12-28 22:00:00,2017-12-29 10:00:00,10000.0,36.650000000000546,-394.0000000000054,buy,1.19784,1.1939,419.9999999999981,12,9776.500000000047,2017
2018-01-02 10:00:00,2018-01-03 11:00:00,10000.0,43.73750000000123,-473.0000000000123,sell,1.20187,1.2066000000000001,516.0000000000053,25,10045.3,2018
2018-01-07 22:00:00,2018-01-08 09:00:00,10000.0,36.21250000000171,-389.00000000001705,sell,1.1992099999999999,1.2031,597.0000000000031,11,10082.200000000003,2018
2018-01-08 09:00:00,2018-01-09 09:00:00,10000.0,44.7999999999989,-482.999999999989,sell,1.19405,1.19888,685.0000000000023,24,10128.500000000002,2018
2018-01-09 09:00:00,2018-01-10 11:00:00,10000.0,-64.42500000000085,608.0000000000085,sell,1.19961,1.19353,36.999999999998145,26,10065.699999999999,2018
2018-01-11 05:00:00,2018-01-11 13:00:00,10000.0,-59.09999999999998,565.9999999999998,sell,1.20059,1.19493,62.00000000000649,8,10007.099999999999,2018
2018-01-14 22:00:00,2018-01-15 11:00:00,10000.0,-78.71249999999763,758.9999999999764,sell,1.2276099999999999,1.22002,201.0000000000067,13,9929.200000000003,2018
2018-01-15 11:00:00,2018-01-16 10:00:00,10000.0,15.362500000001038,-188.00000000001037,sell,1.2234099999999999,1.22529,592.0000000000147,23,9946.0,2018
2018-01-16 10:00:00,2018-01-17 01:00:00,10000.0,82.66249999999901,-855.99999999999,buy,1.23003,1.22147,1061.0000000000007,15,10029.6,2018
2018-01-17 21:00:00,2018-01-19 04:00:00,10000.0,-89.53750000000123,856.0000000000123,sell,1.22662,1.21806,34.000000000000696,31,9942.0,2018
2018-01-21 22:00:00,2018-01-24 05:00:00,10000.0,-72.43749999999929,669.9999999999927,sell,1.23231,1.22561,119.00000000000243,55,9873.0,2018
2018-01-25 01:00:00,2018-01-25 10:00:00,10000.0,14.537500000001003,-171.00000000001003,buy,1.2429000000000001,1.24119,406.00000000001745,9,9888.1,2018
2018-01-25 10:00:00,2018-01-25 14:00:00,10000.0,-89.45000000000061,872.000000000006,sell,1.24977,1.24105,-4.000000000004,4,9798.9,2018
2018-01-25 14:00:00,2018-01-25 23:00:00,10000.0,112.83750000000106,-1154.0000000000105,sell,1.23715,1.24869,1581.00000000001,9,9912.300000000001,2018
2018-01-28 22:00:00,2018-01-29 22:00:00,10000.0,27.79999999999855,-312.9999999999855,sell,1.23815,1.24128,504.99999999999983,24,9941.600000000002,2018
2018-01-29 22:00:00,2018-01-30 12:00:00,10000.0,51.12500000000071,-540.000000000007,buy,1.2436800000000001,1.23828,1029.0000000000132,14,9993.600000000004,2018
2018-02-01 13:00:00,2018-02-01 21:00:00,10000.0,-72.09999999999854,695.9999999999854,sell,1.25165,1.24469,58.00000000000249,8,9922.000000000005,2018
2018-02-01 21:00:00,2018-02-02 06:00:00,10000.0,-15.762499999997658,131.99999999997658,buy,1.2493400000000001,1.2506599999999999,57.00000000001814,9,9906.800000000008,2018
2018-02-04 22:00:00,2018-02-05 22:00:00,10000.0,58.90000000000023,-624.0000000000023,sell,1.23662,1.24286,1082.000000000005,24,9967.200000000012,2018
2018-02-07 17:00:00,2018-02-09 21:00:00,10000.0,25.950000000000117,-312.00000000000114,sell,1.22364,1.22676,580.0000000000027,52,9996.400000000009,2018
2018-02-11 22:00:00,2018-02-13 02:00:00,10000.0,-48.44999999999974,446.9999999999974,sell,1.2294,1.22493,129.99999999998568,28,9949.700000000006,2018
2018-02-13 02:00:00,2018-02-13 11:00:00,10000.0,51.93750000000177,-545.0000000000176,buy,1.23459,1.22914,594.0000000000056,9,10002.200000000006,2018
2018-02-14 17:00:00,2018-02-15 08:00:00,10000.0,-89.1374999999985,861.9999999999849,sell,1.25019,1.24157,77.00000000001594,15,9914.00000000001,2018
2018-02-15 08:00:00,2018-02-16 19:00:00,10000.0,71.41250000000011,-756.000000000001,sell,1.24133,1.24889,1417.0000000000014,35,9987.600000000013,2018
2018-02-18 22:00:00,2018-02-20 10:00:00,10000.0,62.449999999999534,-666.9999999999953,sell,1.23455,1.24122,892.0000000000039,36,10052.300000000012,2018
2018-02-21 21:00:00,2018-02-22 10:00:00,10000.0,5.387500000000429,-82.00000000000429,buy,1.22915,1.22833,326.00000000000404,13,10058.500000000015,2018
2018-02-22 10:00:00,2018-02-22 16:00:00,10000.0,-37.77499999999877,353.9999999999876,sell,1.2323,1.22876,287.000000000015,6,10021.100000000015,2018
2018-02-22 16:00:00,2018-02-22 18:00:00,10000.0,-16.524999999998858,143.99999999998857,sell,1.23379,1.23235,56.00000000001159,2,10004.700000000015,2018
2018-02-22 18:00:00,2018-02-23 06:00:00,10000.0,-28.850000000000012,261.0000000000001,buy,1.23,1.23261,55.00000000000504,12,9976.600000000015,2018
2018-02-25 22:00:00,2018-02-26 07:00:00,10000.0,-49.062500000000426,465.00000000000426,sell,1.23319,1.22854,18.999999999991246,9,9928.100000000015,2018
2018-02-27 05:00:00,2018-02-27 14:00:00,10000.0,-45.06250000000087,425.0000000000087,buy,1.2285,1.23275,0.0,9,9883.600000000015,2018
2018-02-28 13:00:00,2018-03-01 21:00:00,10000.0,-52.899999999998386,488.99999999998386,sell,1.2264,1.22151,87.00000000001484,32,9832.700000000012,2018
2018-03-01 21:00:00,2018-03-02 21:00:00,10000.0,-72.40000000000063,689.0000000000063,sell,1.23307,1.22618,17.999999999984695,24,9761.800000000016,2018
2018-03-04 22:00:00,2018-03-06 13:00:00,10000.0,-72.83749999999958,683.9999999999957,sell,1.24103,1.2341900000000001,32.999999999994145,39,9691.400000000018,2018
2018-03-08 01:00:00,2018-03-08 15:00:00,10000.0,-55.875000000000824,530.0000000000082,buy,1.23485,1.24015,-8.000000000008,14,9636.400000000016,2018
2018-03-08 15:00:00,2018-03-09 02:00:00,10000.0,-35.987499999998334,332.9999999999833,buy,1.22961,1.23294,18.0000000000069,11,9601.100000000019,2018
2018-03-11 21:00:00,2018-03-13 02:00:00,10000.0,-37.612499999999386,337.99999999999386,sell,1.23401,1.2306300000000001,48.999999999987935,29,9565.300000000017,2018
2018-03-13 02:00:00,2018-03-13 13:00:00,10000.0,25.812500000000192,-285.0000000000019,buy,1.23634,1.23349,496.0000000000075,11,9591.800000000017,2018
2018-03-14 09:00:00,2018-03-14 22:00:00,10000.0,-6.712499999998904,38.99999999998904,sell,1.2368299999999999,1.23644,284.00000000001756,13,9585.900000000018,2018
2018-03-14 22:00:00,2018-03-15 14:00:00,10000.0,-42.09999999999858,390.9999999999858,buy,1.23303,1.23694,90.99999999999663,16,9544.800000000023,2018
2018-03-15 14:00:00,2018-03-16 02:00:00,10000.0,-48.350000000001195,456.00000000001194,buy,1.22999,1.23455,58.00000000000249,12,9497.200000000023,2018
2018-03-18 21:00:00,2018-03-19 16:00:00,10000.0,-47.08749999999894,438.99999999998937,sell,1.23292,1.2285300000000001,34.000000000000696,19,9451.300000000023,2018
2018-03-20 05:00:00,2018-03-20 12:00:00,10000.0,-45.837500000000105,434.000000000001,buy,1.22938,1.23372,-19.999999999997797,7,9405.900000000023,2018
2018-03-21 13:00:00,2018-03-21 19:00:00,10000.0,-47.175000000000395,448.0000000000039,sell,1.23313,1.22865,0.0,6,9359.10000000002,2018
2018-03-21 19:00:00,2018-03-25 21:00:00,10000.0,-15.224999999999554,100.99999999999552,sell,1.23529,1.23428,350.00000000000585,50,9347.000000000024,2018
2018-03-25 21:00:00,2018-03-26 10:00:00,10000.0,-54.51250000000119,517.0000000000118,sell,1.24072,1.23555,89.99999999999008,13,9293.300000000021,2018
2018-03-26 10:00:00,2018-03-26 18:00:00,10000.0,-53.59999999999948,510.99999999999477,sell,1.24539,1.24028,18.0000000000069,8,9240.200000000023,2018
2018-03-28 13:00:00,2018-04-01 21:00:00,10000.0,12.099999999999838,-175.99999999999835,sell,1.23227,1.23403,371.0000000000102,56,9255.800000000023,2018
2018-04-01 21:00:00,2018-04-02 16:00:00,10000.0,26.312500000002302,-295.000000000023,sell,1.2288999999999999,1.2318500000000001,555.0000000000166,19,9283.300000000023,2018
2018-04-02 16:00:00,2018-04-02 18:00:00,10000.0,-16.624999999999513,144.9999999999951,sell,1.2306,1.22915,-17.000000000000348,2,9266.800000000023,2018
2018-04-02 18:00:00,2018-04-03 14:00:00,10000.0,-49.049999999998064,457.9999999999806,buy,1.2255800000000001,1.23016,8.000000000008,20,9219.000000000025,2018
2018-04-03 14:00:00,2018-04-06 02:00:00,10000.0,-25.049999999999873,192.99999999999872,buy,1.22552,1.22745,375.9999999999985,60,9197.70000000002,2018
2018-04-08 21:00:00,2018-04-09 14:00:00,10000.0,-54.36249999999857,512.9999999999857,sell,1.23253,1.2274,11.000000000005448,17,9144.400000000023,2018
2018-04-09 14:00:00,2018-04-10 02:00:00,10000.0,-11.449999999999264,86.99999999999262,sell,1.23174,1.2308700000000001,112.00000000000098,12,9133.700000000026,2018
2018-04-10 02:00:00,2018-04-10 12:00:00,10000.0,36.87499999999898,-394.99999999998977,buy,1.23572,1.23177,550.9999999999903,10,9171.200000000024,2018
2018-04-12 17:00:00,2018-04-13 14:00:00,10000.0,1.987499999999194,-52.999999999991935,sell,1.23255,1.23308,200.00000000000017,21,9174.500000000022,2018
2018-04-15 21:00:00,2018-04-16 10:00:00,10000.0,-41.412499999999746,385.99999999999744,sell,1.23654,1.23268,78.00000000000028,13,9133.900000000021,2018
2018-04-16 10:00:00,2018-04-16 18:00:00,10000.0,-18.899999999998638,163.99999999998636,sell,1.23783,1.2361900000000001,154.00000000000966,8,9115.500000000022,2018
2018-04-16 18:00:00,2018-04-17 15:00:00,10000.0,-41.6125,383.0,buy,1.23435,1.23818,82.00000000000429,21,9075.200000000024,2018
2018-04-18 21:00:00,2018-04-19 06:00:00,10000.0,-2.6624999999984347,0.9999999999843466,sell,1.23762,1.23761,89.00000000000573,9,9073.100000000028,2018
2018-04-19 06:00:00,2018-04-19 14:00:00,10000.0,-17.499999999998348,149.99999999998346,buy,1.23672,1.2382199999999999,137.99999999999366,8,9056.10000000003,2018
2018-04-22 21:00:00,2018-04-23 10:00:00,10000.0,41.987500000000395,-448.0000000000039,sell,1.22339,1.22787,550.000000000006,13,9098.900000000029,2018
2018-04-23 10:00:00,2018-04-24 10:00:00,10000.0,13.099999999999948,-165.99999999999946,sell,1.22095,1.22261,360.0000000000047,24,9113.500000000035,2018
2018-04-24 10:00:00,2018-04-25 02:00:00,10000.0,5.200000000000429,-82.00000000000429,buy,1.22206,1.2212399999999999,248.9999999999881,16,9119.700000000033,2018
2018-04-25 02:00:00,2018-04-25 08:00:00,10000.0,30.92500000000055,-333.0000000000055,sell,1.21895,1.22228,408.99999999999267,6,9151.000000000035,2018
2018-04-25 21:00:00,2018-04-26 13:00:00,10000.0,-44.59999999999941,415.99999999999415,sell,1.22011,1.21595,82.99999999998863,16,9107.400000000036,2018
2018-04-29 21:00:00,2018-04-30 12:00:00,10000.0,43.26249999999847,-461.9999999999846,sell,1.20788,1.2125,595.9999999999965,15,9151.600000000037,2018
2018-04-30 12:00:00,2018-04-30 22:00:00,10000.0,3.2750000000009045,-59.00000000000904,sell,1.2078499999999999,1.20844,275.000000000003,10,9155.500000000038,2018
2018-04-30 22:00:00,2018-05-01 10:00:00,10000.0,-53.450000000001296,507.00000000001296,buy,1.20308,1.20815,39.999999999995595,12,9102.80000000004,2018
2018-05-01 10:00:00,2018-05-01 15:00:00,10000.0,-45.712500000000105,434.000000000001,buy,1.19889,1.20323,86.00000000000828,5,9057.400000000038,2018
2018-05-02 13:00:00,2018-05-06 21:00:00,10000.0,4.700000000000209,-102.00000000000207,sell,1.1961,1.19712,643.0000000000157,56,9065.60000000004,2018
2018-05-06 21:00:00,2018-05-07 12:00:00,10000.0,51.66250000000021,-546.000000000002,sell,1.19007,1.19553,770.000000000004,15,9118.200000000039,2018
2018-05-07 12:00:00,2018-05-08 13:00:00,10000.0,46.83749999999934,-503.9999999999933,sell,1.18663,1.19167,717.9999999999964,25,9166.600000000035,2018
2018-05-10 13:00:00,2018-05-13 21:00:00,10000.0,-32.50000000000019,285.0000000000019,sell,1.19402,1.19117,272.9999999999899,32,9136.100000000035,2018
2018-05-13 21:00:00,2018-05-14 14:00:00,10000.0,-51.16249999999981,480.99999999999807,sell,1.19929,1.19448,28.000000000005794,17,9086.000000000035,2018
2018-05-15 09:00:00,2018-05-15 12:00:00,10000.0,-53.187500000001044,510.0000000000104,buy,1.18763,1.19273,2.9999999999974487,3,9033.000000000033,2018
2018-05-15 12:00:00,2018-05-16 11:00:00,10000.0,-62.937499999999,594.9999999999899,buy,1.17887,1.18482,79.00000000000684,23,8971.500000000035,2018
2018-05-17 09:00:00,2018-05-18 14:00:00,10000.0,-53.11249999999879,492.99999999998784,buy,1.17547,1.1804,29.999999999996692,29,8920.200000000039,2018
2018-05-20 21:00:00,2018-05-21 08:00:00,10000.0,35.41250000000091,-381.0000000000091,sell,1.1726699999999999,1.17648,435.00000000000756,11,8956.30000000004,2018
2018-05-21 08:00:00,2018-05-21 20:00:00,10000.0,-51.4499999999993,486.99999999999295,sell,1.17876,1.17389,2.9999999999974487,12,8905.600000000039,2018
2018-05-22 09:00:00,2018-05-23 02:00:00,10000.0,-67.26250000000093,642.0000000000092,buy,1.17607,1.18249,68.00000000000139,17,8839.400000000038,2018
2018-05-27 21:00:00,2018-05-28 13:00:00,10000.0,70.70000000000098,-737.0000000000098,sell,1.16109,1.16846,1168.9999999999977,16,8911.100000000039,2018
2018-05-28 13:00:00,2018-05-29 09:00:00,10000.0,67.6500000000004,-709.000000000004,sell,1.15441,1.1615,951.0000000000128,20,8980.000000000038,2018
2018-05-30 17:00:00,2018-06-03 21:00:00,10000.0,-14.450000000000319,92.00000000000318,sell,1.16582,1.1649,658.9999999999873,52,8968.800000000037,2018
2018-06-03 21:00:00,2018-06-04 10:00:00,10000.0,-73.61249999999976,707.9999999999975,sell,1.17309,1.16601,22.999999999995243,13,8896.000000000038,2018
2018-06-04 10:00:00,2018-06-06 12:00:00,10000.0,-58.125000000000824,530.0000000000082,sell,1.17724,1.17194,68.00000000000139,50,8841.00000000004,2018
2018-06-07 05:00:00,2018-06-12 01:00:00,10000.0,42.51250000000163,-477.00000000001626,sell,1.17546,1.1802300000000001,849.9999999999951,51,8886.700000000044,2018
2018-06-12 01:00:00,2018-06-12 08:00:00,10000.0,-41.037499999999746,385.99999999999744,sell,1.17956,1.1757,78.00000000000028,7,8846.100000000044,2018
2018-06-12 08:00:00,2018-06-12 21:00:00,10000.0,43.78750000000109,-466.0000000000108,sell,1.17438,1.17904,588.0000000000107,13,8890.700000000046,2018
2018-06-14 09:00:00,2018-06-14 12:00:00,10000.0,-91.98749999999988,897.9999999999987,buy,1.1736,1.18258,-19.999999999997797,3,8798.900000000047,2018
2018-06-14 12:00:00,2018-06-14 18:00:00,10000.0,-87.57500000000083,852.0000000000082,buy,1.16024,1.16876,24.000000000001794,6,8711.700000000046,2018
2018-06-14 18:00:00,2018-06-15 10:00:00,10000.0,4.299999999998974,-72.99999999998974,buy,1.16004,1.15931,580.0000000000027,16,8717.000000000045,2018
2018-06-17 21:00:00,2018-06-21 09:00:00,10000.0,65.0500000000007,-723.0000000000069,sell,1.15204,1.15927,1234.0000000000016,84,8787.300000000048,2018
2018-06-21 09:00:00,2018-06-21 13:00:00,10000.0,-75.15000000000019,729.0000000000018,sell,1.15904,1.15175,200.00000000000017,4,8712.400000000047,2018
2018-06-21 13:00:00,2018-06-22 08:00:00,10000.0,-72.08749999999841,688.999999999984,sell,1.16525,1.15836,207.00000000000162,19,8641.50000000005,2018
2018-06-24 21:00:00,2018-06-25 22:00:00,10000.0,-42.762499999999235,391.9999999999923,sell,1.17018,1.16626,106.99999999999042,25,8600.300000000048,2018
2018-06-25 22:00:00,2018-06-26 10:00:00,10000.0,-48.749999999999375,459.9999999999937,buy,1.1657600000000001,1.17036,77.00000000001594,12,8552.30000000005,2018
2018-06-28 09:00:00,2018-06-28 18:00:00,10000.0,0.2375000000005797,-28.000000000005794,buy,1.1580300000000001,1.15775,306.00000000000625,9,8553.10000000005,2018
2018-06-28 18:00:00,2018-06-29 03:00:00,10000.0,-91.26250000000155,887.0000000000155,sell,1.16419,1.15532,26.999999999999243,9,8462.400000000049,2018
2018-07-01 21:00:00,2018-07-05 02:00:00,10000.0,-5.41249999999971,-14.000000000002897,sell,1.16607,1.16621,212.00000000001216,77,8461.800000000045,2018
2018-07-05 02:00:00,2018-07-05 07:00:00,10000.0,28.887500000000117,-312.00000000000114,buy,1.16941,1.16629,450.000000000017,5,8491.000000000045,2018
2018-07-05 07:00:00,2018-07-06 10:00:00,10000.0,15.812500000001183,-195.00000000001182,buy,1.17066,1.16871,350.00000000000585,27,8508.500000000045,2018
2018-07-08 21:00:00,2018-07-09 13:00:00,10000.0,-37.79999999999927,347.9999999999927,sell,1.17787,1.17439,116.00000000000497,16,8471.700000000048,2018
2018-07-09 13:00:00,2018-07-09 18:00:00,10000.0,4.887500000000539,-72.00000000000539,sell,1.17496,1.17568,150.00000000000568,5,8476.900000000049,2018
2018-07-09 18:00:00,2018-07-10 12:00:00,10000.0,-50.324999999998354,471.9999999999835,buy,1.17023,1.17495,125.00000000001953,18,8427.700000000052,2018
2018-07-11 17:00:00,2018-07-13 06:00:00,10000.0,3.787499999999774,-80.99999999999774,sell,1.16631,1.16712,322.00000000000006,37,8433.800000000048,2018
2018-07-15 21:00:00,2018-07-16 12:00:00,10000.0,-38.33749999999877,353.9999999999876,sell,1.1717,1.16816,78.00000000000028,15,8396.400000000049,2018
2018-07-16 12:00:00,2018-07-16 22:00:00,10000.0,-6.42500000000047,38.0000000000047,sell,1.17114,1.17076,122.99999999998423,10,8390.600000000048,2018
2018-07-16 22:00:00,2018-07-17 16:00:00,10000.0,-53.924999999999734,507.9999999999973,buy,1.16596,1.17104,-15.999999999993795,18,8337.800000000048,2018
2018-07-19 01:00:00,2018-07-19 08:00:00,10000.0,34.86250000000011,-373.0000000000011,sell,1.16096,1.16469,449.00000000001046,7,8373.100000000048,2018
2018-07-19 08:00:00,2018-07-19 18:00:00,10000.0,-47.725000000000136,451.00000000000136,sell,1.16555,1.16104,218.99999999999142,10,8326.000000000045,2018
2018-07-22 21:00:00,2018-07-23 22:00:00,10000.0,28.537499999999355,-320.99999999999346,sell,1.169,1.17221,594.9999999999899,25,8356.10000000005,2018
2018-07-23 22:00:00,2018-07-26 00:00:00,10000.0,37.975000000000364,-431.0000000000036,buy,1.17356,1.16925,817.9999999999853,50,8397.200000000052,2018
2018-07-26 05:00:00,2018-07-26 13:00:00,10000.0,34.099999999999966,-365.9999999999996,sell,1.16956,1.17322,470.99999999999915,8,8431.800000000052,2018
2018-07-26 13:00:00,2018-07-27 09:00:00,10000.0,48.54999999999963,-517.9999999999962,sell,1.16279,1.16797,537.999999999994,20,8481.600000000048,2018
2018-07-29 21:00:00,2018-07-30 10:00:00,10000.0,-33.61249999999971,307.99999999999716,sell,1.16866,1.16558,53.99999999999849,13,8448.80000000005,2018
2018-07-30 10:00:00,2018-07-30 15:00:00,10000.0,-36.61250000000044,343.0000000000044,sell,1.17121,1.16778,36.999999999998145,5,8412.50000000005,2018
2018-07-30 21:00:00,2018-07-31 12:00:00,10000.0,23.962500000000812,-269.0000000000081,buy,1.17328,1.17059,338.00000000001603,15,8437.400000000049,2018
2018-07-31 21:00:00,2018-08-02 02:00:00,10000.0,16.287500000000673,-201.0000000000067,sell,1.16647,1.16848,347.0000000000084,29,8455.500000000053,2018
2018-08-02 02:00:00,2018-08-02 08:00:00,10000.0,-29.374999999999247,269.99999999999244,buy,1.1629,1.1656,49.00000000001014,6,8426.500000000055,2018
2018-08-05 21:00:00,2018-08-07 10:00:00,10000.0,-31.512500000000557,272.00000000000557,sell,1.15927,1.15655,4.999999999988347,37,8397.300000000052,2018
2018-08-07 10:00:00,2018-08-09 16:00:00,10000.0,-41.17500000000139,358.0000000000138,buy,1.15624,1.15982,19.999999999997797,54,8359.500000000058,2018
2018-08-09 17:00:00,2018-08-10 05:00:00,10000.0,34.45000000000168,-372.0000000000167,sell,1.15176,1.15548,395.000000000012,12,8394.70000000006,2018
2018-08-12 21:00:00,2018-08-14 10:00:00,10000.0,-26.812500000000853,225.0000000000085,sell,1.1406,1.13835,263.99999999999756,37,8370.20000000006,2018
2018-08-14 10:00:00,2018-08-14 16:00:00,10000.0,-61.575000000001474,592.0000000000147,buy,1.13485,1.14077,52.999999999991935,6,8309.000000000058,2018
2018-08-14 21:00:00,2018-08-16 06:00:00,10000.0,-53.36249999999879,492.99999999998784,sell,1.13922,1.13429,50.00000000001669,33,8257.700000000059,2018
2018-08-16 06:00:00,2018-08-17 19:00:00,10000.0,-76.012499999999,716.9999999999898,sell,1.14445,1.13728,1.0000000000065512,37,8184.000000000058,2018
2018-08-19 21:00:00,2018-08-20 21:00:00,10000.0,-51.7999999999989,482.999999999989,sell,1.14828,1.14345,15.000000000009448,24,8133.700000000058,2018
2018-08-22 21:00:00,2018-08-23 18:00:00,10000.0,46.287500000000755,-496.0000000000075,sell,1.15424,1.1592,561.9999999999958,21,8181.300000000058,2018
2018-08-23 18:00:00,2018-08-24 12:00:00,10000.0,-63.52499999999823,603.9999999999823,sell,1.15942,1.15338,58.00000000000249,18,8118.90000000006,2018
2018-08-26 21:00:00,2018-08-27 15:00:00,10000.0,-53.52499999999934,503.9999999999933,sell,1.1672,1.16216,15.999999999993795,18,8066.50000000006,2018
2018-08-27 15:00:00,2018-08-27 22:00:00,10000.0,-8.63750000000065,62.00000000000649,sell,1.16798,1.16736,133.00000000000531,7,8058.300000000059,2018
2018-08-27 22:00:00,2018-08-28 14:00:00,10000.0,44.199999999998354,-471.9999999999835,buy,1.17288,1.16816,668.9999999999862,16,8103.500000000056,2018
2018-09-02 21:00:00,2018-09-03 18:00:00,10000.0,-31.112500000000047,278.00000000000045,sell,1.16201,1.15923,73.99999999999629,21,8073.700000000056,2018
2018-09-03 18:00:00,2018-09-04 07:00:00,10000.0,-45.71250000000127,429.0000000000127,buy,1.15753,1.16182,11.000000000005448,13,8028.800000000055,2018
2018-09-06 01:00:00,2018-09-07 10:00:00,10000.0,-16.162499999999334,120.99999999999332,buy,1.16335,1.16456,289.0000000000059,33,8014.700000000054,2018
2018-09-09 21:00:00,2018-09-10 13:00:00,10000.0,-58.899999999999835,558.9999999999983,sell,1.16043,1.15484,-8.000000000008,16,7956.800000000055,2018
2018-09-10 13:00:00,2018-09-12 18:00:00,10000.0,-47.11250000000072,418.0000000000072,sell,1.16388,1.1597,104.99999999999953,53,7913.0000000000555,2018
2018-09-12 18:00:00,2018-09-13 14:00:00,10000.0,54.75000000000027,-580.0000000000027,buy,1.1689100000000001,1.16311,809.0000000000152,20,7969.0000000000555,2018
2018-09-13 14:00:00,2018-09-13 22:00:00,10000.0,8.100000000000609,-106.00000000000608,buy,1.16876,1.1677,188.00000000001037,8,7977.600000000057,2018
2018-09-13 22:00:00,2018-09-14 17:00:00,10000.0,46.91249999999959,-500.99999999999585,sell,1.16379,1.1688,832.9999999999948,19,8025.700000000056,2018
2018-09-16 21:00:00,2018-09-17 13:00:00,10000.0,-65.59999999999933,625.9999999999932,sell,1.16858,1.16232,0.0,16,7961.100000000057,2018
2018-09-17 13:00:00,2018-09-17 18:00:00,10000.0,-1.0124999999981448,-13.00000000001855,sell,1.16895,1.1690800000000001,80.00000000001339,5,7960.400000000059,2018
2018-09-17 18:00:00,2018-09-20 12:00:00,10000.0,65.47500000000055,-716.0000000000055,buy,1.1758,1.16864,1089.0000000000066,66,8030.000000000059,2018
2018-09-20 13:00:00,2018-09-23 21:00:00,10000.0,3.6000000000009393,-76.0000000000094,sell,1.17472,1.17548,551.9999999999969,32,8035.6000000000595,2018
2018-09-23 21:00:00,2018-09-24 14:00:00,10000.0,-59.262499999999584,561.9999999999958,sell,1.17998,1.17436,148.99999999999912,17,7977.40000000006,2018
2018-09-24 14:00:00,2018-09-24 18:00:00,10000.0,22.149999999999977,-243.99999999999974,sell,1.17605,1.17849,306.00000000000625,4,7999.80000000006,2018
2018-09-24 18:00:00,2018-09-26 18:00:00,10000.0,-2.19999999999942,-28.000000000005794,buy,1.17624,1.17596,373.99999999998545,48,8000.6000000000595,2018
2018-09-26 18:00:00,2018-09-27 06:00:00,10000.0,50.250000000000824,-530.0000000000082,sell,1.17045,1.17575,662.9999999999914,12,8051.6000000000595,2018
2018-09-27 09:00:00,2018-09-27 21:00:00,10000.0,59.24999999999983,-619.9999999999983,sell,1.16411,1.17031,784.9999999999912,12,8111.600000000059,2018
2018-09-30 21:00:00,2018-10-02 06:00:00,10000.0,53.43749999999922,-574.9999999999922,sell,1.15484,1.16059,756.9999999999854,33,8167.100000000057,2018
2018-10-03 21:00:00,2018-10-04 15:00:00,10000.0,-47.42499999999934,442.99999999999335,sell,1.1523999999999999,1.14797,182.00000000001546,18,8120.8000000000575,2018
2018-10-04 15:00:00,2018-10-07 21:00:00,10000.0,-22.374999999999073,184.9999999999907,sell,1.15211,1.15026,282.00000000000443,30,8100.300000000058,2018
2018-10-07 21:00:00,2018-10-08 11:00:00,10000.0,44.524999999999665,-473.9999999999966,sell,1.1474,1.15214,551.0000000000125,14,8145.700000000059,2018
2018-10-08 11:00:00,2018-10-09 12:00:00,10000.0,35.73749999999989,-392.99999999999886,sell,1.1436,1.14753,659.9999999999939,25,8183.000000000057,2018
2018-10-11 01:00:00,2018-10-11 18:00:00,10000.0,14.337499999998528,-173.99999999998525,buy,1.15824,1.1565,479.99999999999153,17,8198.400000000054,2018
2018-10-11 18:00:00,2018-10-14 21:00:00,10000.0,36.812500000001094,-405.00000000001086,sell,1.15509,1.15914,590.0000000000016,27,8236.900000000056,2018
2018-10-14 21:00:00,2018-10-15 11:00:00,10000.0,-52.3750000000001,495.00000000000097,sell,1.15984,1.15489,17.000000000000348,14,8185.400000000055,2018
2018-10-15 11:00:00,2018-10-15 22:00:00,10000.0,-6.587499999998904,38.99999999998904,sell,1.15824,1.15785,234.00000000000085,11,8179.500000000056,2018
2018-10-15 22:00:00,2018-10-17 11:00:00,10000.0,-44.01250000000029,397.0000000000029,buy,1.15449,1.15846,0.0,37,8137.800000000053,2018
2018-10-17 17:00:00,2018-10-18 17:00:00,10000.0,-50.79999999999901,472.99999999999005,buy,1.1469,1.15163,34.000000000000696,24,8088.500000000054,2018
2018-10-18 21:00:00,2018-10-19 16:00:00,10000.0,50.71250000000006,-539.0000000000006,buy,1.15095,1.14556,773.9999999999858,19,8140.400000000052,2018
2018-10-21 21:00:00,2018-10-22 20:00:00,10000.0,40.96249999999999,-443.9999999999999,sell,1.14659,1.15103,839.9999999999962,23,8182.800000000051,2018
2018-10-22 20:00:00,2018-10-24 09:00:00,10000.0,39.2874999999992,-435.9999999999919,sell,1.14178,1.14614,713.000000000008,37,8224.40000000005,2018
2018-10-25 01:00:00,2018-10-25 14:00:00,10000.0,-35.71249999999793,328.9999999999793,buy,1.13776,1.14105,77.00000000001594,13,8189.500000000051,2018
2018-10-25 21:00:00,2018-10-26 20:00:00,10000.0,-42.53749999999858,390.9999999999858,sell,1.14095,1.13704,55.00000000000504,23,8148.4000000000515,2018
2018-10-29 00:00:00,2018-10-30 10:00:00,10000.0,18.275000000000198,-224.00000000000196,sell,1.13647,1.13871,512.0000000000013,34,8168.800000000052,2018
2018-10-30 10:00:00,2018-10-31 14:00:00,10000.0,-45.34999999999941,415.99999999999415,buy,1.13168,1.13584,65.00000000000394,28,8125.200000000053,2018
2018-10-31 21:00:00,2018-11-01 08:00:00,10000.0,-53.58750000000039,509.00000000000387,sell,1.13622,1.13113,28.99999999999014,11,8072.300000000052,2018
2018-11-01 08:00:00,2018-11-01 18:00:00,10000.0,-39.52499999999971,368.9999999999971,sell,1.14124,1.13755,113.99999999999187,10,8033.4000000000515,2018
2018-11-01 18:00:00,2018-11-04 22:00:00,10000.0,16.112500000000928,-198.00000000000927,sell,1.1386399999999999,1.14062,687.0000000000153,27,8051.200000000053,2018
2018-11-04 22:00:00,2018-11-07 00:00:00,10000.0,-58.125000000000824,530.0000000000082,sell,1.14422,1.13892,-14.000000000002897,50,7996.200000000052,2018
2018-11-07 17:00:00,2018-11-08 18:00:00,10000.0,64.23750000000008,-678.0000000000008,sell,1.13939,1.14617,734.0000000000124,25,8062.0000000000555,2018
2018-11-08 18:00:00,2018-11-09 07:00:00,10000.0,44.98750000000007,-478.0000000000006,sell,1.13466,1.13944,632.9999999999947,13,8107.800000000056,2018
2018-11-11 22:00:00,2018-11-12 08:00:00,10000.0,51.574999999999804,-541.999999999998,sell,1.12613,1.13155,685.0000000000023,10,8160.000000000056,2018
2018-11-12 08:00:00,2018-11-14 00:00:00,10000.0,-58.2999999999994,537.999999999994,sell,1.13124,1.12586,76.99999999999373,40,8104.200000000056,2018
2018-11-14 13:00:00,2018-11-14 15:00:00,10000.0,-52.924999999999734,507.9999999999973,sell,1.13347,1.12839,124.00000000001297,2,8051.400000000056,2018
2018-11-14 15:00:00,2018-11-16 02:00:00,10000.0,-39.48750000000033,353.0000000000033,sell,1.13411,1.13058,211.0000000000056,35,8014.100000000053,2018
2018-11-18 22:00:00,2018-11-19 16:00:00,10000.0,-43.62499999999887,404.9999999999887,sell,1.14543,1.14138,97.99999999999808,18,7971.600000000055,2018
2018-11-19 21:00:00,2018-11-20 14:00:00,10000.0,-52.9625000000005,499.00000000000495,buy,1.14042,1.14541,5.999999999994897,17,7919.700000000054,2018
2018-11-21 09:00:00,2018-11-22 11:00:00,10000.0,-38.524999999999935,348.99999999999926,sell,1.14163,1.13814,171.00000000001003,26,7882.800000000056,2018
2018-11-22 11:00:00,2018-11-23 09:00:00,10000.0,41.725000000000136,-451.00000000000136,sell,1.13719,1.1417,490.0000000000126,22,7925.900000000054,2018
2018-11-25 22:00:00,2018-11-26 08:00:00,10000.0,-34.92499999999844,322.99999999998437,sell,1.13638,1.13315,62.00000000000649,10,7891.600000000055,2018
2018-11-26 08:00:00,2018-11-26 19:00:00,10000.0,33.612500000000225,-363.00000000000216,sell,1.13316,1.13679,514.0000000000144,11,7925.900000000054,2018
2018-11-27 05:00:00,2018-11-27 08:00:00,10000.0,-35.687499999999645,334.99999999999636,buy,1.1309500000000001,1.1343,8.000000000008,3,7890.400000000054,2018
2018-11-27 08:00:00,2018-11-28 09:00:00,10000.0,-35.962499999999096,323.99999999999096,buy,1.12812,1.13136,148.99999999999912,25,7856.000000000055,2018
2018-11-29 01:00:00,2018-11-30 06:00:00,10000.0,13.487500000000093,-173.0000000000009,buy,1.13889,1.13716,409.9999999999992,29,7871.300000000056,2018
2018-12-02 22:00:00,2018-12-04 05:00:00,10000.0,-52.837499999998386,488.99999999998386,sell,1.1378,1.13291,35.00000000000725,31,7820.400000000055,2018
2018-12-04 09:00:00,2018-12-04 16:00:00,10000.0,-65.93750000000078,635.0000000000077,buy,1.1348,1.14115,-11.999999999989795,7,7754.900000000053,2018
2018-12-05 21:00:00,2018-12-06 15:00:00,10000.0,43.47500000000109,-466.0000000000108,buy,1.13928,1.13462,720.0000000000094,18,7799.500000000054,2018
2018-12-06 17:00:00,2018-12-07 06:00:00,10000.0,-26.012499999998777,231.99999999998775,buy,1.13646,1.13878,-8.999999999992347,13,7774.300000000057,2018
2018-12-09 22:00:00,2018-12-11 10:00:00,10000.0,5.550000000002029,-98.00000000002028,sell,1.13827,1.13925,592.0000000000147,36,7782.100000000061,2018
2018-12-11 10:00:00,2018-12-11 15:00:00,10000.0,-58.712500000000894,564.0000000000089,buy,1.1333,1.13894,15.999999999993795,5,7723.70000000006,2018
2018-12-11 17:00:00,2018-12-12 10:00:00,10000.0,7.437500000002174,-105.00000000002173,buy,1.1331200000000001,1.13207,198.00000000000927,17,7732.200000000062,2018
2018-12-12 10:00:00,2018-12-12 16:00:00,10000.0,-37.47499999999902,350.99999999999017,sell,1.13672,1.13321,113.00000000000753,6,7695.100000000063,2018
2018-12-13 05:00:00,2018-12-13 15:00:00,10000.0,-28.825000000000667,262.00000000000665,buy,1.13408,1.1367,104.99999999999953,10,7666.9000000000615,2018
2018-12-16 22:00:00,2018-12-17 11:00:00,10000.0,-40.21249999999854,373.99999999998545,sell,1.13407,1.13033,33.00000000001635,13,7627.500000000064,2018
2018-12-19 17:00:00,2018-12-19 20:00:00,10000.0,-59.78749999999987,575.9999999999986,buy,1.13692,1.14268,62.999999999990834,3,7567.900000000064,2018
2018-12-19 20:00:00,2018-12-20 06:00:00,10000.0,8.675000000000754,-113.00000000000753,buy,1.13863,1.1375,217.0000000000005,10,7577.200000000064,2018
2018-12-20 06:00:00,2018-12-20 10:00:00,10000.0,-75.14999999999796,728.9999999999797,sell,1.14793,1.14064,9.000000000014552,4,7502.300000000067,2018
2018-12-20 10:00:00,2018-12-20 16:00:00,10000.0,54.42499999999907,-567.9999999999907,sell,1.14175,1.14743,649.999999999995,6,7557.100000000066,2018
2018-12-23 22:00:00,2018-12-24 15:00:00,10000.0,-68.26250000000081,652.0000000000081,sell,1.14293,1.13641,83.00000000001084,17,7489.900000000066,2018
2018-12-27 01:00:00,2018-12-27 15:00:00,10000.0,52.925000000001404,-558.000000000014,buy,1.14311,1.13753,670.000000000015,14,7543.700000000068,2018
2018-12-30 22:00:00,2018-12-31 06:00:00,10000.0,-16.50000000000068,140.00000000000676,buy,1.14259,1.14399,49.999999999994486,8,7527.700000000067,2018
2018-12-31 06:00:00,2018-12-31 12:00:00,10000.0,-31.975000000000737,296.00000000000733,sell,1.14537,1.14241,113.99999999999187,6,7496.100000000066,2018
2019-01-02 10:00:00,2019-01-02 14:00:00,10000.0,59.049999999999685,-612.9999999999968,sell,1.13733,1.14346,653.0000000000147,4,10059.299999999997,2019
2019-01-02 14:00:00,2019-01-03 18:00:00,10000.0,-46.349999999999305,425.999999999993,sell,1.14005,1.13579,102.00000000000207,28,10014.699999999999,2019
2019-01-03 18:00:00,2019-01-04 10:00:00,10000.0,-4.700000000000035,17.000000000000348,buy,1.14007,1.14024,190.00000000000125,16,10010.999999999996,2019
2019-01-06 22:00:00,2019-01-07 14:00:00,10000.0,-60.89999999999962,578.9999999999961,sell,1.14593,1.14014,-6.999999999979244,16,9951.099999999995,2019
2019-01-07 14:00:00,2019-01-09 15:00:00,10000.0,-66.26249999999904,611.9999999999902,sell,1.15258,1.14646,-8.999999999992347,49,9887.899999999994,2019
2019-01-09 15:00:00,2019-01-10 02:00:00,10000.0,-48.78750000000003,461.0000000000003,sell,1.15551,1.1509,48.00000000000359,11,9839.799999999992,2019
2019-01-10 02:00:00,2019-01-10 18:00:00,10000.0,-55.09999999999937,520.9999999999936,buy,1.15036,1.15557,73.00000000001194,16,9785.69999999999,2019
2019-01-10 18:00:00,2019-01-11 21:00:00,10000.0,-43.68749999999781,399.9999999999781,buy,1.14596,1.1499599999999999,24.000000000001794,27,9743.699999999997,2019
2019-01-13 22:00:00,2019-01-15 06:00:00,10000.0,-24.999999999999908,209.99999999999906,sell,1.14823,1.14613,63.999999999997385,32,9720.699999999997,2019
2019-01-15 06:00:00,2019-01-15 10:00:00,10000.0,-48.64999999999978,463.9999999999977,buy,1.14308,1.14772,79.00000000000684,4,9672.299999999997,2019
2019-01-17 09:00:00,2019-01-17 22:00:00,10000.0,-0.8125000000002203,-19.999999999997797,sell,1.13894,1.13914,158.999999999998,13,9672.299999999997,2019
2019-01-17 22:00:00,2019-01-18 10:00:00,10000.0,6.550000000000974,-93.00000000000973,buy,1.13972,1.13879,119.00000000000243,12,9679.599999999997,2019
2019-01-20 22:00:00,2019-01-22 10:00:00,10000.0,-1.7499999999991656,-25.000000000008345,sell,1.1360999999999999,1.13635,290.00000000001245,36,9680.100000000004,2019
2019-01-22 10:00:00,2019-01-22 15:00:00,10000.0,-10.812500000000174,85.00000000000173,buy,1.13536,1.13621,185.99999999999727,5,9669.600000000004,2019
2019-01-23 09:00:00,2019-01-23 16:00:00,10000.0,-29.537499999999902,270.999999999999,sell,1.13806,1.13535,86.99999999999262,7,9640.500000000005,2019
2019-01-23 16:00:00,2019-01-24 10:00:00,10000.0,35.07499999999935,-381.9999999999934,sell,1.13486,1.13868,455.00000000000534,18,9676.700000000006,2019
2019-01-24 10:00:00,2019-01-24 18:00:00,10000.0,38.39999999999927,-408.99999999999267,sell,1.13006,1.13415,792.9999999999992,8,9715.600000000006,2019
2019-01-27 22:00:00,2019-01-28 18:00:00,10000.0,-30.649999999999647,273.9999999999964,sell,1.14356,1.14082,77.00000000001594,20,9686.200000000006,2019
2019-01-28 18:00:00,2019-01-30 20:00:00,10000.0,48.37499999999966,-534.9999999999966,buy,1.14896,1.14361,841.0000000000028,50,9737.70000000001,2019
2019-02-03 22:00:00,2019-02-04 10:00:00,10000.0,2.0500000000003595,-48.00000000000359,sell,1.14466,1.14514,131.99999999999878,12,9740.50000000001,2019
2019-02-04 10:00:00,2019-02-05 09:00:00,10000.0,-38.637499999999676,351.9999999999967,buy,1.14129,1.1448099999999999,18.999999999991246,23,9703.30000000001,2019
2019-02-07 09:00:00,2019-02-08 21:00:00,10000.0,14.349999999999728,-185.99999999999727,sell,1.13238,1.13424,356.00000000000074,36,9719.900000000009,2019
2019-02-10 22:00:00,2019-02-11 15:00:00,10000.0,21.337500000002198,-244.00000000002197,sell,1.1293199999999999,1.13176,361.00000000001125,17,9742.300000000012,2019
2019-02-12 09:00:00,2019-02-12 17:00:00,10000.0,34.80000000000011,-373.0000000000011,buy,1.13131,1.12758,407.00000000000176,8,9777.600000000011,2019
2019-02-13 13:00:00,2019-02-15 21:00:00,10000.0,-15.799999999998644,102.99999999998643,sell,1.12991,1.12888,100.00000000001118,56,9765.300000000008,2019
2019-02-17 22:00:00,2019-02-18 13:00:00,10000.0,-44.63749999999785,416.99999999997846,sell,1.13305,1.12888,29.000000000012346,15,9721.600000000011,2019
2019-02-18 21:00:00,2019-02-19 12:00:00,10000.0,-32.237499999998775,292.99999999998766,buy,1.12803,1.13096,53.99999999999849,15,9690.300000000012,2019
2019-02-19 12:00:00,2019-02-19 16:00:00,10000.0,40.150000000002436,-424.00000000002433,buy,1.1331200000000001,1.1288799999999999,456.00000000001194,4,9730.700000000015,2019
2019-02-20 05:00:00,2019-02-20 17:00:00,10000.0,-37.350000000000186,346.0000000000018,sell,1.13696,1.1335,-7.000000000001449,12,9694.100000000017,2019
2019-02-20 17:00:00,2019-02-22 21:00:00,10000.0,25.150000000001537,-304.00000000001535,sell,1.13329,1.13633,377.00000000000506,52,9722.50000000002,2019
2019-02-24 22:00:00,2019-02-26 06:00:00,10000.0,-28.599999999999067,245.99999999999065,sell,1.13588,1.13342,80.99999999999774,32,9695.90000000002,2019
2019-02-26 06:00:00,2019-02-26 18:00:00,10000.0,23.150000000000922,-259.0000000000092,buy,1.13771,1.13512,324.9999999999975,12,9719.800000000025,2019
2019-02-28 17:00:00,2019-03-01 21:00:00,10000.0,9.650000000001189,-134.00000000001188,sell,1.13659,1.13793,421.00000000000466,28,9731.200000000028,2019
2019-03-03 22:00:00,2019-03-04 11:00:00,10000.0,32.68750000000164,-355.00000000001637,sell,1.1339,1.13745,413.0000000000189,13,9764.700000000028,2019
2019-03-06 09:00:00,2019-03-07 14:00:00,10000.0,34.68749999999909,-384.99999999999085,sell,1.12599,1.12984,641.9999999999869,29,9801.200000000026,2019
2019-03-07 14:00:00,2019-03-07 20:00:00,10000.0,43.12500000000054,-455.00000000000534,sell,1.11848,1.12303,579.0000000000183,6,9844.700000000024,2019
2019-03-07 20:00:00,2019-03-08 14:00:00,10000.0,-50.524999999999665,473.9999999999966,sell,1.12269,1.11795,130.00000000000787,18,9795.300000000025,2019
2019-03-10 21:00:00,2019-03-11 23:00:00,10000.0,-37.82499999999979,341.99999999999784,sell,1.12646,1.12304,79.00000000000684,26,9759.100000000022,2019
2019-03-12 05:00:00,2019-03-12 14:00:00,10000.0,17.837500000000418,-204.00000000000415,buy,1.12772,1.12568,285.0000000000019,9,9777.50000000002,2019
2019-03-12 14:00:00,2019-03-13 15:00:00,10000.0,-41.76249999999935,381.9999999999934,sell,1.1307,1.12688,60.999999999999936,25,9737.300000000023,2019
2019-03-13 15:00:00,2019-03-15 15:00:00,10000.0,-35.29999999999866,302.9999999999866,sell,1.1337,1.13067,68.00000000000139,48,9705.000000000027,2019
2019-03-17 21:00:00,2019-03-18 12:00:00,10000.0,-40.33749999999854,373.99999999998545,sell,1.13584,1.1321,-5.999999999994897,15,9665.60000000003,2019
2019-03-18 12:00:00,2019-03-18 14:00:00,10000.0,-6.025000000001125,39.00000000001125,sell,1.13474,1.13435,15.999999999993795,2,9659.700000000028,2019
2019-03-18 14:00:00,2019-03-20 18:00:00,10000.0,3.350000000000829,-86.00000000000828,buy,1.13545,1.13459,304.9999999999997,52,9666.300000000032,2019
2019-03-20 18:00:00,2019-03-21 11:00:00,10000.0,50.237500000000566,-533.0000000000057,sell,1.1389799999999999,1.14431,578.0000000000118,17,9717.600000000031,2019
2019-03-21 13:00:00,2019-03-22 09:00:00,10000.0,81.65000000000109,-849.0000000000108,sell,1.13045,1.13894,869.0000000000085,20,9800.500000000027,2019
2019-03-24 21:00:00,2019-03-27 21:00:00,10000.0,39.50000000000159,-460.0000000000159,sell,1.12451,1.12911,857.0000000000188,72,9844.50000000003,2019
2019-03-27 21:00:00,2019-03-31 21:00:00,10000.0,25.399999999999316,-303.9999999999931,sell,1.12181,1.12485,425.999999999993,48,9872.900000000025,2019
2019-03-31 21:00:00,2019-04-02 06:00:00,10000.0,13.537499999999838,-175.99999999999835,sell,1.12073,1.12249,418.0000000000072,33,9888.500000000025,2019
2019-04-02 06:00:00,2019-04-03 06:00:00,10000.0,17.200000000000163,-207.00000000000162,buy,1.1223,1.12023,398.00000000000944,24,9907.200000000023,2019
2019-04-03 21:00:00,2019-04-05 06:00:00,10000.0,2.9375000000014495,-70.0000000000145,sell,1.12278,1.12348,192.00000000001435,33,9912.20000000002,2019
2019-04-07 21:00:00,2019-04-08 11:00:00,10000.0,-33.775000000000375,309.0000000000037,sell,1.12445,1.12136,5.999999999994897,14,9879.300000000017,2019
2019-04-08 11:00:00,2019-04-08 14:00:00,10000.0,-30.387500000000447,282.00000000000443,sell,1.12725,1.12443,13.999999999980693,3,9849.100000000019,2019
2019-04-08 14:00:00,2019-04-08 22:00:00,10000.0,-5.49999999999967,29.999999999996692,sell,1.12617,1.12587,68.00000000000139,8,9844.100000000019,2019
2019-04-08 22:00:00,2019-04-10 14:00:00,10000.0,-21.900000000000748,174.00000000000747,buy,1.12397,1.12571,105.99999999998387,40,9824.700000000015,2019
2019-04-10 17:00:00,2019-04-12 10:00:00,10000.0,31.637500000001786,-362.00000000001785,buy,1.13115,1.12753,624.0000000000023,41,9858.90000000002,2019
2019-04-14 21:00:00,2019-04-15 18:00:00,10000.0,-6.6124999999994145,32.999999999994145,sell,1.13041,1.13008,162.00000000001768,21,9853.600000000019,2019
2019-04-15 18:00:00,2019-04-16 10:00:00,10000.0,-18.80000000000137,158.00000000001367,buy,1.12892,1.1305,103.99999999999298,16,9835.800000000017,2019
2019-04-18 13:00:00,2019-04-21 21:00:00,10000.0,0.8000000000003595,-48.00000000000359,sell,1.12423,1.12471,79.99999999999119,32,9838.600000000015,2019
2019-04-21 21:00:00,2019-04-22 13:00:00,10000.0,-14.300000000000754,113.00000000000753,sell,1.12507,1.12394,35.00000000000725,16,9825.300000000017,2019
2019-04-22 13:00:00,2019-04-22 18:00:00,10000.0,-14.212500000000244,119.00000000000243,sell,1.12613,1.12494,0.9999999999843466,5,9811.400000000018,2019
2019-04-22 18:00:00,2019-04-23 07:00:00,10000.0,-17.312499999999513,144.9999999999951,buy,1.12454,1.12599,30.000000000018897,13,9794.900000000018,2019
2019-04-23 07:00:00,2019-04-23 13:00:00,10000.0,-33.67500000000077,313.0000000000077,buy,1.12153,1.12466,-8.000000000008,6,9761.600000000019,2019
2019-04-24 09:00:00,2019-04-24 14:00:00,10000.0,-26.812499999998412,244.9999999999841,buy,1.11901,1.12146,97.99999999999808,5,9735.100000000019,2019
2019-04-28 21:00:00,2019-04-29 17:00:00,10000.0,-38.34999999999902,350.99999999999017,sell,1.11825,1.11474,9.999999999998899,20,9698.000000000022,2019
2019-05-01 17:00:00,2019-05-01 19:00:00,10000.0,42.4750000000013,-446.000000000013,sell,1.1195599999999999,1.12402,686.0000000000088,2,9740.600000000022,2019
2019-05-01 19:00:00,2019-05-05 21:00:00,10000.0,1.2749999999997388,-63.999999999997385,sell,1.11862,1.11926,322.00000000000006,50,9745.000000000022,2019
2019-05-05 21:00:00,2019-05-06 14:00:00,10000.0,-17.962499999999913,148.99999999999912,sell,1.1193,1.11781,100.00000000001118,17,9728.10000000002,2019
2019-05-06 14:00:00,2019-05-07 18:00:00,10000.0,-25.450000000000053,217.0000000000005,buy,1.11759,1.11976,99.00000000000463,28,9704.400000000021,2019
2019-05-07 18:00:00,2019-05-09 14:00:00,10000.0,-61.45000000000064,567.0000000000064,sell,1.12365,1.11798,53.99999999999849,44,9645.700000000017,2019
2019-05-12 21:00:00,2019-05-13 18:00:00,10000.0,-4.212499999999235,8.999999999992347,sell,1.1234,1.12331,289.0000000000059,21,9642.800000000016,2019
2019-05-13 18:00:00,2019-05-15 08:00:00,10000.0,-26.674999999999542,222.9999999999954,buy,1.12107,1.1233,133.00000000000531,38,9618.500000000016,2019
2019-05-15 21:00:00,2019-05-16 19:00:00,10000.0,27.32499999999906,-306.99999999999056,sell,1.11718,1.12025,516.9999999999897,22,9647.20000000001,2019
2019-05-16 19:00:00,2019-05-19 21:00:00,10000.0,13.974999999999838,-175.99999999999835,sell,1.11568,1.11744,269.99999999999244,26,9662.800000000012,2019
2019-05-19 21:00:00,2019-05-21 02:00:00,10000.0,-12.512499999999264,86.99999999999262,sell,1.11665,1.11578,78.00000000000028,29,9652.10000000001,2019
2019-05-21 02:00:00,2019-05-21 07:00:00,10000.0,-21.912499999999618,195.99999999999616,buy,1.11465,1.1166099999999999,28.99999999999014,5,9630.500000000011,2019
2019-05-21 07:00:00,2019-05-21 15:00:00,10000.0,19.499999999999797,-219.99999999999795,buy,1.11774,1.11554,360.0000000000047,8,9650.500000000011,2019
2019-05-21 17:00:00,2019-05-24 07:00:00,10000.0,-45.1250000000012,395.000000000012,sell,1.11972,1.11577,78.99999999998464,58,9609.000000000004,2019
2019-05-26 21:00:00,2019-05-27 22:00:00,10000.0,10.537500000001334,-141.00000000001333,sell,1.11937,1.12078,208.00000000000816,25,9621.100000000008,2019
2019-05-27 22:00:00,2019-05-28 02:00:00,10000.0,-13.850000000000499,116.00000000000497,buy,1.11814,1.1193,8.999999999992347,4,9607.500000000007,2019
2019-05-28 02:00:00,2019-05-28 06:00:00,10000.0,-9.249999999999229,69.99999999999228,sell,1.11867,1.1179700000000001,-5.000000000010552,4,9598.500000000007,2019
2019-05-28 06:00:00,2019-05-28 17:00:00,10000.0,-25.387499999999942,226.9999999999994,buy,1.1163,1.11857,16.000000000016,11,9573.800000000005,2019
2019-05-29 21:00:00,2019-05-31 13:00:00,10000.0,-28.800000000001543,243.0000000000154,sell,1.11576,1.11333,64.99999999998174,40,9547.500000000004,2019
2019-06-02 21:00:00,2019-06-03 14:00:00,10000.0,-38.46249999999877,353.9999999999876,sell,1.12028,1.11674,19.00000000001345,17,9510.10000000001,2019
2019-06-03 14:00:00,2019-06-03 18:00:00,10000.0,-48.14999999999872,458.99999999998715,sell,1.12448,1.11989,53.99999999999849,4,9462.200000000012,2019
2019-06-03 18:00:00,2019-06-05 06:00:00,10000.0,-3.64999999999829,-6.000000000017102,buy,1.1261,1.12604,352.00000000001893,36,9460.80000000001,2019
2019-06-05 06:00:00,2019-06-05 10:00:00,10000.0,-29.150000000000812,269.0000000000081,sell,1.12849,1.1258,32.999999999994145,4,9431.90000000001,2019
2019-06-05 10:00:00,2019-06-05 13:00:00,10000.0,-38.287499999998914,360.9999999999891,sell,1.12944,1.12583,114.99999999999842,3,9393.800000000012,2019
2019-06-09 21:00:00,2019-06-13 13:00:00,10000.0,37.300000000000395,-448.0000000000039,sell,1.12799,1.13247,628.9999999999907,88,9436.600000000015,2019
2019-06-13 13:00:00,2019-06-14 13:00:00,10000.0,33.40000000000193,-369.00000000001927,sell,1.12329,1.12698,558.000000000014,24,9471.500000000018,2019
2019-06-16 21:00:00,2019-06-17 13:00:00,10000.0,-32.89999999999826,298.9999999999826,sell,1.1238299999999999,1.12084,81.00000000001994,16,9439.600000000019,2019
2019-06-17 13:00:00,2019-06-18 09:00:00,10000.0,43.349999999998865,-465.99999999998863,sell,1.11894,1.1236,537.999999999994,20,9484.200000000019,2019
2019-06-18 09:00:00,2019-06-19 18:00:00,10000.0,24.537500000000847,-286.00000000000847,buy,1.12151,1.11865,334.99999999999636,33,9510.800000000016,2019
2019-06-20 09:00:00,2019-06-21 14:00:00,10000.0,13.987499999998928,-177.99999999998926,buy,1.13235,1.13057,544.9999999999955,29,9526.60000000001,2019
2019-06-23 21:00:00,2019-06-24 18:00:00,10000.0,-25.612500000001763,223.00000000001762,sell,1.13928,1.13705,72.99999999998974,21,9502.300000000007,2019
2019-06-24 18:00:00,2019-06-25 17:00:00,10000.0,-43.637500000001346,402.0000000000134,buy,1.13604,1.14006,7.000000000001449,23,9460.100000000008,2019
2019-06-27 13:00:00,2019-06-28 08:00:00,10000.0,-34.88749999999895,316.9999999999895,sell,1.13885,1.13568,36.0000000000138,19,9426.400000000009,2019
2019-06-30 21:00:00,2019-07-01 06:00:00,10000.0,30.63750000000212,-332.00000000002115,sell,1.1329799999999999,1.1363,406.00000000001745,9,9457.600000000008,2019
2019-07-01 06:00:00,2019-07-01 12:00:00,10000.0,-27.074999999999722,246.99999999999721,sell,1.13491,1.1324400000000001,102.99999999998643,6,9430.900000000009,2019
2019-07-01 12:00:00,2019-07-01 16:00:00,10000.0,34.050000000000225,-363.00000000000216,sell,1.13071,1.1343400000000001,414.99999999998755,4,9465.20000000001,2019
2019-07-01 16:00:00,2019-07-04 10:00:00,10000.0,-1.1250000000005507,-49.999999999994486,sell,1.12867,1.12917,329.99999999998585,66,9468.200000000013,2019
2019-07-04 10:00:00,2019-07-05 06:00:00,10000.0,-14.049999999999699,107.99999999999697,buy,1.12765,1.12873,39.00000000001125,20,9455.40000000001,2019
2019-07-07 21:00:00,2019-07-09 10:00:00,10000.0,15.287499999999618,-195.99999999999616,sell,1.12053,1.12249,286.9999999999928,37,9473.00000000001,2019
2019-07-09 10:00:00,2019-07-10 09:00:00,10000.0,17.062500000001073,-205.00000000001071,buy,1.12229,1.12024,276.9999999999939,23,9491.500000000007,2019
2019-07-14 21:00:00,2019-07-15 18:00:00,10000.0,4.587500000000684,-79.00000000000684,sell,1.12581,1.1266,252.9999999999921,21,9497.400000000005,2019
2019-07-15 18:00:00,2019-07-16 10:00:00,10000.0,-32.39999999999942,293.99999999999426,buy,1.12293,1.12587,-14.000000000002897,16,9466.000000000005,2019
2019-07-18 13:00:00,2019-07-18 19:00:00,10000.0,45.22499999999876,-475.9999999999875,buy,1.12658,1.12182,529.999999999986,6,9511.600000000004,2019
2019-07-18 21:00:00,2019-07-19 10:00:00,10000.0,31.38749999999979,-341.99999999999784,sell,1.12399,1.12741,412.99999999999665,13,9543.800000000005,2019
2019-07-21 21:00:00,2019-07-23 10:00:00,10000.0,32.08750000000087,-364.00000000000875,sell,1.11784,1.12148,463.9999999999977,37,9578.200000000006,2019
2019-07-23 10:00:00,2019-07-23 14:00:00,10000.0,-27.350000000000122,251.0000000000012,buy,1.11577,1.11828,62.999999999990834,4,9551.100000000006,2019
2019-07-25 17:00:00,2019-07-28 21:00:00,10000.0,13.849999999999838,-175.99999999999835,sell,1.1125,1.11426,255.0000000000052,28,9566.700000000003,2019
2019-07-28 21:00:00,2019-07-30 13:00:00,10000.0,-31.000000000000412,265.0000000000041,sell,1.11537,1.11272,55.00000000000504,40,9538.200000000006,2019
2019-07-31 13:00:00,2019-07-31 19:00:00,10000.0,50.625000000000824,-530.0000000000082,sell,1.10863,1.11393,550.000000000006,6,9589.200000000006,2019
2019-07-31 19:00:00,2019-08-01 10:00:00,10000.0,23.262500000000667,-262.00000000000665,sell,1.1040699999999999,1.10669,394.0000000000054,15,9613.400000000009,2019
2019-08-01 10:00:00,2019-08-01 18:00:00,10000.0,42.899999999999885,-453.9999999999988,buy,1.10801,1.10347,537.999999999994,8,9656.80000000001,2019
2019-08-01 18:00:00,2019-08-04 21:00:00,10000.0,-27.487499999998267,237.99999999998266,sell,1.11065,1.10827,93.00000000000973,27,9631.00000000001,2019
2019-08-04 21:00:00,2019-08-05 09:00:00,10000.0,-46.150000000000105,434.000000000001,sell,1.11482,1.11048,-11.999999999989795,12,9585.600000000008,2019
2019-08-05 13:00:00,2019-08-05 23:00:00,10000.0,-51.824999999998134,491.9999999999813,sell,1.1226099999999999,1.11769,-6.999999999979244,10,9534.400000000009,2019
2019-08-06 09:00:00,2019-08-06 22:00:00,10000.0,-6.412499999999159,35.999999999991594,buy,1.11985,1.12021,314.9999999999986,13,9528.800000000008,2019
2019-08-06 22:00:00,2019-08-07 14:00:00,10000.0,-38.49999999999942,354.9999999999942,sell,1.12357,1.12002,43.99999999999959,16,9491.30000000001,2019
2019-08-07 14:00:00,2019-08-11 21:00:00,10000.0,10.562500000000458,-160.00000000000458,sell,1.11974,1.12134,439.00000000001154,55,9505.300000000016,2019
2019-08-11 21:00:00,2019-08-12 08:00:00,10000.0,25.812500000000192,-285.0000000000019,sell,1.11692,1.11977,414.00000000000324,11,9531.800000000016,2019
2019-08-12 08:00:00,2019-08-12 13:00:00,10000.0,-39.712500000000766,374.0000000000076,sell,1.12107,1.11733,28.99999999999014,5,9492.400000000012,2019
2019-08-12 13:00:00,2019-08-12 18:00:00,10000.0,-2.412500000000655,1.0000000000065512,sell,1.12154,1.12153,147.0000000000082,5,9490.300000000012,2019
2019-08-12 18:00:00,2019-08-13 04:00:00,10000.0,-36.32499999999873,336.99999999998727,buy,1.1186,1.12197,49.00000000001014,10,9454.600000000017,2019
2019-08-13 04:00:00,2019-08-14 10:00:00,10000.0,-18.974999999999003,150.99999999999002,buy,1.11762,1.11913,120.00000000000898,30,9437.500000000016,2019
2019-08-18 21:00:00,2019-08-19 22:00:00,10000.0,5.837499999999409,-93.99999999999407,sell,1.10803,1.10897,326.9999999999884,25,9444.900000000016,2019
2019-08-19 22:00:00,2019-08-20 18:00:00,10000.0,17.049999999999763,-202.9999999999976,buy,1.11028,1.10825,377.9999999999894,20,9463.200000000017,2019
2019-08-22 09:00:00,2019-08-22 22:00:00,10000.0,-7.41250000000127,46.00000000001269,buy,1.10787,1.10833,156.00000000000057,13,9456.600000000015,2019
2019-08-22 22:00:00,2019-08-23 15:00:00,10000.0,-34.46250000000143,314.00000000001427,sell,1.11111,1.10797,28.99999999999014,17,9423.200000000015,2019
2019-08-25 21:00:00,2019-08-26 18:00:00,10000.0,36.887500000001346,-402.0000000000134,sell,1.1106099999999999,1.11463,572.0000000000169,21,9461.400000000012,2019
2019-08-26 18:00:00,2019-08-28 02:00:00,10000.0,-17.40000000000119,134.00000000001188,buy,1.10859,1.10993,11.000000000005448,32,9446.000000000015,2019
2019-08-28 02:00:00,2019-08-29 10:00:00,10000.0,4.699999999999264,-86.99999999999262,sell,1.10769,1.10856,204.99999999998852,32,9452.700000000015,2019
2019-08-29 10:00:00,2019-08-29 14:00:00,10000.0,-17.85000000000006,156.00000000000057,buy,1.10604,1.1076,53.99999999999849,4,9435.100000000017,2019
2019-08-29 14:00:00,2019-08-30 12:00:00,10000.0,24.32499999999939,-276.9999999999939,sell,1.10369,1.10646,297.99999999999824,22,9460.80000000002,2019
2019-09-01 21:00:00,2019-09-03 02:00:00,10000.0,41.48749999999923,-452.99999999999227,sell,1.09392,1.09845,567.9999999999907,29,9504.100000000019,2019
2019-09-04 17:00:00,2019-09-05 12:00:00,10000.0,-44.78749999999941,415.99999999999415,sell,1.10666,1.1025,0.0,19,9460.50000000002,2019
2019-09-05 12:00:00,2019-09-06 12:00:00,10000.0,30.599999999999127,-340.9999999999913,sell,1.10237,1.10578,607.0000000000019,24,9492.600000000024,2019
2019-09-08 21:00:00,2019-09-09 13:00:00,10000.0,-24.500000000000963,215.0000000000096,sell,1.10447,1.10232,139.00000000000023,16,9469.100000000024,2019
2019-09-09 13:00:00,2019-09-09 22:00:00,10000.0,0.7375000000016348,-33.00000000001635,sell,1.10499,1.10532,177.00000000000492,9,9470.400000000027,2019
2019-09-09 22:00:00,2019-09-11 10:00:00,10000.0,-35.74999999999986,314.9999999999986,buy,1.10175,1.1049,-18.999999999991246,36,9436.900000000023,2019
2019-09-11 17:00:00,2019-09-12 12:00:00,10000.0,35.1125,-383.0,sell,1.09672,1.10055,991.0000000000084,19,9473.200000000023,2019
2019-09-12 12:00:00,2019-09-12 14:00:00,10000.0,-95.42499999999839,932.9999999999837,sell,1.10367,1.09434,93.00000000000973,2,9377.900000000023,2019
2019-09-15 21:00:00,2019-09-16 12:00:00,10000.0,34.962500000001825,-379.0000000000182,sell,1.10313,1.1069200000000001,544.9999999999955,15,9413.800000000025,2019
2019-09-16 12:00:00,2019-09-17 16:00:00,10000.0,-44.24999999999887,404.9999999999887,sell,1.10646,1.1024100000000001,14.000000000002897,28,9371.300000000023,2019
2019-09-17 17:00:00,2019-09-18 19:00:00,10000.0,-40.7249999999988,370.99999999998795,buy,1.10304,1.10675,174.00000000000747,26,9332.20000000002,2019
2019-09-19 09:00:00,2019-09-19 22:00:00,10000.0,-27.012500000000887,242.00000000000887,buy,1.10391,1.10633,14.999999999987244,13,9306.000000000018,2019
2019-09-19 22:00:00,2019-09-20 15:00:00,10000.0,27.937500000001027,-310.00000000001023,sell,1.10126,1.10436,546.000000000002,17,9335.000000000016,2019
2019-09-22 21:00:00,2019-09-23 08:00:00,10000.0,40.81250000000076,-435.00000000000756,sell,1.09709,1.10144,540.000000000007,11,9376.500000000016,2019
2019-09-23 08:00:00,2019-09-24 10:00:00,10000.0,-27.624999999999577,239.99999999999577,sell,1.09991,1.09751,4.000000000004,26,9350.500000000015,2019
2019-09-24 10:00:00,2019-09-24 17:00:00,10000.0,20.162500000001508,-226.00000000001506,buy,1.1011900000000001,1.09893,254.00000000002086,7,9371.100000000017,2019
2019-09-25 21:00:00,2019-09-29 21:00:00,10000.0,1.6697754290362354e-12,-50.00000000001669,sell,1.09374,1.09424,293.0000000000099,48,9374.100000000022,2019
2019-09-29 21:00:00,2019-09-30 12:00:00,10000.0,25.762500000001502,-287.000000000015,sell,1.09096,1.09383,378.00000000001165,15,9400.800000000021,2019
2019-09-30 12:00:00,2019-10-01 10:00:00,10000.0,-2.4750000000007653,-8.999999999992347,sell,1.08952,1.08961,180.9999999999867,22,9399.700000000019,2019
2019-10-01 10:00:00,2019-10-01 16:00:00,10000.0,24.324999999999502,-266.999999999995,buy,1.09287,1.0902,451.00000000000136,6,9424.400000000018,2019
2019-10-03 05:00:00,2019-10-03 15:00:00,10000.0,-33.92500000000077,313.0000000000077,sell,1.09853,1.0954,134.99999999999622,10,9391.100000000015,2019
2019-10-03 15:00:00,2019-10-06 21:00:00,10000.0,8.425000000000644,-123.00000000000642,sell,1.09754,1.09877,198.9999999999936,30,9401.400000000014,2019
2019-10-06 21:00:00,2019-10-07 22:00:00,10000.0,0.6375000000008695,-42.0000000000087,sell,1.09721,1.09763,279.000000000007,25,9403.600000000017,2019
2019-10-07 22:00:00,2019-10-08 16:00:00,10000.0,-28.325000000000777,252.00000000000776,buy,1.09469,1.09721,24.000000000001794,18,9376.400000000016,2019
2019-10-09 21:00:00,2019-10-11 01:00:00,10000.0,-37.900000000000986,354.00000000000983,sell,1.10074,1.0972,58.999999999986834,8,9339.000000000015,2019
2019-10-13 21:00:00,2019-10-14 10:00:00,10000.0,-4.112499999999635,12.999999999996346,buy,1.10351,1.10364,229.99999999999685,13,9335.700000000013,2019
2019-10-14 10:00:00,2019-10-15 14:00:00,10000.0,29.449999999999896,-331.9999999999989,sell,1.09951,1.10283,504.99999999999983,28,9366.90000000001,2019
2019-10-17 05:00:00,2019-10-17 10:00:00,10000.0,40.487500000000615,-428.00000000000614,buy,1.11155,1.10727,509.00000000000387,5,9407.70000000001,2019
2019-10-17 10:00:00,2019-10-17 22:00:00,10000.0,6.850000000000719,-96.00000000000718,buy,1.1124100000000001,1.11145,231.0000000000034,12,9415.30000000001,2019
2019-10-17 22:00:00,2019-10-18 16:00:00,10000.0,-36.624999999999645,334.99999999999636,sell,1.1156,1.11225,28.000000000005794,18,9379.800000000012,2019
2019-10-20 21:00:00,2019-10-22 19:00:00,10000.0,24.125000000001247,-290.00000000001245,sell,1.11249,1.11539,539.0000000000006,46,9406.800000000014,2019
2019-10-23 17:00:00,2019-10-24 08:00:00,10000.0,-27.737499999998157,247.99999999998155,sell,1.11468,1.1122,153.00000000000313,15,9380.000000000018,2019
2019-10-24 09:00:00,2019-10-24 16:00:00,10000.0,27.26249999999917,-296.9999999999917,sell,1.10989,1.11286,541.999999999998,7,9407.700000000017,2019
2019-10-24 16:00:00,2019-10-27 21:00:00,10000.0,22.287500000000012,-261.0000000000001,sell,1.10782,1.11043,442.99999999999335,29,9431.800000000017,2019
2019-10-27 21:00:00,2019-10-28 12:00:00,10000.0,-22.737499999998708,197.99999999998707,sell,1.1098299999999999,1.10785,77.00000000001594,15,9410.000000000018,2019
2019-10-28 12:00:00,2019-10-28 18:00:00,10000.0,-19.274999999999693,168.99999999999693,sell,1.11016,1.10847,7.000000000001449,6,9391.100000000019,2019
2019-10-28 18:00:00,2019-10-29 11:00:00,10000.0,-15.262499999999989,121.99999999999987,buy,1.10869,1.10991,137.99999999999366,17,9376.900000000018,2019
2019-10-30 13:00:00,2019-10-30 20:00:00,10000.0,29.962499999999096,-323.99999999999096,buy,1.11415,1.11091,621.0000000000048,7,9407.300000000016,2019
2019-10-30 20:00:00,2019-10-31 18:00:00,10000.0,-11.274999999998464,78.99999999998464,buy,1.11434,1.11513,125.00000000001953,22,9397.400000000018,2019
2019-11-03 22:00:00,2019-11-04 18:00:00,10000.0,17.950000000001218,-212.00000000001216,sell,1.11424,1.11636,325.00000000001967,20,9416.600000000022,2019
2019-11-04 18:00:00,2019-11-05 14:00:00,10000.0,-41.35000000000091,381.0000000000091,buy,1.10967,1.11348,21.00000000000435,20,9376.500000000022,2019
2019-11-07 21:00:00,2019-11-08 21:00:00,10000.0,21.899999999999867,-253.99999999999866,sell,1.10222,1.10476,327.0000000000106,24,9399.900000000018,2019
2019-11-10 22:00:00,2019-11-11 14:00:00,10000.0,-22.400000000000528,194.00000000000526,sell,1.10388,1.10194,36.999999999998145,16,9378.500000000016,2019
2019-11-12 09:00:00,2019-11-12 12:00:00,10000.0,-21.187500000000128,190.00000000000125,buy,1.10152,1.10342,29.999999999996692,3,9357.500000000015,2019
2019-11-12 12:00:00,2019-11-13 14:00:00,10000.0,-19.824999999999548,161.99999999999548,buy,1.1005,1.10212,63.999999999997385,26,9339.300000000016,2019
2019-11-13 14:00:00,2019-11-15 14:00:00,10000.0,-38.799999999999386,337.99999999999386,sell,1.10436,1.10098,-9.999999999998899,48,9303.500000000022,2019
2019-11-17 22:00:00,2019-11-18 16:00:00,10000.0,-34.72500000000052,316.0000000000051,sell,1.10822,1.10506,-8.999999999992347,18,9269.900000000023,2019
2019-11-18 17:00:00,2019-11-21 14:00:00,10000.0,-4.712499999998401,-16.000000000016,sell,1.10774,1.1079,191.00000000000782,69,9269.500000000022,2019
2019-11-21 14:00:00,2019-11-21 20:00:00,10000.0,-27.875000000000522,255.0000000000052,buy,1.10562,1.10817,46.00000000001269,6,9242.00000000002,2019
2019-11-21 20:00:00,2019-11-22 06:00:00,10000.0,4.575000000000539,-72.00000000000539,buy,1.10656,1.10584,130.9999999999922,10,9247.200000000019,2019
2019-11-24 22:00:00,2019-11-26 02:00:00,10000.0,4.249999999999119,-79.99999999999119,sell,1.10117,1.10197,198.9999999999936,28,9253.200000000023,2019
2019-11-26 02:00:00,2019-11-29 06:00:00,10000.0,-9.34999999999927,25.999999999992692,buy,1.10084,1.1011,165.99999999999946,76,9248.600000000028,2019
2019-12-01 22:00:00,2019-12-02 15:00:00,10000.0,-30.462499999999647,273.9999999999964,sell,1.10458,1.10184,0.0,17,9219.200000000028,2019
2019-12-02 15:00:00,2019-12-03 14:00:00,10000.0,-7.1374999999998145,36.999999999998145,sell,1.10738,1.10701,150.99999999999002,23,9213.50000000003,2019
2019-12-03 14:00:00,2019-12-05 02:00:00,10000.0,-6.4499999999988695,21.99999999998869,buy,1.10816,1.10838,154.00000000000966,36,9209.30000000003,2019
2019-12-05 02:00:00,2019-12-06 09:00:00,10000.0,-30.237500000001322,263.0000000000132,sell,1.11084,1.10821,5.999999999994897,31,9181.000000000027,2019
2019-12-08 22:00:00,2019-12-09 14:00:00,10000.0,-22.499999999998963,194.9999999999896,sell,1.10764,1.10569,9.999999999998899,16,9159.500000000027,2019
2019-12-09 14:00:00,2019-12-10 20:00:00,10000.0,15.424999999999873,-192.99999999999872,buy,1.10931,1.10738,387.000000000004,30,9176.800000000028,2019
2019-12-11 09:00:00,2019-12-11 19:00:00,10000.0,-20.824999999999328,181.99999999999326,sell,1.10994,1.10812,22.000000000010896,10,9156.600000000028,2019
2019-12-11 19:00:00,2019-12-12 23:00:00,10000.0,-51.449999999999406,476.99999999999403,sell,1.11845,1.11368,140.00000000000676,28,9106.900000000029,2019
2019-12-12 23:00:00,2019-12-13 18:00:00,10000.0,60.41250000000143,-636.0000000000143,sell,1.11171,1.1180700000000001,683.9999999999957,19,9168.500000000031,2019
2019-12-15 22:00:00,2019-12-17 06:00:00,10000.0,-25.400000000000308,214.00000000000307,sell,1.11477,1.11263,97.99999999999808,32,9145.100000000028,2019
2019-12-17 06:00:00,2019-12-17 13:00:00,10000.0,18.862499999999653,-212.9999999999965,buy,1.11672,1.11459,385.99999999999744,7,9164.400000000025,2019
2019-12-18 13:00:00,2019-12-19 11:00:00,10000.0,-31.774999999999537,283.99999999999534,sell,1.11435,1.11151,2.9999999999974487,22,9134.000000000024,2019
2019-12-22 22:00:00,2019-12-24 06:00:00,10000.0,-16.79999999999948,127.99999999999477,sell,1.10893,1.10765,60.999999999999936,32,9119.200000000023,2019
2019-12-24 06:00:00,2019-12-24 11:00:00,10000.0,-20.912499999999728,185.99999999999727,buy,1.10697,1.10883,-1.9999999999908977,5,9098.600000000022,2019
2019-12-24 11:00:00,2019-12-26 03:00:00,10000.0,11.824999999998603,-146.99999999998602,buy,1.10899,1.10752,175.99999999999835,14,9111.300000000017,2019
2019-12-26 09:00:00,2019-12-26 19:00:00,10000.0,-22.025000000000528,194.00000000000526,sell,1.11084,1.1089,0.0,10,9089.900000000014,2019
2019-12-26 19:00:00,2019-12-27 06:00:00,10000.0,-23.487500000000818,208.00000000000816,sell,1.11212,1.11004,5.000000000010552,11,9067.100000000011,2019
2019-12-29 22:00:00,2019-12-30 04:00:00,10000.0,-28.175000000000267,258.0000000000027,sell,1.12006,1.11748,96.99999999999153,6,9039.30000000001,2019
2019-12-30 04:00:00,2019-12-31 06:00:00,10000.0,-15.525000000000244,119.00000000000243,sell,1.12066,1.11947,136.00000000000279,26,9025.40000000001,2019
2019-12-31 06:00:00,2019-12-31 13:00:00,10000.0,18.562499999999908,-209.99999999999906,buy,1.12285,1.12075,261.0000000000001,7,9044.400000000009,2019
