DATE_TIME,OPEN,HIGH,LOW,CLOSE
2017-04-26 04:00:00,1.0936,1.09503,1.09043,1.09132
2017-04-26 08:00:00,1.09131,1.09178,1.08817,1.0893
2017-04-26 12:00:00,1.08932,1.08969,1.0855,1.08717
2017-04-26 16:00:00,1.08718,1.09116,1.08606,1.09065
2017-04-26 20:00:00,1.09066,1.09093,1.08961,1.09078
2017-04-27 00:00:00,1.09076,1.09204,1.09035,1.09081
2017-04-27 04:00:00,1.09082,1.09178,1.08955,1.09048
2017-04-27 08:00:00,1.09048,1.09195,1.08793,1.08861
2017-04-27 12:00:00,1.0886,1.09322,1.08511,1.08631
2017-04-27 16:00:00,1.08629,1.08865,1.08575,1.08743
2017-04-27 20:00:00,1.08742,1.08794,1.08601,1.08647
2017-04-28 00:00:00,1.08649,1.08718,1.08567,1.08663
2017-04-28 04:00:00,1.08662,1.08892,1.08564,1.08847
2017-04-28 08:00:00,1.08846,1.09466,1.08828,1.09337
2017-04-28 12:00:00,1.09339,1.09342,1.08828,1.08937
2017-04-28 16:00:00,1.08936,1.09055,1.08845,1.08926
2017-04-28 20:00:00,1.08925,1.08992,1.08889,1.08912
2017-04-30 20:00:00,1.09083,1.09105,1.08887,1.09051
2017-05-01 00:00:00,1.09052,1.09073,1.08886,1.08926
2017-05-01 04:00:00,1.08925,1.08942,1.08834,1.08897
2017-05-01 08:00:00,1.08895,1.09051,1.08895,1.09048
2017-05-01 12:00:00,1.09049,1.09233,1.09032,1.09107
2017-05-01 16:00:00,1.09109,1.09148,1.08972,1.08977
2017-05-01 20:00:00,1.08978,1.09121,1.08954,1.0908
2017-05-02 00:00:00,1.09082,1.09169,1.09038,1.09147
2017-05-02 04:00:00,1.09148,1.09247,1.09065,1.09068
2017-05-02 08:00:00,1.09067,1.09209,1.09044,1.0905
2017-05-02 12:00:00,1.09051,1.09153,1.08877,1.0909
2017-05-02 16:00:00,1.09091,1.09297,1.0903,1.09254
2017-05-02 20:00:00,1.09253,1.09356,1.09218,1.09342
2017-05-03 00:00:00,1.09343,1.09361,1.09286,1.09287
2017-05-03 04:00:00,1.09288,1.09345,1.091,1.09184
2017-05-03 08:00:00,1.09185,1.09219,1.09057,1.09137
2017-05-03 12:00:00,1.09138,1.09221,1.09017,1.09185
2017-05-03 16:00:00,1.09184,1.09264,1.08862,1.08946
2017-05-03 20:00:00,1.08945,1.08949,1.08807,1.08876
2017-05-04 00:00:00,1.08875,1.08964,1.08842,1.08961
2017-05-04 04:00:00,1.0896,1.09171,1.08743,1.09112
2017-05-04 08:00:00,1.09114,1.09406,1.09097,1.09235
2017-05-04 12:00:00,1.09237,1.09683,1.0918,1.0966
2017-05-04 16:00:00,1.09661,1.09848,1.09646,1.09842
2017-05-04 20:00:00,1.09844,1.09866,1.09774,1.098
2017-05-05 00:00:00,1.09799,1.09857,1.09724,1.09833
2017-05-05 04:00:00,1.09835,1.09895,1.09651,1.09737
2017-05-05 08:00:00,1.09735,1.09771,1.09531,1.09569
2017-05-05 12:00:00,1.0957,1.09985,1.09462,1.09945
2017-05-05 16:00:00,1.09945,1.09982,1.09833,1.09971
2017-05-05 20:00:00,1.0997,1.09985,1.09917,1.09939
2017-05-07 20:00:00,1.10184,1.10221,1.09629,1.09642
2017-05-08 00:00:00,1.0964,1.09821,1.09566,1.09708
2017-05-08 04:00:00,1.09707,1.09962,1.0953,1.09557
2017-05-08 08:00:00,1.09556,1.09647,1.09347,1.09378
2017-05-08 12:00:00,1.0938,1.09524,1.09157,1.09275
2017-05-08 16:00:00,1.09274,1.09365,1.0924,1.09297
2017-05-08 20:00:00,1.09296,1.09307,1.09165,1.0926
2017-05-09 00:00:00,1.09261,1.09329,1.09194,1.09285
2017-05-09 04:00:00,1.09286,1.09312,1.09019,1.09232
2017-05-09 08:00:00,1.09232,1.09257,1.08794,1.08858
2017-05-09 12:00:00,1.08857,1.09062,1.0871,1.08737
2017-05-09 16:00:00,1.08739,1.08989,1.0863,1.0873
2017-05-09 20:00:00,1.08727,1.08902,1.08684,1.08857
2017-05-10 00:00:00,1.08856,1.08975,1.08817,1.08929
2017-05-10 04:00:00,1.08929,1.08975,1.08829,1.08906
2017-05-10 08:00:00,1.08906,1.08936,1.08582,1.0876
2017-05-10 12:00:00,1.08762,1.08823,1.0862,1.08716
2017-05-10 16:00:00,1.08717,1.08745,1.08526,1.08655
2017-05-10 20:00:00,1.08654,1.08689,1.08583,1.08666
2017-05-11 00:00:00,1.08664,1.08793,1.08629,1.0872
2017-05-11 04:00:00,1.08718,1.08925,1.08639,1.08865
2017-05-11 08:00:00,1.08863,1.0888,1.08558,1.08562
2017-05-11 12:00:00,1.08563,1.08751,1.08385,1.08686
2017-05-11 16:00:00,1.08684,1.08744,1.08593,1.08629
2017-05-11 20:00:00,1.08628,1.0867,1.08581,1.08638
2017-05-12 00:00:00,1.08639,1.0873,1.08595,1.0869
2017-05-12 04:00:00,1.08689,1.0872,1.08551,1.08627
2017-05-12 08:00:00,1.08628,1.08776,1.08607,1.08703
2017-05-12 12:00:00,1.08703,1.09337,1.08692,1.09252
2017-05-12 16:00:00,1.09253,1.09305,1.09142,1.09292
2017-05-12 20:00:00,1.09292,1.09322,1.09264,1.09278
2017-05-14 20:00:00,1.09285,1.09343,1.09221,1.09275
2017-05-15 00:00:00,1.09273,1.09331,1.09221,1.09288
2017-05-15 04:00:00,1.09287,1.09467,1.09254,1.09411
2017-05-15 08:00:00,1.09413,1.09728,1.09376,1.09653
2017-05-15 12:00:00,1.09654,1.0989,1.09649,1.09784
2017-05-15 16:00:00,1.09783,1.09803,1.09652,1.09771
2017-05-15 20:00:00,1.0977,1.09827,1.09724,1.09793
2017-05-16 00:00:00,1.09795,1.09893,1.09787,1.09886
2017-05-16 04:00:00,1.09887,1.10359,1.09866,1.10284
2017-05-16 08:00:00,1.10282,1.10651,1.10275,1.10523
2017-05-16 12:00:00,1.10523,1.10883,1.10516,1.1071
2017-05-16 16:00:00,1.10711,1.10966,1.10671,1.10843
2017-05-16 20:00:00,1.10841,1.10962,1.10779,1.10928
2017-05-17 00:00:00,1.10927,1.11165,1.1086,1.11125
2017-05-17 04:00:00,1.11123,1.11218,1.10811,1.10883
2017-05-17 08:00:00,1.10881,1.11128,1.10838,1.11115
2017-05-17 12:00:00,1.11116,1.11498,1.11011,1.11325
2017-05-17 16:00:00,1.11323,1.11573,1.11316,1.11519
2017-05-17 20:00:00,1.11518,1.11695,1.11501,1.11537
2017-05-18 00:00:00,1.11536,1.11714,1.11502,1.11605
2017-05-18 04:00:00,1.11606,1.11615,1.11206,1.11327
2017-05-18 08:00:00,1.11325,1.11446,1.11069,1.11203
2017-05-18 12:00:00,1.11205,1.11362,1.11035,1.1129
2017-05-18 16:00:00,1.11292,1.11374,1.10753,1.11123
2017-05-18 20:00:00,1.11124,1.11142,1.10953,1.11097
2017-05-19 00:00:00,1.11096,1.11132,1.10991,1.11084
2017-05-19 04:00:00,1.11083,1.11429,1.11066,1.11383
2017-05-19 08:00:00,1.11383,1.1183,1.11347,1.11774
2017-05-19 12:00:00,1.11775,1.11965,1.11743,1.11887
2017-05-19 16:00:00,1.11888,1.12114,1.11846,1.12037
2017-05-19 20:00:00,1.12035,1.12075,1.12011,1.12028
2017-05-21 20:00:00,1.11912,1.12094,1.11912,1.12027
2017-05-22 00:00:00,1.12027,1.12027,1.11818,1.11911
2017-05-22 04:00:00,1.11911,1.12006,1.11634,1.11711
2017-05-22 08:00:00,1.11709,1.12455,1.11609,1.12344
2017-05-22 12:00:00,1.12346,1.12629,1.12281,1.12344
2017-05-22 16:00:00,1.12345,1.12436,1.12283,1.12369
2017-05-22 20:00:00,1.12368,1.12435,1.12297,1.12368
2017-05-23 00:00:00,1.12367,1.12536,1.1236,1.12451
2017-05-23 04:00:00,1.12448,1.12678,1.12215,1.12508
2017-05-23 08:00:00,1.12501,1.12623,1.12156,1.12172
2017-05-23 12:00:00,1.12174,1.12485,1.11927,1.11962
2017-05-23 16:00:00,1.11963,1.12081,1.11745,1.11823
2017-05-23 20:00:00,1.11823,1.11887,1.11766,1.11783
2017-05-24 00:00:00,1.11784,1.11912,1.11773,1.11801
2017-05-24 04:00:00,1.11803,1.11843,1.11694,1.11752
2017-05-24 08:00:00,1.11751,1.11961,1.11729,1.11871
2017-05-24 12:00:00,1.1187,1.12041,1.11679,1.11741
2017-05-24 16:00:00,1.11742,1.1217,1.11734,1.12145
2017-05-24 20:00:00,1.12144,1.12327,1.12098,1.12299
2017-05-25 00:00:00,1.12301,1.12439,1.12181,1.12383
2017-05-25 04:00:00,1.12382,1.12443,1.12248,1.12427
2017-05-25 08:00:00,1.12426,1.12497,1.12055,1.12137
2017-05-25 12:00:00,1.12135,1.12229,1.11929,1.12169
2017-05-25 16:00:00,1.12171,1.12256,1.11978,1.12104
2017-05-25 20:00:00,1.12102,1.12155,1.12029,1.12095
2017-05-26 00:00:00,1.12096,1.12118,1.11843,1.12006
2017-05-26 04:00:00,1.12008,1.12238,1.11905,1.12181
2017-05-26 08:00:00,1.12182,1.12339,1.11904,1.11906
2017-05-26 12:00:00,1.11907,1.11996,1.11601,1.11684
2017-05-26 16:00:00,1.11684,1.11825,1.11609,1.11706
2017-05-26 20:00:00,1.11704,1.11795,1.11671,1.11763
2017-05-28 20:00:00,1.11688,1.11842,1.11635,1.11755
2017-05-29 00:00:00,1.11754,1.11754,1.11613,1.11641
2017-05-29 04:00:00,1.11639,1.11816,1.11617,1.11782
2017-05-29 08:00:00,1.11783,1.11892,1.11767,1.11863
2017-05-29 12:00:00,1.11864,1.11893,1.11668,1.11792
2017-05-29 16:00:00,1.11793,1.11813,1.11677,1.1171
2017-05-29 20:00:00,1.11711,1.11716,1.11267,1.11284
2017-05-30 00:00:00,1.11286,1.11371,1.11214,1.1125
2017-05-30 04:00:00,1.11251,1.11444,1.11088,1.11402
2017-05-30 08:00:00,1.11401,1.1193,1.11359,1.11733
2017-05-30 12:00:00,1.11735,1.12046,1.11537,1.11819
2017-05-30 16:00:00,1.1182,1.11931,1.11714,1.11879
2017-05-30 20:00:00,1.11878,1.11961,1.11696,1.11723
2017-05-31 00:00:00,1.11724,1.11814,1.11687,1.11759
2017-05-31 04:00:00,1.11757,1.11965,1.11638,1.11845
2017-05-31 08:00:00,1.11843,1.12281,1.11693,1.12211
2017-05-31 12:00:00,1.12212,1.12517,1.12106,1.12363
2017-05-31 16:00:00,1.12362,1.12467,1.12275,1.12331
2017-05-31 20:00:00,1.12329,1.12473,1.12316,1.12385
2017-06-01 00:00:00,1.12384,1.1256,1.1233,1.12462
2017-06-01 04:00:00,1.12459,1.12482,1.12271,1.12318
2017-06-01 08:00:00,1.1232,1.12373,1.12163,1.12177
2017-06-01 12:00:00,1.12179,1.12339,1.12015,1.12129
2017-06-01 16:00:00,1.12128,1.12188,1.12055,1.1214
2017-06-01 20:00:00,1.12138,1.12187,1.12092,1.12123
2017-06-02 00:00:00,1.12124,1.12215,1.12116,1.1218
2017-06-02 04:00:00,1.12178,1.12275,1.12143,1.12145
2017-06-02 08:00:00,1.12144,1.12261,1.12046,1.12056
2017-06-02 12:00:00,1.12057,1.12819,1.1205,1.12692
2017-06-02 16:00:00,1.12692,1.12845,1.12652,1.12815
2017-06-02 20:00:00,1.12814,1.12841,1.12778,1.12798
2017-06-04 20:00:00,1.12694,1.12823,1.12693,1.12767
2017-06-05 00:00:00,1.12769,1.12776,1.12643,1.12702
2017-06-05 04:00:00,1.127,1.12781,1.12596,1.12641
2017-06-05 08:00:00,1.12634,1.12716,1.12346,1.12464
2017-06-05 12:00:00,1.12465,1.12551,1.12338,1.12493
2017-06-05 16:00:00,1.12491,1.12638,1.12471,1.12548
2017-06-05 20:00:00,1.12547,1.1259,1.12517,1.12567
2017-06-06 00:00:00,1.12569,1.12743,1.12565,1.12682
2017-06-06 04:00:00,1.1268,1.12772,1.12417,1.12491
2017-06-06 08:00:00,1.12493,1.12589,1.12398,1.1248
2017-06-06 12:00:00,1.12481,1.12761,1.12467,1.12654
2017-06-06 16:00:00,1.12655,1.12836,1.12639,1.12776
2017-06-06 20:00:00,1.12777,1.1281,1.12694,1.12697
2017-06-07 00:00:00,1.12695,1.1276,1.12615,1.1264
2017-06-07 04:00:00,1.12639,1.12764,1.12457,1.12534
2017-06-07 08:00:00,1.12535,1.12764,1.12035,1.12153
2017-06-07 12:00:00,1.12151,1.1282,1.12128,1.12369
2017-06-07 16:00:00,1.12368,1.12715,1.12224,1.12671
2017-06-07 20:00:00,1.1267,1.12683,1.12532,1.1255
2017-06-08 00:00:00,1.12552,1.12606,1.12465,1.12534
2017-06-08 04:00:00,1.12533,1.12687,1.12495,1.12589
2017-06-08 08:00:00,1.1259,1.12628,1.1217,1.1224
2017-06-08 12:00:00,1.12242,1.12495,1.1194,1.12163
2017-06-08 16:00:00,1.12161,1.12281,1.12009,1.12168
2017-06-08 20:00:00,1.12168,1.12349,1.11794,1.11879
2017-06-09 00:00:00,1.1188,1.12057,1.11787,1.11997
2017-06-09 04:00:00,1.11996,1.12152,1.11848,1.11892
2017-06-09 08:00:00,1.11893,1.11927,1.11691,1.11789
2017-06-09 12:00:00,1.1179,1.11922,1.11659,1.11886
2017-06-09 16:00:00,1.11887,1.12035,1.11866,1.11948
2017-06-09 20:00:00,1.11946,1.11972,1.11913,1.11933
2017-06-11 20:00:00,1.12042,1.12087,1.11967,1.12012
2017-06-12 00:00:00,1.12011,1.12114,1.1197,1.12061
2017-06-12 04:00:00,1.12062,1.12233,1.12015,1.12205
2017-06-12 08:00:00,1.12206,1.12316,1.12074,1.12185
2017-06-12 12:00:00,1.12186,1.12244,1.11914,1.12024
2017-06-12 16:00:00,1.12026,1.12094,1.11955,1.12042
2017-06-12 20:00:00,1.12042,1.12075,1.11948,1.1197
2017-06-13 00:00:00,1.11967,1.12004,1.11885,1.11898
2017-06-13 04:00:00,1.11899,1.12176,1.11848,1.12166
2017-06-13 08:00:00,1.12168,1.12243,1.12,1.12172
2017-06-13 12:00:00,1.12174,1.12197,1.11918,1.11928
2017-06-13 16:00:00,1.11925,1.12122,1.11915,1.12064
2017-06-13 20:00:00,1.12063,1.1213,1.12043,1.12087
2017-06-14 00:00:00,1.12086,1.12192,1.12066,1.12144
2017-06-14 04:00:00,1.12145,1.12248,1.12075,1.12084
2017-06-14 08:00:00,1.12085,1.12152,1.11972,1.12009
2017-06-14 12:00:00,1.12011,1.12952,1.11987,1.12759
2017-06-14 16:00:00,1.1276,1.12863,1.11924,1.12178
2017-06-14 20:00:00,1.12176,1.12226,1.12047,1.12124
2017-06-15 00:00:00,1.12125,1.1228,1.12091,1.12225
2017-06-15 04:00:00,1.12227,1.12238,1.11788,1.11933
2017-06-15 08:00:00,1.11932,1.11935,1.11529,1.1162
2017-06-15 12:00:00,1.11618,1.11683,1.11316,1.11506
2017-06-15 16:00:00,1.11508,1.11573,1.11389,1.11449
2017-06-15 20:00:00,1.11446,1.11498,1.11416,1.11482
2017-06-16 00:00:00,1.11483,1.11549,1.11447,1.11455
2017-06-16 04:00:00,1.11453,1.11666,1.11379,1.11664
2017-06-16 08:00:00,1.11662,1.11831,1.11566,1.11593
2017-06-16 12:00:00,1.11594,1.11994,1.11594,1.11926
2017-06-16 16:00:00,1.11925,1.12008,1.11856,1.11999
2017-06-16 20:00:00,1.11999,1.1201,1.11902,1.11942
2017-06-18 20:00:00,1.12038,1.12072,1.11937,1.12033
2017-06-19 00:00:00,1.12033,1.12046,1.1189,1.11972
2017-06-19 04:00:00,1.11971,1.12071,1.11818,1.11937
2017-06-19 08:00:00,1.11938,1.12121,1.11873,1.11905
2017-06-19 12:00:00,1.11904,1.11992,1.11584,1.11594
2017-06-19 16:00:00,1.11593,1.1163,1.11425,1.1148
2017-06-19 20:00:00,1.11479,1.11524,1.11404,1.11439
2017-06-20 00:00:00,1.11438,1.11581,1.1143,1.11555
2017-06-20 04:00:00,1.11553,1.11644,1.11422,1.11617
2017-06-20 08:00:00,1.11615,1.11644,1.11408,1.11477
2017-06-20 12:00:00,1.11478,1.11622,1.11193,1.11233
2017-06-20 16:00:00,1.11232,1.11321,1.11184,1.11251
2017-06-20 20:00:00,1.11253,1.11365,1.1125,1.1136
2017-06-21 00:00:00,1.11361,1.11378,1.11322,1.11355
2017-06-21 04:00:00,1.11353,1.11368,1.11277,1.11312
2017-06-21 08:00:00,1.11314,1.11553,1.11268,1.11411
2017-06-21 12:00:00,1.11412,1.11525,1.11296,1.11423
2017-06-21 16:00:00,1.11422,1.11678,1.11401,1.11651
2017-06-21 20:00:00,1.1165,1.11683,1.11615,1.11661
2017-06-22 00:00:00,1.1166,1.11711,1.11598,1.11679
2017-06-22 04:00:00,1.11677,1.11772,1.11539,1.11617
2017-06-22 08:00:00,1.11617,1.11739,1.11564,1.11651
2017-06-22 12:00:00,1.11649,1.11718,1.11449,1.11463
2017-06-22 16:00:00,1.11464,1.11569,1.11388,1.11509
2017-06-22 20:00:00,1.11509,1.11534,1.11466,1.11491
2017-06-23 00:00:00,1.11492,1.11626,1.11447,1.11624
2017-06-23 04:00:00,1.11623,1.11793,1.11608,1.11753
2017-06-23 08:00:00,1.11752,1.11874,1.11611,1.11727
2017-06-23 12:00:00,1.11726,1.12084,1.11698,1.11957
2017-06-23 16:00:00,1.11958,1.12018,1.11923,1.11967
2017-06-23 20:00:00,1.11966,1.11975,1.11914,1.11914
2017-06-25 20:00:00,1.1196,1.11993,1.11877,1.11992
2017-06-26 00:00:00,1.1199,1.11996,1.11893,1.11959
2017-06-26 04:00:00,1.11958,1.12074,1.11841,1.12003
2017-06-26 08:00:00,1.12003,1.12012,1.11713,1.11811
2017-06-26 12:00:00,1.11812,1.12193,1.11812,1.11955
2017-06-26 16:00:00,1.11956,1.11975,1.1175,1.11798
2017-06-26 20:00:00,1.11798,1.11836,1.11784,1.11823
2017-06-27 00:00:00,1.11822,1.11919,1.11796,1.11905
2017-06-27 04:00:00,1.11903,1.12034,1.11818,1.11865
2017-06-27 08:00:00,1.11867,1.12742,1.11862,1.12683
2017-06-27 12:00:00,1.12685,1.13316,1.12682,1.13261
2017-06-27 16:00:00,1.13261,1.13488,1.13057,1.13483
2017-06-27 20:00:00,1.13482,1.13483,1.13272,1.13364
2017-06-28 00:00:00,1.13362,1.13551,1.13354,1.13481
2017-06-28 04:00:00,1.13483,1.13877,1.13448,1.13779
2017-06-28 08:00:00,1.13778,1.13859,1.1353,1.13743
2017-06-28 12:00:00,1.13742,1.13901,1.12906,1.13642
2017-06-28 16:00:00,1.13643,1.13847,1.13625,1.13812
2017-06-28 20:00:00,1.13812,1.13849,1.13735,1.13777
2017-06-29 00:00:00,1.13775,1.14187,1.13761,1.14053
2017-06-29 04:00:00,1.14051,1.14319,1.13942,1.14262
2017-06-29 08:00:00,1.1426,1.14344,1.13916,1.14057
2017-06-29 12:00:00,1.1406,1.14316,1.13875,1.14202
2017-06-29 16:00:00,1.142,1.1445,1.1416,1.14387
2017-06-29 20:00:00,1.14388,1.14447,1.1435,1.14388
2017-06-30 00:00:00,1.14385,1.14437,1.14263,1.14399
2017-06-30 04:00:00,1.14398,1.14421,1.14015,1.14115
2017-06-30 08:00:00,1.14116,1.1415,1.13916,1.14035
2017-06-30 12:00:00,1.14035,1.14271,1.1395,1.14105
2017-06-30 16:00:00,1.14105,1.14228,1.14058,1.1421
2017-06-30 20:00:00,1.14209,1.14231,1.14173,1.14211
2017-07-02 20:00:00,1.1415,1.14262,1.14142,1.14228
2017-07-03 00:00:00,1.14229,1.14244,1.14035,1.14037
2017-07-03 04:00:00,1.14035,1.14152,1.13918,1.13941
2017-07-03 08:00:00,1.13942,1.13942,1.13609,1.13641
2017-07-03 12:00:00,1.13642,1.13751,1.13556,1.13662
2017-07-03 16:00:00,1.13661,1.13715,1.13544,1.13624
2017-07-03 20:00:00,1.13623,1.13728,1.13547,1.13718
2017-07-04 00:00:00,1.13716,1.13764,1.13631,1.13719
2017-07-04 04:00:00,1.13718,1.13738,1.13354,1.1361
2017-07-04 08:00:00,1.13612,1.1363,1.13414,1.13499
2017-07-04 12:00:00,1.135,1.13549,1.13375,1.1347
2017-07-04 16:00:00,1.13471,1.13528,1.13426,1.13456
2017-07-04 20:00:00,1.13457,1.13605,1.13404,1.1359
2017-07-05 00:00:00,1.13589,1.1368,1.13539,1.13582
2017-07-05 04:00:00,1.13581,1.13676,1.13492,1.13627
2017-07-05 08:00:00,1.13628,1.13642,1.13119,1.13317
2017-07-05 12:00:00,1.13318,1.13436,1.13175,1.1335
2017-07-05 16:00:00,1.13352,1.13534,1.13221,1.13415
2017-07-05 20:00:00,1.13413,1.13542,1.13413,1.13457
2017-07-06 00:00:00,1.13457,1.13457,1.13292,1.13376
2017-07-06 04:00:00,1.13378,1.13566,1.13304,1.13513
2017-07-06 08:00:00,1.13512,1.1387,1.13435,1.13861
2017-07-06 12:00:00,1.13863,1.14064,1.13778,1.14062
2017-07-06 16:00:00,1.14064,1.1424,1.14063,1.14194
2017-07-06 20:00:00,1.14196,1.1425,1.14164,1.14208
2017-07-07 00:00:00,1.14205,1.14237,1.14075,1.1413
2017-07-07 04:00:00,1.14129,1.14268,1.14065,1.14189
2017-07-07 08:00:00,1.14191,1.14247,1.14054,1.14073
2017-07-07 12:00:00,1.14074,1.14391,1.13791,1.13955
2017-07-07 16:00:00,1.13954,1.14103,1.13954,1.14042
2017-07-07 20:00:00,1.1404,1.14043,1.13941,1.13951
2017-07-09 20:00:00,1.13957,1.14031,1.13912,1.14028
2017-07-10 00:00:00,1.14027,1.14079,1.13973,1.14041
2017-07-10 04:00:00,1.14041,1.14175,1.13962,1.14155
2017-07-10 08:00:00,1.14156,1.14162,1.13811,1.13879
2017-07-10 12:00:00,1.13881,1.13955,1.13824,1.1395
2017-07-10 16:00:00,1.13948,1.14074,1.1394,1.13995
2017-07-10 20:00:00,1.13994,1.14,1.1393,1.13957
2017-07-11 00:00:00,1.13956,1.13972,1.13917,1.13938
2017-07-11 04:00:00,1.13937,1.13985,1.13822,1.13897
2017-07-11 08:00:00,1.13896,1.13994,1.13895,1.13938
2017-07-11 12:00:00,1.13939,1.14328,1.1393,1.14294
2017-07-11 16:00:00,1.14293,1.14791,1.14279,1.14629
2017-07-11 20:00:00,1.14628,1.14736,1.14602,1.14734
2017-07-12 00:00:00,1.14735,1.14833,1.14697,1.148
2017-07-12 04:00:00,1.14798,1.14889,1.14462,1.14477
2017-07-12 08:00:00,1.14476,1.14628,1.14414,1.14529
2017-07-12 12:00:00,1.1453,1.14792,1.13911,1.14096
2017-07-12 16:00:00,1.14098,1.14247,1.14085,1.14198
2017-07-12 20:00:00,1.14196,1.14196,1.14099,1.14179
2017-07-13 00:00:00,1.14177,1.14385,1.14163,1.14335
2017-07-13 04:00:00,1.14336,1.14553,1.14123,1.1421
2017-07-13 08:00:00,1.14211,1.14226,1.13698,1.14099
2017-07-13 12:00:00,1.14098,1.14188,1.13834,1.13834
2017-07-13 16:00:00,1.13836,1.14064,1.13819,1.14063
2017-07-13 20:00:00,1.14062,1.14062,1.13945,1.14038
2017-07-14 00:00:00,1.14037,1.14098,1.1391,1.14098
2017-07-14 04:00:00,1.14097,1.14235,1.14001,1.14162
2017-07-14 08:00:00,1.1416,1.14199,1.14068,1.14163
2017-07-14 12:00:00,1.14164,1.14677,1.14129,1.14511
2017-07-14 16:00:00,1.14512,1.14707,1.14492,1.14702
2017-07-14 20:00:00,1.14699,1.14713,1.14654,1.14667
2017-07-16 20:00:00,1.14721,1.14743,1.14631,1.14733
2017-07-17 00:00:00,1.14733,1.14739,1.14563,1.14626
2017-07-17 04:00:00,1.14628,1.14629,1.14343,1.14403
2017-07-17 08:00:00,1.14401,1.14697,1.14388,1.14632
2017-07-17 12:00:00,1.14633,1.14865,1.14601,1.14687
2017-07-17 16:00:00,1.14686,1.14839,1.14681,1.14819
2017-07-17 20:00:00,1.14818,1.14826,1.14726,1.14727
2017-07-18 00:00:00,1.14729,1.15373,1.1471,1.15273
2017-07-18 04:00:00,1.15275,1.15345,1.15107,1.1528
2017-07-18 08:00:00,1.1528,1.15636,1.15165,1.15492
2017-07-18 12:00:00,1.15494,1.15826,1.15446,1.15774
2017-07-18 16:00:00,1.15774,1.15806,1.15515,1.15568
2017-07-18 20:00:00,1.15569,1.15577,1.15472,1.15473
2017-07-19 00:00:00,1.15475,1.15527,1.15358,1.15384
2017-07-19 04:00:00,1.15385,1.15471,1.15184,1.15195
2017-07-19 08:00:00,1.15196,1.15373,1.15141,1.15293
2017-07-19 12:00:00,1.15294,1.1538,1.15095,1.15171
2017-07-19 16:00:00,1.1517,1.15226,1.15128,1.15168
2017-07-19 20:00:00,1.15167,1.15321,1.15115,1.15282
2017-07-20 00:00:00,1.15281,1.15284,1.15044,1.15062
2017-07-20 04:00:00,1.15063,1.15247,1.14996,1.14996
2017-07-20 08:00:00,1.14997,1.15126,1.14792,1.14842
2017-07-20 12:00:00,1.14843,1.16572,1.14787,1.16331
2017-07-20 16:00:00,1.1633,1.16393,1.16172,1.16279
2017-07-20 20:00:00,1.16277,1.16352,1.16232,1.16281
2017-07-21 00:00:00,1.16282,1.16356,1.16184,1.16278
2017-07-21 04:00:00,1.16276,1.16766,1.16244,1.16381
2017-07-21 08:00:00,1.16382,1.16582,1.16353,1.16409
2017-07-21 12:00:00,1.16411,1.16665,1.16346,1.16545
2017-07-21 16:00:00,1.16544,1.16825,1.16528,1.16679
2017-07-21 20:00:00,1.16677,1.167,1.16601,1.16606
2017-07-23 20:00:00,1.16595,1.16815,1.16585,1.16809
2017-07-24 00:00:00,1.16807,1.16838,1.16626,1.1671
2017-07-24 04:00:00,1.16711,1.16749,1.16293,1.16394
2017-07-24 08:00:00,1.16394,1.16594,1.16383,1.16442
2017-07-24 12:00:00,1.16445,1.1657,1.16325,1.16419
2017-07-24 16:00:00,1.16417,1.16469,1.16249,1.1643
2017-07-24 20:00:00,1.16432,1.16441,1.16291,1.16379
2017-07-25 00:00:00,1.16379,1.16564,1.16299,1.16561
2017-07-25 04:00:00,1.1656,1.16684,1.16424,1.16498
2017-07-25 08:00:00,1.16495,1.16676,1.16464,1.16662
2017-07-25 12:00:00,1.16663,1.17117,1.16453,1.1654
2017-07-25 16:00:00,1.16538,1.16608,1.16432,1.16468
2017-07-25 20:00:00,1.16463,1.16486,1.16414,1.16437
2017-07-26 00:00:00,1.16435,1.16532,1.16371,1.16429
2017-07-26 04:00:00,1.16428,1.16487,1.16203,1.16295
2017-07-26 08:00:00,1.16295,1.16508,1.1612,1.16426
2017-07-26 12:00:00,1.16427,1.16553,1.16215,1.16317
2017-07-26 16:00:00,1.16316,1.17395,1.16246,1.17215
2017-07-26 20:00:00,1.17214,1.17469,1.17198,1.17311
2017-07-27 00:00:00,1.17311,1.17762,1.17208,1.17556
2017-07-27 04:00:00,1.17557,1.17618,1.17137,1.17229
2017-07-27 08:00:00,1.17229,1.17329,1.16866,1.16928
2017-07-27 12:00:00,1.1693,1.17058,1.16534,1.16548
2017-07-27 16:00:00,1.16547,1.16884,1.16493,1.16757
2017-07-27 20:00:00,1.16756,1.16911,1.167,1.16893
2017-07-28 00:00:00,1.16891,1.16932,1.16705,1.16829
2017-07-28 04:00:00,1.16828,1.17149,1.16811,1.16958
2017-07-28 08:00:00,1.16963,1.17232,1.1696,1.17184
2017-07-28 12:00:00,1.17185,1.17634,1.1714,1.17547
2017-07-28 16:00:00,1.17544,1.17618,1.17373,1.17584
2017-07-28 20:00:00,1.17583,1.17589,1.17418,1.17448
2017-07-30 20:00:00,1.17449,1.17612,1.17446,1.17463
2017-07-31 00:00:00,1.17464,1.17474,1.17309,1.1732
2017-07-31 04:00:00,1.17319,1.17466,1.17225,1.17242
2017-07-31 08:00:00,1.17241,1.17439,1.17227,1.17275
2017-07-31 12:00:00,1.17274,1.18298,1.17224,1.18249
2017-07-31 16:00:00,1.1825,1.18446,1.1805,1.18358
2017-07-31 20:00:00,1.18357,1.1845,1.18196,1.182
2017-08-01 00:00:00,1.18199,1.18336,1.1819,1.18258
2017-08-01 04:00:00,1.18259,1.18334,1.18103,1.18188
2017-08-01 08:00:00,1.18187,1.1833,1.18042,1.18101
2017-08-01 12:00:00,1.18099,1.18388,1.17842,1.17978
2017-08-01 16:00:00,1.17977,1.18365,1.1796,1.17999
2017-08-01 20:00:00,1.18001,1.18126,1.1795,1.18102
2017-08-02 00:00:00,1.18102,1.18174,1.17928,1.18101
2017-08-02 04:00:00,1.18103,1.18434,1.18094,1.18332
2017-08-02 08:00:00,1.18328,1.18678,1.18213,1.18267
2017-08-02 12:00:00,1.18269,1.18709,1.18173,1.186
2017-08-02 16:00:00,1.18601,1.191,1.18492,1.18534
2017-08-02 20:00:00,1.18534,1.1859,1.18451,1.1851
2017-08-03 00:00:00,1.18507,1.18517,1.18335,1.18408
2017-08-03 04:00:00,1.18407,1.18566,1.18363,1.18402
2017-08-03 08:00:00,1.18402,1.1858,1.18298,1.18527
2017-08-03 12:00:00,1.18529,1.18927,1.18422,1.18783
2017-08-03 16:00:00,1.18784,1.18884,1.18601,1.18749
2017-08-03 20:00:00,1.18749,1.18851,1.18666,1.18816
2017-08-04 00:00:00,1.18816,1.18851,1.18705,1.18786
2017-08-04 04:00:00,1.18789,1.18889,1.18734,1.18813
2017-08-04 08:00:00,1.18814,1.18876,1.18623,1.18763
2017-08-04 12:00:00,1.1876,1.18762,1.17276,1.1753
2017-08-04 16:00:00,1.17529,1.17812,1.17355,1.17797
2017-08-04 20:00:00,1.17796,1.17828,1.17648,1.17697
2017-08-06 20:00:00,1.17724,1.17925,1.1767,1.17761
2017-08-07 00:00:00,1.17761,1.18014,1.17758,1.17983
2017-08-07 04:00:00,1.17984,1.18136,1.17776,1.18097
2017-08-07 08:00:00,1.18096,1.18111,1.17891,1.18021
2017-08-07 12:00:00,1.18022,1.18042,1.17822,1.17871
2017-08-07 16:00:00,1.17871,1.17963,1.17805,1.17932
2017-08-07 20:00:00,1.17933,1.18014,1.17874,1.17994
2017-08-08 00:00:00,1.17993,1.18235,1.17972,1.18063
2017-08-08 04:00:00,1.18064,1.18175,1.18011,1.1807
2017-08-08 08:00:00,1.1807,1.18178,1.18048,1.18084
2017-08-08 12:00:00,1.18085,1.18172,1.17142,1.17239
2017-08-08 16:00:00,1.17237,1.17691,1.17207,1.17489
2017-08-08 20:00:00,1.17488,1.17631,1.17429,1.17539
2017-08-09 00:00:00,1.17538,1.17546,1.17182,1.17325
2017-08-09 04:00:00,1.17327,1.17615,1.17317,1.17425
2017-08-09 08:00:00,1.17424,1.17525,1.17213,1.17391
2017-08-09 12:00:00,1.17392,1.17492,1.16886,1.17478
2017-08-09 16:00:00,1.17477,1.17612,1.17353,1.17551
2017-08-09 20:00:00,1.17549,1.17695,1.17514,1.17629
2017-08-10 00:00:00,1.17629,1.17633,1.17321,1.17381
2017-08-10 04:00:00,1.17378,1.17402,1.17147,1.172
2017-08-10 08:00:00,1.17199,1.17348,1.17033,1.17252
2017-08-10 12:00:00,1.17253,1.17588,1.17169,1.17503
2017-08-10 16:00:00,1.17504,1.17847,1.17478,1.1773
2017-08-10 20:00:00,1.17729,1.17792,1.17629,1.17698
2017-08-11 00:00:00,1.17698,1.17764,1.17608,1.17747
2017-08-11 04:00:00,1.17745,1.1779,1.17491,1.17529
2017-08-11 08:00:00,1.17526,1.17737,1.17478,1.17583
2017-08-11 12:00:00,1.17579,1.18349,1.17536,1.18097
2017-08-11 16:00:00,1.18096,1.18469,1.18048,1.18245
2017-08-11 20:00:00,1.18246,1.18248,1.18155,1.182
2017-08-13 20:00:00,1.18172,1.18273,1.1816,1.18246
2017-08-14 00:00:00,1.18247,1.18339,1.1816,1.18265
2017-08-14 04:00:00,1.18264,1.18378,1.17996,1.18074
2017-08-14 08:00:00,1.18072,1.18093,1.17866,1.1792
2017-08-14 12:00:00,1.17921,1.18016,1.17691,1.17852
2017-08-14 16:00:00,1.17853,1.17954,1.17712,1.17846
2017-08-14 20:00:00,1.17845,1.17878,1.17674,1.17753
2017-08-15 00:00:00,1.17753,1.17921,1.17743,1.17817
2017-08-15 04:00:00,1.17818,1.17859,1.172,1.17458
2017-08-15 08:00:00,1.17457,1.17683,1.17332,1.17393
2017-08-15 12:00:00,1.17394,1.17446,1.16867,1.17352
2017-08-15 16:00:00,1.17351,1.17425,1.17267,1.17386
2017-08-15 20:00:00,1.17383,1.17428,1.17278,1.17399
2017-08-16 00:00:00,1.17397,1.17449,1.17333,1.17389
2017-08-16 04:00:00,1.17387,1.17573,1.17132,1.17149
2017-08-16 08:00:00,1.17148,1.17392,1.16906,1.17107
2017-08-16 12:00:00,1.17107,1.17201,1.16799,1.17012
2017-08-16 16:00:00,1.17015,1.17782,1.16905,1.17688
2017-08-16 20:00:00,1.17686,1.17788,1.17644,1.17732
2017-08-17 00:00:00,1.1773,1.17896,1.17641,1.17772
2017-08-17 04:00:00,1.17772,1.17891,1.17501,1.17557
2017-08-17 08:00:00,1.17556,1.17556,1.16614,1.16992
2017-08-17 12:00:00,1.16993,1.17471,1.16811,1.17344
2017-08-17 16:00:00,1.17345,1.17536,1.1726,1.17273
2017-08-17 20:00:00,1.17275,1.17329,1.17074,1.17155
2017-08-18 00:00:00,1.17156,1.17362,1.1709,1.173
2017-08-18 04:00:00,1.17302,1.17582,1.17208,1.17261
2017-08-18 08:00:00,1.1726,1.17741,1.17229,1.17344
2017-08-18 12:00:00,1.17345,1.17603,1.17285,1.1747
2017-08-18 16:00:00,1.17469,1.17672,1.17399,1.17624
2017-08-18 20:00:00,1.17622,1.1765,1.17563,1.17577
2017-08-20 20:00:00,1.175,1.17596,1.17486,1.17555
2017-08-21 00:00:00,1.17557,1.17622,1.17497,1.17543
2017-08-21 04:00:00,1.17542,1.17575,1.17304,1.17391
2017-08-21 08:00:00,1.17392,1.17693,1.1736,1.17641
2017-08-21 12:00:00,1.17642,1.18245,1.17583,1.18124
2017-08-21 16:00:00,1.18123,1.18276,1.18067,1.18093
2017-08-21 20:00:00,1.18092,1.1817,1.18053,1.18107
2017-08-22 00:00:00,1.18106,1.1824,1.1802,1.18079
2017-08-22 04:00:00,1.18079,1.18097,1.17833,1.17928
2017-08-22 08:00:00,1.17926,1.17926,1.17444,1.17675
2017-08-22 12:00:00,1.17674,1.17725,1.17495,1.17611
2017-08-22 16:00:00,1.17612,1.17703,1.17475,1.17592
2017-08-22 20:00:00,1.17591,1.17658,1.17567,1.17612
2017-08-23 00:00:00,1.17613,1.17656,1.1747,1.17599
2017-08-23 04:00:00,1.17598,1.17836,1.17391,1.17808
2017-08-23 08:00:00,1.17809,1.18005,1.17746,1.17991
2017-08-23 12:00:00,1.17995,1.18195,1.1786,1.1801
2017-08-23 16:00:00,1.18008,1.18226,1.17971,1.18173
2017-08-23 20:00:00,1.18174,1.18192,1.18046,1.18153
2017-08-24 00:00:00,1.18151,1.18168,1.17936,1.18017
2017-08-24 04:00:00,1.18016,1.18075,1.17868,1.17929
2017-08-24 08:00:00,1.17927,1.181,1.17834,1.18069
2017-08-24 12:00:00,1.18067,1.181,1.17869,1.18009
2017-08-24 16:00:00,1.18009,1.1814,1.17973,1.1801
2017-08-24 20:00:00,1.18009,1.1803,1.17953,1.17969
2017-08-25 00:00:00,1.17965,1.17994,1.17871,1.17965
2017-08-25 04:00:00,1.17967,1.17997,1.17727,1.17792
2017-08-25 08:00:00,1.17792,1.18274,1.17784,1.18147
2017-08-25 12:00:00,1.18149,1.18838,1.17849,1.18725
2017-08-25 16:00:00,1.18726,1.19409,1.18623,1.19241
2017-08-25 20:00:00,1.1924,1.19339,1.19161,1.19195
2017-08-27 20:00:00,1.1943,1.19587,1.19361,1.19505
2017-08-28 00:00:00,1.19501,1.1951,1.19197,1.19212
2017-08-28 04:00:00,1.19213,1.19417,1.19164,1.19251
2017-08-28 08:00:00,1.19251,1.19399,1.19193,1.1925
2017-08-28 12:00:00,1.19252,1.1975,1.19209,1.19716
2017-08-28 16:00:00,1.19714,1.19832,1.1971,1.19728
2017-08-28 20:00:00,1.19729,1.19851,1.1955,1.19632
2017-08-29 00:00:00,1.1963,1.19726,1.19617,1.19686
2017-08-29 04:00:00,1.19687,1.20463,1.1968,1.20458
2017-08-29 08:00:00,1.20459,1.20698,1.20309,1.20418
2017-08-29 12:00:00,1.20419,1.20587,1.20087,1.20246
2017-08-29 16:00:00,1.20248,1.20249,1.19666,1.19678
2017-08-29 20:00:00,1.19681,1.19788,1.1945,1.19692
2017-08-30 00:00:00,1.19693,1.19825,1.1966,1.19819
2017-08-30 04:00:00,1.19818,1.19834,1.19377,1.19557
2017-08-30 08:00:00,1.19556,1.19562,1.19237,1.19254
2017-08-30 12:00:00,1.19252,1.19375,1.18916,1.19259
2017-08-30 16:00:00,1.19258,1.1926,1.1882,1.18897
2017-08-30 20:00:00,1.18896,1.18961,1.18786,1.18897
2017-08-31 00:00:00,1.18899,1.18965,1.18703,1.18733
2017-08-31 04:00:00,1.18734,1.1903,1.18661,1.18905
2017-08-31 08:00:00,1.18903,1.19055,1.18333,1.18371
2017-08-31 12:00:00,1.18372,1.1908,1.18225,1.18927
2017-08-31 16:00:00,1.18924,1.19094,1.18694,1.19047
2017-08-31 20:00:00,1.19047,1.19224,1.19022,1.19085
2017-09-01 00:00:00,1.19084,1.19125,1.18997,1.19004
2017-09-01 04:00:00,1.19003,1.19047,1.18783,1.18848
2017-09-01 08:00:00,1.18847,1.19295,1.18817,1.19156
2017-09-01 12:00:00,1.19157,1.19791,1.1848,1.18772
2017-09-01 16:00:00,1.18771,1.18879,1.18547,1.18641
2017-09-01 20:00:00,1.18639,1.18645,1.18559,1.18572
2017-09-03 20:00:00,1.18814,1.18866,1.18717,1.18809
2017-09-04 00:00:00,1.18808,1.18894,1.1877,1.18793
2017-09-04 04:00:00,1.18791,1.19032,1.1878,1.18984
2017-09-04 08:00:00,1.18983,1.19218,1.18892,1.19091
2017-09-04 12:00:00,1.19092,1.19192,1.18885,1.19155
2017-09-04 16:00:00,1.19154,1.1919,1.18879,1.18963
2017-09-04 20:00:00,1.18955,1.18998,1.18866,1.18919
2017-09-05 00:00:00,1.1892,1.19097,1.18911,1.19058
2017-09-05 04:00:00,1.19057,1.19102,1.18674,1.18788
2017-09-05 08:00:00,1.18787,1.19066,1.18745,1.18886
2017-09-05 12:00:00,1.18885,1.19402,1.18854,1.19107
2017-09-05 16:00:00,1.19106,1.19295,1.18943,1.19177
2017-09-05 20:00:00,1.1918,1.19239,1.1906,1.1923
2017-09-06 00:00:00,1.19228,1.19242,1.19025,1.19099
2017-09-06 04:00:00,1.19101,1.19402,1.19056,1.19337
2017-09-06 08:00:00,1.19337,1.19492,1.19187,1.19309
2017-09-06 12:00:00,1.1931,1.19484,1.19131,1.19399
2017-09-06 16:00:00,1.19399,1.19497,1.19073,1.19146
2017-09-06 20:00:00,1.19144,1.1927,1.19111,1.19256
2017-09-07 00:00:00,1.19258,1.19337,1.19181,1.19252
2017-09-07 04:00:00,1.19251,1.19567,1.19132,1.19529
2017-09-07 08:00:00,1.19528,1.19935,1.19433,1.19734
2017-09-07 12:00:00,1.19736,1.20593,1.19273,1.20263
2017-09-07 16:00:00,1.20263,1.2029,1.19839,1.20196
2017-09-07 20:00:00,1.20195,1.20289,1.20144,1.20269
2017-09-08 00:00:00,1.2027,1.20892,1.20225,1.2071
2017-09-08 04:00:00,1.2071,1.20921,1.20354,1.20478
2017-09-08 08:00:00,1.20479,1.20734,1.20404,1.20655
2017-09-08 12:00:00,1.20654,1.20673,1.20138,1.20387
2017-09-08 16:00:00,1.20385,1.20437,1.20224,1.20259
2017-09-08 20:00:00,1.2026,1.20382,1.20257,1.20326
2017-09-10 20:00:00,1.20134,1.2027,1.20102,1.2016
2017-09-11 00:00:00,1.20158,1.20191,1.19978,1.20131
2017-09-11 04:00:00,1.2013,1.20185,1.19924,1.20141
2017-09-11 08:00:00,1.20141,1.20291,1.19891,1.19971
2017-09-11 12:00:00,1.19973,1.20042,1.19597,1.19627
2017-09-11 16:00:00,1.19629,1.19702,1.19486,1.19518
2017-09-11 20:00:00,1.19517,1.19638,1.19469,1.19569
2017-09-12 00:00:00,1.19568,1.19629,1.1945,1.19539
2017-09-12 04:00:00,1.19541,1.19779,1.19462,1.1974
2017-09-12 08:00:00,1.19741,1.19744,1.19257,1.19313
2017-09-12 12:00:00,1.19314,1.19719,1.19272,1.1967
2017-09-12 16:00:00,1.19671,1.19734,1.19539,1.19663
2017-09-12 20:00:00,1.19663,1.19721,1.19577,1.19708
2017-09-13 00:00:00,1.19706,1.19923,1.19657,1.19818
2017-09-13 04:00:00,1.19816,1.19893,1.19678,1.19844
2017-09-13 08:00:00,1.19842,1.19944,1.19637,1.19847
2017-09-13 12:00:00,1.19847,1.19893,1.18835,1.18979
2017-09-13 16:00:00,1.18979,1.19006,1.18722,1.18841
2017-09-13 20:00:00,1.1884,1.18937,1.18793,1.18876
2017-09-14 00:00:00,1.18877,1.18908,1.18698,1.18747
2017-09-14 04:00:00,1.18747,1.19093,1.18646,1.1905
2017-09-14 08:00:00,1.19048,1.1907,1.18769,1.18918
2017-09-14 12:00:00,1.18919,1.19083,1.18371,1.18853
2017-09-14 16:00:00,1.18852,1.19218,1.18741,1.19049
2017-09-14 20:00:00,1.19049,1.19219,1.19027,1.19202
2017-09-15 00:00:00,1.19202,1.19231,1.19,1.19076
2017-09-15 04:00:00,1.19077,1.19297,1.19035,1.19204
2017-09-15 08:00:00,1.19203,1.19629,1.19123,1.19481
2017-09-15 12:00:00,1.19482,1.19864,1.19476,1.19577
2017-09-15 16:00:00,1.19576,1.19675,1.19289,1.19446
2017-09-15 20:00:00,1.19445,1.19608,1.19418,1.19439
2017-09-17 20:00:00,1.19172,1.19497,1.19155,1.19367
2017-09-18 00:00:00,1.19368,1.19547,1.19352,1.19432
2017-09-18 04:00:00,1.19431,1.19558,1.19143,1.19246
2017-09-18 08:00:00,1.19241,1.1969,1.19223,1.19429
2017-09-18 12:00:00,1.1943,1.19667,1.19342,1.1939
2017-09-18 16:00:00,1.19389,1.19571,1.19217,1.19521
2017-09-18 20:00:00,1.19518,1.19607,1.19477,1.19596
2017-09-19 00:00:00,1.19595,1.19741,1.19576,1.19698
2017-09-19 04:00:00,1.19701,1.20061,1.19666,1.19933
2017-09-19 08:00:00,1.19934,1.20032,1.19529,1.19722
2017-09-19 12:00:00,1.1972,1.19927,1.1963,1.19798
2017-09-19 16:00:00,1.198,1.20061,1.19601,1.1997
2017-09-19 20:00:00,1.19966,1.20003,1.19891,1.1992
2017-09-20 00:00:00,1.19914,1.20192,1.19857,1.20071
2017-09-20 04:00:00,1.20072,1.20157,1.1995,1.19989
2017-09-20 08:00:00,1.19988,1.20215,1.19968,1.20041
2017-09-20 12:00:00,1.20043,1.20113,1.19833,1.19968
2017-09-20 16:00:00,1.19967,1.20326,1.18605,1.18909
2017-09-20 20:00:00,1.18908,1.19015,1.18655,1.18737
2017-09-21 00:00:00,1.18735,1.18912,1.18649,1.18851
2017-09-21 04:00:00,1.1885,1.19069,1.18759,1.19014
2017-09-21 08:00:00,1.19015,1.19189,1.18899,1.19017
2017-09-21 12:00:00,1.19018,1.19534,1.1897,1.19458
2017-09-21 16:00:00,1.19457,1.19493,1.19273,1.19305
2017-09-21 20:00:00,1.19304,1.19482,1.19304,1.19436
2017-09-22 00:00:00,1.19436,1.19592,1.19387,1.19569
2017-09-22 04:00:00,1.19567,1.19975,1.19531,1.19915
2017-09-22 08:00:00,1.19913,1.20041,1.19585,1.19624
2017-09-22 12:00:00,1.19625,1.19835,1.19574,1.1968
2017-09-22 16:00:00,1.19681,1.1969,1.19365,1.19437
2017-09-22 20:00:00,1.19435,1.19535,1.19404,1.19404
2017-09-24 20:00:00,1.18965,1.19266,1.18884,1.1926
2017-09-25 00:00:00,1.19261,1.19344,1.1918,1.19322
2017-09-25 04:00:00,1.19322,1.19362,1.18994,1.19093
2017-09-25 08:00:00,1.19091,1.19146,1.18661,1.18702
2017-09-25 12:00:00,1.18701,1.18897,1.18489,1.18508
2017-09-25 16:00:00,1.18509,1.18551,1.18308,1.18476
2017-09-25 20:00:00,1.18475,1.18568,1.18403,1.18554
2017-09-26 00:00:00,1.18551,1.18612,1.18494,1.18603
2017-09-26 04:00:00,1.18603,1.18609,1.1809,1.18121
2017-09-26 08:00:00,1.18119,1.18285,1.17814,1.1788
2017-09-26 12:00:00,1.17879,1.17968,1.17634,1.17694
2017-09-26 16:00:00,1.17694,1.181,1.17561,1.17925
2017-09-26 20:00:00,1.17923,1.17941,1.17812,1.17833
2017-09-27 00:00:00,1.17828,1.17946,1.17756,1.17903
2017-09-27 04:00:00,1.17902,1.1792,1.17414,1.17565
2017-09-27 08:00:00,1.17563,1.17568,1.17303,1.17442
2017-09-27 12:00:00,1.1744,1.17496,1.17163,1.17459
2017-09-27 16:00:00,1.1746,1.17761,1.17448,1.17497
2017-09-27 20:00:00,1.17496,1.1754,1.17392,1.17491
2017-09-28 00:00:00,1.17491,1.17557,1.17264,1.17299
2017-09-28 04:00:00,1.17301,1.17565,1.17201,1.17545
2017-09-28 08:00:00,1.17543,1.17843,1.1749,1.1773
2017-09-28 12:00:00,1.17731,1.18038,1.17658,1.17761
2017-09-28 16:00:00,1.1776,1.17932,1.17719,1.17781
2017-09-28 20:00:00,1.1778,1.17876,1.17774,1.17801
2017-09-29 00:00:00,1.17803,1.179,1.17747,1.17838
2017-09-29 04:00:00,1.1784,1.18079,1.17718,1.17937
2017-09-29 08:00:00,1.17938,1.1818,1.17879,1.18121
2017-09-29 12:00:00,1.18122,1.18321,1.17906,1.18124
2017-09-29 16:00:00,1.18124,1.18255,1.17986,1.18186
2017-09-29 20:00:00,1.18187,1.18233,1.18057,1.181
2017-10-01 20:00:00,1.17826,1.18147,1.1781,1.18069
2017-10-02 00:00:00,1.1807,1.18072,1.17698,1.17779
2017-10-02 04:00:00,1.17777,1.17794,1.17338,1.17417
2017-10-02 08:00:00,1.17416,1.17519,1.17294,1.17378
2017-10-02 12:00:00,1.17381,1.17626,1.1729,1.17439
2017-10-02 16:00:00,1.17439,1.17493,1.17327,1.17348
2017-10-02 20:00:00,1.17348,1.17397,1.17252,1.17307
2017-10-03 00:00:00,1.17307,1.17337,1.17008,1.17039
2017-10-03 04:00:00,1.17038,1.17431,1.16954,1.17425
2017-10-03 08:00:00,1.17426,1.17616,1.17318,1.17488
2017-10-03 12:00:00,1.17487,1.1773,1.17371,1.17582
2017-10-03 16:00:00,1.17578,1.176,1.17384,1.1749
2017-10-03 20:00:00,1.1749,1.17503,1.17334,1.17472
2017-10-04 00:00:00,1.1747,1.17794,1.17456,1.1767
2017-10-04 04:00:00,1.1767,1.17761,1.17464,1.17568
2017-10-04 08:00:00,1.17568,1.17866,1.17522,1.17791
2017-10-04 12:00:00,1.17792,1.17873,1.17461,1.17606
2017-10-04 16:00:00,1.17607,1.1766,1.1754,1.17623
2017-10-04 20:00:00,1.17622,1.17658,1.17542,1.17563
2017-10-05 00:00:00,1.17562,1.17586,1.17503,1.17544
2017-10-05 04:00:00,1.17545,1.17786,1.17471,1.17709
2017-10-05 08:00:00,1.17708,1.17767,1.17343,1.17362
2017-10-05 12:00:00,1.17364,1.1745,1.17021,1.17049
2017-10-05 16:00:00,1.17053,1.17118,1.16984,1.17048
2017-10-05 20:00:00,1.17047,1.17138,1.17024,1.17131
2017-10-06 00:00:00,1.17131,1.17152,1.16935,1.16959
2017-10-08 20:00:00,1.17255,1.17431,1.17204,1.17418
2017-10-09 00:00:00,1.17413,1.17473,1.17311,1.17358
2017-10-09 04:00:00,1.17357,1.17409,1.17188,1.17275
2017-10-09 08:00:00,1.17278,1.17476,1.17243,1.1746
2017-10-09 12:00:00,1.17463,1.17469,1.17244,1.17422
2017-10-09 16:00:00,1.17423,1.17555,1.17414,1.17503
2017-10-09 20:00:00,1.17502,1.17513,1.17357,1.17401
2017-10-10 00:00:00,1.17403,1.17816,1.17397,1.17664
2017-10-10 04:00:00,1.17665,1.17881,1.17617,1.17647
2017-10-10 08:00:00,1.1765,1.18068,1.1765,1.17957
2017-10-10 12:00:00,1.17954,1.18176,1.17815,1.18031
2017-10-10 16:00:00,1.18032,1.1825,1.17947,1.1815
2017-10-10 20:00:00,1.18149,1.1817,1.18049,1.18125
2017-10-11 00:00:00,1.18123,1.18272,1.17942,1.1807
2017-10-11 04:00:00,1.18073,1.18338,1.18064,1.18261
2017-10-11 08:00:00,1.18262,1.18444,1.18007,1.18284
2017-10-11 12:00:00,1.18283,1.18578,1.18268,1.18464
2017-10-11 16:00:00,1.18463,1.18687,1.18383,1.1866
2017-10-11 20:00:00,1.18661,1.18683,1.18519,1.18637
2017-10-12 00:00:00,1.18635,1.18775,1.18582,1.18745
2017-10-12 04:00:00,1.18745,1.18792,1.18556,1.18665
2017-10-12 08:00:00,1.18667,1.18668,1.18503,1.1854
2017-10-12 12:00:00,1.18542,1.1858,1.18284,1.18397
2017-10-12 16:00:00,1.18396,1.18502,1.18265,1.18346
2017-10-12 20:00:00,1.18343,1.18373,1.18219,1.18305
2017-10-13 00:00:00,1.18306,1.18511,1.18284,1.18469
2017-10-13 04:00:00,1.18468,1.18509,1.18144,1.18286
2017-10-13 08:00:00,1.18287,1.18355,1.1805,1.18065
2017-10-13 12:00:00,1.18064,1.18745,1.18019,1.18363
2017-10-13 16:00:00,1.18363,1.18481,1.18097,1.18184
2017-10-13 20:00:00,1.18185,1.18252,1.18134,1.18137
2017-10-15 20:00:00,1.18079,1.18595,1.18036,1.1814
2017-10-16 00:00:00,1.18143,1.18189,1.17971,1.18053
2017-10-16 04:00:00,1.18052,1.18102,1.17796,1.17923
2017-10-16 08:00:00,1.17923,1.18165,1.17836,1.18055
2017-10-16 12:00:00,1.18055,1.1819,1.17942,1.18087
2017-10-16 16:00:00,1.18087,1.18116,1.17852,1.17919
2017-10-16 20:00:00,1.17918,1.17992,1.17869,1.17938
2017-10-17 00:00:00,1.17937,1.17943,1.1774,1.17788
2017-10-17 04:00:00,1.17787,1.17811,1.17544,1.17717
2017-10-17 08:00:00,1.17716,1.17748,1.17537,1.17625
2017-10-17 12:00:00,1.17626,1.17644,1.17356,1.17529
2017-10-17 16:00:00,1.17531,1.17747,1.17439,1.17679
2017-10-17 20:00:00,1.17677,1.17714,1.17631,1.17708
2017-10-18 00:00:00,1.17709,1.17801,1.17663,1.1769
2017-10-18 04:00:00,1.17691,1.17702,1.17472,1.17605
2017-10-18 08:00:00,1.17608,1.17654,1.17293,1.17443
2017-10-18 12:00:00,1.17446,1.17802,1.17431,1.17727
2017-10-18 16:00:00,1.17728,1.18049,1.17728,1.17936
2017-10-18 20:00:00,1.17936,1.17997,1.17839,1.17941
2017-10-19 00:00:00,1.17941,1.18161,1.17921,1.17992
2017-10-19 04:00:00,1.17992,1.18222,1.1794,1.18134
2017-10-19 08:00:00,1.18134,1.18393,1.17671,1.18343
2017-10-19 12:00:00,1.18344,1.18575,1.18253,1.18416
2017-10-19 16:00:00,1.18418,1.18472,1.18254,1.18396
2017-10-19 20:00:00,1.18397,1.18572,1.18368,1.18478
2017-10-20 00:00:00,1.18482,1.18574,1.18067,1.18177
2017-10-20 04:00:00,1.18179,1.18257,1.17896,1.18046
2017-10-20 08:00:00,1.18047,1.18198,1.17953,1.18149
2017-10-20 12:00:00,1.18147,1.18201,1.17618,1.17691
2017-10-20 16:00:00,1.17692,1.1788,1.17679,1.17725
2017-10-20 20:00:00,1.17724,1.17824,1.17658,1.1777
2017-10-22 20:00:00,1.17619,1.17741,1.17508,1.17542
2017-10-23 00:00:00,1.17545,1.17703,1.17529,1.17693
2017-10-23 04:00:00,1.17691,1.1777,1.17502,1.17556
2017-10-23 08:00:00,1.17552,1.17575,1.17339,1.17387
2017-10-23 12:00:00,1.17388,1.17614,1.17327,1.17599
2017-10-23 16:00:00,1.176,1.17631,1.17241,1.17483
2017-10-23 20:00:00,1.17484,1.17563,1.17441,1.17542
2017-10-24 00:00:00,1.17544,1.17694,1.17534,1.17654
2017-10-24 04:00:00,1.17656,1.1766,1.1742,1.17543
2017-10-24 08:00:00,1.17539,1.17695,1.17505,1.17567
2017-10-24 12:00:00,1.17566,1.17766,1.17532,1.17651
2017-10-24 16:00:00,1.17649,1.17924,1.17556,1.17594
2017-10-24 20:00:00,1.17592,1.17693,1.1757,1.1759
2017-10-25 00:00:00,1.17588,1.17639,1.17524,1.17549
2017-10-25 04:00:00,1.1755,1.17681,1.1753,1.17606
2017-10-25 08:00:00,1.17602,1.17815,1.17588,1.17787
2017-10-25 12:00:00,1.17788,1.18169,1.17691,1.18019
2017-10-25 16:00:00,1.18018,1.18174,1.1801,1.18034
2017-10-25 20:00:00,1.18033,1.18199,1.17994,1.18186
2017-10-26 00:00:00,1.18188,1.18322,1.18144,1.18242
2017-10-26 04:00:00,1.18241,1.18363,1.18137,1.18176
2017-10-26 08:00:00,1.18174,1.18204,1.1757,1.17677
2017-10-26 12:00:00,1.17678,1.17851,1.16876,1.16988
2017-10-26 16:00:00,1.16986,1.17003,1.16393,1.16468
2017-10-26 20:00:00,1.16467,1.16571,1.16308,1.16369
2017-10-27 00:00:00,1.16367,1.16419,1.16235,1.16383
2017-10-27 04:00:00,1.16382,1.16435,1.16149,1.16336
2017-10-27 08:00:00,1.16335,1.16381,1.16041,1.16069
2017-10-27 12:00:00,1.16069,1.16237,1.1573,1.15802
2017-10-27 16:00:00,1.15802,1.16033,1.15773,1.15973
2017-10-27 20:00:00,1.15973,1.16087,1.15955,1.1602
2017-10-29 20:00:00,1.16045,1.16141,1.1593,1.1605
2017-10-30 00:00:00,1.16052,1.16148,1.15969,1.16136
2017-10-30 04:00:00,1.16137,1.16219,1.16008,1.16178
2017-10-30 08:00:00,1.1618,1.16416,1.16146,1.1632
2017-10-30 12:00:00,1.16318,1.1633,1.16031,1.16265
2017-10-30 16:00:00,1.16264,1.16575,1.16219,1.16557
2017-10-30 20:00:00,1.16557,1.16572,1.16407,1.1651
2017-10-31 00:00:00,1.1651,1.16511,1.16318,1.16361
2017-10-31 04:00:00,1.16362,1.16498,1.16243,1.1644
2017-10-31 08:00:00,1.16439,1.16485,1.16233,1.1639
2017-10-31 12:00:00,1.16386,1.16608,1.16257,1.16477
2017-10-31 16:00:00,1.16477,1.16583,1.16389,1.16491
2017-10-31 20:00:00,1.1649,1.16541,1.16385,1.16513
2017-11-01 00:00:00,1.16514,1.16533,1.16281,1.16308
2017-11-01 04:00:00,1.16313,1.1652,1.16245,1.16516
2017-11-01 08:00:00,1.16515,1.16565,1.16313,1.16376
2017-11-01 12:00:00,1.16378,1.16426,1.16054,1.16172
2017-11-01 16:00:00,1.16174,1.16411,1.16096,1.16194
2017-11-01 20:00:00,1.16192,1.16298,1.16124,1.16278
2017-11-02 00:00:00,1.16277,1.1671,1.1627,1.16549
2017-11-02 04:00:00,1.1655,1.1662,1.164,1.1641
2017-11-02 08:00:00,1.16411,1.16577,1.16255,1.16518
2017-11-02 12:00:00,1.1652,1.16869,1.16343,1.16713
2017-11-02 16:00:00,1.16714,1.16729,1.16471,1.16608
2017-11-02 20:00:00,1.16609,1.16621,1.16528,1.16581
2017-11-03 00:00:00,1.16581,1.16656,1.16553,1.16569
2017-11-03 04:00:00,1.16567,1.16674,1.16438,1.16461
2017-11-03 08:00:00,1.16458,1.16534,1.16378,1.16472
2017-11-03 12:00:00,1.16473,1.16898,1.16022,1.16158
2017-11-03 16:00:00,1.16158,1.16191,1.15984,1.1607
2017-11-03 20:00:00,1.16069,1.16131,1.16021,1.16021
2017-11-05 20:00:00,1.16121,1.16175,1.15978,1.16141
2017-11-06 00:00:00,1.1614,1.16236,1.15962,1.16137
2017-11-06 04:00:00,1.16138,1.16164,1.1595,1.16103
2017-11-06 08:00:00,1.16103,1.16148,1.15873,1.15918
2017-11-06 12:00:00,1.15917,1.15981,1.15798,1.15844
2017-11-06 16:00:00,1.15846,1.16155,1.15832,1.16054
2017-11-06 20:00:00,1.16054,1.16145,1.16027,1.16108
2017-11-07 00:00:00,1.16105,1.16152,1.16012,1.16112
2017-11-07 04:00:00,1.16112,1.16117,1.15851,1.15879
2017-11-07 08:00:00,1.1588,1.15933,1.15526,1.15693
2017-11-07 12:00:00,1.15692,1.15901,1.15574,1.15748
2017-11-07 16:00:00,1.15748,1.15879,1.15626,1.15865
2017-11-07 20:00:00,1.15864,1.16056,1.15837,1.16004
2017-11-08 00:00:00,1.16006,1.16033,1.15909,1.15959
2017-11-08 04:00:00,1.1596,1.16041,1.15846,1.15949
2017-11-08 08:00:00,1.15947,1.16108,1.15907,1.15971
2017-11-08 12:00:00,1.1597,1.16035,1.15826,1.15847
2017-11-08 16:00:00,1.15848,1.15959,1.15784,1.15949
2017-11-08 20:00:00,1.1595,1.15985,1.15835,1.15944
2017-11-09 00:00:00,1.15945,1.15997,1.15851,1.15915
2017-11-09 04:00:00,1.15916,1.16148,1.15905,1.16051
2017-11-09 08:00:00,1.16049,1.16436,1.15888,1.16391
2017-11-09 12:00:00,1.16392,1.16398,1.15994,1.16233
2017-11-09 16:00:00,1.16232,1.16543,1.16232,1.16482
2017-11-09 20:00:00,1.16481,1.16496,1.16353,1.16455
2017-11-10 00:00:00,1.16454,1.16539,1.16419,1.16467
2017-11-10 04:00:00,1.16466,1.16502,1.16319,1.16326
2017-11-10 08:00:00,1.16325,1.16617,1.16223,1.16391
2017-11-10 12:00:00,1.1639,1.16773,1.16378,1.16607
2017-11-10 16:00:00,1.16608,1.16685,1.16501,1.16657
2017-11-10 20:00:00,1.16657,1.16683,1.16592,1.16601
2017-11-12 20:00:00,1.16548,1.16643,1.16524,1.16607
2017-11-13 00:00:00,1.16606,1.16614,1.16441,1.16549
2017-11-13 04:00:00,1.16547,1.16598,1.16386,1.16397
2017-11-13 08:00:00,1.16398,1.16525,1.16368,1.16502
2017-11-13 12:00:00,1.16503,1.16749,1.16494,1.16638
2017-11-13 16:00:00,1.16639,1.16687,1.16542,1.16664
2017-11-13 20:00:00,1.16664,1.16706,1.16607,1.1664
2017-11-14 00:00:00,1.16639,1.16752,1.16617,1.16709
2017-11-14 04:00:00,1.16708,1.16951,1.16635,1.16892
2017-11-14 08:00:00,1.16891,1.17272,1.16842,1.17229
2017-11-14 12:00:00,1.17228,1.17637,1.17216,1.17544
2017-11-14 16:00:00,1.17546,1.18045,1.17509,1.17931
2017-11-14 20:00:00,1.17933,1.18019,1.17843,1.17901
2017-11-15 00:00:00,1.17902,1.17989,1.1785,1.17963
2017-11-15 04:00:00,1.17961,1.18166,1.17842,1.18103
2017-11-15 08:00:00,1.18101,1.18524,1.18069,1.18463
2017-11-15 12:00:00,1.18462,1.18602,1.17988,1.17999
2017-11-15 16:00:00,1.17998,1.1803,1.17885,1.17926
2017-11-15 20:00:00,1.17927,1.17954,1.17673,1.1782
2017-11-16 00:00:00,1.17825,1.17887,1.17759,1.17771
2017-11-16 04:00:00,1.17773,1.18003,1.17708,1.17708
2017-11-16 08:00:00,1.17709,1.17961,1.17556,1.17643
2017-11-16 12:00:00,1.17643,1.17848,1.17583,1.17727
2017-11-16 16:00:00,1.17727,1.17784,1.17588,1.17646
2017-11-16 20:00:00,1.17645,1.17781,1.17605,1.17779
2017-11-17 00:00:00,1.17778,1.18214,1.17746,1.18076
2017-11-17 04:00:00,1.18075,1.18154,1.17861,1.1787
2017-11-17 08:00:00,1.17868,1.18119,1.17832,1.17934
2017-11-17 12:00:00,1.17933,1.18025,1.17731,1.178
2017-11-17 16:00:00,1.17801,1.18056,1.17756,1.17964
2017-11-17 20:00:00,1.17963,1.18056,1.17846,1.17864
2017-11-19 20:00:00,1.17827,1.17965,1.17211,1.1734
2017-11-20 00:00:00,1.17341,1.17502,1.17244,1.17362
2017-11-20 04:00:00,1.17363,1.17551,1.17269,1.17534
2017-11-20 08:00:00,1.17536,1.18079,1.17513,1.17755
2017-11-20 12:00:00,1.17751,1.17856,1.17412,1.17472
2017-11-20 16:00:00,1.17473,1.17546,1.17289,1.17314
2017-11-20 20:00:00,1.17313,1.17376,1.17272,1.17365
2017-11-21 00:00:00,1.17363,1.1744,1.17294,1.17376
2017-11-21 04:00:00,1.17377,1.17493,1.17295,1.17356
2017-11-21 08:00:00,1.17358,1.17573,1.17132,1.17216
2017-11-21 12:00:00,1.1722,1.17442,1.17123,1.17248
2017-11-21 16:00:00,1.17249,1.17516,1.17232,1.17419
2017-11-21 20:00:00,1.17418,1.17466,1.1731,1.17407
2017-11-22 00:00:00,1.17405,1.1747,1.17342,1.17382
2017-11-22 04:00:00,1.17383,1.17614,1.17369,1.17571
2017-11-22 08:00:00,1.17572,1.17728,1.17452,1.17526
2017-11-22 12:00:00,1.17527,1.17962,1.1735,1.17858
2017-11-22 16:00:00,1.17857,1.18266,1.17827,1.1824
2017-11-22 20:00:00,1.18241,1.18249,1.18128,1.18138
2017-11-23 00:00:00,1.1814,1.18377,1.1813,1.18315
2017-11-23 04:00:00,1.18315,1.18384,1.1823,1.18264
2017-11-23 08:00:00,1.18262,1.18509,1.1826,1.18453
2017-11-23 12:00:00,1.18452,1.18556,1.18404,1.18425
2017-11-23 16:00:00,1.18426,1.18538,1.1839,1.18508
2017-11-23 20:00:00,1.18514,1.1853,1.18401,1.18498
2017-11-24 00:00:00,1.18499,1.18553,1.18359,1.1848
2017-11-24 04:00:00,1.18478,1.18582,1.18363,1.18472
2017-11-24 08:00:00,1.18472,1.18744,1.18427,1.18557
2017-11-24 12:00:00,1.18556,1.19379,1.18544,1.19334
2017-11-24 16:00:00,1.19338,1.19436,1.19225,1.19265
2017-11-24 20:00:00,1.19264,1.1938,1.19201,1.19262
2017-11-26 20:00:00,1.19202,1.19358,1.19188,1.19268
2017-11-27 00:00:00,1.19269,1.193,1.19109,1.19242
2017-11-27 04:00:00,1.19241,1.19328,1.1917,1.19273
2017-11-27 08:00:00,1.19275,1.19568,1.19204,1.19362
2017-11-27 12:00:00,1.19361,1.19605,1.19145,1.19183
2017-11-27 16:00:00,1.19182,1.19257,1.18949,1.18994
2017-11-27 20:00:00,1.18993,1.19047,1.18882,1.19031
2017-11-28 00:00:00,1.19034,1.19083,1.18966,1.19034
2017-11-28 04:00:00,1.19028,1.19106,1.18847,1.18875
2017-11-28 08:00:00,1.18876,1.19195,1.18739,1.18859
2017-11-28 12:00:00,1.18858,1.19,1.18634,1.18695
2017-11-28 16:00:00,1.18694,1.18849,1.18266,1.18373
2017-11-28 20:00:00,1.18371,1.18517,1.18318,1.18486
2017-11-29 00:00:00,1.18488,1.18551,1.18391,1.18525
2017-11-29 04:00:00,1.18528,1.18712,1.18469,1.18687
2017-11-29 08:00:00,1.18689,1.18825,1.18301,1.18423
2017-11-29 12:00:00,1.18422,1.18543,1.1816,1.1849
2017-11-29 16:00:00,1.18489,1.18656,1.18467,1.18622
2017-11-29 20:00:00,1.18621,1.18636,1.18426,1.18515
2017-11-30 00:00:00,1.1851,1.18707,1.18468,1.18649
2017-11-30 04:00:00,1.18647,1.18752,1.18575,1.18638
2017-11-30 08:00:00,1.1864,1.18665,1.18085,1.18358
2017-11-30 12:00:00,1.18356,1.19304,1.18347,1.19218
2017-11-30 16:00:00,1.19217,1.19312,1.18846,1.18974
2017-11-30 20:00:00,1.18974,1.19144,1.18859,1.18973
2017-12-01 00:00:00,1.18975,1.1915,1.18956,1.19107
2017-12-01 04:00:00,1.1911,1.19325,1.19064,1.1915
2017-12-01 08:00:00,1.19149,1.19401,1.1883,1.19003
2017-12-01 12:00:00,1.19001,1.19019,1.18505,1.18642
2017-12-01 16:00:00,1.18643,1.19344,1.18639,1.18938
2017-12-01 20:00:00,1.18937,1.18992,1.1889,1.18898
2017-12-03 20:00:00,1.18583,1.18746,1.18553,1.18554
2017-12-04 00:00:00,1.18554,1.18754,1.18549,1.18704
2017-12-04 04:00:00,1.18704,1.18713,1.18354,1.18489
2017-12-04 08:00:00,1.18488,1.1878,1.18428,1.18579
2017-12-04 12:00:00,1.18578,1.18672,1.18283,1.18489
2017-12-04 16:00:00,1.1849,1.18592,1.1841,1.18556
2017-12-04 20:00:00,1.18557,1.18699,1.18469,1.18673
2017-12-05 00:00:00,1.18674,1.18763,1.1863,1.18746
2017-12-05 04:00:00,1.18747,1.18762,1.18561,1.18577
2017-12-05 08:00:00,1.18576,1.18734,1.18409,1.18653
2017-12-05 12:00:00,1.18652,1.1867,1.18122,1.18323
2017-12-05 16:00:00,1.18325,1.18327,1.18,1.18135
2017-12-05 20:00:00,1.18133,1.18307,1.1813,1.18298
2017-12-06 00:00:00,1.18297,1.18474,1.18154,1.18418
2017-12-06 04:00:00,1.18423,1.18442,1.18184,1.1823
2017-12-06 08:00:00,1.18231,1.18331,1.1808,1.1812
2017-12-06 12:00:00,1.18119,1.18233,1.17847,1.17879
2017-12-06 16:00:00,1.1788,1.17984,1.17797,1.17906
2017-12-06 20:00:00,1.1791,1.18079,1.17898,1.18034
2017-12-07 00:00:00,1.18034,1.18062,1.17918,1.18034
2017-12-07 04:00:00,1.18032,1.18064,1.17859,1.17949
2017-12-07 08:00:00,1.17948,1.18045,1.17752,1.17873
2017-12-07 12:00:00,1.17874,1.18002,1.17756,1.17893
2017-12-07 16:00:00,1.17892,1.18141,1.17719,1.17722
2017-12-07 20:00:00,1.17723,1.17806,1.17702,1.17717
2017-12-08 00:00:00,1.17716,1.17741,1.17606,1.17669
2017-12-08 04:00:00,1.1767,1.17679,1.17417,1.17503
2017-12-08 08:00:00,1.17502,1.17537,1.17316,1.17377
2017-12-08 12:00:00,1.17376,1.17708,1.17292,1.17502
2017-12-08 16:00:00,1.17503,1.17677,1.17459,1.1767
2017-12-08 20:00:00,1.17669,1.17716,1.17635,1.17685
2017-12-10 20:00:00,1.17618,1.17713,1.17617,1.17672
2017-12-11 00:00:00,1.1767,1.17834,1.17665,1.17802
2017-12-11 04:00:00,1.178,1.17904,1.17749,1.17825
2017-12-11 08:00:00,1.17824,1.18028,1.17743,1.17906
2017-12-11 12:00:00,1.17907,1.18109,1.1776,1.17949
2017-12-11 16:00:00,1.17948,1.18059,1.17822,1.17859
2017-12-11 20:00:00,1.1786,1.1787,1.1763,1.17752
2017-12-12 00:00:00,1.17751,1.17789,1.17637,1.1768
2017-12-12 04:00:00,1.1768,1.17839,1.17668,1.17707
2017-12-12 08:00:00,1.17706,1.17917,1.17691,1.17743
2017-12-12 12:00:00,1.17744,1.17788,1.17213,1.17288
2017-12-12 16:00:00,1.17286,1.17403,1.17172,1.17379
2017-12-12 20:00:00,1.1738,1.1748,1.17332,1.17412
2017-12-13 00:00:00,1.17414,1.17616,1.17413,1.17576
2017-12-13 04:00:00,1.17575,1.17622,1.17374,1.1738
2017-12-13 08:00:00,1.17378,1.1754,1.17369,1.17391
2017-12-13 12:00:00,1.1739,1.17704,1.1729,1.17573
2017-12-13 16:00:00,1.17575,1.18226,1.17543,1.18195
2017-12-13 20:00:00,1.18194,1.18397,1.1812,1.18355
2017-12-14 00:00:00,1.18357,1.18433,1.18278,1.1835
2017-12-14 04:00:00,1.18349,1.18375,1.18104,1.1817
2017-12-14 08:00:00,1.1817,1.18372,1.18115,1.18241
2017-12-14 12:00:00,1.18243,1.18622,1.17705,1.17769
2017-12-14 16:00:00,1.17769,1.18006,1.17701,1.17911
2017-12-14 20:00:00,1.17911,1.17958,1.17634,1.17737
2017-12-15 00:00:00,1.17736,1.17904,1.17723,1.1781
2017-12-15 04:00:00,1.17811,1.17968,1.17777,1.17914
2017-12-15 08:00:00,1.17914,1.1812,1.17784,1.17983
2017-12-15 12:00:00,1.17983,1.18092,1.17609,1.17635
2017-12-15 16:00:00,1.17636,1.17816,1.175,1.17567
2017-12-15 20:00:00,1.17568,1.17592,1.17473,1.17481
2017-12-17 20:00:00,1.17429,1.175,1.17358,1.17423
2017-12-18 00:00:00,1.17425,1.17646,1.17413,1.17631
2017-12-18 04:00:00,1.17632,1.17802,1.17586,1.17799
2017-12-18 08:00:00,1.178,1.17976,1.17747,1.17924
2017-12-18 12:00:00,1.17925,1.1834,1.17872,1.18111
2017-12-18 16:00:00,1.1811,1.18161,1.17745,1.1783
2017-12-18 20:00:00,1.1783,1.17851,1.17781,1.17832
2017-12-19 00:00:00,1.17834,1.17896,1.17756,1.17879
2017-12-19 04:00:00,1.1788,1.18059,1.17863,1.18052
2017-12-19 08:00:00,1.18053,1.18183,1.17902,1.18089
2017-12-19 12:00:00,1.18088,1.18316,1.18038,1.18092
2017-12-19 16:00:00,1.18089,1.18482,1.18041,1.18442
2017-12-19 20:00:00,1.18443,1.18459,1.18354,1.18361
2017-12-20 00:00:00,1.18362,1.18464,1.18345,1.18458
2017-12-20 04:00:00,1.18459,1.18485,1.18281,1.1841
2017-12-20 08:00:00,1.18408,1.18574,1.18345,1.18363
2017-12-20 12:00:00,1.18362,1.1901,1.18311,1.18823
2017-12-20 16:00:00,1.1882,1.18882,1.18732,1.18771
2017-12-20 20:00:00,1.18772,1.18817,1.18655,1.18769
2017-12-21 00:00:00,1.18773,1.18815,1.18641,1.1865
2017-12-21 04:00:00,1.18653,1.18747,1.18623,1.18714
2017-12-21 08:00:00,1.18715,1.18892,1.18635,1.18656
2017-12-21 12:00:00,1.18653,1.18704,1.18484,1.18595
2017-12-21 16:00:00,1.18598,1.18784,1.18577,1.18715
2017-12-21 20:00:00,1.18716,1.18781,1.18512,1.18519
2017-12-22 00:00:00,1.18518,1.1853,1.1816,1.18481
2017-12-22 04:00:00,1.18479,1.18605,1.18461,1.18522
2017-12-22 08:00:00,1.18522,1.18618,1.18438,1.18515
2017-12-22 12:00:00,1.18514,1.18564,1.18275,1.18345
2017-12-22 16:00:00,1.18343,1.18566,1.18295,1.18496
2017-12-22 20:00:00,1.18497,1.18629,1.18491,1.18589
2017-12-26 00:00:00,1.18699,1.18733,1.18618,1.18706
2017-12-26 04:00:00,1.18707,1.18747,1.18666,1.18716
2017-12-26 08:00:00,1.18717,1.18753,1.18493,1.18511
2017-12-26 12:00:00,1.1851,1.18777,1.18458,1.18648
2017-12-26 16:00:00,1.18647,1.18714,1.18606,1.18628
2017-12-26 20:00:00,1.18629,1.18652,1.18527,1.18564
2017-12-27 00:00:00,1.18563,1.1867,1.18542,1.18632
2017-12-27 04:00:00,1.18631,1.18843,1.18614,1.18669
2017-12-27 08:00:00,1.18667,1.18948,1.18648,1.18922
2017-12-27 12:00:00,1.18922,1.19099,1.18892,1.18936
2017-12-27 16:00:00,1.18935,1.19027,1.18847,1.18965
2017-12-27 20:00:00,1.18964,1.19013,1.18829,1.18996
2017-12-28 00:00:00,1.18994,1.19102,1.18963,1.19096
2017-12-28 04:00:00,1.19093,1.19403,1.19092,1.19395
2017-12-28 08:00:00,1.19396,1.19459,1.19227,1.19365
2017-12-28 12:00:00,1.19364,1.19502,1.1931,1.19367
2017-12-28 16:00:00,1.19368,1.19585,1.19362,1.19523
2017-12-28 20:00:00,1.19523,1.19529,1.19349,1.19384
2017-12-29 00:00:00,1.19385,1.19488,1.19364,1.19417
2017-12-29 04:00:00,1.19416,1.19582,1.19407,1.19517
2017-12-29 08:00:00,1.19517,1.19887,1.1951,1.19868
2017-12-29 12:00:00,1.19867,1.20107,1.19818,1.2009
2017-12-29 16:00:00,1.20089,1.2025,1.20006,1.20089
2017-12-29 20:00:00,1.2009,1.20103,1.19903,1.19995
2018-01-02 00:00:00,1.20096,1.20229,1.20069,1.20113
2018-01-02 04:00:00,1.20112,1.20377,1.2011,1.20354
2018-01-02 08:00:00,1.20355,1.20809,1.20314,1.20591
2018-01-02 12:00:00,1.2059,1.20685,1.20257,1.20442
2018-01-02 16:00:00,1.20441,1.20588,1.20404,1.20531
2018-01-02 20:00:00,1.20532,1.20653,1.20508,1.20608
2018-01-03 00:00:00,1.2061,1.20633,1.20411,1.20459
2018-01-03 04:00:00,1.20458,1.20602,1.20338,1.20389
2018-01-03 08:00:00,1.20389,1.20432,1.201,1.20144
2018-01-03 12:00:00,1.20143,1.2034,1.20026,1.20229
2018-01-03 16:00:00,1.20228,1.20317,1.20001,1.20155
2018-01-03 20:00:00,1.20156,1.20284,1.20059,1.201
2018-01-04 00:00:00,1.20099,1.20182,1.20036,1.20139
2018-01-04 04:00:00,1.20143,1.20377,1.20136,1.20275
2018-01-04 08:00:00,1.20274,1.20653,1.20207,1.20614
2018-01-04 12:00:00,1.20613,1.20884,1.20518,1.2074
2018-01-04 16:00:00,1.20741,1.20799,1.206,1.20712
2018-01-04 20:00:00,1.20713,1.20726,1.20606,1.20658
2018-01-05 00:00:00,1.20656,1.20792,1.20645,1.20742
2018-01-05 04:00:00,1.20743,1.2075,1.20549,1.20565
2018-01-05 08:00:00,1.20564,1.20617,1.20394,1.2052
2018-01-05 12:00:00,1.2052,1.20822,1.20199,1.20357
2018-01-05 16:00:00,1.20358,1.20502,1.20293,1.20466
2018-01-05 20:00:00,1.20465,1.20486,1.20262,1.20266
2018-01-07 20:00:00,1.2025,1.20388,1.20242,1.20365
2018-01-08 00:00:00,1.20362,1.20518,1.20264,1.20318
2018-01-08 04:00:00,1.2032,1.20326,1.1992,1.19925
2018-01-08 08:00:00,1.19922,1.2009,1.19827,1.19853
2018-01-08 12:00:00,1.19852,1.19904,1.19583,1.19747
2018-01-08 16:00:00,1.1975,1.19819,1.19552,1.1962
2018-01-08 20:00:00,1.19621,1.19703,1.19604,1.19694
2018-01-09 00:00:00,1.19695,1.19753,1.19576,1.19713
2018-01-09 04:00:00,1.1971,1.1972,1.195,1.19503
2018-01-09 08:00:00,1.19502,1.19525,1.19201,1.19277
2018-01-09 12:00:00,1.19278,1.19352,1.19152,1.19294
2018-01-09 16:00:00,1.19295,1.19354,1.19156,1.19314
2018-01-09 20:00:00,1.19312,1.19384,1.19271,1.19275
2018-01-10 00:00:00,1.19276,1.1949,1.19272,1.19416
2018-01-10 04:00:00,1.19413,1.19441,1.19226,1.19345
2018-01-10 08:00:00,1.19344,1.20159,1.19309,1.20054
2018-01-10 12:00:00,1.20055,1.20175,1.19727,1.19819
2018-01-10 16:00:00,1.19819,1.19836,1.19393,1.19572
2018-01-10 20:00:00,1.19572,1.19652,1.19444,1.19552
2018-01-11 00:00:00,1.1955,1.19696,1.19444,1.19527
2018-01-11 04:00:00,1.19526,1.19541,1.19286,1.19395
2018-01-11 08:00:00,1.19396,1.19513,1.19283,1.19429
2018-01-11 12:00:00,1.19428,1.20585,1.19352,1.20486
2018-01-11 16:00:00,1.20487,1.2049,1.20294,1.20385
2018-01-11 20:00:00,1.20384,1.20433,1.20268,1.20425
2018-01-12 00:00:00,1.20426,1.20659,1.20406,1.20507
2018-01-12 04:00:00,1.20509,1.20749,1.20391,1.20623
2018-01-12 08:00:00,1.20624,1.21364,1.20512,1.21239
2018-01-12 12:00:00,1.21241,1.21546,1.21078,1.21472
2018-01-12 16:00:00,1.21471,1.21845,1.21216,1.21805
2018-01-12 20:00:00,1.21804,1.22183,1.21759,1.21974
2018-01-14 20:00:00,1.21905,1.22113,1.21897,1.2191
2018-01-15 00:00:00,1.21912,1.22081,1.21872,1.21999
2018-01-15 04:00:00,1.21997,1.22397,1.21952,1.2211
2018-01-15 08:00:00,1.22109,1.22962,1.22091,1.22549
2018-01-15 12:00:00,1.22548,1.22904,1.22506,1.22592
2018-01-15 16:00:00,1.22593,1.22933,1.22583,1.2268
2018-01-15 20:00:00,1.22684,1.22771,1.22601,1.22657
2018-01-16 00:00:00,1.22659,1.2279,1.2247,1.22572
2018-01-16 04:00:00,1.22572,1.22829,1.22151,1.22461
2018-01-16 08:00:00,1.2246,1.22669,1.22005,1.22148
2018-01-16 12:00:00,1.22147,1.224,1.21942,1.22286
2018-01-16 16:00:00,1.22285,1.22805,1.22247,1.22712
2018-01-16 20:00:00,1.22713,1.22763,1.22528,1.227
2018-01-17 00:00:00,1.22695,1.23227,1.22582,1.22665
2018-01-17 04:00:00,1.22664,1.22697,1.22076,1.22167
2018-01-17 08:00:00,1.22168,1.22493,1.22048,1.22061
2018-01-17 12:00:00,1.2206,1.22454,1.21957,1.22419
2018-01-17 16:00:00,1.22415,1.22876,1.22253,1.22373
2018-01-17 20:00:00,1.22373,1.22378,1.21641,1.21795
2018-01-18 00:00:00,1.218,1.22035,1.21728,1.21794
2018-01-18 04:00:00,1.21791,1.22115,1.21781,1.22057
2018-01-18 08:00:00,1.22057,1.22462,1.21952,1.22393
2018-01-18 12:00:00,1.22392,1.22643,1.22267,1.22383
2018-01-18 16:00:00,1.22382,1.22551,1.22189,1.2243
2018-01-18 20:00:00,1.22431,1.22464,1.22254,1.22333
2018-01-19 00:00:00,1.22331,1.22696,1.22311,1.22659
2018-01-19 04:00:00,1.22662,1.22787,1.22508,1.22714
2018-01-19 08:00:00,1.22713,1.22951,1.2255,1.22724
2018-01-19 12:00:00,1.22725,1.22725,1.22173,1.22203
2018-01-19 16:00:00,1.22205,1.22427,1.22189,1.22326
2018-01-19 20:00:00,1.22327,1.22337,1.22141,1.22152
2018-01-21 20:00:00,1.22666,1.22713,1.22327,1.22554
2018-01-22 00:00:00,1.22553,1.22571,1.22238,1.22279
2018-01-22 04:00:00,1.2228,1.22425,1.22129,1.22362
2018-01-22 08:00:00,1.22364,1.22663,1.22342,1.22543
2018-01-22 12:00:00,1.22544,1.22599,1.2233,1.22532
2018-01-22 16:00:00,1.22531,1.22606,1.22231,1.22575
2018-01-22 20:00:00,1.22576,1.22636,1.22536,1.22556
2018-01-23 00:00:00,1.22557,1.2275,1.22499,1.22572
2018-01-23 04:00:00,1.22573,1.22702,1.22378,1.22507
2018-01-23 08:00:00,1.22511,1.22571,1.22223,1.22358
2018-01-23 12:00:00,1.22359,1.23056,1.22337,1.22928
2018-01-23 16:00:00,1.22927,1.22949,1.22701,1.22945
2018-01-23 20:00:00,1.22943,1.23144,1.22878,1.23085
2018-01-24 00:00:00,1.23084,1.23179,1.22892,1.23139
2018-01-24 04:00:00,1.23141,1.2335,1.23022,1.23108
2018-01-24 08:00:00,1.23107,1.23555,1.23106,1.23397
2018-01-24 12:00:00,1.23396,1.2402,1.23303,1.23804
2018-01-24 16:00:00,1.23803,1.24146,1.23761,1.24037
2018-01-24 20:00:00,1.24035,1.24095,1.23895,1.23915
2018-01-25 00:00:00,1.23913,1.24396,1.23838,1.24308
2018-01-25 04:00:00,1.24303,1.24588,1.24084,1.24184
2018-01-25 08:00:00,1.24183,1.2433,1.23884,1.2403
2018-01-25 12:00:00,1.24029,1.25369,1.23962,1.25037
2018-01-25 16:00:00,1.25036,1.25062,1.23631,1.23898
2018-01-25 20:00:00,1.23897,1.24303,1.23682,1.23909
2018-01-26 00:00:00,1.23909,1.24325,1.23859,1.24287
2018-01-26 04:00:00,1.24284,1.24927,1.24122,1.24743
2018-01-26 08:00:00,1.24744,1.24907,1.24292,1.24382
2018-01-26 12:00:00,1.24383,1.24567,1.24122,1.2432
2018-01-26 16:00:00,1.24319,1.24498,1.24064,1.242
2018-01-26 20:00:00,1.242,1.24314,1.24054,1.2428
2018-01-28 20:00:00,1.2425,1.24309,1.24118,1.24306
2018-01-29 00:00:00,1.24301,1.2432,1.23844,1.2415
2018-01-29 04:00:00,1.24152,1.24283,1.23933,1.24018
2018-01-29 08:00:00,1.24018,1.24275,1.23877,1.23927
2018-01-29 12:00:00,1.23925,1.24034,1.23443,1.23557
2018-01-29 16:00:00,1.23555,1.23897,1.2336,1.23878
2018-01-29 20:00:00,1.23877,1.23893,1.23754,1.23799
2018-01-30 00:00:00,1.238,1.23877,1.23594,1.2378
2018-01-30 04:00:00,1.23784,1.23856,1.23458,1.23544
2018-01-30 08:00:00,1.23542,1.24406,1.23339,1.24388
2018-01-30 12:00:00,1.24387,1.24534,1.24024,1.241
2018-01-30 16:00:00,1.24099,1.24203,1.2383,1.24044
2018-01-30 20:00:00,1.24045,1.24129,1.23928,1.24077
2018-01-31 00:00:00,1.24076,1.2433,1.23978,1.24231
2018-01-31 04:00:00,1.24236,1.2462,1.24146,1.24435
2018-01-31 08:00:00,1.24434,1.24592,1.24244,1.24538
2018-01-31 12:00:00,1.2454,1.24745,1.24448,1.24556
2018-01-31 16:00:00,1.24556,1.24629,1.2386,1.24112
2018-01-31 20:00:00,1.24112,1.24229,1.24015,1.24163
2018-02-01 00:00:00,1.24164,1.24283,1.24048,1.24241
2018-02-01 04:00:00,1.24246,1.24279,1.23842,1.24018
2018-02-01 08:00:00,1.24017,1.24505,1.24008,1.24374
2018-02-01 12:00:00,1.24374,1.24738,1.24309,1.2469
2018-02-01 16:00:00,1.24688,1.25061,1.24612,1.25024
2018-02-01 20:00:00,1.25023,1.25223,1.25003,1.25097
2018-02-02 00:00:00,1.25098,1.25145,1.24877,1.24991
2018-02-02 04:00:00,1.2499,1.25137,1.2486,1.25094
2018-02-02 08:00:00,1.25094,1.25175,1.24751,1.24894
2018-02-02 12:00:00,1.24897,1.24962,1.24081,1.24347
2018-02-02 16:00:00,1.24348,1.24899,1.24346,1.24501
2018-02-02 20:00:00,1.245,1.24641,1.24487,1.24532
2018-02-04 20:00:00,1.2434,1.2454,1.24232,1.24459
2018-02-05 00:00:00,1.24457,1.24659,1.2439,1.24541
2018-02-05 04:00:00,1.24545,1.24636,1.24354,1.24396
2018-02-05 08:00:00,1.24395,1.24744,1.24356,1.24474
2018-02-05 12:00:00,1.24473,1.24496,1.23973,1.24197
2018-02-05 16:00:00,1.24196,1.24294,1.23932,1.23977
2018-02-05 20:00:00,1.23978,1.24201,1.23618,1.23666
2018-02-06 00:00:00,1.23666,1.23879,1.2354,1.23666
2018-02-06 04:00:00,1.23668,1.24041,1.23502,1.23952
2018-02-06 08:00:00,1.2395,1.24339,1.23707,1.23724
2018-02-06 12:00:00,1.23723,1.23725,1.23129,1.23436
2018-02-06 16:00:00,1.23433,1.24044,1.23408,1.23909
2018-02-06 20:00:00,1.23907,1.23954,1.23692,1.23798
2018-02-07 00:00:00,1.23796,1.23929,1.23748,1.23846
2018-02-07 04:00:00,1.23847,1.24054,1.23764,1.23824
2018-02-07 08:00:00,1.23824,1.23881,1.23367,1.23494
2018-02-07 12:00:00,1.23492,1.23501,1.22843,1.22927
2018-02-07 16:00:00,1.22927,1.23043,1.22452,1.22763
2018-02-07 20:00:00,1.22763,1.22794,1.22478,1.22693
2018-02-08 00:00:00,1.22688,1.22862,1.22645,1.22744
2018-02-08 04:00:00,1.22743,1.22941,1.22535,1.22671
2018-02-08 08:00:00,1.22669,1.22703,1.22246,1.22328
2018-02-08 12:00:00,1.22329,1.22944,1.22112,1.22593
2018-02-08 16:00:00,1.22594,1.22724,1.22313,1.22632
2018-02-08 20:00:00,1.22636,1.22649,1.2241,1.22604
2018-02-09 00:00:00,1.22605,1.22629,1.22391,1.22569
2018-02-09 04:00:00,1.22569,1.22866,1.22472,1.22836
2018-02-09 08:00:00,1.22834,1.22835,1.22326,1.22399
2018-02-09 12:00:00,1.22397,1.22791,1.22264,1.22479
2018-02-09 16:00:00,1.22477,1.22483,1.22047,1.22308
2018-02-09 20:00:00,1.22309,1.22544,1.22285,1.22485
2018-02-11 20:00:00,1.22464,1.22522,1.22388,1.22517
2018-02-12 00:00:00,1.22518,1.22893,1.22508,1.22862
2018-02-12 04:00:00,1.22864,1.22967,1.22684,1.22688
2018-02-12 08:00:00,1.22687,1.22822,1.22579,1.22692
2018-02-12 12:00:00,1.22695,1.22795,1.22342,1.22759
2018-02-12 16:00:00,1.22758,1.22895,1.22599,1.22822
2018-02-12 20:00:00,1.22827,1.2307,1.22808,1.23002
2018-02-13 00:00:00,1.23003,1.23006,1.22836,1.22914
2018-02-13 04:00:00,1.22915,1.23312,1.22911,1.23156
2018-02-13 08:00:00,1.23155,1.23509,1.23091,1.23383
2018-02-13 12:00:00,1.23384,1.23708,1.23259,1.23572
2018-02-13 16:00:00,1.23573,1.23679,1.23437,1.23542
2018-02-13 20:00:00,1.23543,1.23654,1.2345,1.2353
2018-02-14 00:00:00,1.23528,1.23917,1.23504,1.23889
2018-02-14 04:00:00,1.23887,1.23918,1.23633,1.23724
2018-02-14 08:00:00,1.23725,1.23855,1.2341,1.23415
2018-02-14 12:00:00,1.23414,1.24064,1.22752,1.24026
2018-02-14 16:00:00,1.24027,1.24418,1.23838,1.24364
2018-02-14 20:00:00,1.24363,1.24692,1.24332,1.24676
2018-02-15 00:00:00,1.24675,1.24727,1.24474,1.2459
2018-02-15 04:00:00,1.2459,1.25096,1.24536,1.24999
2018-02-15 08:00:00,1.24999,1.25039,1.24639,1.24712
2018-02-15 12:00:00,1.24714,1.25049,1.24605,1.24769
2018-02-15 16:00:00,1.2477,1.25076,1.24565,1.25075
2018-02-15 20:00:00,1.25074,1.25086,1.24948,1.25019
2018-02-16 00:00:00,1.2502,1.25449,1.24967,1.25391
2018-02-16 04:00:00,1.2539,1.2555,1.25259,1.25284
2018-02-16 08:00:00,1.25284,1.25414,1.24738,1.24818
2018-02-16 12:00:00,1.24819,1.24839,1.24274,1.24473
2018-02-16 16:00:00,1.24473,1.24594,1.23927,1.24152
2018-02-16 20:00:00,1.24151,1.24156,1.24031,1.24069
2018-02-18 20:00:00,1.23997,1.24199,1.23992,1.24115
2018-02-19 00:00:00,1.24116,1.24347,1.24101,1.24205
2018-02-19 04:00:00,1.24206,1.24235,1.23866,1.24114
2018-02-19 08:00:00,1.24114,1.24265,1.23937,1.2423
2018-02-19 12:00:00,1.24233,1.24259,1.23682,1.2396
2018-02-19 16:00:00,1.23959,1.24152,1.23911,1.24068
2018-02-19 20:00:00,1.24071,1.24114,1.23935,1.24
2018-02-20 00:00:00,1.23998,1.24103,1.23788,1.23849
2018-02-20 04:00:00,1.23849,1.23957,1.23556,1.23595
2018-02-20 08:00:00,1.23594,1.23726,1.23325,1.23476
2018-02-20 12:00:00,1.23476,1.23615,1.23189,1.23399
2018-02-20 16:00:00,1.234,1.23574,1.23248,1.23348
2018-02-20 20:00:00,1.23347,1.23396,1.23276,1.23345
2018-02-21 00:00:00,1.23343,1.23441,1.23229,1.23299
2018-02-21 04:00:00,1.23298,1.23394,1.23098,1.23151
2018-02-21 08:00:00,1.23149,1.23356,1.23069,1.23154
2018-02-21 12:00:00,1.23155,1.23354,1.22994,1.23188
2018-02-21 16:00:00,1.23187,1.23595,1.22981,1.23018
2018-02-21 20:00:00,1.23015,1.23017,1.22715,1.22796
2018-02-22 00:00:00,1.22794,1.2284,1.22646,1.22763
2018-02-22 04:00:00,1.22762,1.228,1.22589,1.22728
2018-02-22 08:00:00,1.22726,1.22983,1.22643,1.22856
2018-02-22 12:00:00,1.22855,1.23517,1.22637,1.2321
2018-02-22 16:00:00,1.23209,1.23435,1.23133,1.23303
2018-02-22 20:00:00,1.23303,1.23366,1.23186,1.23248
2018-02-23 00:00:00,1.2325,1.23311,1.23009,1.23064
2018-02-23 04:00:00,1.23068,1.23095,1.22793,1.22944
2018-02-23 08:00:00,1.22943,1.23205,1.22873,1.2306
2018-02-23 12:00:00,1.23058,1.23176,1.22865,1.22987
2018-02-23 16:00:00,1.22987,1.23072,1.22845,1.22952
2018-02-23 20:00:00,1.22953,1.23048,1.22868,1.22916
2018-02-25 20:00:00,1.22909,1.22942,1.228,1.22879
2018-02-26 00:00:00,1.2288,1.23183,1.22796,1.23099
2018-02-26 04:00:00,1.231,1.2334,1.23064,1.23194
2018-02-26 08:00:00,1.23192,1.23546,1.23149,1.2335
2018-02-26 12:00:00,1.23347,1.2337,1.22773,1.22894
2018-02-26 16:00:00,1.22895,1.23168,1.22856,1.23112
2018-02-26 20:00:00,1.23111,1.23195,1.23072,1.23144
2018-02-27 00:00:00,1.23143,1.23422,1.23133,1.23232
2018-02-27 04:00:00,1.23234,1.23441,1.2319,1.23405
2018-02-27 08:00:00,1.23404,1.23459,1.23122,1.23166
2018-02-27 12:00:00,1.23168,1.23203,1.22207,1.22386
2018-02-27 16:00:00,1.22384,1.22544,1.22251,1.22355
2018-02-27 20:00:00,1.22354,1.22398,1.22249,1.22253
2018-02-28 00:00:00,1.22257,1.22371,1.22145,1.22227
2018-02-28 04:00:00,1.22228,1.22413,1.22171,1.22229
2018-02-28 08:00:00,1.22229,1.22298,1.21978,1.22178
2018-02-28 12:00:00,1.22178,1.2228,1.21867,1.21956
2018-02-28 16:00:00,1.21955,1.22218,1.21923,1.2203
2018-02-28 20:00:00,1.22028,1.22041,1.21888,1.21907
2018-03-01 00:00:00,1.21906,1.21981,1.21824,1.21948
2018-03-01 04:00:00,1.21949,1.22125,1.21867,1.21999
2018-03-01 08:00:00,1.21999,1.22055,1.21789,1.21845
2018-03-01 12:00:00,1.21844,1.22052,1.21534,1.21761
2018-03-01 16:00:00,1.21761,1.22581,1.21712,1.22549
2018-03-01 20:00:00,1.22548,1.2274,1.22518,1.22704
2018-03-02 00:00:00,1.22702,1.22809,1.22609,1.22796
2018-03-02 04:00:00,1.22797,1.22873,1.22508,1.2263
2018-03-02 08:00:00,1.22628,1.23218,1.22536,1.23032
2018-03-02 12:00:00,1.23031,1.23325,1.22933,1.23083
2018-03-02 16:00:00,1.23084,1.23307,1.23036,1.233
2018-03-02 20:00:00,1.23301,1.23353,1.23143,1.23152
2018-03-04 20:00:00,1.23322,1.2364,1.22985,1.23168
2018-03-05 00:00:00,1.23167,1.23373,1.23156,1.23264
2018-03-05 04:00:00,1.23263,1.23272,1.22685,1.22837
2018-03-05 08:00:00,1.22836,1.2334,1.22816,1.23014
2018-03-05 12:00:00,1.23015,1.23293,1.2283,1.23269
2018-03-05 16:00:00,1.2327,1.23482,1.23195,1.23246
2018-03-05 20:00:00,1.23247,1.23388,1.23217,1.2336
2018-03-06 00:00:00,1.23362,1.23625,1.23342,1.23489
2018-03-06 04:00:00,1.23492,1.23551,1.23273,1.23326
2018-03-06 08:00:00,1.23327,1.23998,1.23293,1.23966
2018-03-06 12:00:00,1.23967,1.24136,1.23855,1.23975
2018-03-06 16:00:00,1.23975,1.24196,1.23879,1.24047
2018-03-06 20:00:00,1.24048,1.24284,1.23988,1.24151
2018-03-07 00:00:00,1.24149,1.24259,1.24095,1.24186
2018-03-07 04:00:00,1.24185,1.24333,1.24063,1.24081
2018-03-07 08:00:00,1.2408,1.24438,1.24031,1.24068
2018-03-07 12:00:00,1.24067,1.24241,1.23871,1.24022
2018-03-07 16:00:00,1.24021,1.24138,1.23836,1.24044
2018-03-07 20:00:00,1.24043,1.24154,1.24015,1.24115
2018-03-08 00:00:00,1.24114,1.24146,1.2395,1.24065
2018-03-08 04:00:00,1.24066,1.24126,1.23928,1.24113
2018-03-08 08:00:00,1.24113,1.24144,1.23679,1.23776
2018-03-08 12:00:00,1.23775,1.24456,1.23238,1.23274
2018-03-08 16:00:00,1.23275,1.23364,1.22973,1.23041
2018-03-08 20:00:00,1.23042,1.23172,1.23009,1.2306
2018-03-09 00:00:00,1.23064,1.23156,1.22943,1.231
2018-03-09 04:00:00,1.23099,1.23212,1.2307,1.23175
2018-03-09 08:00:00,1.23174,1.23205,1.22895,1.2298
2018-03-09 12:00:00,1.22977,1.23335,1.22723,1.23184
2018-03-09 16:00:00,1.23184,1.23298,1.23101,1.23142
2018-03-09 20:00:00,1.23143,1.23167,1.23017,1.23028
2018-03-11 20:00:00,1.2311,1.2313,1.2305,1.2308
2018-03-12 00:00:00,1.23082,1.23229,1.23051,1.23224
2018-03-12 04:00:00,1.2322,1.23403,1.23141,1.23369
2018-03-12 08:00:00,1.23367,1.23391,1.22898,1.22917
2018-03-12 12:00:00,1.2292,1.23256,1.22899,1.23174
2018-03-12 16:00:00,1.23173,1.23449,1.23099,1.23387
2018-03-12 20:00:00,1.23387,1.23404,1.23322,1.23382
2018-03-13 00:00:00,1.2338,1.2345,1.23301,1.23317
2018-03-13 04:00:00,1.23317,1.23351,1.23165,1.23192
2018-03-13 08:00:00,1.2319,1.23506,1.23138,1.23366
2018-03-13 12:00:00,1.23365,1.24004,1.23316,1.23972
2018-03-13 16:00:00,1.2397,1.24069,1.23833,1.23848
2018-03-13 20:00:00,1.23846,1.23954,1.23835,1.2392
2018-03-14 00:00:00,1.2392,1.24113,1.23877,1.24038
2018-03-14 04:00:00,1.24042,1.24123,1.2385,1.23885
2018-03-14 08:00:00,1.23885,1.24009,1.23606,1.238
2018-03-14 12:00:00,1.23801,1.23967,1.23463,1.23612
2018-03-14 16:00:00,1.23611,1.23782,1.23572,1.237
2018-03-14 20:00:00,1.23699,1.23758,1.23631,1.23737
2018-03-15 00:00:00,1.23738,1.23832,1.23704,1.23793
2018-03-15 04:00:00,1.23794,1.23826,1.2361,1.23681
2018-03-15 08:00:00,1.23683,1.23716,1.23451,1.23477
2018-03-15 12:00:00,1.23475,1.23554,1.2318,1.23191
2018-03-15 16:00:00,1.2319,1.23346,1.22994,1.23007
2018-03-15 20:00:00,1.23005,1.23071,1.22994,1.23056
2018-03-16 00:00:00,1.23051,1.23105,1.22941,1.23074
2018-03-16 04:00:00,1.23073,1.23243,1.23066,1.23174
2018-03-16 08:00:00,1.23173,1.23356,1.23057,1.23278
2018-03-16 12:00:00,1.23277,1.23291,1.22597,1.22792
2018-03-16 16:00:00,1.22793,1.2295,1.22764,1.22856
2018-03-16 20:00:00,1.22855,1.22902,1.22829,1.22861
2018-03-18 20:00:00,1.22833,1.22913,1.2279,1.22802
2018-03-19 00:00:00,1.22801,1.22802,1.22642,1.22712
2018-03-19 04:00:00,1.22711,1.22742,1.22573,1.22663
2018-03-19 08:00:00,1.22663,1.23014,1.22617,1.22854
2018-03-19 12:00:00,1.22855,1.23326,1.22849,1.23272
2018-03-19 16:00:00,1.23273,1.23579,1.23196,1.23396
2018-03-19 20:00:00,1.23396,1.23428,1.23314,1.23357
2018-03-20 00:00:00,1.23356,1.235,1.23332,1.23447
2018-03-20 04:00:00,1.23445,1.23542,1.23336,1.23488
2018-03-20 08:00:00,1.23487,1.2349,1.22958,1.22958
2018-03-20 12:00:00,1.22958,1.2296,1.22621,1.22699
2018-03-20 16:00:00,1.22699,1.22768,1.22447,1.22458
2018-03-20 20:00:00,1.22458,1.22483,1.22387,1.22472
2018-03-21 00:00:00,1.22469,1.22663,1.22457,1.22626
2018-03-21 04:00:00,1.22625,1.22814,1.22593,1.2278
2018-03-21 08:00:00,1.22779,1.22902,1.22636,1.22741
2018-03-21 12:00:00,1.22742,1.22954,1.22654,1.22679
2018-03-21 16:00:00,1.22679,1.23474,1.22501,1.23448
2018-03-21 20:00:00,1.23447,1.23495,1.23355,1.23456
2018-03-22 00:00:00,1.23455,1.23688,1.23436,1.2363
2018-03-22 04:00:00,1.23628,1.23879,1.23413,1.23723
2018-03-22 08:00:00,1.23723,1.23742,1.23071,1.23231
2018-03-22 12:00:00,1.23232,1.23312,1.22952,1.23096
2018-03-22 16:00:00,1.23095,1.23219,1.22846,1.23174
2018-03-22 20:00:00,1.23178,1.23284,1.22969,1.23233
2018-03-23 00:00:00,1.23231,1.23408,1.23186,1.23336
2018-03-23 04:00:00,1.23336,1.23481,1.23162,1.23214
2018-03-23 08:00:00,1.23213,1.23456,1.23192,1.2344
2018-03-23 12:00:00,1.23437,1.23622,1.23221,1.2358
2018-03-23 16:00:00,1.23583,1.2373,1.23485,1.23648
2018-03-23 20:00:00,1.23648,1.23657,1.23498,1.23509
2018-03-25 20:00:00,1.2347,1.23667,1.2347,1.23536
2018-03-26 00:00:00,1.23534,1.23805,1.23511,1.23724
2018-03-26 04:00:00,1.23724,1.2393,1.23581,1.23822
2018-03-26 08:00:00,1.23824,1.24164,1.23735,1.24064
2018-03-26 12:00:00,1.24065,1.24486,1.23973,1.24398
2018-03-26 16:00:00,1.24398,1.24613,1.24362,1.24515
2018-03-26 20:00:00,1.24514,1.2457,1.2443,1.24565
2018-03-27 00:00:00,1.24564,1.24564,1.24416,1.2451
2018-03-27 04:00:00,1.2451,1.24759,1.24422,1.24649
2018-03-27 08:00:00,1.2465,1.24655,1.23889,1.23909
2018-03-27 12:00:00,1.23908,1.24127,1.23711,1.2408
2018-03-27 16:00:00,1.24079,1.24151,1.23939,1.23959
2018-03-27 20:00:00,1.23958,1.24085,1.23953,1.24081
2018-03-28 00:00:00,1.2408,1.24213,1.24057,1.24206
2018-03-28 04:00:00,1.24205,1.24206,1.2376,1.23979
2018-03-28 08:00:00,1.2398,1.24082,1.23829,1.24033
2018-03-28 12:00:00,1.24031,1.24079,1.23341,1.23493
2018-03-28 16:00:00,1.23491,1.23523,1.22991,1.23002
2018-03-28 20:00:00,1.23004,1.23128,1.23,1.23116
2018-03-29 00:00:00,1.23115,1.23276,1.23006,1.23272
2018-03-29 04:00:00,1.23266,1.23346,1.22945,1.23077
2018-03-29 08:00:00,1.23075,1.23344,1.22971,1.23176
2018-03-29 12:00:00,1.23175,1.23354,1.22831,1.22875
2018-03-29 16:00:00,1.22874,1.23098,1.22851,1.23044
2018-03-29 20:00:00,1.23044,1.23056,1.22948,1.23011
2018-03-30 00:00:00,1.23009,1.2317,1.22827,1.23131
2018-03-30 04:00:00,1.23132,1.23224,1.23027,1.23224
2018-03-30 08:00:00,1.23226,1.233,1.23214,1.23267
2018-03-30 12:00:00,1.23269,1.23287,1.23062,1.23172
2018-03-30 16:00:00,1.23174,1.23269,1.23116,1.23169
2018-03-30 20:00:00,1.23178,1.23267,1.23143,1.23207
2018-04-01 20:00:00,1.23183,1.23229,1.23115,1.2312
2018-04-02 00:00:00,1.23119,1.23278,1.23103,1.23181
2018-04-02 04:00:00,1.23177,1.23313,1.23108,1.23302
2018-04-02 08:00:00,1.23304,1.23417,1.2326,1.2341
2018-04-02 12:00:00,1.23411,1.23445,1.2281,1.2287
2018-04-02 16:00:00,1.22871,1.23065,1.22849,1.23052
2018-04-02 20:00:00,1.23047,1.23054,1.22903,1.22927
2018-04-03 00:00:00,1.22926,1.23111,1.22914,1.23048
2018-04-03 04:00:00,1.23049,1.23351,1.23026,1.23233
2018-04-03 08:00:00,1.23227,1.23303,1.22855,1.23011
2018-04-03 12:00:00,1.23012,1.23147,1.22528,1.22602
2018-04-03 16:00:00,1.22603,1.22738,1.22571,1.22634
2018-04-03 20:00:00,1.22633,1.22778,1.22624,1.22773
2018-04-04 00:00:00,1.22776,1.22863,1.22717,1.22814
2018-04-04 04:00:00,1.22813,1.22946,1.22563,1.22938
2018-04-04 08:00:00,1.2294,1.23141,1.22751,1.22878
2018-04-04 12:00:00,1.22879,1.23094,1.22693,1.22903
2018-04-04 16:00:00,1.22904,1.22973,1.22734,1.22819
2018-04-04 20:00:00,1.22818,1.22867,1.22757,1.22867
2018-04-05 00:00:00,1.22868,1.22895,1.2276,1.22844
2018-04-05 04:00:00,1.22841,1.2285,1.22482,1.2257
2018-04-05 08:00:00,1.22574,1.22833,1.22519,1.2255
2018-04-05 12:00:00,1.22551,1.22679,1.22176,1.22282
2018-04-05 16:00:00,1.22281,1.22429,1.22238,1.22345
2018-04-05 20:00:00,1.22344,1.2254,1.22332,1.22477
2018-04-06 00:00:00,1.22477,1.22596,1.22406,1.22413
2018-04-06 04:00:00,1.22414,1.22422,1.22139,1.22263
2018-04-06 08:00:00,1.22262,1.2247,1.2221,1.22316
2018-04-06 12:00:00,1.22316,1.22796,1.22186,1.22736
2018-04-06 16:00:00,1.22735,1.22901,1.22659,1.22847
2018-04-06 20:00:00,1.22846,1.22862,1.22761,1.22785
2018-04-08 20:00:00,1.2283,1.2283,1.22647,1.22706
2018-04-09 00:00:00,1.22707,1.22768,1.2265,1.22718
2018-04-09 04:00:00,1.22719,1.22861,1.22597,1.22817
2018-04-09 08:00:00,1.22818,1.22852,1.22617,1.22829
2018-04-09 12:00:00,1.22831,1.23301,1.22816,1.23183
2018-04-09 16:00:00,1.23184,1.23268,1.23103,1.23223
2018-04-09 20:00:00,1.23221,1.23262,1.23159,1.23197
2018-04-10 00:00:00,1.23196,1.23286,1.23059,1.23145
2018-04-10 04:00:00,1.23146,1.23346,1.23021,1.23297
2018-04-10 08:00:00,1.23295,1.23772,1.23116,1.23592
2018-04-10 12:00:00,1.23592,1.23677,1.23231,1.23368
2018-04-10 16:00:00,1.23366,1.23609,1.23359,1.23534
2018-04-10 20:00:00,1.23534,1.23645,1.23479,1.23623
2018-04-11 00:00:00,1.23621,1.23646,1.23518,1.23622
2018-04-11 04:00:00,1.23619,1.23869,1.23598,1.2376
2018-04-11 08:00:00,1.23759,1.2388,1.23614,1.23748
2018-04-11 12:00:00,1.23746,1.23954,1.23676,1.23831
2018-04-11 16:00:00,1.23832,1.23845,1.23461,1.23608
2018-04-11 20:00:00,1.23608,1.23717,1.23597,1.23712
2018-04-12 00:00:00,1.23713,1.23794,1.2362,1.23683
2018-04-12 04:00:00,1.23682,1.23735,1.23528,1.23683
2018-04-12 08:00:00,1.23681,1.23727,1.23196,1.23207
2018-04-12 12:00:00,1.23207,1.23269,1.22989,1.23174
2018-04-12 16:00:00,1.23175,1.23391,1.23143,1.23254
2018-04-12 20:00:00,1.23253,1.23311,1.23208,1.2329
2018-04-13 00:00:00,1.23289,1.23329,1.23206,1.23292
2018-04-13 04:00:00,1.23293,1.23431,1.23167,1.23405
2018-04-13 08:00:00,1.23404,1.23455,1.23067,1.23116
2018-04-13 12:00:00,1.23115,1.2333,1.23084,1.23204
2018-04-13 16:00:00,1.23205,1.23436,1.23189,1.23364
2018-04-13 20:00:00,1.23363,1.23398,1.2325,1.23276
2018-04-15 20:00:00,1.23311,1.23366,1.23211,1.23308
2018-04-16 00:00:00,1.23307,1.23419,1.23301,1.23377
2018-04-16 04:00:00,1.23376,1.23592,1.23236,1.2356
2018-04-16 08:00:00,1.23561,1.23732,1.23524,1.23691
2018-04-16 12:00:00,1.2369,1.23937,1.23578,1.23723
2018-04-16 16:00:00,1.23724,1.2385,1.23685,1.23754
2018-04-16 20:00:00,1.23756,1.2385,1.23748,1.23835
2018-04-17 00:00:00,1.23834,1.23876,1.23753,1.2381
2018-04-17 04:00:00,1.2381,1.24134,1.238,1.24019
2018-04-17 08:00:00,1.24017,1.24025,1.23611,1.23671
2018-04-17 12:00:00,1.2367,1.23673,1.23351,1.23444
2018-04-17 16:00:00,1.23445,1.23723,1.23372,1.23717
2018-04-17 20:00:00,1.23716,1.23757,1.23642,1.23719
2018-04-18 00:00:00,1.23721,1.23816,1.23632,1.2381
2018-04-18 04:00:00,1.23811,1.23811,1.23478,1.23637
2018-04-18 08:00:00,1.23638,1.23924,1.23408,1.23825
2018-04-18 12:00:00,1.23824,1.23969,1.23703,1.2379
2018-04-18 16:00:00,1.23791,1.23926,1.23711,1.23744
2018-04-18 20:00:00,1.23747,1.23834,1.23715,1.23779
2018-04-19 00:00:00,1.23781,1.23851,1.2364,1.23776
2018-04-19 04:00:00,1.23777,1.23997,1.23667,1.23877
2018-04-19 08:00:00,1.23875,1.23888,1.23534,1.23807
2018-04-19 12:00:00,1.23806,1.23852,1.23285,1.23353
2018-04-19 16:00:00,1.23354,1.2358,1.23322,1.23478
2018-04-19 20:00:00,1.23477,1.23516,1.23417,1.23423
2018-04-20 00:00:00,1.23422,1.23485,1.23356,1.23405
2018-04-20 04:00:00,1.23406,1.23522,1.23237,1.23244
2018-04-20 08:00:00,1.23245,1.23329,1.22923,1.23039
2018-04-20 12:00:00,1.2304,1.23114,1.22486,1.22812
2018-04-20 16:00:00,1.22814,1.22997,1.22793,1.22811
2018-04-20 20:00:00,1.2281,1.22922,1.22796,1.22841
2018-04-22 20:00:00,1.22699,1.2287,1.22699,1.22729
2018-04-23 00:00:00,1.22728,1.22791,1.22641,1.22709
2018-04-23 04:00:00,1.22708,1.22889,1.22615,1.22632
2018-04-23 08:00:00,1.22634,1.22683,1.22244,1.22354
2018-04-23 12:00:00,1.22355,1.22455,1.22095,1.22143
2018-04-23 16:00:00,1.22145,1.22226,1.21968,1.22069
2018-04-23 20:00:00,1.22068,1.22107,1.22037,1.22086
2018-04-24 00:00:00,1.22085,1.22142,1.21837,1.22127
2018-04-24 04:00:00,1.22126,1.22234,1.21887,1.2195
2018-04-24 08:00:00,1.21951,1.22223,1.21807,1.22203
2018-04-24 12:00:00,1.22204,1.22344,1.21957,1.2227
2018-04-24 16:00:00,1.22271,1.22445,1.22221,1.22325
2018-04-24 20:00:00,1.22326,1.22379,1.22295,1.22368
2018-04-25 00:00:00,1.22362,1.22362,1.22197,1.22227
2018-04-25 04:00:00,1.22226,1.22233,1.21871,1.21875
2018-04-25 08:00:00,1.21874,1.22148,1.21743,1.21766
2018-04-25 12:00:00,1.21767,1.21995,1.21673,1.21758
2018-04-25 16:00:00,1.21758,1.21882,1.21682,1.21707
2018-04-25 20:00:00,1.21706,1.21727,1.21569,1.21698
2018-04-26 00:00:00,1.21699,1.2181,1.21623,1.21769
2018-04-26 04:00:00,1.21765,1.21879,1.21581,1.21651
2018-04-26 08:00:00,1.21652,1.21873,1.21527,1.21569
2018-04-26 12:00:00,1.21568,1.22094,1.20973,1.21127
2018-04-26 16:00:00,1.21127,1.21294,1.20958,1.21043
2018-04-26 20:00:00,1.21042,1.21091,1.2101,1.21075
2018-04-27 00:00:00,1.21075,1.21159,1.2096,1.21145
2018-04-27 04:00:00,1.21141,1.21148,1.20641,1.20755
2018-04-27 08:00:00,1.20755,1.20948,1.20643,1.20656
2018-04-27 12:00:00,1.20653,1.21175,1.20545,1.21071
2018-04-27 16:00:00,1.2107,1.21324,1.20999,1.21298
2018-04-27 20:00:00,1.21299,1.21308,1.21253,1.21275
2018-04-29 20:00:00,1.21209,1.21293,1.21179,1.21221
2018-04-30 00:00:00,1.2122,1.21338,1.21207,1.21243
2018-04-30 04:00:00,1.21246,1.21384,1.21079,1.21183
2018-04-30 08:00:00,1.21182,1.21225,1.20725,1.20768
2018-04-30 12:00:00,1.2077,1.20899,1.20634,1.20731
2018-04-30 16:00:00,1.20728,1.2106,1.20709,1.20756
2018-04-30 20:00:00,1.20753,1.20834,1.20716,1.20812
2018-05-01 00:00:00,1.20812,1.20827,1.20716,1.20749
2018-05-01 04:00:00,1.2075,1.20768,1.20541,1.20571
2018-05-01 08:00:00,1.20571,1.20611,1.20212,1.2025
2018-05-01 12:00:00,1.20251,1.20375,1.19803,1.19991
2018-05-01 16:00:00,1.19992,1.20197,1.19874,1.19928
2018-05-01 20:00:00,1.19928,1.19943,1.19866,1.19903
2018-05-02 00:00:00,1.19904,1.20109,1.19872,1.20047
2018-05-02 04:00:00,1.20044,1.20314,1.19891,1.20157
2018-05-02 08:00:00,1.20155,1.20232,1.19923,1.20014
2018-05-02 12:00:00,1.20016,1.20123,1.19521,1.19666
2018-05-02 16:00:00,1.19666,1.20253,1.19374,1.19396
2018-05-02 20:00:00,1.19394,1.19591,1.1937,1.195
2018-05-03 00:00:00,1.19505,1.19866,1.19467,1.198
2018-05-03 04:00:00,1.19801,1.20085,1.19656,1.20006
2018-05-03 08:00:00,1.20005,1.2007,1.19641,1.19904
2018-05-03 12:00:00,1.19906,1.20007,1.19486,1.19698
2018-05-03 16:00:00,1.19696,1.20041,1.19671,1.19838
2018-05-03 20:00:00,1.19836,1.19911,1.19817,1.19878
2018-05-04 00:00:00,1.19879,1.19951,1.19793,1.19917
2018-05-04 04:00:00,1.1992,1.19935,1.19577,1.19635
2018-05-04 08:00:00,1.19634,1.1977,1.19553,1.1967
2018-05-04 12:00:00,1.19669,1.19938,1.19096,1.19447
2018-05-04 16:00:00,1.19445,1.19655,1.19359,1.19568
2018-05-04 20:00:00,1.19567,1.19653,1.19542,1.1959
2018-05-06 20:00:00,1.19551,1.19635,1.19536,1.19538
2018-05-07 00:00:00,1.19538,1.19777,1.19524,1.19664
2018-05-07 04:00:00,1.19665,1.19669,1.19213,1.19293
2018-05-07 08:00:00,1.19292,1.19358,1.18979,1.18987
2018-05-07 12:00:00,1.18986,1.19282,1.18965,1.19257
2018-05-07 16:00:00,1.19259,1.19373,1.19187,1.19239
2018-05-07 20:00:00,1.19237,1.19348,1.19181,1.19322
2018-05-08 00:00:00,1.19323,1.19381,1.19116,1.19144
2018-05-08 04:00:00,1.19144,1.19327,1.19042,1.19167
2018-05-08 08:00:00,1.19166,1.19167,1.18607,1.18717
2018-05-08 12:00:00,1.18719,1.1874,1.18372,1.18618
2018-05-08 16:00:00,1.18619,1.1886,1.18552,1.18618
2018-05-08 20:00:00,1.18619,1.18681,1.18558,1.18663
2018-05-09 00:00:00,1.18663,1.18693,1.18418,1.18514
2018-05-09 04:00:00,1.18508,1.18558,1.18218,1.18382
2018-05-09 08:00:00,1.18381,1.18885,1.18319,1.18785
2018-05-09 12:00:00,1.18785,1.18967,1.18506,1.1851
2018-05-09 16:00:00,1.18511,1.18678,1.18406,1.18488
2018-05-09 20:00:00,1.18486,1.18554,1.18424,1.18461
2018-05-10 00:00:00,1.1846,1.18703,1.18428,1.18631
2018-05-10 04:00:00,1.1863,1.18788,1.18508,1.18592
2018-05-10 08:00:00,1.18592,1.18902,1.18528,1.18825
2018-05-10 12:00:00,1.18825,1.19462,1.18706,1.18967
2018-05-10 16:00:00,1.18968,1.19333,1.1892,1.19246
2018-05-10 20:00:00,1.19245,1.19258,1.19116,1.19131
2018-05-11 00:00:00,1.19131,1.19243,1.19104,1.19176
2018-05-11 04:00:00,1.19176,1.19192,1.18905,1.19077
2018-05-11 08:00:00,1.19076,1.1948,1.19063,1.19338
2018-05-11 12:00:00,1.19339,1.19675,1.19309,1.19512
2018-05-11 16:00:00,1.19511,1.19592,1.19346,1.19442
2018-05-11 20:00:00,1.19442,1.19449,1.19369,1.19382
2018-05-13 20:00:00,1.19406,1.19552,1.19373,1.19517
2018-05-14 00:00:00,1.19516,1.19682,1.19501,1.19639
2018-05-14 04:00:00,1.1964,1.19833,1.19505,1.19781
2018-05-14 08:00:00,1.19783,1.199,1.19679,1.19839
2018-05-14 12:00:00,1.19841,1.19957,1.19613,1.1975
2018-05-14 16:00:00,1.19751,1.19773,1.19343,1.19378
2018-05-14 20:00:00,1.19379,1.19394,1.19213,1.19305
2018-05-15 00:00:00,1.1931,1.19382,1.19271,1.19322
2018-05-15 04:00:00,1.19322,1.19368,1.19096,1.19228
2018-05-15 08:00:00,1.19227,1.19291,1.1876,1.18783
2018-05-15 12:00:00,1.18781,1.18893,1.18194,1.18634
2018-05-15 16:00:00,1.18635,1.18751,1.18356,1.18421
2018-05-15 20:00:00,1.1842,1.18467,1.18162,1.18199
2018-05-16 00:00:00,1.182,1.18341,1.18149,1.18323
2018-05-16 04:00:00,1.18322,1.18535,1.18241,1.18464
2018-05-16 08:00:00,1.18465,1.18518,1.17658,1.17859
2018-05-16 12:00:00,1.17858,1.18195,1.17626,1.17863
2018-05-16 16:00:00,1.17864,1.18195,1.17807,1.18026
2018-05-16 20:00:00,1.18026,1.18196,1.18006,1.1814
2018-05-17 00:00:00,1.18135,1.1837,1.18059,1.18273
2018-05-17 04:00:00,1.18272,1.18349,1.17915,1.18211
2018-05-17 08:00:00,1.18212,1.18245,1.17753,1.17898
2018-05-17 12:00:00,1.17898,1.18113,1.17841,1.17964
2018-05-17 16:00:00,1.17962,1.18087,1.1792,1.17949
2018-05-17 20:00:00,1.1795,1.1797,1.17894,1.17896
2018-05-18 00:00:00,1.17897,1.18075,1.17881,1.1803
2018-05-18 04:00:00,1.18029,1.18219,1.17998,1.18127
2018-05-18 08:00:00,1.18126,1.18141,1.17719,1.17839
2018-05-18 12:00:00,1.17841,1.17846,1.17488,1.17747
2018-05-18 16:00:00,1.17746,1.17883,1.17645,1.17676
2018-05-18 20:00:00,1.17676,1.17706,1.1764,1.17677
2018-05-20 20:00:00,1.17695,1.17747,1.17596,1.17649
2018-05-21 00:00:00,1.1765,1.1767,1.17434,1.17513
2018-05-21 04:00:00,1.17512,1.1753,1.17198,1.17247
2018-05-21 08:00:00,1.17246,1.17621,1.17159,1.1761
2018-05-21 12:00:00,1.17609,1.17791,1.17423,1.17675
2018-05-21 16:00:00,1.17676,1.17879,1.17636,1.17856
2018-05-21 20:00:00,1.17857,1.17969,1.17841,1.17894
2018-05-22 00:00:00,1.17891,1.17965,1.17783,1.17809
2018-05-22 04:00:00,1.17808,1.18189,1.17559,1.18167
2018-05-22 08:00:00,1.18166,1.18292,1.18028,1.1808
2018-05-22 12:00:00,1.18082,1.18118,1.17681,1.17832
2018-05-22 16:00:00,1.17832,1.17876,1.17705,1.17816
2018-05-22 20:00:00,1.17818,1.17892,1.17746,1.17873
2018-05-23 00:00:00,1.17872,1.17888,1.17494,1.17619
2018-05-23 04:00:00,1.1762,1.17677,1.17013,1.17101
2018-05-23 08:00:00,1.171,1.17473,1.16911,1.16994
2018-05-23 12:00:00,1.16992,1.17191,1.16839,1.16918
2018-05-23 16:00:00,1.1692,1.17097,1.16747,1.17035
2018-05-23 20:00:00,1.17035,1.17131,1.16932,1.17087
2018-05-24 00:00:00,1.17085,1.17122,1.16899,1.17035
2018-05-24 04:00:00,1.17036,1.17326,1.16925,1.17221
2018-05-24 08:00:00,1.1722,1.17451,1.17044,1.1713
2018-05-24 12:00:00,1.17129,1.175,1.17122,1.17284
2018-05-24 16:00:00,1.17286,1.17438,1.17208,1.17236
2018-05-24 20:00:00,1.17235,1.17253,1.17164,1.17219
2018-05-25 00:00:00,1.17218,1.17255,1.17044,1.17086
2018-05-25 04:00:00,1.17084,1.17109,1.16837,1.16886
2018-05-25 08:00:00,1.16886,1.17329,1.16613,1.16681
2018-05-25 12:00:00,1.16682,1.16863,1.16458,1.16647
2018-05-25 16:00:00,1.16646,1.16753,1.16539,1.166
2018-05-25 20:00:00,1.16601,1.16618,1.16438,1.1645
2018-05-27 20:00:00,1.16838,1.16917,1.16745,1.16878
2018-05-28 00:00:00,1.16878,1.17184,1.16836,1.17154
2018-05-28 04:00:00,1.17153,1.17278,1.16874,1.16951
2018-05-28 08:00:00,1.16953,1.16965,1.16343,1.16395
2018-05-28 12:00:00,1.16396,1.16467,1.16066,1.16278
2018-05-28 16:00:00,1.16279,1.16324,1.16217,1.16259
2018-05-28 20:00:00,1.1626,1.16285,1.16172,1.16255
2018-05-29 00:00:00,1.16254,1.16329,1.1613,1.16283
2018-05-29 04:00:00,1.16282,1.16392,1.1565,1.15673
2018-05-29 08:00:00,1.15672,1.1575,1.15091,1.15545
2018-05-29 12:00:00,1.15546,1.15895,1.15412,1.15507
2018-05-29 16:00:00,1.15505,1.15592,1.15187,1.15363
2018-05-29 20:00:00,1.15363,1.15484,1.15317,1.15373
2018-05-30 00:00:00,1.15374,1.1546,1.15178,1.1533
2018-05-30 04:00:00,1.15325,1.16113,1.15287,1.16026
2018-05-30 08:00:00,1.16023,1.16405,1.15806,1.16364
2018-05-30 12:00:00,1.16363,1.16755,1.15937,1.16629
2018-05-30 16:00:00,1.16628,1.1667,1.16445,1.16611
2018-05-30 20:00:00,1.1661,1.16706,1.16583,1.16637
2018-05-31 00:00:00,1.16635,1.16718,1.16473,1.1666
2018-05-31 04:00:00,1.1666,1.17185,1.16581,1.17109
2018-05-31 08:00:00,1.17108,1.17241,1.16723,1.17068
2018-05-31 12:00:00,1.17069,1.17083,1.16402,1.16679
2018-05-31 16:00:00,1.1668,1.16938,1.16567,1.16895
2018-05-31 20:00:00,1.16898,1.17056,1.16857,1.16913
2018-06-01 00:00:00,1.16914,1.16962,1.16763,1.16818
2018-06-01 04:00:00,1.16818,1.17026,1.16645,1.16828
2018-06-01 08:00:00,1.16827,1.17172,1.167,1.16735
2018-06-01 12:00:00,1.16734,1.16876,1.16158,1.16776
2018-06-01 16:00:00,1.16776,1.16795,1.16526,1.1655
2018-06-01 20:00:00,1.16549,1.16652,1.1654,1.16562
2018-06-03 20:00:00,1.16562,1.16681,1.16562,1.16668
2018-06-04 00:00:00,1.16667,1.16962,1.16661,1.16942
2018-06-04 04:00:00,1.16943,1.17141,1.16748,1.16962
2018-06-04 08:00:00,1.16959,1.17378,1.16834,1.17369
2018-06-04 12:00:00,1.1737,1.17443,1.16764,1.16944
2018-06-04 16:00:00,1.16942,1.17019,1.16834,1.16961
2018-06-04 20:00:00,1.1696,1.17008,1.16891,1.17
2018-06-05 00:00:00,1.16999,1.17031,1.16859,1.16898
2018-06-05 04:00:00,1.16896,1.17079,1.16824,1.1695
2018-06-05 08:00:00,1.16951,1.17163,1.16753,1.16817
2018-06-05 12:00:00,1.16815,1.16875,1.16518,1.16712
2018-06-05 16:00:00,1.16713,1.17317,1.16677,1.17135
2018-06-05 20:00:00,1.17134,1.17317,1.17099,1.1726
2018-06-06 00:00:00,1.17261,1.17341,1.17157,1.17258
2018-06-06 04:00:00,1.17259,1.17664,1.17132,1.17599
2018-06-06 08:00:00,1.17598,1.17792,1.17377,1.17704
2018-06-06 12:00:00,1.17704,1.17952,1.17611,1.17768
2018-06-06 16:00:00,1.17769,1.17831,1.17601,1.17704
2018-06-06 20:00:00,1.177,1.17836,1.17691,1.17805
2018-06-07 00:00:00,1.17803,1.17992,1.17799,1.17863
2018-06-07 04:00:00,1.17862,1.18378,1.17843,1.18268
2018-06-07 08:00:00,1.18267,1.18386,1.18127,1.1829
2018-06-07 12:00:00,1.18289,1.18396,1.18051,1.18141
2018-06-07 16:00:00,1.18141,1.18225,1.1797,1.17981
2018-06-07 20:00:00,1.1798,1.18026,1.17912,1.17929
2018-06-08 00:00:00,1.17929,1.18099,1.17908,1.17978
2018-06-10 20:00:00,1.17722,1.17857,1.17702,1.1784
2018-06-11 00:00:00,1.17838,1.18073,1.17789,1.17924
2018-06-11 04:00:00,1.17924,1.18202,1.1788,1.18017
2018-06-11 08:00:00,1.18015,1.18133,1.17776,1.17832
2018-06-11 12:00:00,1.17833,1.18137,1.17746,1.18014
2018-06-11 16:00:00,1.18014,1.18019,1.17798,1.17847
2018-06-11 20:00:00,1.17848,1.17859,1.17703,1.17723
2018-06-12 00:00:00,1.17724,1.17727,1.17404,1.17638
2018-06-12 04:00:00,1.1764,1.18034,1.17555,1.17936
2018-06-12 08:00:00,1.17937,1.18088,1.17755,1.17931
2018-06-12 12:00:00,1.1793,1.18005,1.17717,1.17901
2018-06-12 16:00:00,1.179,1.17925,1.17326,1.17506
2018-06-12 20:00:00,1.17504,1.17507,1.174,1.17472
2018-06-13 00:00:00,1.17473,1.1752,1.1739,1.17443
2018-06-13 04:00:00,1.17443,1.17533,1.17292,1.17454
2018-06-13 08:00:00,1.17455,1.17699,1.17322,1.17554
2018-06-13 12:00:00,1.17553,1.17878,1.1755,1.1782
2018-06-13 16:00:00,1.17821,1.18008,1.17243,1.17897
2018-06-13 20:00:00,1.17896,1.18045,1.17848,1.18026
2018-06-14 00:00:00,1.18021,1.1803,1.17886,1.1801
2018-06-14 04:00:00,1.18007,1.1819,1.1797,1.1817
2018-06-14 08:00:00,1.18171,1.18504,1.1738,1.1738
2018-06-14 12:00:00,1.17376,1.17435,1.16183,1.16318
2018-06-14 16:00:00,1.16318,1.16453,1.15828,1.15856
2018-06-14 20:00:00,1.15857,1.15905,1.15599,1.15625
2018-06-15 00:00:00,1.15625,1.15697,1.15544,1.15631
2018-06-15 04:00:00,1.15631,1.15921,1.15424,1.15891
2018-06-15 08:00:00,1.15891,1.16145,1.15582,1.15877
2018-06-15 12:00:00,1.15878,1.16264,1.15838,1.16147
2018-06-15 16:00:00,1.16146,1.16175,1.15993,1.16111
2018-06-15 20:00:00,1.16109,1.16109,1.16039,1.16059
2018-06-17 20:00:00,1.15854,1.16011,1.15852,1.15921
2018-06-18 00:00:00,1.1592,1.15944,1.15753,1.15901
2018-06-18 04:00:00,1.159,1.15981,1.15645,1.15716
2018-06-18 08:00:00,1.15717,1.16238,1.15692,1.16102
2018-06-18 12:00:00,1.16105,1.162,1.15944,1.16048
2018-06-18 16:00:00,1.16049,1.16211,1.16007,1.1616
2018-06-18 20:00:00,1.16156,1.16403,1.16142,1.16284
2018-06-19 00:00:00,1.16288,1.16438,1.1625,1.16397
2018-06-19 04:00:00,1.16399,1.16399,1.15705,1.15796
2018-06-19 08:00:00,1.15796,1.15969,1.15297,1.15445
2018-06-19 12:00:00,1.15445,1.15863,1.15328,1.15773
2018-06-19 16:00:00,1.15774,1.15873,1.15647,1.15801
2018-06-19 20:00:00,1.158,1.15949,1.15792,1.15876
2018-06-20 00:00:00,1.15876,1.15887,1.15706,1.15739
2018-06-20 04:00:00,1.15738,1.15925,1.1562,1.15763
2018-06-20 08:00:00,1.15761,1.15761,1.15342,1.15739
2018-06-20 12:00:00,1.1574,1.15997,1.15656,1.15907
2018-06-20 16:00:00,1.15908,1.1595,1.15771,1.15805
2018-06-20 20:00:00,1.15804,1.15836,1.15688,1.15765
2018-06-21 00:00:00,1.15762,1.15795,1.15566,1.15634
2018-06-21 04:00:00,1.15634,1.15662,1.15344,1.15639
2018-06-21 08:00:00,1.15638,1.15674,1.15068,1.15426
2018-06-21 12:00:00,1.15425,1.16333,1.15311,1.1599
2018-06-21 16:00:00,1.15989,1.1628,1.15945,1.16111
2018-06-21 20:00:00,1.1611,1.16132,1.15969,1.16038
2018-06-22 00:00:00,1.1604,1.16173,1.1594,1.16126
2018-06-22 04:00:00,1.16126,1.16732,1.1603,1.16505
2018-06-22 08:00:00,1.16497,1.16743,1.16311,1.1642
2018-06-22 12:00:00,1.16418,1.16659,1.16168,1.16287
2018-06-22 16:00:00,1.16288,1.16667,1.16283,1.16583
2018-06-22 20:00:00,1.16583,1.16628,1.1653,1.1653
2018-06-24 20:00:00,1.16618,1.16724,1.16549,1.16594
2018-06-25 00:00:00,1.16599,1.16608,1.16452,1.16555
2018-06-25 04:00:00,1.16552,1.16564,1.16278,1.16432
2018-06-25 08:00:00,1.16433,1.16928,1.16384,1.16875
2018-06-25 12:00:00,1.16874,1.17008,1.16703,1.16925
2018-06-25 16:00:00,1.16924,1.17125,1.16893,1.1699
2018-06-25 20:00:00,1.16991,1.17059,1.16963,1.17003
2018-06-26 00:00:00,1.17001,1.17198,1.16982,1.17092
2018-06-26 04:00:00,1.17091,1.17187,1.16841,1.16853
2018-06-26 08:00:00,1.16852,1.16878,1.16499,1.16732
2018-06-26 12:00:00,1.1673,1.16839,1.1649,1.1675
2018-06-26 16:00:00,1.16748,1.16758,1.1634,1.16432
2018-06-26 20:00:00,1.16431,1.16518,1.16407,1.16486
2018-06-27 00:00:00,1.16483,1.16639,1.16429,1.16591
2018-06-27 04:00:00,1.16591,1.1672,1.1639,1.16541
2018-06-27 08:00:00,1.1654,1.16568,1.16069,1.16278
2018-06-27 12:00:00,1.16272,1.16298,1.15814,1.15872
2018-06-27 16:00:00,1.15871,1.1591,1.15394,1.15529
2018-06-27 20:00:00,1.15527,1.15634,1.15495,1.15623
2018-06-28 00:00:00,1.15621,1.15724,1.15528,1.15671
2018-06-28 04:00:00,1.15672,1.15693,1.15264,1.15598
2018-06-28 08:00:00,1.15598,1.15972,1.15348,1.15856
2018-06-28 12:00:00,1.15855,1.16,1.15497,1.15813
2018-06-28 16:00:00,1.15815,1.1586,1.15493,1.1564
2018-06-28 20:00:00,1.15639,1.15703,1.15573,1.15627
2018-06-29 00:00:00,1.15625,1.16492,1.15625,1.16346
2018-06-29 04:00:00,1.16346,1.16658,1.1619,1.16219
2018-06-29 08:00:00,1.16218,1.16623,1.1612,1.16493
2018-06-29 12:00:00,1.16494,1.1682,1.16268,1.16757
2018-06-29 16:00:00,1.16756,1.16818,1.16629,1.16769
2018-06-29 20:00:00,1.16767,1.169,1.16747,1.1682
2018-07-01 20:00:00,1.16775,1.16892,1.16592,1.16775
2018-07-02 00:00:00,1.16775,1.16786,1.16508,1.16519
2018-07-02 04:00:00,1.16522,1.16565,1.16253,1.16295
2018-07-02 08:00:00,1.16297,1.16475,1.16258,1.16295
2018-07-02 12:00:00,1.16295,1.16421,1.15906,1.16037
2018-07-02 16:00:00,1.16036,1.1623,1.15993,1.16165
2018-07-02 20:00:00,1.16164,1.1647,1.16154,1.16409
2018-07-03 00:00:00,1.16407,1.1643,1.16195,1.16316
2018-07-03 04:00:00,1.16315,1.167,1.16257,1.16693
2018-07-03 08:00:00,1.16695,1.16726,1.16442,1.1664
2018-07-03 12:00:00,1.16642,1.16663,1.1642,1.16519
2018-07-03 16:00:00,1.16518,1.16623,1.16411,1.16609
2018-07-03 20:00:00,1.16607,1.16631,1.16528,1.16584
2018-07-04 00:00:00,1.16582,1.16782,1.16572,1.16638
2018-07-04 04:00:00,1.16639,1.16814,1.16492,1.16501
2018-07-04 08:00:00,1.16508,1.16543,1.16299,1.1636
2018-07-04 12:00:00,1.16361,1.16495,1.16337,1.16406
2018-07-04 16:00:00,1.16405,1.16745,1.16374,1.16539
2018-07-04 20:00:00,1.16542,1.16628,1.16514,1.16595
2018-07-05 00:00:00,1.16594,1.16672,1.16528,1.16578
2018-07-05 04:00:00,1.1658,1.17104,1.16491,1.16851
2018-07-05 08:00:00,1.16849,1.17084,1.16774,1.17081
2018-07-05 12:00:00,1.17079,1.17196,1.16902,1.1695
2018-07-05 16:00:00,1.16949,1.16986,1.16716,1.1692
2018-07-05 20:00:00,1.16919,1.16957,1.16863,1.16915
2018-07-06 00:00:00,1.16916,1.16968,1.16792,1.16873
2018-07-06 04:00:00,1.16872,1.17264,1.1683,1.17016
2018-07-06 08:00:00,1.17015,1.17194,1.17004,1.17128
2018-07-06 12:00:00,1.17127,1.17672,1.171,1.17361
2018-07-06 16:00:00,1.17362,1.17488,1.17288,1.17417
2018-07-06 20:00:00,1.17415,1.17472,1.17395,1.17439
2018-07-08 20:00:00,1.17412,1.17535,1.17383,1.17508
2018-07-09 00:00:00,1.17507,1.17669,1.17487,1.17626
2018-07-09 04:00:00,1.17625,1.17786,1.17495,1.17688
2018-07-09 08:00:00,1.17692,1.17884,1.17615,1.1782
2018-07-09 12:00:00,1.17817,1.17903,1.17381,1.1744
2018-07-09 16:00:00,1.1744,1.17542,1.17319,1.17458
2018-07-09 20:00:00,1.17457,1.17568,1.17441,1.17551
2018-07-10 00:00:00,1.17549,1.1762,1.17451,1.17473
2018-07-10 04:00:00,1.17473,1.17545,1.17311,1.17449
2018-07-10 08:00:00,1.17449,1.1748,1.16898,1.17043
2018-07-10 12:00:00,1.17042,1.17386,1.16963,1.17288
2018-07-10 16:00:00,1.17287,1.17487,1.17207,1.1746
2018-07-10 20:00:00,1.1746,1.17493,1.17239,1.17276
2018-07-11 00:00:00,1.17275,1.17361,1.17229,1.1729
2018-07-11 04:00:00,1.1729,1.17398,1.17211,1.17328
2018-07-11 08:00:00,1.17327,1.17398,1.16945,1.17063
2018-07-11 12:00:00,1.17062,1.17575,1.17003,1.1722
2018-07-11 16:00:00,1.17221,1.17267,1.16644,1.16692
2018-07-11 20:00:00,1.16693,1.16773,1.16692,1.16742
2018-07-12 00:00:00,1.16744,1.16795,1.16691,1.16759
2018-07-12 04:00:00,1.16756,1.16927,1.16708,1.16839
2018-07-12 08:00:00,1.16838,1.16921,1.16487,1.16526
2018-07-12 12:00:00,1.16525,1.16953,1.16521,1.16904
2018-07-12 16:00:00,1.16904,1.16918,1.16656,1.16735
2018-07-12 20:00:00,1.16734,1.16741,1.16539,1.16637
2018-07-13 00:00:00,1.16636,1.16744,1.16599,1.16613
2018-07-13 04:00:00,1.16612,1.16655,1.16239,1.16305
2018-07-13 08:00:00,1.16303,1.16373,1.16119,1.1626
2018-07-13 12:00:00,1.16259,1.16724,1.16244,1.16659
2018-07-13 16:00:00,1.1666,1.16839,1.16644,1.16808
2018-07-13 20:00:00,1.16808,1.16863,1.16802,1.1683
2018-07-15 20:00:00,1.16879,1.16901,1.16764,1.16778
2018-07-16 00:00:00,1.16775,1.16887,1.16749,1.16831
2018-07-16 04:00:00,1.16832,1.17065,1.16817,1.16906
2018-07-16 08:00:00,1.16905,1.17248,1.16871,1.1715
2018-07-16 12:00:00,1.17151,1.17237,1.17013,1.17106
2018-07-16 16:00:00,1.17106,1.17178,1.16938,1.17103
2018-07-16 20:00:00,1.17104,1.17158,1.17043,1.17081
2018-07-17 00:00:00,1.17082,1.17203,1.17007,1.17185
2018-07-17 04:00:00,1.17189,1.1737,1.17096,1.17271
2018-07-17 08:00:00,1.17273,1.1744,1.17021,1.17048
2018-07-17 12:00:00,1.17049,1.1709,1.16612,1.16616
2018-07-17 16:00:00,1.16618,1.16688,1.16489,1.16638
2018-07-17 20:00:00,1.16637,1.1665,1.16478,1.16525
2018-07-18 00:00:00,1.16529,1.16645,1.16508,1.1651
2018-07-18 04:00:00,1.16511,1.16511,1.16183,1.16231
2018-07-18 08:00:00,1.16229,1.16327,1.16041,1.16074
2018-07-18 12:00:00,1.16074,1.16497,1.16011,1.16443
2018-07-18 16:00:00,1.16445,1.16615,1.1637,1.16422
2018-07-18 20:00:00,1.16421,1.16453,1.16355,1.16441
2018-07-19 00:00:00,1.16441,1.16559,1.16392,1.16515
2018-07-19 04:00:00,1.16514,1.16533,1.16054,1.16076
2018-07-19 08:00:00,1.16075,1.16177,1.15853,1.15997
2018-07-19 12:00:00,1.15996,1.16212,1.15739,1.16026
2018-07-19 16:00:00,1.16026,1.16774,1.16013,1.16359
2018-07-19 20:00:00,1.16359,1.16553,1.16312,1.16541
2018-07-20 00:00:00,1.16543,1.16595,1.16252,1.16494
2018-07-20 04:00:00,1.16493,1.1673,1.16323,1.164
2018-07-20 08:00:00,1.16401,1.16644,1.1637,1.1662
2018-07-20 12:00:00,1.16621,1.17223,1.16602,1.17077
2018-07-20 16:00:00,1.17079,1.17385,1.17006,1.17256
2018-07-20 20:00:00,1.17256,1.17282,1.17162,1.17197
2018-07-22 20:00:00,1.17247,1.17451,1.17215,1.17394
2018-07-23 00:00:00,1.17396,1.17495,1.17322,1.17399
2018-07-23 04:00:00,1.17397,1.17424,1.17136,1.17318
2018-07-23 08:00:00,1.17318,1.1734,1.16858,1.17146
2018-07-23 12:00:00,1.17144,1.17273,1.16929,1.17013
2018-07-23 16:00:00,1.17012,1.17072,1.16829,1.16934
2018-07-23 20:00:00,1.16933,1.16962,1.16837,1.16926
2018-07-24 00:00:00,1.16924,1.17013,1.16832,1.16865
2018-07-24 04:00:00,1.16862,1.17041,1.16538,1.1696
2018-07-24 08:00:00,1.16959,1.17162,1.16774,1.171
2018-07-24 12:00:00,1.17102,1.17164,1.16817,1.16822
2018-07-24 16:00:00,1.16823,1.1689,1.16722,1.16864
2018-07-24 20:00:00,1.16863,1.16873,1.16752,1.16835
2018-07-25 00:00:00,1.16837,1.16975,1.16745,1.16811
2018-07-25 04:00:00,1.1681,1.16991,1.16752,1.16896
2018-07-25 08:00:00,1.16887,1.17048,1.16804,1.16945
2018-07-25 12:00:00,1.16944,1.17114,1.16635,1.16752
2018-07-25 16:00:00,1.16753,1.1738,1.16671,1.17306
2018-07-25 20:00:00,1.17305,1.17385,1.17168,1.17376
2018-07-26 00:00:00,1.17377,1.17432,1.1729,1.17318
2018-07-26 04:00:00,1.17321,1.17427,1.17216,1.17275
2018-07-26 08:00:00,1.17275,1.17277,1.17047,1.17094
2018-07-26 12:00:00,1.17093,1.17304,1.16492,1.16536
2018-07-26 16:00:00,1.16537,1.16663,1.16395,1.16419
2018-07-26 20:00:00,1.16419,1.16474,1.16369,1.16429
2018-07-27 00:00:00,1.16428,1.16549,1.16369,1.16487
2018-07-27 04:00:00,1.16487,1.16574,1.16356,1.16463
2018-07-27 08:00:00,1.16463,1.1647,1.16213,1.1626
2018-07-27 12:00:00,1.16259,1.16616,1.16195,1.16587
2018-07-27 16:00:00,1.16588,1.16638,1.16469,1.16582
2018-07-27 20:00:00,1.16584,1.16608,1.16524,1.16539
2018-07-29 20:00:00,1.16553,1.16602,1.16515,1.16588
2018-07-30 00:00:00,1.16587,1.16646,1.16489,1.1654
2018-07-30 04:00:00,1.16539,1.16737,1.16473,1.16684
2018-07-30 08:00:00,1.16687,1.1692,1.16639,1.1681
2018-07-30 12:00:00,1.16808,1.17182,1.16784,1.17162
2018-07-30 16:00:00,1.17162,1.17176,1.17022,1.17026
2018-07-30 20:00:00,1.17025,1.1709,1.17003,1.17066
2018-07-31 00:00:00,1.1707,1.17104,1.1701,1.17078
2018-07-31 04:00:00,1.17079,1.17308,1.1699,1.17152
2018-07-31 08:00:00,1.17148,1.17433,1.17101,1.17348
2018-07-31 12:00:00,1.17347,1.17455,1.1691,1.17048
2018-07-31 16:00:00,1.17047,1.1708,1.16888,1.16925
2018-07-31 20:00:00,1.16923,1.16983,1.16804,1.16887
2018-08-01 00:00:00,1.16886,1.16919,1.16786,1.16787
2018-08-01 04:00:00,1.16786,1.16936,1.16714,1.16861
2018-08-01 08:00:00,1.16859,1.169,1.16764,1.16855
2018-08-01 12:00:00,1.16854,1.16994,1.16632,1.16645
2018-08-01 16:00:00,1.16646,1.16772,1.16568,1.16618
2018-08-01 20:00:00,1.16617,1.1665,1.16557,1.16626
2018-08-02 00:00:00,1.16621,1.16671,1.16496,1.16501
2018-08-02 04:00:00,1.16499,1.16534,1.16241,1.1631
2018-08-02 08:00:00,1.1631,1.16335,1.16005,1.16165
2018-08-02 12:00:00,1.16165,1.16318,1.16064,1.16119
2018-08-02 16:00:00,1.16118,1.16192,1.15834,1.15884
2018-08-02 20:00:00,1.15883,1.15897,1.15796,1.15842
2018-08-03 00:00:00,1.15842,1.15926,1.15801,1.15902
2018-08-03 04:00:00,1.159,1.15943,1.1561,1.15611
2018-08-03 08:00:00,1.15607,1.16101,1.15589,1.15958
2018-08-03 12:00:00,1.15957,1.16091,1.1559,1.15946
2018-08-03 16:00:00,1.15945,1.15992,1.15684,1.15721
2018-08-03 20:00:00,1.15719,1.15729,1.15627,1.15656
2018-08-05 20:00:00,1.15672,1.15702,1.15592,1.15612
2018-08-06 00:00:00,1.15613,1.15683,1.15558,1.15633
2018-08-06 04:00:00,1.15632,1.15688,1.15487,1.15639
2018-08-06 08:00:00,1.15638,1.15671,1.15296,1.15415
2018-08-06 12:00:00,1.15418,1.15697,1.15356,1.15626
2018-08-06 16:00:00,1.15624,1.15647,1.15474,1.15532
2018-08-06 20:00:00,1.15529,1.15588,1.15476,1.15573
2018-08-07 00:00:00,1.15571,1.15632,1.15541,1.15548
2018-08-07 04:00:00,1.15548,1.15828,1.15507,1.15763
2018-08-07 08:00:00,1.15762,1.16033,1.15726,1.16016
2018-08-07 12:00:00,1.16015,1.16077,1.15852,1.15962
2018-08-07 16:00:00,1.15963,1.15994,1.15814,1.15967
2018-08-07 20:00:00,1.15968,1.16043,1.15909,1.16026
2018-08-08 00:00:00,1.16028,1.16193,1.15987,1.16178
2018-08-08 04:00:00,1.16177,1.16277,1.16047,1.16092
2018-08-08 08:00:00,1.16093,1.16126,1.15797,1.15825
2018-08-08 12:00:00,1.15823,1.16084,1.15722,1.15971
2018-08-08 16:00:00,1.1597,1.16194,1.15898,1.1612
2018-08-08 20:00:00,1.16121,1.16143,1.16083,1.16085
2018-08-09 00:00:00,1.16086,1.16191,1.16002,1.16145
2018-08-09 04:00:00,1.16139,1.16157,1.15755,1.15834
2018-08-09 08:00:00,1.15833,1.16067,1.15811,1.15887
2018-08-09 12:00:00,1.15889,1.15995,1.15604,1.15644
2018-08-09 16:00:00,1.15645,1.15673,1.15252,1.15289
2018-08-09 20:00:00,1.15288,1.15332,1.15151,1.15237
2018-08-10 00:00:00,1.15237,1.15362,1.15197,1.1532
2018-08-10 04:00:00,1.15319,1.15328,1.14311,1.14649
2018-08-10 08:00:00,1.1465,1.1482,1.14421,1.14648
2018-08-10 12:00:00,1.14647,1.14647,1.1394,1.13972
2018-08-10 16:00:00,1.13972,1.14271,1.13872,1.14009
2018-08-10 20:00:00,1.14008,1.14171,1.14008,1.14089
2018-08-12 20:00:00,1.13685,1.14112,1.13679,1.1394
2018-08-13 00:00:00,1.13939,1.13991,1.13672,1.1382
2018-08-13 04:00:00,1.13821,1.14063,1.13645,1.13736
2018-08-13 08:00:00,1.13736,1.14126,1.1365,1.13995
2018-08-13 12:00:00,1.13996,1.14324,1.13879,1.13961
2018-08-13 16:00:00,1.13957,1.1402,1.13844,1.1397
2018-08-13 20:00:00,1.1397,1.14108,1.13949,1.13996
2018-08-14 00:00:00,1.13997,1.14171,1.1394,1.14058
2018-08-14 04:00:00,1.14058,1.14283,1.13946,1.14218
2018-08-14 08:00:00,1.14217,1.14291,1.13788,1.14064
2018-08-14 12:00:00,1.14063,1.14067,1.13432,1.13505
2018-08-14 16:00:00,1.13506,1.13521,1.13291,1.1345
2018-08-14 20:00:00,1.13451,1.13498,1.1339,1.13461
2018-08-15 00:00:00,1.13456,1.13466,1.13188,1.13225
2018-08-15 04:00:00,1.13224,1.1346,1.1316,1.13314
2018-08-15 08:00:00,1.13315,1.13373,1.13084,1.13199
2018-08-15 12:00:00,1.13198,1.13421,1.13002,1.13307
2018-08-15 16:00:00,1.13306,1.13547,1.13284,1.13437
2018-08-15 20:00:00,1.13436,1.13524,1.13385,1.13406
2018-08-16 00:00:00,1.13406,1.13905,1.13348,1.13864
2018-08-16 04:00:00,1.13863,1.13972,1.13568,1.1367
2018-08-16 08:00:00,1.13669,1.13887,1.13598,1.13678
2018-08-16 12:00:00,1.13676,1.14086,1.1361,1.13861
2018-08-16 16:00:00,1.13861,1.13874,1.13471,1.13724
2018-08-16 20:00:00,1.13723,1.13778,1.13691,1.13709
2018-08-17 00:00:00,1.1371,1.13882,1.13656,1.13771
2018-08-17 04:00:00,1.1377,1.13948,1.13727,1.13871
2018-08-17 08:00:00,1.13876,1.14189,1.13735,1.13885
2018-08-17 12:00:00,1.13886,1.14215,1.13792,1.14082
2018-08-17 16:00:00,1.14081,1.14446,1.14069,1.14411
2018-08-17 20:00:00,1.14411,1.14422,1.14345,1.14356
2018-08-19 20:00:00,1.14365,1.14397,1.14343,1.14375
2018-08-20 00:00:00,1.14374,1.14392,1.14262,1.14303
2018-08-20 04:00:00,1.14302,1.14329,1.14105,1.142
2018-08-20 08:00:00,1.142,1.14247,1.13936,1.14207
2018-08-20 12:00:00,1.14208,1.1454,1.14156,1.14378
2018-08-20 16:00:00,1.14377,1.14784,1.1437,1.14741
2018-08-20 20:00:00,1.14742,1.14929,1.14733,1.14909
2018-08-21 00:00:00,1.1491,1.15411,1.14847,1.15237
2018-08-21 04:00:00,1.15238,1.15385,1.15049,1.15136
2018-08-21 08:00:00,1.15134,1.1539,1.15106,1.15176
2018-08-21 12:00:00,1.1518,1.15383,1.1491,1.15321
2018-08-21 16:00:00,1.15321,1.16005,1.15269,1.1569
2018-08-21 20:00:00,1.15689,1.15759,1.15655,1.15758
2018-08-22 00:00:00,1.15758,1.15818,1.15699,1.15753
2018-08-22 04:00:00,1.15753,1.15794,1.156,1.15614
2018-08-22 08:00:00,1.1561,1.16175,1.15522,1.16102
2018-08-22 12:00:00,1.16101,1.16226,1.15831,1.15927
2018-08-22 16:00:00,1.15929,1.1619,1.15801,1.16036
2018-08-22 20:00:00,1.16035,1.16038,1.15831,1.15848
2018-08-23 00:00:00,1.15847,1.15869,1.15484,1.15528
2018-08-23 04:00:00,1.15531,1.15738,1.1541,1.15672
2018-08-23 08:00:00,1.15673,1.15895,1.15491,1.15745
2018-08-23 12:00:00,1.15746,1.15904,1.15532,1.15671
2018-08-23 16:00:00,1.15675,1.15681,1.15291,1.15399
2018-08-23 20:00:00,1.154,1.15454,1.15337,1.15414
2018-08-24 00:00:00,1.1541,1.15588,1.15374,1.15539
2018-08-24 04:00:00,1.15537,1.15795,1.15516,1.15562
2018-08-24 08:00:00,1.15561,1.16,1.15542,1.15928
2018-08-24 12:00:00,1.15927,1.16394,1.15806,1.16237
2018-08-24 16:00:00,1.16239,1.16355,1.16169,1.16259
2018-08-24 20:00:00,1.16259,1.1626,1.16177,1.1619
2018-08-26 20:00:00,1.16126,1.1653,1.16117,1.16443
2018-08-27 00:00:00,1.16441,1.16457,1.16232,1.16262
2018-08-27 04:00:00,1.16261,1.16262,1.15941,1.15997
2018-08-27 08:00:00,1.15995,1.16294,1.1599,1.16287
2018-08-27 12:00:00,1.16288,1.16792,1.1625,1.16756
2018-08-27 16:00:00,1.16757,1.16931,1.16723,1.1681
2018-08-27 20:00:00,1.16809,1.16849,1.16755,1.16838
2018-08-28 00:00:00,1.16839,1.16967,1.16699,1.16735
2018-08-28 04:00:00,1.16736,1.16994,1.16619,1.16853
2018-08-28 08:00:00,1.16852,1.17172,1.16797,1.17154
2018-08-28 12:00:00,1.17159,1.1733,1.17017,1.17186
2018-08-28 16:00:00,1.17185,1.1725,1.16897,1.16921
2018-08-28 20:00:00,1.1692,1.16961,1.16858,1.16924
2018-08-29 00:00:00,1.16925,1.16971,1.16824,1.16943
2018-08-29 04:00:00,1.1694,1.16957,1.16649,1.16655
2018-08-29 08:00:00,1.16655,1.16773,1.16511,1.16574
2018-08-29 12:00:00,1.16573,1.17073,1.16541,1.16981
2018-08-29 16:00:00,1.16982,1.17069,1.16883,1.17033
2018-08-29 20:00:00,1.17023,1.17101,1.17022,1.17085
2018-08-30 00:00:00,1.17086,1.17131,1.16947,1.16993
2018-08-30 04:00:00,1.16992,1.17178,1.16855,1.17013
2018-08-30 08:00:00,1.17017,1.17086,1.16743,1.16854
2018-08-30 12:00:00,1.16852,1.16954,1.16415,1.16457
2018-08-30 16:00:00,1.16459,1.16785,1.16409,1.16761
2018-08-30 20:00:00,1.1676,1.1676,1.16598,1.16647
2018-08-31 00:00:00,1.16645,1.16761,1.1659,1.16633
2018-08-31 04:00:00,1.16634,1.16892,1.16621,1.16829
2018-08-31 08:00:00,1.16831,1.16896,1.16427,1.16507
2018-08-31 12:00:00,1.16506,1.16552,1.15894,1.15947
2018-08-31 16:00:00,1.15949,1.16095,1.15837,1.16066
2018-08-31 20:00:00,1.16064,1.16097,1.15972,1.15989
2018-09-02 20:00:00,1.15955,1.16038,1.15905,1.15975
2018-09-03 00:00:00,1.15975,1.16027,1.1588,1.15982
2018-09-03 04:00:00,1.15984,1.16252,1.15903,1.16103
2018-09-03 08:00:00,1.16105,1.16225,1.15953,1.16106
2018-09-03 12:00:00,1.16108,1.16275,1.16027,1.16189
2018-09-03 16:00:00,1.16189,1.16229,1.16133,1.16156
2018-09-03 20:00:00,1.16157,1.16184,1.16107,1.16135
2018-09-04 00:00:00,1.16128,1.16132,1.15949,1.16001
2018-09-04 04:00:00,1.16,1.16107,1.15671,1.15692
2018-09-04 08:00:00,1.15688,1.15709,1.15494,1.15588
2018-09-04 12:00:00,1.15587,1.15695,1.15293,1.15647
2018-09-04 16:00:00,1.15647,1.15852,1.15633,1.15849
2018-09-04 20:00:00,1.15848,1.15891,1.15751,1.15862
2018-09-05 00:00:00,1.15862,1.16079,1.15793,1.15957
2018-09-05 04:00:00,1.15955,1.15976,1.15414,1.15553
2018-09-05 08:00:00,1.15554,1.15972,1.15545,1.15788
2018-09-05 12:00:00,1.15789,1.16396,1.15708,1.16179
2018-09-05 16:00:00,1.16182,1.16324,1.16167,1.16305
2018-09-05 20:00:00,1.16306,1.16341,1.16277,1.16337
2018-09-06 00:00:00,1.16338,1.16588,1.16319,1.16338
2018-09-06 04:00:00,1.16342,1.16372,1.16132,1.16221
2018-09-06 08:00:00,1.16222,1.16418,1.16153,1.16295
2018-09-06 12:00:00,1.16294,1.16544,1.16046,1.16229
2018-09-06 16:00:00,1.16229,1.16325,1.16122,1.16218
2018-09-06 20:00:00,1.16217,1.16271,1.16158,1.16187
2018-09-07 00:00:00,1.16186,1.16261,1.16134,1.16232
2018-09-07 04:00:00,1.1623,1.16487,1.16131,1.16454
2018-09-07 08:00:00,1.16452,1.16492,1.15989,1.16095
2018-09-07 12:00:00,1.16094,1.16201,1.15608,1.15707
2018-09-07 16:00:00,1.15707,1.15723,1.15498,1.15573
2018-09-07 20:00:00,1.15571,1.15609,1.155,1.1552
2018-09-09 20:00:00,1.15447,1.15606,1.15447,1.156
2018-09-10 00:00:00,1.15597,1.15639,1.15412,1.15432
2018-09-10 04:00:00,1.15432,1.15672,1.15251,1.15656
2018-09-10 08:00:00,1.15657,1.1584,1.15611,1.15714
2018-09-10 12:00:00,1.15715,1.16157,1.15679,1.16031
2018-09-10 16:00:00,1.16032,1.16053,1.15915,1.15958
2018-09-10 20:00:00,1.15957,1.15981,1.15906,1.1593
2018-09-11 00:00:00,1.15928,1.15996,1.1577,1.15974
2018-09-11 04:00:00,1.15978,1.16438,1.15964,1.16292
2018-09-11 08:00:00,1.16293,1.1634,1.15753,1.15805
2018-09-11 12:00:00,1.15806,1.15983,1.15644,1.159
2018-09-11 16:00:00,1.15901,1.15971,1.15828,1.15906
2018-09-11 20:00:00,1.15905,1.16117,1.15892,1.15948
2018-09-12 00:00:00,1.15946,1.15985,1.15847,1.15849
2018-09-12 04:00:00,1.15847,1.16039,1.15694,1.15958
2018-09-12 08:00:00,1.15957,1.16041,1.15711,1.15798
2018-09-12 12:00:00,1.15797,1.16493,1.1578,1.16257
2018-09-12 16:00:00,1.16256,1.16404,1.16157,1.16258
2018-09-12 20:00:00,1.16259,1.16314,1.16207,1.16244
2018-09-13 00:00:00,1.16242,1.16424,1.1624,1.16369
2018-09-13 04:00:00,1.1637,1.16389,1.16147,1.16152
2018-09-13 08:00:00,1.16154,1.16341,1.16082,1.16215
2018-09-13 12:00:00,1.16214,1.17007,1.16131,1.16708
2018-09-13 16:00:00,1.16709,1.16938,1.16688,1.16885
2018-09-13 20:00:00,1.16883,1.16956,1.16835,1.16904
2018-09-14 00:00:00,1.16906,1.16968,1.16869,1.16927
2018-09-14 04:00:00,1.16926,1.17206,1.16888,1.17183
2018-09-14 08:00:00,1.17185,1.17212,1.16854,1.16865
2018-09-14 12:00:00,1.16866,1.17044,1.16532,1.16552
2018-09-14 16:00:00,1.16548,1.1656,1.16197,1.1624
2018-09-14 20:00:00,1.16242,1.16274,1.16186,1.1622
2018-09-16 20:00:00,1.1623,1.1632,1.16198,1.16228
2018-09-17 00:00:00,1.1623,1.16363,1.16219,1.16352
2018-09-17 04:00:00,1.16352,1.16462,1.16174,1.16453
2018-09-17 08:00:00,1.16455,1.16658,1.16443,1.16641
2018-09-17 12:00:00,1.16643,1.16944,1.16637,1.16835
2018-09-17 16:00:00,1.16838,1.16975,1.16814,1.16834
2018-09-17 20:00:00,1.16832,1.16876,1.16658,1.1668
2018-09-18 00:00:00,1.16679,1.17023,1.16673,1.16949
2018-09-18 04:00:00,1.1695,1.17172,1.16716,1.16814
2018-09-18 08:00:00,1.16813,1.17075,1.16714,1.17059
2018-09-18 12:00:00,1.17062,1.17239,1.16817,1.1693
2018-09-18 16:00:00,1.1693,1.16944,1.16512,1.16686
2018-09-18 20:00:00,1.16686,1.16819,1.16605,1.16773
2018-09-19 00:00:00,1.16773,1.16782,1.16547,1.16739
2018-09-19 04:00:00,1.16737,1.17047,1.16698,1.17003
2018-09-19 08:00:00,1.16998,1.17146,1.16695,1.16774
2018-09-19 12:00:00,1.16774,1.1692,1.16491,1.16857
2018-09-19 16:00:00,1.16856,1.16901,1.16679,1.16723
2018-09-19 20:00:00,1.16722,1.1677,1.16678,1.16735
2018-09-20 00:00:00,1.16732,1.16863,1.16709,1.16776
2018-09-20 04:00:00,1.16774,1.17036,1.16766,1.16967
2018-09-20 08:00:00,1.16966,1.17633,1.16846,1.1758
2018-09-20 12:00:00,1.17581,1.17767,1.17406,1.17423
2018-09-20 16:00:00,1.17422,1.17842,1.17383,1.17773
2018-09-20 20:00:00,1.17774,1.17826,1.17705,1.17749
2018-09-21 00:00:00,1.1775,1.1785,1.17747,1.17836
2018-09-21 04:00:00,1.17837,1.18024,1.17688,1.17727
2018-09-21 08:00:00,1.17717,1.17967,1.17544,1.17585
2018-09-21 12:00:00,1.17587,1.17668,1.1732,1.17384
2018-09-21 16:00:00,1.17385,1.17514,1.17342,1.17488
2018-09-21 20:00:00,1.17487,1.17548,1.17428,1.17452
2018-09-23 20:00:00,1.17421,1.17493,1.17352,1.17476
2018-09-24 00:00:00,1.17474,1.17524,1.17364,1.17412
2018-09-24 04:00:00,1.17412,1.17484,1.17233,1.17376
2018-09-24 08:00:00,1.17377,1.17744,1.17367,1.17632
2018-09-24 12:00:00,1.17631,1.18147,1.17488,1.17718
2018-09-24 16:00:00,1.17719,1.17752,1.17435,1.17454
2018-09-24 20:00:00,1.17452,1.17534,1.17434,1.17521
2018-09-25 00:00:00,1.17523,1.17583,1.17302,1.17394
2018-09-25 04:00:00,1.17395,1.1774,1.17364,1.17684
2018-09-25 08:00:00,1.17685,1.17898,1.17325,1.1781
2018-09-25 12:00:00,1.17811,1.17919,1.17645,1.1769
2018-09-25 16:00:00,1.17691,1.1775,1.17601,1.1766
2018-09-25 20:00:00,1.17659,1.17693,1.17608,1.17621
2018-09-26 00:00:00,1.17621,1.17665,1.17554,1.17656
2018-09-26 04:00:00,1.17655,1.17753,1.1757,1.17662
2018-09-26 08:00:00,1.17661,1.17745,1.17346,1.17358
2018-09-26 12:00:00,1.17357,1.17573,1.1725,1.17558
2018-09-26 16:00:00,1.17557,1.17975,1.17302,1.17463
2018-09-26 20:00:00,1.17464,1.17512,1.17348,1.17463
2018-09-27 00:00:00,1.17457,1.17567,1.17393,1.175
2018-09-27 04:00:00,1.17499,1.1752,1.16842,1.17017
2018-09-27 08:00:00,1.17017,1.17196,1.16983,1.17024
2018-09-27 12:00:00,1.17022,1.1712,1.16622,1.1669
2018-09-27 16:00:00,1.16691,1.16842,1.16411,1.16494
2018-09-27 20:00:00,1.16496,1.16519,1.16322,1.16352
2018-09-28 00:00:00,1.16351,1.16487,1.16349,1.16471
2018-09-28 04:00:00,1.16472,1.16505,1.16139,1.16176
2018-09-28 08:00:00,1.16177,1.16306,1.15693,1.15824
2018-09-28 12:00:00,1.15823,1.16291,1.15713,1.16213
2018-09-28 16:00:00,1.16213,1.16245,1.16054,1.16086
2018-09-28 20:00:00,1.16084,1.16117,1.15996,1.16012
2018-09-30 20:00:00,1.16166,1.16166,1.16019,1.16049
2018-10-01 00:00:00,1.16049,1.16097,1.15925,1.15956
2018-10-01 04:00:00,1.15957,1.15977,1.15731,1.15956
2018-10-01 08:00:00,1.15955,1.16186,1.15876,1.15986
2018-10-01 12:00:00,1.15985,1.16241,1.15627,1.15654
2018-10-01 16:00:00,1.15655,1.15798,1.15631,1.15779
2018-10-01 20:00:00,1.15781,1.15795,1.15721,1.15764
2018-10-02 00:00:00,1.15768,1.15795,1.15678,1.157
2018-10-02 04:00:00,1.15699,1.15742,1.15241,1.15428
2018-10-02 08:00:00,1.15427,1.15454,1.15044,1.15286
2018-10-02 12:00:00,1.15286,1.15699,1.15266,1.15584
2018-10-02 16:00:00,1.15582,1.1567,1.15387,1.15515
2018-10-02 20:00:00,1.15514,1.15531,1.15418,1.15498
2018-10-03 00:00:00,1.15496,1.15933,1.1535,1.15791
2018-10-03 04:00:00,1.15792,1.15925,1.15701,1.15779
2018-10-03 08:00:00,1.15781,1.15811,1.1542,1.15471
2018-10-03 12:00:00,1.15469,1.15535,1.15151,1.15236
2018-10-03 16:00:00,1.15236,1.15281,1.15083,1.15142
2018-10-03 20:00:00,1.15141,1.15158,1.14626,1.1476
2018-10-04 00:00:00,1.1476,1.14802,1.14646,1.14718
2018-10-04 04:00:00,1.14717,1.14964,1.14627,1.14927
2018-10-04 08:00:00,1.14926,1.15093,1.14813,1.1504
2018-10-04 12:00:00,1.15041,1.15422,1.14937,1.15046
2018-10-04 16:00:00,1.15049,1.15188,1.14918,1.15128
2018-10-04 20:00:00,1.15132,1.15174,1.15091,1.15168
2018-10-05 00:00:00,1.15166,1.15193,1.15042,1.15058
2018-10-05 04:00:00,1.15056,1.1516,1.14965,1.15072
2018-10-05 08:00:00,1.15071,1.15139,1.14864,1.15059
2018-10-05 12:00:00,1.15059,1.15493,1.1483,1.14996
2018-10-05 16:00:00,1.14997,1.15309,1.14985,1.15223
2018-10-05 20:00:00,1.15222,1.15247,1.15134,1.15191
2018-10-07 20:00:00,1.15195,1.15265,1.15176,1.15233
2018-10-08 00:00:00,1.15234,1.15291,1.151,1.15115
2018-10-08 04:00:00,1.15118,1.15156,1.14888,1.14901
2018-10-08 08:00:00,1.14899,1.14916,1.14641,1.14773
2018-10-08 12:00:00,1.14772,1.14891,1.14594,1.14761
2018-10-08 16:00:00,1.14761,1.14984,1.14701,1.14957
2018-10-08 20:00:00,1.14956,1.14956,1.14844,1.14934
2018-10-09 00:00:00,1.14936,1.14942,1.14837,1.14897
2018-10-09 04:00:00,1.14893,1.1502,1.14629,1.14738
2018-10-09 08:00:00,1.14738,1.14803,1.14319,1.1434
2018-10-09 12:00:00,1.1434,1.14877,1.14314,1.14801
2018-10-09 16:00:00,1.14802,1.1503,1.14754,1.14967
2018-10-09 20:00:00,1.14967,1.15083,1.14817,1.15043
2018-10-10 00:00:00,1.15043,1.15148,1.1501,1.15096
2018-10-10 04:00:00,1.15095,1.15146,1.14827,1.14932
2018-10-10 08:00:00,1.14931,1.15064,1.1479,1.14971
2018-10-10 12:00:00,1.14972,1.15422,1.14873,1.15401
2018-10-10 16:00:00,1.154,1.1545,1.15141,1.15167
2018-10-10 20:00:00,1.15166,1.15358,1.15153,1.15321
2018-10-11 00:00:00,1.15319,1.1572,1.15303,1.15673
2018-10-11 04:00:00,1.15672,1.15675,1.15344,1.15396
2018-10-11 08:00:00,1.15398,1.1581,1.15374,1.15762
2018-10-11 12:00:00,1.15761,1.15988,1.15447,1.15638
2018-10-11 16:00:00,1.15637,1.15971,1.15634,1.15932
2018-10-11 20:00:00,1.15932,1.15979,1.15794,1.1589
2018-10-12 00:00:00,1.15888,1.16082,1.15867,1.16021
2018-10-12 04:00:00,1.16025,1.16099,1.15853,1.15947
2018-10-12 08:00:00,1.15946,1.15948,1.15711,1.15769
2018-10-12 12:00:00,1.15769,1.1579,1.15333,1.1557
2018-10-12 16:00:00,1.15574,1.15667,1.15517,1.1557
2018-10-12 20:00:00,1.15565,1.15613,1.15546,1.15564
2018-10-14 20:00:00,1.15368,1.1553,1.15367,1.15494
2018-10-15 00:00:00,1.15493,1.15552,1.15423,1.15467
2018-10-15 04:00:00,1.15468,1.15755,1.15424,1.15667
2018-10-15 08:00:00,1.15669,1.16001,1.1557,1.15801
2018-10-15 12:00:00,1.15802,1.16058,1.15774,1.15933
2018-10-15 16:00:00,1.15932,1.15942,1.15737,1.15775
2018-10-15 20:00:00,1.15774,1.1585,1.15682,1.1582
2018-10-16 00:00:00,1.15821,1.15919,1.15708,1.15757
2018-10-16 04:00:00,1.15754,1.15982,1.15652,1.15931
2018-10-16 08:00:00,1.1593,1.15961,1.15651,1.15894
2018-10-16 12:00:00,1.15895,1.16206,1.15727,1.15923
2018-10-16 16:00:00,1.15921,1.15942,1.15704,1.15802
2018-10-16 20:00:00,1.15802,1.15806,1.15688,1.15754
2018-10-17 00:00:00,1.15754,1.15797,1.15563,1.15607
2018-10-17 04:00:00,1.15607,1.15717,1.15472,1.15629
2018-10-17 08:00:00,1.15628,1.15775,1.15253,1.15312
2018-10-17 12:00:00,1.15312,1.15463,1.15204,1.15393
2018-10-17 16:00:00,1.15393,1.15404,1.15002,1.15059
2018-10-17 20:00:00,1.15057,1.1506,1.14946,1.15005
2018-10-18 00:00:00,1.15003,1.15043,1.14933,1.14991
2018-10-18 04:00:00,1.1499,1.15151,1.14812,1.15145
2018-10-18 08:00:00,1.15147,1.15269,1.15087,1.15143
2018-10-18 12:00:00,1.15144,1.15172,1.1479,1.14925
2018-10-18 16:00:00,1.14926,1.14967,1.14483,1.14534
2018-10-18 20:00:00,1.14533,1.14603,1.14499,1.14532
2018-10-19 00:00:00,1.14533,1.14614,1.14525,1.14568
2018-10-19 04:00:00,1.14569,1.14693,1.14321,1.14458
2018-10-19 08:00:00,1.14459,1.14759,1.14398,1.14654
2018-10-19 12:00:00,1.14655,1.15162,1.14567,1.15115
2018-10-19 16:00:00,1.15113,1.1534,1.1501,1.15072
2018-10-19 20:00:00,1.15071,1.1524,1.15043,1.15112
2018-10-21 20:00:00,1.15141,1.15172,1.15076,1.15096
2018-10-22 00:00:00,1.15098,1.15174,1.14978,1.1514
2018-10-22 04:00:00,1.15139,1.15499,1.15078,1.15314
2018-10-22 08:00:00,1.15314,1.15329,1.14907,1.14946
2018-10-22 12:00:00,1.14947,1.15002,1.14604,1.14662
2018-10-22 16:00:00,1.14661,1.14758,1.14551,1.14639
2018-10-22 20:00:00,1.1464,1.14677,1.14614,1.14641
2018-10-23 00:00:00,1.1464,1.1466,1.14523,1.14537
2018-10-23 04:00:00,1.14538,1.1474,1.14389,1.14674
2018-10-23 08:00:00,1.14675,1.14855,1.14545,1.14786
2018-10-23 12:00:00,1.14785,1.14825,1.14479,1.14809
2018-10-23 16:00:00,1.14809,1.14891,1.14651,1.14707
2018-10-23 20:00:00,1.14706,1.14745,1.1467,1.14701
2018-10-24 00:00:00,1.14696,1.14747,1.14605,1.14708
2018-10-24 04:00:00,1.14708,1.14764,1.14208,1.14287
2018-10-24 08:00:00,1.14288,1.14296,1.13918,1.13919
2018-10-24 12:00:00,1.13921,1.14094,1.13776,1.13887
2018-10-24 16:00:00,1.13889,1.1402,1.13802,1.13987
2018-10-24 20:00:00,1.13988,1.14005,1.13892,1.13979
2018-10-25 00:00:00,1.13981,1.14132,1.1397,1.14107
2018-10-25 04:00:00,1.14106,1.14193,1.13962,1.13999
2018-10-25 08:00:00,1.14001,1.14168,1.13937,1.14108
2018-10-25 12:00:00,1.1411,1.14322,1.13635,1.13733
2018-10-25 16:00:00,1.13732,1.13752,1.13556,1.13707
2018-10-25 20:00:00,1.13706,1.13761,1.13681,1.13744
2018-10-26 00:00:00,1.13745,1.13746,1.13607,1.13645
2018-10-26 04:00:00,1.13644,1.13833,1.13572,1.13759
2018-10-26 08:00:00,1.13757,1.13804,1.13351,1.13366
2018-10-26 12:00:00,1.1337,1.13941,1.1337,1.13873
2018-10-26 16:00:00,1.13872,1.1415,1.13866,1.14075
2018-10-26 20:00:00,1.14076,1.14203,1.1399,1.14003
2018-10-29 00:00:00,1.13975,1.14001,1.13861,1.13942
2018-10-29 04:00:00,1.13941,1.14121,1.13871,1.1408
2018-10-29 08:00:00,1.14078,1.14159,1.136,1.13937
2018-10-29 12:00:00,1.1394,1.13998,1.13665,1.13893
2018-10-29 16:00:00,1.13894,1.13982,1.1373,1.13849
2018-10-29 20:00:00,1.13848,1.13877,1.13696,1.13749
2018-10-30 00:00:00,1.13747,1.13847,1.13722,1.13809
2018-10-30 04:00:00,1.13811,1.13875,1.13567,1.13626
2018-10-30 08:00:00,1.13626,1.13793,1.13448,1.13459
2018-10-30 12:00:00,1.13456,1.13813,1.13449,1.13635
2018-10-30 16:00:00,1.13636,1.13669,1.13402,1.13453
2018-10-30 20:00:00,1.13452,1.13466,1.13399,1.1344
2018-10-31 00:00:00,1.13442,1.13498,1.13379,1.13406
2018-10-31 04:00:00,1.13405,1.13532,1.1335,1.13461
2018-10-31 08:00:00,1.13459,1.13596,1.13298,1.13429
2018-10-31 12:00:00,1.13431,1.13476,1.13097,1.13307
2018-10-31 16:00:00,1.13308,1.1332,1.13012,1.13275
2018-10-31 20:00:00,1.13274,1.13274,1.13058,1.13137
2018-11-01 00:00:00,1.13142,1.13492,1.13116,1.13455
2018-11-01 04:00:00,1.13455,1.13651,1.13371,1.13602
2018-11-01 08:00:00,1.13601,1.14028,1.13524,1.13937
2018-11-01 12:00:00,1.13938,1.1413,1.13842,1.1396
2018-11-01 16:00:00,1.13961,1.14238,1.13897,1.141
2018-11-01 20:00:00,1.14101,1.14117,1.13979,1.14022
2018-11-02 00:00:00,1.14023,1.14054,1.13907,1.14
2018-11-02 04:00:00,1.13999,1.14428,1.13981,1.14366
2018-11-02 08:00:00,1.14364,1.14551,1.14234,1.14448
2018-11-02 12:00:00,1.1445,1.14501,1.13729,1.13774
2018-11-02 16:00:00,1.13775,1.13998,1.13716,1.13942
2018-11-02 20:00:00,1.13944,1.13967,1.13844,1.13844
2018-11-04 20:00:00,1.1384,1.13991,1.1384,1.13972
2018-11-05 00:00:00,1.13973,1.13974,1.13817,1.13827
2018-11-05 04:00:00,1.13826,1.13983,1.13767,1.13812
2018-11-05 08:00:00,1.13813,1.13942,1.13644,1.13716
2018-11-05 12:00:00,1.13715,1.14054,1.13519,1.13983
2018-11-05 16:00:00,1.13981,1.14234,1.13896,1.14176
2018-11-05 20:00:00,1.14175,1.14182,1.14043,1.14078
2018-11-06 00:00:00,1.14079,1.14138,1.14042,1.14051
2018-11-06 04:00:00,1.1405,1.14192,1.13981,1.14134
2018-11-06 08:00:00,1.14133,1.14253,1.13909,1.14066
2018-11-06 12:00:00,1.14065,1.14376,1.14044,1.14165
2018-11-06 16:00:00,1.14165,1.14236,1.14054,1.14121
2018-11-06 20:00:00,1.14121,1.14408,1.14104,1.14402
2018-11-07 00:00:00,1.14401,1.14722,1.13934,1.14643
2018-11-07 04:00:00,1.14643,1.14699,1.14303,1.14523
2018-11-07 08:00:00,1.14522,1.14994,1.14505,1.14892
2018-11-07 12:00:00,1.14893,1.14914,1.14615,1.14698
2018-11-07 16:00:00,1.14699,1.14752,1.14427,1.14544
2018-11-07 20:00:00,1.14545,1.14576,1.14237,1.1432
2018-11-08 00:00:00,1.14319,1.14357,1.14239,1.14282
2018-11-08 04:00:00,1.1428,1.14364,1.14112,1.14345
2018-11-08 08:00:00,1.14342,1.14445,1.14032,1.14107
2018-11-08 12:00:00,1.14104,1.14463,1.14081,1.1425
2018-11-08 16:00:00,1.1425,1.1427,1.13553,1.13558
2018-11-08 20:00:00,1.13557,1.13686,1.13508,1.13673
2018-11-09 00:00:00,1.13671,1.13683,1.13399,1.13462
2018-11-09 04:00:00,1.13461,1.13507,1.13343,1.13365
2018-11-09 08:00:00,1.13364,1.13561,1.1326,1.13538
2018-11-09 12:00:00,1.13539,1.13594,1.13298,1.13522
2018-11-09 16:00:00,1.13522,1.13579,1.13158,1.13348
2018-11-09 20:00:00,1.13349,1.13393,1.13292,1.13301
2018-11-11 20:00:00,1.13182,1.13271,1.13115,1.13233
2018-11-12 00:00:00,1.13235,1.13298,1.13183,1.13248
2018-11-12 04:00:00,1.13247,1.13256,1.12573,1.12593
2018-11-12 08:00:00,1.1259,1.12686,1.12393,1.12613
2018-11-12 12:00:00,1.12617,1.12778,1.12487,1.12499
2018-11-12 16:00:00,1.125,1.12562,1.12352,1.12399
2018-11-12 20:00:00,1.12398,1.12425,1.12144,1.12229
2018-11-13 00:00:00,1.12232,1.12497,1.12212,1.12443
2018-11-13 04:00:00,1.12445,1.12568,1.12333,1.12377
2018-11-13 08:00:00,1.12375,1.1254,1.12211,1.12529
2018-11-13 12:00:00,1.1253,1.12834,1.12466,1.12798
2018-11-13 16:00:00,1.12801,1.12933,1.12519,1.12674
2018-11-13 20:00:00,1.12673,1.13201,1.12668,1.13104
2018-11-14 00:00:00,1.13109,1.13188,1.12965,1.12997
2018-11-14 04:00:00,1.12998,1.13011,1.12753,1.12921
2018-11-14 08:00:00,1.12922,1.12929,1.12624,1.12725
2018-11-14 12:00:00,1.12724,1.13471,1.12709,1.13078
2018-11-14 16:00:00,1.13079,1.13403,1.12751,1.13391
2018-11-14 20:00:00,1.1339,1.13444,1.13049,1.1311
2018-11-15 00:00:00,1.1311,1.13334,1.13102,1.13293
2018-11-15 04:00:00,1.1329,1.13464,1.13265,1.13356
2018-11-15 08:00:00,1.13357,1.13512,1.12699,1.1312
2018-11-15 12:00:00,1.13119,1.13219,1.12865,1.13176
2018-11-15 16:00:00,1.13177,1.13622,1.13062,1.13503
2018-11-15 20:00:00,1.13504,1.13508,1.13206,1.13239
2018-11-16 00:00:00,1.1324,1.13425,1.13234,1.13354
2018-11-16 04:00:00,1.13354,1.13561,1.13309,1.13419
2018-11-16 08:00:00,1.13419,1.13674,1.13209,1.13288
2018-11-16 12:00:00,1.13287,1.14109,1.13239,1.1394
2018-11-16 16:00:00,1.13939,1.14193,1.13916,1.1413
2018-11-16 20:00:00,1.14131,1.14196,1.14076,1.14174
2018-11-18 20:00:00,1.1412,1.14203,1.14049,1.14128
2018-11-19 00:00:00,1.14128,1.14149,1.14028,1.14054
2018-11-19 04:00:00,1.14053,1.14147,1.13931,1.14091
2018-11-19 08:00:00,1.1409,1.14341,1.14032,1.1424
2018-11-19 12:00:00,1.14244,1.14641,1.14143,1.14523
2018-11-19 16:00:00,1.14525,1.14575,1.14407,1.14533
2018-11-19 20:00:00,1.14534,1.14572,1.14422,1.14534
2018-11-20 00:00:00,1.14539,1.14573,1.1442,1.14537
2018-11-20 04:00:00,1.14535,1.14643,1.14432,1.14568
2018-11-20 08:00:00,1.14569,1.1472,1.14215,1.14314
2018-11-20 12:00:00,1.14313,1.14347,1.13826,1.14093
2018-11-20 16:00:00,1.14093,1.1413,1.13582,1.13665
2018-11-20 20:00:00,1.13665,1.13724,1.13606,1.13712
2018-11-21 00:00:00,1.1371,1.13745,1.1365,1.13714
2018-11-21 04:00:00,1.13713,1.14011,1.13694,1.13866
2018-11-21 08:00:00,1.13867,1.14172,1.13667,1.14014
2018-11-21 12:00:00,1.14016,1.14242,1.1386,1.1393
2018-11-21 16:00:00,1.13929,1.14056,1.13794,1.13876
2018-11-21 20:00:00,1.13877,1.13904,1.13768,1.13875
2018-11-22 00:00:00,1.13877,1.14006,1.13843,1.13935
2018-11-22 04:00:00,1.13937,1.14114,1.13912,1.13997
2018-11-22 08:00:00,1.13999,1.14334,1.13934,1.1419
2018-11-22 12:00:00,1.14191,1.14193,1.13903,1.14057
2018-11-22 16:00:00,1.14058,1.14095,1.13986,1.14041
2018-11-22 20:00:00,1.14039,1.1406,1.13977,1.14021
2018-11-23 00:00:00,1.14016,1.14154,1.14005,1.1413
2018-11-23 04:00:00,1.14129,1.14209,1.14056,1.14123
2018-11-23 08:00:00,1.14124,1.14181,1.13369,1.13471
2018-11-23 12:00:00,1.13473,1.13596,1.13387,1.13427
2018-11-23 16:00:00,1.13428,1.1345,1.13267,1.13288
2018-11-23 20:00:00,1.13288,1.13353,1.1326,1.13309
2018-11-25 20:00:00,1.13382,1.13405,1.13299,1.13369
2018-11-26 00:00:00,1.13369,1.13399,1.13252,1.13365
2018-11-26 04:00:00,1.13364,1.137,1.13358,1.13618
2018-11-26 08:00:00,1.13617,1.1383,1.13563,1.1369
2018-11-26 12:00:00,1.13689,1.13749,1.13374,1.13392
2018-11-26 16:00:00,1.13391,1.13477,1.13251,1.1328
2018-11-26 20:00:00,1.13281,1.13351,1.13241,1.13324
2018-11-27 00:00:00,1.13329,1.13387,1.13275,1.13328
2018-11-27 04:00:00,1.1333,1.1343,1.13087,1.13115
2018-11-27 08:00:00,1.13115,1.13306,1.13044,1.13193
2018-11-27 12:00:00,1.13192,1.13362,1.12873,1.12899
2018-11-27 16:00:00,1.129,1.13022,1.12767,1.12945
2018-11-27 20:00:00,1.12944,1.12985,1.12821,1.12966
2018-11-28 00:00:00,1.12962,1.12966,1.12844,1.12923
2018-11-28 04:00:00,1.12924,1.13,1.12757,1.12777
2018-11-28 08:00:00,1.12775,1.12934,1.12663,1.12791
2018-11-28 12:00:00,1.12791,1.12911,1.12678,1.12748
2018-11-28 16:00:00,1.12748,1.13871,1.12701,1.13752
2018-11-28 20:00:00,1.13753,1.13759,1.13632,1.13667
2018-11-29 00:00:00,1.13666,1.13791,1.13627,1.13773
2018-11-29 04:00:00,1.13774,1.13968,1.13739,1.13891
2018-11-29 08:00:00,1.13889,1.1397,1.13479,1.13662
2018-11-29 12:00:00,1.13662,1.14013,1.13637,1.13856
2018-11-29 16:00:00,1.13855,1.13969,1.1358,1.13885
2018-11-29 20:00:00,1.13888,1.13958,1.138,1.13916
2018-11-30 00:00:00,1.13916,1.13999,1.13839,1.13954
2018-11-30 04:00:00,1.13954,1.13969,1.13795,1.13804
2018-11-30 08:00:00,1.13806,1.13879,1.13566,1.13712
2018-11-30 12:00:00,1.13712,1.13712,1.13174,1.1323
2018-11-30 16:00:00,1.13229,1.13257,1.13044,1.13085
2018-11-30 20:00:00,1.13086,1.13213,1.13074,1.13131
2018-12-02 20:00:00,1.1349,1.13503,1.13276,1.13418
2018-12-03 00:00:00,1.13415,1.13555,1.13298,1.13475
2018-12-03 04:00:00,1.13474,1.13791,1.13455,1.13682
2018-12-03 08:00:00,1.1368,1.13732,1.13184,1.13345
2018-12-03 12:00:00,1.13345,1.13575,1.13231,1.13464
2018-12-03 16:00:00,1.13463,1.1363,1.13402,1.1342
2018-12-03 20:00:00,1.1342,1.13554,1.13386,1.13539
2018-12-04 00:00:00,1.1354,1.13711,1.13496,1.13695
2018-12-04 04:00:00,1.13694,1.13921,1.13675,1.13801
2018-12-04 08:00:00,1.13802,1.14178,1.1375,1.13941
2018-12-04 12:00:00,1.13942,1.14091,1.13492,1.135
2018-12-04 16:00:00,1.13499,1.13599,1.13179,1.13413
2018-12-04 20:00:00,1.13412,1.13441,1.13335,1.13419
2018-12-05 00:00:00,1.13422,1.13454,1.13219,1.13294
2018-12-05 04:00:00,1.13293,1.13369,1.1316,1.13303
2018-12-05 08:00:00,1.13302,1.13575,1.1321,1.13541
2018-12-05 12:00:00,1.1354,1.1361,1.13096,1.1341
2018-12-05 16:00:00,1.13409,1.13578,1.13395,1.13403
2018-12-05 20:00:00,1.13404,1.13496,1.13387,1.13481
2018-12-06 00:00:00,1.13486,1.13513,1.13403,1.13423
2018-12-06 04:00:00,1.13424,1.13518,1.13236,1.13241
2018-12-06 08:00:00,1.13242,1.13459,1.13208,1.13383
2018-12-06 12:00:00,1.13384,1.14122,1.13362,1.1381
2018-12-06 16:00:00,1.1381,1.1392,1.1357,1.13728
2018-12-06 20:00:00,1.13728,1.13836,1.13657,1.13751
2018-12-07 00:00:00,1.13747,1.13813,1.13703,1.13769
2018-12-07 04:00:00,1.13771,1.13782,1.13595,1.1373
2018-12-07 08:00:00,1.13729,1.13835,1.13624,1.13801
2018-12-07 12:00:00,1.138,1.14144,1.13645,1.13899
2018-12-07 16:00:00,1.139,1.1423,1.13818,1.14219
2018-12-07 20:00:00,1.14219,1.14223,1.13743,1.13743
2018-12-09 20:00:00,1.13898,1.14058,1.13881,1.13992
2018-12-10 00:00:00,1.13992,1.14419,1.13989,1.14308
2018-12-10 04:00:00,1.1431,1.14397,1.1423,1.14256
2018-12-10 08:00:00,1.14255,1.14344,1.14014,1.14085
2018-12-10 12:00:00,1.14086,1.14278,1.13715,1.13747
2018-12-10 16:00:00,1.13746,1.13779,1.13496,1.13524
2018-12-10 20:00:00,1.13523,1.13569,1.13481,1.13548
2018-12-11 00:00:00,1.1355,1.13691,1.13522,1.13646
2018-12-11 04:00:00,1.1365,1.13764,1.13576,1.13673
2018-12-11 08:00:00,1.13674,1.13995,1.13654,1.13926
2018-12-11 12:00:00,1.13927,1.13961,1.1317,1.13224
2018-12-11 16:00:00,1.13222,1.13274,1.1306,1.13261
2018-12-11 20:00:00,1.13259,1.13274,1.13148,1.13206
2018-12-12 00:00:00,1.13208,1.13335,1.13205,1.13258
2018-12-12 04:00:00,1.13256,1.13328,1.13143,1.13232
2018-12-12 08:00:00,1.13233,1.13375,1.13148,1.13344
2018-12-12 12:00:00,1.13342,1.13785,1.13244,1.13652
2018-12-12 16:00:00,1.13653,1.13864,1.13545,1.13671
2018-12-12 20:00:00,1.13672,1.1379,1.13599,1.13717
2018-12-13 00:00:00,1.13718,1.13737,1.13652,1.13683
2018-12-13 04:00:00,1.13684,1.13865,1.13625,1.13818
2018-12-13 08:00:00,1.13817,1.13931,1.13652,1.13778
2018-12-13 12:00:00,1.13779,1.1391,1.13303,1.1346
2018-12-13 16:00:00,1.13461,1.13715,1.1345,1.13654
2018-12-13 20:00:00,1.13655,1.13673,1.13515,1.1362
2018-12-14 00:00:00,1.1362,1.13642,1.13542,1.13598
2018-12-14 04:00:00,1.13599,1.13611,1.13425,1.13547
2018-12-14 08:00:00,1.13546,1.13579,1.12814,1.1284
2018-12-14 12:00:00,1.12839,1.12982,1.12688,1.12962
2018-12-14 16:00:00,1.12961,1.13073,1.12918,1.13022
2018-12-14 20:00:00,1.13021,1.13073,1.12992,1.13001
2018-12-16 20:00:00,1.12986,1.1308,1.12942,1.13037
2018-12-17 00:00:00,1.13039,1.13128,1.13005,1.13098
2018-12-17 04:00:00,1.13097,1.13191,1.13055,1.13181
2018-12-17 08:00:00,1.1318,1.13501,1.13103,1.13496
2018-12-17 12:00:00,1.13497,1.13525,1.13294,1.13352
2018-12-17 16:00:00,1.13354,1.1357,1.13292,1.13491
2018-12-17 20:00:00,1.13491,1.13515,1.13417,1.13483
2018-12-18 00:00:00,1.13488,1.13597,1.13432,1.13536
2018-12-18 04:00:00,1.13537,1.13581,1.13359,1.13576
2018-12-18 08:00:00,1.13576,1.14016,1.13553,1.13932
2018-12-18 12:00:00,1.13931,1.13959,1.13612,1.13639
2018-12-18 16:00:00,1.13638,1.13747,1.13496,1.1355
2018-12-18 20:00:00,1.13551,1.13766,1.13529,1.13748
2018-12-19 00:00:00,1.13749,1.13864,1.13739,1.13842
2018-12-19 04:00:00,1.13841,1.14047,1.1378,1.1397
2018-12-19 08:00:00,1.13969,1.14137,1.13819,1.14034
2018-12-19 12:00:00,1.14035,1.14385,1.13941,1.14209
2018-12-19 16:00:00,1.14208,1.14377,1.13629,1.13712
2018-12-19 20:00:00,1.13714,1.13883,1.13639,1.13856
2018-12-20 00:00:00,1.13856,1.13867,1.13755,1.13807
2018-12-20 04:00:00,1.13807,1.1425,1.13786,1.14151
2018-12-20 08:00:00,1.1415,1.1485,1.14099,1.14657
2018-12-20 12:00:00,1.14656,1.14667,1.14018,1.14155
2018-12-20 16:00:00,1.14154,1.14847,1.14075,1.14712
2018-12-20 20:00:00,1.14711,1.1472,1.14406,1.14554
2018-12-21 00:00:00,1.14553,1.14606,1.14456,1.1448
2018-12-21 04:00:00,1.14482,1.14725,1.14412,1.14681
2018-12-21 08:00:00,1.14682,1.14733,1.14113,1.14238
2018-12-21 12:00:00,1.14239,1.14259,1.13814,1.14141
2018-12-21 16:00:00,1.1414,1.14208,1.13613,1.13683
2018-12-21 20:00:00,1.13683,1.13711,1.1355,1.13664
2018-12-23 20:00:00,1.13685,1.1373,1.13576,1.13714
2018-12-24 00:00:00,1.13713,1.13911,1.13696,1.13894
2018-12-24 04:00:00,1.13894,1.13921,1.13771,1.13772
2018-12-24 08:00:00,1.13772,1.14116,1.13735,1.13969
2018-12-24 12:00:00,1.13968,1.14376,1.13881,1.14126
2018-12-24 16:00:00,1.14124,1.14218,1.1391,1.13969
2018-12-24 20:00:00,1.1399,1.14127,1.13913,1.14009
2018-12-27 00:00:00,1.13595,1.13857,1.1357,1.13802
2018-12-27 04:00:00,1.13801,1.13891,1.13709,1.13782
2018-12-27 08:00:00,1.13781,1.14087,1.13777,1.13882
2018-12-27 12:00:00,1.13883,1.1435,1.13641,1.13999
2018-12-27 16:00:00,1.13998,1.14539,1.13988,1.14481
2018-12-27 20:00:00,1.14483,1.14496,1.14256,1.14295
2018-12-28 00:00:00,1.14296,1.14666,1.14289,1.14552
2018-12-28 04:00:00,1.14552,1.1463,1.14479,1.1454
2018-12-28 08:00:00,1.14541,1.14721,1.14302,1.14658
2018-12-28 12:00:00,1.14656,1.14696,1.14327,1.14366
2018-12-28 16:00:00,1.14365,1.14483,1.14295,1.14405
2018-12-28 20:00:00,1.14405,1.14527,1.14344,1.14389
2018-12-30 20:00:00,1.14314,1.14399,1.1431,1.14385
2018-12-31 00:00:00,1.14384,1.14499,1.14329,1.14382
2018-12-31 04:00:00,1.14384,1.14435,1.14209,1.14425
2018-12-31 08:00:00,1.14425,1.14651,1.14289,1.14517
2018-12-31 12:00:00,1.14516,1.14578,1.14253,1.14335
2018-12-31 16:00:00,1.14335,1.14589,1.14268,1.14533
2018-12-31 20:00:00,1.14534,1.14662,1.14534,1.14607
2019-01-02 00:00:00,1.14609,1.14617,1.14424,1.14448
2019-01-02 04:00:00,1.14443,1.14965,1.14421,1.14762
2019-01-02 08:00:00,1.14762,1.14777,1.14209,1.1433
2019-01-02 12:00:00,1.14331,1.14333,1.13408,1.13533
2019-01-02 16:00:00,1.13534,1.13617,1.13243,1.1343
2019-01-02 20:00:00,1.13431,1.13499,1.13052,1.13109
2019-01-03 00:00:00,1.13111,1.1371,1.13085,1.13638
2019-01-03 04:00:00,1.13638,1.13762,1.13539,1.13694
2019-01-03 08:00:00,1.13694,1.13838,1.13395,1.13406
2019-01-03 12:00:00,1.13406,1.14084,1.13357,1.13922
2019-01-03 16:00:00,1.13923,1.14107,1.13817,1.13912
2019-01-03 20:00:00,1.13911,1.14011,1.13839,1.13889
2019-01-04 00:00:00,1.1389,1.14107,1.13874,1.13972
2019-01-04 04:00:00,1.13972,1.14096,1.13822,1.14069
2019-01-04 08:00:00,1.14068,1.14186,1.13936,1.14112
2019-01-04 12:00:00,1.14112,1.14137,1.13446,1.14096
2019-01-04 16:00:00,1.14097,1.14175,1.13928,1.13992
2019-01-04 20:00:00,1.13991,1.14037,1.13902,1.13905
2019-01-06 20:00:00,1.1394,1.14127,1.13931,1.14094
2019-01-07 00:00:00,1.14095,1.14249,1.14038,1.14217
2019-01-07 04:00:00,1.14218,1.14386,1.14092,1.14355
2019-01-07 08:00:00,1.14354,1.14476,1.14273,1.14398
2019-01-07 12:00:00,1.14398,1.14725,1.14359,1.14628
2019-01-07 16:00:00,1.14626,1.14822,1.14584,1.1479
2019-01-07 20:00:00,1.14791,1.14797,1.14677,1.1478
2019-01-08 00:00:00,1.14781,1.14842,1.14343,1.14384
2019-01-08 04:00:00,1.14383,1.1455,1.14317,1.14431
2019-01-08 08:00:00,1.14429,1.14688,1.14326,1.14653
2019-01-08 12:00:00,1.14652,1.14675,1.14207,1.14413
2019-01-08 16:00:00,1.14412,1.14581,1.14354,1.14419
2019-01-08 20:00:00,1.14418,1.14565,1.14329,1.14564
2019-01-09 00:00:00,1.14565,1.14656,1.14474,1.14533
2019-01-09 04:00:00,1.14534,1.14775,1.14512,1.1465
2019-01-09 08:00:00,1.14649,1.14748,1.1438,1.14553
2019-01-09 12:00:00,1.14551,1.15398,1.14454,1.15099
2019-01-09 16:00:00,1.15099,1.15548,1.1509,1.15423
2019-01-09 20:00:00,1.15424,1.15542,1.1537,1.15531
2019-01-10 00:00:00,1.15533,1.15696,1.15425,1.15683
2019-01-10 04:00:00,1.15683,1.15683,1.15336,1.15406
2019-01-10 08:00:00,1.15407,1.15575,1.15173,1.15285
2019-01-10 12:00:00,1.15286,1.1545,1.15141,1.15218
2019-01-10 16:00:00,1.15219,1.1523,1.1484,1.14994
2019-01-10 20:00:00,1.14994,1.15071,1.14927,1.15071
2019-01-11 00:00:00,1.1507,1.1527,1.1505,1.15245
2019-01-11 04:00:00,1.15245,1.15317,1.15164,1.15259
2019-01-11 08:00:00,1.15258,1.15396,1.15147,1.15311
2019-01-11 12:00:00,1.1531,1.15361,1.14572,1.14771
2019-01-11 16:00:00,1.1477,1.14856,1.14624,1.14641
2019-01-11 20:00:00,1.1464,1.1467,1.14571,1.14627
2019-01-13 20:00:00,1.14565,1.1468,1.14563,1.14589
2019-01-14 00:00:00,1.14589,1.14774,1.14588,1.14681
2019-01-14 04:00:00,1.14683,1.14805,1.14533,1.14787
2019-01-14 08:00:00,1.14785,1.14817,1.145,1.14702
2019-01-14 12:00:00,1.147,1.14796,1.14526,1.1467
2019-01-14 16:00:00,1.14669,1.14792,1.14623,1.14652
2019-01-14 20:00:00,1.14651,1.1472,1.14626,1.1472
2019-01-15 00:00:00,1.14725,1.14887,1.14706,1.14844
2019-01-15 04:00:00,1.14843,1.14844,1.14684,1.14696
2019-01-15 08:00:00,1.14694,1.14738,1.14229,1.14314
2019-01-15 12:00:00,1.14314,1.14545,1.14115,1.14382
2019-01-15 16:00:00,1.14382,1.14396,1.13813,1.1401
2019-01-15 20:00:00,1.1401,1.14172,1.13994,1.14133
2019-01-16 00:00:00,1.14134,1.1414,1.13957,1.14023
2019-01-16 04:00:00,1.14022,1.14144,1.13906,1.1393
2019-01-16 08:00:00,1.13933,1.14246,1.1377,1.13774
2019-01-16 12:00:00,1.13772,1.14034,1.13772,1.13934
2019-01-16 16:00:00,1.13935,1.14099,1.13934,1.13973
2019-01-16 20:00:00,1.13974,1.1402,1.13872,1.13989
2019-01-17 00:00:00,1.13986,1.14001,1.13854,1.13878
2019-01-17 04:00:00,1.13879,1.13934,1.13707,1.13872
2019-01-17 08:00:00,1.13871,1.1405,1.13815,1.1399
2019-01-17 12:00:00,1.13993,1.14053,1.13696,1.13802
2019-01-17 16:00:00,1.13803,1.13995,1.13768,1.13887
2019-01-17 20:00:00,1.13887,1.13921,1.13823,1.13912
2019-01-18 00:00:00,1.13913,1.13992,1.13878,1.13936
2019-01-18 04:00:00,1.13937,1.13984,1.13859,1.13907
2019-01-18 08:00:00,1.13906,1.14097,1.13876,1.14037
2019-01-18 12:00:00,1.14038,1.14098,1.13596,1.13664
2019-01-18 16:00:00,1.13663,1.13714,1.13523,1.13696
2019-01-18 20:00:00,1.13695,1.13695,1.13573,1.13589
2019-01-20 20:00:00,1.13565,1.13677,1.13565,1.13648
2019-01-21 00:00:00,1.13648,1.13799,1.13638,1.13741
2019-01-21 04:00:00,1.1374,1.139,1.13722,1.13837
2019-01-21 08:00:00,1.13839,1.1386,1.13656,1.13677
2019-01-21 12:00:00,1.13676,1.13694,1.13563,1.13628
2019-01-21 16:00:00,1.13629,1.13708,1.13616,1.13686
2019-01-21 20:00:00,1.13685,1.13709,1.1362,1.1368
2019-01-22 00:00:00,1.13678,1.13721,1.13612,1.13615
2019-01-22 04:00:00,1.13616,1.13617,1.13457,1.13525
2019-01-22 08:00:00,1.13524,1.13664,1.13492,1.13576
2019-01-22 12:00:00,1.13578,1.13639,1.1335,1.13554
2019-01-22 16:00:00,1.13555,1.13729,1.13542,1.13614
2019-01-22 20:00:00,1.13614,1.1364,1.13517,1.13623
2019-01-23 00:00:00,1.13625,1.1368,1.13592,1.1363
2019-01-23 04:00:00,1.1363,1.13718,1.13621,1.13643
2019-01-23 08:00:00,1.13644,1.13669,1.135,1.13645
2019-01-23 12:00:00,1.13643,1.13893,1.13501,1.13786
2019-01-23 16:00:00,1.13788,1.13941,1.13773,1.13829
2019-01-23 20:00:00,1.1383,1.13857,1.13762,1.13855
2019-01-24 00:00:00,1.13855,1.13911,1.13817,1.13879
2019-01-24 04:00:00,1.13879,1.139,1.13645,1.13697
2019-01-24 08:00:00,1.13696,1.1376,1.13292,1.13454
2019-01-24 12:00:00,1.13454,1.13799,1.13055,1.13536
2019-01-24 16:00:00,1.13536,1.13549,1.12885,1.12987
2019-01-24 20:00:00,1.12985,1.13147,1.12977,1.13124
2019-01-25 00:00:00,1.13123,1.13258,1.13041,1.13202
2019-01-25 04:00:00,1.13203,1.13277,1.13139,1.13232
2019-01-25 08:00:00,1.13232,1.13491,1.13148,1.13454
2019-01-25 12:00:00,1.13454,1.14073,1.13386,1.13963
2019-01-25 16:00:00,1.13964,1.14141,1.13948,1.14135
2019-01-25 20:00:00,1.14134,1.14173,1.13995,1.13995
2019-01-27 20:00:00,1.1398,1.1413,1.13954,1.14124
2019-01-28 00:00:00,1.14125,1.14253,1.14078,1.14186
2019-01-28 04:00:00,1.14187,1.14253,1.14013,1.14059
2019-01-28 08:00:00,1.14058,1.14221,1.13897,1.14061
2019-01-28 12:00:00,1.14061,1.14372,1.14039,1.14352
2019-01-28 16:00:00,1.14354,1.14433,1.14258,1.14277
2019-01-28 20:00:00,1.14278,1.14306,1.14225,1.14285
2019-01-29 00:00:00,1.14286,1.14332,1.142,1.14291
2019-01-29 04:00:00,1.14292,1.14429,1.14274,1.14341
2019-01-29 08:00:00,1.1434,1.14494,1.14299,1.14351
2019-01-29 12:00:00,1.1435,1.14359,1.14104,1.14155
2019-01-29 16:00:00,1.14154,1.14395,1.14132,1.1428
2019-01-29 20:00:00,1.14281,1.14402,1.14213,1.14335
2019-01-30 00:00:00,1.14336,1.14432,1.14273,1.1436
2019-01-30 04:00:00,1.14359,1.14497,1.14267,1.14304
2019-01-30 08:00:00,1.14304,1.1441,1.14211,1.14333
2019-01-30 12:00:00,1.14331,1.14406,1.14055,1.14242
2019-01-30 16:00:00,1.14243,1.15012,1.14126,1.14916
2019-01-30 20:00:00,1.14917,1.1494,1.14751,1.14846
2019-01-31 00:00:00,1.14845,1.15073,1.14837,1.15012
2019-01-31 04:00:00,1.15011,1.15137,1.14945,1.14956
2019-01-31 08:00:00,1.14953,1.15082,1.14709,1.14866
2019-01-31 12:00:00,1.14867,1.14952,1.14712,1.14746
2019-01-31 16:00:00,1.14745,1.14777,1.14328,1.14434
2019-01-31 20:00:00,1.14435,1.14479,1.14392,1.14476
2019-02-01 00:00:00,1.14474,1.14494,1.14371,1.14414
2019-02-01 04:00:00,1.14416,1.1448,1.14338,1.14472
2019-02-01 08:00:00,1.14471,1.14742,1.1442,1.14691
2019-02-01 12:00:00,1.14691,1.14852,1.1447,1.1468
2019-02-01 16:00:00,1.14681,1.14878,1.1455,1.14591
2019-02-01 20:00:00,1.14592,1.14611,1.14513,1.14513
2019-02-03 20:00:00,1.14488,1.14574,1.14488,1.1454
2019-02-04 00:00:00,1.14538,1.14598,1.14457,1.14478
2019-02-04 04:00:00,1.14477,1.14485,1.14373,1.14419
2019-02-04 08:00:00,1.14421,1.14537,1.14381,1.14513
2019-02-04 12:00:00,1.14512,1.14521,1.14243,1.14281
2019-02-04 16:00:00,1.14283,1.14395,1.14237,1.14306
2019-02-04 20:00:00,1.14308,1.14377,1.14308,1.14343
2019-02-05 00:00:00,1.14342,1.14397,1.14313,1.14323
2019-02-05 04:00:00,1.14324,1.14351,1.14207,1.14245
2019-02-05 08:00:00,1.14244,1.1425,1.1411,1.14208
2019-02-05 12:00:00,1.14209,1.14334,1.14044,1.14061
2019-02-05 16:00:00,1.14063,1.14167,1.14004,1.14088
2019-02-05 20:00:00,1.1409,1.14131,1.13992,1.14081
2019-02-06 00:00:00,1.14079,1.14082,1.13953,1.13976
2019-02-06 04:00:00,1.13978,1.14017,1.13795,1.13886
2019-02-06 08:00:00,1.13886,1.13981,1.13813,1.13841
2019-02-06 12:00:00,1.1384,1.1395,1.13743,1.13766
2019-02-06 16:00:00,1.13767,1.13816,1.13615,1.13637
2019-02-06 20:00:00,1.13636,1.1369,1.13584,1.1365
2019-02-07 00:00:00,1.13651,1.1367,1.1358,1.13592
2019-02-07 04:00:00,1.13591,1.1366,1.1353,1.13536
2019-02-07 08:00:00,1.13537,1.13565,1.13232,1.13276
2019-02-07 12:00:00,1.13274,1.13585,1.13263,1.13557
2019-02-07 16:00:00,1.13558,1.13594,1.13464,1.13491
2019-02-07 20:00:00,1.13492,1.13528,1.13339,1.13375
2019-02-08 00:00:00,1.13376,1.13404,1.13346,1.13396
2019-02-08 04:00:00,1.13394,1.13429,1.13334,1.13396
2019-02-08 08:00:00,1.13395,1.13432,1.13222,1.13388
2019-02-08 12:00:00,1.13387,1.13502,1.13261,1.13278
2019-02-08 16:00:00,1.13279,1.13324,1.13205,1.13221
2019-02-08 20:00:00,1.13221,1.13243,1.13171,1.13171
2019-02-10 20:00:00,1.13178,1.13243,1.13135,1.13233
2019-02-11 00:00:00,1.13234,1.13271,1.1318,1.13198
2019-02-11 04:00:00,1.13199,1.13293,1.13158,1.13205
2019-02-11 08:00:00,1.13206,1.13218,1.12963,1.13132
2019-02-11 12:00:00,1.13131,1.1314,1.12716,1.12754
2019-02-11 16:00:00,1.12755,1.12828,1.12666,1.12755
2019-02-11 20:00:00,1.12754,1.12786,1.12737,1.1278
2019-02-12 00:00:00,1.12778,1.12845,1.12717,1.12798
2019-02-12 04:00:00,1.12799,1.12872,1.12743,1.12845
2019-02-12 08:00:00,1.12846,1.12897,1.1257,1.12819
2019-02-12 12:00:00,1.12821,1.1303,1.12797,1.12982
2019-02-12 16:00:00,1.12983,1.13391,1.12978,1.13315
2019-02-12 20:00:00,1.13316,1.13376,1.13233,1.13331
2019-02-13 00:00:00,1.13329,1.13409,1.13265,1.13398
2019-02-13 04:00:00,1.13397,1.13397,1.13186,1.13192
2019-02-13 08:00:00,1.13191,1.13338,1.13106,1.13292
2019-02-13 12:00:00,1.13289,1.13291,1.12803,1.1286
2019-02-13 16:00:00,1.12861,1.12901,1.12661,1.12697
2019-02-13 20:00:00,1.12696,1.12715,1.12481,1.1264
2019-02-14 00:00:00,1.12642,1.12831,1.12601,1.12813
2019-02-14 04:00:00,1.12812,1.12942,1.12712,1.12856
2019-02-14 08:00:00,1.12857,1.12895,1.12491,1.12687
2019-02-14 12:00:00,1.12687,1.13091,1.12605,1.12759
2019-02-14 16:00:00,1.1276,1.13022,1.12702,1.13002
2019-02-14 20:00:00,1.13003,1.13004,1.12904,1.12942
2019-02-15 00:00:00,1.12941,1.12963,1.12839,1.1286
2019-02-15 04:00:00,1.12859,1.12908,1.1271,1.12786
2019-02-15 08:00:00,1.12787,1.12858,1.12676,1.12723
2019-02-15 12:00:00,1.12724,1.12848,1.12335,1.12627
2019-02-15 16:00:00,1.12628,1.13056,1.12603,1.12947
2019-02-15 20:00:00,1.12947,1.13005,1.12875,1.129
2019-02-17 20:00:00,1.12905,1.12953,1.1288,1.12944
2019-02-18 00:00:00,1.12942,1.13243,1.1293,1.13167
2019-02-18 04:00:00,1.13168,1.13177,1.13011,1.13067
2019-02-18 08:00:00,1.13067,1.13307,1.12943,1.13299
2019-02-18 12:00:00,1.13297,1.13334,1.13041,1.13063
2019-02-18 16:00:00,1.13064,1.13129,1.13018,1.13114
2019-02-18 20:00:00,1.13113,1.13154,1.13065,1.1311
2019-02-19 00:00:00,1.13109,1.13131,1.12933,1.12948
2019-02-19 04:00:00,1.12947,1.13048,1.12925,1.12987
2019-02-19 08:00:00,1.12988,1.1324,1.12749,1.12823
2019-02-19 12:00:00,1.12824,1.13392,1.1276,1.13332
2019-02-19 16:00:00,1.13334,1.1357,1.13201,1.13399
2019-02-19 20:00:00,1.13398,1.1344,1.13333,1.13392
2019-02-20 00:00:00,1.13391,1.13554,1.13391,1.13443
2019-02-20 04:00:00,1.13445,1.13455,1.1331,1.1343
2019-02-20 08:00:00,1.13429,1.13576,1.13296,1.13351
2019-02-20 12:00:00,1.1335,1.13498,1.13242,1.13485
2019-02-20 16:00:00,1.13486,1.13706,1.13343,1.13506
2019-02-20 20:00:00,1.13507,1.13508,1.13351,1.13455
2019-02-21 00:00:00,1.13456,1.13496,1.13319,1.13474
2019-02-21 04:00:00,1.13473,1.13521,1.13174,1.1334
2019-02-21 08:00:00,1.13341,1.13626,1.13217,1.13494
2019-02-21 12:00:00,1.13496,1.13658,1.13368,1.13468
2019-02-21 16:00:00,1.13467,1.13474,1.13223,1.13358
2019-02-21 20:00:00,1.13359,1.13402,1.13289,1.13392
2019-02-22 00:00:00,1.1339,1.13412,1.13312,1.13384
2019-02-22 04:00:00,1.13383,1.13487,1.13319,1.13458
2019-02-22 08:00:00,1.13457,1.13511,1.13344,1.13379
2019-02-22 12:00:00,1.13378,1.13551,1.13154,1.13391
2019-02-22 16:00:00,1.13392,1.13545,1.1327,1.13365
2019-02-22 20:00:00,1.13364,1.13377,1.13284,1.1329
2019-02-24 20:00:00,1.13319,1.13416,1.13243,1.13416
2019-02-25 00:00:00,1.13414,1.13486,1.13366,1.13431
2019-02-25 04:00:00,1.13429,1.13583,1.1338,1.1356
2019-02-25 08:00:00,1.13559,1.13669,1.13412,1.13642
2019-02-25 12:00:00,1.13644,1.13644,1.13397,1.1346
2019-02-25 16:00:00,1.13458,1.13643,1.13361,1.13639
2019-02-25 20:00:00,1.1364,1.13669,1.1354,1.13642
2019-02-26 00:00:00,1.13642,1.13669,1.13536,1.13615
2019-02-26 04:00:00,1.13617,1.13637,1.13473,1.13492
2019-02-26 08:00:00,1.1349,1.13711,1.13451,1.13638
2019-02-26 12:00:00,1.13636,1.13746,1.13446,1.13582
2019-02-26 16:00:00,1.13581,1.14022,1.13537,1.13957
2019-02-26 20:00:00,1.13956,1.13961,1.1384,1.13923
2019-02-27 00:00:00,1.13924,1.13942,1.1377,1.13789
2019-02-27 04:00:00,1.13788,1.13832,1.13718,1.13777
2019-02-27 08:00:00,1.13779,1.1403,1.13764,1.13962
2019-02-27 12:00:00,1.13963,1.13967,1.1368,1.13806
2019-02-27 16:00:00,1.13808,1.13865,1.13607,1.13688
2019-02-27 20:00:00,1.1369,1.13793,1.13637,1.13791
2019-02-28 00:00:00,1.13789,1.13794,1.13696,1.1377
2019-02-28 04:00:00,1.13771,1.13833,1.13668,1.13811
2019-02-28 08:00:00,1.13808,1.14191,1.13801,1.14164
2019-02-28 12:00:00,1.14163,1.14183,1.1359,1.13863
2019-02-28 16:00:00,1.13862,1.13954,1.13691,1.13773
2019-02-28 20:00:00,1.13772,1.13802,1.13666,1.13723
2019-03-01 00:00:00,1.13722,1.13747,1.13632,1.13687
2019-03-01 04:00:00,1.13689,1.13747,1.13609,1.13717
2019-03-01 08:00:00,1.13716,1.13852,1.13527,1.13836
2019-03-01 12:00:00,1.13837,1.1408,1.13745,1.13857
2019-03-01 16:00:00,1.13859,1.13879,1.13539,1.13574
2019-03-01 20:00:00,1.13572,1.13677,1.13548,1.13611
2019-03-03 20:00:00,1.13808,1.13808,1.13716,1.13744
2019-03-04 00:00:00,1.13745,1.13745,1.13612,1.13659
2019-03-04 04:00:00,1.13661,1.13686,1.13548,1.13574
2019-03-04 08:00:00,1.13573,1.13574,1.13271,1.13325
2019-03-04 12:00:00,1.13324,1.13449,1.13084,1.13221
2019-03-04 16:00:00,1.13222,1.13348,1.13168,1.13299
2019-03-04 20:00:00,1.13297,1.13424,1.13279,1.13356
2019-03-05 00:00:00,1.13358,1.13372,1.13266,1.1327
2019-03-05 04:00:00,1.13271,1.13309,1.13177,1.13262
2019-03-05 08:00:00,1.13263,1.13377,1.13153,1.13332
2019-03-05 12:00:00,1.1333,1.13379,1.12914,1.13059
2019-03-05 16:00:00,1.13058,1.13098,1.1289,1.13023
2019-03-05 20:00:00,1.13022,1.13081,1.12967,1.13053
2019-03-06 00:00:00,1.13055,1.13065,1.12891,1.12925
2019-03-06 04:00:00,1.12922,1.13033,1.12922,1.13002
2019-03-06 08:00:00,1.13001,1.13097,1.12974,1.13013
2019-03-06 12:00:00,1.13013,1.13229,1.12845,1.13166
2019-03-06 16:00:00,1.13165,1.13241,1.13038,1.13071
2019-03-06 20:00:00,1.13072,1.13129,1.13052,1.13124
2019-03-07 00:00:00,1.13121,1.1315,1.13022,1.13039
2019-03-07 04:00:00,1.13041,1.13093,1.13006,1.13067
2019-03-07 08:00:00,1.13068,1.13197,1.13042,1.13083
2019-03-07 12:00:00,1.13082,1.13099,1.1229,1.12312
2019-03-07 16:00:00,1.12313,1.12332,1.11744,1.11828
2019-03-07 20:00:00,1.1183,1.11983,1.11781,1.11974
2019-03-08 00:00:00,1.11975,1.12002,1.11846,1.11963
2019-03-08 04:00:00,1.11962,1.1211,1.11936,1.12091
2019-03-08 08:00:00,1.12092,1.12202,1.11995,1.12144
2019-03-08 12:00:00,1.12142,1.12399,1.12122,1.12355
2019-03-08 16:00:00,1.12355,1.12454,1.12321,1.1242
2019-03-08 20:00:00,1.1242,1.12425,1.12278,1.12297
2019-03-10 20:00:00,1.12294,1.12368,1.12281,1.12311
2019-03-11 00:00:00,1.12309,1.12329,1.12224,1.12321
2019-03-11 04:00:00,1.12323,1.125,1.12312,1.12482
2019-03-11 08:00:00,1.12481,1.12579,1.12353,1.12427
2019-03-11 12:00:00,1.12428,1.12541,1.12212,1.12245
2019-03-11 16:00:00,1.12246,1.12498,1.12217,1.1247
2019-03-11 20:00:00,1.12471,1.12725,1.12405,1.12585
2019-03-12 00:00:00,1.12584,1.12652,1.1255,1.12605
2019-03-12 04:00:00,1.12603,1.12669,1.12505,1.12656
2019-03-12 08:00:00,1.12655,1.12837,1.12498,1.1253
2019-03-12 12:00:00,1.12529,1.12938,1.12487,1.12756
2019-03-12 16:00:00,1.12758,1.13044,1.1273,1.12959
2019-03-12 20:00:00,1.12958,1.12992,1.12816,1.12859
2019-03-13 00:00:00,1.12859,1.12894,1.12824,1.12837
2019-03-13 04:00:00,1.12836,1.12887,1.12779,1.1279
2019-03-13 08:00:00,1.12792,1.13042,1.12769,1.13016
2019-03-13 12:00:00,1.13017,1.13132,1.129,1.13087
2019-03-13 16:00:00,1.13088,1.13381,1.12995,1.13328
2019-03-13 20:00:00,1.1333,1.13367,1.13229,1.13293
2019-03-14 00:00:00,1.13296,1.13324,1.13195,1.13203
2019-03-14 04:00:00,1.13205,1.13276,1.13116,1.1323
2019-03-14 08:00:00,1.13229,1.13355,1.12954,1.13013
2019-03-14 12:00:00,1.13012,1.13101,1.12935,1.13027
2019-03-14 16:00:00,1.13029,1.1307,1.12963,1.13019
2019-03-14 20:00:00,1.13018,1.13087,1.12961,1.13059
2019-03-15 00:00:00,1.1306,1.13265,1.13034,1.13188
2019-03-15 04:00:00,1.13188,1.13249,1.13142,1.13248
2019-03-15 08:00:00,1.13249,1.13284,1.13116,1.1318
2019-03-15 12:00:00,1.13182,1.13438,1.12994,1.13262
2019-03-15 16:00:00,1.13261,1.1328,1.13136,1.13213
2019-03-15 20:00:00,1.13214,1.13286,1.13173,1.13231
2019-03-17 20:00:00,1.13184,1.13269,1.13184,1.13189
2019-03-18 00:00:00,1.13189,1.13375,1.13186,1.13347
2019-03-18 04:00:00,1.13349,1.13495,1.13313,1.13492
2019-03-18 08:00:00,1.1349,1.13578,1.13397,1.13564
2019-03-18 12:00:00,1.13565,1.13584,1.13301,1.13366
2019-03-18 16:00:00,1.13366,1.13416,1.1324,1.13416
2019-03-18 20:00:00,1.13415,1.13423,1.13321,1.13355
2019-03-19 00:00:00,1.13354,1.13482,1.13331,1.13474
2019-03-19 04:00:00,1.13473,1.13512,1.13415,1.13467
2019-03-19 08:00:00,1.13466,1.1361,1.13451,1.13548
2019-03-19 12:00:00,1.13549,1.13609,1.13381,1.1346
2019-03-19 16:00:00,1.13461,1.13586,1.13447,1.13576
2019-03-19 20:00:00,1.13574,1.13574,1.13474,1.13537
2019-03-20 00:00:00,1.13535,1.13564,1.13423,1.1346
2019-03-20 04:00:00,1.13459,1.13528,1.134,1.13446
2019-03-20 08:00:00,1.13444,1.13573,1.1335,1.13572
2019-03-20 12:00:00,1.13574,1.13656,1.13454,1.13522
2019-03-20 16:00:00,1.13521,1.14476,1.13467,1.14336
2019-03-20 20:00:00,1.14334,1.14335,1.14092,1.14279
2019-03-21 00:00:00,1.14277,1.14368,1.1422,1.14232
2019-03-21 04:00:00,1.1423,1.1429,1.14115,1.14127
2019-03-21 08:00:00,1.14124,1.14133,1.13833,1.13917
2019-03-21 12:00:00,1.13917,1.13956,1.13525,1.13602
2019-03-21 16:00:00,1.136,1.13666,1.13419,1.13663
2019-03-21 20:00:00,1.13664,1.13774,1.13634,1.13733
2019-03-22 00:00:00,1.13734,1.13753,1.13603,1.13739
2019-03-22 04:00:00,1.13739,1.13901,1.13719,1.1387
2019-03-22 08:00:00,1.13871,1.13898,1.12876,1.12982
2019-03-22 12:00:00,1.12981,1.13148,1.12727,1.12821
2019-03-22 16:00:00,1.12822,1.13008,1.12811,1.1297
2019-03-22 20:00:00,1.12968,1.13011,1.12933,1.12981
2019-03-24 20:00:00,1.1288,1.12988,1.12853,1.1295
2019-03-25 00:00:00,1.12951,1.12996,1.12881,1.12985
2019-03-25 04:00:00,1.12983,1.13136,1.12954,1.13085
2019-03-25 08:00:00,1.13083,1.13242,1.12941,1.13085
2019-03-25 12:00:00,1.13086,1.13308,1.13083,1.1321
2019-03-25 16:00:00,1.13212,1.13254,1.13094,1.13141
2019-03-25 20:00:00,1.13141,1.13186,1.13083,1.13146
2019-03-26 00:00:00,1.13144,1.13212,1.13123,1.13156
2019-03-26 04:00:00,1.13154,1.13171,1.13046,1.13121
2019-03-26 08:00:00,1.13119,1.13253,1.13023,1.13101
2019-03-26 12:00:00,1.13103,1.13112,1.12774,1.12787
2019-03-26 16:00:00,1.12788,1.12941,1.12641,1.12688
2019-03-26 20:00:00,1.12689,1.12764,1.12619,1.12733
2019-03-27 00:00:00,1.12734,1.12737,1.12501,1.12523
2019-03-27 04:00:00,1.12524,1.12662,1.12463,1.12516
2019-03-27 08:00:00,1.12517,1.1285,1.12495,1.128
2019-03-27 12:00:00,1.12801,1.12823,1.12417,1.12504
2019-03-27 16:00:00,1.12505,1.1267,1.12434,1.12507
2019-03-27 20:00:00,1.12505,1.12538,1.12426,1.12516
2019-03-28 00:00:00,1.12514,1.12571,1.12427,1.12541
2019-03-28 04:00:00,1.12542,1.12607,1.12365,1.12378
2019-03-28 08:00:00,1.12376,1.12583,1.12237,1.12252
2019-03-28 12:00:00,1.12253,1.1238,1.1213,1.12351
2019-03-28 16:00:00,1.1235,1.12373,1.12148,1.12224
2019-03-28 20:00:00,1.12226,1.12294,1.12175,1.12294
2019-03-29 00:00:00,1.12292,1.12344,1.12232,1.12279
2019-03-29 04:00:00,1.12277,1.12385,1.12228,1.12297
2019-03-29 08:00:00,1.12297,1.12359,1.12092,1.12294
2019-03-29 12:00:00,1.12296,1.1246,1.12199,1.12265
2019-03-29 16:00:00,1.12263,1.12304,1.12123,1.12168
2019-03-29 20:00:00,1.12168,1.12179,1.12146,1.12161
2019-03-31 20:00:00,1.1225,1.12284,1.12181,1.12228
2019-04-01 00:00:00,1.12225,1.12332,1.12206,1.12314
2019-04-01 04:00:00,1.12316,1.12424,1.12269,1.12383
2019-04-01 08:00:00,1.12382,1.12491,1.12265,1.12288
2019-04-01 12:00:00,1.12289,1.12442,1.12078,1.1209
2019-04-01 16:00:00,1.12091,1.12122,1.12034,1.12097
2019-04-01 20:00:00,1.12096,1.12128,1.11974,1.12043
2019-04-02 00:00:00,1.12045,1.1208,1.11966,1.12021
2019-04-02 04:00:00,1.12019,1.12106,1.11896,1.11989
2019-04-02 08:00:00,1.1199,1.12054,1.11929,1.12008
2019-04-02 12:00:00,1.1201,1.12116,1.11832,1.11858
2019-04-02 16:00:00,1.11858,1.12153,1.11851,1.12007
2019-04-02 20:00:00,1.12006,1.12047,1.1198,1.12027
2019-04-03 00:00:00,1.12026,1.12259,1.12014,1.12211
2019-04-03 04:00:00,1.12213,1.12421,1.12147,1.12366
2019-04-03 08:00:00,1.12366,1.12541,1.12317,1.12457
2019-04-03 12:00:00,1.12458,1.12485,1.12245,1.12412
2019-04-03 16:00:00,1.12413,1.12487,1.12369,1.12378
2019-04-03 20:00:00,1.12377,1.12451,1.12313,1.12441
2019-04-04 00:00:00,1.12442,1.12469,1.12363,1.12415
2019-04-04 04:00:00,1.12416,1.1247,1.12328,1.12401
2019-04-04 08:00:00,1.12402,1.12408,1.12201,1.12229
2019-04-04 12:00:00,1.12231,1.12243,1.12055,1.12156
2019-04-04 16:00:00,1.12157,1.12238,1.12128,1.12237
2019-04-04 20:00:00,1.12236,1.12263,1.12165,1.12217
2019-04-05 00:00:00,1.12218,1.12284,1.12186,1.12235
2019-04-05 04:00:00,1.12236,1.12359,1.12228,1.12286
2019-04-05 08:00:00,1.12287,1.12324,1.12232,1.12243
2019-04-05 12:00:00,1.12244,1.1243,1.12096,1.12164
2019-04-05 16:00:00,1.12166,1.12193,1.121,1.12175
2019-04-05 20:00:00,1.12175,1.12183,1.12112,1.12115
2019-04-07 20:00:00,1.12136,1.12194,1.12098,1.12176
2019-04-08 00:00:00,1.12178,1.12316,1.12142,1.12286
2019-04-08 04:00:00,1.12285,1.12305,1.1221,1.12282
2019-04-08 08:00:00,1.12283,1.12504,1.12255,1.12463
2019-04-08 12:00:00,1.12464,1.12739,1.12425,1.12608
2019-04-08 16:00:00,1.12607,1.12685,1.12576,1.12643
2019-04-08 20:00:00,1.12642,1.12642,1.12544,1.12551
2019-04-09 00:00:00,1.12549,1.12686,1.12549,1.12669
2019-04-09 04:00:00,1.12667,1.12716,1.12556,1.12647
2019-04-09 08:00:00,1.12644,1.12801,1.12616,1.12739
2019-04-09 12:00:00,1.1274,1.12837,1.1267,1.12765
2019-04-09 16:00:00,1.12766,1.12777,1.12614,1.1264
2019-04-09 20:00:00,1.12639,1.12665,1.12605,1.12649
2019-04-10 00:00:00,1.12646,1.12665,1.12549,1.126
2019-04-10 04:00:00,1.12601,1.12733,1.12585,1.12649
2019-04-10 08:00:00,1.12647,1.12806,1.12612,1.12756
2019-04-10 12:00:00,1.12757,1.12857,1.12291,1.12656
2019-04-10 16:00:00,1.12657,1.1278,1.12618,1.12718
2019-04-10 20:00:00,1.12717,1.12774,1.1269,1.12753
2019-04-11 00:00:00,1.1275,1.12788,1.12721,1.12759
2019-04-11 04:00:00,1.12761,1.12869,1.12743,1.12808
2019-04-11 08:00:00,1.12807,1.12846,1.12631,1.12662
2019-04-11 12:00:00,1.12664,1.12754,1.12549,1.1261
2019-04-11 16:00:00,1.12612,1.12631,1.12492,1.12592
2019-04-11 20:00:00,1.1259,1.12616,1.12491,1.12597
2019-04-12 00:00:00,1.12595,1.12941,1.12567,1.12893
2019-04-12 04:00:00,1.12895,1.12913,1.1281,1.1288
2019-04-12 08:00:00,1.12881,1.1321,1.12869,1.13061
2019-04-12 12:00:00,1.13063,1.13233,1.13034,1.13038
2019-04-12 16:00:00,1.13037,1.13071,1.12936,1.12981
2019-04-12 20:00:00,1.12981,1.12982,1.1292,1.12937
2019-04-14 20:00:00,1.12996,1.13065,1.1298,1.13023
2019-04-15 00:00:00,1.13025,1.13138,1.1301,1.13105
2019-04-15 04:00:00,1.13107,1.13203,1.1302,1.13159
2019-04-15 08:00:00,1.13159,1.13196,1.13055,1.13073
2019-04-15 12:00:00,1.13074,1.13152,1.1297,1.13033
2019-04-15 16:00:00,1.13035,1.13083,1.12994,1.13049
2019-04-15 20:00:00,1.1305,1.1305,1.12991,1.13037
2019-04-16 00:00:00,1.13039,1.13067,1.12921,1.13021
2019-04-16 04:00:00,1.13022,1.13114,1.12985,1.13096
2019-04-16 08:00:00,1.13097,1.13133,1.12788,1.13088
2019-04-16 12:00:00,1.13089,1.13111,1.12869,1.1292
2019-04-16 16:00:00,1.12921,1.12925,1.12798,1.12825
2019-04-16 20:00:00,1.12824,1.12873,1.12781,1.12841
2019-04-17 00:00:00,1.12842,1.13029,1.12808,1.13024
2019-04-17 04:00:00,1.13022,1.13232,1.13021,1.13163
2019-04-17 08:00:00,1.13161,1.13199,1.13014,1.13017
2019-04-17 12:00:00,1.13019,1.13071,1.12901,1.12956
2019-04-17 16:00:00,1.12955,1.1302,1.12926,1.12989
2019-04-17 20:00:00,1.12988,1.13,1.12927,1.12959
2019-04-18 00:00:00,1.12958,1.13001,1.1289,1.12936
2019-04-18 04:00:00,1.12937,1.13035,1.12641,1.12705
2019-04-18 08:00:00,1.12705,1.12705,1.12425,1.12514
2019-04-18 12:00:00,1.12512,1.12535,1.12354,1.12402
2019-04-18 16:00:00,1.12401,1.12401,1.12257,1.12291
2019-04-18 20:00:00,1.12293,1.12377,1.12252,1.12345
2019-04-19 00:00:00,1.12342,1.12416,1.12313,1.12362
2019-04-19 04:00:00,1.1236,1.12449,1.12346,1.1243
2019-04-19 08:00:00,1.12432,1.12467,1.12428,1.12448
2019-04-19 12:00:00,1.1245,1.12471,1.12415,1.12455
2019-04-19 16:00:00,1.12452,1.12452,1.12418,1.12443
2019-04-19 20:00:00,1.12441,1.12448,1.12367,1.12403
2019-04-21 20:00:00,1.12397,1.1244,1.12364,1.12437
2019-04-22 00:00:00,1.12435,1.12447,1.12361,1.12361
2019-04-22 04:00:00,1.12362,1.12465,1.12352,1.12462
2019-04-22 08:00:00,1.1246,1.12514,1.12427,1.12474
2019-04-22 12:00:00,1.12475,1.12614,1.12456,1.12572
2019-04-22 16:00:00,1.12574,1.12613,1.12568,1.12585
2019-04-22 20:00:00,1.12583,1.12599,1.12537,1.12578
2019-04-23 00:00:00,1.1258,1.12583,1.1244,1.12525
2019-04-23 04:00:00,1.12526,1.12529,1.12413,1.12446
2019-04-23 08:00:00,1.12447,1.12606,1.12415,1.12458
2019-04-23 12:00:00,1.12459,1.12473,1.11916,1.12116
2019-04-23 16:00:00,1.12117,1.12241,1.12089,1.1224
2019-04-23 20:00:00,1.12238,1.12271,1.12204,1.12231
2019-04-24 00:00:00,1.12233,1.12235,1.1208,1.12106
2019-04-24 04:00:00,1.12105,1.12175,1.12003,1.12161
2019-04-24 08:00:00,1.12155,1.12227,1.11939,1.12107
2019-04-24 12:00:00,1.12108,1.12113,1.11803,1.11907
2019-04-24 16:00:00,1.11909,1.11916,1.11399,1.11559
2019-04-24 20:00:00,1.11558,1.11585,1.11491,1.11528
2019-04-25 00:00:00,1.11529,1.11597,1.11443,1.11559
2019-04-25 04:00:00,1.11561,1.11619,1.11441,1.1154
2019-04-25 08:00:00,1.11538,1.11547,1.11214,1.11231
2019-04-25 12:00:00,1.11233,1.1154,1.11173,1.11391
2019-04-25 16:00:00,1.11391,1.1143,1.11265,1.11326
2019-04-25 20:00:00,1.11325,1.11386,1.11257,1.11348
2019-04-26 00:00:00,1.11347,1.11406,1.11235,1.11353
2019-04-26 04:00:00,1.11352,1.11468,1.11325,1.11403
2019-04-26 08:00:00,1.11402,1.11442,1.1129,1.11328
2019-04-26 12:00:00,1.11329,1.11734,1.11094,1.11534
2019-04-26 16:00:00,1.11533,1.1165,1.11466,1.11471
2019-04-26 20:00:00,1.11469,1.11531,1.11368,1.11422
2019-04-28 20:00:00,1.11424,1.11511,1.11424,1.11487
2019-04-29 00:00:00,1.11489,1.11584,1.11445,1.11572
2019-04-29 04:00:00,1.11571,1.11656,1.11553,1.11595
2019-04-29 08:00:00,1.11593,1.11666,1.11487,1.11508
2019-04-29 12:00:00,1.11507,1.11696,1.11448,1.11651
2019-04-29 16:00:00,1.11655,1.11861,1.11647,1.1183
2019-04-29 20:00:00,1.11829,1.11853,1.11805,1.11843
2019-04-30 00:00:00,1.11841,1.11925,1.11787,1.11867
2019-04-30 04:00:00,1.11866,1.11945,1.11753,1.11855
2019-04-30 08:00:00,1.11853,1.12196,1.1185,1.12191
2019-04-30 12:00:00,1.12193,1.12286,1.1197,1.12002
2019-04-30 16:00:00,1.12003,1.1225,1.11991,1.12158
2019-04-30 20:00:00,1.1216,1.12171,1.12101,1.12151
2019-05-01 00:00:00,1.12152,1.12191,1.12133,1.12178
2019-05-01 04:00:00,1.12179,1.12295,1.12136,1.12267
2019-05-01 08:00:00,1.12266,1.12389,1.12224,1.12363
2019-05-01 12:00:00,1.12361,1.12494,1.12213,1.12447
2019-05-01 16:00:00,1.12448,1.12642,1.11866,1.11946
2019-05-01 20:00:00,1.11948,1.12028,1.119,1.12018
2019-05-02 00:00:00,1.12019,1.12086,1.11991,1.12054
2019-05-02 04:00:00,1.12056,1.12184,1.11906,1.12128
2019-05-02 08:00:00,1.12126,1.12154,1.11956,1.12039
2019-05-02 12:00:00,1.12038,1.12112,1.11711,1.11839
2019-05-02 16:00:00,1.11836,1.11837,1.11718,1.1172
2019-05-02 20:00:00,1.11721,1.1175,1.11702,1.11724
2019-05-03 00:00:00,1.11723,1.11769,1.11698,1.11729
2019-05-03 04:00:00,1.11728,1.11743,1.11573,1.11675
2019-05-03 08:00:00,1.11674,1.11675,1.11435,1.11517
2019-05-03 12:00:00,1.11516,1.11994,1.11345,1.11875
2019-05-03 16:00:00,1.11875,1.12017,1.11834,1.11989
2019-05-03 20:00:00,1.11988,1.12042,1.11962,1.11962
2019-05-05 20:00:00,1.11685,1.11998,1.11648,1.11841
2019-05-06 00:00:00,1.11843,1.11941,1.11801,1.11931
2019-05-06 04:00:00,1.1193,1.11952,1.11832,1.1187
2019-05-06 08:00:00,1.11871,1.1203,1.11825,1.11978
2019-05-06 12:00:00,1.11976,1.12028,1.11785,1.1196
2019-05-06 16:00:00,1.11959,1.12086,1.11955,1.12009
2019-05-06 20:00:00,1.12007,1.12015,1.11893,1.12006
2019-05-07 00:00:00,1.12004,1.12071,1.11965,1.12067
2019-05-07 04:00:00,1.12066,1.12174,1.11935,1.11951
2019-05-07 08:00:00,1.1195,1.12057,1.11764,1.11823
2019-05-07 12:00:00,1.11823,1.11924,1.11744,1.11773
2019-05-07 16:00:00,1.11772,1.11927,1.1166,1.1186
2019-05-07 20:00:00,1.11861,1.1194,1.11846,1.11889
2019-05-08 00:00:00,1.1189,1.12054,1.11878,1.12031
2019-05-08 04:00:00,1.12031,1.12122,1.1196,1.12045
2019-05-08 08:00:00,1.12046,1.12107,1.11909,1.12024
2019-05-08 12:00:00,1.12022,1.12132,1.11886,1.12051
2019-05-08 16:00:00,1.12052,1.12091,1.11822,1.11931
2019-05-08 20:00:00,1.11932,1.11978,1.11886,1.11974
2019-05-09 00:00:00,1.11971,1.11973,1.11853,1.11904
2019-05-09 04:00:00,1.11903,1.12028,1.11824,1.11862
2019-05-09 08:00:00,1.11863,1.11971,1.11728,1.11892
2019-05-09 12:00:00,1.11891,1.12504,1.11866,1.12273
2019-05-09 16:00:00,1.12272,1.12309,1.12113,1.12185
2019-05-09 20:00:00,1.12184,1.12206,1.12088,1.12179
2019-05-10 00:00:00,1.1218,1.12343,1.12174,1.1229
2019-05-10 04:00:00,1.12289,1.12325,1.12173,1.12251
2019-05-10 08:00:00,1.12252,1.12379,1.12195,1.12291
2019-05-10 12:00:00,1.12293,1.1253,1.12246,1.12405
2019-05-10 16:00:00,1.12404,1.12408,1.12271,1.12315
2019-05-10 20:00:00,1.12316,1.12386,1.12293,1.12302
2019-05-12 20:00:00,1.12306,1.12393,1.12288,1.12351
2019-05-13 00:00:00,1.1235,1.1237,1.12284,1.12292
2019-05-13 04:00:00,1.1229,1.1236,1.12224,1.12292
2019-05-13 08:00:00,1.1229,1.1241,1.1226,1.12312
2019-05-13 12:00:00,1.12311,1.12629,1.12271,1.12315
2019-05-13 16:00:00,1.12314,1.12378,1.12282,1.123
2019-05-13 20:00:00,1.123,1.12314,1.12171,1.12314
2019-05-14 00:00:00,1.12316,1.12402,1.123,1.12389
2019-05-14 04:00:00,1.12387,1.12418,1.12288,1.12378
2019-05-14 08:00:00,1.12379,1.12434,1.12246,1.12302
2019-05-14 12:00:00,1.12302,1.12323,1.12032,1.12063
2019-05-14 16:00:00,1.12064,1.12162,1.12058,1.1207
2019-05-14 20:00:00,1.12067,1.1208,1.12005,1.12027
2019-05-15 00:00:00,1.12026,1.12081,1.12002,1.12079
2019-05-15 04:00:00,1.1208,1.12132,1.11974,1.12125
2019-05-15 08:00:00,1.12124,1.12163,1.11772,1.11802
2019-05-15 12:00:00,1.11803,1.12239,1.11782,1.12069
2019-05-15 16:00:00,1.1207,1.12108,1.11968,1.12022
2019-05-15 20:00:00,1.12024,1.12086,1.11991,1.12064
2019-05-16 00:00:00,1.12066,1.12092,1.12012,1.1208
2019-05-16 04:00:00,1.12082,1.12117,1.12035,1.12082
2019-05-16 08:00:00,1.12085,1.12235,1.1197,1.12039
2019-05-16 12:00:00,1.1204,1.12058,1.11713,1.11772
2019-05-16 16:00:00,1.11773,1.11814,1.11656,1.11764
2019-05-16 20:00:00,1.11763,1.11766,1.11691,1.11726
2019-05-17 00:00:00,1.11725,1.11789,1.11699,1.11768
2019-05-17 04:00:00,1.11769,1.11838,1.117,1.11764
2019-05-17 08:00:00,1.11766,1.11781,1.11577,1.11662
2019-05-17 12:00:00,1.11663,1.11786,1.11547,1.11644
2019-05-17 16:00:00,1.11644,1.11687,1.11586,1.11599
2019-05-17 20:00:00,1.11597,1.11604,1.11546,1.11548
2019-05-19 20:00:00,1.11572,1.1166,1.11568,1.11642
2019-05-20 00:00:00,1.11641,1.1167,1.11526,1.11533
2019-05-20 04:00:00,1.11534,1.11628,1.11501,1.11624
2019-05-20 08:00:00,1.11625,1.11657,1.11526,1.11596
2019-05-20 12:00:00,1.11597,1.11743,1.11558,1.1169
2019-05-20 16:00:00,1.11692,1.11698,1.11638,1.11646
2019-05-20 20:00:00,1.11645,1.11716,1.11637,1.11667
2019-05-21 00:00:00,1.11666,1.11671,1.11623,1.11627
2019-05-21 04:00:00,1.11628,1.11628,1.11436,1.11553
2019-05-21 08:00:00,1.11552,1.11579,1.11414,1.11457
2019-05-21 12:00:00,1.11458,1.11873,1.11457,1.11578
2019-05-21 16:00:00,1.11577,1.11623,1.11533,1.11607
2019-05-21 20:00:00,1.11608,1.11651,1.11569,1.11637
2019-05-22 00:00:00,1.11638,1.11654,1.1159,1.11613
2019-05-22 04:00:00,1.11611,1.11613,1.11482,1.11517
2019-05-22 08:00:00,1.11518,1.11731,1.11496,1.11659
2019-05-22 12:00:00,1.11659,1.11797,1.11504,1.1156
2019-05-22 16:00:00,1.11559,1.11632,1.11524,1.11529
2019-05-22 20:00:00,1.11529,1.11566,1.11492,1.11547
2019-05-23 04:00:00,1.11496,1.11517,1.11326,1.11397
2019-05-23 08:00:00,1.11394,1.11452,1.11287,1.11381
2019-05-23 12:00:00,1.11382,1.11722,1.11064,1.11706
2019-05-23 16:00:00,1.11707,1.1187,1.11688,1.11774
2019-05-23 20:00:00,1.11773,1.11847,1.11687,1.11836
2019-05-24 00:00:00,1.11834,1.11834,1.11767,1.11806
2019-05-24 04:00:00,1.11808,1.12051,1.11786,1.1188
2019-05-24 08:00:00,1.11879,1.11948,1.11775,1.1182
2019-05-24 12:00:00,1.11821,1.12098,1.1182,1.11964
2019-05-24 16:00:00,1.11966,1.12116,1.11961,1.12082
2019-05-24 20:00:00,1.12083,1.12088,1.11988,1.11988
2019-05-26 20:00:00,1.12086,1.12108,1.12044,1.12063
2019-05-27 00:00:00,1.12062,1.12145,1.12028,1.12134
2019-05-27 04:00:00,1.12135,1.12135,1.11949,1.11959
2019-05-27 08:00:00,1.11961,1.11978,1.11905,1.11952
2019-05-27 12:00:00,1.11951,1.11991,1.11864,1.11913
2019-05-27 16:00:00,1.11912,1.1192,1.11877,1.1191
2019-05-27 20:00:00,1.1191,1.11937,1.11887,1.11929
2019-05-28 00:00:00,1.11928,1.11957,1.1179,1.11817
2019-05-28 04:00:00,1.11819,1.11868,1.11749,1.11861
2019-05-28 08:00:00,1.1186,1.11978,1.11812,1.11931
2019-05-28 12:00:00,1.1193,1.11944,1.11681,1.11759
2019-05-28 16:00:00,1.11759,1.11773,1.116,1.11646
2019-05-28 20:00:00,1.11645,1.11683,1.11586,1.11677
2019-05-29 00:00:00,1.11675,1.11719,1.11614,1.11646
2019-05-29 04:00:00,1.11647,1.11686,1.11515,1.1153
2019-05-29 08:00:00,1.11528,1.11587,1.1147,1.11509
2019-05-29 12:00:00,1.11509,1.11564,1.11237,1.11347
2019-05-29 16:00:00,1.11348,1.1139,1.11258,1.11315
2019-05-29 20:00:00,1.11316,1.11371,1.11294,1.11363
2019-05-30 00:00:00,1.11361,1.11427,1.11337,1.11377
2019-05-30 04:00:00,1.11375,1.11407,1.11237,1.11311
2019-05-30 08:00:00,1.11313,1.11428,1.11305,1.11355
2019-05-30 12:00:00,1.11356,1.11411,1.11153,1.11386
2019-05-30 16:00:00,1.11384,1.11395,1.11322,1.11342
2019-05-30 20:00:00,1.11343,1.11344,1.11269,1.11291
2019-05-31 00:00:00,1.1129,1.11396,1.11284,1.11301
2019-05-31 04:00:00,1.113,1.11478,1.11246,1.11422
2019-05-31 08:00:00,1.11423,1.1156,1.11403,1.11424
2019-05-31 12:00:00,1.11424,1.11793,1.11361,1.11482
2019-05-31 16:00:00,1.11483,1.11775,1.11469,1.11724
2019-05-31 20:00:00,1.11725,1.11725,1.1165,1.11675
2019-06-02 20:00:00,1.11614,1.11736,1.11574,1.11732
2019-06-03 00:00:00,1.1173,1.11893,1.11722,1.11841
2019-06-03 04:00:00,1.1184,1.11854,1.11597,1.11723
2019-06-03 08:00:00,1.11724,1.1189,1.11657,1.11803
2019-06-03 12:00:00,1.11804,1.12085,1.11804,1.1204
2019-06-03 16:00:00,1.12041,1.12614,1.1203,1.12467
2019-06-03 20:00:00,1.12466,1.12471,1.12398,1.12447
2019-06-04 00:00:00,1.1245,1.12546,1.12435,1.12528
2019-06-04 04:00:00,1.1253,1.12768,1.12447,1.12623
2019-06-04 08:00:00,1.12621,1.12633,1.1239,1.12533
2019-06-04 12:00:00,1.12532,1.1266,1.12258,1.12363
2019-06-04 16:00:00,1.12362,1.12661,1.12317,1.12568
2019-06-04 20:00:00,1.12567,1.12568,1.12495,1.12532
2019-06-05 00:00:00,1.12534,1.12651,1.12525,1.1261
2019-06-05 04:00:00,1.12609,1.12722,1.12566,1.12666
2019-06-05 08:00:00,1.12667,1.12882,1.12517,1.12553
2019-06-05 12:00:00,1.12554,1.13059,1.12395,1.12417
2019-06-05 16:00:00,1.12417,1.12418,1.12192,1.12237
2019-06-05 20:00:00,1.12238,1.12306,1.12193,1.12281
2019-06-06 00:00:00,1.1228,1.12317,1.12234,1.12297
2019-06-06 04:00:00,1.12296,1.12354,1.12222,1.12321
2019-06-06 08:00:00,1.1232,1.12719,1.11967,1.12638
2019-06-06 12:00:00,1.12639,1.13083,1.12438,1.12934
2019-06-06 16:00:00,1.12932,1.12995,1.12669,1.1274
2019-06-06 20:00:00,1.12738,1.12786,1.12677,1.12751
2019-06-07 00:00:00,1.1275,1.1276,1.12655,1.12663
2019-06-07 04:00:00,1.12664,1.12697,1.12557,1.12621
2019-06-07 08:00:00,1.1262,1.1271,1.12508,1.12702
2019-06-07 12:00:00,1.12703,1.13472,1.1267,1.13236
2019-06-07 16:00:00,1.13235,1.13436,1.13231,1.13327
2019-06-07 20:00:00,1.13325,1.13363,1.13287,1.13287
2019-06-09 20:00:00,1.13163,1.13298,1.13138,1.13185
2019-06-10 00:00:00,1.13186,1.13237,1.13099,1.13105
2019-06-10 04:00:00,1.13106,1.13122,1.12895,1.12926
2019-06-10 08:00:00,1.12927,1.13101,1.12912,1.12973
2019-06-10 12:00:00,1.12974,1.13193,1.12902,1.13096
2019-06-10 16:00:00,1.13097,1.1324,1.13081,1.13174
2019-06-10 20:00:00,1.13172,1.1318,1.13067,1.13175
2019-06-11 00:00:00,1.13176,1.13183,1.13069,1.13135
2019-06-11 04:00:00,1.13135,1.13313,1.13112,1.13205
2019-06-11 08:00:00,1.13204,1.13245,1.13031,1.13097
2019-06-11 12:00:00,1.13094,1.13254,1.13007,1.13147
2019-06-11 16:00:00,1.13148,1.1337,1.13135,1.13277
2019-06-11 20:00:00,1.13278,1.13294,1.1324,1.1329
2019-06-12 00:00:00,1.13289,1.13336,1.13257,1.1333
2019-06-12 04:00:00,1.1333,1.13401,1.13288,1.13393
2019-06-12 08:00:00,1.13391,1.13428,1.13109,1.13211
2019-06-12 12:00:00,1.13213,1.13402,1.13068,1.13096
2019-06-12 16:00:00,1.13095,1.13149,1.12819,1.12869
2019-06-12 20:00:00,1.12868,1.12938,1.12848,1.12919
2019-06-13 00:00:00,1.12918,1.12976,1.12875,1.12928
2019-06-13 04:00:00,1.12926,1.1303,1.12844,1.12946
2019-06-13 08:00:00,1.12945,1.12999,1.12834,1.12962
2019-06-13 12:00:00,1.12963,1.12964,1.12678,1.12737
2019-06-13 16:00:00,1.12736,1.12844,1.12726,1.12742
2019-06-13 20:00:00,1.12741,1.12803,1.12726,1.1279
2019-06-14 00:00:00,1.12787,1.12817,1.12696,1.12714
2019-06-14 04:00:00,1.12712,1.12869,1.12691,1.12836
2019-06-14 08:00:00,1.12837,1.12887,1.12509,1.12586
2019-06-14 12:00:00,1.12585,1.12671,1.1209,1.12159
2019-06-14 16:00:00,1.1216,1.12171,1.12019,1.12066
2019-06-14 20:00:00,1.12065,1.12119,1.12047,1.12047
2019-06-16 20:00:00,1.12077,1.12166,1.12062,1.1215
2019-06-17 00:00:00,1.12151,1.12235,1.1215,1.12197
2019-06-17 04:00:00,1.12198,1.12199,1.12032,1.12125
2019-06-17 08:00:00,1.12126,1.12302,1.12101,1.1229
2019-06-17 12:00:00,1.12289,1.12464,1.12201,1.12338
2019-06-17 16:00:00,1.12339,1.12375,1.12134,1.12158
2019-06-17 20:00:00,1.12157,1.12243,1.12148,1.12237
2019-06-18 00:00:00,1.12238,1.12336,1.12214,1.12297
2019-06-18 04:00:00,1.12297,1.12423,1.12291,1.1237
2019-06-18 08:00:00,1.12371,1.12373,1.11808,1.11955
2019-06-18 12:00:00,1.11954,1.12121,1.11816,1.11953
2019-06-18 16:00:00,1.11951,1.12038,1.11899,1.11938
2019-06-18 20:00:00,1.11937,1.11986,1.11917,1.11972
2019-06-19 00:00:00,1.11975,1.12017,1.11902,1.11927
2019-06-19 04:00:00,1.11929,1.12004,1.11866,1.11998
2019-06-19 08:00:00,1.12,1.12075,1.11967,1.12028
2019-06-19 12:00:00,1.12026,1.12196,1.12004,1.12129
2019-06-19 16:00:00,1.1213,1.12534,1.12043,1.12283
2019-06-19 20:00:00,1.12282,1.12376,1.12248,1.12352
2019-06-20 00:00:00,1.12351,1.12724,1.12346,1.12707
2019-06-20 04:00:00,1.12706,1.12978,1.12594,1.12973
2019-06-20 08:00:00,1.12971,1.13148,1.12812,1.13099
2019-06-20 12:00:00,1.13098,1.13166,1.1269,1.12825
2019-06-20 16:00:00,1.12826,1.12976,1.1281,1.12911
2019-06-20 20:00:00,1.12913,1.12949,1.12852,1.12938
2019-06-21 00:00:00,1.12937,1.13085,1.12917,1.13014
2019-06-21 04:00:00,1.13013,1.13141,1.12825,1.13109
2019-06-21 08:00:00,1.13105,1.13169,1.12965,1.13161
2019-06-21 12:00:00,1.13162,1.13338,1.13081,1.1328
2019-06-21 16:00:00,1.13279,1.13774,1.13179,1.13727
2019-06-21 20:00:00,1.13726,1.1373,1.13643,1.13667
2019-06-23 20:00:00,1.13692,1.13847,1.13637,1.13845
2019-06-24 00:00:00,1.13844,1.13857,1.13751,1.13803
2019-06-24 04:00:00,1.13805,1.1389,1.1372,1.13757
2019-06-24 08:00:00,1.13755,1.1398,1.13727,1.13937
2019-06-24 12:00:00,1.13936,1.14001,1.13787,1.13915
2019-06-24 16:00:00,1.13916,1.14035,1.13836,1.1395
2019-06-24 20:00:00,1.13948,1.13997,1.13946,1.13988
2019-06-25 00:00:00,1.13989,1.14097,1.13961,1.1406
2019-06-25 04:00:00,1.14062,1.14115,1.13851,1.1388
2019-06-25 08:00:00,1.13881,1.13892,1.13759,1.13818
2019-06-25 12:00:00,1.13817,1.13983,1.1378,1.13848
2019-06-25 16:00:00,1.13846,1.13885,1.13435,1.13672
2019-06-25 20:00:00,1.1367,1.13718,1.13591,1.13676
2019-06-26 00:00:00,1.13674,1.13716,1.13526,1.13551
2019-06-26 04:00:00,1.13552,1.13736,1.13521,1.13634
2019-06-26 08:00:00,1.13635,1.13686,1.13507,1.13593
2019-06-26 12:00:00,1.13592,1.13906,1.13459,1.13905
2019-06-26 16:00:00,1.13903,1.13903,1.13639,1.1365
2019-06-26 20:00:00,1.13649,1.13743,1.13639,1.13731
2019-06-27 00:00:00,1.13732,1.13738,1.13582,1.13586
2019-06-27 04:00:00,1.13588,1.13731,1.13472,1.1367
2019-06-27 08:00:00,1.1367,1.1381,1.13631,1.13746
2019-06-27 12:00:00,1.13745,1.13759,1.13558,1.13707
2019-06-27 16:00:00,1.13708,1.13734,1.13623,1.13678
2019-06-27 20:00:00,1.1368,1.13727,1.13634,1.13707
2019-06-28 00:00:00,1.13707,1.13758,1.13641,1.13648
2019-06-28 04:00:00,1.13649,1.13921,1.13601,1.13865
2019-06-28 08:00:00,1.13862,1.1393,1.13672,1.13709
2019-06-28 12:00:00,1.1371,1.13917,1.13708,1.13741
2019-06-28 16:00:00,1.1374,1.13775,1.135,1.1371
2019-06-28 20:00:00,1.13712,1.13712,1.13648,1.13671
2019-06-30 20:00:00,1.13584,1.13704,1.13543,1.13596
2019-07-01 00:00:00,1.13596,1.13634,1.13475,1.13521
2019-07-01 04:00:00,1.1352,1.13527,1.1316,1.13208
2019-07-01 08:00:00,1.13207,1.13594,1.13196,1.13471
2019-07-01 12:00:00,1.13473,1.13557,1.13032,1.13063
2019-07-01 16:00:00,1.13062,1.13071,1.12805,1.12865
2019-07-01 20:00:00,1.12865,1.1289,1.12794,1.12863
2019-07-02 00:00:00,1.12865,1.1287,1.12746,1.12794
2019-07-02 04:00:00,1.12795,1.12989,1.12773,1.12883
2019-07-02 08:00:00,1.12881,1.13197,1.12868,1.12957
2019-07-02 12:00:00,1.12956,1.13038,1.12855,1.13002
2019-07-02 16:00:00,1.13001,1.13114,1.12815,1.12828
2019-07-02 20:00:00,1.12827,1.12915,1.12812,1.12898
2019-07-03 00:00:00,1.12899,1.12947,1.12855,1.12866
2019-07-03 04:00:00,1.12867,1.12898,1.12676,1.12768
2019-07-03 08:00:00,1.1277,1.12993,1.12761,1.12907
2019-07-03 12:00:00,1.12908,1.13114,1.12726,1.12741
2019-07-03 16:00:00,1.12743,1.12843,1.12713,1.12774
2019-07-03 20:00:00,1.12773,1.12877,1.12748,1.12868
2019-07-04 00:00:00,1.12866,1.12945,1.12814,1.12816
2019-07-04 04:00:00,1.12817,1.12858,1.1279,1.1283
2019-07-04 08:00:00,1.12831,1.12896,1.12768,1.1286
2019-07-04 12:00:00,1.12859,1.12881,1.12726,1.12817
2019-07-04 16:00:00,1.12818,1.1285,1.12799,1.12837
2019-07-04 20:00:00,1.12835,1.1287,1.12811,1.12847
2019-07-05 00:00:00,1.12848,1.12856,1.12773,1.12819
2019-07-05 04:00:00,1.12818,1.1282,1.1265,1.12669
2019-07-05 08:00:00,1.1267,1.12679,1.12553,1.12582
2019-07-05 12:00:00,1.12583,1.12699,1.12068,1.12153
2019-07-05 16:00:00,1.12152,1.12277,1.12146,1.12261
2019-07-05 20:00:00,1.1226,1.12273,1.12205,1.12205
2019-07-07 20:00:00,1.12212,1.12284,1.12209,1.12262
2019-07-08 00:00:00,1.12263,1.12291,1.12192,1.12277
2019-07-08 04:00:00,1.12277,1.12322,1.12191,1.12312
2019-07-08 08:00:00,1.12313,1.1234,1.12127,1.12201
2019-07-08 12:00:00,1.12203,1.12264,1.12066,1.12075
2019-07-08 16:00:00,1.12076,1.12204,1.12065,1.12086
2019-07-08 20:00:00,1.12087,1.12167,1.12079,1.12146
2019-07-09 00:00:00,1.12145,1.12182,1.12091,1.12108
2019-07-09 04:00:00,1.1211,1.12176,1.12045,1.12073
2019-07-09 08:00:00,1.12072,1.12096,1.11927,1.12023
2019-07-09 12:00:00,1.12025,1.12107,1.11999,1.12085
2019-07-09 16:00:00,1.12086,1.12134,1.11994,1.12063
2019-07-09 20:00:00,1.12064,1.1208,1.12015,1.12039
2019-07-10 00:00:00,1.12037,1.12098,1.12013,1.12066
2019-07-10 04:00:00,1.12064,1.12174,1.12031,1.12139
2019-07-10 08:00:00,1.12142,1.12289,1.12113,1.1213
2019-07-10 12:00:00,1.12132,1.12626,1.12122,1.12594
2019-07-10 16:00:00,1.12593,1.12636,1.12504,1.12529
2019-07-10 20:00:00,1.1253,1.12594,1.1249,1.12577
2019-07-11 00:00:00,1.12578,1.12801,1.12574,1.12778
2019-07-11 04:00:00,1.12777,1.12785,1.12662,1.12764
2019-07-11 08:00:00,1.12763,1.12778,1.12635,1.12768
2019-07-11 12:00:00,1.12769,1.12853,1.12503,1.12602
2019-07-11 16:00:00,1.12603,1.1261,1.12443,1.12565
2019-07-11 20:00:00,1.12563,1.1258,1.12486,1.12491
2019-07-12 00:00:00,1.12492,1.12714,1.12487,1.12712
2019-07-12 04:00:00,1.12714,1.12744,1.12611,1.12642
2019-07-12 08:00:00,1.12644,1.12695,1.12455,1.12463
2019-07-12 12:00:00,1.12466,1.12587,1.12376,1.12531
2019-07-12 16:00:00,1.12529,1.12735,1.12521,1.12705
2019-07-12 20:00:00,1.12706,1.12713,1.12668,1.1268
2019-07-14 20:00:00,1.12655,1.12738,1.12624,1.12706
2019-07-15 00:00:00,1.12707,1.1274,1.12635,1.12719
2019-07-15 04:00:00,1.12718,1.12834,1.12678,1.12797
2019-07-15 08:00:00,1.12795,1.12834,1.12609,1.12629
2019-07-15 12:00:00,1.12627,1.12728,1.12524,1.12583
2019-07-15 16:00:00,1.12584,1.12634,1.12534,1.12564
2019-07-15 20:00:00,1.12566,1.12626,1.12558,1.12593
2019-07-16 00:00:00,1.12594,1.12629,1.12548,1.12592
2019-07-16 04:00:00,1.12593,1.12613,1.12447,1.12481
2019-07-16 08:00:00,1.1248,1.12485,1.12172,1.12213
2019-07-16 12:00:00,1.12214,1.12238,1.1207,1.12108
2019-07-16 16:00:00,1.12107,1.12207,1.12014,1.12084
2019-07-16 20:00:00,1.12085,1.12121,1.12061,1.1211
2019-07-17 00:00:00,1.12111,1.12144,1.12063,1.12128
2019-07-17 04:00:00,1.1213,1.12168,1.11991,1.12067
2019-07-17 08:00:00,1.12066,1.12216,1.12062,1.1217
2019-07-17 12:00:00,1.12169,1.12324,1.12089,1.12303
2019-07-17 16:00:00,1.12303,1.12331,1.12187,1.12247
2019-07-17 20:00:00,1.12245,1.1229,1.12219,1.12265
2019-07-18 00:00:00,1.12264,1.12411,1.1225,1.12387
2019-07-18 04:00:00,1.12389,1.12434,1.12332,1.12385
2019-07-18 08:00:00,1.12384,1.12413,1.12046,1.12188
2019-07-18 12:00:00,1.12187,1.12293,1.12113,1.12271
2019-07-18 16:00:00,1.12271,1.12798,1.12201,1.1275
2019-07-18 20:00:00,1.12748,1.12812,1.1239,1.12606
2019-07-19 00:00:00,1.12605,1.12677,1.12582,1.12621
2019-07-19 04:00:00,1.12621,1.1265,1.12542,1.12641
2019-07-19 08:00:00,1.12639,1.12644,1.123,1.12316
2019-07-19 12:00:00,1.12317,1.12383,1.12136,1.122
2019-07-19 16:00:00,1.122,1.12293,1.12029,1.12183
2019-07-19 20:00:00,1.12182,1.12228,1.12138,1.12179
2019-07-21 20:00:00,1.12145,1.12186,1.12116,1.1217
2019-07-22 00:00:00,1.12172,1.12195,1.1207,1.12174
2019-07-22 04:00:00,1.12175,1.12235,1.12113,1.12187
2019-07-22 08:00:00,1.12188,1.12238,1.12062,1.12078
2019-07-22 12:00:00,1.12076,1.12248,1.12065,1.12137
2019-07-22 16:00:00,1.12135,1.12192,1.12054,1.12105
2019-07-22 20:00:00,1.12104,1.12104,1.12032,1.12037
2019-07-23 00:00:00,1.12039,1.12074,1.11906,1.11945
2019-07-23 04:00:00,1.11944,1.11953,1.11836,1.11928
2019-07-23 08:00:00,1.11927,1.11929,1.11712,1.11721
2019-07-23 12:00:00,1.11723,1.11747,1.11469,1.11555
2019-07-23 16:00:00,1.11553,1.11575,1.11461,1.11484
2019-07-23 20:00:00,1.11483,1.11531,1.11453,1.11503
2019-07-24 00:00:00,1.11503,1.11515,1.11427,1.11432
2019-07-24 04:00:00,1.11434,1.1155,1.11263,1.11386
2019-07-24 08:00:00,1.11383,1.11547,1.11345,1.11405
2019-07-24 12:00:00,1.11402,1.11553,1.11382,1.11407
2019-07-24 16:00:00,1.11409,1.11499,1.11322,1.11363
2019-07-24 20:00:00,1.11361,1.11423,1.11348,1.11414
2019-07-25 00:00:00,1.11413,1.11415,1.1133,1.11349
2019-07-25 04:00:00,1.1135,1.11366,1.11243,1.11268
2019-07-25 08:00:00,1.11267,1.11607,1.11125,1.11139
2019-07-25 12:00:00,1.11142,1.11872,1.11007,1.11545
2019-07-25 16:00:00,1.11544,1.11561,1.11255,1.11438
2019-07-25 20:00:00,1.11439,1.11473,1.11428,1.11442
2019-07-26 00:00:00,1.11443,1.11504,1.11417,1.11483
2019-07-26 04:00:00,1.11484,1.11487,1.11328,1.11338
2019-07-26 08:00:00,1.1134,1.11466,1.11294,1.11342
2019-07-26 12:00:00,1.11343,1.11438,1.11114,1.11205
2019-07-26 16:00:00,1.11205,1.11289,1.11115,1.11238
2019-07-26 20:00:00,1.11236,1.11318,1.11226,1.1123
2019-07-28 20:00:00,1.11229,1.11321,1.11191,1.1129
2019-07-29 00:00:00,1.11288,1.11382,1.1128,1.11284
2019-07-29 04:00:00,1.11284,1.11284,1.11175,1.11195
2019-07-29 08:00:00,1.11196,1.1128,1.11135,1.11185
2019-07-29 12:00:00,1.11186,1.11431,1.11124,1.11427
2019-07-29 16:00:00,1.11425,1.11504,1.11377,1.11467
2019-07-29 20:00:00,1.11465,1.11469,1.11415,1.11417
2019-07-30 00:00:00,1.11415,1.11437,1.11329,1.11423
2019-07-30 04:00:00,1.11424,1.11454,1.11315,1.11434
2019-07-30 08:00:00,1.11433,1.11526,1.1139,1.11504
2019-07-30 12:00:00,1.11503,1.11592,1.11375,1.11471
2019-07-30 16:00:00,1.1147,1.11606,1.11458,1.11575
2019-07-30 20:00:00,1.11574,1.11577,1.11525,1.11563
2019-07-31 00:00:00,1.11563,1.11585,1.11473,1.11534
2019-07-31 04:00:00,1.11536,1.11616,1.11482,1.11519
2019-07-31 08:00:00,1.11518,1.11551,1.11424,1.11497
2019-07-31 12:00:00,1.11496,1.11523,1.11256,1.11292
2019-07-31 16:00:00,1.1129,1.11375,1.10637,1.10689
2019-07-31 20:00:00,1.10691,1.10801,1.10596,1.10711
2019-08-01 00:00:00,1.10712,1.10713,1.10331,1.1045
2019-08-01 04:00:00,1.10449,1.10531,1.10319,1.1032
2019-08-01 08:00:00,1.10321,1.10497,1.10263,1.10338
2019-08-01 12:00:00,1.10338,1.10692,1.10265,1.10602
2019-08-01 16:00:00,1.106,1.10952,1.10578,1.10922
2019-08-01 20:00:00,1.1092,1.10929,1.10738,1.10784
2019-08-02 00:00:00,1.10785,1.10958,1.10692,1.10733
2019-08-02 04:00:00,1.10732,1.11145,1.10729,1.11129
2019-08-02 08:00:00,1.11129,1.11129,1.10875,1.1103
2019-08-02 12:00:00,1.11031,1.11137,1.10777,1.11122
2019-08-02 16:00:00,1.11121,1.11158,1.11035,1.11091
2019-08-02 20:00:00,1.11091,1.11091,1.1103,1.11045
2019-08-04 20:00:00,1.10995,1.11102,1.10995,1.11072
2019-08-05 00:00:00,1.11073,1.11321,1.1106,1.1125
2019-08-05 04:00:00,1.11249,1.11349,1.11137,1.11294
2019-08-05 08:00:00,1.11296,1.11801,1.11287,1.11792
2019-08-05 12:00:00,1.11793,1.11996,1.11696,1.11962
2019-08-05 16:00:00,1.1196,1.12127,1.1193,1.11962
2019-08-05 20:00:00,1.11964,1.12445,1.11937,1.12413
2019-08-06 00:00:00,1.12412,1.12489,1.1209,1.12117
2019-08-06 04:00:00,1.12116,1.1218,1.11894,1.12135
2019-08-06 08:00:00,1.12136,1.12138,1.11818,1.11842
2019-08-06 12:00:00,1.11841,1.12052,1.1167,1.1196
2019-08-06 16:00:00,1.11957,1.12049,1.11901,1.11973
2019-08-06 20:00:00,1.11969,1.1206,1.11968,1.12047
2019-08-07 00:00:00,1.12049,1.12189,1.12037,1.12139
2019-08-07 04:00:00,1.12138,1.1215,1.11881,1.1189
2019-08-07 08:00:00,1.11889,1.11995,1.11777,1.11976
2019-08-07 12:00:00,1.11978,1.12401,1.11904,1.12346
2019-08-07 16:00:00,1.12348,1.12413,1.12022,1.12031
2019-08-07 20:00:00,1.12029,1.12062,1.11949,1.12034
2019-08-08 00:00:00,1.12035,1.12132,1.12001,1.12099
2019-08-08 04:00:00,1.12097,1.12192,1.11998,1.12165
2019-08-08 08:00:00,1.12165,1.12272,1.11854,1.11875
2019-08-08 12:00:00,1.11873,1.12267,1.11806,1.12063
2019-08-08 16:00:00,1.12062,1.12158,1.11819,1.11865
2019-08-08 20:00:00,1.11863,1.11929,1.11757,1.11856
2019-08-09 00:00:00,1.11855,1.11966,1.11845,1.11954
2019-08-09 04:00:00,1.11952,1.11972,1.11834,1.11868
2019-08-09 08:00:00,1.11869,1.12074,1.11828,1.12028
2019-08-09 12:00:00,1.1203,1.12212,1.11876,1.12206
2019-08-09 16:00:00,1.12205,1.12225,1.12021,1.12023
2019-08-09 20:00:00,1.12022,1.12026,1.11948,1.11954
2019-08-11 20:00:00,1.11962,1.12076,1.11948,1.12068
2019-08-12 00:00:00,1.12066,1.12092,1.12014,1.12054
2019-08-12 04:00:00,1.12055,1.12106,1.11666,1.11672
2019-08-12 08:00:00,1.11672,1.11996,1.11614,1.11881
2019-08-12 12:00:00,1.1188,1.12301,1.11866,1.12101
2019-08-12 16:00:00,1.12102,1.12229,1.1209,1.12121
2019-08-12 20:00:00,1.12122,1.12185,1.12111,1.12154
2019-08-13 00:00:00,1.12154,1.12156,1.11811,1.1188
2019-08-13 04:00:00,1.11879,1.11982,1.11851,1.11918
2019-08-13 08:00:00,1.11917,1.1221,1.11836,1.12141
2019-08-13 12:00:00,1.1214,1.1228,1.11693,1.11824
2019-08-13 16:00:00,1.11821,1.11854,1.11709,1.11729
2019-08-13 20:00:00,1.1173,1.11764,1.11685,1.11759
2019-08-14 00:00:00,1.1176,1.11792,1.11689,1.11702
2019-08-14 04:00:00,1.11703,1.11843,1.11642,1.11796
2019-08-14 08:00:00,1.11795,1.11888,1.11654,1.11832
2019-08-14 12:00:00,1.1183,1.11903,1.11365,1.11431
2019-08-14 16:00:00,1.11432,1.11457,1.113,1.1133
2019-08-14 20:00:00,1.11329,1.11446,1.11317,1.11423
2019-08-15 00:00:00,1.11425,1.11476,1.11385,1.11472
2019-08-15 04:00:00,1.1147,1.11527,1.11398,1.11476
2019-08-15 08:00:00,1.11477,1.11579,1.11396,1.11504
2019-08-15 12:00:00,1.11505,1.1154,1.10907,1.11029
2019-08-15 16:00:00,1.11029,1.11185,1.10957,1.11129
2019-08-15 20:00:00,1.11128,1.11136,1.11003,1.11098
2019-08-16 00:00:00,1.111,1.11107,1.10951,1.11019
2019-08-16 04:00:00,1.1102,1.11058,1.10846,1.10853
2019-08-16 08:00:00,1.10852,1.10866,1.10728,1.10801
2019-08-16 12:00:00,1.10799,1.11064,1.10658,1.10894
2019-08-16 16:00:00,1.10893,1.11025,1.10841,1.10923
2019-08-16 20:00:00,1.10922,1.10929,1.10871,1.1088
2019-08-18 20:00:00,1.10898,1.11006,1.10862,1.10914
2019-08-19 00:00:00,1.10912,1.10938,1.1087,1.10905
2019-08-19 04:00:00,1.10906,1.11068,1.1087,1.11034
2019-08-19 08:00:00,1.11032,1.1113,1.1095,1.11023
2019-08-19 12:00:00,1.11025,1.11045,1.10924,1.1095
2019-08-19 16:00:00,1.1095,1.1098,1.10756,1.10758
2019-08-19 20:00:00,1.10759,1.10832,1.10755,1.1081
2019-08-20 00:00:00,1.10811,1.1088,1.1081,1.10866
2019-08-20 04:00:00,1.10864,1.10871,1.10713,1.10716
2019-08-20 08:00:00,1.10715,1.1084,1.10707,1.10781
2019-08-20 12:00:00,1.10782,1.10958,1.1065,1.10915
2019-08-20 16:00:00,1.10916,1.11061,1.1089,1.1101
2019-08-20 20:00:00,1.11011,1.11013,1.10931,1.10967
2019-08-21 00:00:00,1.10968,1.11046,1.10907,1.10947
2019-08-21 04:00:00,1.10946,1.10975,1.10873,1.10922
2019-08-21 08:00:00,1.10922,1.11066,1.10894,1.11024
2019-08-21 12:00:00,1.11022,1.11046,1.10917,1.10964
2019-08-21 16:00:00,1.10964,1.11045,1.10759,1.10845
2019-08-21 20:00:00,1.10844,1.10913,1.10819,1.10899
2019-08-22 00:00:00,1.10899,1.109,1.10835,1.10862
2019-08-22 04:00:00,1.1086,1.11083,1.10751,1.11045
2019-08-22 08:00:00,1.11044,1.11127,1.10631,1.10801
2019-08-22 12:00:00,1.10802,1.10984,1.10671,1.10882
2019-08-22 16:00:00,1.10884,1.10889,1.10779,1.10816
2019-08-22 20:00:00,1.10817,1.10852,1.10771,1.10831
2019-08-23 00:00:00,1.1083,1.10848,1.10658,1.10673
2019-08-23 04:00:00,1.10675,1.10736,1.10601,1.10682
2019-08-23 08:00:00,1.10683,1.10729,1.10511,1.10564
2019-08-23 12:00:00,1.10565,1.11471,1.10478,1.11468
2019-08-23 16:00:00,1.11467,1.11526,1.11266,1.11411
2019-08-23 20:00:00,1.11412,1.1147,1.11329,1.11379
2019-08-25 20:00:00,1.11497,1.11633,1.11388,1.11428
2019-08-26 00:00:00,1.11427,1.11476,1.11314,1.11408
2019-08-26 04:00:00,1.11409,1.11524,1.11157,1.11201
2019-08-26 08:00:00,1.11203,1.11239,1.11089,1.11155
2019-08-26 12:00:00,1.11156,1.11237,1.11059,1.111
2019-08-26 16:00:00,1.11099,1.11152,1.10944,1.10961
2019-08-26 20:00:00,1.10962,1.1103,1.10936,1.11009
2019-08-27 00:00:00,1.11007,1.11067,1.10999,1.11008
2019-08-27 04:00:00,1.11009,1.11142,1.10973,1.11086
2019-08-27 08:00:00,1.11085,1.11154,1.10995,1.11008
2019-08-27 12:00:00,1.11006,1.11092,1.10868,1.10934
2019-08-27 16:00:00,1.10935,1.10966,1.10852,1.10892
2019-08-27 20:00:00,1.10894,1.10928,1.10867,1.10889
2019-08-28 00:00:00,1.10891,1.10916,1.10848,1.1087
2019-08-28 04:00:00,1.10868,1.1097,1.10838,1.10925
2019-08-28 08:00:00,1.10926,1.10974,1.10821,1.10832
2019-08-28 12:00:00,1.10833,1.10858,1.10727,1.10829
2019-08-28 16:00:00,1.10831,1.10851,1.10742,1.10754
2019-08-28 20:00:00,1.10755,1.10858,1.10742,1.1085
2019-08-29 00:00:00,1.10849,1.10869,1.10796,1.10836
2019-08-29 04:00:00,1.10834,1.10853,1.10741,1.10816
2019-08-29 08:00:00,1.10815,1.10827,1.1069,1.10736
2019-08-29 12:00:00,1.10736,1.10912,1.10543,1.10578
2019-08-29 16:00:00,1.10579,1.10587,1.10414,1.10572
2019-08-29 20:00:00,1.10574,1.10598,1.10531,1.10586
2019-08-30 00:00:00,1.10585,1.10594,1.10417,1.10439
2019-08-30 04:00:00,1.10441,1.10513,1.10326,1.10372
2019-08-30 08:00:00,1.10373,1.10453,1.10342,1.10349
2019-08-30 12:00:00,1.10348,1.10489,1.0984,1.09886
2019-08-30 16:00:00,1.09885,1.09923,1.09624,1.09911
2019-08-30 20:00:00,1.09912,1.09938,1.09847,1.09855
2019-09-01 20:00:00,1.0987,1.0996,1.09805,1.09898
2019-09-02 00:00:00,1.09896,1.09927,1.0984,1.09896
2019-09-02 04:00:00,1.09897,1.0992,1.0976,1.09818
2019-09-02 08:00:00,1.09817,1.09871,1.09574,1.09681
2019-09-02 12:00:00,1.09679,1.09703,1.09598,1.09671
2019-09-02 16:00:00,1.0967,1.0975,1.09667,1.09695
2019-09-02 20:00:00,1.09695,1.0972,1.09612,1.09636
2019-09-03 00:00:00,1.09638,1.09638,1.09301,1.09351
2019-09-03 04:00:00,1.09351,1.09487,1.09323,1.09392
2019-09-03 08:00:00,1.09391,1.09507,1.09252,1.09364
2019-09-03 12:00:00,1.09366,1.09783,1.09236,1.09663
2019-09-03 16:00:00,1.09664,1.09748,1.09609,1.09673
2019-09-03 20:00:00,1.09674,1.09759,1.0966,1.09721
2019-09-04 00:00:00,1.09719,1.09792,1.0971,1.09753
2019-09-04 04:00:00,1.09755,1.09936,1.09723,1.09919
2019-09-04 08:00:00,1.09919,1.10229,1.0985,1.10145
2019-09-04 12:00:00,1.10144,1.10324,1.10086,1.1024
2019-09-04 16:00:00,1.10239,1.10378,1.10216,1.10318
2019-09-04 20:00:00,1.10317,1.10358,1.10269,1.10342
2019-09-05 00:00:00,1.10341,1.10387,1.10258,1.10264
2019-09-05 04:00:00,1.10266,1.10428,1.10161,1.1039
2019-09-05 08:00:00,1.10393,1.10666,1.10287,1.10652
2019-09-05 12:00:00,1.10654,1.10844,1.10366,1.10371
2019-09-05 16:00:00,1.1037,1.10429,1.10315,1.10356
2019-09-05 20:00:00,1.10355,1.10374,1.1032,1.10335
2019-09-06 00:00:00,1.10335,1.10354,1.10291,1.10339
2019-09-06 04:00:00,1.10338,1.1051,1.10328,1.10462
2019-09-06 08:00:00,1.10462,1.10475,1.10198,1.10217
2019-09-06 12:00:00,1.10217,1.10568,1.10217,1.10418
2019-09-06 16:00:00,1.10417,1.10475,1.10245,1.10254
2019-09-06 20:00:00,1.10252,1.10279,1.10219,1.10228
2019-09-08 20:00:00,1.10223,1.10267,1.10189,1.10198
2019-09-09 00:00:00,1.10196,1.10282,1.10149,1.10265
2019-09-09 04:00:00,1.10266,1.10341,1.10221,1.10307
2019-09-09 08:00:00,1.10305,1.10415,1.10206,1.10358
2019-09-09 12:00:00,1.10359,1.10653,1.10274,1.10554
2019-09-09 16:00:00,1.10553,1.10676,1.10485,1.10486
2019-09-09 20:00:00,1.10485,1.10513,1.10442,1.10463
2019-09-10 00:00:00,1.10463,1.10465,1.10398,1.10433
2019-09-10 04:00:00,1.10434,1.1059,1.10384,1.10444
2019-09-10 08:00:00,1.10445,1.10463,1.10319,1.10361
2019-09-10 12:00:00,1.10362,1.10516,1.103,1.10417
2019-09-10 16:00:00,1.10416,1.10482,1.10357,1.10392
2019-09-10 20:00:00,1.10393,1.10503,1.10344,1.10495
2019-09-11 00:00:00,1.10494,1.10546,1.10429,1.10489
2019-09-11 04:00:00,1.1049,1.1055,1.10334,1.10336
2019-09-11 08:00:00,1.10337,1.10342,1.0996,1.09967
2019-09-11 12:00:00,1.09968,1.10064,1.09847,1.1
2019-09-11 16:00:00,1.10002,1.10117,1.09956,1.10099
2019-09-11 20:00:00,1.10098,1.10135,1.10059,1.10129
2019-09-12 00:00:00,1.10131,1.10147,1.10074,1.10124
2019-09-12 04:00:00,1.10123,1.10184,1.10051,1.10164
2019-09-12 08:00:00,1.10166,1.10663,1.09604,1.09652
2019-09-12 12:00:00,1.09651,1.10789,1.09262,1.1073
2019-09-12 16:00:00,1.10729,1.10866,1.1061,1.10645
2019-09-12 20:00:00,1.10644,1.10651,1.10548,1.10556
2019-09-13 00:00:00,1.10557,1.10687,1.10557,1.10686
2019-09-13 04:00:00,1.10685,1.1109,1.10663,1.10934
2019-09-13 08:00:00,1.10932,1.11061,1.10765,1.11022
2019-09-13 12:00:00,1.11021,1.11044,1.10603,1.10735
2019-09-13 16:00:00,1.10733,1.10793,1.10662,1.10759
2019-09-13 20:00:00,1.10758,1.10788,1.10671,1.10693
2019-09-15 20:00:00,1.10727,1.10858,1.10665,1.10825
2019-09-16 00:00:00,1.10826,1.10837,1.10696,1.10701
2019-09-16 04:00:00,1.10699,1.10817,1.10662,1.10715
2019-09-16 08:00:00,1.10714,1.10723,1.10274,1.10293
2019-09-16 12:00:00,1.1029,1.1035,1.09917,1.10056
2019-09-16 16:00:00,1.10058,1.10108,1.09936,1.10071
2019-09-16 20:00:00,1.10072,1.10075,1.09945,1.10026
2019-09-17 00:00:00,1.10027,1.1013,1.10006,1.10098
2019-09-17 04:00:00,1.10098,1.1017,1.09897,1.10161
2019-09-17 08:00:00,1.10159,1.10268,1.10061,1.10231
2019-09-17 12:00:00,1.1023,1.1066,1.102,1.10626
2019-09-17 16:00:00,1.10625,1.10729,1.10564,1.10708
2019-09-17 20:00:00,1.10708,1.10751,1.1068,1.10732
2019-09-18 00:00:00,1.10733,1.10742,1.10643,1.10651
2019-09-18 04:00:00,1.1065,1.10681,1.10509,1.10541
2019-09-18 08:00:00,1.10542,1.10558,1.10361,1.1051
2019-09-18 12:00:00,1.10509,1.10652,1.10504,1.10605
2019-09-18 16:00:00,1.10606,1.10678,1.1013,1.10326
2019-09-18 20:00:00,1.10324,1.10352,1.10237,1.10286
2019-09-19 00:00:00,1.10284,1.10375,1.10223,1.10352
2019-09-19 04:00:00,1.1035,1.10522,1.1034,1.10506
2019-09-19 08:00:00,1.10507,1.10729,1.10506,1.10671
2019-09-19 12:00:00,1.1067,1.10717,1.10425,1.1046
2019-09-19 16:00:00,1.10461,1.10614,1.1038,1.10436
2019-09-19 20:00:00,1.10435,1.10453,1.10376,1.10441
2019-09-20 00:00:00,1.10439,1.10589,1.10432,1.1056
2019-09-20 04:00:00,1.10559,1.10672,1.10454,1.10501
2019-09-20 08:00:00,1.10502,1.10571,1.10244,1.10319
2019-09-20 12:00:00,1.10321,1.10334,1.09957,1.10021
2019-09-20 16:00:00,1.10021,1.10214,1.10008,1.10186
2019-09-20 20:00:00,1.10185,1.1021,1.10132,1.10132
2019-09-22 20:00:00,1.10136,1.10192,1.1005,1.1018
2019-09-23 00:00:00,1.10179,1.10246,1.10153,1.10221
2019-09-23 04:00:00,1.10222,1.10249,1.09656,1.09689
2019-09-23 08:00:00,1.09687,1.09885,1.0966,1.09843
2019-09-23 12:00:00,1.09842,1.09993,1.09791,1.09897
2019-09-23 16:00:00,1.09899,1.09976,1.09832,1.09955
2019-09-23 20:00:00,1.09954,1.09964,1.09903,1.09932
2019-09-24 00:00:00,1.09931,1.09952,1.09861,1.0989
2019-09-24 04:00:00,1.09891,1.09957,1.09833,1.09858
2019-09-24 08:00:00,1.09861,1.10033,1.09856,1.10008
2019-09-24 12:00:00,1.10009,1.10143,1.09934,1.09987
2019-09-24 16:00:00,1.09985,1.10236,1.09954,1.10166
2019-09-24 20:00:00,1.10168,1.10202,1.10127,1.1013
2019-09-25 00:00:00,1.10129,1.10163,1.09975,1.10017
2019-09-25 04:00:00,1.10016,1.10022,1.09919,1.09967
2019-09-25 08:00:00,1.09969,1.10047,1.09777,1.09792
2019-09-25 12:00:00,1.0979,1.09878,1.09472,1.09484
2019-09-25 16:00:00,1.09483,1.0951,1.09368,1.09448
2019-09-25 20:00:00,1.09449,1.09526,1.09388,1.09506
2019-09-26 00:00:00,1.09504,1.09645,1.0949,1.09615
2019-09-26 04:00:00,1.09616,1.09636,1.09401,1.09441
2019-09-26 08:00:00,1.09442,1.09455,1.09219,1.09317
2019-09-26 12:00:00,1.09316,1.09667,1.09304,1.09372
2019-09-26 16:00:00,1.09373,1.09383,1.09081,1.09172
2019-09-26 20:00:00,1.09173,1.09225,1.09145,1.09217
2019-09-27 00:00:00,1.09219,1.0925,1.09038,1.09239
2019-09-27 04:00:00,1.09238,1.09247,1.09062,1.09173
2019-09-27 08:00:00,1.09174,1.09393,1.0916,1.09347
2019-09-27 12:00:00,1.09348,1.09581,1.09258,1.0941
2019-09-27 16:00:00,1.09408,1.09474,1.09352,1.09409
2019-09-27 20:00:00,1.09407,1.09435,1.09354,1.09354
2019-09-29 20:00:00,1.09404,1.09455,1.09378,1.09417
2019-09-30 00:00:00,1.09416,1.09417,1.09295,1.09321
2019-09-30 04:00:00,1.0932,1.09474,1.09302,1.09344
2019-09-30 08:00:00,1.09343,1.0938,1.09055,1.09076
2019-09-30 12:00:00,1.09077,1.09133,1.08839,1.09041
2019-09-30 16:00:00,1.09043,1.09119,1.08926,1.08993
2019-09-30 20:00:00,1.08992,1.09001,1.08956,1.08987
2019-10-01 00:00:00,1.08984,1.09001,1.08852,1.08873
2019-10-01 04:00:00,1.08872,1.08935,1.08787,1.08872
2019-10-01 08:00:00,1.08873,1.09073,1.08846,1.08975
2019-10-01 12:00:00,1.08976,1.09338,1.08836,1.09307
2019-10-01 16:00:00,1.09308,1.09423,1.09245,1.09365
2019-10-01 20:00:00,1.09363,1.09368,1.09265,1.09334
2019-10-02 00:00:00,1.09335,1.09407,1.09321,1.09358
2019-10-02 04:00:00,1.09358,1.09364,1.09162,1.09193
2019-10-02 08:00:00,1.09192,1.09345,1.09035,1.09285
2019-10-02 12:00:00,1.09284,1.09578,1.0915,1.09493
2019-10-02 16:00:00,1.09493,1.09631,1.09451,1.09608
2019-10-02 20:00:00,1.09607,1.0963,1.09567,1.09598
2019-10-03 00:00:00,1.09597,1.09644,1.09548,1.0956
2019-10-03 04:00:00,1.09561,1.09584,1.09404,1.09441
2019-10-03 08:00:00,1.0944,1.09732,1.09405,1.09559
2019-10-03 12:00:00,1.09558,1.09988,1.09474,1.09897
2019-10-03 16:00:00,1.09895,1.09899,1.09649,1.09697
2019-10-03 20:00:00,1.09696,1.09755,1.09623,1.09739
2019-10-04 00:00:00,1.0974,1.09832,1.09734,1.0977
2019-10-04 04:00:00,1.0977,1.09777,1.09638,1.09713
2019-10-04 08:00:00,1.09712,1.09893,1.09677,1.09808
2019-10-04 12:00:00,1.09809,1.09953,1.09565,1.09725
2019-10-04 16:00:00,1.09727,1.09854,1.09715,1.0982
2019-10-04 20:00:00,1.09819,1.09824,1.09734,1.09734
2019-10-06 20:00:00,1.0979,1.09833,1.09705,1.09828
2019-10-07 00:00:00,1.09827,1.09893,1.09774,1.09795
2019-10-07 04:00:00,1.09793,1.09834,1.09631,1.0972
2019-10-07 08:00:00,1.09721,1.09895,1.09614,1.09865
2019-10-07 12:00:00,1.09864,1.1,1.0983,1.09833
2019-10-07 16:00:00,1.09834,1.09842,1.09685,1.09733
2019-10-07 20:00:00,1.09732,1.09732,1.09672,1.09709
2019-10-08 00:00:00,1.09707,1.09778,1.09639,1.09747
2019-10-08 04:00:00,1.09745,1.09847,1.09731,1.09787
2019-10-08 08:00:00,1.09786,1.09955,1.09786,1.09874
2019-10-08 12:00:00,1.09876,1.09922,1.09445,1.09482
2019-10-08 16:00:00,1.09483,1.09616,1.09403,1.09555
2019-10-08 20:00:00,1.09554,1.09596,1.09483,1.09593
2019-10-09 00:00:00,1.09593,1.09651,1.09543,1.09627
2019-10-09 04:00:00,1.09629,1.09832,1.09551,1.09778
2019-10-09 08:00:00,1.09777,1.09895,1.09731,1.09784
2019-10-09 12:00:00,1.09782,1.09832,1.0971,1.09772
2019-10-09 16:00:00,1.09773,1.09813,1.09697,1.09754
2019-10-09 20:00:00,1.09753,1.0989,1.09647,1.09836
2019-10-10 00:00:00,1.09837,1.09927,1.09791,1.09881
2019-10-11 00:00:00,1.10103,1.10173,1.10042,1.10146
2019-10-11 04:00:00,1.10148,1.10223,1.10084,1.10106
2019-10-11 08:00:00,1.10105,1.10621,1.10002,1.10534
2019-10-11 12:00:00,1.10537,1.10622,1.10249,1.10384
2019-10-11 16:00:00,1.10383,1.10511,1.10303,1.10399
2019-10-11 20:00:00,1.104,1.104,1.10321,1.10334
2019-10-13 20:00:00,1.10294,1.10364,1.10245,1.10276
2019-10-14 00:00:00,1.10275,1.10313,1.10236,1.10307
2019-10-14 04:00:00,1.10306,1.10349,1.10121,1.10176
2019-10-14 08:00:00,1.10175,1.10422,1.10151,1.10268
2019-10-14 12:00:00,1.10269,1.10314,1.10171,1.1026
2019-10-14 16:00:00,1.10258,1.10322,1.10227,1.10246
2019-10-14 20:00:00,1.10244,1.1028,1.10215,1.10252
2019-10-15 00:00:00,1.10254,1.10318,1.10209,1.10315
2019-10-15 04:00:00,1.10315,1.10456,1.10121,1.10203
2019-10-15 08:00:00,1.10202,1.103,1.1002,1.10053
2019-10-15 12:00:00,1.10052,1.1044,1.09908,1.10349
2019-10-15 16:00:00,1.10348,1.10375,1.10147,1.10337
2019-10-15 20:00:00,1.10338,1.10347,1.1021,1.10339
2019-10-16 00:00:00,1.10336,1.10336,1.10232,1.10304
2019-10-16 04:00:00,1.10304,1.10594,1.10281,1.10344
2019-10-16 08:00:00,1.10345,1.10465,1.10217,1.10261
2019-10-16 12:00:00,1.10262,1.10766,1.10225,1.10742
2019-10-16 16:00:00,1.10741,1.10851,1.10642,1.10744
2019-10-16 20:00:00,1.10745,1.10769,1.10703,1.10732
2019-10-17 00:00:00,1.10733,1.1084,1.10724,1.1077
2019-10-17 04:00:00,1.10768,1.1086,1.10646,1.10773
2019-10-17 08:00:00,1.10772,1.11392,1.10716,1.11153
2019-10-17 12:00:00,1.11154,1.11296,1.1101,1.11282
2019-10-17 16:00:00,1.11283,1.11318,1.11199,1.1124
2019-10-17 20:00:00,1.11241,1.11277,1.11199,1.11242
2019-10-18 00:00:00,1.11241,1.11304,1.11205,1.11268
2019-10-18 04:00:00,1.11266,1.11281,1.11142,1.11236
2019-10-18 08:00:00,1.11235,1.11459,1.11206,1.11425
2019-10-18 12:00:00,1.11424,1.11588,1.11345,1.1154
2019-10-18 16:00:00,1.1154,1.11656,1.11458,1.11612
2019-10-18 20:00:00,1.11611,1.1171,1.11607,1.11658
2019-10-20 20:00:00,1.11567,1.11624,1.11482,1.11554
2019-10-21 00:00:00,1.11553,1.11627,1.11538,1.11593
2019-10-21 04:00:00,1.11595,1.11664,1.11491,1.11638
2019-10-21 08:00:00,1.1164,1.11788,1.11602,1.11675
2019-10-21 12:00:00,1.11676,1.11733,1.11379,1.11444
2019-10-21 16:00:00,1.11445,1.11561,1.11442,1.1149
2019-10-21 20:00:00,1.11489,1.11514,1.11422,1.1151
2019-10-22 00:00:00,1.11512,1.11563,1.11468,1.11487
2019-10-22 04:00:00,1.11488,1.11561,1.11419,1.1144
2019-10-22 08:00:00,1.11439,1.11477,1.11328,1.11376
2019-10-22 12:00:00,1.11377,1.11453,1.11222,1.11371
2019-10-22 16:00:00,1.11372,1.11535,1.1117,1.11309
2019-10-22 20:00:00,1.11308,1.1131,1.11209,1.11283
2019-10-23 00:00:00,1.11285,1.11302,1.11153,1.11169
2019-10-23 04:00:00,1.1117,1.11281,1.1117,1.11243
2019-10-23 08:00:00,1.11244,1.11258,1.11056,1.11192
2019-10-23 12:00:00,1.11193,1.11245,1.11113,1.11167
2019-10-23 16:00:00,1.11169,1.11393,1.11149,1.11326
2019-10-23 20:00:00,1.11325,1.11329,1.11254,1.11315
2019-10-24 00:00:00,1.11316,1.11413,1.11285,1.11355
2019-10-24 04:00:00,1.11353,1.11621,1.11299,1.11463
2019-10-24 08:00:00,1.1146,1.11468,1.11195,1.11204
2019-10-24 12:00:00,1.11206,1.11531,1.10925,1.10969
2019-10-24 16:00:00,1.10972,1.11104,1.10925,1.10994
2019-10-24 20:00:00,1.10995,1.11056,1.10976,1.1103
2019-10-25 00:00:00,1.11031,1.11048,1.11,1.11018
2019-10-25 04:00:00,1.11021,1.11145,1.11006,1.11126
2019-10-25 08:00:00,1.11122,1.11225,1.11056,1.11056
2019-10-25 12:00:00,1.11057,1.11089,1.10797,1.10804
2019-10-25 16:00:00,1.10806,1.10821,1.10725,1.10797
2019-10-25 20:00:00,1.10795,1.10806,1.10762,1.10762
2019-10-27 20:00:00,1.10793,1.10834,1.10725,1.10833
2019-10-28 00:00:00,1.10834,1.10838,1.10755,1.10809
2019-10-28 04:00:00,1.1081,1.10915,1.10805,1.10894
2019-10-28 08:00:00,1.10893,1.1106,1.10876,1.10963
2019-10-28 12:00:00,1.10963,1.11015,1.10836,1.10927
2019-10-28 16:00:00,1.10929,1.11028,1.10913,1.11023
2019-10-28 20:00:00,1.11022,1.11024,1.10966,1.10976
2019-10-29 00:00:00,1.10976,1.11019,1.10907,1.10956
2019-10-29 04:00:00,1.10956,1.10962,1.10829,1.10839
2019-10-29 08:00:00,1.1084,1.10907,1.10731,1.10812
2019-10-29 12:00:00,1.10811,1.1117,1.10801,1.11161
2019-10-29 16:00:00,1.1116,1.11181,1.11043,1.11106
2019-10-29 20:00:00,1.11105,1.11134,1.1106,1.11116
2019-10-30 00:00:00,1.11118,1.11118,1.11058,1.11082
2019-10-30 04:00:00,1.11079,1.1123,1.11072,1.11209
2019-10-30 08:00:00,1.11212,1.11265,1.11063,1.11135
2019-10-30 12:00:00,1.11136,1.1123,1.11014,1.11225
2019-10-30 16:00:00,1.11226,1.11504,1.10794,1.11435
2019-10-30 20:00:00,1.11434,1.11547,1.11414,1.11516
2019-10-31 00:00:00,1.11517,1.11692,1.11517,1.11682
2019-10-31 04:00:00,1.1168,1.117,1.11568,1.11627
2019-10-31 08:00:00,1.11626,1.1175,1.11434,1.11509
2019-10-31 12:00:00,1.11509,1.11636,1.11309,1.11552
2019-10-31 16:00:00,1.1155,1.11578,1.11398,1.11524
2019-10-31 20:00:00,1.11525,1.11562,1.11459,1.11555
2019-11-01 00:00:00,1.11554,1.11661,1.11481,1.11637
2019-11-01 04:00:00,1.11636,1.11662,1.11549,1.11631
2019-11-01 08:00:00,1.11629,1.11684,1.11389,1.11548
2019-11-01 12:00:00,1.11549,1.11713,1.11276,1.1168
2019-11-01 16:00:00,1.11681,1.11704,1.11581,1.11688
2019-11-01 20:00:00,1.11687,1.11688,1.11599,1.11637
2019-11-03 20:00:00,1.11674,1.11682,1.11636,1.11656
2019-11-04 00:00:00,1.11654,1.11731,1.11591,1.11688
2019-11-04 04:00:00,1.11687,1.11749,1.11647,1.11726
2019-11-04 08:00:00,1.11724,1.11724,1.11486,1.11643
2019-11-04 12:00:00,1.11644,1.11698,1.11465,1.11542
2019-11-04 16:00:00,1.11543,1.11561,1.11247,1.11269
2019-11-04 20:00:00,1.11268,1.11298,1.11204,1.11274
2019-11-05 00:00:00,1.11273,1.11307,1.1112,1.11228
2019-11-05 04:00:00,1.11227,1.1138,1.11204,1.11342
2019-11-05 08:00:00,1.11344,1.11397,1.11136,1.11167
2019-11-05 12:00:00,1.11168,1.11168,1.10656,1.10717
2019-11-05 16:00:00,1.10718,1.10751,1.10631,1.10638
2019-11-05 20:00:00,1.10637,1.10748,1.10637,1.10734
2019-11-06 00:00:00,1.10733,1.10794,1.10659,1.10755
2019-11-06 04:00:00,1.10754,1.10798,1.10692,1.10788
2019-11-06 08:00:00,1.10789,1.10923,1.10755,1.10815
2019-11-06 12:00:00,1.10817,1.10914,1.10724,1.10734
2019-11-06 16:00:00,1.10731,1.10788,1.10638,1.10668
2019-11-06 20:00:00,1.10669,1.10728,1.10653,1.10694
2019-11-07 00:00:00,1.10693,1.10701,1.10543,1.10581
2019-11-07 04:00:00,1.10582,1.10803,1.10572,1.10754
2019-11-07 08:00:00,1.10753,1.10912,1.10697,1.10788
2019-11-07 12:00:00,1.10787,1.10829,1.10356,1.10461
2019-11-07 16:00:00,1.1046,1.10532,1.10353,1.10464
2019-11-07 20:00:00,1.10466,1.10522,1.10416,1.10518
2019-11-08 00:00:00,1.10517,1.10538,1.10452,1.10517
2019-11-08 04:00:00,1.10517,1.1053,1.10445,1.10476
2019-11-08 08:00:00,1.10477,1.10549,1.10253,1.10284
2019-11-08 12:00:00,1.10285,1.1037,1.1019,1.10211
2019-11-08 16:00:00,1.10212,1.10239,1.1016,1.10232
2019-11-08 20:00:00,1.10231,1.10232,1.10146,1.10146
2019-11-10 20:00:00,1.10215,1.10223,1.10152,1.10214
2019-11-11 00:00:00,1.10213,1.10234,1.10158,1.10222
2019-11-11 04:00:00,1.10223,1.10294,1.1021,1.10293
2019-11-11 08:00:00,1.10294,1.1035,1.10203,1.10259
2019-11-11 12:00:00,1.1026,1.10425,1.10252,1.10343
2019-11-11 16:00:00,1.10341,1.1041,1.10329,1.10332
2019-11-11 20:00:00,1.10332,1.10346,1.10304,1.10342
2019-11-12 00:00:00,1.10341,1.10373,1.10258,1.10313
2019-11-12 04:00:00,1.10314,1.10379,1.10265,1.10277
2019-11-12 08:00:00,1.10276,1.10357,1.10122,1.10172
2019-11-12 12:00:00,1.10173,1.10224,1.10019,1.10117
2019-11-12 16:00:00,1.10115,1.10192,1.10046,1.1011
2019-11-12 20:00:00,1.1011,1.10129,1.10041,1.10114
2019-11-13 00:00:00,1.10116,1.1015,1.10076,1.10118
2019-11-13 04:00:00,1.10119,1.10162,1.10062,1.10062
2019-11-13 08:00:00,1.10059,1.10198,1.09986,1.10086
2019-11-13 12:00:00,1.10087,1.1015,1.09991,1.10097
2019-11-13 16:00:00,1.10098,1.10109,1.09948,1.10011
2019-11-13 20:00:00,1.10012,1.10092,1.09994,1.1009
2019-11-14 00:00:00,1.10091,1.10105,1.09991,1.1003
2019-11-14 04:00:00,1.10028,1.10103,1.09936,1.10101
2019-11-14 08:00:00,1.10098,1.10151,1.09885,1.09899
2019-11-14 12:00:00,1.09898,1.10049,1.09892,1.10008
2019-11-14 16:00:00,1.10008,1.10271,1.09994,1.1021
2019-11-14 20:00:00,1.10211,1.10227,1.10171,1.10192
2019-11-15 00:00:00,1.10193,1.10291,1.1019,1.10255
2019-11-15 04:00:00,1.10252,1.10259,1.10155,1.10172
2019-11-15 08:00:00,1.10171,1.10336,1.1014,1.10315
2019-11-15 12:00:00,1.10313,1.10542,1.10267,1.10502
2019-11-15 16:00:00,1.10501,1.10564,1.10427,1.10526
2019-11-15 20:00:00,1.10524,1.10545,1.10479,1.10479
2019-11-17 20:00:00,1.10477,1.1054,1.10457,1.10534
2019-11-18 00:00:00,1.10531,1.10635,1.10528,1.10633
2019-11-18 04:00:00,1.10634,1.10674,1.10557,1.1056
2019-11-18 08:00:00,1.10558,1.10672,1.10542,1.10604
2019-11-18 12:00:00,1.10604,1.10813,1.10534,1.10802
2019-11-18 16:00:00,1.108,1.10894,1.10735,1.10748
2019-11-18 20:00:00,1.10748,1.10764,1.10683,1.10716
2019-11-19 00:00:00,1.10715,1.10747,1.10621,1.10739
2019-11-19 04:00:00,1.10738,1.1081,1.10674,1.10676
2019-11-19 08:00:00,1.10675,1.10771,1.10639,1.1077
2019-11-19 12:00:00,1.10769,1.10834,1.10714,1.10801
2019-11-19 16:00:00,1.10799,1.10825,1.10733,1.1078
2019-11-19 20:00:00,1.10779,1.10801,1.10746,1.10774
2019-11-20 00:00:00,1.10776,1.1079,1.10694,1.10737
2019-11-20 04:00:00,1.10735,1.10746,1.10655,1.10682
2019-11-20 08:00:00,1.10681,1.10684,1.10553,1.10561
2019-11-20 12:00:00,1.1056,1.10808,1.10524,1.10652
2019-11-20 16:00:00,1.10651,1.10724,1.10603,1.10693
2019-11-20 20:00:00,1.10692,1.10787,1.10689,1.10773
2019-11-21 00:00:00,1.10775,1.10787,1.1074,1.10748
2019-11-21 04:00:00,1.10748,1.10772,1.10702,1.10722
2019-11-21 08:00:00,1.10724,1.10879,1.10723,1.10848
2019-11-21 12:00:00,1.10847,1.10965,1.10626,1.10754
2019-11-21 16:00:00,1.10755,1.10771,1.10516,1.10582
2019-11-21 20:00:00,1.10584,1.10652,1.10525,1.10651
2019-11-22 00:00:00,1.10649,1.10652,1.10608,1.10629
2019-11-22 04:00:00,1.1063,1.1072,1.10619,1.10645
2019-11-22 08:00:00,1.10644,1.10863,1.10464,1.10642
2019-11-22 12:00:00,1.10642,1.1067,1.10304,1.10337
2019-11-22 16:00:00,1.10336,1.10346,1.10138,1.10196
2019-11-22 20:00:00,1.10195,1.10224,1.10148,1.10162
2019-11-24 20:00:00,1.10156,1.1022,1.10133,1.1022
2019-11-25 00:00:00,1.1022,1.10256,1.1018,1.10192
2019-11-25 04:00:00,1.10192,1.10311,1.10189,1.10293
2019-11-25 08:00:00,1.10295,1.10316,1.10098,1.10147
2019-11-25 12:00:00,1.10148,1.10244,1.10029,1.10109
2019-11-25 16:00:00,1.10107,1.10136,1.10031,1.10086
2019-11-25 20:00:00,1.10085,1.10141,1.10057,1.10098
2019-11-26 00:00:00,1.101,1.10161,1.10067,1.10131
2019-11-26 04:00:00,1.10133,1.10164,1.10109,1.1015
2019-11-26 08:00:00,1.10149,1.10205,1.10106,1.10167
2019-11-26 12:00:00,1.10164,1.10241,1.10065,1.10116
2019-11-26 16:00:00,1.10118,1.10223,1.10107,1.10217
2019-11-26 20:00:00,1.10217,1.1025,1.10201,1.10214
2019-11-27 00:00:00,1.10216,1.10216,1.10128,1.1014
2019-11-27 04:00:00,1.10138,1.10139,1.1007,1.10073
2019-11-27 08:00:00,1.10073,1.10108,1.10021,1.10079
2019-11-27 12:00:00,1.10077,1.10129,1.09918,1.09982
2019-11-27 16:00:00,1.09982,1.10067,1.09925,1.10039
2019-11-27 20:00:00,1.10041,1.10093,1.09958,1.10042
2019-11-28 00:00:00,1.10045,1.10075,1.10028,1.10047
2019-11-28 04:00:00,1.10046,1.10121,1.10035,1.1011
2019-11-28 08:00:00,1.1011,1.10175,1.10012,1.10018
2019-11-28 12:00:00,1.10019,1.10085,1.09999,1.10058
2019-11-28 16:00:00,1.10056,1.10095,1.1004,1.10081
2019-11-28 20:00:00,1.10083,1.10118,1.10039,1.10107
2019-11-29 00:00:00,1.10106,1.10122,1.10075,1.10101
2019-11-29 04:00:00,1.101,1.1013,1.10062,1.10106
2019-11-29 08:00:00,1.10109,1.10118,1.09928,1.09958
2019-11-29 12:00:00,1.0996,1.10278,1.09806,1.10271
2019-11-29 16:00:00,1.10271,1.10275,1.1014,1.10167
2019-11-29 20:00:00,1.10166,1.10198,1.10138,1.10159
2019-12-01 20:00:00,1.10228,1.10255,1.10164,1.10177
2019-12-02 00:00:00,1.10176,1.10206,1.10147,1.10174
2019-12-02 04:00:00,1.10175,1.10222,1.10155,1.10166
2019-12-02 08:00:00,1.10168,1.10208,1.1007,1.10078
2019-12-02 12:00:00,1.10079,1.10761,1.10023,1.10702
2019-12-02 16:00:00,1.10703,1.10889,1.10697,1.10779
2019-12-02 20:00:00,1.10777,1.10845,1.10742,1.10753
2019-12-03 00:00:00,1.10756,1.10775,1.10707,1.10756
2019-12-03 04:00:00,1.10753,1.10821,1.10711,1.10761
2019-12-03 08:00:00,1.1076,1.10863,1.10654,1.10746
2019-12-03 12:00:00,1.10747,1.10874,1.10684,1.10816
2019-12-03 16:00:00,1.10817,1.1093,1.10776,1.10806
2019-12-03 20:00:00,1.10807,1.10828,1.10786,1.1081
2019-12-04 00:00:00,1.10813,1.10838,1.10762,1.10786
2019-12-04 04:00:00,1.10785,1.10786,1.10724,1.10773
2019-12-04 08:00:00,1.10772,1.10874,1.10662,1.10683
2019-12-04 12:00:00,1.10684,1.11158,1.10684,1.10875
2019-12-04 16:00:00,1.10876,1.10907,1.10667,1.10741
2019-12-04 20:00:00,1.10742,1.10827,1.10722,1.10817
2019-12-05 00:00:00,1.10816,1.10863,1.10762,1.10847
2019-12-05 04:00:00,1.10846,1.10848,1.10792,1.10793
2019-12-05 08:00:00,1.10792,1.10966,1.10788,1.109
2019-12-05 12:00:00,1.10901,1.11039,1.10882,1.10923
2019-12-05 16:00:00,1.10921,1.11073,1.10908,1.10998
2019-12-05 20:00:00,1.10996,1.11076,1.10956,1.11033
2019-12-06 00:00:00,1.11034,1.11084,1.11024,1.1107
2019-12-06 04:00:00,1.11069,1.11074,1.11008,1.11063
2019-12-06 08:00:00,1.11066,1.1109,1.10903,1.10928
2019-12-06 12:00:00,1.1093,1.10975,1.10392,1.10499
2019-12-06 16:00:00,1.10498,1.10566,1.10454,1.10553
2019-12-06 20:00:00,1.10555,1.10606,1.10532,1.10551
2019-12-08 20:00:00,1.10577,1.106,1.10515,1.10575
2019-12-09 00:00:00,1.10575,1.10592,1.10527,1.1054
2019-12-09 04:00:00,1.10541,1.10653,1.10538,1.10651
2019-12-09 08:00:00,1.10649,1.10741,1.10604,1.10726
2019-12-09 12:00:00,1.10728,1.10774,1.1065,1.10685
2019-12-09 16:00:00,1.10686,1.10742,1.10544,1.10635
2019-12-09 20:00:00,1.10635,1.10653,1.10614,1.10637
2019-12-10 00:00:00,1.10636,1.10704,1.10623,1.1067
2019-12-10 04:00:00,1.10671,1.10717,1.10645,1.10697
2019-12-10 08:00:00,1.10698,1.10839,1.10689,1.10835
2019-12-10 12:00:00,1.10833,1.10906,1.10734,1.10893
2019-12-10 16:00:00,1.10894,1.10971,1.10841,1.10951
2019-12-10 20:00:00,1.1095,1.10962,1.10849,1.10918
2019-12-11 00:00:00,1.10916,1.10953,1.1087,1.10918
2019-12-11 04:00:00,1.10917,1.10919,1.10821,1.10835
2019-12-11 08:00:00,1.10836,1.10866,1.1078,1.10813
2019-12-11 12:00:00,1.10812,1.10969,1.10697,1.10838
2019-12-11 16:00:00,1.1084,1.11409,1.10839,1.11388
2019-12-11 20:00:00,1.11389,1.11443,1.11275,1.1132
2019-12-12 00:00:00,1.11321,1.11437,1.11309,1.1143
2019-12-12 04:00:00,1.11428,1.11434,1.11356,1.11371
2019-12-12 08:00:00,1.11372,1.11388,1.11241,1.11317
2019-12-12 12:00:00,1.11316,1.11537,1.11107,1.11167
2019-12-12 16:00:00,1.11168,1.1121,1.11024,1.11124
2019-12-12 20:00:00,1.11126,1.11985,1.11104,1.11827
2019-12-13 00:00:00,1.11825,1.11827,1.11675,1.1177
2019-12-13 04:00:00,1.11771,1.11772,1.11624,1.1165
2019-12-13 08:00:00,1.1165,1.11855,1.11643,1.11747
2019-12-13 12:00:00,1.11749,1.11829,1.11238,1.11349
2019-12-13 16:00:00,1.11347,1.11382,1.11111,1.11203
2019-12-13 20:00:00,1.11204,1.1121,1.11114,1.11166
2019-12-15 20:00:00,1.11257,1.11299,1.11221,1.11237
2019-12-16 00:00:00,1.11238,1.11321,1.11224,1.1132
2019-12-16 04:00:00,1.11321,1.11501,1.11293,1.1145
2019-12-16 08:00:00,1.11451,1.11457,1.11256,1.1144
2019-12-16 12:00:00,1.11438,1.11575,1.11349,1.11361
2019-12-16 16:00:00,1.11362,1.11475,1.11343,1.1147
2019-12-16 20:00:00,1.11468,1.11481,1.11334,1.11349
2019-12-17 00:00:00,1.11351,1.11473,1.11336,1.11464
2019-12-17 04:00:00,1.11465,1.11488,1.11397,1.11418
2019-12-17 08:00:00,1.11417,1.11664,1.11286,1.11602
2019-12-17 12:00:00,1.116,1.11741,1.11438,1.11554
2019-12-17 16:00:00,1.11554,1.11567,1.1145,1.11469
2019-12-17 20:00:00,1.11467,1.11536,1.1145,1.11509
2019-12-18 00:00:00,1.11507,1.11507,1.113,1.11331
2019-12-18 04:00:00,1.11333,1.11395,1.11286,1.11303
2019-12-18 08:00:00,1.11303,1.11421,1.11225,1.11273
2019-12-18 12:00:00,1.11272,1.11337,1.11099,1.11251
2019-12-18 16:00:00,1.1125,1.11276,1.1111,1.11149
2019-12-18 20:00:00,1.11147,1.11192,1.1111,1.11149
2019-12-19 00:00:00,1.11148,1.11319,1.11138,1.11294
2019-12-19 04:00:00,1.11292,1.11312,1.11242,1.11258
2019-12-19 08:00:00,1.11258,1.11438,1.11238,1.11264
2019-12-19 12:00:00,1.11263,1.11321,1.11066,1.11148
2019-12-19 16:00:00,1.11146,1.113,1.11117,1.11237
2019-12-19 20:00:00,1.11236,1.11264,1.11168,1.11226
2019-12-20 00:00:00,1.11227,1.11227,1.11137,1.1115
2019-12-20 04:00:00,1.11152,1.11196,1.1113,1.11174
2019-12-20 08:00:00,1.11173,1.11232,1.10892,1.10967
2019-12-20 12:00:00,1.10968,1.11032,1.10805,1.10858
2019-12-20 16:00:00,1.10856,1.10864,1.10656,1.10748
2019-12-20 20:00:00,1.10748,1.10781,1.10708,1.10715
2019-12-22 20:00:00,1.1079,1.108,1.10758,1.10798
2019-12-23 00:00:00,1.10796,1.10825,1.10721,1.10807
2019-12-23 04:00:00,1.10806,1.10859,1.10772,1.10831
2019-12-23 08:00:00,1.1083,1.10881,1.1076,1.10804
2019-12-23 12:00:00,1.10803,1.10954,1.10694,1.10867
2019-12-23 16:00:00,1.10869,1.1094,1.10841,1.10928
2019-12-23 20:00:00,1.10927,1.10943,1.1087,1.10913
2019-12-24 00:00:00,1.10914,1.10933,1.10846,1.10887
2019-12-24 04:00:00,1.10885,1.10893,1.10797,1.10848
2019-12-24 08:00:00,1.10847,1.10874,1.10683,1.10732
2019-12-24 12:00:00,1.10733,1.10895,1.10723,1.10895
2019-12-24 16:00:00,1.10897,1.10929,1.10811,1.10845
2019-12-24 20:00:00,1.10838,1.10874,1.10795,1.10863
2019-12-26 00:00:00,1.10937,1.10941,1.10875,1.10896
2019-12-26 04:00:00,1.10895,1.10912,1.10855,1.10898
2019-12-26 08:00:00,1.10899,1.10959,1.10818,1.1085
2019-12-26 12:00:00,1.10851,1.10994,1.10849,1.10985
2019-12-26 16:00:00,1.10985,1.11084,1.10948,1.11024
2019-12-26 20:00:00,1.11025,1.11041,1.10922,1.11006
2019-12-27 00:00:00,1.11008,1.11194,1.10981,1.11181
2019-12-27 04:00:00,1.1118,1.11293,1.11159,1.11288
2019-12-27 08:00:00,1.1129,1.11494,1.1129,1.1147
2019-12-27 12:00:00,1.11468,1.11787,1.11451,1.11624
2019-12-27 16:00:00,1.11623,1.11877,1.1158,1.11868
2019-12-27 20:00:00,1.11868,1.11868,1.11683,1.11708
2019-12-29 20:00:00,1.11723,1.11832,1.11668,1.11806
2019-12-30 00:00:00,1.11805,1.12103,1.118,1.11986
2019-12-30 04:00:00,1.11985,1.12053,1.11916,1.11955
2019-12-30 08:00:00,1.11953,1.12041,1.1189,1.11912
2019-12-30 12:00:00,1.1191,1.12075,1.11809,1.12005
2019-12-30 16:00:00,1.12006,1.12202,1.11994,1.12017
2019-12-30 20:00:00,1.12016,1.1203,1.11957,1.12007
2019-12-31 00:00:00,1.12005,1.12142,1.1198,1.12029
2019-12-31 04:00:00,1.12027,1.12077,1.12014,1.1205
2019-12-31 08:00:00,1.12051,1.12278,1.12024,1.12273
2019-12-31 12:00:00,1.12272,1.12387,1.12167,1.12233
2019-12-31 16:00:00,1.12232,1.12309,1.12155,1.12165
2019-12-31 20:00:00,1.12166,1.12178,1.12073,1.12084
2020-01-02 00:00:00,1.12184,1.1224,1.12117,1.12128
2020-01-02 04:00:00,1.12127,1.12138,1.12003,1.12093
2020-01-02 08:00:00,1.12094,1.12135,1.11836,1.11842
2020-01-02 12:00:00,1.11841,1.12019,1.11696,1.11999
2020-01-02 16:00:00,1.11999,1.12026,1.1163,1.11658
2020-01-02 20:00:00,1.11656,1.1173,1.11653,1.11702
2020-01-03 00:00:00,1.11703,1.11779,1.11689,1.11716
2020-01-03 04:00:00,1.11713,1.11744,1.11517,1.11527
2020-01-03 08:00:00,1.11526,1.11601,1.11243,1.11295
2020-01-03 12:00:00,1.11293,1.11669,1.11277,1.11629
2020-01-03 16:00:00,1.1163,1.11793,1.11606,1.11668
2020-01-03 20:00:00,1.11669,1.1167,1.11514,1.11544
2020-01-05 20:00:00,1.11619,1.11671,1.11549,1.11599
2020-01-06 00:00:00,1.11597,1.11704,1.11596,1.11653
2020-01-06 04:00:00,1.11654,1.11663,1.11567,1.11641
2020-01-06 08:00:00,1.11642,1.12051,1.11626,1.12027
2020-01-06 12:00:00,1.12028,1.12038,1.11817,1.11881
2020-01-06 16:00:00,1.11883,1.11974,1.11804,1.11907
2020-01-06 20:00:00,1.11906,1.11986,1.11883,1.11948
2020-01-07 00:00:00,1.1195,1.11965,1.11884,1.11916
2020-01-07 04:00:00,1.11917,1.11928,1.11724,1.11736
2020-01-07 08:00:00,1.11737,1.11891,1.11643,1.11813
2020-01-07 12:00:00,1.11814,1.11828,1.11338,1.11412
2020-01-07 16:00:00,1.1141,1.1149,1.11329,1.1144
2020-01-07 20:00:00,1.11439,1.11536,1.11408,1.1153
2020-01-08 00:00:00,1.11531,1.11676,1.11517,1.11541
2020-01-08 04:00:00,1.1154,1.11552,1.11427,1.11507
2020-01-08 08:00:00,1.11508,1.11528,1.1119,1.11267
2020-01-08 12:00:00,1.11266,1.11303,1.11098,1.11193
2020-01-08 16:00:00,1.11192,1.11254,1.11077,1.11107
2020-01-08 20:00:00,1.11108,1.11141,1.11006,1.11124
2020-01-09 00:00:00,1.11125,1.11188,1.11087,1.11148
2020-01-09 04:00:00,1.11149,1.112,1.11104,1.11146
2020-01-09 08:00:00,1.11148,1.11185,1.10961,1.11041
2020-01-09 12:00:00,1.11042,1.11167,1.10917,1.11017
2020-01-09 16:00:00,1.11016,1.11108,1.1093,1.11055
2020-01-09 20:00:00,1.11054,1.11088,1.11006,1.11088
2020-01-10 00:00:00,1.11089,1.11089,1.11016,1.11077
2020-01-10 04:00:00,1.11076,1.11106,1.11038,1.11065
2020-01-10 08:00:00,1.11066,1.11086,1.10843,1.10923
2020-01-10 12:00:00,1.10925,1.11173,1.10856,1.11122
2020-01-10 16:00:00,1.11121,1.11285,1.11105,1.11216
2020-01-10 20:00:00,1.11214,1.11219,1.11148,1.11157
2020-01-12 20:00:00,1.11112,1.11198,1.11108,1.11156
2020-01-13 00:00:00,1.11154,1.11294,1.11154,1.11288
2020-01-13 04:00:00,1.11285,1.11314,1.11214,1.11222
2020-01-13 08:00:00,1.11221,1.11355,1.11119,1.11199
2020-01-13 12:00:00,1.112,1.11376,1.1117,1.11325
2020-01-13 16:00:00,1.11324,1.11463,1.1132,1.11376
2020-01-13 20:00:00,1.11375,1.11381,1.11297,1.11339
2020-01-14 00:00:00,1.11338,1.11416,1.11305,1.1135
2020-01-14 04:00:00,1.11351,1.1144,1.11343,1.1142
2020-01-14 08:00:00,1.11419,1.11436,1.11258,1.11299
2020-01-14 12:00:00,1.11298,1.11299,1.11038,1.11217
2020-01-14 16:00:00,1.11219,1.11344,1.11198,1.11275
2020-01-14 20:00:00,1.11274,1.11296,1.11231,1.11271
2020-01-15 00:00:00,1.11271,1.11307,1.11264,1.11297
2020-01-15 04:00:00,1.11298,1.11363,1.11265,1.11279
2020-01-15 08:00:00,1.11277,1.11543,1.11178,1.11475
2020-01-15 12:00:00,1.11474,1.11628,1.11391,1.11519
2020-01-15 16:00:00,1.1152,1.11609,1.11489,1.11499
2020-01-15 20:00:00,1.11498,1.11524,1.11463,1.11518
2020-01-16 00:00:00,1.1152,1.11575,1.11502,1.11522
2020-01-16 04:00:00,1.11521,1.11529,1.1144,1.11471
2020-01-16 08:00:00,1.1147,1.11631,1.11451,1.11584
2020-01-16 12:00:00,1.11585,1.11719,1.11305,1.11401
2020-01-16 16:00:00,1.11398,1.11418,1.11272,1.11343
2020-01-16 20:00:00,1.11345,1.11377,1.11309,1.11364
2020-01-17 00:00:00,1.11363,1.1142,1.11304,1.11305
2020-01-17 04:00:00,1.11306,1.11406,1.11302,1.11357
2020-01-17 08:00:00,1.11358,1.11391,1.11058,1.11118
2020-01-17 12:00:00,1.11119,1.11142,1.10857,1.10932
2020-01-17 16:00:00,1.10934,1.10957,1.10875,1.10925
2020-01-17 20:00:00,1.10924,1.10928,1.10869,1.10879
2020-01-19 20:00:00,1.10883,1.10941,1.10883,1.10939
2020-01-20 00:00:00,1.1094,1.10983,1.10919,1.10952
2020-01-20 04:00:00,1.10953,1.11019,1.10934,1.10939
2020-01-20 08:00:00,1.10941,1.10967,1.10816,1.10852
2020-01-20 12:00:00,1.10851,1.10866,1.10761,1.10824
2020-01-20 16:00:00,1.10824,1.10915,1.10806,1.10913
2020-01-20 20:00:00,1.10911,1.10974,1.10901,1.10957
2020-01-21 00:00:00,1.10956,1.10981,1.10882,1.10967
2020-01-21 04:00:00,1.10968,1.10989,1.1091,1.10916
2020-01-21 08:00:00,1.10918,1.11095,1.1085,1.1105
2020-01-21 12:00:00,1.11049,1.11174,1.10882,1.10972
2020-01-21 16:00:00,1.1097,1.10993,1.10889,1.10944
2020-01-21 20:00:00,1.10943,1.10947,1.108,1.10844
2020-01-22 00:00:00,1.10846,1.10863,1.10767,1.1081
2020-01-22 04:00:00,1.1081,1.10857,1.10747,1.10854
2020-01-22 08:00:00,1.10853,1.10943,1.10743,1.10782
2020-01-22 12:00:00,1.10781,1.10978,1.10696,1.10748
2020-01-22 16:00:00,1.10747,1.10928,1.10741,1.10912
2020-01-22 20:00:00,1.10913,1.10962,1.10879,1.10952
2020-01-23 00:00:00,1.10951,1.1099,1.10788,1.10822
2020-01-23 04:00:00,1.10821,1.10918,1.10804,1.10887
2020-01-23 08:00:00,1.10886,1.10943,1.10785,1.10899
2020-01-23 12:00:00,1.109,1.11081,1.10397,1.10457
2020-01-23 16:00:00,1.10456,1.10554,1.10358,1.10548
2020-01-23 20:00:00,1.10547,1.10585,1.10497,1.10548
2020-01-24 00:00:00,1.10549,1.1055,1.10492,1.10498
2020-01-24 04:00:00,1.10496,1.10521,1.10421,1.10506
2020-01-24 08:00:00,1.10505,1.10611,1.10276,1.1035
2020-01-24 12:00:00,1.1035,1.10394,1.10222,1.10244
2020-01-24 16:00:00,1.10244,1.10326,1.10187,1.1029
2020-01-24 20:00:00,1.10289,1.10297,1.102,1.10222
2020-01-26 20:00:00,1.10295,1.10335,1.10219,1.10239
2020-01-27 00:00:00,1.1024,1.10352,1.1024,1.10276
2020-01-27 04:00:00,1.10276,1.1037,1.10257,1.10341
2020-01-27 08:00:00,1.10342,1.1037,1.10145,1.1024
2020-01-27 12:00:00,1.1024,1.10317,1.10108,1.1012
2020-01-27 16:00:00,1.10121,1.10215,1.1009,1.10157
2020-01-27 20:00:00,1.10155,1.10198,1.10108,1.10187
2020-01-28 00:00:00,1.10189,1.10247,1.10167,1.10207
2020-01-28 04:00:00,1.10209,1.10227,1.10137,1.10161
2020-01-28 08:00:00,1.10163,1.1023,1.10068,1.101
2020-01-28 12:00:00,1.10101,1.10103,1.09974,1.09997
2020-01-28 16:00:00,1.09998,1.10169,1.09988,1.10161
2020-01-28 20:00:00,1.10163,1.10235,1.10161,1.10215
2020-01-29 00:00:00,1.10217,1.10271,1.10122,1.10134
2020-01-29 04:00:00,1.10135,1.10161,1.10023,1.10051
2020-01-29 08:00:00,1.1005,1.1007,1.09939,1.10011
2020-01-29 12:00:00,1.10011,1.10091,1.09918,1.09986
2020-01-29 16:00:00,1.09984,1.10202,1.09959,1.10196
2020-01-29 20:00:00,1.10196,1.102,1.10009,1.10132
2020-01-30 00:00:00,1.10131,1.10165,1.10103,1.10146
2020-01-30 04:00:00,1.10148,1.10167,1.10063,1.10111
2020-01-30 08:00:00,1.10109,1.10235,1.10091,1.10225
2020-01-30 12:00:00,1.10225,1.10359,1.10147,1.10351
2020-01-30 16:00:00,1.10352,1.10388,1.10253,1.10295
2020-01-30 20:00:00,1.10293,1.10367,1.10273,1.10282
2020-01-31 00:00:00,1.10279,1.10331,1.10235,1.10238
2020-01-31 04:00:00,1.10236,1.10279,1.10164,1.10273
2020-01-31 08:00:00,1.10271,1.10381,1.10197,1.10367
2020-01-31 12:00:00,1.10364,1.10831,1.10337,1.10801
2020-01-31 16:00:00,1.10798,1.10899,1.10743,1.10889
2020-01-31 20:00:00,1.1089,1.10946,1.10843,1.10904
2020-02-02 20:00:00,1.10946,1.10946,1.10793,1.10885
2020-02-03 00:00:00,1.10883,1.10883,1.10793,1.10806
2020-02-03 04:00:00,1.10807,1.10857,1.10697,1.10743
2020-02-03 08:00:00,1.10743,1.10779,1.10578,1.10622
2020-02-03 12:00:00,1.10621,1.10663,1.10306,1.10552
2020-02-03 16:00:00,1.10551,1.10659,1.10531,1.1063
2020-02-03 20:00:00,1.10629,1.10635,1.10558,1.10618
2020-02-04 00:00:00,1.10619,1.10636,1.1055,1.10574
2020-02-04 04:00:00,1.10575,1.10632,1.10483,1.10497
2020-02-04 08:00:00,1.10496,1.10608,1.1049,1.10535
2020-02-04 12:00:00,1.10534,1.10536,1.10326,1.10378
2020-02-04 16:00:00,1.10379,1.10446,1.10323,1.10415
2020-02-04 20:00:00,1.10414,1.10452,1.10394,1.1044
2020-02-05 00:00:00,1.10441,1.10442,1.10331,1.10337
2020-02-05 04:00:00,1.10336,1.104,1.1033,1.10365
2020-02-05 08:00:00,1.10366,1.10474,1.10138,1.10214
2020-02-05 12:00:00,1.10212,1.10227,1.09959,1.10016
2020-02-05 16:00:00,1.10018,1.10064,1.0993,1.09955
2020-02-05 20:00:00,1.09954,1.09994,1.09935,1.09994
2020-02-06 00:00:00,1.09992,1.09995,1.09914,1.09966
2020-02-06 04:00:00,1.09967,1.10051,1.09935,1.10025
2020-02-06 08:00:00,1.10023,1.10133,1.09932,1.09998
2020-02-06 12:00:00,1.09997,1.10037,1.09638,1.09761
2020-02-06 16:00:00,1.09758,1.09831,1.09703,1.09765
2020-02-06 20:00:00,1.09764,1.09819,1.09756,1.09802
2020-02-07 00:00:00,1.09803,1.09844,1.09772,1.09826
2020-02-07 04:00:00,1.09827,1.09828,1.09661,1.09663
2020-02-07 08:00:00,1.09664,1.09705,1.09473,1.09515
2020-02-07 12:00:00,1.09514,1.09759,1.09482,1.09628
2020-02-07 16:00:00,1.09627,1.09648,1.09414,1.09457
2020-02-07 20:00:00,1.09457,1.09474,1.09418,1.09433
2020-02-09 20:00:00,1.09432,1.09501,1.09394,1.09486
2020-02-10 00:00:00,1.09484,1.09536,1.09475,1.09517
2020-02-10 04:00:00,1.09518,1.09569,1.09445,1.09462
2020-02-10 08:00:00,1.09461,1.09545,1.09442,1.09486
2020-02-10 12:00:00,1.09487,1.09522,1.09188,1.09236
2020-02-10 16:00:00,1.09235,1.09237,1.09085,1.09132
2020-02-10 20:00:00,1.09133,1.09146,1.09069,1.09096
2020-02-11 00:00:00,1.09097,1.09167,1.09074,1.09129
2020-02-11 04:00:00,1.09128,1.0914,1.0905,1.09139
2020-02-11 08:00:00,1.09138,1.09201,1.09052,1.09122
2020-02-11 12:00:00,1.09124,1.09243,1.089,1.09156
2020-02-11 16:00:00,1.09153,1.09239,1.09125,1.09212
2020-02-11 20:00:00,1.09211,1.09213,1.09139,1.09185
2020-02-12 00:00:00,1.09184,1.09193,1.09113,1.09148
2020-02-12 04:00:00,1.09148,1.09154,1.09016,1.09141
2020-02-12 08:00:00,1.09139,1.09251,1.09092,1.09114
2020-02-12 12:00:00,1.09113,1.09138,1.08855,1.08938
2020-02-12 16:00:00,1.08939,1.08971,1.08645,1.08657
2020-02-12 20:00:00,1.08658,1.08752,1.08658,1.08749
2020-02-13 00:00:00,1.0875,1.08758,1.08673,1.08695
2020-02-13 04:00:00,1.08694,1.0879,1.08646,1.08788
2020-02-13 08:00:00,1.08787,1.08883,1.08555,1.08571
2020-02-13 12:00:00,1.08572,1.08688,1.08334,1.08481
2020-02-13 16:00:00,1.0848,1.08536,1.08381,1.08426
2020-02-13 20:00:00,1.08425,1.0845,1.08363,1.08408
2020-02-14 00:00:00,1.08409,1.08412,1.08265,1.08305
2020-02-14 04:00:00,1.08305,1.08427,1.08302,1.08405
2020-02-14 08:00:00,1.08406,1.08496,1.08316,1.08365
2020-02-14 12:00:00,1.08366,1.08607,1.08319,1.08453
2020-02-14 16:00:00,1.08454,1.08462,1.08324,1.08391
2020-02-14 20:00:00,1.08389,1.08407,1.08284,1.08292
2020-02-16 20:00:00,1.08382,1.08408,1.08324,1.08407
2020-02-17 00:00:00,1.08406,1.08406,1.0833,1.08379
2020-02-17 04:00:00,1.0838,1.08418,1.08335,1.08403
2020-02-17 08:00:00,1.08404,1.08505,1.08355,1.08388
2020-02-17 12:00:00,1.08385,1.08414,1.08289,1.08291
2020-02-17 16:00:00,1.08292,1.08394,1.08286,1.08332
2020-02-17 20:00:00,1.08329,1.08364,1.08304,1.0836
2020-02-18 00:00:00,1.0836,1.08362,1.08222,1.08319
2020-02-18 04:00:00,1.08321,1.08367,1.0828,1.08324
2020-02-18 08:00:00,1.08325,1.08364,1.08208,1.0824
2020-02-18 12:00:00,1.08241,1.08254,1.07847,1.08222
2020-02-18 16:00:00,1.0822,1.08236,1.07924,1.07935
2020-02-18 20:00:00,1.07934,1.07964,1.07883,1.07934
2020-02-19 00:00:00,1.07915,1.08031,1.07886,1.07984
2020-02-19 04:00:00,1.07983,1.08041,1.07909,1.08013
2020-02-19 08:00:00,1.08014,1.08075,1.07839,1.07911
2020-02-19 12:00:00,1.07913,1.08032,1.07815,1.07908
2020-02-19 16:00:00,1.07906,1.08004,1.07855,1.07958
2020-02-19 20:00:00,1.07959,1.08112,1.07951,1.08091
2020-02-20 00:00:00,1.08091,1.08146,1.07911,1.07965
2020-02-20 04:00:00,1.07965,1.07986,1.07771,1.07901
2020-02-20 08:00:00,1.07899,1.08057,1.07842,1.07958
2020-02-20 12:00:00,1.0796,1.08207,1.07852,1.08019
2020-02-20 16:00:00,1.0802,1.08071,1.07822,1.0789
2020-02-20 20:00:00,1.07891,1.07901,1.07817,1.07871
2020-02-21 00:00:00,1.07871,1.07931,1.07866,1.07898
2020-02-21 04:00:00,1.07896,1.07981,1.07888,1.07957
2020-02-21 08:00:00,1.07956,1.08194,1.07898,1.08056
2020-02-21 12:00:00,1.08055,1.0863,1.07957,1.08521
2020-02-21 16:00:00,1.08522,1.0863,1.08482,1.08572
2020-02-21 20:00:00,1.08572,1.08573,1.08428,1.08459
2020-02-23 20:00:00,1.08125,1.08411,1.08103,1.08379
2020-02-24 00:00:00,1.0838,1.08418,1.08211,1.08216
2020-02-24 04:00:00,1.08217,1.0822,1.08045,1.08166
2020-02-24 08:00:00,1.08167,1.08413,1.08124,1.08203
2020-02-24 12:00:00,1.08204,1.08604,1.08126,1.08552
2020-02-24 16:00:00,1.08553,1.08716,1.08407,1.08426
2020-02-24 20:00:00,1.08425,1.08563,1.08406,1.08481
2020-02-25 00:00:00,1.08481,1.0867,1.08437,1.08623
2020-02-25 04:00:00,1.08623,1.08624,1.08471,1.08529
2020-02-25 08:00:00,1.0853,1.08655,1.08296,1.08362
2020-02-25 12:00:00,1.08364,1.08661,1.08296,1.08639
2020-02-25 16:00:00,1.0864,1.08898,1.08618,1.0881
2020-02-25 20:00:00,1.08808,1.08858,1.08746,1.08792
2020-02-26 00:00:00,1.08789,1.08789,1.08618,1.0866
2020-02-26 04:00:00,1.08659,1.08779,1.08649,1.08705
2020-02-26 08:00:00,1.08706,1.08972,1.08706,1.08839
2020-02-26 12:00:00,1.0884,1.09083,1.08545,1.08661
2020-02-26 16:00:00,1.08659,1.08994,1.08636,1.08992
2020-02-26 20:00:00,1.0899,1.0899,1.08741,1.08857
2020-02-27 00:00:00,1.0886,1.0914,1.08842,1.09049
2020-02-27 04:00:00,1.09048,1.09217,1.09025,1.09209
2020-02-27 08:00:00,1.09208,1.09475,1.09184,1.09448
2020-02-27 12:00:00,1.09446,1.10056,1.09415,1.09836
2020-02-27 16:00:00,1.09833,1.09945,1.09642,1.09868
2020-02-27 20:00:00,1.09867,1.10038,1.09802,1.09958
2020-02-28 00:00:00,1.09959,1.10046,1.09818,1.09862
2020-02-28 04:00:00,1.09864,1.10075,1.09851,1.09949
2020-02-28 08:00:00,1.09951,1.10525,1.09855,1.0993
2020-02-28 12:00:00,1.09931,1.09994,1.09504,1.09837
2020-02-28 16:00:00,1.09836,1.10324,1.09769,1.10282
2020-02-28 20:00:00,1.10283,1.10456,1.10227,1.10227
2020-03-01 20:00:00,1.10404,1.10734,1.10365,1.10512
2020-03-02 00:00:00,1.10513,1.10642,1.10357,1.1052
2020-03-02 04:00:00,1.10519,1.10779,1.10378,1.10627
2020-03-02 08:00:00,1.10628,1.1119,1.10595,1.11181
2020-03-02 12:00:00,1.11183,1.11638,1.10991,1.11305
2020-03-02 16:00:00,1.11303,1.11841,1.11241,1.11634
2020-03-02 20:00:00,1.11633,1.11633,1.11225,1.11437
2020-03-03 00:00:00,1.11436,1.11456,1.11197,1.1134
2020-03-03 04:00:00,1.11338,1.1155,1.11145,1.11196
2020-03-03 08:00:00,1.11197,1.11384,1.10994,1.11132
2020-03-03 12:00:00,1.11132,1.12128,1.10947,1.11792
2020-03-03 16:00:00,1.11791,1.11945,1.11402,1.11752
2020-03-03 20:00:00,1.11753,1.11844,1.11659,1.11759
2020-03-04 00:00:00,1.11761,1.11792,1.1159,1.11603
2020-03-04 04:00:00,1.11604,1.11631,1.11427,1.11588
2020-03-04 08:00:00,1.11589,1.1187,1.11355,1.11468
2020-03-04 12:00:00,1.1147,1.11474,1.10947,1.11388
2020-03-04 16:00:00,1.1139,1.11448,1.11188,1.11383
2020-03-04 20:00:00,1.11384,1.11418,1.11293,1.11376
2020-03-05 00:00:00,1.11377,1.11431,1.11322,1.11378
2020-03-05 04:00:00,1.11377,1.11396,1.1119,1.11226
2020-03-05 08:00:00,1.11227,1.11832,1.1121,1.11826
2020-03-05 12:00:00,1.11824,1.12006,1.11662,1.11872
2020-03-05 16:00:00,1.11874,1.12174,1.11786,1.11999
2020-03-05 20:00:00,1.11998,1.12444,1.11932,1.1222
2020-03-06 00:00:00,1.1222,1.1248,1.12103,1.12331
2020-03-06 04:00:00,1.1233,1.12384,1.12184,1.12336
2020-03-06 08:00:00,1.12338,1.13402,1.12284,1.13319
2020-03-06 12:00:00,1.13318,1.13541,1.12865,1.13093
2020-03-06 16:00:00,1.13091,1.13297,1.12875,1.1317
2020-03-06 20:00:00,1.13171,1.13253,1.12787,1.12798
2020-03-08 20:00:00,1.1346,1.13953,1.1331,1.1387
2020-03-09 00:00:00,1.13872,1.14918,1.13554,1.14152
2020-03-09 04:00:00,1.14149,1.14744,1.138,1.14378
2020-03-09 08:00:00,1.1438,1.14392,1.13647,1.14241
2020-03-09 12:00:00,1.14243,1.1484,1.13745,1.14192
2020-03-09 16:00:00,1.14191,1.14782,1.14134,1.14513
2020-03-09 20:00:00,1.14515,1.14652,1.13937,1.13986
2020-03-10 00:00:00,1.13981,1.14243,1.13711,1.13944
2020-03-10 04:00:00,1.13941,1.13983,1.13312,1.13812
2020-03-10 08:00:00,1.13813,1.14008,1.13352,1.13594
2020-03-10 12:00:00,1.13593,1.13936,1.13362,1.1341
2020-03-10 16:00:00,1.13409,1.13581,1.12742,1.12997
2020-03-10 20:00:00,1.12998,1.13228,1.12731,1.13133
2020-03-11 00:00:00,1.13133,1.13377,1.1301,1.13285
2020-03-11 04:00:00,1.13285,1.1366,1.13262,1.13281
2020-03-11 08:00:00,1.13278,1.13382,1.13007,1.13284
2020-03-11 12:00:00,1.13285,1.13513,1.12567,1.12796
2020-03-11 16:00:00,1.12795,1.12878,1.12598,1.12722
2020-03-11 20:00:00,1.12721,1.12793,1.12475,1.12608
2020-03-12 00:00:00,1.12606,1.1333,1.12587,1.13122
2020-03-12 04:00:00,1.13124,1.1319,1.12846,1.13112
2020-03-12 08:00:00,1.1311,1.13123,1.12108,1.12366
2020-03-12 12:00:00,1.12367,1.13004,1.10793,1.10811
2020-03-12 16:00:00,1.10809,1.12158,1.10536,1.118
2020-03-12 20:00:00,1.11802,1.12253,1.1157,1.11814
2020-03-13 00:00:00,1.11818,1.12169,1.11515,1.12127
2020-03-13 04:00:00,1.12129,1.12203,1.11616,1.11812
2020-03-13 08:00:00,1.11808,1.12135,1.11387,1.11542
2020-03-13 12:00:00,1.11539,1.11858,1.10653,1.10692
2020-03-13 16:00:00,1.1069,1.11141,1.10541,1.11124
2020-03-13 20:00:00,1.11123,1.11167,1.10795,1.11004
2020-03-15 20:00:00,1.10643,1.11985,1.10643,1.11537
2020-03-16 00:00:00,1.11531,1.11672,1.10839,1.1123
2020-03-16 04:00:00,1.1123,1.11807,1.1107,1.11757
2020-03-16 08:00:00,1.11759,1.12357,1.11413,1.11855
2020-03-16 12:00:00,1.11853,1.11998,1.10937,1.11365
2020-03-16 16:00:00,1.11362,1.11769,1.11354,1.11749
2020-03-16 20:00:00,1.11746,1.11857,1.11551,1.11626
2020-03-17 00:00:00,1.11625,1.11884,1.11584,1.11785
2020-03-17 04:00:00,1.11783,1.11844,1.11279,1.1137
2020-03-17 08:00:00,1.11372,1.11445,1.09991,1.10121
2020-03-17 12:00:00,1.10118,1.1017,1.09538,1.09703
2020-03-17 16:00:00,1.09705,1.102,1.09577,1.10009
2020-03-17 20:00:00,1.10011,1.10213,1.09881,1.10154
2020-03-18 00:00:00,1.10155,1.10274,1.09837,1.10269
2020-03-18 04:00:00,1.10267,1.10444,1.09654,1.09678
2020-03-18 08:00:00,1.09676,1.1017,1.09545,1.09765
2020-03-18 12:00:00,1.09767,1.09843,1.08299,1.08321
2020-03-18 16:00:00,1.0832,1.08995,1.0801,1.08977
2020-03-18 20:00:00,1.08977,1.09799,1.0896,1.09429
2020-03-19 00:00:00,1.09433,1.09483,1.08768,1.08968
2020-03-19 04:00:00,1.0897,1.09468,1.08441,1.0847
2020-03-19 08:00:00,1.08471,1.08892,1.07304,1.07487
2020-03-19 12:00:00,1.07486,1.08384,1.06943,1.06985
2020-03-19 16:00:00,1.06987,1.07147,1.06541,1.06788
2020-03-19 20:00:00,1.06783,1.07051,1.06521,1.06538
2020-03-20 00:00:00,1.06539,1.07485,1.06518,1.07342
2020-03-20 04:00:00,1.0734,1.083,1.07263,1.08134
2020-03-20 08:00:00,1.08131,1.08132,1.06956,1.07103
2020-03-20 12:00:00,1.07103,1.07594,1.06624,1.06828
2020-03-20 16:00:00,1.06832,1.07118,1.06365,1.06646
2020-03-20 20:00:00,1.06645,1.06988,1.06612,1.06914
2020-03-22 20:00:00,1.07027,1.0705,1.06347,1.06882
2020-03-23 00:00:00,1.06877,1.07291,1.06571,1.07135
2020-03-23 04:00:00,1.07134,1.07677,1.06885,1.0692
2020-03-23 08:00:00,1.06923,1.07095,1.06657,1.06848
2020-03-23 12:00:00,1.06846,1.08273,1.06827,1.07582
2020-03-23 16:00:00,1.0758,1.07793,1.07227,1.0725
2020-03-23 20:00:00,1.07248,1.0764,1.07187,1.07622
2020-03-24 00:00:00,1.07627,1.08217,1.07509,1.07995
2020-03-24 04:00:00,1.07993,1.08648,1.07746,1.08296
2020-03-24 08:00:00,1.08292,1.08873,1.08067,1.08644
2020-03-24 12:00:00,1.08644,1.08675,1.07679,1.07941
2020-03-24 16:00:00,1.0794,1.08203,1.07452,1.07706
2020-03-24 20:00:00,1.07705,1.0814,1.0761,1.07972
2020-03-25 00:00:00,1.07975,1.08229,1.07594,1.08084
2020-03-25 04:00:00,1.08083,1.08397,1.07914,1.08062
2020-03-25 08:00:00,1.08062,1.08488,1.07921,1.08102
2020-03-25 12:00:00,1.08105,1.08375,1.07843,1.08345
2020-03-25 16:00:00,1.08342,1.08886,1.08264,1.08832
2020-03-25 20:00:00,1.08834,1.08932,1.08687,1.08874
2020-03-26 00:00:00,1.08875,1.09327,1.08737,1.09166
2020-03-26 04:00:00,1.09166,1.09282,1.08961,1.09244
2020-03-26 08:00:00,1.09243,1.09777,1.09147,1.09588
2020-03-26 12:00:00,1.09587,1.10278,1.09267,1.1024
2020-03-26 16:00:00,1.1024,1.10534,1.10074,1.10529
2020-03-26 20:00:00,1.1053,1.10581,1.10204,1.10466
2020-03-27 00:00:00,1.10468,1.10861,1.10241,1.10784
2020-03-27 04:00:00,1.10783,1.10783,1.10077,1.10207
2020-03-27 08:00:00,1.10209,1.10399,1.099,1.10054
2020-03-27 12:00:00,1.10056,1.1059,1.09528,1.1058
2020-03-27 16:00:00,1.10581,1.11287,1.10518,1.11217
2020-03-27 20:00:00,1.11219,1.11465,1.11191,1.11365
2020-03-29 20:00:00,1.1115,1.11437,1.11043,1.11355
2020-03-30 00:00:00,1.11357,1.11375,1.10785,1.10795
2020-03-30 04:00:00,1.10794,1.11051,1.10595,1.1082
2020-03-30 08:00:00,1.10822,1.10953,1.10447,1.10598
2020-03-30 12:00:00,1.10599,1.10618,1.10091,1.10163
2020-03-30 16:00:00,1.10162,1.10527,1.10103,1.10522
2020-03-30 20:00:00,1.10523,1.1055,1.10155,1.10281
2020-03-31 00:00:00,1.10284,1.10421,1.09801,1.10259
2020-03-31 04:00:00,1.10258,1.10268,1.09902,1.09957
2020-03-31 08:00:00,1.09959,1.10019,1.0926,1.09513
2020-03-31 12:00:00,1.09511,1.10267,1.09419,1.10136
2020-03-31 16:00:00,1.10134,1.10315,1.09643,1.10312
2020-03-31 20:00:00,1.10308,1.10369,1.10157,1.10253
2020-04-01 00:00:00,1.10255,1.10356,1.1005,1.10187
2020-04-01 04:00:00,1.10184,1.10324,1.09573,1.09587
2020-04-01 08:00:00,1.09586,1.0967,1.0916,1.09402
2020-04-01 12:00:00,1.094,1.09419,1.09161,1.09324
2020-04-01 16:00:00,1.09323,1.09574,1.09021,1.09471
2020-04-01 20:00:00,1.09469,1.0969,1.09376,1.09505
2020-04-02 00:00:00,1.09509,1.09583,1.09297,1.09382
2020-04-02 04:00:00,1.09382,1.09638,1.0931,1.09318
2020-04-02 08:00:00,1.09317,1.09391,1.09074,1.09128
2020-04-02 12:00:00,1.09128,1.09146,1.08396,1.08609
2020-04-02 16:00:00,1.0861,1.0873,1.082,1.08487
2020-04-02 20:00:00,1.08489,1.08658,1.08412,1.08452
2020-04-03 00:00:00,1.08453,1.08547,1.08325,1.08447
2020-04-03 04:00:00,1.08446,1.08506,1.0787,1.07897
2020-04-03 08:00:00,1.07898,1.08155,1.07836,1.07883
2020-04-03 12:00:00,1.07885,1.08088,1.0772,1.07972
2020-04-03 16:00:00,1.07971,1.08276,1.07775,1.08087
2020-04-03 20:00:00,1.08087,1.08164,1.07971,1.08006
2020-04-05 20:00:00,1.0804,1.08203,1.0798,1.08044
2020-04-06 00:00:00,1.08046,1.08225,1.07978,1.08138
2020-04-06 04:00:00,1.0814,1.08347,1.08062,1.0817
2020-04-06 08:00:00,1.08169,1.08175,1.07825,1.07988
2020-04-06 12:00:00,1.07986,1.08171,1.07677,1.08062
2020-04-06 16:00:00,1.08061,1.08077,1.0782,1.07972
2020-04-06 20:00:00,1.07976,1.08013,1.07827,1.0798
2020-04-07 00:00:00,1.07982,1.08179,1.07896,1.08139
2020-04-07 04:00:00,1.08137,1.0878,1.08108,1.08771
2020-04-07 08:00:00,1.08772,1.08923,1.08512,1.08771
2020-04-07 12:00:00,1.08769,1.09249,1.0872,1.08854
2020-04-07 16:00:00,1.08853,1.09093,1.08824,1.09041
2020-04-07 20:00:00,1.09039,1.0904,1.08859,1.08928
2020-04-08 00:00:00,1.08926,1.0896,1.08578,1.08591
2020-04-08 04:00:00,1.08592,1.08873,1.08293,1.08601
2020-04-08 08:00:00,1.08598,1.08788,1.08451,1.08678
2020-04-08 12:00:00,1.08677,1.08876,1.08522,1.08634
2020-04-08 16:00:00,1.08633,1.08721,1.08503,1.08526
2020-04-08 20:00:00,1.08524,1.08614,1.08497,1.08593
2020-04-09 00:00:00,1.08591,1.08795,1.08529,1.0866
2020-04-09 04:00:00,1.08661,1.08815,1.08404,1.08751
2020-04-09 08:00:00,1.08751,1.08887,1.0849,1.08574
2020-04-09 12:00:00,1.08573,1.09448,1.08572,1.09296
2020-04-09 16:00:00,1.09298,1.09512,1.09195,1.09354
2020-04-09 20:00:00,1.09353,1.09389,1.09168,1.09193
2020-04-10 00:00:00,1.09193,1.0943,1.09172,1.09408
2020-04-10 04:00:00,1.09409,1.09513,1.09243,1.09356
2020-04-10 08:00:00,1.0936,1.09468,1.09347,1.09352
2020-04-10 12:00:00,1.09354,1.09507,1.09354,1.09464
2020-04-10 16:00:00,1.09456,1.09512,1.09305,1.09341
2020-04-10 20:00:00,1.09347,1.09371,1.09265,1.09307
2020-04-12 20:00:00,1.09474,1.09478,1.09295,1.09308
2020-04-13 00:00:00,1.09305,1.09413,1.0924,1.09328
2020-04-13 04:00:00,1.09329,1.0967,1.09324,1.09458
2020-04-13 08:00:00,1.09461,1.09462,1.0902,1.09293
2020-04-13 12:00:00,1.09296,1.0931,1.08919,1.09049
2020-04-13 16:00:00,1.09048,1.09234,1.09034,1.09163
2020-04-13 20:00:00,1.09165,1.09252,1.09011,1.0919
2020-04-14 00:00:00,1.09189,1.09481,1.09159,1.09462
2020-04-14 04:00:00,1.09464,1.09481,1.09235,1.09311
2020-04-14 08:00:00,1.0931,1.09653,1.09143,1.09632
2020-04-14 12:00:00,1.09634,1.09834,1.09533,1.09695
2020-04-14 16:00:00,1.09696,1.09866,1.09607,1.09852
2020-04-14 20:00:00,1.09853,1.09887,1.09747,1.09822
2020-04-15 00:00:00,1.09822,1.09866,1.09734,1.09768
2020-04-15 04:00:00,1.09769,1.09784,1.09277,1.09289
2020-04-15 08:00:00,1.09285,1.09392,1.09025,1.09134
2020-04-15 12:00:00,1.09135,1.09188,1.08558,1.09075
2020-04-15 16:00:00,1.09074,1.09383,1.09015,1.0913
2020-04-15 20:00:00,1.0913,1.09172,1.08991,1.0903
2020-04-16 00:00:00,1.09032,1.09067,1.08722,1.0873
2020-04-16 04:00:00,1.0873,1.09042,1.08639,1.08723
2020-04-16 08:00:00,1.0872,1.08883,1.08523,1.08814
2020-04-16 12:00:00,1.08816,1.09003,1.08274,1.08401
2020-04-16 16:00:00,1.08401,1.08507,1.0816,1.08455
2020-04-16 20:00:00,1.08452,1.08667,1.08294,1.08579
2020-04-17 00:00:00,1.0858,1.08779,1.08534,1.0866
2020-04-17 04:00:00,1.08658,1.08737,1.08192,1.08282
2020-04-17 08:00:00,1.08283,1.08499,1.08114,1.08477
2020-04-17 12:00:00,1.08476,1.08918,1.08433,1.08825
2020-04-17 16:00:00,1.08826,1.08843,1.08587,1.08681
2020-04-17 20:00:00,1.08683,1.08755,1.08638,1.08689
2020-04-19 20:00:00,1.0866,1.08738,1.08621,1.0863
2020-04-20 00:00:00,1.08628,1.08708,1.08556,1.08603
2020-04-20 04:00:00,1.08604,1.08715,1.08403,1.08675
2020-04-20 08:00:00,1.08674,1.08961,1.08507,1.08556
2020-04-20 12:00:00,1.08555,1.08866,1.08491,1.0872
2020-04-20 16:00:00,1.08719,1.08835,1.0856,1.08563
2020-04-20 20:00:00,1.08561,1.08684,1.08546,1.08631
2020-04-21 00:00:00,1.08631,1.08634,1.08248,1.08369
2020-04-21 04:00:00,1.08368,1.08453,1.08261,1.08299
2020-04-21 08:00:00,1.08298,1.08527,1.08194,1.08317
2020-04-21 12:00:00,1.08319,1.08797,1.08155,1.08532
2020-04-21 16:00:00,1.08533,1.08653,1.0841,1.08586
2020-04-21 20:00:00,1.08588,1.08622,1.08519,1.08559
2020-04-22 00:00:00,1.08559,1.086,1.0846,1.08501
2020-04-22 04:00:00,1.08499,1.08729,1.08444,1.0855
2020-04-22 08:00:00,1.08549,1.08847,1.08508,1.08757
2020-04-22 12:00:00,1.08759,1.08768,1.08199,1.08286
2020-04-22 16:00:00,1.08284,1.08286,1.08026,1.08176
2020-04-22 20:00:00,1.08174,1.08234,1.08051,1.08056
2020-04-23 00:00:00,1.08057,1.08213,1.0804,1.08087
2020-04-23 04:00:00,1.08084,1.08336,1.07835,1.07951
2020-04-23 08:00:00,1.07948,1.08023,1.07554,1.07655
2020-04-23 12:00:00,1.07656,1.0846,1.07646,1.08132
2020-04-23 16:00:00,1.08131,1.08182,1.07613,1.07816
2020-04-23 20:00:00,1.07817,1.07821,1.07641,1.07738
2020-04-24 00:00:00,1.07739,1.07785,1.07606,1.07706
2020-04-24 04:00:00,1.07705,1.07735,1.07265,1.07397
2020-04-24 08:00:00,1.07398,1.08048,1.07322,1.07926
2020-04-24 12:00:00,1.07925,1.08188,1.07839,1.07964
2020-04-24 16:00:00,1.07966,1.08126,1.07841,1.08105
2020-04-24 20:00:00,1.08102,1.08281,1.08074,1.08182
2020-04-26 20:00:00,1.08208,1.08212,1.08134,1.08198
2020-04-27 00:00:00,1.08199,1.08324,1.08106,1.08312
2020-04-27 04:00:00,1.08312,1.08585,1.08295,1.08412
2020-04-27 08:00:00,1.08413,1.08597,1.08333,1.08543
2020-04-27 12:00:00,1.08541,1.08579,1.08269,1.08279
2020-04-27 16:00:00,1.08281,1.08337,1.08158,1.08285
2020-04-27 20:00:00,1.08284,1.08298,1.0819,1.08239
2020-04-28 00:00:00,1.08236,1.08353,1.0822,1.08237
2020-04-28 04:00:00,1.08236,1.08402,1.08089,1.08386
2020-04-28 08:00:00,1.08387,1.08878,1.08365,1.08856
2020-04-28 12:00:00,1.08857,1.08875,1.08242,1.08357
2020-04-28 16:00:00,1.08356,1.08394,1.08246,1.08321
2020-04-28 20:00:00,1.08323,1.08336,1.08151,1.08319
2020-04-29 00:00:00,1.08318,1.08537,1.08303,1.08461
2020-04-29 04:00:00,1.08461,1.08712,1.08387,1.08696
2020-04-29 08:00:00,1.08695,1.08735,1.08405,1.08418
2020-04-29 12:00:00,1.0842,1.08676,1.08389,1.08519
2020-04-29 16:00:00,1.0852,1.08851,1.08462,1.08748
2020-04-29 20:00:00,1.08747,1.08788,1.08691,1.08743
