DATE_TIME,OPEN,HIGH,LOW,CLOSE
2014-04-18 08:00:00,1.3818,1.38195,1.38167,1.38189
2014-04-18 12:00:00,1.38187,1.38201,1.38125,1.38145
2014-04-18 16:00:00,1.38143,1.38183,1.38112,1.38116
2014-04-18 20:00:00,1.38112,1.38144,1.37999,1.38039
2014-04-20 20:00:00,1.38096,1.38158,1.38053,1.38136
2014-04-21 00:00:00,1.38138,1.38141,1.38044,1.38102
2014-04-21 04:00:00,1.38102,1.38271,1.38099,1.38239
2014-04-21 08:00:00,1.38239,1.38301,1.3809,1.38113
2014-04-21 12:00:00,1.38112,1.3822,1.37866,1.37894
2014-04-21 16:00:00,1.37892,1.37957,1.37877,1.37928
2014-04-21 20:00:00,1.37927,1.37953,1.37899,1.37912
2014-04-22 00:00:00,1.37911,1.3797,1.37894,1.37948
2014-04-22 04:00:00,1.37948,1.38058,1.37845,1.38029
2014-04-22 08:00:00,1.38031,1.38207,1.37993,1.38149
2014-04-22 12:00:00,1.38149,1.38243,1.37886,1.38029
2014-04-22 16:00:00,1.38032,1.38056,1.37947,1.3804
2014-04-22 20:00:00,1.38039,1.38091,1.38028,1.38067
2014-04-23 00:00:00,1.38066,1.38184,1.3799,1.3816
2014-04-23 04:00:00,1.38162,1.38364,1.37983,1.38211
2014-04-23 08:00:00,1.3821,1.38541,1.38207,1.38388
2014-04-23 12:00:00,1.38388,1.38451,1.3811,1.38135
2014-04-23 16:00:00,1.38133,1.38223,1.38127,1.38164
2014-04-23 20:00:00,1.38164,1.38215,1.38137,1.38166
2014-04-24 00:00:00,1.38166,1.38256,1.38144,1.38226
2014-04-24 04:00:00,1.38227,1.3832,1.38112,1.38288
2014-04-24 08:00:00,1.38288,1.38415,1.38135,1.38243
2014-04-24 12:00:00,1.38244,1.38329,1.37909,1.38263
2014-04-24 16:00:00,1.38262,1.38304,1.3821,1.38264
2014-04-24 20:00:00,1.38266,1.38335,1.38251,1.38299
2014-04-25 00:00:00,1.38299,1.38373,1.38263,1.38314
2014-04-25 04:00:00,1.38314,1.38357,1.38278,1.38332
2014-04-25 08:00:00,1.38331,1.3848,1.38294,1.38311
2014-04-25 12:00:00,1.38311,1.38468,1.38288,1.38376
2014-04-25 16:00:00,1.38373,1.38421,1.38321,1.3834
2014-04-25 20:00:00,1.38342,1.38344,1.38304,1.38304
2014-04-27 20:00:00,1.38436,1.38444,1.3833,1.38379
2014-04-28 00:00:00,1.38377,1.38377,1.38142,1.38241
2014-04-28 04:00:00,1.38241,1.38748,1.38177,1.38653
2014-04-28 08:00:00,1.3865,1.38792,1.38601,1.38605
2014-04-28 12:00:00,1.38605,1.3874,1.38401,1.3843
2014-04-28 16:00:00,1.38432,1.38563,1.38388,1.38489
2014-04-28 20:00:00,1.3849,1.38535,1.38479,1.38513
2014-04-29 00:00:00,1.38513,1.38642,1.38506,1.38622
2014-04-29 04:00:00,1.38622,1.38787,1.38571,1.38692
2014-04-29 08:00:00,1.38688,1.38699,1.38537,1.38576
2014-04-29 12:00:00,1.38574,1.38574,1.3805,1.38067
2014-04-29 16:00:00,1.38066,1.38136,1.38054,1.38095
2014-04-29 20:00:00,1.38096,1.38143,1.3807,1.38124
2014-04-30 00:00:00,1.38124,1.38148,1.38032,1.38056
2014-04-30 04:00:00,1.38055,1.38127,1.37964,1.38064
2014-04-30 08:00:00,1.38063,1.38572,1.3767,1.38488
2014-04-30 12:00:00,1.38487,1.3876,1.3843,1.38679
2014-04-30 16:00:00,1.38677,1.38757,1.38538,1.38724
2014-04-30 20:00:00,1.38724,1.38738,1.38606,1.38677
2014-05-01 00:00:00,1.38676,1.38724,1.3865,1.38693
2014-05-01 04:00:00,1.38692,1.38886,1.38685,1.38849
2014-05-01 08:00:00,1.38849,1.38865,1.38692,1.38744
2014-05-01 12:00:00,1.38743,1.3881,1.38623,1.3866
2014-05-01 16:00:00,1.38659,1.38724,1.3863,1.38639
2014-05-01 20:00:00,1.38641,1.38703,1.38632,1.38693
2014-05-02 00:00:00,1.38694,1.38694,1.38566,1.38607
2014-05-02 04:00:00,1.38607,1.38629,1.38512,1.38538
2014-05-02 08:00:00,1.38536,1.38669,1.38519,1.38669
2014-05-02 12:00:00,1.38669,1.38723,1.38085,1.38636
2014-05-02 16:00:00,1.38634,1.38806,1.38597,1.38708
2014-05-02 20:00:00,1.38706,1.38729,1.38676,1.38685
2014-05-04 20:00:00,1.38817,1.38817,1.38674,1.3871
2014-05-05 00:00:00,1.3871,1.38762,1.3864,1.38743
2014-05-05 04:00:00,1.38742,1.38812,1.3869,1.38726
2014-05-05 08:00:00,1.38727,1.38776,1.38688,1.38756
2014-05-05 12:00:00,1.38756,1.38856,1.38709,1.3883
2014-05-05 16:00:00,1.38829,1.38843,1.38736,1.38736
2014-05-05 20:00:00,1.38739,1.38771,1.38725,1.38741
2014-05-06 00:00:00,1.38742,1.38801,1.38716,1.38793
2014-05-06 04:00:00,1.38795,1.39311,1.38751,1.39213
2014-05-06 08:00:00,1.39211,1.39439,1.39118,1.39372
2014-05-06 12:00:00,1.39375,1.3951,1.39214,1.39235
2014-05-06 16:00:00,1.39237,1.39342,1.3919,1.39312
2014-05-06 20:00:00,1.39311,1.39315,1.39235,1.39287
2014-05-07 00:00:00,1.39286,1.39348,1.39238,1.39243
2014-05-07 04:00:00,1.39245,1.3932,1.3915,1.39305
2014-05-07 08:00:00,1.39304,1.39315,1.39112,1.39265
2014-05-07 12:00:00,1.39264,1.39383,1.39123,1.39163
2014-05-07 16:00:00,1.39161,1.39242,1.39112,1.39131
2014-05-07 20:00:00,1.3913,1.39135,1.39084,1.39101
2014-05-08 00:00:00,1.39101,1.39185,1.39045,1.39157
2014-05-08 04:00:00,1.39159,1.39283,1.39096,1.39254
2014-05-08 08:00:00,1.39252,1.39576,1.39241,1.39473
2014-05-08 12:00:00,1.39471,1.39928,1.38479,1.38635
2014-05-08 16:00:00,1.38634,1.38707,1.38471,1.38475
2014-05-08 20:00:00,1.38473,1.38504,1.3832,1.38422
2014-05-09 00:00:00,1.38421,1.38433,1.38316,1.38379
2014-05-09 04:00:00,1.38378,1.3843,1.38221,1.38346
2014-05-09 08:00:00,1.38346,1.3835,1.37796,1.37827
2014-05-09 12:00:00,1.37824,1.37937,1.37533,1.37619
2014-05-09 16:00:00,1.37619,1.37684,1.37441,1.37549
2014-05-09 20:00:00,1.37549,1.37606,1.3754,1.37574
2014-05-11 20:00:00,1.37518,1.37604,1.37451,1.37599
2014-05-12 00:00:00,1.37596,1.37606,1.37489,1.37575
2014-05-12 04:00:00,1.37574,1.37745,1.37566,1.37699
2014-05-12 08:00:00,1.37701,1.3774,1.37541,1.3766
2014-05-12 12:00:00,1.37659,1.37721,1.37528,1.37591
2014-05-12 16:00:00,1.37592,1.37593,1.37529,1.37585
2014-05-12 20:00:00,1.37584,1.37592,1.3754,1.37551
2014-05-13 00:00:00,1.37551,1.37656,1.37525,1.37568
2014-05-13 04:00:00,1.37568,1.37709,1.37555,1.37687
2014-05-13 08:00:00,1.37688,1.3771,1.36987,1.37086
2014-05-13 12:00:00,1.37087,1.37297,1.36983,1.37099
2014-05-13 16:00:00,1.37101,1.37104,1.36883,1.37013
2014-05-13 20:00:00,1.37013,1.37081,1.36978,1.37072
2014-05-14 00:00:00,1.37074,1.37182,1.36975,1.37167
2014-05-14 04:00:00,1.37167,1.37305,1.37117,1.37157
2014-05-14 08:00:00,1.37157,1.37254,1.37022,1.37164
2014-05-14 12:00:00,1.37164,1.37219,1.37029,1.37171
2014-05-14 16:00:00,1.37169,1.37181,1.3702,1.3712
2014-05-14 20:00:00,1.37122,1.37181,1.37105,1.37171
2014-05-15 00:00:00,1.37171,1.37226,1.37151,1.37203
2014-05-15 04:00:00,1.37203,1.37212,1.36618,1.36735
2014-05-15 08:00:00,1.36732,1.36794,1.36499,1.36614
2014-05-15 12:00:00,1.36612,1.37319,1.36472,1.37112
2014-05-15 16:00:00,1.37112,1.37197,1.37011,1.37077
2014-05-15 20:00:00,1.37076,1.37166,1.37074,1.37164
2014-05-16 00:00:00,1.37164,1.37192,1.37104,1.3716
2014-05-16 04:00:00,1.37161,1.37264,1.3707,1.37191
2014-05-16 08:00:00,1.37192,1.37253,1.3685,1.36993
2014-05-16 12:00:00,1.36993,1.37182,1.36845,1.37065
2014-05-16 16:00:00,1.37062,1.37082,1.36947,1.36974
2014-05-16 20:00:00,1.36974,1.36982,1.36917,1.36928
2014-05-18 20:00:00,1.36916,1.37025,1.36895,1.37023
2014-05-19 00:00:00,1.3702,1.37105,1.3697,1.37033
2014-05-19 04:00:00,1.37035,1.37233,1.37001,1.37171
2014-05-19 08:00:00,1.37171,1.37216,1.37039,1.37174
2014-05-19 12:00:00,1.37175,1.37338,1.37021,1.37156
2014-05-19 16:00:00,1.37156,1.37174,1.37075,1.3709
2014-05-19 20:00:00,1.37089,1.37129,1.37047,1.37118
2014-05-20 00:00:00,1.37119,1.37133,1.37059,1.37114
2014-05-20 04:00:00,1.37113,1.37127,1.3692,1.3695
2014-05-20 08:00:00,1.36951,1.37056,1.36774,1.37007
2014-05-20 12:00:00,1.37009,1.37053,1.36887,1.37004
2014-05-20 16:00:00,1.37003,1.37023,1.36877,1.36998
2014-05-20 20:00:00,1.36999,1.37031,1.36963,1.37028
2014-05-21 00:00:00,1.37025,1.37074,1.37003,1.37016
2014-05-21 04:00:00,1.37015,1.37229,1.36989,1.37157
2014-05-21 08:00:00,1.37155,1.37187,1.36706,1.36783
2014-05-21 12:00:00,1.36781,1.36796,1.36511,1.36552
2014-05-21 16:00:00,1.36552,1.36869,1.36305,1.3686
2014-05-21 20:00:00,1.36859,1.36878,1.36793,1.36814
2014-05-22 00:00:00,1.36812,1.36842,1.367,1.36719
2014-05-22 04:00:00,1.36719,1.36836,1.36468,1.36796
2014-05-22 08:00:00,1.36796,1.36864,1.36647,1.36695
2014-05-22 12:00:00,1.36697,1.36726,1.36451,1.36512
2014-05-22 16:00:00,1.36513,1.36556,1.36448,1.36555
2014-05-22 20:00:00,1.36555,1.36581,1.36517,1.36528
2014-05-23 00:00:00,1.36528,1.3653,1.36405,1.3645
2014-05-23 04:00:00,1.3645,1.36521,1.36415,1.3643
2014-05-23 08:00:00,1.36435,1.36437,1.36151,1.3634
2014-05-23 12:00:00,1.36339,1.36426,1.36248,1.36265
2014-05-23 16:00:00,1.36267,1.36339,1.36234,1.36292
2014-05-23 20:00:00,1.3629,1.36334,1.36195,1.36238
2014-05-25 20:00:00,1.36167,1.36356,1.36079,1.36268
2014-05-26 00:00:00,1.36268,1.36273,1.36151,1.36193
2014-05-26 04:00:00,1.36192,1.3645,1.36161,1.36407
2014-05-26 08:00:00,1.36409,1.36479,1.3633,1.36397
2014-05-26 12:00:00,1.36395,1.3654,1.36348,1.36477
2014-05-26 16:00:00,1.36477,1.36494,1.36432,1.3647
2014-05-26 20:00:00,1.36469,1.36534,1.36419,1.36515
2014-05-27 00:00:00,1.36513,1.36681,1.36486,1.3656
2014-05-27 04:00:00,1.36559,1.36581,1.36431,1.36464
2014-05-27 08:00:00,1.36465,1.36578,1.36374,1.36415
2014-05-27 12:00:00,1.36414,1.36418,1.36121,1.36172
2014-05-27 16:00:00,1.36172,1.36382,1.36132,1.36341
2014-05-27 20:00:00,1.3634,1.36361,1.36309,1.36331
2014-05-28 00:00:00,1.3633,1.36374,1.36259,1.36352
2014-05-28 04:00:00,1.36354,1.36371,1.36178,1.36198
2014-05-28 08:00:00,1.36198,1.36257,1.36041,1.36106
2014-05-28 12:00:00,1.36106,1.36287,1.359,1.35939
2014-05-28 16:00:00,1.35939,1.35969,1.35886,1.35937
2014-05-28 20:00:00,1.35936,1.3596,1.35875,1.35915
2014-05-29 00:00:00,1.35918,1.36089,1.35916,1.36052
2014-05-29 04:00:00,1.36052,1.36091,1.35854,1.35923
2014-05-29 08:00:00,1.35921,1.36234,1.35902,1.36132
2014-05-29 12:00:00,1.3613,1.36252,1.35944,1.36073
2014-05-29 16:00:00,1.36073,1.36092,1.35998,1.3602
2014-05-29 20:00:00,1.36021,1.36052,1.35988,1.36022
2014-05-30 00:00:00,1.3602,1.36117,1.35981,1.36034
2014-05-30 04:00:00,1.36035,1.36162,1.35979,1.36118
2014-05-30 08:00:00,1.36119,1.36171,1.36024,1.36121
2014-05-30 12:00:00,1.36119,1.36498,1.36037,1.36384
2014-05-30 16:00:00,1.36383,1.36434,1.36287,1.36307
2014-05-30 20:00:00,1.36306,1.36342,1.36237,1.3629
2014-06-01 20:00:00,1.36353,1.36356,1.36173,1.36284
2014-06-02 00:00:00,1.36282,1.36324,1.36199,1.36284
2014-06-02 04:00:00,1.36284,1.36356,1.36037,1.36067
2014-06-02 08:00:00,1.36063,1.36157,1.35931,1.36098
2014-06-02 12:00:00,1.36093,1.36275,1.36,1.36048
2014-06-02 16:00:00,1.3605,1.36053,1.35874,1.35979
2014-06-02 20:00:00,1.35977,1.35986,1.35939,1.35961
2014-06-03 00:00:00,1.35964,1.36041,1.35925,1.36029
2014-06-03 04:00:00,1.36026,1.36081,1.36004,1.36045
2014-06-03 08:00:00,1.36043,1.36248,1.3583,1.36215
2014-06-03 12:00:00,1.36215,1.36474,1.3618,1.36234
2014-06-03 16:00:00,1.36234,1.36328,1.36198,1.36209
2014-06-03 20:00:00,1.36208,1.36297,1.36181,1.36204
2014-06-04 00:00:00,1.36205,1.36224,1.36086,1.36127
2014-06-04 04:00:00,1.36124,1.36157,1.36039,1.36109
2014-06-04 08:00:00,1.3611,1.36268,1.35995,1.3623
2014-06-04 12:00:00,1.36233,1.36383,1.36075,1.36181
2014-06-04 16:00:00,1.36179,1.36193,1.35961,1.35985
2014-06-04 20:00:00,1.35986,1.36024,1.35956,1.36019
2014-06-05 00:00:00,1.36018,1.36044,1.35936,1.35982
2014-06-05 04:00:00,1.35983,1.36134,1.35983,1.36093
2014-06-05 08:00:00,1.3609,1.36417,1.35564,1.35684
2014-06-05 12:00:00,1.35684,1.36532,1.35022,1.36182
2014-06-05 16:00:00,1.36183,1.36697,1.36161,1.36569
2014-06-05 20:00:00,1.3657,1.36651,1.36551,1.36599
2014-06-06 00:00:00,1.36602,1.36635,1.36567,1.36575
2014-06-06 04:00:00,1.36575,1.36608,1.36443,1.3647
2014-06-06 08:00:00,1.36474,1.36494,1.36202,1.36382
2014-06-06 12:00:00,1.36381,1.36768,1.36209,1.36383
2014-06-06 16:00:00,1.36381,1.36477,1.36327,1.36439
2014-06-06 20:00:00,1.36439,1.36452,1.36394,1.36394
2014-06-08 20:00:00,1.36421,1.36478,1.36396,1.36472
2014-06-09 00:00:00,1.36473,1.36477,1.3641,1.36441
2014-06-09 04:00:00,1.3644,1.36681,1.36412,1.36486
2014-06-09 08:00:00,1.36486,1.36508,1.36039,1.36129
2014-06-09 12:00:00,1.36129,1.36156,1.35818,1.35881
2014-06-09 16:00:00,1.35884,1.35921,1.35831,1.35893
2014-06-09 20:00:00,1.35892,1.35934,1.35884,1.35921
2014-06-10 00:00:00,1.35922,1.35931,1.35865,1.35893
2014-06-10 04:00:00,1.35893,1.36015,1.35844,1.35914
2014-06-10 08:00:00,1.35912,1.35919,1.3533,1.35454
2014-06-10 12:00:00,1.35454,1.35576,1.35384,1.35415
2014-06-10 16:00:00,1.35417,1.35475,1.35353,1.35462
2014-06-10 20:00:00,1.35459,1.35473,1.35377,1.35386
2014-06-11 00:00:00,1.35385,1.35409,1.3521,1.35321
2014-06-11 04:00:00,1.35321,1.35451,1.35294,1.35378
2014-06-11 08:00:00,1.35376,1.35565,1.35213,1.35483
2014-06-11 12:00:00,1.35484,1.35549,1.35253,1.35316
2014-06-11 16:00:00,1.35318,1.35383,1.35253,1.35273
2014-06-11 20:00:00,1.35273,1.35356,1.35256,1.35355
2014-06-12 00:00:00,1.35351,1.35459,1.3532,1.35442
2014-06-12 04:00:00,1.35442,1.35487,1.35282,1.35323
2014-06-12 08:00:00,1.35323,1.35327,1.35117,1.35244
2014-06-12 12:00:00,1.35248,1.35654,1.35215,1.35547
2014-06-12 16:00:00,1.35545,1.35715,1.35419,1.35636
2014-06-12 20:00:00,1.35638,1.35709,1.35465,1.35502
2014-06-13 00:00:00,1.355,1.35643,1.35496,1.35582
2014-06-13 04:00:00,1.35583,1.35748,1.35541,1.35738
2014-06-13 08:00:00,1.35739,1.35783,1.35286,1.35357
2014-06-13 12:00:00,1.35359,1.35456,1.35207,1.35216
2014-06-13 16:00:00,1.35219,1.35411,1.35206,1.35386
2014-06-13 20:00:00,1.35385,1.35412,1.353,1.35383
2014-06-15 20:00:00,1.35384,1.35395,1.353,1.35353
2014-06-16 00:00:00,1.35355,1.35438,1.35338,1.35411
2014-06-16 04:00:00,1.35412,1.35518,1.35125,1.35258
2014-06-16 08:00:00,1.35259,1.35439,1.35206,1.3535
2014-06-16 12:00:00,1.35347,1.3579,1.35292,1.35765
2014-06-16 16:00:00,1.35766,1.35766,1.35646,1.35698
2014-06-16 20:00:00,1.35701,1.35769,1.35695,1.35753
2014-06-17 00:00:00,1.35753,1.35867,1.35576,1.35618
2014-06-17 04:00:00,1.35614,1.35667,1.35525,1.35595
2014-06-17 08:00:00,1.35594,1.35784,1.35556,1.3566
2014-06-17 12:00:00,1.35662,1.35705,1.35358,1.35423
2014-06-17 16:00:00,1.35422,1.35486,1.35381,1.35417
2014-06-17 20:00:00,1.35416,1.35484,1.35414,1.35482
2014-06-18 00:00:00,1.35484,1.35496,1.35438,1.3545
2014-06-18 04:00:00,1.35451,1.35561,1.35412,1.35464
2014-06-18 08:00:00,1.35464,1.35702,1.35453,1.3562
2014-06-18 12:00:00,1.35623,1.35834,1.35611,1.35661
2014-06-18 16:00:00,1.3566,1.35984,1.35452,1.3584
2014-06-18 20:00:00,1.35843,1.35948,1.35824,1.35891
2014-06-19 00:00:00,1.35892,1.35959,1.35843,1.359
2014-06-19 04:00:00,1.35899,1.36273,1.35874,1.36164
2014-06-19 08:00:00,1.36163,1.3643,1.36162,1.36169
2014-06-19 12:00:00,1.36169,1.36398,1.3615,1.36185
2014-06-19 16:00:00,1.36186,1.36223,1.36013,1.36028
2014-06-19 20:00:00,1.36028,1.36115,1.36022,1.36096
2014-06-20 00:00:00,1.36093,1.36214,1.36058,1.36204
2014-06-20 04:00:00,1.36202,1.36332,1.36056,1.36093
2014-06-20 08:00:00,1.36094,1.36128,1.35833,1.35928
2014-06-20 12:00:00,1.35926,1.35952,1.35638,1.35848
2014-06-20 16:00:00,1.35846,1.35979,1.3582,1.35969
2014-06-20 20:00:00,1.35968,1.35999,1.35962,1.3598
2014-06-22 20:00:00,1.35869,1.35959,1.35824,1.35908
2014-06-23 00:00:00,1.35905,1.36094,1.35864,1.36032
2014-06-23 04:00:00,1.36031,1.3613,1.35883,1.35897
2014-06-23 08:00:00,1.35898,1.35945,1.35734,1.35924
2014-06-23 12:00:00,1.35922,1.36023,1.35805,1.35922
2014-06-23 16:00:00,1.35922,1.36046,1.35877,1.36013
2014-06-23 20:00:00,1.36014,1.36035,1.35995,1.35997
2014-06-24 00:00:00,1.35998,1.36018,1.35919,1.35954
2014-06-24 04:00:00,1.35954,1.36119,1.35924,1.36043
2014-06-24 08:00:00,1.36049,1.36271,1.35934,1.36222
2014-06-24 12:00:00,1.36221,1.3623,1.3583,1.35873
2014-06-24 16:00:00,1.35872,1.36195,1.35852,1.36038
2014-06-24 20:00:00,1.36036,1.36075,1.36006,1.36052
2014-06-25 00:00:00,1.36053,1.36067,1.36012,1.36065
2014-06-25 04:00:00,1.36064,1.36188,1.36031,1.36112
2014-06-25 08:00:00,1.36111,1.36139,1.36,1.36103
2014-06-25 12:00:00,1.36104,1.36504,1.36102,1.36362
2014-06-25 16:00:00,1.36365,1.36411,1.36259,1.36284
2014-06-25 20:00:00,1.36284,1.3632,1.36251,1.36275
2014-06-26 00:00:00,1.36276,1.36359,1.36267,1.36329
2014-06-26 04:00:00,1.36331,1.36409,1.36219,1.3623
2014-06-26 08:00:00,1.36228,1.3625,1.36057,1.36083
2014-06-26 12:00:00,1.36084,1.36175,1.35754,1.36094
2014-06-26 16:00:00,1.36093,1.36159,1.36065,1.36091
2014-06-26 20:00:00,1.36092,1.36136,1.36073,1.36111
2014-06-27 00:00:00,1.36109,1.36284,1.36099,1.36259
2014-06-27 04:00:00,1.36257,1.36341,1.36133,1.36225
2014-06-27 08:00:00,1.3622,1.36263,1.36095,1.36151
2014-06-27 12:00:00,1.36151,1.36422,1.36133,1.36301
2014-06-27 16:00:00,1.36303,1.36487,1.36292,1.36471
2014-06-27 20:00:00,1.3647,1.36501,1.36446,1.36452
2014-06-29 20:00:00,1.36414,1.36466,1.36385,1.36429
2014-06-30 00:00:00,1.36428,1.36469,1.36404,1.36441
2014-06-30 04:00:00,1.36441,1.36591,1.36399,1.36509
2014-06-30 08:00:00,1.36508,1.36622,1.36484,1.36559
2014-06-30 12:00:00,1.36557,1.36974,1.36456,1.36895
2014-06-30 16:00:00,1.36892,1.36949,1.3686,1.36924
2014-06-30 20:00:00,1.36925,1.36945,1.36896,1.3691
2014-07-01 00:00:00,1.3691,1.36934,1.36856,1.36867
2014-07-01 04:00:00,1.36868,1.36934,1.3678,1.36915
2014-07-01 08:00:00,1.36913,1.36967,1.36778,1.3687
2014-07-01 12:00:00,1.36869,1.37,1.3675,1.36799
2014-07-01 16:00:00,1.368,1.36927,1.3676,1.36779
2014-07-01 20:00:00,1.3678,1.36819,1.36765,1.36799
2014-07-02 00:00:00,1.36798,1.36806,1.36747,1.36764
2014-07-02 04:00:00,1.36763,1.36807,1.36668,1.3671
2014-07-02 08:00:00,1.36708,1.36712,1.36546,1.36667
2014-07-02 12:00:00,1.36669,1.36692,1.36338,1.36554
2014-07-02 16:00:00,1.36556,1.36569,1.36468,1.36541
2014-07-02 20:00:00,1.3654,1.36588,1.36515,1.36527
2014-07-03 00:00:00,1.36526,1.36559,1.36468,1.3648
2014-07-03 04:00:00,1.36482,1.36637,1.36449,1.36612
2014-07-03 08:00:00,1.36611,1.36615,1.36476,1.36508
2014-07-03 12:00:00,1.36507,1.36525,1.35958,1.36086
2014-07-03 16:00:00,1.36088,1.36115,1.36019,1.36071
2014-07-03 20:00:00,1.36069,1.36107,1.36067,1.36083
2014-07-04 00:00:00,1.36082,1.36107,1.36009,1.36083
2014-07-04 04:00:00,1.36085,1.361,1.35892,1.35907
2014-07-04 08:00:00,1.35906,1.35945,1.35855,1.359
2014-07-04 12:00:00,1.35901,1.36016,1.3585,1.35978
2014-07-04 16:00:00,1.35979,1.35996,1.35908,1.35929
2014-07-04 20:00:00,1.35929,1.35944,1.35894,1.35923
2014-07-06 20:00:00,1.35933,1.35956,1.35834,1.35874
2014-07-07 00:00:00,1.35877,1.35894,1.35806,1.35836
2014-07-07 04:00:00,1.35834,1.35881,1.35754,1.35851
2014-07-07 08:00:00,1.35851,1.3601,1.35849,1.35954
2014-07-07 12:00:00,1.35954,1.36054,1.35909,1.36024
2014-07-07 16:00:00,1.36022,1.36087,1.36015,1.36065
2014-07-07 20:00:00,1.36067,1.36082,1.36022,1.36054
2014-07-08 00:00:00,1.36056,1.36091,1.36023,1.36026
2014-07-08 04:00:00,1.36024,1.3605,1.35877,1.35905
2014-07-08 08:00:00,1.35908,1.36043,1.35883,1.35944
2014-07-08 12:00:00,1.35943,1.3617,1.35889,1.36138
2014-07-08 16:00:00,1.36136,1.36158,1.3606,1.36118
2014-07-08 20:00:00,1.36117,1.36165,1.36082,1.36163
2014-07-09 00:00:00,1.36164,1.36222,1.36101,1.36113
2014-07-09 04:00:00,1.36113,1.363,1.3611,1.36141
2014-07-09 08:00:00,1.36139,1.36169,1.36018,1.36043
2014-07-09 12:00:00,1.36045,1.36423,1.36022,1.36291
2014-07-09 16:00:00,1.36291,1.36478,1.36105,1.36412
2014-07-09 20:00:00,1.36411,1.36432,1.36385,1.3643
2014-07-10 00:00:00,1.36428,1.36487,1.36418,1.36447
2014-07-10 04:00:00,1.36449,1.36503,1.36317,1.36333
2014-07-10 08:00:00,1.36332,1.36373,1.36022,1.36054
2014-07-10 12:00:00,1.36053,1.36149,1.35887,1.35997
2014-07-10 16:00:00,1.35996,1.36086,1.35897,1.36077
2014-07-10 20:00:00,1.36077,1.36097,1.36,1.36037
2014-07-11 00:00:00,1.36038,1.36048,1.35948,1.36027
2014-07-11 04:00:00,1.36025,1.3612,1.35952,1.36045
2014-07-11 08:00:00,1.36045,1.3624,1.35998,1.36054
2014-07-11 12:00:00,1.36055,1.36083,1.35913,1.35979
2014-07-11 16:00:00,1.35977,1.36088,1.35967,1.36077
2014-07-11 20:00:00,1.36079,1.36094,1.36013,1.36021
2014-07-13 20:00:00,1.35978,1.36067,1.35942,1.36018
2014-07-14 00:00:00,1.36017,1.36041,1.3598,1.36029
2014-07-14 04:00:00,1.36029,1.36397,1.35967,1.3635
2014-07-14 08:00:00,1.36352,1.36359,1.36194,1.36263
2014-07-14 12:00:00,1.36264,1.36309,1.36165,1.36193
2014-07-14 16:00:00,1.36191,1.36212,1.36081,1.36186
2014-07-14 20:00:00,1.36187,1.36223,1.36169,1.36212
2014-07-15 00:00:00,1.36214,1.36259,1.36127,1.36153
2014-07-15 04:00:00,1.36151,1.3621,1.36046,1.36178
2014-07-15 08:00:00,1.36177,1.36275,1.35868,1.36183
2014-07-15 12:00:00,1.36185,1.3619,1.35615,1.35722
2014-07-15 16:00:00,1.35722,1.35758,1.35646,1.35665
2014-07-15 20:00:00,1.35663,1.35715,1.35654,1.35703
2014-07-16 00:00:00,1.35701,1.35707,1.35619,1.35633
2014-07-16 04:00:00,1.35636,1.35684,1.35513,1.35529
2014-07-16 08:00:00,1.35529,1.35551,1.35301,1.35363
2014-07-16 12:00:00,1.35362,1.35397,1.35251,1.35293
2014-07-16 16:00:00,1.35292,1.35295,1.35206,1.35234
2014-07-16 20:00:00,1.35234,1.35286,1.3522,1.35277
2014-07-17 00:00:00,1.35275,1.35334,1.35236,1.35273
2014-07-17 04:00:00,1.35272,1.35356,1.35201,1.35328
2014-07-17 08:00:00,1.35329,1.35393,1.35245,1.3525
2014-07-17 12:00:00,1.35252,1.35344,1.35153,1.35284
2014-07-17 16:00:00,1.35283,1.35327,1.35166,1.35253
2014-07-17 20:00:00,1.35252,1.35282,1.35122,1.35183
2014-07-18 00:00:00,1.35182,1.3528,1.35145,1.35277
2014-07-18 04:00:00,1.35275,1.3533,1.3519,1.35301
2014-07-18 08:00:00,1.35303,1.35356,1.35196,1.35269
2014-07-18 12:00:00,1.35271,1.35284,1.34904,1.35138
2014-07-18 16:00:00,1.35136,1.35303,1.35117,1.35239
2014-07-18 20:00:00,1.35238,1.35261,1.35194,1.35204
2014-07-20 20:00:00,1.35268,1.35314,1.35187,1.353
2014-07-21 00:00:00,1.353,1.35378,1.35277,1.35366
2014-07-21 04:00:00,1.35364,1.35487,1.35182,1.35236
2014-07-21 08:00:00,1.35235,1.35294,1.35126,1.35164
2014-07-21 12:00:00,1.35164,1.3526,1.35137,1.35229
2014-07-21 16:00:00,1.35228,1.3524,1.35178,1.35209
2014-07-21 20:00:00,1.35208,1.35258,1.35208,1.35217
2014-07-22 00:00:00,1.35219,1.35291,1.35216,1.35247
2014-07-22 04:00:00,1.35247,1.35266,1.35025,1.35035
2014-07-22 08:00:00,1.35033,1.35037,1.34778,1.34842
2014-07-22 12:00:00,1.34839,1.34958,1.34584,1.34684
2014-07-22 16:00:00,1.34686,1.34715,1.34645,1.34679
2014-07-22 20:00:00,1.34676,1.3469,1.34625,1.34664
2014-07-23 00:00:00,1.34663,1.34701,1.34576,1.34643
2014-07-23 04:00:00,1.34644,1.34679,1.34544,1.34558
2014-07-23 08:00:00,1.34556,1.34737,1.34556,1.34689
2014-07-23 12:00:00,1.3469,1.34729,1.3455,1.3461
2014-07-23 16:00:00,1.3461,1.34644,1.34555,1.34616
2014-07-23 20:00:00,1.34615,1.34632,1.34515,1.34608
2014-07-24 00:00:00,1.34607,1.34622,1.34548,1.346
2014-07-24 04:00:00,1.34602,1.3475,1.34374,1.34714
2014-07-24 08:00:00,1.34715,1.34845,1.3466,1.34788
2014-07-24 12:00:00,1.34788,1.3479,1.34575,1.34673
2014-07-24 16:00:00,1.34672,1.34719,1.34608,1.3463
2014-07-24 20:00:00,1.34629,1.34657,1.3461,1.34647
2014-07-25 00:00:00,1.34647,1.34676,1.34626,1.34658
2014-07-25 04:00:00,1.34656,1.3475,1.34607,1.34637
2014-07-25 08:00:00,1.34637,1.34639,1.34406,1.3448
2014-07-25 12:00:00,1.34477,1.34482,1.34267,1.34303
2014-07-25 16:00:00,1.34305,1.34352,1.34207,1.34306
2014-07-25 20:00:00,1.34308,1.34309,1.34271,1.34275
2014-07-27 20:00:00,1.34293,1.34335,1.34241,1.34282
2014-07-28 00:00:00,1.34284,1.3433,1.3427,1.34288
2014-07-28 04:00:00,1.3429,1.34382,1.34265,1.34311
2014-07-28 08:00:00,1.3431,1.34417,1.34299,1.34368
2014-07-28 12:00:00,1.34367,1.34422,1.34303,1.34392
2014-07-28 16:00:00,1.3439,1.34434,1.3431,1.34318
2014-07-28 20:00:00,1.34316,1.34398,1.34313,1.34367
2014-07-29 00:00:00,1.34369,1.34399,1.34324,1.34328
2014-07-29 04:00:00,1.3433,1.34375,1.34269,1.34319
2014-07-29 08:00:00,1.34321,1.3444,1.34288,1.34317
2014-07-29 12:00:00,1.34319,1.34351,1.34079,1.34086
2014-07-29 16:00:00,1.34088,1.34127,1.34038,1.34093
2014-07-29 20:00:00,1.34093,1.34113,1.34061,1.34092
2014-07-30 00:00:00,1.34094,1.34148,1.34083,1.3409
2014-07-30 04:00:00,1.34091,1.34107,1.33938,1.33976
2014-07-30 08:00:00,1.33976,1.34033,1.33957,1.3401
2014-07-30 12:00:00,1.34012,1.34063,1.33665,1.33774
2014-07-30 16:00:00,1.33774,1.34048,1.33669,1.33914
2014-07-30 20:00:00,1.33914,1.33974,1.33912,1.33943
2014-07-31 00:00:00,1.33943,1.33998,1.3394,1.33961
2014-07-31 04:00:00,1.33963,1.33996,1.33851,1.33954
2014-07-31 08:00:00,1.33954,1.34002,1.33792,1.33838
2014-07-31 12:00:00,1.33836,1.3399,1.3371,1.33885
2014-07-31 16:00:00,1.33883,1.33929,1.33833,1.33888
2014-07-31 20:00:00,1.33887,1.33902,1.33851,1.33886
2014-08-01 00:00:00,1.33884,1.33916,1.33848,1.33877
2014-08-01 04:00:00,1.33875,1.33898,1.33778,1.33796
2014-08-01 08:00:00,1.33794,1.34019,1.33786,1.33985
2014-08-01 12:00:00,1.33985,1.34445,1.33846,1.34349
2014-08-01 16:00:00,1.3435,1.34351,1.34213,1.34213
2014-08-01 20:00:00,1.34211,1.34308,1.34208,1.3429
2014-08-03 20:00:00,1.34289,1.34304,1.34228,1.34272
2014-08-04 00:00:00,1.34274,1.34294,1.3417,1.34248
2014-08-04 04:00:00,1.34246,1.34307,1.34157,1.34286
2014-08-04 08:00:00,1.34285,1.34302,1.34158,1.34188
2014-08-04 12:00:00,1.34188,1.34245,1.34106,1.34138
2014-08-04 16:00:00,1.34136,1.34213,1.34088,1.34207
2014-08-04 20:00:00,1.3421,1.34229,1.34187,1.34211
2014-08-05 00:00:00,1.34208,1.34218,1.34145,1.34195
2014-08-05 04:00:00,1.34195,1.34243,1.34008,1.3408
2014-08-05 08:00:00,1.34081,1.34104,1.33819,1.33887
2014-08-05 12:00:00,1.33884,1.33891,1.33577,1.33649
2014-08-05 16:00:00,1.3365,1.33775,1.33603,1.33729
2014-08-05 20:00:00,1.33731,1.33763,1.33683,1.3371
2014-08-06 00:00:00,1.3371,1.33724,1.336,1.33673
2014-08-06 04:00:00,1.33673,1.33734,1.33484,1.33718
2014-08-06 08:00:00,1.3372,1.33742,1.33326,1.33418
2014-08-06 12:00:00,1.3342,1.33583,1.33386,1.3354
2014-08-06 16:00:00,1.33541,1.33864,1.33524,1.33791
2014-08-06 20:00:00,1.33789,1.33866,1.33775,1.33792
2014-08-07 00:00:00,1.3379,1.3391,1.33785,1.33879
2014-08-07 04:00:00,1.33878,1.33897,1.33697,1.33719
2014-08-07 08:00:00,1.33717,1.33811,1.33641,1.3374
2014-08-07 12:00:00,1.3374,1.33932,1.33368,1.33612
2014-08-07 16:00:00,1.33609,1.33661,1.33455,1.3364
2014-08-07 20:00:00,1.33638,1.33642,1.33567,1.33568
2014-08-08 00:00:00,1.33565,1.33639,1.33428,1.33557
2014-08-08 04:00:00,1.3356,1.34074,1.33548,1.33792
2014-08-08 08:00:00,1.33794,1.3402,1.33784,1.33891
2014-08-08 12:00:00,1.3389,1.34323,1.33821,1.34112
2014-08-08 16:00:00,1.34112,1.34169,1.34059,1.34118
2014-08-08 20:00:00,1.34117,1.34163,1.34046,1.34096
2014-08-10 20:00:00,1.34068,1.341,1.33997,1.34039
2014-08-11 00:00:00,1.34039,1.3408,1.33971,1.33996
2014-08-11 04:00:00,1.33995,1.3402,1.33875,1.33948
2014-08-11 08:00:00,1.3395,1.33967,1.33828,1.33915
2014-08-11 12:00:00,1.33915,1.3396,1.33801,1.33843
2014-08-11 16:00:00,1.33846,1.33879,1.33808,1.33842
2014-08-11 20:00:00,1.33842,1.33857,1.33803,1.33818
2014-08-12 00:00:00,1.33817,1.33826,1.33672,1.33717
2014-08-12 04:00:00,1.33718,1.3376,1.33602,1.33667
2014-08-12 08:00:00,1.33666,1.33666,1.33356,1.33413
2014-08-12 12:00:00,1.33412,1.33607,1.33405,1.3356
2014-08-12 16:00:00,1.33561,1.33694,1.33549,1.33663
2014-08-12 20:00:00,1.33663,1.33689,1.3364,1.33644
2014-08-13 00:00:00,1.33646,1.33672,1.33598,1.3365
2014-08-13 04:00:00,1.33648,1.33727,1.33484,1.33515
2014-08-13 08:00:00,1.33513,1.33657,1.33417,1.33636
2014-08-13 12:00:00,1.33633,1.34146,1.33548,1.33664
2014-08-13 16:00:00,1.33662,1.33724,1.33611,1.33628
2014-08-13 20:00:00,1.33626,1.33669,1.3361,1.33654
2014-08-14 00:00:00,1.33653,1.33667,1.33557,1.3361
2014-08-14 04:00:00,1.33607,1.33688,1.33471,1.33596
2014-08-14 08:00:00,1.33597,1.33958,1.33542,1.33742
2014-08-14 12:00:00,1.33742,1.34072,1.33716,1.3375
2014-08-14 16:00:00,1.33752,1.33759,1.33585,1.33685
2014-08-14 20:00:00,1.33688,1.3369,1.33595,1.33609
2014-08-15 00:00:00,1.33608,1.33647,1.33583,1.33629
2014-08-15 04:00:00,1.33626,1.33773,1.336,1.33765
2014-08-15 08:00:00,1.33764,1.33913,1.33606,1.33894
2014-08-15 12:00:00,1.33893,1.34115,1.33763,1.33904
2014-08-15 16:00:00,1.33907,1.33982,1.33802,1.33973
2014-08-15 20:00:00,1.33974,1.33996,1.33946,1.33962
2014-08-17 20:00:00,1.33895,1.33975,1.33822,1.33891
2014-08-18 00:00:00,1.33894,1.33986,1.33871,1.33952
2014-08-18 04:00:00,1.3395,1.3398,1.3381,1.33857
2014-08-18 08:00:00,1.33853,1.33943,1.33825,1.33874
2014-08-18 12:00:00,1.33876,1.33881,1.33524,1.33572
2014-08-18 16:00:00,1.33576,1.33657,1.33551,1.33628
2014-08-18 20:00:00,1.33627,1.33638,1.33592,1.33597
2014-08-19 00:00:00,1.33599,1.33599,1.33531,1.33573
2014-08-19 04:00:00,1.3357,1.33581,1.33427,1.33505
2014-08-19 08:00:00,1.33501,1.33554,1.33407,1.33484
2014-08-19 12:00:00,1.3349,1.33557,1.33128,1.33194
2014-08-19 16:00:00,1.33196,1.33217,1.3315,1.33207
2014-08-19 20:00:00,1.3321,1.33237,1.33158,1.33202
2014-08-20 00:00:00,1.33198,1.33213,1.33025,1.33051
2014-08-20 04:00:00,1.33048,1.33092,1.32851,1.32931
2014-08-20 08:00:00,1.32933,1.33038,1.32746,1.32854
2014-08-20 12:00:00,1.3285,1.32969,1.32814,1.32832
2014-08-20 16:00:00,1.32829,1.3292,1.32548,1.32604
2014-08-20 20:00:00,1.32608,1.32648,1.32562,1.32586
2014-08-21 00:00:00,1.32589,1.32601,1.32414,1.32445
2014-08-21 04:00:00,1.32439,1.32774,1.32419,1.32735
2014-08-21 08:00:00,1.32731,1.32742,1.32574,1.32642
2014-08-21 12:00:00,1.32645,1.3288,1.32554,1.32845
2014-08-21 16:00:00,1.32847,1.32851,1.32733,1.328
2014-08-21 20:00:00,1.32805,1.32828,1.32772,1.3278
2014-08-22 00:00:00,1.32777,1.32849,1.32731,1.32849
2014-08-22 04:00:00,1.32852,1.32962,1.3275,1.32868
2014-08-22 08:00:00,1.32864,1.32924,1.32618,1.32641
2014-08-22 12:00:00,1.32638,1.32818,1.32204,1.32361
2014-08-22 16:00:00,1.32364,1.3261,1.32243,1.32425
2014-08-22 20:00:00,1.32423,1.32462,1.3237,1.32396
2014-08-24 20:00:00,1.31931,1.3203,1.31847,1.31967
2014-08-25 00:00:00,1.31963,1.32054,1.3196,1.32045
2014-08-25 04:00:00,1.32041,1.32076,1.31857,1.31867
2014-08-25 08:00:00,1.31859,1.32034,1.31826,1.31987
2014-08-25 12:00:00,1.31991,1.32102,1.31895,1.32045
2014-08-25 16:00:00,1.32042,1.32049,1.31916,1.31934
2014-08-25 20:00:00,1.31937,1.31961,1.31786,1.31856
2014-08-26 00:00:00,1.31859,1.32073,1.31847,1.32023
2014-08-26 04:00:00,1.32019,1.32142,1.31907,1.31924
2014-08-26 08:00:00,1.31926,1.32088,1.31892,1.31918
2014-08-26 12:00:00,1.31914,1.32082,1.31843,1.31886
2014-08-26 16:00:00,1.31882,1.31969,1.31641,1.31703
2014-08-26 20:00:00,1.31706,1.31715,1.31651,1.31688
2014-08-27 00:00:00,1.31692,1.31697,1.31521,1.31619
2014-08-27 04:00:00,1.31622,1.31883,1.3156,1.3185
2014-08-27 08:00:00,1.31846,1.31876,1.31746,1.31835
2014-08-27 12:00:00,1.3183,1.32093,1.31679,1.31908
2014-08-27 16:00:00,1.3191,1.3207,1.31887,1.31943
2014-08-27 20:00:00,1.31939,1.31952,1.31892,1.31914
2014-08-28 00:00:00,1.31916,1.32164,1.31878,1.3214
2014-08-28 04:00:00,1.32136,1.32203,1.31975,1.32004
2014-08-28 08:00:00,1.32003,1.32177,1.31707,1.31834
2014-08-28 12:00:00,1.31839,1.3186,1.3159,1.31769
2014-08-28 16:00:00,1.31772,1.31849,1.31667,1.31836
2014-08-28 20:00:00,1.31834,1.3185,1.31787,1.31836
2014-08-29 00:00:00,1.31831,1.31858,1.31791,1.31795
2014-08-29 04:00:00,1.31797,1.31809,1.31599,1.31694
2014-08-29 08:00:00,1.31698,1.31956,1.31669,1.31903
2014-08-29 12:00:00,1.31907,1.3193,1.31413,1.31488
2014-08-29 16:00:00,1.31485,1.31538,1.31332,1.31384
2014-08-29 20:00:00,1.31388,1.31426,1.31303,1.31312
2014-08-31 20:00:00,1.31262,1.31341,1.31231,1.31261
2014-09-01 00:00:00,1.31265,1.31316,1.31186,1.3119
2014-09-01 04:00:00,1.31195,1.31346,1.31195,1.31318
2014-09-01 08:00:00,1.31316,1.31449,1.31286,1.31352
2014-09-01 12:00:00,1.31355,1.31406,1.31272,1.31272
2014-09-01 16:00:00,1.31269,1.31369,1.31266,1.313
2014-09-01 20:00:00,1.31296,1.3131,1.31259,1.31306
2014-09-02 00:00:00,1.31303,1.31325,1.31163,1.31175
2014-09-02 04:00:00,1.31172,1.31364,1.3114,1.31255
2014-09-02 08:00:00,1.31259,1.3132,1.31098,1.31154
2014-09-02 12:00:00,1.31157,1.31297,1.31123,1.31232
2014-09-02 16:00:00,1.31227,1.31335,1.3122,1.31283
2014-09-02 20:00:00,1.31279,1.31345,1.3127,1.31305
2014-09-03 00:00:00,1.313,1.31346,1.31218,1.31239
2014-09-03 04:00:00,1.31242,1.31415,1.31225,1.31262
2014-09-03 08:00:00,1.31258,1.31595,1.31254,1.3152
2014-09-03 12:00:00,1.31525,1.31531,1.31319,1.31353
2014-09-03 16:00:00,1.31351,1.31491,1.31333,1.31465
2014-09-03 20:00:00,1.31461,1.31533,1.31456,1.31477
2014-09-04 00:00:00,1.31474,1.31515,1.31427,1.31476
2014-09-04 04:00:00,1.31478,1.31535,1.31356,1.31422
2014-09-04 08:00:00,1.31417,1.31503,1.30358,1.30492
2014-09-04 12:00:00,1.30486,1.30488,1.29196,1.29253
2014-09-04 16:00:00,1.29256,1.29567,1.29243,1.29473
2014-09-04 20:00:00,1.29475,1.29484,1.29214,1.29294
2014-09-05 00:00:00,1.29298,1.29381,1.29244,1.29321
2014-09-05 04:00:00,1.29323,1.29442,1.29295,1.29371
2014-09-05 08:00:00,1.29369,1.29643,1.29361,1.29511
2014-09-05 12:00:00,1.29513,1.29857,1.29422,1.29551
2014-09-05 16:00:00,1.29554,1.29601,1.29442,1.29503
2014-09-05 20:00:00,1.29506,1.29541,1.29462,1.29479
2014-09-07 20:00:00,1.29543,1.29575,1.29483,1.29514
2014-09-08 00:00:00,1.29511,1.29585,1.29383,1.29392
2014-09-08 04:00:00,1.29388,1.29485,1.29306,1.29421
2014-09-08 08:00:00,1.29417,1.29543,1.29382,1.29473
2014-09-08 12:00:00,1.29476,1.29567,1.29334,1.29474
2014-09-08 16:00:00,1.29477,1.2949,1.28809,1.28988
2014-09-08 20:00:00,1.28983,1.28996,1.28889,1.28905
2014-09-09 00:00:00,1.2891,1.28997,1.28661,1.28733
2014-09-09 04:00:00,1.28737,1.28941,1.28686,1.28754
2014-09-09 08:00:00,1.28752,1.28947,1.28588,1.2889
2014-09-09 12:00:00,1.28892,1.2924,1.28728,1.29084
2014-09-09 16:00:00,1.2908,1.29568,1.2902,1.29487
2014-09-09 20:00:00,1.29484,1.2949,1.29336,1.29404
2014-09-10 00:00:00,1.29401,1.29512,1.29264,1.29269
2014-09-10 04:00:00,1.29265,1.29479,1.2922,1.293
2014-09-10 08:00:00,1.29302,1.29622,1.29245,1.29311
2014-09-10 12:00:00,1.29316,1.29341,1.28964,1.29069
2014-09-10 16:00:00,1.29072,1.29154,1.2883,1.29142
2014-09-10 20:00:00,1.29137,1.29242,1.29083,1.29161
2014-09-11 00:00:00,1.29164,1.29238,1.29058,1.29135
2014-09-11 04:00:00,1.29138,1.29362,1.28964,1.29345
2014-09-11 08:00:00,1.29349,1.29391,1.29109,1.29267
2014-09-11 12:00:00,1.29263,1.29514,1.29189,1.2935
2014-09-11 16:00:00,1.29348,1.29441,1.29147,1.29166
2014-09-11 20:00:00,1.29171,1.29283,1.29161,1.29218
2014-09-12 00:00:00,1.29221,1.29245,1.29136,1.29192
2014-09-12 04:00:00,1.29195,1.29323,1.29142,1.29278
2014-09-12 08:00:00,1.29278,1.29391,1.29157,1.29328
2014-09-12 12:00:00,1.2933,1.29622,1.29083,1.29543
2014-09-12 16:00:00,1.29539,1.29785,1.29401,1.29475
2014-09-12 20:00:00,1.29472,1.29635,1.29469,1.29612
2014-09-14 20:00:00,1.29707,1.29707,1.29582,1.29591
2014-09-15 00:00:00,1.29586,1.29684,1.29493,1.2963
2014-09-15 04:00:00,1.29626,1.29638,1.29307,1.29393
2014-09-15 08:00:00,1.29388,1.2939,1.29151,1.2922
2014-09-15 12:00:00,1.29222,1.29506,1.29083,1.29497
2014-09-15 16:00:00,1.29494,1.29508,1.29285,1.29387
2014-09-15 20:00:00,1.29385,1.29427,1.29353,1.2938
2014-09-16 00:00:00,1.29377,1.29596,1.2937,1.29417
2014-09-16 04:00:00,1.29422,1.29429,1.29217,1.29421
2014-09-16 08:00:00,1.29419,1.29663,1.29376,1.29454
2014-09-16 12:00:00,1.29451,1.29781,1.29349,1.29742
2014-09-16 16:00:00,1.29752,1.29947,1.29563,1.29582
2014-09-16 20:00:00,1.29585,1.29633,1.29481,1.29573
2014-09-17 00:00:00,1.29578,1.29584,1.29488,1.29507
2014-09-17 04:00:00,1.29511,1.29611,1.29428,1.29592
2014-09-17 08:00:00,1.29589,1.29703,1.29521,1.29559
2014-09-17 12:00:00,1.29561,1.29808,1.29372,1.2957
2014-09-17 16:00:00,1.29566,1.29751,1.28514,1.28747
2014-09-17 20:00:00,1.28744,1.28764,1.28335,1.28484
2014-09-18 00:00:00,1.28483,1.28728,1.28483,1.28644
2014-09-18 04:00:00,1.28646,1.2888,1.2853,1.2887
2014-09-18 08:00:00,1.28865,1.29059,1.28692,1.28753
2014-09-18 12:00:00,1.28757,1.29285,1.28556,1.29117
2014-09-18 16:00:00,1.29123,1.29234,1.29082,1.29167
2014-09-18 20:00:00,1.29169,1.29297,1.29101,1.29199
2014-09-19 00:00:00,1.29196,1.29252,1.28965,1.29192
2014-09-19 04:00:00,1.29188,1.29283,1.28846,1.28902
2014-09-19 08:00:00,1.28897,1.28936,1.28523,1.28583
2014-09-19 12:00:00,1.28577,1.28768,1.28303,1.28348
2014-09-19 16:00:00,1.28352,1.28442,1.28312,1.28362
2014-09-19 20:00:00,1.28362,1.28362,1.28265,1.28284
2014-09-21 20:00:00,1.28319,1.28438,1.28249,1.28391
2014-09-22 00:00:00,1.28388,1.28674,1.28388,1.28596
2014-09-22 04:00:00,1.28601,1.28665,1.28525,1.28535
2014-09-22 08:00:00,1.28541,1.28566,1.2833,1.2846
2014-09-22 12:00:00,1.28464,1.28561,1.28157,1.28279
2014-09-22 16:00:00,1.28283,1.28498,1.28231,1.28489
2014-09-22 20:00:00,1.28485,1.28514,1.28414,1.28498
2014-09-23 00:00:00,1.28496,1.28631,1.28458,1.28512
2014-09-23 04:00:00,1.2851,1.28657,1.2842,1.28571
2014-09-23 08:00:00,1.28566,1.29008,1.28522,1.28995
2014-09-23 12:00:00,1.28992,1.28996,1.28541,1.28573
2014-09-23 16:00:00,1.28577,1.28596,1.28445,1.28564
2014-09-23 20:00:00,1.28561,1.28582,1.28389,1.28485
2014-09-24 00:00:00,1.28482,1.28574,1.28459,1.28562
2014-09-24 04:00:00,1.28559,1.28633,1.2839,1.28582
2014-09-24 08:00:00,1.28575,1.28582,1.28262,1.28352
2014-09-24 12:00:00,1.28348,1.28351,1.27736,1.27859
2014-09-24 16:00:00,1.27862,1.2791,1.27779,1.27821
2014-09-24 20:00:00,1.27825,1.27835,1.27746,1.27766
2014-09-25 00:00:00,1.27769,1.27828,1.27635,1.27663
2014-09-25 04:00:00,1.27661,1.27686,1.27152,1.27157
2014-09-25 08:00:00,1.27153,1.27351,1.26958,1.27187
2014-09-25 12:00:00,1.27191,1.27641,1.27091,1.27474
2014-09-25 16:00:00,1.27478,1.27574,1.27342,1.27454
2014-09-25 20:00:00,1.27448,1.27603,1.27399,1.27547
2014-09-26 00:00:00,1.27545,1.27595,1.27397,1.27468
2014-09-26 04:00:00,1.27464,1.27561,1.27272,1.27463
2014-09-26 08:00:00,1.27465,1.27549,1.27245,1.27316
2014-09-26 12:00:00,1.27312,1.27396,1.26776,1.26853
2014-09-26 16:00:00,1.2685,1.26926,1.26762,1.26826
2014-09-26 20:00:00,1.26824,1.26856,1.26801,1.26815
2014-09-28 20:00:00,1.26796,1.26832,1.26655,1.2675
2014-09-29 00:00:00,1.26746,1.26869,1.26725,1.26787
2014-09-29 04:00:00,1.26784,1.26972,1.2663,1.26757
2014-09-29 08:00:00,1.26757,1.27071,1.26688,1.27033
2014-09-29 12:00:00,1.27037,1.27144,1.26773,1.2703
2014-09-29 16:00:00,1.27032,1.27052,1.26811,1.26893
2014-09-29 20:00:00,1.26896,1.2691,1.26826,1.26896
2014-09-30 00:00:00,1.26895,1.2702,1.26809,1.26928
2014-09-30 04:00:00,1.26924,1.27018,1.26811,1.26845
2014-09-30 08:00:00,1.26843,1.26858,1.25709,1.2588
2014-09-30 12:00:00,1.25876,1.26342,1.25765,1.26273
2014-09-30 16:00:00,1.26269,1.26341,1.2617,1.26289
2014-09-30 20:00:00,1.26292,1.26316,1.26244,1.26275
2014-10-01 00:00:00,1.2628,1.26319,1.26072,1.26162
2014-10-01 04:00:00,1.26165,1.26299,1.2593,1.25957
2014-10-01 08:00:00,1.25952,1.26158,1.25841,1.2594
2014-10-01 12:00:00,1.25945,1.26392,1.25828,1.26164
2014-10-01 16:00:00,1.26161,1.26214,1.26026,1.26158
2014-10-01 20:00:00,1.26162,1.26292,1.2614,1.2621
2014-10-02 00:00:00,1.26211,1.26737,1.2619,1.2659
2014-10-02 04:00:00,1.26586,1.26626,1.26132,1.26247
2014-10-02 08:00:00,1.26246,1.265,1.26162,1.26299
2014-10-02 12:00:00,1.26296,1.2691,1.26131,1.26692
2014-10-02 16:00:00,1.26688,1.26983,1.26539,1.26629
2014-10-02 20:00:00,1.26627,1.26742,1.26621,1.26677
2014-10-03 00:00:00,1.26678,1.26683,1.26517,1.26549
2014-10-03 04:00:00,1.26545,1.26575,1.26402,1.26421
2014-10-03 08:00:00,1.26421,1.26446,1.26109,1.26143
2014-10-03 12:00:00,1.2614,1.26175,1.25,1.25155
2014-10-03 16:00:00,1.25153,1.25174,1.25032,1.25108
2014-10-03 20:00:00,1.25108,1.25171,1.25092,1.25116
2014-10-05 20:00:00,1.25107,1.2514,1.25079,1.25121
2014-10-06 00:00:00,1.25125,1.25204,1.25113,1.2518
2014-10-06 04:00:00,1.25177,1.25384,1.25133,1.25371
2014-10-06 08:00:00,1.25371,1.25667,1.25329,1.25665
2014-10-06 12:00:00,1.25661,1.25943,1.2542,1.25914
2014-10-06 16:00:00,1.25916,1.26742,1.25727,1.2643
2014-10-06 20:00:00,1.26429,1.26608,1.2642,1.26429
2014-10-07 00:00:00,1.26425,1.26443,1.26047,1.26177
2014-10-07 04:00:00,1.26174,1.2664,1.26067,1.26391
2014-10-07 08:00:00,1.26395,1.26419,1.25831,1.2611
2014-10-07 12:00:00,1.26113,1.26546,1.26026,1.26251
2014-10-07 16:00:00,1.26255,1.26813,1.26255,1.26608
2014-10-07 20:00:00,1.26613,1.26825,1.26603,1.26643
2014-10-08 00:00:00,1.26644,1.26649,1.26274,1.2635
2014-10-08 04:00:00,1.26354,1.26564,1.26223,1.26525
2014-10-08 08:00:00,1.26523,1.26839,1.26445,1.26486
2014-10-08 12:00:00,1.26483,1.26915,1.26404,1.26825
2014-10-08 16:00:00,1.26822,1.27485,1.26516,1.27406
2014-10-08 20:00:00,1.2741,1.27541,1.27265,1.27402
2014-10-09 00:00:00,1.27397,1.27512,1.27188,1.27427
2014-10-09 04:00:00,1.27431,1.27908,1.27305,1.27843
2014-10-09 08:00:00,1.27841,1.27885,1.27505,1.27685
2014-10-09 12:00:00,1.27687,1.27766,1.26742,1.2682
2014-10-09 16:00:00,1.26822,1.26998,1.26628,1.26857
2014-10-09 20:00:00,1.26853,1.2692,1.26791,1.26878
2014-10-10 00:00:00,1.26881,1.27154,1.26843,1.26979
2014-10-10 04:00:00,1.26975,1.27085,1.26595,1.26667
2014-10-10 08:00:00,1.26667,1.26763,1.26432,1.26482
2014-10-10 12:00:00,1.26486,1.2655,1.26082,1.26353
2014-10-10 16:00:00,1.2635,1.2645,1.26051,1.26126
2014-10-10 20:00:00,1.26124,1.26282,1.26116,1.26278
2014-10-12 20:00:00,1.2629,1.26467,1.2619,1.26393
2014-10-13 00:00:00,1.26388,1.2697,1.26331,1.2692
2014-10-13 04:00:00,1.26922,1.26936,1.26506,1.26706
2014-10-13 08:00:00,1.26711,1.2695,1.26653,1.26876
2014-10-13 12:00:00,1.26872,1.26987,1.26696,1.26858
2014-10-13 16:00:00,1.26858,1.26926,1.26642,1.26887
2014-10-13 20:00:00,1.2689,1.27667,1.2689,1.27211
2014-10-14 00:00:00,1.27213,1.27309,1.27138,1.27199
2014-10-14 04:00:00,1.27205,1.27278,1.26898,1.26997
2014-10-14 08:00:00,1.26997,1.27057,1.26393,1.26497
2014-10-14 12:00:00,1.26491,1.26788,1.26444,1.26589
2014-10-14 16:00:00,1.26593,1.26683,1.26401,1.26546
2014-10-14 20:00:00,1.26543,1.26631,1.26312,1.26409
2014-10-15 00:00:00,1.26412,1.26476,1.26241,1.2643
2014-10-15 04:00:00,1.26426,1.2661,1.26364,1.26459
2014-10-15 08:00:00,1.26456,1.26758,1.26371,1.26702
2014-10-15 12:00:00,1.26699,1.28853,1.26645,1.27788
2014-10-15 16:00:00,1.27787,1.2816,1.27698,1.28067
2014-10-15 20:00:00,1.28063,1.28435,1.28003,1.28199
2014-10-16 00:00:00,1.28193,1.28442,1.28124,1.28188
2014-10-16 04:00:00,1.28187,1.28243,1.27723,1.27936
2014-10-16 08:00:00,1.27932,1.28228,1.27051,1.27396
2014-10-16 12:00:00,1.274,1.28139,1.27316,1.28101
2014-10-16 16:00:00,1.28097,1.28393,1.27883,1.28033
2014-10-16 20:00:00,1.28028,1.28142,1.27927,1.28036
2014-10-17 00:00:00,1.28039,1.28148,1.27936,1.27959
2014-10-17 04:00:00,1.27955,1.28093,1.27799,1.27851
2014-10-17 08:00:00,1.27849,1.28361,1.27821,1.28336
2014-10-17 12:00:00,1.28332,1.28359,1.2743,1.2754
2014-10-17 16:00:00,1.27537,1.27788,1.27529,1.27594
2014-10-17 20:00:00,1.27597,1.27621,1.27551,1.27561
2014-10-19 20:00:00,1.27484,1.27596,1.27354,1.27467
2014-10-20 00:00:00,1.27466,1.27692,1.27466,1.27578
2014-10-20 04:00:00,1.27574,1.27743,1.27307,1.27672
2014-10-20 08:00:00,1.27675,1.2789,1.27516,1.27684
2014-10-20 12:00:00,1.27681,1.27876,1.27546,1.2782
2014-10-20 16:00:00,1.27825,1.28162,1.27782,1.28037
2014-10-20 20:00:00,1.28041,1.2807,1.27878,1.27936
2014-10-21 00:00:00,1.27932,1.28117,1.27899,1.28099
2014-10-21 04:00:00,1.28101,1.28396,1.28084,1.2827
2014-10-21 08:00:00,1.28273,1.28286,1.27451,1.27798
2014-10-21 12:00:00,1.27792,1.27804,1.27159,1.27235
2014-10-21 16:00:00,1.27237,1.27419,1.27143,1.27146
2014-10-21 20:00:00,1.27143,1.27196,1.27057,1.27129
2014-10-22 00:00:00,1.27125,1.273,1.27087,1.27249
2014-10-22 04:00:00,1.27247,1.2739,1.27018,1.27141
2014-10-22 08:00:00,1.27142,1.27265,1.26802,1.27005
2014-10-22 12:00:00,1.27005,1.27041,1.26466,1.26569
2014-10-22 16:00:00,1.26566,1.26657,1.26367,1.26438
2014-10-22 20:00:00,1.26435,1.26485,1.26392,1.2641
2014-10-23 00:00:00,1.26407,1.26496,1.26322,1.26374
2014-10-23 04:00:00,1.26378,1.26542,1.26131,1.26379
2014-10-23 08:00:00,1.26389,1.2676,1.26385,1.26703
2014-10-23 12:00:00,1.26705,1.26715,1.26302,1.26562
2014-10-23 16:00:00,1.26555,1.2663,1.26368,1.26501
2014-10-23 20:00:00,1.26497,1.26532,1.26427,1.26489
2014-10-24 00:00:00,1.26486,1.26608,1.2646,1.26552
2014-10-24 04:00:00,1.26549,1.26643,1.26342,1.26407
2014-10-24 08:00:00,1.26403,1.26631,1.26379,1.26599
2014-10-24 12:00:00,1.26602,1.26952,1.26456,1.26739
2014-10-24 16:00:00,1.26736,1.26742,1.2659,1.26672
2014-10-24 20:00:00,1.26677,1.26703,1.26658,1.26677
2014-10-26 20:00:00,1.26748,1.26852,1.26704,1.26754
2014-10-27 00:00:00,1.26757,1.27139,1.26747,1.27052
2014-10-27 04:00:00,1.27048,1.27081,1.26833,1.26913
2014-10-27 08:00:00,1.2691,1.27058,1.26651,1.26739
2014-10-27 12:00:00,1.26741,1.2723,1.26741,1.27109
2014-10-27 16:00:00,1.27109,1.27182,1.27025,1.27048
2014-10-27 20:00:00,1.27048,1.27048,1.26948,1.27018
2014-10-28 00:00:00,1.2702,1.27149,1.2696,1.27089
2014-10-28 04:00:00,1.27084,1.27188,1.26976,1.27134
2014-10-28 08:00:00,1.27133,1.2717,1.26842,1.26991
2014-10-28 12:00:00,1.26994,1.27643,1.26981,1.27463
2014-10-28 16:00:00,1.27458,1.27496,1.27321,1.27379
2014-10-28 20:00:00,1.27382,1.27386,1.27305,1.27365
2014-10-29 00:00:00,1.27367,1.27402,1.27276,1.27345
2014-10-29 04:00:00,1.27343,1.27468,1.27316,1.27381
2014-10-29 08:00:00,1.27377,1.27453,1.27231,1.27314
2014-10-29 12:00:00,1.27319,1.27701,1.27288,1.27601
2014-10-29 16:00:00,1.27603,1.27655,1.2632,1.26378
2014-10-29 20:00:00,1.26382,1.26412,1.26253,1.26312
2014-10-30 00:00:00,1.26315,1.26324,1.26159,1.26177
2014-10-30 04:00:00,1.26179,1.26201,1.25836,1.25885
2014-10-30 08:00:00,1.25887,1.25979,1.25547,1.25849
2014-10-30 12:00:00,1.25852,1.26258,1.25432,1.2621
2014-10-30 16:00:00,1.26206,1.26313,1.2603,1.26038
2014-10-30 20:00:00,1.26035,1.26166,1.26031,1.26084
2014-10-31 00:00:00,1.26082,1.26085,1.25951,1.26024
2014-10-31 04:00:00,1.26021,1.26031,1.25404,1.25681
2014-10-31 08:00:00,1.25677,1.25909,1.25479,1.25824
2014-10-31 12:00:00,1.25828,1.25828,1.24849,1.25286
2014-10-31 16:00:00,1.2529,1.25437,1.25229,1.25296
2014-10-31 20:00:00,1.25293,1.25347,1.25196,1.25221
2014-11-02 20:00:00,1.2504,1.25132,1.25009,1.25015
2014-11-03 00:00:00,1.25018,1.2511,1.24333,1.24816
2014-11-03 04:00:00,1.24821,1.25047,1.24785,1.24932
2014-11-03 08:00:00,1.24933,1.2509,1.24875,1.24982
2014-11-03 12:00:00,1.24977,1.25096,1.24688,1.24828
2014-11-03 16:00:00,1.24833,1.24966,1.24698,1.24879
2014-11-03 20:00:00,1.24881,1.24971,1.24787,1.24918
2014-11-04 00:00:00,1.24915,1.25304,1.24895,1.2526
2014-11-04 04:00:00,1.25257,1.25287,1.25006,1.25055
2014-11-04 08:00:00,1.25053,1.25288,1.24996,1.25123
2014-11-04 12:00:00,1.25124,1.25767,1.25044,1.25709
2014-11-04 16:00:00,1.25705,1.2573,1.25392,1.25557
2014-11-04 20:00:00,1.25558,1.25588,1.25401,1.25511
2014-11-05 00:00:00,1.25513,1.25668,1.25459,1.25616
2014-11-05 04:00:00,1.25618,1.25642,1.25151,1.25167
2014-11-05 08:00:00,1.25162,1.25214,1.24706,1.24714
2014-11-05 12:00:00,1.24718,1.25061,1.24561,1.24879
2014-11-05 16:00:00,1.24878,1.24958,1.24737,1.24783
2014-11-05 20:00:00,1.24783,1.24864,1.24711,1.24767
2014-11-06 00:00:00,1.24772,1.24942,1.24725,1.24895
2014-11-06 04:00:00,1.24898,1.25293,1.24865,1.25062
2014-11-06 08:00:00,1.2506,1.25328,1.24946,1.25187
2014-11-06 12:00:00,1.25187,1.25295,1.23891,1.24348
2014-11-06 16:00:00,1.24349,1.24377,1.23817,1.23859
2014-11-06 20:00:00,1.23858,1.23881,1.23628,1.23798
2014-11-07 00:00:00,1.23796,1.23856,1.23735,1.23776
2014-11-07 04:00:00,1.23773,1.2396,1.23673,1.23849
2014-11-07 08:00:00,1.23844,1.24072,1.2384,1.23937
2014-11-07 12:00:00,1.23936,1.2441,1.23563,1.24133
2014-11-07 16:00:00,1.24134,1.24693,1.24111,1.2441
2014-11-07 20:00:00,1.24407,1.24624,1.2438,1.24529
2014-11-09 20:00:00,1.24694,1.24791,1.24584,1.24596
2014-11-10 00:00:00,1.24598,1.24888,1.24528,1.2482
2014-11-10 04:00:00,1.24822,1.24873,1.24642,1.24738
2014-11-10 08:00:00,1.24738,1.25088,1.24665,1.24852
2014-11-10 12:00:00,1.24855,1.24955,1.24279,1.24431
2014-11-10 16:00:00,1.24427,1.24444,1.24185,1.24222
2014-11-10 20:00:00,1.24227,1.24305,1.2416,1.24251
2014-11-11 00:00:00,1.2425,1.24402,1.24191,1.24278
2014-11-11 04:00:00,1.24281,1.2429,1.24046,1.24066
2014-11-11 08:00:00,1.24069,1.24265,1.23938,1.24122
2014-11-11 12:00:00,1.24125,1.24373,1.24119,1.24265
2014-11-11 16:00:00,1.24263,1.24989,1.24236,1.24753
2014-11-11 20:00:00,1.24756,1.24851,1.24675,1.24754
2014-11-12 00:00:00,1.24753,1.2477,1.24534,1.24664
2014-11-12 04:00:00,1.24665,1.24975,1.24576,1.24959
2014-11-12 08:00:00,1.24958,1.24958,1.24295,1.24587
2014-11-12 12:00:00,1.24587,1.24918,1.24466,1.2476
2014-11-12 16:00:00,1.24765,1.24818,1.24182,1.24317
2014-11-12 20:00:00,1.24314,1.24397,1.24257,1.24295
2014-11-13 00:00:00,1.24292,1.2451,1.24273,1.24424
2014-11-13 04:00:00,1.24424,1.24568,1.24335,1.24526
2014-11-13 08:00:00,1.24524,1.24753,1.24512,1.24615
2014-11-13 12:00:00,1.24619,1.24897,1.24504,1.24732
2014-11-13 16:00:00,1.24731,1.24911,1.24544,1.24862
2014-11-13 20:00:00,1.24864,1.2487,1.24719,1.2473
2014-11-14 00:00:00,1.24731,1.24758,1.24509,1.24543
2014-11-14 04:00:00,1.24547,1.24581,1.24261,1.24496
2014-11-14 08:00:00,1.245,1.24708,1.24416,1.24453
2014-11-14 12:00:00,1.24454,1.24937,1.23972,1.24774
2014-11-14 16:00:00,1.24778,1.25455,1.24621,1.25239
2014-11-14 20:00:00,1.25236,1.25282,1.25165,1.25209
2014-11-16 20:00:00,1.25281,1.253,1.25135,1.25206
2014-11-17 00:00:00,1.25203,1.25767,1.25173,1.25515
2014-11-17 04:00:00,1.25516,1.25555,1.2523,1.25306
2014-11-17 08:00:00,1.25305,1.25305,1.24819,1.24897
2014-11-17 12:00:00,1.24895,1.25053,1.24453,1.2456
2014-11-17 16:00:00,1.24556,1.24612,1.24446,1.24513
2014-11-17 20:00:00,1.24511,1.24536,1.24423,1.24495
2014-11-18 00:00:00,1.24498,1.24757,1.24482,1.24735
2014-11-18 04:00:00,1.24732,1.24942,1.24674,1.24881
2014-11-18 08:00:00,1.24884,1.25396,1.24811,1.25152
2014-11-18 12:00:00,1.25149,1.25338,1.25008,1.25299
2014-11-18 16:00:00,1.25302,1.25445,1.25263,1.25332
2014-11-18 20:00:00,1.25333,1.25377,1.25288,1.25315
2014-11-19 00:00:00,1.25315,1.25339,1.25119,1.25168
2014-11-19 04:00:00,1.25165,1.25365,1.25128,1.25343
2014-11-19 08:00:00,1.25344,1.25471,1.25234,1.25355
2014-11-19 12:00:00,1.2535,1.25698,1.25236,1.25409
2014-11-19 16:00:00,1.25406,1.25975,1.25232,1.25431
2014-11-19 20:00:00,1.25433,1.25548,1.25321,1.25397
2014-11-20 00:00:00,1.25394,1.25487,1.25296,1.25439
2014-11-20 04:00:00,1.25438,1.25489,1.25226,1.25377
2014-11-20 08:00:00,1.25369,1.25747,1.25035,1.25339
2014-11-20 12:00:00,1.25341,1.25681,1.25087,1.25401
2014-11-20 16:00:00,1.25399,1.25576,1.25184,1.25508
2014-11-20 20:00:00,1.25506,1.25508,1.25339,1.25424
2014-11-21 00:00:00,1.25422,1.25676,1.25408,1.25619
2014-11-21 04:00:00,1.25617,1.25664,1.25363,1.25434
2014-11-21 08:00:00,1.25438,1.25526,1.24149,1.24253
2014-11-21 12:00:00,1.2425,1.24379,1.24049,1.24112
2014-11-21 16:00:00,1.24115,1.2416,1.23743,1.23865
2014-11-21 20:00:00,1.23868,1.23937,1.23833,1.23851
2014-11-23 20:00:00,1.23618,1.23748,1.23576,1.2371
2014-11-24 00:00:00,1.23712,1.2396,1.23712,1.23907
2014-11-24 04:00:00,1.2391,1.24052,1.23894,1.23973
2014-11-24 08:00:00,1.23976,1.2414,1.2373,1.24106
2014-11-24 12:00:00,1.24106,1.24394,1.2401,1.24358
2014-11-24 16:00:00,1.24361,1.2444,1.24235,1.2433
2014-11-24 20:00:00,1.24332,1.24428,1.24294,1.24332
2014-11-25 00:00:00,1.24333,1.24357,1.242,1.2422
2014-11-25 04:00:00,1.24222,1.24342,1.24153,1.24216
2014-11-25 08:00:00,1.24216,1.24435,1.24182,1.24352
2014-11-25 12:00:00,1.24348,1.24854,1.23974,1.24844
2014-11-25 16:00:00,1.24848,1.24865,1.24589,1.24702
2014-11-25 20:00:00,1.24705,1.24805,1.24682,1.24791
2014-11-26 00:00:00,1.2479,1.24841,1.24654,1.24706
2014-11-26 04:00:00,1.24703,1.2482,1.2465,1.24684
2014-11-26 08:00:00,1.2468,1.24941,1.2443,1.2452
2014-11-26 12:00:00,1.24517,1.25308,1.24514,1.25273
2014-11-26 16:00:00,1.25267,1.25293,1.25005,1.25134
2014-11-26 20:00:00,1.25132,1.25137,1.25009,1.25035
2014-11-27 00:00:00,1.25035,1.25104,1.24947,1.25076
2014-11-27 04:00:00,1.25079,1.2523,1.25024,1.25126
2014-11-27 08:00:00,1.25124,1.25124,1.24646,1.24804
2014-11-27 12:00:00,1.24809,1.2498,1.24736,1.24803
2014-11-27 16:00:00,1.24806,1.24857,1.24641,1.24702
2014-11-27 20:00:00,1.24702,1.24702,1.24553,1.24592
2014-11-28 00:00:00,1.24594,1.24644,1.24446,1.24474
2014-11-28 04:00:00,1.24472,1.24632,1.24356,1.24385
2014-11-28 08:00:00,1.24382,1.24787,1.24287,1.2473
2014-11-28 12:00:00,1.24728,1.24894,1.24568,1.24649
2014-11-28 16:00:00,1.24646,1.2466,1.24258,1.24414
2014-11-28 20:00:00,1.2442,1.24511,1.24386,1.24467
2014-11-30 20:00:00,1.24621,1.24634,1.2431,1.24362
2014-12-01 00:00:00,1.24366,1.24514,1.24265,1.24509
2014-12-01 04:00:00,1.24509,1.24563,1.24187,1.24215
2014-12-01 08:00:00,1.24212,1.24774,1.24187,1.24592
2014-12-01 12:00:00,1.24593,1.2506,1.24544,1.24754
2014-12-01 16:00:00,1.24758,1.25023,1.24684,1.24774
2014-12-01 20:00:00,1.24773,1.24773,1.24664,1.24695
2014-12-02 00:00:00,1.24694,1.24755,1.24613,1.24654
2014-12-02 04:00:00,1.24653,1.24695,1.24493,1.24529
2014-12-02 08:00:00,1.24529,1.24566,1.24289,1.24392
2014-12-02 12:00:00,1.24393,1.24417,1.23947,1.24005
2014-12-02 16:00:00,1.24008,1.24046,1.23762,1.23783
2014-12-02 20:00:00,1.23784,1.23887,1.23772,1.23868
2014-12-03 00:00:00,1.2387,1.23901,1.2382,1.23839
2014-12-03 04:00:00,1.23836,1.23893,1.23617,1.23741
2014-12-03 08:00:00,1.23737,1.23748,1.23209,1.23226
2014-12-03 12:00:00,1.23223,1.23443,1.23015,1.23212
2014-12-03 16:00:00,1.23212,1.23212,1.23004,1.23084
2014-12-03 20:00:00,1.23087,1.23152,1.23057,1.23136
2014-12-04 00:00:00,1.23132,1.23189,1.2305,1.23059
2014-12-04 04:00:00,1.23063,1.23114,1.22951,1.23039
2014-12-04 08:00:00,1.2304,1.23245,1.2304,1.23065
2014-12-04 12:00:00,1.23064,1.24357,1.22753,1.24354
2014-12-04 16:00:00,1.24357,1.24556,1.23561,1.23668
2014-12-04 20:00:00,1.23673,1.23902,1.23673,1.23849
2014-12-05 00:00:00,1.23854,1.23922,1.23731,1.23807
2014-12-05 04:00:00,1.23811,1.23827,1.23647,1.23806
2014-12-05 08:00:00,1.23802,1.23819,1.23457,1.23502
2014-12-05 12:00:00,1.23506,1.23782,1.22701,1.2296
2014-12-05 16:00:00,1.22956,1.2309,1.22804,1.22882
2014-12-05 20:00:00,1.22886,1.2295,1.22789,1.22827
2014-12-07 20:00:00,1.22865,1.23021,1.22758,1.22932
2014-12-08 00:00:00,1.22932,1.23026,1.22854,1.22854
2014-12-08 04:00:00,1.22855,1.22953,1.22604,1.22689
2014-12-08 08:00:00,1.22685,1.22785,1.22466,1.2264
2014-12-08 12:00:00,1.22645,1.22959,1.22481,1.22883
2014-12-08 16:00:00,1.22884,1.23432,1.22883,1.2325
2014-12-08 20:00:00,1.23253,1.23267,1.23057,1.23141
2014-12-09 00:00:00,1.2314,1.23145,1.22913,1.2292
2014-12-09 04:00:00,1.22922,1.23475,1.22921,1.23466
2014-12-09 08:00:00,1.23462,1.23667,1.23397,1.23479
2014-12-09 12:00:00,1.23482,1.2447,1.23482,1.24245
2014-12-09 16:00:00,1.24248,1.24342,1.23717,1.23754
2014-12-09 20:00:00,1.23754,1.23941,1.23642,1.23872
2014-12-10 00:00:00,1.23872,1.23884,1.23612,1.23805
2014-12-10 04:00:00,1.23804,1.23971,1.23794,1.23872
2014-12-10 08:00:00,1.23873,1.23983,1.23634,1.23752
2014-12-10 12:00:00,1.23747,1.24352,1.23652,1.24158
2014-12-10 16:00:00,1.24155,1.24453,1.24094,1.24405
2014-12-10 20:00:00,1.24402,1.24855,1.2424,1.24793
2014-12-11 00:00:00,1.24794,1.24944,1.24476,1.24504
2014-12-11 04:00:00,1.24507,1.24855,1.24289,1.24855
2014-12-11 08:00:00,1.24856,1.24856,1.24137,1.24629
2014-12-11 12:00:00,1.24624,1.24669,1.23714,1.23806
2014-12-11 16:00:00,1.23807,1.24066,1.23693,1.23847
2014-12-11 20:00:00,1.23843,1.24112,1.23786,1.23923
2014-12-12 00:00:00,1.23923,1.24035,1.23898,1.23947
2014-12-12 04:00:00,1.23951,1.24016,1.23837,1.24003
2014-12-12 08:00:00,1.24004,1.24643,1.23978,1.24551
2014-12-12 12:00:00,1.24551,1.24761,1.24324,1.24614
2014-12-12 16:00:00,1.2461,1.24847,1.24465,1.24509
2014-12-12 20:00:00,1.24507,1.24613,1.24425,1.24576
2014-12-14 20:00:00,1.24709,1.2477,1.24556,1.24634
2014-12-15 00:00:00,1.24633,1.24664,1.24335,1.2434
2014-12-15 04:00:00,1.2434,1.24722,1.2433,1.24552
2014-12-15 08:00:00,1.24548,1.24548,1.24154,1.24264
2014-12-15 12:00:00,1.24268,1.24424,1.2416,1.24198
2014-12-15 16:00:00,1.24198,1.2478,1.24138,1.24361
2014-12-15 20:00:00,1.24358,1.24462,1.2432,1.24397
2014-12-16 00:00:00,1.24396,1.24625,1.24351,1.24591
2014-12-16 04:00:00,1.24595,1.24636,1.24392,1.24523
2014-12-16 08:00:00,1.24524,1.25492,1.24441,1.25424
2014-12-16 12:00:00,1.25417,1.25688,1.24943,1.25086
2014-12-16 16:00:00,1.25089,1.25219,1.24771,1.24845
2014-12-16 20:00:00,1.24846,1.2516,1.24846,1.25102
2014-12-17 00:00:00,1.251,1.25152,1.24884,1.24925
2014-12-17 04:00:00,1.2493,1.2496,1.24617,1.24621
2014-12-17 08:00:00,1.24618,1.24717,1.24451,1.24594
2014-12-17 12:00:00,1.24597,1.24764,1.23858,1.23934
2014-12-17 16:00:00,1.23931,1.24715,1.23193,1.23234
2014-12-17 20:00:00,1.23236,1.23725,1.23213,1.23362
2014-12-18 00:00:00,1.2336,1.23517,1.23198,1.23448
2014-12-18 04:00:00,1.23452,1.23471,1.22771,1.23173
2014-12-18 08:00:00,1.2317,1.23374,1.2295,1.23129
2014-12-18 12:00:00,1.23127,1.23141,1.22652,1.22792
2014-12-18 16:00:00,1.22789,1.22976,1.22666,1.22827
2014-12-18 20:00:00,1.2283,1.22909,1.22774,1.22874
2014-12-19 00:00:00,1.22875,1.22877,1.22731,1.22759
2014-12-19 04:00:00,1.22762,1.22974,1.22745,1.22896
2014-12-19 08:00:00,1.22899,1.22906,1.22524,1.22626
2014-12-19 12:00:00,1.22629,1.23016,1.22587,1.22612
2014-12-19 16:00:00,1.22617,1.22643,1.22194,1.2226
2014-12-19 20:00:00,1.22257,1.22338,1.22217,1.22251
2014-12-21 20:00:00,1.22211,1.2226,1.22194,1.22238
2014-12-22 00:00:00,1.22235,1.2248,1.22198,1.2245
2014-12-22 04:00:00,1.22453,1.22675,1.22362,1.2267
2014-12-22 08:00:00,1.22669,1.2272,1.225,1.22588
2014-12-22 12:00:00,1.22588,1.22699,1.22495,1.22559
2014-12-22 16:00:00,1.22561,1.22631,1.2217,1.22193
2014-12-22 20:00:00,1.22198,1.22307,1.22159,1.22228
2014-12-23 00:00:00,1.22231,1.22339,1.22211,1.22307
2014-12-23 04:00:00,1.22304,1.22385,1.22229,1.22247
2014-12-23 08:00:00,1.22243,1.22449,1.22185,1.22262
2014-12-23 12:00:00,1.22266,1.22274,1.21642,1.21755
2014-12-23 16:00:00,1.21751,1.21843,1.21658,1.2177
2014-12-23 20:00:00,1.21771,1.2178,1.2167,1.21748
2014-12-24 00:00:00,1.21748,1.21878,1.21689,1.21752
2014-12-24 04:00:00,1.21754,1.21933,1.21712,1.21872
2014-12-24 08:00:00,1.21872,1.22063,1.21846,1.21988
2014-12-24 12:00:00,1.21987,1.2219,1.21844,1.21888
2014-12-24 16:00:00,1.21887,1.21951,1.21858,1.21926
2014-12-25 20:00:00,1.22183,1.22249,1.22029,1.22068
2014-12-26 00:00:00,1.22074,1.22212,1.22021,1.2217
2014-12-26 04:00:00,1.22169,1.22202,1.22042,1.22062
2014-12-26 08:00:00,1.22061,1.22062,1.21852,1.21905
2014-12-26 12:00:00,1.21908,1.21933,1.21676,1.21696
2014-12-26 16:00:00,1.21698,1.21829,1.21696,1.21762
2014-12-26 20:00:00,1.21762,1.21803,1.21737,1.21777
2014-12-28 20:00:00,1.21749,1.21802,1.21667,1.21679
2014-12-29 00:00:00,1.21681,1.21925,1.21681,1.21841
2014-12-29 04:00:00,1.21841,1.22013,1.21727,1.21807
2014-12-29 08:00:00,1.21803,1.22202,1.21771,1.21894
2014-12-29 12:00:00,1.21891,1.22139,1.21786,1.21811
2014-12-29 16:00:00,1.21808,1.21846,1.21422,1.21551
2014-12-29 20:00:00,1.21549,1.21586,1.21484,1.21526
2014-12-30 00:00:00,1.21527,1.21611,1.21311,1.21385
2014-12-30 04:00:00,1.21389,1.21711,1.2123,1.21617
2014-12-30 08:00:00,1.21621,1.21867,1.21473,1.2165
2014-12-30 12:00:00,1.21647,1.21803,1.21484,1.21643
2014-12-30 16:00:00,1.2164,1.21757,1.21505,1.21525
2014-12-30 20:00:00,1.21523,1.21616,1.21516,1.21607
2014-12-31 00:00:00,1.21603,1.21692,1.21569,1.21636
2014-12-31 04:00:00,1.21639,1.21642,1.21441,1.21537
2014-12-31 08:00:00,1.21535,1.21592,1.2144,1.2154
2014-12-31 12:00:00,1.21541,1.2155,1.20996,1.20998
2014-12-31 16:00:00,1.20996,1.2109,1.20967,1.21002
2015-01-01 20:00:00,1.21005,1.21057,1.20775,1.20866
2015-01-02 00:00:00,1.20864,1.20884,1.20466,1.20566
2015-01-02 04:00:00,1.20564,1.20586,1.2034,1.20554
2015-01-02 08:00:00,1.20557,1.2069,1.20384,1.20536
2015-01-02 12:00:00,1.20534,1.20543,1.20081,1.20306
2015-01-02 16:00:00,1.20303,1.2031,1.20032,1.2005
2015-01-02 20:00:00,1.20047,1.2008,1.19996,1.20005
2015-01-04 20:00:00,1.19516,1.19526,1.18659,1.19458
2015-01-05 00:00:00,1.19462,1.19752,1.19435,1.19435
2015-01-05 04:00:00,1.19437,1.19602,1.19254,1.19555
2015-01-05 08:00:00,1.19553,1.19756,1.18995,1.19049
2015-01-05 12:00:00,1.19051,1.19409,1.18866,1.19361
2015-01-05 16:00:00,1.19358,1.19396,1.19118,1.19384
2015-01-05 20:00:00,1.19378,1.19491,1.19258,1.19372
2015-01-06 00:00:00,1.19369,1.19542,1.19336,1.19435
2015-01-06 04:00:00,1.19439,1.19682,1.1941,1.19419
2015-01-06 08:00:00,1.19418,1.19518,1.18871,1.18907
2015-01-06 12:00:00,1.18911,1.19331,1.18836,1.19184
2015-01-06 16:00:00,1.19181,1.19575,1.19109,1.19121
2015-01-06 20:00:00,1.19124,1.1914,1.18392,1.18714
2015-01-07 00:00:00,1.18717,1.18808,1.18629,1.18758
2015-01-07 04:00:00,1.18753,1.18888,1.18541,1.18869
2015-01-07 08:00:00,1.18872,1.18956,1.18177,1.18198
2015-01-07 12:00:00,1.18195,1.18446,1.18014,1.18018
2015-01-07 16:00:00,1.18017,1.18581,1.18016,1.18494
2015-01-07 20:00:00,1.18492,1.18496,1.18303,1.18328
2015-01-08 00:00:00,1.18325,1.1847,1.18168,1.18263
2015-01-08 04:00:00,1.18264,1.18285,1.18028,1.18196
2015-01-08 08:00:00,1.18193,1.1822,1.17618,1.17724
2015-01-08 12:00:00,1.1772,1.17984,1.17536,1.17917
2015-01-08 16:00:00,1.17913,1.18186,1.17796,1.17835
2015-01-08 20:00:00,1.17835,1.17955,1.17826,1.17914
2015-01-09 00:00:00,1.17911,1.18105,1.17897,1.18028
2015-01-09 04:00:00,1.1803,1.18146,1.17844,1.17927
2015-01-09 08:00:00,1.17931,1.18193,1.17917,1.1809
2015-01-09 12:00:00,1.18089,1.18377,1.17616,1.18314
2015-01-09 16:00:00,1.18316,1.1845,1.18219,1.1841
2015-01-09 20:00:00,1.18413,1.1843,1.18254,1.18377
2015-01-11 20:00:00,1.18443,1.18694,1.18404,1.18692
2015-01-12 00:00:00,1.18692,1.18692,1.18446,1.18544
2015-01-12 04:00:00,1.18545,1.18703,1.18493,1.18537
2015-01-12 08:00:00,1.18536,1.18538,1.17877,1.17986
2015-01-12 12:00:00,1.17986,1.18444,1.17857,1.1816
2015-01-12 16:00:00,1.18161,1.18452,1.18083,1.18387
2015-01-12 20:00:00,1.18388,1.18399,1.18263,1.18315
2015-01-13 00:00:00,1.18314,1.1859,1.18227,1.18452
2015-01-13 04:00:00,1.18453,1.18512,1.18188,1.18496
2015-01-13 08:00:00,1.18492,1.18492,1.1786,1.17928
2015-01-13 12:00:00,1.17927,1.1798,1.17521,1.17808
2015-01-13 16:00:00,1.17811,1.17993,1.176,1.17636
2015-01-13 20:00:00,1.17631,1.1779,1.17581,1.17763
2015-01-14 00:00:00,1.17759,1.17818,1.17635,1.17731
2015-01-14 04:00:00,1.17729,1.18081,1.17729,1.17995
2015-01-14 08:00:00,1.17999,1.18105,1.17266,1.17534
2015-01-14 12:00:00,1.17538,1.18456,1.17425,1.17858
2015-01-14 16:00:00,1.17854,1.1813,1.17744,1.17759
2015-01-14 20:00:00,1.17764,1.17919,1.17761,1.17834
2015-01-15 00:00:00,1.1783,1.17901,1.1772,1.17804
2015-01-15 04:00:00,1.178,1.17857,1.17596,1.1776
2015-01-15 08:00:00,1.17761,1.17765,1.15646,1.16916
2015-01-15 12:00:00,1.16923,1.17463,1.15849,1.1585
2015-01-15 16:00:00,1.15849,1.16348,1.15669,1.16123
2015-01-15 20:00:00,1.16127,1.16386,1.16045,1.16355
2015-01-16 00:00:00,1.16359,1.16454,1.15991,1.16385
2015-01-16 04:00:00,1.16389,1.16482,1.16206,1.16319
2015-01-16 08:00:00,1.16316,1.16453,1.15751,1.15857
2015-01-16 12:00:00,1.1586,1.16067,1.14587,1.14915
2015-01-16 16:00:00,1.14919,1.15843,1.14885,1.15843
2015-01-16 20:00:00,1.15847,1.15887,1.15517,1.15604
2015-01-18 20:00:00,1.1549,1.15725,1.15486,1.15603
2015-01-19 00:00:00,1.15602,1.15733,1.15521,1.15606
2015-01-19 04:00:00,1.15609,1.15848,1.15514,1.15581
2015-01-19 08:00:00,1.15584,1.16275,1.15507,1.15874
2015-01-19 12:00:00,1.15876,1.16384,1.15849,1.16304
2015-01-19 16:00:00,1.16307,1.16382,1.15998,1.16006
2015-01-19 20:00:00,1.16012,1.16099,1.15904,1.15939
2015-01-20 00:00:00,1.15939,1.16011,1.1572,1.15798
2015-01-20 04:00:00,1.15799,1.15922,1.1567,1.15902
2015-01-20 08:00:00,1.15903,1.16138,1.15686,1.15818
2015-01-20 12:00:00,1.15822,1.16048,1.15699,1.15728
2015-01-20 16:00:00,1.15732,1.15843,1.15398,1.15498
2015-01-20 20:00:00,1.15497,1.15567,1.15419,1.15449
2015-01-21 00:00:00,1.15449,1.15735,1.15406,1.15681
2015-01-21 04:00:00,1.15684,1.15882,1.15529,1.15563
2015-01-21 08:00:00,1.15562,1.15853,1.15463,1.15757
2015-01-21 12:00:00,1.15752,1.16791,1.15643,1.15859
2015-01-21 16:00:00,1.1586,1.16127,1.15612,1.159
2015-01-21 20:00:00,1.159,1.16284,1.15789,1.16134
2015-01-22 00:00:00,1.16136,1.16181,1.15897,1.16054
2015-01-22 04:00:00,1.16054,1.16085,1.15748,1.15764
2015-01-22 08:00:00,1.15762,1.1644,1.15762,1.16255
2015-01-22 12:00:00,1.1625,1.16451,1.14131,1.14165
2015-01-22 16:00:00,1.14166,1.14312,1.13621,1.13782
2015-01-22 20:00:00,1.13778,1.13815,1.13145,1.13461
2015-01-23 00:00:00,1.13466,1.13722,1.13379,1.13633
2015-01-23 04:00:00,1.13637,1.13657,1.13136,1.13452
2015-01-23 08:00:00,1.13442,1.13555,1.11672,1.11717
2015-01-23 12:00:00,1.11717,1.12881,1.1113,1.12453
2015-01-23 16:00:00,1.12452,1.12867,1.12174,1.12458
2015-01-23 20:00:00,1.12457,1.12472,1.12025,1.12039
2015-01-25 20:00:00,1.1148,1.11554,1.1097,1.11404
2015-01-26 00:00:00,1.11405,1.12,1.11364,1.1175
2015-01-26 04:00:00,1.11753,1.12421,1.11706,1.12374
2015-01-26 08:00:00,1.12371,1.12606,1.12145,1.12234
2015-01-26 12:00:00,1.1223,1.12845,1.12207,1.1255
2015-01-26 16:00:00,1.12553,1.12949,1.12548,1.12661
2015-01-26 20:00:00,1.1266,1.12681,1.12299,1.12492
2015-01-27 00:00:00,1.12489,1.12576,1.12313,1.12356
2015-01-27 04:00:00,1.12358,1.12537,1.12231,1.12488
2015-01-27 08:00:00,1.12492,1.13448,1.12409,1.12736
2015-01-27 12:00:00,1.12736,1.1422,1.12736,1.14006
2015-01-27 16:00:00,1.14009,1.14034,1.13325,1.13687
2015-01-27 20:00:00,1.1369,1.13813,1.13595,1.13673
2015-01-28 00:00:00,1.13673,1.13673,1.13299,1.13397
2015-01-28 04:00:00,1.13399,1.13815,1.13317,1.13437
2015-01-28 08:00:00,1.13441,1.13806,1.13253,1.13563
2015-01-28 12:00:00,1.13567,1.13656,1.13064,1.13396
2015-01-28 16:00:00,1.13401,1.13677,1.13052,1.13083
2015-01-28 20:00:00,1.13082,1.13147,1.12713,1.12823
2015-01-29 00:00:00,1.12821,1.12953,1.1273,1.12749
2015-01-29 04:00:00,1.12748,1.13039,1.1261,1.12877
2015-01-29 08:00:00,1.12872,1.13267,1.12645,1.13104
2015-01-29 12:00:00,1.13106,1.1367,1.1292,1.13362
2015-01-29 16:00:00,1.13358,1.134,1.12781,1.13124
2015-01-29 20:00:00,1.1312,1.13364,1.13065,1.13329
2015-01-30 00:00:00,1.1333,1.13369,1.13184,1.13257
2015-01-30 04:00:00,1.13259,1.13441,1.13199,1.13356
2015-01-30 08:00:00,1.13353,1.1363,1.13035,1.13356
2015-01-30 12:00:00,1.13361,1.13484,1.12798,1.12835
2015-01-30 16:00:00,1.12834,1.13057,1.1278,1.12908
2015-01-30 20:00:00,1.12911,1.13149,1.12743,1.12778
2015-02-01 20:00:00,1.1307,1.13182,1.12999,1.13066
2015-02-02 00:00:00,1.13059,1.13247,1.1301,1.13097
2015-02-02 04:00:00,1.13093,1.13208,1.12918,1.13151
2015-02-02 08:00:00,1.13152,1.13535,1.13059,1.1328
2015-02-02 12:00:00,1.13279,1.13613,1.13011,1.13413
2015-02-02 16:00:00,1.1341,1.13543,1.13231,1.13449
2015-02-02 20:00:00,1.13444,1.13483,1.1331,1.13382
2015-02-03 00:00:00,1.13377,1.13505,1.13276,1.13297
2015-02-03 04:00:00,1.13297,1.13465,1.13214,1.13309
2015-02-03 08:00:00,1.13309,1.1354,1.13118,1.13379
2015-02-03 12:00:00,1.13383,1.14492,1.13368,1.14476
2015-02-03 16:00:00,1.14479,1.15332,1.14436,1.1487
2015-02-03 20:00:00,1.14871,1.14911,1.14549,1.14558
2015-02-04 00:00:00,1.14558,1.14748,1.14543,1.14622
2015-02-04 04:00:00,1.14619,1.14841,1.14582,1.14655
2015-02-04 08:00:00,1.14654,1.14763,1.14349,1.14573
2015-02-04 12:00:00,1.1457,1.14617,1.13984,1.14234
2015-02-04 16:00:00,1.14238,1.14327,1.14003,1.14175
2015-02-04 20:00:00,1.14169,1.14464,1.13032,1.13159
2015-02-05 00:00:00,1.13156,1.13616,1.13151,1.13565
2015-02-05 04:00:00,1.13569,1.13959,1.13311,1.13796
2015-02-05 08:00:00,1.13796,1.14551,1.1361,1.14242
2015-02-05 12:00:00,1.14239,1.14522,1.13897,1.14272
2015-02-05 16:00:00,1.14274,1.14979,1.14187,1.14736
2015-02-05 20:00:00,1.14733,1.14868,1.14671,1.147
2015-02-06 00:00:00,1.14696,1.14718,1.14604,1.1467
2015-02-06 04:00:00,1.14667,1.14729,1.1447,1.1448
2015-02-06 08:00:00,1.14476,1.14691,1.14306,1.14419
2015-02-06 12:00:00,1.1442,1.14661,1.1315,1.13438
2015-02-06 16:00:00,1.13436,1.13491,1.13109,1.1318
2015-02-06 20:00:00,1.13179,1.13244,1.13095,1.13119
2015-02-08 20:00:00,1.12926,1.13247,1.12897,1.13131
2015-02-09 00:00:00,1.1313,1.1339,1.13092,1.13363
2015-02-09 04:00:00,1.13367,1.13459,1.13173,1.13429
2015-02-09 08:00:00,1.13425,1.13585,1.12967,1.13107
2015-02-09 12:00:00,1.13105,1.13465,1.12697,1.13349
2015-02-09 16:00:00,1.13345,1.13542,1.13126,1.13349
2015-02-09 20:00:00,1.13345,1.13365,1.13169,1.13234
2015-02-10 00:00:00,1.13231,1.13448,1.13231,1.13379
2015-02-10 04:00:00,1.13379,1.1341,1.13083,1.13295
2015-02-10 08:00:00,1.13298,1.13335,1.12724,1.1278
2015-02-10 12:00:00,1.12776,1.13365,1.12727,1.13231
2015-02-10 16:00:00,1.1323,1.13268,1.13021,1.13114
2015-02-10 20:00:00,1.13118,1.13229,1.13074,1.13175
2015-02-11 00:00:00,1.13172,1.13307,1.13155,1.13178
2015-02-11 04:00:00,1.13179,1.13222,1.13019,1.13198
2015-02-11 08:00:00,1.13199,1.13297,1.12888,1.13026
2015-02-11 12:00:00,1.13028,1.13202,1.12871,1.13046
2015-02-11 16:00:00,1.13048,1.13149,1.12791,1.12995
2015-02-11 20:00:00,1.1299,1.13487,1.12871,1.13103
2015-02-12 00:00:00,1.13102,1.13226,1.13028,1.13128
2015-02-12 04:00:00,1.13125,1.1337,1.13081,1.13246
2015-02-12 08:00:00,1.13247,1.13537,1.1318,1.13399
2015-02-12 12:00:00,1.13394,1.14013,1.13257,1.1371
2015-02-12 16:00:00,1.13712,1.14224,1.13707,1.14123
2015-02-12 20:00:00,1.14124,1.14188,1.13945,1.14029
2015-02-13 00:00:00,1.14028,1.14139,1.13933,1.14136
2015-02-13 04:00:00,1.14136,1.1439,1.14126,1.14281
2015-02-13 08:00:00,1.14283,1.14423,1.14033,1.14163
2015-02-13 12:00:00,1.14159,1.14313,1.13785,1.14029
2015-02-13 16:00:00,1.14023,1.14175,1.13844,1.13883
2015-02-13 20:00:00,1.13878,1.14013,1.13782,1.1384
2015-02-15 20:00:00,1.13941,1.14002,1.13885,1.13969
2015-02-16 00:00:00,1.13966,1.1422,1.13958,1.142
2015-02-16 04:00:00,1.14199,1.14284,1.1408,1.14278
2015-02-16 08:00:00,1.14279,1.14279,1.13947,1.14162
2015-02-16 12:00:00,1.14163,1.14174,1.13983,1.14033
2015-02-16 16:00:00,1.14031,1.14057,1.13179,1.13423
2015-02-16 20:00:00,1.13425,1.13559,1.133,1.13318
2015-02-17 00:00:00,1.13321,1.1362,1.13211,1.13596
2015-02-17 04:00:00,1.136,1.1366,1.13426,1.13509
2015-02-17 08:00:00,1.13506,1.14482,1.13364,1.14385
2015-02-17 12:00:00,1.14388,1.14411,1.13804,1.13999
2015-02-17 16:00:00,1.14001,1.14243,1.13879,1.14122
2015-02-17 20:00:00,1.14119,1.14196,1.13994,1.14036
2015-02-18 00:00:00,1.1403,1.14155,1.13971,1.14033
2015-02-18 04:00:00,1.14036,1.1412,1.13867,1.13874
2015-02-18 08:00:00,1.13877,1.14112,1.13586,1.13697
2015-02-18 12:00:00,1.13698,1.1387,1.13447,1.13601
2015-02-18 16:00:00,1.13597,1.14094,1.13334,1.13799
2015-02-18 20:00:00,1.13797,1.1407,1.13767,1.13988
2015-02-19 00:00:00,1.13989,1.14238,1.13986,1.14179
2015-02-19 04:00:00,1.14176,1.14242,1.14083,1.14089
2015-02-19 08:00:00,1.14085,1.14493,1.13844,1.13952
2015-02-19 12:00:00,1.13952,1.13959,1.13546,1.13888
2015-02-19 16:00:00,1.13885,1.1395,1.1357,1.13628
2015-02-19 20:00:00,1.13624,1.13681,1.1357,1.1365
2015-02-20 00:00:00,1.13646,1.13718,1.1356,1.13658
2015-02-20 04:00:00,1.13661,1.1368,1.13378,1.13549
2015-02-20 08:00:00,1.1355,1.13593,1.13031,1.13205
2015-02-20 12:00:00,1.13209,1.13737,1.12774,1.13693
2015-02-20 16:00:00,1.13692,1.14291,1.13442,1.1396
2015-02-20 20:00:00,1.13959,1.14142,1.1365,1.1375
2015-02-22 20:00:00,1.13899,1.13945,1.13757,1.13797
2015-02-23 00:00:00,1.13794,1.13927,1.13576,1.13829
2015-02-23 04:00:00,1.13833,1.1384,1.13463,1.13567
2015-02-23 08:00:00,1.13565,1.13624,1.12943,1.13113
2015-02-23 12:00:00,1.13116,1.13579,1.12965,1.13537
2015-02-23 16:00:00,1.13533,1.13597,1.13205,1.13316
2015-02-23 20:00:00,1.13322,1.13403,1.1328,1.13328
2015-02-24 00:00:00,1.13326,1.13403,1.13233,1.13325
2015-02-24 04:00:00,1.13324,1.1341,1.13219,1.13287
2015-02-24 08:00:00,1.1329,1.13333,1.12956,1.13202
2015-02-24 12:00:00,1.13206,1.135,1.12871,1.13373
2015-02-24 16:00:00,1.13371,1.13574,1.13012,1.1336
2015-02-24 20:00:00,1.13356,1.1345,1.13332,1.13387
2015-02-25 00:00:00,1.1339,1.13514,1.13386,1.13483
2015-02-25 04:00:00,1.1348,1.13879,1.13431,1.13731
2015-02-25 08:00:00,1.13732,1.13812,1.13406,1.13423
2015-02-25 12:00:00,1.1342,1.13654,1.1335,1.13565
2015-02-25 16:00:00,1.13566,1.13675,1.13521,1.1358
2015-02-25 20:00:00,1.13576,1.1365,1.13555,1.13634
2015-02-26 00:00:00,1.13632,1.13701,1.13574,1.13676
2015-02-26 04:00:00,1.13672,1.13729,1.13478,1.13505
2015-02-26 08:00:00,1.13508,1.1379,1.13435,1.13489
2015-02-26 12:00:00,1.13489,1.13517,1.11976,1.1213
2015-02-26 16:00:00,1.12128,1.12245,1.11826,1.11945
2015-02-26 20:00:00,1.11942,1.12053,1.11901,1.1202
2015-02-27 00:00:00,1.12022,1.12135,1.11985,1.12122
2015-02-27 04:00:00,1.12124,1.12174,1.11984,1.12142
2015-02-27 08:00:00,1.12145,1.12438,1.11961,1.12223
2015-02-27 12:00:00,1.1222,1.12444,1.11751,1.12157
2015-02-27 16:00:00,1.12155,1.12248,1.1186,1.11925
2015-02-27 20:00:00,1.11921,1.1196,1.11827,1.11912
2015-03-01 20:00:00,1.11801,1.1186,1.11593,1.116
2015-03-02 00:00:00,1.11601,1.11787,1.11601,1.11752
2015-03-02 04:00:00,1.11754,1.1183,1.11658,1.11783
2015-03-02 08:00:00,1.11783,1.12362,1.11762,1.12238
2015-03-02 12:00:00,1.12237,1.12397,1.11889,1.11935
2015-03-02 16:00:00,1.11938,1.11997,1.1176,1.11853
2015-03-02 20:00:00,1.11857,1.11877,1.11757,1.11757
2015-03-03 00:00:00,1.11759,1.11954,1.11759,1.11882
2015-03-03 04:00:00,1.11884,1.12117,1.11884,1.1204
2015-03-03 08:00:00,1.12043,1.12043,1.11559,1.11578
2015-03-03 12:00:00,1.11575,1.12,1.1154,1.11837
2015-03-03 16:00:00,1.1184,1.12167,1.11766,1.11772
2015-03-03 20:00:00,1.1177,1.11829,1.11716,1.1182
2015-03-04 00:00:00,1.11817,1.11845,1.11721,1.11732
2015-03-04 04:00:00,1.11729,1.11768,1.11612,1.11756
2015-03-04 08:00:00,1.11754,1.11754,1.1115,1.11273
2015-03-04 12:00:00,1.11271,1.11439,1.1061,1.10684
2015-03-04 16:00:00,1.10682,1.10798,1.10631,1.10733
2015-03-04 20:00:00,1.10729,1.10845,1.10712,1.10786
2015-03-05 00:00:00,1.10786,1.10812,1.10646,1.10657
2015-03-05 04:00:00,1.10655,1.1069,1.10256,1.10505
2015-03-05 08:00:00,1.10508,1.1061,1.10333,1.10485
2015-03-05 12:00:00,1.10486,1.1114,1.10048,1.10318
2015-03-05 16:00:00,1.10317,1.1033,1.09863,1.10253
2015-03-05 20:00:00,1.10255,1.1032,1.10225,1.10304
2015-03-06 00:00:00,1.10307,1.10312,1.10128,1.10268
2015-03-06 04:00:00,1.10266,1.10294,1.10106,1.10242
2015-03-06 08:00:00,1.10241,1.10252,1.09293,1.09387
2015-03-06 12:00:00,1.09389,1.09837,1.08415,1.08596
2015-03-06 16:00:00,1.08597,1.08742,1.08402,1.08554
2015-03-06 20:00:00,1.08552,1.08578,1.08343,1.08382
2015-03-08 20:00:00,1.08284,1.0845,1.08218,1.08435
2015-03-09 00:00:00,1.08432,1.08549,1.08355,1.0837
2015-03-09 04:00:00,1.0837,1.08675,1.08355,1.08634
2015-03-09 08:00:00,1.08636,1.09058,1.08559,1.08604
2015-03-09 12:00:00,1.08605,1.08732,1.08408,1.08457
2015-03-09 16:00:00,1.08458,1.08622,1.08374,1.08549
2015-03-09 20:00:00,1.08551,1.08559,1.08289,1.08343
2015-03-10 00:00:00,1.08344,1.08365,1.07847,1.07983
2015-03-10 04:00:00,1.07985,1.08231,1.07883,1.08022
2015-03-10 08:00:00,1.08021,1.08037,1.07296,1.0732
2015-03-10 12:00:00,1.07323,1.07923,1.07023,1.07062
2015-03-10 16:00:00,1.0706,1.07243,1.06921,1.06993
2015-03-10 20:00:00,1.06995,1.07148,1.06651,1.07061
2015-03-11 00:00:00,1.07059,1.0716,1.06759,1.06816
2015-03-11 04:00:00,1.06815,1.06962,1.06649,1.06815
2015-03-11 08:00:00,1.06813,1.06835,1.05588,1.0601
2015-03-11 12:00:00,1.0601,1.06273,1.05564,1.05735
2015-03-11 16:00:00,1.05734,1.05911,1.05105,1.05398
2015-03-11 20:00:00,1.05398,1.05547,1.05372,1.05471
2015-03-12 00:00:00,1.05473,1.05519,1.04931,1.04965
2015-03-12 04:00:00,1.04968,1.06404,1.04964,1.06348
2015-03-12 08:00:00,1.0635,1.06442,1.05794,1.06383
2015-03-12 12:00:00,1.06385,1.06831,1.05881,1.06135
2015-03-12 16:00:00,1.06136,1.06215,1.05904,1.06173
2015-03-12 20:00:00,1.06173,1.06396,1.06164,1.06261
2015-03-13 00:00:00,1.0626,1.06272,1.06058,1.06136
2015-03-13 04:00:00,1.06135,1.06166,1.05635,1.06116
2015-03-13 08:00:00,1.06116,1.06341,1.05607,1.05672
2015-03-13 12:00:00,1.05674,1.05981,1.04764,1.05225
2015-03-13 16:00:00,1.05227,1.05319,1.04617,1.0477
2015-03-13 20:00:00,1.04772,1.04958,1.04761,1.04927
2015-03-15 20:00:00,1.04667,1.05046,1.0464,1.04832
2015-03-16 00:00:00,1.04832,1.05345,1.04829,1.05192
2015-03-16 04:00:00,1.05193,1.0548,1.04973,1.05303
2015-03-16 08:00:00,1.05302,1.05523,1.05228,1.0527
2015-03-16 12:00:00,1.05271,1.06152,1.05257,1.05742
2015-03-16 16:00:00,1.05743,1.06187,1.05699,1.05737
2015-03-16 20:00:00,1.05737,1.0578,1.05612,1.05711
2015-03-17 00:00:00,1.05708,1.05747,1.05508,1.05623
2015-03-17 04:00:00,1.05624,1.06147,1.0551,1.0611
2015-03-17 08:00:00,1.06108,1.06206,1.0571,1.0614
2015-03-17 12:00:00,1.06141,1.06503,1.05979,1.0604
2015-03-17 16:00:00,1.06041,1.06114,1.05832,1.05889
2015-03-17 20:00:00,1.05891,1.06,1.05834,1.05943
2015-03-18 00:00:00,1.05941,1.0613,1.05927,1.06054
2015-03-18 04:00:00,1.06053,1.06189,1.05794,1.06121
2015-03-18 08:00:00,1.06118,1.0635,1.05914,1.06006
2015-03-18 12:00:00,1.06002,1.06452,1.05886,1.06414
2015-03-18 16:00:00,1.0641,1.08371,1.06083,1.08371
2015-03-18 20:00:00,1.08372,1.10425,1.08184,1.0848
2015-03-19 00:00:00,1.08482,1.09187,1.07637,1.0768
2015-03-19 04:00:00,1.07678,1.07948,1.0679,1.07092
2015-03-19 08:00:00,1.07094,1.07366,1.06294,1.06985
2015-03-19 12:00:00,1.06989,1.07035,1.06173,1.06198
2015-03-19 16:00:00,1.06199,1.06489,1.06124,1.06432
2015-03-19 20:00:00,1.06431,1.06779,1.06377,1.06683
2015-03-20 00:00:00,1.06684,1.06945,1.06548,1.06828
2015-03-20 04:00:00,1.06829,1.06939,1.06556,1.06694
2015-03-20 08:00:00,1.06695,1.07198,1.06607,1.07136
2015-03-20 12:00:00,1.07138,1.08203,1.07125,1.07902
2015-03-20 16:00:00,1.07901,1.08817,1.07896,1.08086
2015-03-20 20:00:00,1.08086,1.0828,1.08034,1.08174
2015-03-22 20:00:00,1.08393,1.08811,1.08147,1.08243
2015-03-23 00:00:00,1.08245,1.08278,1.07828,1.0808
2015-03-23 04:00:00,1.08081,1.08336,1.07849,1.07902
2015-03-23 08:00:00,1.07902,1.09009,1.07666,1.08949
2015-03-23 12:00:00,1.08947,1.09451,1.08746,1.09265
2015-03-23 16:00:00,1.09265,1.09708,1.08906,1.09634
2015-03-23 20:00:00,1.09636,1.09668,1.09414,1.09434
2015-03-24 00:00:00,1.09438,1.09505,1.09035,1.09058
2015-03-24 04:00:00,1.0906,1.09571,1.09055,1.09518
2015-03-24 08:00:00,1.09511,1.10026,1.09484,1.09815
2015-03-24 12:00:00,1.09819,1.10283,1.08894,1.09047
2015-03-24 16:00:00,1.09051,1.0933,1.09038,1.09247
2015-03-24 20:00:00,1.09245,1.09271,1.08998,1.09037
2015-03-25 00:00:00,1.09038,1.0937,1.09035,1.09326
2015-03-25 04:00:00,1.09327,1.09531,1.09063,1.09511
2015-03-25 08:00:00,1.09512,1.09933,1.09422,1.09889
2015-03-25 12:00:00,1.09891,1.10139,1.09482,1.09848
2015-03-25 16:00:00,1.09848,1.09886,1.0953,1.0968
2015-03-25 20:00:00,1.09683,1.09757,1.09565,1.09623
2015-03-26 00:00:00,1.09624,1.09815,1.09587,1.09741
2015-03-26 04:00:00,1.09742,1.10151,1.09674,1.1012
2015-03-26 08:00:00,1.1012,1.10517,1.09898,1.0993
2015-03-26 12:00:00,1.09928,1.10217,1.09054,1.09178
2015-03-26 16:00:00,1.09179,1.09267,1.08556,1.08856
2015-03-26 20:00:00,1.08855,1.08917,1.08638,1.08843
2015-03-27 00:00:00,1.08846,1.0895,1.08679,1.08796
2015-03-27 04:00:00,1.08794,1.08936,1.08015,1.08086
2015-03-27 08:00:00,1.08088,1.08655,1.08003,1.08561
2015-03-27 12:00:00,1.0856,1.0897,1.08519,1.08901
2015-03-27 16:00:00,1.089,1.09475,1.08807,1.08977
2015-03-27 20:00:00,1.08977,1.09022,1.08762,1.08874
2015-03-29 20:00:00,1.08856,1.08943,1.08784,1.08822
2015-03-30 00:00:00,1.08823,1.08835,1.08528,1.08655
2015-03-30 04:00:00,1.08652,1.08811,1.0819,1.08303
2015-03-30 08:00:00,1.08303,1.08701,1.08245,1.08366
2015-03-30 12:00:00,1.08368,1.08631,1.08092,1.08161
2015-03-30 16:00:00,1.08161,1.08316,1.08096,1.08124
2015-03-30 20:00:00,1.08124,1.08347,1.08108,1.08282
2015-03-31 00:00:00,1.08281,1.08432,1.08018,1.08021
2015-03-31 04:00:00,1.0802,1.0802,1.07448,1.07507
2015-03-31 08:00:00,1.07506,1.07578,1.07122,1.07359
2015-03-31 12:00:00,1.07361,1.07756,1.07218,1.07409
2015-03-31 16:00:00,1.07406,1.07531,1.07236,1.07482
2015-03-31 20:00:00,1.07481,1.07539,1.07292,1.07392
2015-04-01 00:00:00,1.07391,1.07836,1.07391,1.07811
2015-04-01 04:00:00,1.07811,1.07916,1.07416,1.07526
2015-04-01 08:00:00,1.07527,1.07737,1.0718,1.07474
2015-04-01 12:00:00,1.07476,1.07992,1.07257,1.07665
2015-04-01 16:00:00,1.07665,1.07864,1.07561,1.0759
2015-04-01 20:00:00,1.0759,1.0773,1.07541,1.0769
2015-04-02 00:00:00,1.07688,1.0776,1.07495,1.07666
2015-04-02 04:00:00,1.07667,1.08433,1.07655,1.08166
2015-04-02 08:00:00,1.08168,1.08384,1.08078,1.08289
2015-04-02 12:00:00,1.08291,1.09038,1.08011,1.08746
2015-04-02 16:00:00,1.08746,1.09007,1.08695,1.08789
2015-04-02 20:00:00,1.08787,1.0885,1.08683,1.08695
2015-04-03 00:00:00,1.08691,1.08754,1.08629,1.08708
2015-04-03 04:00:00,1.0871,1.08881,1.08661,1.08711
2015-04-03 08:00:00,1.0871,1.0932,1.08696,1.09135
2015-04-03 12:00:00,1.09137,1.10262,1.08736,1.09858
2015-04-03 16:00:00,1.09855,1.0988,1.09628,1.09675
2015-04-03 20:00:00,1.09676,1.09735,1.09622,1.09663
2015-04-05 20:00:00,1.10006,1.10171,1.09844,1.09937
2015-04-06 00:00:00,1.09939,1.09962,1.09724,1.09843
2015-04-06 04:00:00,1.09844,1.09892,1.09652,1.0983
2015-04-06 08:00:00,1.0983,1.10011,1.09763,1.0987
2015-04-06 12:00:00,1.09871,1.1035,1.09856,1.10059
2015-04-06 16:00:00,1.10062,1.10062,1.09091,1.09414
2015-04-06 20:00:00,1.09414,1.09419,1.09197,1.09337
2015-04-07 00:00:00,1.09338,1.09543,1.09295,1.09387
2015-04-07 04:00:00,1.09388,1.09461,1.0911,1.09214
2015-04-07 08:00:00,1.09216,1.0923,1.08337,1.08584
2015-04-07 12:00:00,1.08586,1.08842,1.08363,1.0849
2015-04-07 16:00:00,1.08487,1.08559,1.0814,1.08158
2015-04-07 20:00:00,1.08155,1.0826,1.08025,1.08215
2015-04-08 00:00:00,1.08217,1.08426,1.08202,1.08383
2015-04-08 04:00:00,1.08381,1.08806,1.08343,1.08684
2015-04-08 08:00:00,1.08682,1.08869,1.08425,1.08491
2015-04-08 12:00:00,1.0849,1.08775,1.07826,1.0816
2015-04-08 16:00:00,1.08161,1.08268,1.07622,1.07816
2015-04-08 20:00:00,1.07816,1.07895,1.07756,1.07841
2015-04-09 00:00:00,1.07841,1.07883,1.07596,1.07798
2015-04-09 04:00:00,1.07796,1.07854,1.07302,1.07437
2015-04-09 08:00:00,1.07437,1.07751,1.0729,1.07667
2015-04-09 12:00:00,1.07667,1.07776,1.06679,1.067
2015-04-09 16:00:00,1.06698,1.06699,1.06367,1.0653
2015-04-09 20:00:00,1.06526,1.06673,1.06496,1.06658
2015-04-10 00:00:00,1.06659,1.06827,1.06612,1.06768
2015-04-10 04:00:00,1.06767,1.06828,1.06062,1.06124
2015-04-10 08:00:00,1.06123,1.06318,1.05731,1.05851
2015-04-10 12:00:00,1.0585,1.0635,1.05671,1.05963
2015-04-10 16:00:00,1.05964,1.06085,1.05821,1.06082
2015-04-10 20:00:00,1.06079,1.06079,1.05948,1.05974
2015-04-12 20:00:00,1.05838,1.06166,1.05814,1.06054
2015-04-13 00:00:00,1.06055,1.06184,1.0584,1.05945
2015-04-13 04:00:00,1.05945,1.06165,1.05607,1.05644
2015-04-13 08:00:00,1.05645,1.05752,1.05197,1.05413
2015-04-13 12:00:00,1.05414,1.06089,1.05405,1.05801
2015-04-13 16:00:00,1.05802,1.05931,1.0558,1.05787
2015-04-13 20:00:00,1.05787,1.05794,1.05635,1.05712
2015-04-14 00:00:00,1.0571,1.05931,1.0562,1.0562
2015-04-14 04:00:00,1.05618,1.05742,1.05302,1.05472
2015-04-14 08:00:00,1.05472,1.05802,1.05375,1.05689
2015-04-14 12:00:00,1.05691,1.07067,1.05574,1.06718
2015-04-14 16:00:00,1.06718,1.06733,1.0644,1.06479
2015-04-14 20:00:00,1.06478,1.06575,1.06431,1.06457
2015-04-15 00:00:00,1.06456,1.06456,1.06239,1.06239
2015-04-15 04:00:00,1.0624,1.06634,1.06017,1.0604
2015-04-15 08:00:00,1.06041,1.06138,1.05701,1.05828
2015-04-15 12:00:00,1.05827,1.06738,1.05763,1.0595
2015-04-15 16:00:00,1.05952,1.07009,1.05908,1.06843
2015-04-15 20:00:00,1.06841,1.06874,1.0672,1.06755
2015-04-16 00:00:00,1.06756,1.07454,1.06726,1.06974
2015-04-16 04:00:00,1.06975,1.07042,1.06257,1.06372
2015-04-16 08:00:00,1.06375,1.07464,1.06236,1.07294
2015-04-16 12:00:00,1.07293,1.07661,1.06839,1.07414
2015-04-16 16:00:00,1.07416,1.08171,1.07231,1.07693
2015-04-16 20:00:00,1.07693,1.07722,1.07524,1.07572
2015-04-17 00:00:00,1.07571,1.07858,1.07571,1.07659
2015-04-17 04:00:00,1.0766,1.08032,1.07369,1.07854
2015-04-17 08:00:00,1.07858,1.08481,1.07854,1.08173
2015-04-17 12:00:00,1.08172,1.08383,1.07324,1.07802
2015-04-17 16:00:00,1.07801,1.08227,1.07686,1.0817
2015-04-17 20:00:00,1.08169,1.0819,1.0799,1.08012
2015-04-19 20:00:00,1.08176,1.0819,1.07876,1.08078
2015-04-20 00:00:00,1.08076,1.08178,1.07856,1.07856
2015-04-20 04:00:00,1.07857,1.08054,1.07663,1.07804
2015-04-20 08:00:00,1.07803,1.07962,1.07223,1.07335
2015-04-20 12:00:00,1.07335,1.07679,1.07115,1.07619
2015-04-20 16:00:00,1.07616,1.07679,1.07246,1.07374
2015-04-20 20:00:00,1.07371,1.07507,1.0734,1.07478
2015-04-21 00:00:00,1.07476,1.07478,1.07186,1.07231
2015-04-21 04:00:00,1.07231,1.07366,1.06591,1.06636
2015-04-21 08:00:00,1.06637,1.07109,1.06633,1.07012
2015-04-21 12:00:00,1.07013,1.07671,1.06831,1.07566
2015-04-21 16:00:00,1.07564,1.07806,1.07313,1.07353
2015-04-21 20:00:00,1.0735,1.07412,1.07308,1.07378
2015-04-22 00:00:00,1.07376,1.0738,1.07157,1.07243
2015-04-22 04:00:00,1.07245,1.07743,1.07236,1.07511
2015-04-22 08:00:00,1.07512,1.08,1.07443,1.07524
2015-04-22 12:00:00,1.07526,1.07588,1.07079,1.07269
2015-04-22 16:00:00,1.0727,1.07424,1.07161,1.0727
2015-04-22 20:00:00,1.0727,1.07278,1.07168,1.07236
2015-04-23 00:00:00,1.07235,1.07257,1.06908,1.07078
2015-04-23 04:00:00,1.07078,1.07175,1.06648,1.06854
2015-04-23 08:00:00,1.06852,1.07718,1.06817,1.07685
2015-04-23 12:00:00,1.07688,1.08203,1.07327,1.08008
2015-04-23 16:00:00,1.08005,1.08445,1.08001,1.08247
2015-04-23 20:00:00,1.08249,1.08318,1.08086,1.0813
2015-04-24 00:00:00,1.08127,1.08287,1.07838,1.07912
2015-04-24 04:00:00,1.07911,1.08966,1.07892,1.08753
2015-04-24 08:00:00,1.08752,1.08995,1.08094,1.08323
2015-04-24 12:00:00,1.0832,1.0878,1.0804,1.08737
2015-04-24 16:00:00,1.08737,1.08784,1.08495,1.08672
2015-04-24 20:00:00,1.08674,1.08731,1.08591,1.08724
2015-04-26 20:00:00,1.08628,1.08736,1.08522,1.0865
2015-04-27 00:00:00,1.08652,1.08775,1.08469,1.0853
2015-04-27 04:00:00,1.08528,1.08861,1.08384,1.08551
2015-04-27 08:00:00,1.08552,1.08583,1.08204,1.08369
2015-04-27 12:00:00,1.08368,1.09064,1.08188,1.089
2015-04-27 16:00:00,1.08903,1.0926,1.08758,1.08889
2015-04-27 20:00:00,1.0889,1.08912,1.08658,1.08757
2015-04-28 00:00:00,1.08758,1.08838,1.08691,1.08783
2015-04-28 04:00:00,1.08785,1.08991,1.08594,1.08797
2015-04-28 08:00:00,1.08795,1.09492,1.08626,1.09427
2015-04-28 12:00:00,1.09429,1.09893,1.09167,1.09776
2015-04-28 16:00:00,1.09778,1.09904,1.09597,1.09734
2015-04-28 20:00:00,1.0973,1.09818,1.09665,1.09672
2015-04-29 00:00:00,1.09673,1.09806,1.0965,1.09673
2015-04-29 04:00:00,1.09674,1.09974,1.09589,1.09967
2015-04-29 08:00:00,1.0997,1.10137,1.09832,1.09933
2015-04-29 12:00:00,1.09934,1.11773,1.09916,1.1172
2015-04-29 16:00:00,1.11722,1.11874,1.10746,1.11108
2015-04-29 20:00:00,1.11104,1.11286,1.11075,1.11116
2015-04-30 00:00:00,1.11116,1.11247,1.11014,1.11067
2015-04-30 04:00:00,1.11065,1.12311,1.10703,1.12202
2015-04-30 08:00:00,1.12203,1.12484,1.11526,1.11928
2015-04-30 12:00:00,1.11926,1.12227,1.11145,1.11617
2015-04-30 16:00:00,1.11616,1.12653,1.11561,1.12286
2015-04-30 20:00:00,1.12284,1.12288,1.12085,1.12107
2015-05-01 00:00:00,1.12107,1.12179,1.12021,1.12076
2015-05-01 04:00:00,1.12077,1.12664,1.11992,1.12555
2015-05-01 08:00:00,1.12557,1.1284,1.12304,1.12606
2015-05-01 12:00:00,1.12606,1.12894,1.11832,1.1194
2015-05-01 16:00:00,1.11938,1.12176,1.11738,1.12072
2015-05-01 20:00:00,1.12073,1.12159,1.11906,1.11932
2015-05-03 20:00:00,1.11902,1.1199,1.11812,1.11877
2015-05-04 00:00:00,1.11876,1.11969,1.11754,1.1189
2015-05-04 04:00:00,1.11891,1.12237,1.11505,1.11505
2015-05-04 08:00:00,1.11505,1.11569,1.11221,1.11339
2015-05-04 12:00:00,1.11336,1.11895,1.11319,1.11442
2015-05-04 16:00:00,1.11441,1.11639,1.11306,1.11522
2015-05-04 20:00:00,1.11518,1.11518,1.11387,1.11482
2015-05-05 00:00:00,1.11481,1.11491,1.11315,1.11339
2015-05-05 04:00:00,1.11339,1.11462,1.10818,1.10842
2015-05-05 08:00:00,1.10843,1.11464,1.10656,1.11196
2015-05-05 12:00:00,1.11194,1.12089,1.11085,1.11729
2015-05-05 16:00:00,1.11728,1.12223,1.11724,1.11903
2015-05-05 20:00:00,1.11905,1.11914,1.11766,1.11787
2015-05-06 00:00:00,1.11791,1.12413,1.11738,1.1229
2015-05-06 04:00:00,1.12291,1.12699,1.12198,1.12447
2015-05-06 08:00:00,1.12449,1.12566,1.12011,1.1222
2015-05-06 12:00:00,1.1222,1.13673,1.12164,1.13446
2015-05-06 16:00:00,1.13442,1.13695,1.1316,1.13477
2015-05-06 20:00:00,1.13476,1.13486,1.13382,1.13382
2015-05-07 00:00:00,1.13382,1.13468,1.13245,1.1343
2015-05-07 04:00:00,1.13432,1.13816,1.13342,1.13656
2015-05-07 08:00:00,1.13655,1.13912,1.12944,1.12966
2015-05-07 12:00:00,1.12969,1.13131,1.12363,1.12817
2015-05-07 16:00:00,1.1282,1.12869,1.12528,1.1269
2015-05-07 20:00:00,1.12688,1.12742,1.12272,1.12433
2015-05-08 00:00:00,1.12433,1.12565,1.11971,1.12038
2015-05-08 04:00:00,1.12037,1.12284,1.11812,1.1215
2015-05-08 08:00:00,1.12151,1.12444,1.12093,1.12097
2015-05-08 12:00:00,1.12097,1.12852,1.1178,1.12395
2015-05-08 16:00:00,1.12396,1.12456,1.11958,1.12073
2015-05-08 20:00:00,1.12075,1.12105,1.11946,1.11977
2015-05-10 20:00:00,1.11942,1.12031,1.11804,1.11949
2015-05-11 00:00:00,1.11949,1.12018,1.11324,1.1143
2015-05-11 04:00:00,1.1143,1.11942,1.11344,1.1157
2015-05-11 08:00:00,1.11568,1.11763,1.11374,1.11411
2015-05-11 12:00:00,1.11413,1.11742,1.11298,1.11417
2015-05-11 16:00:00,1.11414,1.11689,1.11327,1.11508
2015-05-11 20:00:00,1.11508,1.11572,1.11381,1.11447
2015-05-12 00:00:00,1.11449,1.11662,1.11337,1.11549
2015-05-12 04:00:00,1.11549,1.12363,1.11543,1.12252
2015-05-12 08:00:00,1.12253,1.12783,1.12253,1.12355
2015-05-12 12:00:00,1.12352,1.1266,1.12216,1.12373
2015-05-12 16:00:00,1.12374,1.12567,1.12097,1.12145
2015-05-12 20:00:00,1.12142,1.12206,1.12048,1.12181
2015-05-13 00:00:00,1.12181,1.12448,1.12117,1.12388
2015-05-13 04:00:00,1.12386,1.12653,1.12232,1.12495
2015-05-13 08:00:00,1.12497,1.12562,1.12017,1.12309
2015-05-13 12:00:00,1.1231,1.13823,1.1218,1.13711
2015-05-13 16:00:00,1.13712,1.13779,1.13394,1.13423
2015-05-13 20:00:00,1.13424,1.13594,1.134,1.13462
2015-05-14 00:00:00,1.13459,1.13738,1.13398,1.13699
2015-05-14 04:00:00,1.13697,1.14301,1.13595,1.13895
2015-05-14 08:00:00,1.13897,1.14437,1.13779,1.14243
2015-05-14 12:00:00,1.14241,1.14297,1.13426,1.13669
2015-05-14 16:00:00,1.13671,1.14097,1.13617,1.14077
2015-05-14 20:00:00,1.14079,1.14138,1.13972,1.14015
2015-05-15 00:00:00,1.14015,1.14175,1.1392,1.14066
2015-05-15 04:00:00,1.14064,1.14203,1.13705,1.13845
2015-05-15 08:00:00,1.13844,1.13996,1.1327,1.1333
2015-05-15 12:00:00,1.13329,1.14499,1.13229,1.14275
2015-05-15 16:00:00,1.1427,1.14658,1.14113,1.1447
2015-05-15 20:00:00,1.14469,1.14494,1.14399,1.14439
2015-05-17 20:00:00,1.14452,1.14482,1.14363,1.14432
2015-05-18 00:00:00,1.14433,1.14436,1.14183,1.14303
2015-05-18 04:00:00,1.14302,1.14463,1.13793,1.139
2015-05-18 08:00:00,1.13902,1.14235,1.13657,1.14047
2015-05-18 12:00:00,1.14048,1.14065,1.13366,1.13535
2015-05-18 16:00:00,1.13532,1.13582,1.12977,1.13082
2015-05-18 20:00:00,1.13084,1.13254,1.13072,1.13234
2015-05-19 00:00:00,1.13236,1.13251,1.12844,1.13056
2015-05-19 04:00:00,1.13055,1.13202,1.11594,1.1182
2015-05-19 08:00:00,1.11817,1.12162,1.11661,1.11902
2015-05-19 12:00:00,1.11905,1.11916,1.11177,1.11499
2015-05-19 16:00:00,1.11496,1.11588,1.11308,1.11469
2015-05-19 20:00:00,1.11469,1.11511,1.11405,1.11419
2015-05-20 00:00:00,1.11416,1.11517,1.11213,1.11391
2015-05-20 04:00:00,1.11388,1.11456,1.10617,1.10995
2015-05-20 08:00:00,1.10993,1.11273,1.10887,1.11106
2015-05-20 12:00:00,1.11104,1.11444,1.10756,1.10798
2015-05-20 16:00:00,1.10797,1.1141,1.10691,1.1107
2015-05-20 20:00:00,1.11068,1.11091,1.10855,1.11006
2015-05-21 00:00:00,1.11008,1.11273,1.11005,1.11206
2015-05-21 04:00:00,1.11205,1.1158,1.10768,1.11338
2015-05-21 08:00:00,1.11333,1.11806,1.11323,1.11366
2015-05-21 12:00:00,1.11367,1.11468,1.11038,1.11252
2015-05-21 16:00:00,1.11249,1.11381,1.11122,1.11143
2015-05-21 20:00:00,1.11141,1.11177,1.1099,1.11083
2015-05-22 00:00:00,1.11086,1.11471,1.11073,1.11459
2015-05-22 04:00:00,1.11456,1.11695,1.11328,1.11558
2015-05-22 08:00:00,1.11547,1.12079,1.11495,1.11629
2015-05-22 12:00:00,1.1163,1.11749,1.10015,1.10322
2015-05-22 16:00:00,1.10323,1.10429,1.10023,1.10076
2015-05-22 20:00:00,1.10077,1.10185,1.10047,1.10071
2015-05-24 20:00:00,1.09994,1.10087,1.09625,1.09908
2015-05-25 00:00:00,1.09907,1.10007,1.09702,1.09866
2015-05-25 04:00:00,1.09865,1.1007,1.09662,1.0973
2015-05-25 08:00:00,1.0973,1.09853,1.09583,1.09763
2015-05-25 12:00:00,1.09761,1.09911,1.09672,1.097
2015-05-25 16:00:00,1.09699,1.09833,1.09676,1.09791
2015-05-25 20:00:00,1.09789,1.09803,1.09655,1.09677
2015-05-26 00:00:00,1.09679,1.097,1.09304,1.09423
2015-05-26 04:00:00,1.09421,1.0948,1.08845,1.08993
2015-05-26 08:00:00,1.08995,1.09329,1.08855,1.09329
2015-05-26 12:00:00,1.09327,1.09393,1.08721,1.08753
2015-05-26 16:00:00,1.08754,1.08958,1.08628,1.08729
2015-05-26 20:00:00,1.08727,1.08885,1.08689,1.08857
2015-05-27 00:00:00,1.08856,1.08888,1.08644,1.08806
2015-05-27 04:00:00,1.08808,1.09285,1.08749,1.09183
2015-05-27 08:00:00,1.09181,1.09242,1.08575,1.08612
2015-05-27 12:00:00,1.08611,1.09101,1.08183,1.08866
2015-05-27 16:00:00,1.08865,1.09068,1.08755,1.09004
2015-05-27 20:00:00,1.09004,1.09068,1.0894,1.0897
2015-05-28 00:00:00,1.08966,1.09196,1.08891,1.09062
2015-05-28 04:00:00,1.09058,1.09472,1.09012,1.09405
2015-05-28 08:00:00,1.09406,1.095,1.08798,1.08845
2015-05-28 12:00:00,1.08847,1.09242,1.08661,1.09124
2015-05-28 16:00:00,1.09123,1.09576,1.08843,1.09417
2015-05-28 20:00:00,1.09415,1.09731,1.09407,1.09621
2015-05-29 00:00:00,1.09623,1.09642,1.09505,1.09565
2015-05-29 04:00:00,1.09564,1.09665,1.09251,1.09609
2015-05-29 08:00:00,1.09614,1.09893,1.09516,1.09796
2015-05-29 12:00:00,1.09798,1.10057,1.09473,1.09929
2015-05-29 16:00:00,1.09929,1.09973,1.09722,1.09822
2015-05-29 20:00:00,1.09823,1.09927,1.0975,1.09878
2015-05-31 20:00:00,1.09767,1.09864,1.09516,1.09565
2015-06-01 00:00:00,1.09565,1.09623,1.09298,1.09495
2015-06-01 04:00:00,1.09493,1.09668,1.09036,1.0906
2015-06-01 08:00:00,1.09059,1.09454,1.08908,1.09318
2015-06-01 12:00:00,1.0932,1.09785,1.08864,1.09119
2015-06-01 16:00:00,1.09115,1.09421,1.09033,1.09205
2015-06-01 20:00:00,1.09203,1.09344,1.09141,1.09209
2015-06-02 00:00:00,1.09211,1.09341,1.09153,1.09269
2015-06-02 04:00:00,1.0927,1.09923,1.09175,1.09483
2015-06-02 08:00:00,1.09482,1.10554,1.09452,1.10299
2015-06-02 12:00:00,1.10299,1.11913,1.10219,1.11276
2015-06-02 16:00:00,1.11275,1.11878,1.11251,1.11428
2015-06-02 20:00:00,1.11428,1.11575,1.11413,1.11468
2015-06-03 00:00:00,1.11469,1.11749,1.11334,1.1156
2015-06-03 04:00:00,1.11557,1.11891,1.11219,1.11398
2015-06-03 08:00:00,1.11393,1.1163,1.11028,1.11164
2015-06-03 12:00:00,1.11163,1.12831,1.10784,1.12826
2015-06-03 16:00:00,1.12827,1.12848,1.1242,1.12735
2015-06-03 20:00:00,1.12737,1.12756,1.12532,1.12605
2015-06-04 00:00:00,1.12606,1.12744,1.12525,1.12691
2015-06-04 04:00:00,1.12688,1.12735,1.12297,1.12585
2015-06-04 08:00:00,1.12588,1.13791,1.12545,1.13274
2015-06-04 12:00:00,1.13273,1.13303,1.12381,1.12694
2015-06-04 16:00:00,1.12693,1.13175,1.12196,1.12381
2015-06-04 20:00:00,1.12382,1.12465,1.11788,1.12063
2015-06-05 00:00:00,1.1206,1.12216,1.11931,1.12096
2015-06-05 04:00:00,1.12095,1.12794,1.12095,1.12742
2015-06-05 08:00:00,1.1274,1.12774,1.12165,1.12281
2015-06-05 12:00:00,1.12281,1.12721,1.10484,1.1108
2015-06-05 16:00:00,1.1108,1.11357,1.10931,1.11104
2015-06-05 20:00:00,1.11106,1.11208,1.11092,1.11092
2015-06-07 20:00:00,1.10945,1.11102,1.10917,1.11014
2015-06-08 00:00:00,1.11009,1.11118,1.10838,1.11041
2015-06-08 04:00:00,1.11042,1.11777,1.10864,1.1166
2015-06-08 08:00:00,1.11659,1.11707,1.11139,1.11566
2015-06-08 12:00:00,1.11569,1.12435,1.11543,1.123
2015-06-08 16:00:00,1.12301,1.12938,1.12268,1.12857
2015-06-08 20:00:00,1.1286,1.13064,1.12775,1.12796
2015-06-09 00:00:00,1.12796,1.13295,1.12723,1.13156
2015-06-09 04:00:00,1.13158,1.13447,1.12549,1.12909
2015-06-09 08:00:00,1.12911,1.13102,1.12336,1.12391
2015-06-09 12:00:00,1.12394,1.12891,1.12134,1.12812
2015-06-09 16:00:00,1.12813,1.12901,1.12598,1.12748
2015-06-09 20:00:00,1.12748,1.1298,1.12707,1.12917
2015-06-10 00:00:00,1.12917,1.13067,1.12752,1.12811
2015-06-10 04:00:00,1.12812,1.13732,1.12753,1.13596
2015-06-10 08:00:00,1.13594,1.13856,1.12588,1.12849
2015-06-10 12:00:00,1.12851,1.13504,1.12724,1.13055
2015-06-10 16:00:00,1.13055,1.13288,1.12843,1.13279
2015-06-10 20:00:00,1.1328,1.13314,1.13057,1.13093
2015-06-11 00:00:00,1.13091,1.13111,1.12828,1.13005
2015-06-11 04:00:00,1.13006,1.13304,1.12494,1.12618
2015-06-11 08:00:00,1.12617,1.12836,1.12317,1.12331
2015-06-11 12:00:00,1.12332,1.12685,1.11802,1.12356
2015-06-11 16:00:00,1.12353,1.12742,1.12245,1.12693
2015-06-11 20:00:00,1.12694,1.1277,1.12345,1.12445
2015-06-12 00:00:00,1.12445,1.12663,1.12424,1.12568
2015-06-12 04:00:00,1.12569,1.12633,1.12146,1.12196
2015-06-12 08:00:00,1.12195,1.12291,1.11505,1.12043
2015-06-12 12:00:00,1.1204,1.12959,1.11964,1.12763
2015-06-12 16:00:00,1.12763,1.12884,1.12474,1.12534
2015-06-12 20:00:00,1.12535,1.12676,1.12505,1.12631
2015-06-14 20:00:00,1.12092,1.12301,1.12073,1.12234
2015-06-15 00:00:00,1.1223,1.12276,1.11942,1.12163
2015-06-15 04:00:00,1.12162,1.1248,1.11886,1.12336
2015-06-15 08:00:00,1.12336,1.12599,1.12034,1.12106
2015-06-15 12:00:00,1.12105,1.12681,1.12042,1.12646
2015-06-15 16:00:00,1.12644,1.12935,1.12475,1.12825
2015-06-15 20:00:00,1.12828,1.12856,1.12731,1.12746
2015-06-16 00:00:00,1.12743,1.12793,1.12616,1.12787
2015-06-16 04:00:00,1.12787,1.1329,1.12585,1.12907
2015-06-16 08:00:00,1.1291,1.13049,1.12303,1.12326
2015-06-16 12:00:00,1.12328,1.12543,1.12042,1.12361
2015-06-16 16:00:00,1.12362,1.12482,1.12266,1.12389
2015-06-16 20:00:00,1.12391,1.12516,1.12386,1.12409
2015-06-17 00:00:00,1.12409,1.12661,1.12379,1.12611
2015-06-17 04:00:00,1.12611,1.12773,1.12408,1.12691
2015-06-17 08:00:00,1.12692,1.12916,1.12463,1.12682
2015-06-17 12:00:00,1.12684,1.12838,1.12242,1.1243
2015-06-17 16:00:00,1.12432,1.13573,1.11973,1.13415
2015-06-17 20:00:00,1.13418,1.13694,1.13297,1.13618
2015-06-18 00:00:00,1.1362,1.1371,1.13497,1.13608
2015-06-18 04:00:00,1.13611,1.13796,1.13377,1.13788
2015-06-18 08:00:00,1.13788,1.14196,1.13681,1.14036
2015-06-18 12:00:00,1.14039,1.1425,1.13816,1.14022
2015-06-18 16:00:00,1.14021,1.14351,1.13376,1.13749
2015-06-18 20:00:00,1.13749,1.13937,1.13577,1.13707
2015-06-19 00:00:00,1.13709,1.13867,1.13657,1.13716
2015-06-19 04:00:00,1.13717,1.13725,1.13047,1.13166
2015-06-19 08:00:00,1.13162,1.1326,1.12914,1.13055
2015-06-19 12:00:00,1.13055,1.13514,1.12958,1.13334
2015-06-19 16:00:00,1.13337,1.13655,1.13301,1.1345
2015-06-19 20:00:00,1.13453,1.13524,1.134,1.13469
2015-06-21 20:00:00,1.13745,1.1376,1.13567,1.13604
2015-06-22 00:00:00,1.136,1.13847,1.13577,1.13818
2015-06-22 04:00:00,1.13819,1.14029,1.13205,1.13212
2015-06-22 08:00:00,1.13212,1.13652,1.13111,1.13415
2015-06-22 12:00:00,1.13414,1.14096,1.13383,1.138
2015-06-22 16:00:00,1.13798,1.13798,1.13204,1.13351
2015-06-22 20:00:00,1.1335,1.13466,1.1328,1.13446
2015-06-23 00:00:00,1.13449,1.13454,1.12539,1.12639
2015-06-23 04:00:00,1.12636,1.12826,1.1239,1.12587
2015-06-23 08:00:00,1.12587,1.12667,1.11992,1.12021
2015-06-23 12:00:00,1.1202,1.12071,1.11342,1.11881
2015-06-23 16:00:00,1.11881,1.11883,1.11519,1.11646
2015-06-23 20:00:00,1.11647,1.11786,1.11533,1.11739
2015-06-24 00:00:00,1.11736,1.11872,1.11586,1.11852
2015-06-24 04:00:00,1.11853,1.12243,1.11686,1.12204
2015-06-24 08:00:00,1.12205,1.12342,1.11783,1.12151
2015-06-24 12:00:00,1.12152,1.12198,1.11681,1.11764
2015-06-24 16:00:00,1.11765,1.1218,1.1169,1.11951
2015-06-24 20:00:00,1.11953,1.12095,1.11935,1.12049
2015-06-25 00:00:00,1.12049,1.12193,1.11954,1.12141
2015-06-25 04:00:00,1.1214,1.12273,1.11817,1.1204
2015-06-25 08:00:00,1.12042,1.1223,1.11531,1.1204
2015-06-25 12:00:00,1.1204,1.12166,1.11783,1.11936
2015-06-25 16:00:00,1.11938,1.12132,1.11918,1.12044
2015-06-25 20:00:00,1.12046,1.12063,1.1196,1.12019
2015-06-26 00:00:00,1.12021,1.12029,1.11783,1.11871
2015-06-26 04:00:00,1.11869,1.12116,1.11819,1.12038
2015-06-26 08:00:00,1.12033,1.12193,1.11898,1.11979
2015-06-26 12:00:00,1.11975,1.12068,1.11289,1.11543
2015-06-26 16:00:00,1.11544,1.11699,1.1133,1.11689
2015-06-26 20:00:00,1.11687,1.11757,1.11564,1.11657
2015-06-28 20:00:00,1.09975,1.10145,1.0953,1.09736
2015-06-29 00:00:00,1.09739,1.10316,1.09739,1.10142
2015-06-29 04:00:00,1.10141,1.111,1.09845,1.10699
2015-06-29 08:00:00,1.10697,1.11397,1.10563,1.11074
2015-06-29 12:00:00,1.11073,1.12038,1.11021,1.11783
2015-06-29 16:00:00,1.11779,1.1277,1.11735,1.12431
2015-06-29 20:00:00,1.12429,1.12524,1.12103,1.12176
2015-06-30 00:00:00,1.12176,1.12183,1.1181,1.11896
2015-06-30 04:00:00,1.11895,1.1201,1.11542,1.11671
2015-06-30 08:00:00,1.11672,1.12058,1.1133,1.11644
2015-06-30 12:00:00,1.11646,1.12432,1.1111,1.1151
2015-06-30 16:00:00,1.11512,1.1162,1.11368,1.11485
2015-06-30 20:00:00,1.11484,1.11489,1.11256,1.11329
2015-07-01 00:00:00,1.11254,1.11423,1.11254,1.11392
2015-07-01 04:00:00,1.11391,1.11413,1.10994,1.11117
2015-07-01 08:00:00,1.11112,1.11699,1.10943,1.11029
2015-07-01 12:00:00,1.11029,1.11091,1.1058,1.10813
2015-07-01 16:00:00,1.10815,1.10828,1.10419,1.10516
2015-07-01 20:00:00,1.10517,1.10591,1.10316,1.1036
2015-07-02 00:00:00,1.10362,1.10766,1.10358,1.10701
2015-07-02 04:00:00,1.10698,1.10866,1.10478,1.10587
2015-07-02 08:00:00,1.10585,1.10846,1.10473,1.10741
2015-07-02 12:00:00,1.10743,1.11201,1.10449,1.10892
2015-07-02 16:00:00,1.10891,1.10978,1.10751,1.10831
2015-07-02 20:00:00,1.10831,1.10915,1.10785,1.10851
2015-07-03 00:00:00,1.10849,1.10984,1.10811,1.10928
2015-07-03 04:00:00,1.10925,1.11129,1.10888,1.11007
2015-07-03 08:00:00,1.11007,1.11171,1.10929,1.10969
2015-07-03 12:00:00,1.10967,1.11075,1.10782,1.10954
2015-07-03 16:00:00,1.10952,1.11083,1.10643,1.11048
2015-07-03 20:00:00,1.11042,1.11107,1.10813,1.11063
2015-07-05 20:00:00,1.09819,1.10381,1.09678,1.0994
2015-07-06 00:00:00,1.0994,1.10558,1.09929,1.10357
2015-07-06 04:00:00,1.10359,1.10871,1.10104,1.10808
2015-07-06 08:00:00,1.10807,1.10945,1.10072,1.10118
2015-07-06 12:00:00,1.10115,1.1084,1.10009,1.10744
2015-07-06 16:00:00,1.10742,1.10907,1.10397,1.10529
2015-07-06 20:00:00,1.10531,1.10598,1.10459,1.10467
2015-07-07 00:00:00,1.10467,1.10509,1.10252,1.10319
2015-07-07 04:00:00,1.1032,1.10439,1.0998,1.10061
2015-07-07 08:00:00,1.10059,1.10074,1.09446,1.09537
2015-07-07 12:00:00,1.09538,1.096,1.09157,1.09509
2015-07-07 16:00:00,1.09508,1.10508,1.09338,1.10166
2015-07-07 20:00:00,1.10165,1.10227,1.09853,1.10068
2015-07-08 00:00:00,1.1007,1.1007,1.09734,1.09903
2015-07-08 04:00:00,1.09904,1.10572,1.09904,1.10466
2015-07-08 08:00:00,1.10467,1.10596,1.10054,1.10258
2015-07-08 12:00:00,1.10259,1.10922,1.10209,1.10711
2015-07-08 16:00:00,1.10711,1.10852,1.104,1.10696
2015-07-08 20:00:00,1.10695,1.10786,1.10665,1.10704
2015-07-09 00:00:00,1.10701,1.10797,1.10623,1.10761
2015-07-09 04:00:00,1.10762,1.11236,1.10347,1.1035
2015-07-09 08:00:00,1.1035,1.10619,1.10232,1.10588
2015-07-09 12:00:00,1.10584,1.10682,1.10174,1.10234
2015-07-09 16:00:00,1.10235,1.10315,1.09909,1.10238
2015-07-09 20:00:00,1.10236,1.10819,1.10209,1.106
2015-07-10 00:00:00,1.10598,1.10987,1.10541,1.10973
2015-07-10 04:00:00,1.10971,1.11322,1.10775,1.1113
2015-07-10 08:00:00,1.1113,1.12151,1.1096,1.11841
2015-07-10 12:00:00,1.11842,1.1207,1.11354,1.11485
2015-07-10 16:00:00,1.11485,1.11691,1.11192,1.11443
2015-07-10 20:00:00,1.11442,1.1157,1.11416,1.11477
2015-07-12 20:00:00,1.10897,1.11435,1.10896,1.11286
2015-07-13 00:00:00,1.11285,1.1151,1.11094,1.11326
2015-07-13 04:00:00,1.11325,1.11961,1.1082,1.10977
2015-07-13 08:00:00,1.10975,1.10989,1.1053,1.1065
2015-07-13 12:00:00,1.10653,1.10691,1.10058,1.10187
2015-07-13 16:00:00,1.10189,1.10317,1.09947,1.09965
2015-07-13 20:00:00,1.09971,1.10096,1.09804,1.0982
2015-07-14 00:00:00,1.09822,1.10121,1.09727,1.10098
2015-07-14 04:00:00,1.10096,1.10123,1.09644,1.09919
2015-07-14 08:00:00,1.09921,1.10428,1.09921,1.1026
2015-07-14 12:00:00,1.1026,1.10772,1.09926,1.10147
2015-07-14 16:00:00,1.10144,1.10153,1.10004,1.10041
2015-07-14 20:00:00,1.10039,1.10162,1.10012,1.1006
2015-07-15 00:00:00,1.10059,1.10062,1.09904,1.10049
2015-07-15 04:00:00,1.10048,1.10258,1.09855,1.10146
2015-07-15 08:00:00,1.10147,1.10351,1.09973,1.10046
2015-07-15 12:00:00,1.10042,1.10156,1.0933,1.09629
2015-07-15 16:00:00,1.09632,1.09715,1.09291,1.09526
2015-07-15 20:00:00,1.09524,1.0962,1.0934,1.09368
2015-07-16 00:00:00,1.09369,1.09421,1.09116,1.09333
2015-07-16 04:00:00,1.09332,1.0948,1.08952,1.08982
2015-07-16 08:00:00,1.0898,1.09183,1.08763,1.08768
2015-07-16 12:00:00,1.08766,1.09257,1.0855,1.08963
2015-07-16 16:00:00,1.08966,1.0898,1.08725,1.08766
2015-07-16 20:00:00,1.08767,1.08841,1.08721,1.08829
2015-07-17 00:00:00,1.08828,1.0903,1.08748,1.08993
2015-07-17 04:00:00,1.08993,1.09063,1.08778,1.08869
2015-07-17 08:00:00,1.0887,1.08992,1.08697,1.08936
2015-07-17 12:00:00,1.08933,1.08945,1.08426,1.08466
2015-07-17 16:00:00,1.08465,1.08568,1.08402,1.08437
2015-07-17 20:00:00,1.08436,1.0844,1.08268,1.08278
2015-07-19 20:00:00,1.08279,1.0843,1.08255,1.08292
2015-07-20 00:00:00,1.08288,1.08351,1.08198,1.0821
2015-07-20 04:00:00,1.08208,1.08639,1.08208,1.08617
2015-07-20 08:00:00,1.08614,1.08626,1.08248,1.08461
2015-07-20 12:00:00,1.08461,1.08696,1.08304,1.08488
2015-07-20 16:00:00,1.08491,1.08563,1.08252,1.0834
2015-07-20 20:00:00,1.08341,1.08342,1.08074,1.08329
2015-07-21 00:00:00,1.08331,1.08339,1.08167,1.0826
2015-07-21 04:00:00,1.08261,1.08341,1.0811,1.08267
2015-07-21 08:00:00,1.08266,1.08784,1.08261,1.0872
2015-07-21 12:00:00,1.0872,1.09419,1.08557,1.09259
2015-07-21 16:00:00,1.0926,1.09681,1.09256,1.09345
2015-07-21 20:00:00,1.09346,1.0945,1.09322,1.09358
2015-07-22 00:00:00,1.09354,1.09597,1.09231,1.09338
2015-07-22 04:00:00,1.09336,1.09663,1.0924,1.09473
2015-07-22 08:00:00,1.09471,1.09508,1.09148,1.09165
2015-07-22 12:00:00,1.09165,1.09176,1.088,1.08832
2015-07-22 16:00:00,1.08832,1.09164,1.08688,1.09158
2015-07-22 20:00:00,1.09161,1.09315,1.09145,1.09235
2015-07-23 00:00:00,1.09235,1.09553,1.0921,1.09444
2015-07-23 04:00:00,1.09446,1.10022,1.09225,1.09844
2015-07-23 08:00:00,1.09846,1.10044,1.09692,1.10003
2015-07-23 12:00:00,1.10006,1.10173,1.09505,1.09737
2015-07-23 16:00:00,1.09737,1.10152,1.09703,1.09942
2015-07-23 20:00:00,1.09939,1.09966,1.098,1.09864
2015-07-24 00:00:00,1.09861,1.09928,1.09647,1.09728
2015-07-24 04:00:00,1.0973,1.09952,1.09355,1.09415
2015-07-24 08:00:00,1.09411,1.09589,1.09247,1.09332
2015-07-24 12:00:00,1.09331,1.0992,1.09286,1.09753
2015-07-24 16:00:00,1.09751,1.09839,1.09665,1.09773
2015-07-24 20:00:00,1.09772,1.098,1.09707,1.0975
2015-07-26 20:00:00,1.09794,1.09819,1.0968,1.09716
2015-07-27 00:00:00,1.09714,1.10138,1.09701,1.10037
2015-07-27 04:00:00,1.10036,1.10888,1.09976,1.10854
2015-07-27 08:00:00,1.10857,1.11115,1.10557,1.10659
2015-07-27 12:00:00,1.1066,1.11279,1.10452,1.11114
2015-07-27 16:00:00,1.11116,1.11226,1.10897,1.1094
2015-07-27 20:00:00,1.10942,1.10949,1.10838,1.10878
2015-07-28 00:00:00,1.10875,1.1099,1.10718,1.10739
2015-07-28 04:00:00,1.10739,1.10844,1.10513,1.106
2015-07-28 08:00:00,1.10602,1.10729,1.10213,1.10298
2015-07-28 12:00:00,1.10297,1.10627,1.10228,1.10535
2015-07-28 16:00:00,1.10537,1.10606,1.10414,1.10595
2015-07-28 20:00:00,1.10596,1.10664,1.1055,1.10643
2015-07-29 00:00:00,1.10644,1.10833,1.10631,1.10794
2015-07-29 04:00:00,1.10793,1.10793,1.10291,1.10426
2015-07-29 08:00:00,1.10427,1.10718,1.10317,1.10334
2015-07-29 12:00:00,1.10335,1.10572,1.10101,1.10231
2015-07-29 16:00:00,1.10233,1.10777,1.09663,1.09817
2015-07-29 20:00:00,1.09818,1.09907,1.09746,1.09806
2015-07-30 00:00:00,1.09808,1.09816,1.09586,1.09713
2015-07-30 04:00:00,1.09709,1.09781,1.09412,1.09609
2015-07-30 08:00:00,1.09611,1.09843,1.09509,1.09547
2015-07-30 12:00:00,1.09544,1.09613,1.09094,1.09139
2015-07-30 16:00:00,1.0914,1.09343,1.08925,1.09328
2015-07-30 20:00:00,1.09329,1.09408,1.09265,1.09398
2015-07-31 00:00:00,1.09396,1.0948,1.09337,1.0946
2015-07-31 04:00:00,1.09459,1.09667,1.09205,1.09334
2015-07-31 08:00:00,1.09333,1.09882,1.09308,1.09632
2015-07-31 12:00:00,1.09634,1.11129,1.09622,1.10271
2015-07-31 16:00:00,1.10268,1.10435,1.09638,1.09818
2015-07-31 20:00:00,1.0982,1.09895,1.09761,1.09829
2015-08-02 20:00:00,1.09695,1.0981,1.09641,1.09669
2015-08-03 00:00:00,1.09672,1.09881,1.09646,1.09825
2015-08-03 04:00:00,1.09827,1.09953,1.09657,1.09688
2015-08-03 08:00:00,1.09687,1.098,1.09424,1.09443
2015-08-03 12:00:00,1.09442,1.0988,1.09405,1.09604
2015-08-03 16:00:00,1.09606,1.09635,1.09427,1.09547
2015-08-03 20:00:00,1.09544,1.0956,1.09483,1.09499
2015-08-04 00:00:00,1.09501,1.09531,1.09314,1.09406
2015-08-04 04:00:00,1.09405,1.09742,1.09364,1.09727
2015-08-04 08:00:00,1.09726,1.09871,1.09578,1.09801
2015-08-04 12:00:00,1.09801,1.0981,1.09456,1.09526
2015-08-04 16:00:00,1.09523,1.09627,1.08816,1.08887
2015-08-04 20:00:00,1.08887,1.08936,1.08782,1.08845
2015-08-05 00:00:00,1.08845,1.08846,1.0847,1.08621
2015-08-05 04:00:00,1.08622,1.08766,1.08511,1.08631
2015-08-05 08:00:00,1.08633,1.08839,1.08473,1.08804
2015-08-05 12:00:00,1.08807,1.09282,1.08491,1.08671
2015-08-05 16:00:00,1.0867,1.09101,1.08639,1.09038
2015-08-05 20:00:00,1.09039,1.09058,1.08967,1.09026
2015-08-06 00:00:00,1.09024,1.09281,1.09002,1.09093
2015-08-06 04:00:00,1.09095,1.09414,1.08859,1.08896
2015-08-06 08:00:00,1.08892,1.09188,1.08837,1.08931
2015-08-06 12:00:00,1.08932,1.09231,1.08723,1.09205
2015-08-06 16:00:00,1.09206,1.09349,1.09128,1.09294
2015-08-06 20:00:00,1.09296,1.09305,1.09182,1.09217
2015-08-07 00:00:00,1.09217,1.09302,1.09096,1.09132
2015-08-07 04:00:00,1.09131,1.09488,1.09064,1.09396
2015-08-07 08:00:00,1.09397,1.09423,1.09135,1.09329
2015-08-07 12:00:00,1.09332,1.09708,1.08544,1.09556
2015-08-07 16:00:00,1.09558,1.09776,1.09558,1.0958
2015-08-07 20:00:00,1.09579,1.09661,1.0955,1.09632
2015-08-09 20:00:00,1.09621,1.09668,1.09553,1.09575
2015-08-10 00:00:00,1.09574,1.09732,1.09495,1.09652
2015-08-10 04:00:00,1.09653,1.09807,1.09564,1.09587
2015-08-10 08:00:00,1.09587,1.09751,1.09248,1.096
2015-08-10 12:00:00,1.09602,1.09938,1.09378,1.0993
2015-08-10 16:00:00,1.09927,1.10409,1.09882,1.10172
2015-08-10 20:00:00,1.10173,1.10224,1.10129,1.10148
2015-08-11 00:00:00,1.10148,1.10316,1.09683,1.09795
2015-08-11 04:00:00,1.09796,1.10407,1.09597,1.10364
2015-08-11 08:00:00,1.10367,1.10484,1.10182,1.10412
2015-08-11 12:00:00,1.10411,1.10878,1.10309,1.10401
2015-08-11 16:00:00,1.10402,1.10522,1.10098,1.1043
2015-08-11 20:00:00,1.10433,1.10452,1.10364,1.10411
2015-08-12 00:00:00,1.10412,1.1064,1.10234,1.10587
2015-08-12 04:00:00,1.10588,1.112,1.10561,1.11145
2015-08-12 08:00:00,1.11145,1.1157,1.11145,1.11462
2015-08-12 12:00:00,1.11461,1.12128,1.11406,1.11979
2015-08-12 16:00:00,1.11977,1.12052,1.11576,1.11735
2015-08-12 20:00:00,1.11737,1.11742,1.11516,1.11543
2015-08-13 00:00:00,1.11542,1.11883,1.11309,1.11424
2015-08-13 04:00:00,1.11422,1.11521,1.11064,1.11122
2015-08-13 08:00:00,1.11125,1.11244,1.10989,1.11156
2015-08-13 12:00:00,1.11154,1.11496,1.10795,1.11446
2015-08-13 16:00:00,1.11445,1.11539,1.11276,1.11521
2015-08-13 20:00:00,1.11518,1.11653,1.11479,1.11576
2015-08-14 00:00:00,1.11578,1.11605,1.11367,1.11524
2015-08-14 04:00:00,1.11522,1.11707,1.11231,1.11282
2015-08-14 08:00:00,1.1128,1.11881,1.1125,1.11699
2015-08-14 12:00:00,1.117,1.11749,1.10971,1.11089
2015-08-14 16:00:00,1.11085,1.11385,1.11009,1.11076
2015-08-14 20:00:00,1.11074,1.1114,1.11057,1.11057
2015-08-16 20:00:00,1.11139,1.11167,1.10906,1.10931
2015-08-17 00:00:00,1.1093,1.11009,1.10861,1.10888
2015-08-17 04:00:00,1.1089,1.11116,1.10617,1.10782
2015-08-17 08:00:00,1.10781,1.11182,1.10707,1.10956
2015-08-17 12:00:00,1.10958,1.11243,1.10579,1.10748
2015-08-17 16:00:00,1.1075,1.10848,1.10694,1.10806
2015-08-17 20:00:00,1.10809,1.10818,1.10728,1.10749
2015-08-18 00:00:00,1.10748,1.10812,1.10709,1.10763
2015-08-18 04:00:00,1.10762,1.10901,1.10508,1.10887
2015-08-18 08:00:00,1.10884,1.10934,1.10548,1.10597
2015-08-18 12:00:00,1.10596,1.10646,1.10164,1.10262
2015-08-18 16:00:00,1.10262,1.10349,1.10164,1.10309
2015-08-18 20:00:00,1.10311,1.10332,1.10177,1.10291
2015-08-19 00:00:00,1.1029,1.10518,1.10271,1.10436
2015-08-19 04:00:00,1.10439,1.10723,1.10421,1.10571
2015-08-19 08:00:00,1.10572,1.10672,1.10296,1.10387
2015-08-19 12:00:00,1.10383,1.10703,1.10168,1.10599
2015-08-19 16:00:00,1.10598,1.11334,1.10343,1.11267
2015-08-19 20:00:00,1.11264,1.11313,1.1114,1.11177
2015-08-20 00:00:00,1.11178,1.11476,1.11172,1.11336
2015-08-20 04:00:00,1.11337,1.11385,1.11066,1.11223
2015-08-20 08:00:00,1.11224,1.11784,1.11092,1.11772
2015-08-20 12:00:00,1.1177,1.12201,1.11505,1.11986
2015-08-20 16:00:00,1.11986,1.12122,1.11812,1.11971
2015-08-21 04:00:00,1.12737,1.12944,1.1243,1.12508
2015-08-21 08:00:00,1.12507,1.12936,1.12401,1.12723
2015-08-21 12:00:00,1.12721,1.13695,1.12712,1.1356
2015-08-21 16:00:00,1.13557,1.13756,1.13471,1.13658
2015-08-21 20:00:00,1.13659,1.1387,1.13634,1.13832
2015-08-23 20:00:00,1.13733,1.13946,1.13689,1.13754
2015-08-24 00:00:00,1.13753,1.14977,1.13686,1.14543
2015-08-24 04:00:00,1.14544,1.14951,1.14192,1.14835
2015-08-24 08:00:00,1.14836,1.15407,1.1456,1.15044
2015-08-24 12:00:00,1.15042,1.17111,1.14918,1.15775
2015-08-24 16:00:00,1.15774,1.16009,1.15175,1.15994
2015-08-24 20:00:00,1.15997,1.16209,1.15714,1.15796
2015-08-25 00:00:00,1.15795,1.15839,1.15247,1.15405
2015-08-25 04:00:00,1.15406,1.15771,1.15239,1.15263
2015-08-25 08:00:00,1.15262,1.1563,1.1455,1.15017
2015-08-25 12:00:00,1.15014,1.15179,1.13951,1.1409
2015-08-25 16:00:00,1.14089,1.1498,1.14042,1.14912
2015-08-25 20:00:00,1.14908,1.15585,1.14848,1.15525
2015-08-26 00:00:00,1.15525,1.15604,1.15026,1.15216
2015-08-26 04:00:00,1.15213,1.15225,1.14643,1.15122
2015-08-26 08:00:00,1.1512,1.1512,1.14057,1.14081
2015-08-26 12:00:00,1.14079,1.14367,1.13515,1.13877
2015-08-26 16:00:00,1.1388,1.13993,1.13214,1.13351
2015-08-26 20:00:00,1.13352,1.13406,1.12906,1.13379
2015-08-27 00:00:00,1.1338,1.13517,1.13209,1.13455
2015-08-27 04:00:00,1.13454,1.13634,1.12992,1.13077
2015-08-27 08:00:00,1.13079,1.13155,1.12746,1.13049
2015-08-27 12:00:00,1.13048,1.13072,1.12074,1.12362
2015-08-27 16:00:00,1.12364,1.12779,1.12023,1.12422
2015-08-27 20:00:00,1.12423,1.12544,1.1235,1.12425
2015-08-28 00:00:00,1.12424,1.12647,1.12313,1.12636
2015-08-28 04:00:00,1.12634,1.13042,1.12505,1.12963
2015-08-28 08:00:00,1.12964,1.13092,1.12548,1.12664
2015-08-28 12:00:00,1.12664,1.12769,1.11549,1.11704
2015-08-28 16:00:00,1.11706,1.12186,1.1158,1.11868
2015-08-28 20:00:00,1.11866,1.11913,1.11783,1.1181
2015-08-30 20:00:00,1.11695,1.12146,1.11629,1.12107
2015-08-31 00:00:00,1.12108,1.12482,1.12034,1.12467
2015-08-31 04:00:00,1.12469,1.12614,1.12057,1.12159
2015-08-31 08:00:00,1.12157,1.12254,1.1196,1.12085
2015-08-31 12:00:00,1.12087,1.1243,1.11796,1.11931
2015-08-31 16:00:00,1.11932,1.12393,1.11899,1.12174
2015-08-31 20:00:00,1.12174,1.12286,1.12069,1.12234
2015-09-01 00:00:00,1.12235,1.12764,1.12227,1.12688
2015-09-01 04:00:00,1.12686,1.13316,1.12593,1.13184
2015-09-01 08:00:00,1.13186,1.13248,1.12427,1.12491
2015-09-01 12:00:00,1.1249,1.12806,1.12326,1.1263
2015-09-01 16:00:00,1.12629,1.13126,1.12566,1.12989
2015-09-01 20:00:00,1.12991,1.13187,1.12908,1.12948
2015-09-02 00:00:00,1.12945,1.12996,1.126,1.12748
2015-09-02 04:00:00,1.12746,1.12911,1.12416,1.12577
2015-09-02 08:00:00,1.12574,1.12937,1.12528,1.12644
2015-09-02 12:00:00,1.12644,1.12687,1.12215,1.12393
2015-09-02 16:00:00,1.12392,1.12494,1.12158,1.12269
2015-09-02 20:00:00,1.12267,1.12356,1.12102,1.12112
2015-09-03 00:00:00,1.12113,1.12237,1.12047,1.12221
2015-09-03 04:00:00,1.12221,1.12396,1.12131,1.12338
2015-09-03 08:00:00,1.12344,1.12429,1.12144,1.12314
2015-09-03 12:00:00,1.12315,1.12366,1.10867,1.11017
2015-09-03 16:00:00,1.11018,1.11392,1.10989,1.1124
2015-09-03 20:00:00,1.11238,1.11332,1.11149,1.11232
2015-09-04 00:00:00,1.11231,1.11338,1.11189,1.11235
2015-09-04 04:00:00,1.11237,1.11445,1.11214,1.11441
2015-09-04 08:00:00,1.11441,1.11609,1.11283,1.11461
2015-09-04 12:00:00,1.11463,1.11844,1.10878,1.11159
2015-09-04 16:00:00,1.11161,1.11754,1.11158,1.11435
2015-09-04 20:00:00,1.11432,1.11545,1.11378,1.11415
2015-09-06 20:00:00,1.11605,1.11621,1.11415,1.11533
2015-09-07 00:00:00,1.11529,1.11737,1.11414,1.1145
2015-09-07 04:00:00,1.11452,1.11587,1.11206,1.11557
2015-09-07 08:00:00,1.11558,1.11771,1.1142,1.11448
2015-09-07 12:00:00,1.11446,1.11711,1.11379,1.11644
2015-09-07 16:00:00,1.11644,1.11723,1.11631,1.11633
2015-09-07 20:00:00,1.11633,1.11732,1.11581,1.11588
2015-09-08 00:00:00,1.11588,1.12074,1.11519,1.12038
2015-09-08 04:00:00,1.12038,1.12289,1.11703,1.11783
2015-09-08 08:00:00,1.11785,1.11888,1.11519,1.11602
2015-09-08 12:00:00,1.11601,1.11966,1.11565,1.11798
2015-09-08 16:00:00,1.11797,1.12131,1.1166,1.11993
2015-09-08 20:00:00,1.11993,1.12155,1.11988,1.12056
2015-09-09 00:00:00,1.12058,1.12067,1.11719,1.11739
2015-09-09 04:00:00,1.11737,1.11888,1.1146,1.1178
2015-09-09 08:00:00,1.11782,1.12067,1.11353,1.11377
2015-09-09 12:00:00,1.11378,1.11801,1.11309,1.1164
2015-09-09 16:00:00,1.11639,1.12074,1.11463,1.12059
2015-09-09 20:00:00,1.12057,1.12237,1.11993,1.12176
2015-09-10 00:00:00,1.12176,1.12442,1.12024,1.12077
2015-09-10 04:00:00,1.12077,1.1231,1.11814,1.11921
2015-09-10 08:00:00,1.11923,1.12068,1.11709,1.11975
2015-09-10 12:00:00,1.11978,1.12788,1.11822,1.12624
2015-09-10 16:00:00,1.12621,1.12941,1.12546,1.12793
2015-09-10 20:00:00,1.12791,1.1301,1.12684,1.12813
2015-09-11 00:00:00,1.12813,1.12844,1.12734,1.12813
2015-09-11 04:00:00,1.12815,1.13094,1.12744,1.12849
2015-09-11 08:00:00,1.1285,1.13033,1.12535,1.12635
2015-09-11 12:00:00,1.12636,1.13437,1.12596,1.13356
2015-09-11 16:00:00,1.13354,1.13489,1.1329,1.13414
2015-09-11 20:00:00,1.13414,1.13415,1.13268,1.13338
2015-09-13 20:00:00,1.13302,1.13584,1.13243,1.13417
2015-09-14 00:00:00,1.13415,1.13525,1.13394,1.13515
2015-09-14 04:00:00,1.13516,1.13724,1.13287,1.13366
2015-09-14 08:00:00,1.13367,1.1346,1.13106,1.13226
2015-09-14 12:00:00,1.13227,1.13231,1.12826,1.13057
2015-09-14 16:00:00,1.13056,1.13237,1.13034,1.13228
2015-09-14 20:00:00,1.13232,1.13237,1.13045,1.13075
2015-09-15 00:00:00,1.13075,1.1328,1.13001,1.13199
2015-09-15 04:00:00,1.13198,1.13236,1.12832,1.13068
2015-09-15 08:00:00,1.13067,1.13206,1.1296,1.13188
2015-09-15 12:00:00,1.13187,1.13282,1.12577,1.12593
2015-09-15 16:00:00,1.1259,1.1286,1.12586,1.12679
2015-09-15 20:00:00,1.12678,1.12749,1.12621,1.12695
2015-09-16 00:00:00,1.12698,1.12979,1.12696,1.12907
2015-09-16 04:00:00,1.12907,1.1295,1.1246,1.12644
2015-09-16 08:00:00,1.12646,1.1269,1.12132,1.12242
2015-09-16 12:00:00,1.1224,1.13123,1.12187,1.13026
2015-09-16 16:00:00,1.13026,1.13197,1.1274,1.12856
2015-09-16 20:00:00,1.12859,1.12932,1.12817,1.129
2015-09-17 00:00:00,1.12899,1.13173,1.12892,1.12991
2015-09-17 04:00:00,1.12992,1.13246,1.12834,1.13223
2015-09-17 08:00:00,1.13221,1.13372,1.13104,1.13162
2015-09-17 12:00:00,1.13164,1.13282,1.13008,1.13097
2015-09-17 16:00:00,1.13098,1.14405,1.12936,1.14381
2015-09-17 20:00:00,1.14381,1.14382,1.13891,1.14017
2015-09-18 00:00:00,1.14015,1.1418,1.13908,1.13952
2015-09-18 04:00:00,1.13955,1.14335,1.13932,1.14315
2015-09-18 08:00:00,1.14317,1.14596,1.142,1.14305
2015-09-18 12:00:00,1.14303,1.14304,1.13499,1.13571
2015-09-18 16:00:00,1.13572,1.13779,1.12682,1.12813
2015-09-18 20:00:00,1.12809,1.13034,1.12801,1.12949
2015-09-20 20:00:00,1.12805,1.12962,1.1276,1.12902
2015-09-21 00:00:00,1.12899,1.1319,1.12837,1.13189
2015-09-21 04:00:00,1.13187,1.13221,1.12879,1.132
2015-09-21 08:00:00,1.13201,1.13294,1.12505,1.12515
2015-09-21 12:00:00,1.12518,1.12547,1.11798,1.12033
2015-09-21 16:00:00,1.12035,1.12162,1.11873,1.11937
2015-09-21 20:00:00,1.11935,1.11961,1.1182,1.11877
2015-09-22 00:00:00,1.11876,1.12055,1.11862,1.12012
2015-09-22 04:00:00,1.12013,1.12026,1.11544,1.11761
2015-09-22 08:00:00,1.11763,1.12071,1.11543,1.11592
2015-09-22 12:00:00,1.11591,1.1169,1.11288,1.11313
2015-09-22 16:00:00,1.11314,1.11397,1.11125,1.11324
2015-09-22 20:00:00,1.11327,1.11332,1.11153,1.11194
2015-09-23 00:00:00,1.11192,1.11393,1.11046,1.11338
2015-09-23 04:00:00,1.11341,1.11539,1.11101,1.11181
2015-09-23 08:00:00,1.11183,1.11749,1.11067,1.11618
2015-09-23 12:00:00,1.11619,1.11899,1.11143,1.11596
2015-09-23 16:00:00,1.11595,1.12126,1.1158,1.11816
2015-09-23 20:00:00,1.11817,1.11898,1.1175,1.11867
2015-09-24 00:00:00,1.11865,1.11921,1.11635,1.11887
2015-09-24 04:00:00,1.11885,1.12186,1.11778,1.12103
2015-09-24 08:00:00,1.12102,1.12563,1.11833,1.12506
2015-09-24 12:00:00,1.12506,1.12953,1.12356,1.12518
2015-09-24 16:00:00,1.1252,1.12579,1.12152,1.12232
2015-09-24 20:00:00,1.12234,1.12321,1.11584,1.11793
2015-09-25 00:00:00,1.11793,1.11855,1.11642,1.11688
2015-09-25 04:00:00,1.11685,1.11762,1.11262,1.11264
2015-09-25 08:00:00,1.11262,1.1177,1.11155,1.1163
2015-09-25 12:00:00,1.11628,1.12067,1.11243,1.11901
2015-09-25 16:00:00,1.119,1.12122,1.11693,1.12037
2015-09-25 20:00:00,1.12035,1.12078,1.11874,1.11914
2015-09-27 20:00:00,1.11815,1.12,1.11813,1.11987
2015-09-28 00:00:00,1.11984,1.12137,1.11831,1.11895
2015-09-28 04:00:00,1.11893,1.11919,1.11638,1.11899
2015-09-28 08:00:00,1.119,1.12024,1.1165,1.11745
2015-09-28 12:00:00,1.11744,1.12427,1.11457,1.12341
2015-09-28 16:00:00,1.12343,1.12472,1.12233,1.12323
2015-09-28 20:00:00,1.1232,1.12456,1.12267,1.12288
2015-09-29 00:00:00,1.12291,1.12632,1.12291,1.12548
2015-09-29 04:00:00,1.12548,1.12807,1.1241,1.126
2015-09-29 08:00:00,1.12602,1.12622,1.1218,1.12247
2015-09-29 12:00:00,1.12244,1.12457,1.11934,1.1244
2015-09-29 16:00:00,1.1244,1.12672,1.12283,1.12505
2015-09-29 20:00:00,1.12508,1.12566,1.12463,1.12525
2015-09-30 00:00:00,1.12528,1.12606,1.12397,1.12579
2015-09-30 04:00:00,1.12579,1.12599,1.12117,1.12289
2015-09-30 08:00:00,1.1229,1.12359,1.12013,1.12095
2015-09-30 12:00:00,1.12096,1.12108,1.11566,1.11611
2015-09-30 16:00:00,1.1161,1.11857,1.11577,1.11746
2015-09-30 20:00:00,1.11742,1.11785,1.11675,1.11696
2015-10-01 00:00:00,1.11695,1.11752,1.11451,1.11469
2015-10-01 04:00:00,1.11468,1.11611,1.11343,1.11445
2015-10-01 08:00:00,1.11445,1.11671,1.11387,1.11537
2015-10-01 12:00:00,1.11538,1.1205,1.11508,1.1199
2015-10-01 16:00:00,1.11989,1.12063,1.11809,1.11871
2015-10-01 20:00:00,1.11869,1.11945,1.118,1.11912
2015-10-02 00:00:00,1.11908,1.12033,1.11776,1.1179
2015-10-02 04:00:00,1.11793,1.11835,1.11594,1.11646
2015-10-02 08:00:00,1.11647,1.11701,1.11496,1.11582
2015-10-02 12:00:00,1.11581,1.13177,1.11468,1.12748
2015-10-02 16:00:00,1.12747,1.12847,1.11993,1.12023
2015-10-02 20:00:00,1.12022,1.12196,1.12021,1.12084
2015-10-04 20:00:00,1.1217,1.12241,1.12063,1.12186
2015-10-05 00:00:00,1.12185,1.12464,1.1215,1.1225
2015-10-05 04:00:00,1.12249,1.12589,1.12209,1.1248
2015-10-05 08:00:00,1.12479,1.12886,1.12213,1.12277
2015-10-05 12:00:00,1.1228,1.12423,1.11938,1.11968
2015-10-05 16:00:00,1.11966,1.11993,1.11725,1.11833
2015-10-05 20:00:00,1.11835,1.11948,1.11805,1.11947
2015-10-06 00:00:00,1.11949,1.11971,1.11713,1.1183
2015-10-06 04:00:00,1.11828,1.12184,1.1173,1.12164
2015-10-06 08:00:00,1.12163,1.123,1.11987,1.1227
2015-10-06 12:00:00,1.12271,1.12737,1.12053,1.12641
2015-10-06 16:00:00,1.12643,1.12785,1.1256,1.12785
2015-10-06 20:00:00,1.12787,1.12787,1.12644,1.1267
2015-10-07 00:00:00,1.12672,1.12834,1.12602,1.12804
2015-10-07 04:00:00,1.12802,1.12802,1.12214,1.12332
2015-10-07 08:00:00,1.12331,1.12707,1.1231,1.12665
2015-10-07 12:00:00,1.12667,1.12727,1.12107,1.12474
2015-10-07 16:00:00,1.12473,1.12553,1.12325,1.1242
2015-10-07 20:00:00,1.12422,1.1245,1.12338,1.12373
2015-10-08 00:00:00,1.12369,1.12592,1.12369,1.12569
2015-10-08 04:00:00,1.12567,1.13091,1.12463,1.12903
2015-10-08 08:00:00,1.12903,1.13142,1.12738,1.12771
2015-10-08 12:00:00,1.1277,1.12907,1.12374,1.1282
2015-10-08 16:00:00,1.12818,1.1326,1.12612,1.12736
2015-10-08 20:00:00,1.12735,1.12915,1.12702,1.12835
2015-10-09 00:00:00,1.12836,1.12853,1.12663,1.12801
2015-10-09 04:00:00,1.12797,1.13464,1.12715,1.13361
2015-10-09 08:00:00,1.13362,1.13677,1.13141,1.13604
2015-10-09 12:00:00,1.13602,1.13791,1.13346,1.13619
2015-10-09 16:00:00,1.13618,1.13866,1.13512,1.13542
2015-10-09 20:00:00,1.1354,1.13626,1.1354,1.13569
2015-10-11 20:00:00,1.136,1.13687,1.1352,1.1367
2015-10-12 00:00:00,1.13668,1.13769,1.13615,1.13744
2015-10-12 04:00:00,1.13743,1.1384,1.13592,1.13805
2015-10-12 08:00:00,1.13802,1.13963,1.13629,1.13771
2015-10-12 12:00:00,1.13772,1.13804,1.1356,1.13671
2015-10-12 16:00:00,1.13672,1.13793,1.13594,1.13613
2015-10-12 20:00:00,1.13615,1.13643,1.13513,1.13513
2015-10-13 00:00:00,1.13511,1.13649,1.13431,1.13576
2015-10-13 04:00:00,1.13578,1.14101,1.13573,1.14026
2015-10-13 08:00:00,1.14028,1.14081,1.13633,1.13754
2015-10-13 12:00:00,1.13757,1.13999,1.13545,1.13806
2015-10-13 16:00:00,1.13802,1.13928,1.13753,1.1384
2015-10-13 20:00:00,1.13841,1.13872,1.13761,1.13826
2015-10-14 00:00:00,1.13829,1.14006,1.13829,1.13878
2015-10-14 04:00:00,1.1388,1.14266,1.13826,1.14138
2015-10-14 08:00:00,1.14139,1.14175,1.13904,1.14048
2015-10-14 12:00:00,1.14049,1.14474,1.14044,1.14355
2015-10-14 16:00:00,1.14356,1.14885,1.14332,1.14843
2015-10-14 20:00:00,1.14842,1.14847,1.14679,1.14732
2015-10-15 00:00:00,1.1473,1.14899,1.14607,1.14803
2015-10-15 04:00:00,1.14805,1.14946,1.14244,1.14367
2015-10-15 08:00:00,1.14366,1.14591,1.14274,1.14325
2015-10-15 12:00:00,1.14327,1.14456,1.13624,1.14158
2015-10-15 16:00:00,1.1416,1.14175,1.13718,1.13745
2015-10-15 20:00:00,1.13745,1.13933,1.13649,1.13659
2015-10-16 00:00:00,1.13656,1.13837,1.13582,1.13806
2015-10-16 04:00:00,1.13803,1.13944,1.13638,1.13696
2015-10-16 08:00:00,1.13697,1.1377,1.13332,1.13464
2015-10-16 12:00:00,1.1346,1.13891,1.13456,1.13592
2015-10-16 16:00:00,1.1359,1.13905,1.13531,1.13535
2015-10-16 20:00:00,1.13538,1.13581,1.13429,1.13429
2015-10-18 20:00:00,1.13561,1.13602,1.13471,1.13574
2015-10-19 00:00:00,1.13571,1.13772,1.13533,1.13594
2015-10-19 04:00:00,1.13592,1.13785,1.13382,1.13521
2015-10-19 08:00:00,1.13523,1.13674,1.13082,1.13238
2015-10-19 12:00:00,1.13236,1.13435,1.13051,1.13168
2015-10-19 16:00:00,1.13167,1.13285,1.13161,1.13261
2015-10-19 20:00:00,1.13257,1.13307,1.13193,1.13279
2015-10-20 00:00:00,1.1328,1.13389,1.13237,1.13358
2015-10-20 04:00:00,1.13361,1.13499,1.13234,1.13462
2015-10-20 08:00:00,1.13464,1.13861,1.1342,1.13733
2015-10-20 12:00:00,1.13735,1.13757,1.13317,1.1358
2015-10-20 16:00:00,1.13578,1.13579,1.1335,1.13379
2015-10-20 20:00:00,1.13381,1.13539,1.13381,1.13539
2015-10-21 00:00:00,1.13537,1.13669,1.13508,1.13601
2015-10-21 04:00:00,1.13597,1.13769,1.13426,1.13707
2015-10-21 08:00:00,1.13708,1.13761,1.13333,1.13541
2015-10-21 12:00:00,1.13542,1.13633,1.13364,1.13444
2015-10-21 16:00:00,1.13442,1.13541,1.13348,1.1338
2015-10-21 20:00:00,1.13383,1.13478,1.13352,1.13458
2015-10-22 00:00:00,1.13458,1.13504,1.1329,1.13472
2015-10-22 04:00:00,1.13474,1.13474,1.13078,1.13125
2015-10-22 08:00:00,1.13127,1.13251,1.13014,1.13185
2015-10-22 12:00:00,1.13188,1.13227,1.11355,1.11393
2015-10-22 16:00:00,1.11391,1.11422,1.11056,1.11074
2015-10-22 20:00:00,1.11074,1.11125,1.10709,1.10806
2015-10-23 00:00:00,1.10808,1.11185,1.10747,1.11153
2015-10-23 04:00:00,1.11154,1.11276,1.10906,1.11036
2015-10-23 08:00:00,1.11032,1.11391,1.10782,1.10938
2015-10-23 12:00:00,1.1094,1.10996,1.10072,1.10147
2015-10-23 16:00:00,1.10149,1.10243,1.09958,1.10109
2015-10-23 20:00:00,1.10108,1.10165,1.10068,1.10155
2015-10-25 20:00:00,1.09963,1.10241,1.09916,1.10178
2015-10-26 00:00:00,1.10175,1.10383,1.10142,1.1037
2015-10-26 04:00:00,1.1037,1.10484,1.10271,1.10391
2015-10-26 08:00:00,1.10393,1.10555,1.10192,1.1022
2015-10-26 12:00:00,1.10223,1.10542,1.10032,1.10499
2015-10-26 16:00:00,1.10498,1.10678,1.10412,1.10499
2015-10-26 20:00:00,1.10498,1.10628,1.10485,1.10581
2015-10-27 00:00:00,1.10578,1.10686,1.10444,1.10676
2015-10-27 04:00:00,1.10676,1.10715,1.10486,1.10548
2015-10-27 08:00:00,1.10546,1.10655,1.10355,1.10644
2015-10-27 12:00:00,1.10645,1.10775,1.10295,1.10509
2015-10-27 16:00:00,1.1051,1.1056,1.10316,1.10415
2015-10-27 20:00:00,1.10417,1.10476,1.10314,1.10319
2015-10-28 00:00:00,1.10322,1.10389,1.10245,1.10306
2015-10-28 04:00:00,1.10306,1.10591,1.10272,1.10491
2015-10-28 08:00:00,1.10493,1.10754,1.10342,1.10679
2015-10-28 12:00:00,1.1068,1.10948,1.10562,1.10632
2015-10-28 16:00:00,1.10634,1.10838,1.08961,1.0919
2015-10-28 20:00:00,1.09189,1.09314,1.09141,1.09231
2015-10-29 00:00:00,1.09233,1.0934,1.09011,1.0924
2015-10-29 04:00:00,1.09242,1.09443,1.09222,1.09251
2015-10-29 08:00:00,1.09252,1.09763,1.09161,1.09606
2015-10-29 12:00:00,1.09608,1.09847,1.09242,1.09597
2015-10-29 16:00:00,1.09597,1.09808,1.09503,1.09758
2015-10-29 20:00:00,1.09755,1.09972,1.09719,1.09881
2015-10-30 00:00:00,1.09879,1.09939,1.0966,1.09679
2015-10-30 04:00:00,1.09677,1.10155,1.09645,1.09868
2015-10-30 08:00:00,1.09868,1.10235,1.09837,1.10168
2015-10-30 12:00:00,1.10169,1.10721,1.09985,1.1041
2015-10-30 16:00:00,1.10407,1.10509,1.0986,1.09963
2015-10-30 20:00:00,1.09963,1.10039,1.099,1.10013
2015-11-01 20:00:00,1.10318,1.10361,1.10175,1.10221
2015-11-02 00:00:00,1.10218,1.10337,1.1017,1.10308
2015-11-02 04:00:00,1.10307,1.10493,1.10237,1.10449
2015-11-02 08:00:00,1.10448,1.10456,1.09997,1.10126
2015-11-02 12:00:00,1.10127,1.10518,1.10085,1.10347
2015-11-02 16:00:00,1.10348,1.10353,1.10095,1.10109
2015-11-02 20:00:00,1.1011,1.1018,1.10025,1.1014
2015-11-03 00:00:00,1.10141,1.10181,1.10063,1.10147
2015-11-03 04:00:00,1.10146,1.10293,1.10139,1.10214
2015-11-03 08:00:00,1.10211,1.1025,1.09707,1.09714
2015-11-03 12:00:00,1.09713,1.09807,1.09351,1.09511
2015-11-03 16:00:00,1.09512,1.09693,1.09397,1.09634
2015-11-03 20:00:00,1.09633,1.0968,1.09562,1.09612
2015-11-04 00:00:00,1.09613,1.0965,1.09371,1.09542
2015-11-04 04:00:00,1.09539,1.09572,1.09261,1.09392
2015-11-04 08:00:00,1.09391,1.09391,1.09132,1.09281
2015-11-04 12:00:00,1.09279,1.09386,1.0844,1.08583
2015-11-04 16:00:00,1.08586,1.08671,1.08433,1.08571
2015-11-04 20:00:00,1.08569,1.08679,1.0855,1.0863
2015-11-05 00:00:00,1.08629,1.0876,1.08565,1.08741
2015-11-05 04:00:00,1.08738,1.08746,1.0833,1.08355
2015-11-05 08:00:00,1.08357,1.08919,1.08354,1.08727
2015-11-05 12:00:00,1.08726,1.08963,1.08574,1.08636
2015-11-05 16:00:00,1.08635,1.08892,1.08587,1.08845
2015-11-05 20:00:00,1.08845,1.08886,1.08733,1.08827
2015-11-06 00:00:00,1.08826,1.08931,1.08784,1.08866
2015-11-06 04:00:00,1.08863,1.08865,1.08623,1.08727
2015-11-06 08:00:00,1.08729,1.08847,1.08634,1.08763
2015-11-06 12:00:00,1.08764,1.0881,1.07016,1.07405
2015-11-06 16:00:00,1.07406,1.07512,1.07202,1.07451
2015-11-06 20:00:00,1.07451,1.07462,1.07351,1.07368
2015-11-08 20:00:00,1.07269,1.07348,1.07185,1.07288
2015-11-09 00:00:00,1.07286,1.07688,1.07266,1.07657
2015-11-09 04:00:00,1.07658,1.07733,1.07524,1.0764
2015-11-09 08:00:00,1.07638,1.07895,1.07578,1.07792
2015-11-09 12:00:00,1.07792,1.07863,1.07258,1.07455
2015-11-09 16:00:00,1.07454,1.07821,1.07425,1.0757
2015-11-09 20:00:00,1.07573,1.07631,1.07447,1.0759
2015-11-10 00:00:00,1.07591,1.07602,1.07444,1.07491
2015-11-10 04:00:00,1.0749,1.07633,1.07364,1.07583
2015-11-10 08:00:00,1.07584,1.07634,1.07217,1.07282
2015-11-10 12:00:00,1.0728,1.07367,1.06736,1.06917
2015-11-10 16:00:00,1.06918,1.07226,1.06807,1.07051
2015-11-10 20:00:00,1.07048,1.07404,1.07032,1.07357
2015-11-11 00:00:00,1.07359,1.0773,1.07284,1.07691
2015-11-11 04:00:00,1.07692,1.07699,1.0732,1.07483
2015-11-11 08:00:00,1.07482,1.07584,1.07135,1.07163
2015-11-11 12:00:00,1.07165,1.07532,1.07049,1.07276
2015-11-11 16:00:00,1.07279,1.07462,1.07212,1.07412
2015-11-11 20:00:00,1.07413,1.07662,1.07365,1.07635
2015-11-12 00:00:00,1.07632,1.07799,1.07564,1.07623
2015-11-12 04:00:00,1.0762,1.07648,1.0742,1.07435
2015-11-12 08:00:00,1.07436,1.07499,1.06902,1.07136
2015-11-12 12:00:00,1.07134,1.0809,1.07093,1.07532
2015-11-12 16:00:00,1.07534,1.08034,1.07457,1.07912
2015-11-12 20:00:00,1.07911,1.08307,1.07866,1.08075
2015-11-13 00:00:00,1.08077,1.08088,1.07838,1.07926
2015-11-13 04:00:00,1.07928,1.07949,1.07709,1.0778
2015-11-13 08:00:00,1.07779,1.08074,1.0751,1.07894
2015-11-13 12:00:00,1.07896,1.07936,1.07169,1.07282
2015-11-13 16:00:00,1.07284,1.07387,1.07134,1.07371
2015-11-13 20:00:00,1.07368,1.07735,1.07356,1.07677
2015-11-15 20:00:00,1.07378,1.07437,1.0684,1.06993
2015-11-16 00:00:00,1.06995,1.07278,1.06993,1.07242
2015-11-16 04:00:00,1.07241,1.07577,1.0717,1.07503
2015-11-16 08:00:00,1.07503,1.07567,1.0713,1.0738
2015-11-16 12:00:00,1.07383,1.07414,1.07004,1.07156
2015-11-16 16:00:00,1.07158,1.07229,1.0674,1.06767
2015-11-16 20:00:00,1.06764,1.06887,1.06759,1.06867
2015-11-17 00:00:00,1.06867,1.06901,1.06581,1.06595
2015-11-17 04:00:00,1.06594,1.06704,1.06493,1.06552
2015-11-17 08:00:00,1.06551,1.06786,1.06421,1.06616
2015-11-17 12:00:00,1.06615,1.0676,1.06446,1.06519
2015-11-17 16:00:00,1.0652,1.0655,1.063,1.06476
2015-11-17 20:00:00,1.06476,1.06539,1.06379,1.06424
2015-11-18 00:00:00,1.06423,1.06465,1.06306,1.06343
2015-11-18 04:00:00,1.06342,1.06564,1.06329,1.06503
2015-11-18 08:00:00,1.06502,1.0692,1.06488,1.06631
2015-11-18 12:00:00,1.06629,1.06742,1.06445,1.06462
2015-11-18 16:00:00,1.0646,1.06715,1.06155,1.06458
2015-11-18 20:00:00,1.06455,1.06732,1.06426,1.06709
2015-11-19 00:00:00,1.06708,1.07161,1.06697,1.07018
2015-11-19 04:00:00,1.07018,1.07122,1.06732,1.06733
2015-11-19 08:00:00,1.06734,1.07151,1.06666,1.07115
2015-11-19 12:00:00,1.07113,1.07387,1.06679,1.07356
2015-11-19 16:00:00,1.07358,1.0763,1.07162,1.07323
2015-11-19 20:00:00,1.07325,1.0739,1.07209,1.07252
2015-11-20 00:00:00,1.07249,1.07271,1.07093,1.07168
2015-11-20 04:00:00,1.07169,1.07277,1.06856,1.06888
2015-11-20 08:00:00,1.06887,1.07058,1.0663,1.06807
2015-11-20 12:00:00,1.06805,1.07071,1.06602,1.06616
2015-11-20 16:00:00,1.06617,1.06722,1.06398,1.06515
2015-11-20 20:00:00,1.06514,1.06571,1.06392,1.06431
2015-11-22 20:00:00,1.06356,1.06454,1.0635,1.06374
2015-11-23 00:00:00,1.06374,1.064,1.05996,1.06127
2015-11-23 04:00:00,1.06129,1.06268,1.06069,1.06239
2015-11-23 08:00:00,1.06239,1.0643,1.06145,1.0624
2015-11-23 12:00:00,1.06241,1.06564,1.06101,1.06138
2015-11-23 16:00:00,1.06136,1.06261,1.05914,1.06226
2015-11-23 20:00:00,1.06224,1.06398,1.06217,1.06357
2015-11-24 00:00:00,1.06355,1.06444,1.06303,1.06319
2015-11-24 04:00:00,1.06321,1.06431,1.06189,1.06389
2015-11-24 08:00:00,1.06388,1.06694,1.0634,1.06437
2015-11-24 12:00:00,1.06434,1.06729,1.06276,1.064
2015-11-24 16:00:00,1.06397,1.06644,1.06347,1.06546
2015-11-24 20:00:00,1.06545,1.06566,1.0638,1.06423
2015-11-25 00:00:00,1.06422,1.0677,1.06406,1.06723
2015-11-25 04:00:00,1.0672,1.06891,1.06508,1.06799
2015-11-25 08:00:00,1.06797,1.06855,1.05784,1.05838
2015-11-25 12:00:00,1.05838,1.0602,1.05655,1.06011
2015-11-25 16:00:00,1.06008,1.06415,1.05993,1.06142
2015-11-25 20:00:00,1.06144,1.06242,1.06137,1.06222
2015-11-26 00:00:00,1.06219,1.06266,1.06146,1.06217
2015-11-26 04:00:00,1.06219,1.06241,1.06021,1.06069
2015-11-26 08:00:00,1.06066,1.06189,1.05992,1.06145
2015-11-26 12:00:00,1.06147,1.06227,1.06084,1.0618
2015-11-26 16:00:00,1.06179,1.06191,1.06045,1.06065
2015-11-26 20:00:00,1.06063,1.06095,1.06019,1.06058
2015-11-27 00:00:00,1.06057,1.06156,1.06007,1.06055
2015-11-27 04:00:00,1.06057,1.06376,1.06057,1.06225
2015-11-27 08:00:00,1.06222,1.06286,1.05734,1.0579
2015-11-27 12:00:00,1.05788,1.05952,1.05675,1.05942
2015-11-27 16:00:00,1.05943,1.06037,1.0587,1.05897
2015-11-27 20:00:00,1.05894,1.0597,1.05872,1.05885
2015-11-29 20:00:00,1.05869,1.05935,1.05809,1.05824
2015-11-30 00:00:00,1.05826,1.05885,1.05698,1.0584
2015-11-30 04:00:00,1.05843,1.05911,1.05781,1.0582
2015-11-30 08:00:00,1.05821,1.05946,1.05625,1.0574
2015-11-30 12:00:00,1.05737,1.05844,1.05583,1.05611
2015-11-30 16:00:00,1.05607,1.05752,1.0557,1.05723
2015-11-30 20:00:00,1.0572,1.05744,1.05619,1.05691
2015-12-01 00:00:00,1.05688,1.05962,1.05627,1.05789
2015-12-01 04:00:00,1.05788,1.05931,1.05705,1.05836
2015-12-01 08:00:00,1.05832,1.06186,1.05771,1.05976
2015-12-01 12:00:00,1.05975,1.06366,1.05923,1.06073
2015-12-01 16:00:00,1.06075,1.06356,1.06048,1.06303
2015-12-01 20:00:00,1.063,1.06369,1.06218,1.06256
2015-12-02 00:00:00,1.06255,1.06283,1.06157,1.06184
2015-12-02 04:00:00,1.06185,1.06268,1.06059,1.06258
2015-12-02 08:00:00,1.06257,1.0632,1.05812,1.05959
2015-12-02 12:00:00,1.05958,1.0614,1.05588,1.05678
2015-12-02 16:00:00,1.05681,1.06266,1.05501,1.06175
2015-12-02 20:00:00,1.06173,1.06234,1.06056,1.06098
2015-12-03 00:00:00,1.06096,1.06129,1.05899,1.05933
2015-12-03 04:00:00,1.05932,1.05963,1.05828,1.05859
2015-12-03 08:00:00,1.05857,1.05857,1.05458,1.05464
2015-12-03 12:00:00,1.05465,1.08907,1.05187,1.08478
2015-12-03 16:00:00,1.08478,1.09767,1.08469,1.09764
2015-12-03 20:00:00,1.09767,1.09802,1.09137,1.09169
2015-12-04 00:00:00,1.09172,1.09555,1.08979,1.09301
2015-12-04 04:00:00,1.09299,1.09455,1.08698,1.08712
2015-12-04 08:00:00,1.08713,1.08936,1.08546,1.0884
2015-12-04 12:00:00,1.08839,1.09501,1.08578,1.08873
2015-12-04 16:00:00,1.08874,1.08987,1.08351,1.08686
2015-12-04 20:00:00,1.08689,1.08812,1.08646,1.08763
2015-12-06 20:00:00,1.08698,1.08864,1.08662,1.08805
2015-12-07 00:00:00,1.08802,1.08805,1.08534,1.08584
2015-12-07 04:00:00,1.08583,1.08722,1.08543,1.08568
2015-12-07 08:00:00,1.08569,1.08607,1.08015,1.08075
2015-12-07 12:00:00,1.08074,1.08532,1.07955,1.08498
2015-12-07 16:00:00,1.085,1.08596,1.08356,1.0845
2015-12-07 20:00:00,1.08452,1.08504,1.08306,1.08328
2015-12-08 00:00:00,1.08331,1.08582,1.08295,1.08505
2015-12-08 04:00:00,1.08502,1.08681,1.08423,1.08669
2015-12-08 08:00:00,1.08667,1.08817,1.084,1.0859
2015-12-08 12:00:00,1.08592,1.08999,1.08547,1.08706
2015-12-08 16:00:00,1.08704,1.09018,1.0865,1.08875
2015-12-08 20:00:00,1.08875,1.08968,1.08864,1.08915
2015-12-09 00:00:00,1.08914,1.09135,1.08784,1.09057
2015-12-09 04:00:00,1.09059,1.09278,1.09023,1.09155
2015-12-09 08:00:00,1.09158,1.09439,1.09073,1.09235
2015-12-09 12:00:00,1.09235,1.09891,1.09212,1.09611
2015-12-09 16:00:00,1.0961,1.1042,1.09566,1.10238
2015-12-09 20:00:00,1.10239,1.10291,1.10141,1.10148
2015-12-10 00:00:00,1.10148,1.10207,1.10053,1.10058
2015-12-10 04:00:00,1.10055,1.10091,1.09857,1.09956
2015-12-10 08:00:00,1.09957,1.09979,1.09328,1.09505
2015-12-10 12:00:00,1.09506,1.09721,1.09242,1.09354
2015-12-10 16:00:00,1.09355,1.0956,1.09296,1.09369
2015-12-10 20:00:00,1.09372,1.09467,1.09351,1.09462
2015-12-11 00:00:00,1.09464,1.0947,1.09258,1.09346
2015-12-11 04:00:00,1.09346,1.09569,1.09312,1.09513
2015-12-11 08:00:00,1.09511,1.09776,1.09362,1.09716
2015-12-11 12:00:00,1.09715,1.10301,1.09304,1.09969
2015-12-11 16:00:00,1.09969,1.10065,1.09685,1.09888
2015-12-11 20:00:00,1.09888,1.09984,1.09785,1.09875
2015-12-13 20:00:00,1.09826,1.0991,1.09665,1.098
2015-12-14 00:00:00,1.09803,1.09877,1.09536,1.09575
2015-12-14 04:00:00,1.09573,1.0971,1.09494,1.09608
2015-12-14 08:00:00,1.09605,1.09862,1.09448,1.09758
2015-12-14 12:00:00,1.09759,1.10369,1.0963,1.1027
2015-12-14 16:00:00,1.10269,1.10481,1.09968,1.09981
2015-12-14 20:00:00,1.09983,1.10032,1.09839,1.09905
2015-12-15 00:00:00,1.09906,1.10138,1.09883,1.10127
2015-12-15 04:00:00,1.10128,1.10588,1.10105,1.10519
2015-12-15 08:00:00,1.10519,1.10532,1.09987,1.10097
2015-12-15 12:00:00,1.10096,1.101,1.0919,1.09206
2015-12-15 16:00:00,1.09209,1.09333,1.09037,1.09178
2015-12-15 20:00:00,1.09179,1.09371,1.09084,1.0933
2015-12-16 00:00:00,1.0933,1.09479,1.09256,1.09377
2015-12-16 04:00:00,1.09377,1.09582,1.09311,1.09377
2015-12-16 08:00:00,1.09381,1.0946,1.09143,1.09251
2015-12-16 12:00:00,1.09251,1.0945,1.0912,1.0945
2015-12-16 16:00:00,1.09449,1.10107,1.08859,1.09773
2015-12-16 20:00:00,1.09776,1.09807,1.0865,1.08728
2015-12-17 00:00:00,1.08725,1.08868,1.08314,1.08391
2015-12-17 04:00:00,1.08392,1.08759,1.08377,1.08544
2015-12-17 08:00:00,1.08542,1.08776,1.08392,1.08412
2015-12-17 12:00:00,1.08414,1.08702,1.08304,1.08328
2015-12-17 16:00:00,1.0833,1.08385,1.08019,1.08032
2015-12-17 20:00:00,1.08032,1.08449,1.08032,1.0842
2015-12-18 00:00:00,1.08422,1.08469,1.08271,1.08387
2015-12-18 04:00:00,1.08386,1.08682,1.0835,1.08671
2015-12-18 08:00:00,1.08668,1.08679,1.08043,1.08308
2015-12-18 12:00:00,1.08309,1.08627,1.08079,1.08441
2015-12-18 16:00:00,1.08444,1.08658,1.08321,1.0864
2015-12-18 20:00:00,1.08639,1.08739,1.08589,1.08607
2015-12-20 20:00:00,1.0851,1.08744,1.08453,1.08691
2015-12-21 00:00:00,1.08691,1.08823,1.08605,1.08663
2015-12-21 04:00:00,1.08662,1.08825,1.08639,1.08703
2015-12-21 08:00:00,1.08705,1.08815,1.08473,1.08639
2015-12-21 12:00:00,1.08638,1.0921,1.08551,1.09189
2015-12-21 16:00:00,1.09188,1.09383,1.09068,1.09248
2015-12-21 20:00:00,1.09248,1.09277,1.0905,1.091
2015-12-22 00:00:00,1.09099,1.09222,1.09052,1.09168
2015-12-22 04:00:00,1.09169,1.09217,1.09016,1.09203
2015-12-22 08:00:00,1.092,1.09459,1.09053,1.09428
2015-12-22 12:00:00,1.09429,1.09836,1.09335,1.09662
2015-12-22 16:00:00,1.09662,1.0981,1.09458,1.09508
2015-12-22 20:00:00,1.09508,1.09566,1.09448,1.09478
2015-12-23 00:00:00,1.09476,1.09521,1.09323,1.09463
2015-12-23 04:00:00,1.09463,1.09465,1.09286,1.09348
2015-12-23 08:00:00,1.09348,1.09349,1.0914,1.09299
2015-12-23 12:00:00,1.09298,1.0931,1.08779,1.08787
2015-12-23 16:00:00,1.08791,1.09172,1.08693,1.09103
2015-12-23 20:00:00,1.09104,1.09231,1.09011,1.09074
2015-12-24 00:00:00,1.09073,1.09406,1.09073,1.09285
2015-12-24 04:00:00,1.09287,1.09492,1.09259,1.09466
2015-12-24 08:00:00,1.09464,1.09664,1.09399,1.09457
2015-12-24 12:00:00,1.09455,1.09614,1.09315,1.09577
2015-12-24 16:00:00,1.09578,1.09648,1.09463,1.09623
2015-12-27 20:00:00,1.09623,1.09691,1.09485,1.09631
2015-12-28 00:00:00,1.09632,1.0978,1.09578,1.09768
2015-12-28 04:00:00,1.09765,1.09772,1.09553,1.09647
2015-12-28 08:00:00,1.09647,1.09918,1.09624,1.09877
2015-12-28 12:00:00,1.09877,1.09918,1.09577,1.09723
2015-12-28 16:00:00,1.09726,1.09874,1.09675,1.09741
2015-12-28 20:00:00,1.09741,1.09763,1.09652,1.09738
2015-12-29 00:00:00,1.09737,1.09819,1.09736,1.09797
2015-12-29 04:00:00,1.09797,1.09808,1.09594,1.0975
2015-12-29 08:00:00,1.09747,1.09911,1.09653,1.09694
2015-12-29 12:00:00,1.09694,1.09732,1.09039,1.09048
2015-12-29 16:00:00,1.09046,1.09413,1.08983,1.09396
2015-12-29 20:00:00,1.09393,1.09395,1.09176,1.09247
2015-12-30 00:00:00,1.09248,1.09324,1.09184,1.09302
2015-12-30 04:00:00,1.09301,1.09391,1.09257,1.09341
2015-12-30 08:00:00,1.09341,1.09432,1.09139,1.09223
2015-12-30 12:00:00,1.09219,1.09424,1.09045,1.0913
2015-12-30 16:00:00,1.09126,1.09238,1.09011,1.09238
2015-12-30 20:00:00,1.09236,1.09365,1.09196,1.09345
2015-12-31 00:00:00,1.09343,1.09361,1.09177,1.09306
2015-12-31 04:00:00,1.09303,1.09344,1.09221,1.09265
2015-12-31 08:00:00,1.09266,1.09328,1.0887,1.08911
2015-12-31 12:00:00,1.08911,1.09003,1.08593,1.08662
2015-12-31 16:00:00,1.08661,1.08797,1.08523,1.08685
2016-01-03 20:00:00,1.08699,1.0871,1.08439,1.08509
2016-01-04 00:00:00,1.08511,1.08748,1.08263,1.08705
2016-01-04 04:00:00,1.08707,1.09197,1.08686,1.09119
2016-01-04 08:00:00,1.09117,1.09456,1.08967,1.09165
2016-01-04 12:00:00,1.09165,1.09243,1.08005,1.08011
2016-01-04 16:00:00,1.08009,1.08274,1.07804,1.08268
2016-01-04 20:00:00,1.08267,1.08364,1.08229,1.08231
2016-01-05 00:00:00,1.08227,1.08382,1.08143,1.08188
2016-01-05 04:00:00,1.08189,1.08359,1.08035,1.08081
2016-01-05 08:00:00,1.0808,1.08178,1.07516,1.07553
2016-01-05 12:00:00,1.07555,1.07644,1.071,1.07212
2016-01-05 16:00:00,1.07209,1.07479,1.07193,1.07425
2016-01-05 20:00:00,1.07425,1.07578,1.07413,1.07498
2016-01-06 00:00:00,1.07501,1.0772,1.07385,1.07448
2016-01-06 04:00:00,1.0745,1.07545,1.07185,1.07288
2016-01-06 08:00:00,1.07286,1.07515,1.07196,1.07481
2016-01-06 12:00:00,1.07479,1.07665,1.07113,1.07445
2016-01-06 16:00:00,1.07445,1.07985,1.07431,1.07878
2016-01-06 20:00:00,1.07876,1.07986,1.07725,1.0776
2016-01-07 00:00:00,1.07757,1.0825,1.07734,1.0818
2016-01-07 04:00:00,1.08182,1.08288,1.07812,1.07829
2016-01-07 08:00:00,1.07827,1.08739,1.07702,1.08661
2016-01-07 12:00:00,1.0866,1.08743,1.08269,1.08269
2016-01-07 16:00:00,1.08266,1.09346,1.08255,1.09301
2016-01-07 20:00:00,1.09303,1.09396,1.09186,1.09251
2016-01-08 00:00:00,1.09248,1.09263,1.08707,1.08832
2016-01-08 04:00:00,1.08834,1.08883,1.08539,1.08856
2016-01-08 08:00:00,1.08853,1.0899,1.08575,1.08717
2016-01-08 12:00:00,1.08716,1.0908,1.08022,1.09077
2016-01-08 16:00:00,1.09075,1.09163,1.08698,1.09016
2016-01-08 20:00:00,1.09015,1.0929,1.09006,1.09214
2016-01-10 20:00:00,1.09154,1.09687,1.09129,1.09363
2016-01-11 00:00:00,1.09364,1.09446,1.09072,1.09135
2016-01-11 04:00:00,1.09136,1.09332,1.08924,1.09
2016-01-11 08:00:00,1.09,1.09064,1.08717,1.08983
2016-01-11 12:00:00,1.08982,1.09095,1.08497,1.08507
2016-01-11 16:00:00,1.08509,1.08981,1.08467,1.08731
2016-01-11 20:00:00,1.08733,1.08793,1.08496,1.08555
2016-01-12 00:00:00,1.08553,1.08832,1.084,1.08792
2016-01-12 04:00:00,1.08793,1.08988,1.08737,1.08919
2016-01-12 08:00:00,1.0892,1.08998,1.08425,1.08547
2016-01-12 12:00:00,1.08544,1.08603,1.08202,1.0823
2016-01-12 16:00:00,1.08231,1.08769,1.08189,1.0854
2016-01-12 20:00:00,1.08543,1.08589,1.08403,1.08422
2016-01-13 00:00:00,1.08423,1.08481,1.08105,1.08243
2016-01-13 04:00:00,1.08245,1.08374,1.08126,1.08157
2016-01-13 08:00:00,1.08159,1.08331,1.08046,1.08223
2016-01-13 12:00:00,1.08221,1.08816,1.08041,1.08444
2016-01-13 16:00:00,1.08441,1.08829,1.08434,1.08767
2016-01-13 20:00:00,1.08767,1.08879,1.08695,1.08845
2016-01-14 00:00:00,1.08844,1.08948,1.08749,1.08832
2016-01-14 04:00:00,1.08832,1.08963,1.08534,1.0859
2016-01-14 08:00:00,1.08588,1.09425,1.08558,1.0931
2016-01-14 12:00:00,1.09311,1.09351,1.08357,1.08392
2016-01-14 16:00:00,1.08391,1.08688,1.0834,1.08616
2016-01-14 20:00:00,1.08617,1.08697,1.08537,1.08563
2016-01-15 00:00:00,1.08561,1.08832,1.08557,1.08813
2016-01-15 04:00:00,1.08813,1.08895,1.08596,1.08681
2016-01-15 08:00:00,1.08681,1.09171,1.08624,1.09007
2016-01-15 12:00:00,1.09008,1.09839,1.08994,1.095
2016-01-15 16:00:00,1.09499,1.09826,1.09065,1.09085
2016-01-15 20:00:00,1.09087,1.09286,1.09046,1.09103
2016-01-17 20:00:00,1.09192,1.0927,1.0906,1.09176
2016-01-18 00:00:00,1.09176,1.0923,1.0887,1.08937
2016-01-18 04:00:00,1.08937,1.09043,1.08737,1.0892
2016-01-18 08:00:00,1.08919,1.09089,1.08742,1.0893
2016-01-18 12:00:00,1.08927,1.09003,1.08698,1.08718
2016-01-18 16:00:00,1.08716,1.08977,1.08682,1.0891
2016-01-18 20:00:00,1.0891,1.08984,1.08873,1.08919
2016-01-19 00:00:00,1.08916,1.09046,1.08804,1.08887
2016-01-19 04:00:00,1.08885,1.08891,1.08589,1.08647
2016-01-19 08:00:00,1.0865,1.08884,1.08594,1.08625
2016-01-19 12:00:00,1.08628,1.09089,1.08599,1.08972
2016-01-19 16:00:00,1.08974,1.09383,1.08923,1.09232
2016-01-19 20:00:00,1.09233,1.09234,1.0901,1.09098
2016-01-20 00:00:00,1.09098,1.09513,1.09092,1.09459
2016-01-20 04:00:00,1.09462,1.09627,1.09365,1.09392
2016-01-20 08:00:00,1.0939,1.09755,1.09027,1.09085
2016-01-20 12:00:00,1.0908,1.09323,1.08895,1.08977
2016-01-20 16:00:00,1.08979,1.09357,1.08811,1.08925
2016-01-20 20:00:00,1.08925,1.08951,1.08725,1.08737
2016-01-21 00:00:00,1.08737,1.08871,1.08661,1.08866
2016-01-21 04:00:00,1.08866,1.09206,1.08825,1.0906
2016-01-21 08:00:00,1.0906,1.09124,1.08842,1.09044
2016-01-21 12:00:00,1.09043,1.09206,1.07766,1.08244
2016-01-21 16:00:00,1.08242,1.08998,1.08146,1.08771
2016-01-21 20:00:00,1.08772,1.08914,1.08564,1.08575
2016-01-22 00:00:00,1.08578,1.08593,1.08286,1.08405
2016-01-22 04:00:00,1.08405,1.0842,1.08124,1.08307
2016-01-22 08:00:00,1.08302,1.08624,1.0824,1.08306
2016-01-22 12:00:00,1.08305,1.08373,1.07936,1.08232
2016-01-22 16:00:00,1.08233,1.08323,1.07884,1.07895
2016-01-22 20:00:00,1.07893,1.0801,1.07886,1.07965
2016-01-24 20:00:00,1.07906,1.07968,1.0783,1.07963
2016-01-25 00:00:00,1.07964,1.0816,1.07889,1.08125
2016-01-25 04:00:00,1.08126,1.08223,1.08052,1.08137
2016-01-25 08:00:00,1.08138,1.0835,1.08127,1.08176
2016-01-25 12:00:00,1.08176,1.08448,1.08081,1.08335
2016-01-25 16:00:00,1.08336,1.0841,1.08232,1.0836
2016-01-25 20:00:00,1.0836,1.08565,1.08355,1.08518
2016-01-26 00:00:00,1.08518,1.08588,1.08415,1.08449
2016-01-26 04:00:00,1.0845,1.08739,1.08401,1.08657
2016-01-26 08:00:00,1.08658,1.08678,1.0818,1.08234
2016-01-26 12:00:00,1.08236,1.08493,1.08214,1.08481
2016-01-26 16:00:00,1.08481,1.08563,1.0836,1.08516
2016-01-26 20:00:00,1.08516,1.08703,1.08504,1.08609
2016-01-27 00:00:00,1.08608,1.08696,1.08502,1.08672
2016-01-27 04:00:00,1.08672,1.08817,1.0854,1.08693
2016-01-27 08:00:00,1.08694,1.08785,1.08519,1.08744
2016-01-27 12:00:00,1.08743,1.09112,1.08633,1.08689
2016-01-27 16:00:00,1.0869,1.09117,1.08583,1.09045
2016-01-27 20:00:00,1.09043,1.09157,1.08846,1.09013
2016-01-28 00:00:00,1.09015,1.09065,1.08836,1.08942
2016-01-28 04:00:00,1.08941,1.08952,1.08691,1.08754
2016-01-28 08:00:00,1.0875,1.09261,1.0873,1.09153
2016-01-28 12:00:00,1.09151,1.09437,1.08908,1.09391
2016-01-28 16:00:00,1.09389,1.09669,1.09356,1.09562
2016-01-28 20:00:00,1.09559,1.09564,1.09316,1.09347
2016-01-29 00:00:00,1.09345,1.09394,1.08818,1.09304
2016-01-29 04:00:00,1.09303,1.09474,1.08865,1.08973
2016-01-29 08:00:00,1.08971,1.09226,1.08845,1.0914
2016-01-29 12:00:00,1.09136,1.09253,1.0817,1.08178
2016-01-29 16:00:00,1.08177,1.08447,1.08093,1.08258
2016-01-29 20:00:00,1.08261,1.08359,1.08242,1.08284
2016-01-31 20:00:00,1.08286,1.08336,1.08137,1.08248
2016-02-01 00:00:00,1.08251,1.08515,1.08236,1.08496
2016-02-01 04:00:00,1.08495,1.0856,1.08408,1.08454
2016-02-01 08:00:00,1.08451,1.08681,1.08404,1.08669
2016-02-01 12:00:00,1.08668,1.09121,1.08636,1.0891
2016-02-01 16:00:00,1.08908,1.09056,1.08744,1.08925
2016-02-01 20:00:00,1.08925,1.08992,1.0884,1.08951
2016-02-02 00:00:00,1.08949,1.09093,1.08917,1.09047
2016-02-02 04:00:00,1.09047,1.09183,1.08946,1.09021
2016-02-02 08:00:00,1.09024,1.0922,1.08967,1.0921
2016-02-02 12:00:00,1.09209,1.09393,1.08918,1.09029
2016-02-02 16:00:00,1.0903,1.09216,1.08926,1.0915
2016-02-02 20:00:00,1.09147,1.09266,1.09109,1.09177
2016-02-03 00:00:00,1.09179,1.09352,1.0912,1.0912
2016-02-03 04:00:00,1.09121,1.09289,1.09065,1.09066
2016-02-03 08:00:00,1.09065,1.09326,1.09031,1.09219
2016-02-03 12:00:00,1.0922,1.10795,1.09101,1.10464
2016-02-03 16:00:00,1.10465,1.11447,1.10456,1.10928
2016-02-03 20:00:00,1.10931,1.11149,1.10755,1.1092
2016-02-04 00:00:00,1.1092,1.11162,1.10739,1.10904
2016-02-04 04:00:00,1.10903,1.10915,1.1069,1.10806
2016-02-04 08:00:00,1.10803,1.11844,1.10783,1.11709
2016-02-04 12:00:00,1.11707,1.12381,1.1157,1.11671
2016-02-04 16:00:00,1.11674,1.12219,1.11662,1.1211
2016-02-04 20:00:00,1.12111,1.12153,1.11962,1.11985
2016-02-05 00:00:00,1.11987,1.12158,1.119,1.11974
2016-02-05 04:00:00,1.11973,1.12027,1.11851,1.11953
2016-02-05 08:00:00,1.11955,1.12077,1.11825,1.11942
2016-02-05 12:00:00,1.11946,1.1242,1.11082,1.11425
2016-02-05 16:00:00,1.11424,1.11507,1.11231,1.11436
2016-02-05 20:00:00,1.11438,1.11651,1.11414,1.11532
2016-02-07 20:00:00,1.11417,1.11476,1.11385,1.11429
2016-02-08 00:00:00,1.11426,1.1149,1.11299,1.1131
2016-02-08 04:00:00,1.11311,1.11502,1.11276,1.11369
2016-02-08 08:00:00,1.11366,1.11834,1.11088,1.11205
2016-02-08 12:00:00,1.11204,1.11457,1.10859,1.11446
2016-02-08 16:00:00,1.11449,1.12133,1.11444,1.12111
2016-02-08 20:00:00,1.12112,1.12149,1.11833,1.11882
2016-02-09 00:00:00,1.11879,1.12369,1.11841,1.12095
2016-02-09 04:00:00,1.12093,1.12138,1.11768,1.11816
2016-02-09 08:00:00,1.11815,1.12241,1.11615,1.12122
2016-02-09 12:00:00,1.12124,1.13135,1.1209,1.1309
2016-02-09 16:00:00,1.13088,1.13372,1.12842,1.12856
2016-02-09 20:00:00,1.12858,1.12963,1.12796,1.12874
2016-02-10 00:00:00,1.12875,1.13106,1.12841,1.12909
2016-02-10 04:00:00,1.12911,1.12983,1.12755,1.12797
2016-02-10 08:00:00,1.12798,1.13015,1.12362,1.12586
2016-02-10 12:00:00,1.12585,1.12724,1.11596,1.11968
2016-02-10 16:00:00,1.11966,1.1281,1.11871,1.12795
2016-02-10 20:00:00,1.12794,1.12979,1.12642,1.12834
2016-02-11 00:00:00,1.12832,1.13194,1.12732,1.12868
2016-02-11 04:00:00,1.12868,1.13074,1.12745,1.12814
2016-02-11 08:00:00,1.12816,1.1354,1.12816,1.13373
2016-02-11 12:00:00,1.1337,1.13675,1.1305,1.13417
2016-02-11 16:00:00,1.13417,1.13757,1.13146,1.1326
2016-02-11 20:00:00,1.13262,1.13445,1.13119,1.13155
2016-02-12 00:00:00,1.13158,1.1333,1.12945,1.12957
2016-02-12 04:00:00,1.12955,1.13242,1.12885,1.12885
2016-02-12 08:00:00,1.12889,1.1298,1.12641,1.12761
2016-02-12 12:00:00,1.12761,1.12806,1.12228,1.12443
2016-02-12 16:00:00,1.12442,1.12568,1.12129,1.12553
2016-02-12 20:00:00,1.12554,1.12586,1.12464,1.12525
2016-02-14 20:00:00,1.1232,1.12491,1.12147,1.12226
2016-02-15 00:00:00,1.12223,1.12383,1.12133,1.1215
2016-02-15 04:00:00,1.12152,1.12287,1.12025,1.12092
2016-02-15 08:00:00,1.12089,1.12165,1.11871,1.1191
2016-02-15 12:00:00,1.11909,1.11945,1.11275,1.1143
2016-02-15 16:00:00,1.11432,1.11583,1.1135,1.11489
2016-02-15 20:00:00,1.11485,1.11787,1.11423,1.11752
2016-02-16 00:00:00,1.11748,1.11829,1.11503,1.11503
2016-02-16 04:00:00,1.11504,1.11678,1.11458,1.11519
2016-02-16 08:00:00,1.11518,1.11925,1.11511,1.11563
2016-02-16 12:00:00,1.11566,1.11829,1.11233,1.1142
2016-02-16 16:00:00,1.11423,1.11568,1.11235,1.1142
2016-02-16 20:00:00,1.11422,1.11459,1.11348,1.11424
2016-02-17 00:00:00,1.11424,1.11569,1.11181,1.11559
2016-02-17 04:00:00,1.11556,1.11787,1.11506,1.11678
2016-02-17 08:00:00,1.11679,1.11731,1.11231,1.11449
2016-02-17 12:00:00,1.11448,1.11493,1.11053,1.11305
2016-02-17 16:00:00,1.11307,1.11564,1.11182,1.1139
2016-02-17 20:00:00,1.1139,1.11461,1.11178,1.11197
2016-02-18 00:00:00,1.11197,1.11454,1.11189,1.11372
2016-02-18 04:00:00,1.11372,1.1149,1.11262,1.11269
2016-02-18 08:00:00,1.11271,1.11413,1.10955,1.10969
2016-02-18 12:00:00,1.10972,1.1109,1.10701,1.1099
2016-02-18 16:00:00,1.10992,1.11226,1.10813,1.10963
2016-02-18 20:00:00,1.10961,1.11127,1.10866,1.11068
2016-02-19 00:00:00,1.11066,1.11284,1.11005,1.11236
2016-02-19 04:00:00,1.11236,1.11278,1.11088,1.11171
2016-02-19 08:00:00,1.11172,1.11386,1.10766,1.11026
2016-02-19 12:00:00,1.11029,1.11171,1.10659,1.11052
2016-02-19 16:00:00,1.11054,1.11368,1.11036,1.11342
2016-02-19 20:00:00,1.11338,1.11342,1.11244,1.1127
2016-02-21 20:00:00,1.11061,1.11237,1.11061,1.11214
2016-02-22 00:00:00,1.11217,1.11234,1.11029,1.11119
2016-02-22 04:00:00,1.11118,1.11185,1.10856,1.10856
2016-02-22 08:00:00,1.1086,1.10925,1.10322,1.10338
2016-02-22 12:00:00,1.10339,1.10404,1.10027,1.10261
2016-02-22 16:00:00,1.10261,1.10341,1.10082,1.10238
2016-02-22 20:00:00,1.10239,1.10336,1.10198,1.10242
2016-02-23 00:00:00,1.10243,1.10482,1.10239,1.10443
2016-02-23 04:00:00,1.10443,1.1047,1.102,1.10365
2016-02-23 08:00:00,1.10366,1.10523,1.09906,1.09917
2016-02-23 12:00:00,1.09918,1.10373,1.09895,1.10233
2016-02-23 16:00:00,1.10234,1.10349,1.10041,1.10083
2016-02-23 20:00:00,1.10081,1.10249,1.10065,1.10225
2016-02-24 00:00:00,1.10225,1.10264,1.09993,1.10173
2016-02-24 04:00:00,1.10172,1.1022,1.09948,1.09969
2016-02-24 08:00:00,1.09968,1.10152,1.09565,1.0959
2016-02-24 12:00:00,1.09592,1.10401,1.09589,1.10261
2016-02-24 16:00:00,1.10261,1.10455,1.10085,1.10133
2016-02-24 20:00:00,1.10134,1.10186,1.1004,1.10136
2016-02-25 00:00:00,1.10137,1.10278,1.10063,1.10213
2016-02-25 04:00:00,1.10214,1.10379,1.10148,1.10229
2016-02-25 08:00:00,1.1023,1.1033,1.10042,1.10308
2016-02-25 12:00:00,1.1031,1.10448,1.0986,1.10343
2016-02-25 16:00:00,1.10343,1.10494,1.10205,1.10398
2016-02-25 20:00:00,1.10399,1.10447,1.10164,1.10224
2016-02-26 00:00:00,1.10226,1.10645,1.10212,1.10632
2016-02-26 04:00:00,1.10631,1.10675,1.10468,1.10577
2016-02-26 08:00:00,1.10576,1.10624,1.10044,1.10225
2016-02-26 12:00:00,1.10226,1.10305,1.09243,1.09252
2016-02-26 16:00:00,1.09253,1.09389,1.09113,1.09263
2016-02-26 20:00:00,1.09262,1.094,1.0923,1.09283
2016-02-28 20:00:00,1.09109,1.09278,1.09087,1.09237
2016-02-29 00:00:00,1.09236,1.09349,1.09165,1.09234
2016-02-29 04:00:00,1.09232,1.09579,1.09188,1.09559
2016-02-29 08:00:00,1.09561,1.0962,1.0879,1.0885
2016-02-29 12:00:00,1.08852,1.08982,1.0861,1.08627
2016-02-29 16:00:00,1.08627,1.0884,1.08584,1.08797
2016-02-29 20:00:00,1.08799,1.08915,1.08711,1.08851
2016-03-01 00:00:00,1.0885,1.08887,1.08733,1.08806
2016-03-01 04:00:00,1.08807,1.0893,1.08662,1.08757
2016-03-01 08:00:00,1.08755,1.08858,1.08552,1.08745
2016-03-01 12:00:00,1.08747,1.08846,1.08347,1.08588
2016-03-01 16:00:00,1.08584,1.0871,1.08333,1.0865
2016-03-01 20:00:00,1.08649,1.08756,1.08607,1.08756
2016-03-02 00:00:00,1.08755,1.08803,1.08579,1.08579
2016-03-02 04:00:00,1.0858,1.08666,1.08461,1.08598
2016-03-02 08:00:00,1.08596,1.08753,1.0847,1.08518
2016-03-02 12:00:00,1.08517,1.08624,1.08248,1.08266
2016-03-02 16:00:00,1.08265,1.08722,1.0825,1.0864
2016-03-02 20:00:00,1.08642,1.08722,1.08625,1.08685
2016-03-03 00:00:00,1.08682,1.08734,1.08561,1.08566
2016-03-03 04:00:00,1.08565,1.08689,1.08529,1.08687
2016-03-03 08:00:00,1.08684,1.08871,1.08587,1.08801
2016-03-03 12:00:00,1.08803,1.09383,1.08754,1.0932
2016-03-03 16:00:00,1.09316,1.09717,1.09274,1.09548
2016-03-03 20:00:00,1.09546,1.09655,1.0944,1.0945
2016-03-04 00:00:00,1.09453,1.09549,1.09347,1.09445
2016-03-04 04:00:00,1.09445,1.09563,1.09411,1.095
2016-03-04 08:00:00,1.09499,1.09893,1.09278,1.09835
2016-03-04 12:00:00,1.09837,1.10427,1.09023,1.10078
2016-03-04 16:00:00,1.10077,1.10277,1.09895,1.0997
2016-03-04 20:00:00,1.09966,1.10117,1.09906,1.10005
2016-03-06 20:00:00,1.09854,1.09966,1.09854,1.09905
2016-03-07 00:00:00,1.09904,1.09962,1.09832,1.09885
2016-03-07 04:00:00,1.09885,1.09936,1.09653,1.09689
2016-03-07 08:00:00,1.09689,1.0974,1.09394,1.09503
2016-03-07 12:00:00,1.09501,1.09854,1.09459,1.09832
2016-03-07 16:00:00,1.09834,1.10251,1.09757,1.10155
2016-03-07 20:00:00,1.10155,1.10172,1.10076,1.10118
2016-03-08 00:00:00,1.10116,1.10281,1.10109,1.10171
2016-03-08 04:00:00,1.10175,1.10411,1.10136,1.10345
2016-03-08 08:00:00,1.10344,1.10443,1.10011,1.10143
2016-03-08 12:00:00,1.10141,1.10572,1.10067,1.10569
2016-03-08 16:00:00,1.10567,1.10567,1.09928,1.10015
2016-03-08 20:00:00,1.10014,1.10111,1.09942,1.09996
2016-03-09 00:00:00,1.09998,1.10057,1.09701,1.09717
2016-03-09 04:00:00,1.09719,1.09891,1.09667,1.09848
2016-03-09 08:00:00,1.09847,1.09847,1.09542,1.09718
2016-03-09 12:00:00,1.09717,1.10171,1.09453,1.10061
2016-03-09 16:00:00,1.10062,1.10343,1.09979,1.10011
2016-03-09 20:00:00,1.10013,1.10078,1.09833,1.09853
2016-03-10 00:00:00,1.09853,1.09921,1.09696,1.09719
2016-03-10 04:00:00,1.0972,1.09814,1.09623,1.09671
2016-03-10 08:00:00,1.09673,1.09854,1.09593,1.09736
2016-03-10 12:00:00,1.09734,1.11586,1.08209,1.11454
2016-03-10 16:00:00,1.11451,1.12166,1.11354,1.11977
2016-03-10 20:00:00,1.11979,1.11984,1.11693,1.11757
2016-03-11 00:00:00,1.11755,1.1209,1.11642,1.11663
2016-03-11 04:00:00,1.11662,1.1181,1.11347,1.11449
2016-03-11 08:00:00,1.11448,1.11553,1.10797,1.11042
2016-03-11 12:00:00,1.11043,1.11691,1.10866,1.11576
2016-03-11 16:00:00,1.1158,1.11927,1.11418,1.11574
2016-03-11 20:00:00,1.11573,1.116,1.11449,1.11459
2016-03-13 20:00:00,1.11338,1.11755,1.1131,1.11646
2016-03-14 00:00:00,1.11646,1.11646,1.11478,1.11575
2016-03-14 04:00:00,1.11574,1.11657,1.11346,1.11415
2016-03-14 08:00:00,1.11415,1.11415,1.10973,1.1107
2016-03-14 12:00:00,1.11069,1.11345,1.10927,1.11057
2016-03-14 16:00:00,1.11057,1.11215,1.10769,1.10969
2016-03-14 20:00:00,1.10968,1.11074,1.10968,1.10993
2016-03-15 00:00:00,1.10995,1.11148,1.10927,1.11091
2016-03-15 04:00:00,1.11093,1.11196,1.10828,1.11144
2016-03-15 08:00:00,1.11145,1.112,1.1071,1.10961
2016-03-15 12:00:00,1.10962,1.11244,1.10809,1.11111
2016-03-15 16:00:00,1.11109,1.11164,1.10908,1.11077
2016-03-15 20:00:00,1.11078,1.11119,1.1102,1.11065
2016-03-16 00:00:00,1.11062,1.11117,1.10945,1.11002
2016-03-16 04:00:00,1.11005,1.11011,1.10834,1.10863
2016-03-16 08:00:00,1.10862,1.10972,1.10736,1.10896
2016-03-16 12:00:00,1.10896,1.1099,1.10571,1.10736
2016-03-16 16:00:00,1.10737,1.12414,1.1062,1.12303
2016-03-16 20:00:00,1.12302,1.12356,1.12077,1.12156
2016-03-17 00:00:00,1.12153,1.12292,1.12042,1.12215
2016-03-17 04:00:00,1.12214,1.12592,1.12157,1.12592
2016-03-17 08:00:00,1.12594,1.13418,1.12527,1.13261
2016-03-17 12:00:00,1.13262,1.13369,1.12775,1.13155
2016-03-17 16:00:00,1.13156,1.13304,1.13105,1.13175
2016-03-17 20:00:00,1.13171,1.13193,1.13087,1.13148
2016-03-18 00:00:00,1.13146,1.13363,1.1306,1.13186
2016-03-18 04:00:00,1.13185,1.13197,1.12747,1.12823
2016-03-18 08:00:00,1.1282,1.1301,1.12555,1.1275
2016-03-18 12:00:00,1.12752,1.13064,1.12745,1.12909
2016-03-18 16:00:00,1.1291,1.12919,1.12621,1.12743
2016-03-18 20:00:00,1.12742,1.12814,1.1268,1.12682
2016-03-20 20:00:00,1.12559,1.12804,1.12552,1.12737
2016-03-21 00:00:00,1.12737,1.12842,1.12709,1.12717
2016-03-21 04:00:00,1.12718,1.12775,1.12457,1.12495
2016-03-21 08:00:00,1.12494,1.1284,1.1235,1.12736
2016-03-21 12:00:00,1.12734,1.12797,1.12462,1.12591
2016-03-21 16:00:00,1.12592,1.126,1.12338,1.12428
2016-03-21 20:00:00,1.12431,1.12472,1.12323,1.12345
2016-03-22 00:00:00,1.12346,1.12586,1.12288,1.12585
2016-03-22 04:00:00,1.12586,1.12595,1.12361,1.12395
2016-03-22 08:00:00,1.1239,1.12454,1.11876,1.12196
2016-03-22 12:00:00,1.12199,1.12377,1.12011,1.12266
2016-03-22 16:00:00,1.12265,1.12268,1.12034,1.12157
2016-03-22 20:00:00,1.12158,1.12241,1.12075,1.12206
2016-03-23 00:00:00,1.12202,1.12202,1.12083,1.121
2016-03-23 04:00:00,1.12098,1.12101,1.11797,1.11893
2016-03-23 08:00:00,1.11891,1.11998,1.118,1.11913
2016-03-23 12:00:00,1.11912,1.11952,1.11625,1.1174
2016-03-23 16:00:00,1.1174,1.11867,1.11588,1.11763
2016-03-23 20:00:00,1.11761,1.11843,1.11707,1.11775
2016-03-24 00:00:00,1.11774,1.11853,1.11631,1.11757
2016-03-24 04:00:00,1.11757,1.11772,1.11499,1.11603
2016-03-24 08:00:00,1.11602,1.11872,1.11435,1.11514
2016-03-24 12:00:00,1.11514,1.11712,1.1148,1.1162
2016-03-24 16:00:00,1.1162,1.11855,1.11615,1.11763
2016-03-24 20:00:00,1.11763,1.11805,1.11514,1.11618
2016-03-25 00:00:00,1.11613,1.11683,1.11522,1.11588
2016-03-25 04:00:00,1.11586,1.11688,1.11564,1.11615
2016-03-25 08:00:00,1.11615,1.11751,1.11551,1.11667
2016-03-25 12:00:00,1.11668,1.11697,1.11573,1.1163
2016-03-25 16:00:00,1.11628,1.11702,1.11604,1.11689
2016-03-25 20:00:00,1.11693,1.11695,1.11595,1.11623
2016-03-27 20:00:00,1.11599,1.11643,1.11554,1.11566
2016-03-28 00:00:00,1.11564,1.1164,1.11521,1.11625
2016-03-28 04:00:00,1.11623,1.1172,1.11594,1.11647
2016-03-28 08:00:00,1.11647,1.11726,1.11568,1.11643
2016-03-28 12:00:00,1.11645,1.12193,1.11644,1.12077
2016-03-28 16:00:00,1.12076,1.1211,1.11887,1.11989
2016-03-28 20:00:00,1.11988,1.12016,1.11915,1.12001
2016-03-29 00:00:00,1.12001,1.12003,1.11838,1.11945
2016-03-29 04:00:00,1.11948,1.11981,1.11683,1.11759
2016-03-29 08:00:00,1.11758,1.12155,1.11716,1.12002
2016-03-29 12:00:00,1.12002,1.12245,1.11787,1.12018
2016-03-29 16:00:00,1.12016,1.13027,1.11952,1.12969
2016-03-29 20:00:00,1.12968,1.12969,1.12824,1.12888
2016-03-30 00:00:00,1.12889,1.12999,1.12858,1.12915
2016-03-30 04:00:00,1.12913,1.13299,1.12908,1.13277
2016-03-30 08:00:00,1.13278,1.13365,1.13078,1.13359
2016-03-30 12:00:00,1.1336,1.13648,1.13017,1.13291
2016-03-30 16:00:00,1.1329,1.13412,1.13147,1.13343
2016-03-30 20:00:00,1.13345,1.1343,1.13289,1.13322
2016-03-31 00:00:00,1.1332,1.13407,1.13099,1.13141
2016-03-31 04:00:00,1.13139,1.13437,1.13094,1.13434
2016-03-31 08:00:00,1.13436,1.13942,1.13368,1.13869
2016-03-31 12:00:00,1.13871,1.14114,1.13787,1.13892
2016-03-31 16:00:00,1.13889,1.13932,1.13766,1.13784
2016-03-31 20:00:00,1.13783,1.13836,1.13738,1.1378
2016-04-01 00:00:00,1.13779,1.13878,1.13656,1.13769
2016-04-01 04:00:00,1.13768,1.13897,1.13705,1.13813
2016-04-01 08:00:00,1.13817,1.14277,1.13817,1.14185
2016-04-01 12:00:00,1.14184,1.14376,1.1334,1.13838
2016-04-01 16:00:00,1.13838,1.14027,1.13802,1.13894
2016-04-01 20:00:00,1.13889,1.13983,1.13843,1.13867
2016-04-03 20:00:00,1.13981,1.13994,1.1387,1.1394
2016-04-04 00:00:00,1.13941,1.1412,1.13859,1.13866
2016-04-04 04:00:00,1.13865,1.13954,1.13706,1.13734
2016-04-04 08:00:00,1.13733,1.13837,1.1357,1.13737
2016-04-04 12:00:00,1.13736,1.14088,1.13725,1.13848
2016-04-04 16:00:00,1.13847,1.1406,1.13818,1.13919
2016-04-04 20:00:00,1.13917,1.13975,1.13835,1.13858
2016-04-05 00:00:00,1.13856,1.14044,1.13849,1.13956
2016-04-05 04:00:00,1.13956,1.13956,1.13426,1.1356
2016-04-05 08:00:00,1.13559,1.13751,1.13499,1.13624
2016-04-05 12:00:00,1.13623,1.13979,1.13351,1.13776
2016-04-05 16:00:00,1.13778,1.14007,1.13712,1.13863
2016-04-05 20:00:00,1.13862,1.13866,1.13762,1.138
2016-04-06 00:00:00,1.13799,1.13853,1.13656,1.13668
2016-04-06 04:00:00,1.13666,1.13734,1.13442,1.1357
2016-04-06 08:00:00,1.13572,1.13617,1.13264,1.13436
2016-04-06 12:00:00,1.13437,1.14312,1.13328,1.14279
2016-04-06 16:00:00,1.14278,1.14311,1.13885,1.13991
2016-04-06 20:00:00,1.13993,1.14039,1.1391,1.13996
2016-04-07 00:00:00,1.13993,1.14149,1.13924,1.13962
2016-04-07 04:00:00,1.13962,1.14534,1.13827,1.14053
2016-04-07 08:00:00,1.14054,1.14054,1.13589,1.1367
2016-04-07 12:00:00,1.13671,1.13992,1.13371,1.13851
2016-04-07 16:00:00,1.13852,1.13881,1.13602,1.13715
2016-04-07 20:00:00,1.13714,1.13783,1.13653,1.13662
2016-04-08 00:00:00,1.13658,1.13732,1.13587,1.13663
2016-04-08 04:00:00,1.13661,1.13833,1.13486,1.13783
2016-04-08 08:00:00,1.13784,1.13933,1.1359,1.13663
2016-04-08 12:00:00,1.13666,1.14189,1.13512,1.14041
2016-04-08 16:00:00,1.1404,1.14138,1.13926,1.14
2016-04-08 20:00:00,1.13999,1.14004,1.13901,1.13929
2016-04-10 20:00:00,1.14132,1.14132,1.1395,1.14042
2016-04-11 00:00:00,1.14042,1.14252,1.13946,1.1411
2016-04-11 04:00:00,1.14111,1.14274,1.13716,1.13773
2016-04-11 08:00:00,1.13775,1.14054,1.13763,1.13914
2016-04-11 12:00:00,1.13915,1.1447,1.13861,1.14104
2016-04-11 16:00:00,1.14103,1.14202,1.13949,1.14047
2016-04-11 20:00:00,1.14045,1.14131,1.13999,1.14096
2016-04-12 00:00:00,1.14094,1.14161,1.13999,1.14048
2016-04-12 04:00:00,1.14044,1.14342,1.14038,1.14301
2016-04-12 08:00:00,1.14303,1.14643,1.13959,1.14102
2016-04-12 12:00:00,1.141,1.14126,1.13447,1.13942
2016-04-12 16:00:00,1.13941,1.13986,1.13719,1.13912
2016-04-12 20:00:00,1.13914,1.13925,1.13792,1.13825
2016-04-13 00:00:00,1.13822,1.13904,1.13655,1.1369
2016-04-13 04:00:00,1.13689,1.13708,1.134,1.13526
2016-04-13 08:00:00,1.13527,1.13576,1.12953,1.13023
2016-04-13 12:00:00,1.13022,1.13253,1.12716,1.12788
2016-04-13 16:00:00,1.1279,1.12914,1.12726,1.12796
2016-04-13 20:00:00,1.12798,1.12837,1.12675,1.12774
2016-04-14 00:00:00,1.12774,1.12782,1.1253,1.12653
2016-04-14 04:00:00,1.12653,1.12681,1.12333,1.12527
2016-04-14 08:00:00,1.12526,1.12731,1.12401,1.12592
2016-04-14 12:00:00,1.12591,1.12942,1.12474,1.12622
2016-04-14 16:00:00,1.12621,1.1275,1.12536,1.12548
2016-04-14 20:00:00,1.12549,1.12685,1.12538,1.12645
2016-04-15 00:00:00,1.12642,1.12664,1.12488,1.12615
2016-04-15 04:00:00,1.12615,1.12708,1.12451,1.12586
2016-04-15 08:00:00,1.12585,1.12874,1.1255,1.1281
2016-04-15 12:00:00,1.12811,1.13166,1.12715,1.12932
2016-04-15 16:00:00,1.12933,1.13106,1.12801,1.12819
2016-04-15 20:00:00,1.1282,1.12859,1.12785,1.12785
2016-04-17 20:00:00,1.12978,1.13005,1.12873,1.12968
2016-04-18 00:00:00,1.1297,1.13062,1.12756,1.12829
2016-04-18 04:00:00,1.1283,1.13091,1.1273,1.13008
2016-04-18 08:00:00,1.13009,1.13128,1.12825,1.13084
2016-04-18 12:00:00,1.13082,1.13315,1.12963,1.13211
2016-04-18 16:00:00,1.13216,1.13289,1.13065,1.13069
2016-04-18 20:00:00,1.1307,1.13148,1.13054,1.13072
2016-04-19 00:00:00,1.13071,1.13253,1.13029,1.13222
2016-04-19 04:00:00,1.13223,1.1344,1.13187,1.13265
2016-04-19 08:00:00,1.13265,1.13481,1.13144,1.13402
2016-04-19 12:00:00,1.13403,1.1384,1.13382,1.13748
2016-04-19 16:00:00,1.13749,1.13819,1.13607,1.1362
2016-04-19 20:00:00,1.13621,1.13635,1.13533,1.13578
2016-04-20 00:00:00,1.13577,1.1373,1.13564,1.13623
2016-04-20 04:00:00,1.1362,1.13678,1.13481,1.13626
2016-04-20 08:00:00,1.13626,1.13798,1.13543,1.13775
2016-04-20 12:00:00,1.13776,1.13873,1.13174,1.13277
2016-04-20 16:00:00,1.13276,1.13328,1.12897,1.12905
2016-04-20 20:00:00,1.12908,1.13054,1.12904,1.13017
2016-04-21 00:00:00,1.13018,1.13039,1.12858,1.12951
2016-04-21 04:00:00,1.1295,1.131,1.12883,1.12918
2016-04-21 08:00:00,1.12916,1.13334,1.12824,1.13273
2016-04-21 12:00:00,1.13274,1.13975,1.12675,1.1299
2016-04-21 16:00:00,1.12992,1.13096,1.12859,1.12891
2016-04-21 20:00:00,1.12892,1.1292,1.12795,1.12897
2016-04-22 00:00:00,1.12898,1.13082,1.12888,1.13
2016-04-22 04:00:00,1.13001,1.13048,1.12635,1.12787
2016-04-22 08:00:00,1.12788,1.1291,1.12551,1.12636
2016-04-22 12:00:00,1.12639,1.12695,1.12365,1.1238
2016-04-22 16:00:00,1.12378,1.12396,1.12174,1.12216
2016-04-22 20:00:00,1.12215,1.12356,1.12183,1.12195
2016-04-24 20:00:00,1.12144,1.12331,1.12137,1.12308
2016-04-25 00:00:00,1.12308,1.12463,1.12224,1.12433
2016-04-25 04:00:00,1.12435,1.12581,1.12303,1.12532
2016-04-25 08:00:00,1.12534,1.12623,1.12427,1.12566
2016-04-25 12:00:00,1.12567,1.12777,1.12431,1.12722
2016-04-25 16:00:00,1.12723,1.12775,1.12577,1.12586
2016-04-25 20:00:00,1.12587,1.12719,1.12587,1.12657
2016-04-26 00:00:00,1.12654,1.1275,1.12623,1.12695
2016-04-26 04:00:00,1.12693,1.12845,1.12556,1.12814
2016-04-26 08:00:00,1.12815,1.1299,1.12701,1.1274
2016-04-26 12:00:00,1.12739,1.13391,1.12729,1.13168
2016-04-26 16:00:00,1.13165,1.13185,1.12794,1.12867
2016-04-26 20:00:00,1.12868,1.13009,1.12857,1.12953
2016-04-27 00:00:00,1.12953,1.13112,1.12953,1.1304
2016-04-27 04:00:00,1.13038,1.13328,1.12908,1.13299
2016-04-27 08:00:00,1.13296,1.13318,1.13007,1.13015
2016-04-27 12:00:00,1.13013,1.13283,1.12926,1.13215
2016-04-27 16:00:00,1.13215,1.13596,1.12704,1.13119
2016-04-27 20:00:00,1.13116,1.13281,1.13083,1.13258
2016-04-28 00:00:00,1.13258,1.13434,1.12955,1.13276
2016-04-28 04:00:00,1.13275,1.13674,1.13266,1.13459
2016-04-28 08:00:00,1.13457,1.13646,1.13358,1.13449
2016-04-28 12:00:00,1.13451,1.13585,1.13096,1.13238
2016-04-28 16:00:00,1.13238,1.13612,1.13226,1.13538
2016-04-28 20:00:00,1.13538,1.13585,1.13441,1.13566
2016-04-29 00:00:00,1.13562,1.13884,1.13557,1.13835
2016-04-29 04:00:00,1.13836,1.14139,1.13777,1.13782
2016-04-29 08:00:00,1.13785,1.14064,1.13693,1.1404
2016-04-29 12:00:00,1.14039,1.14589,1.13959,1.14397
2016-04-29 16:00:00,1.14398,1.14555,1.14328,1.14501
2016-04-29 20:00:00,1.14499,1.14521,1.14397,1.14438
2016-05-01 20:00:00,1.14593,1.1465,1.14523,1.14602
2016-05-02 00:00:00,1.14597,1.14807,1.14555,1.14661
2016-05-02 04:00:00,1.14661,1.147,1.14475,1.14672
2016-05-02 08:00:00,1.14671,1.14922,1.14666,1.14775
2016-05-02 12:00:00,1.14776,1.15334,1.14685,1.15148
2016-05-02 16:00:00,1.15147,1.1532,1.15071,1.15174
2016-05-02 20:00:00,1.15177,1.1535,1.15177,1.15229
2016-05-03 00:00:00,1.15225,1.15412,1.15218,1.15312
2016-05-03 04:00:00,1.1531,1.15969,1.15214,1.15924
2016-05-03 08:00:00,1.15923,1.16156,1.15637,1.1565
2016-05-03 12:00:00,1.15652,1.15704,1.15022,1.15062
2016-05-03 16:00:00,1.15063,1.15379,1.15003,1.15059
2016-05-03 20:00:00,1.15055,1.15088,1.14919,1.15003
2016-05-04 00:00:00,1.15006,1.15079,1.1476,1.14794
2016-05-04 04:00:00,1.14795,1.15107,1.14787,1.14966
2016-05-04 08:00:00,1.14966,1.1507,1.14687,1.15043
2016-05-04 12:00:00,1.15045,1.15288,1.14654,1.14849
2016-05-04 16:00:00,1.14847,1.15023,1.14831,1.14899
2016-05-04 20:00:00,1.14899,1.14935,1.14822,1.149
2016-05-05 00:00:00,1.14899,1.1493,1.14825,1.14875
2016-05-05 04:00:00,1.14875,1.14931,1.14501,1.14552
2016-05-05 08:00:00,1.14551,1.14568,1.14173,1.14316
2016-05-05 12:00:00,1.14318,1.14416,1.13853,1.1402
2016-05-05 16:00:00,1.14021,1.14145,1.13929,1.14013
2016-05-05 20:00:00,1.14015,1.14054,1.13992,1.13997
2016-05-06 00:00:00,1.13998,1.14079,1.1392,1.14015
2016-05-06 04:00:00,1.14015,1.14242,1.13959,1.14205
2016-05-06 08:00:00,1.14204,1.14304,1.14131,1.1425
2016-05-06 12:00:00,1.14253,1.14764,1.14004,1.14193
2016-05-06 16:00:00,1.14191,1.14287,1.13861,1.14034
2016-05-06 20:00:00,1.14035,1.14054,1.13988,1.14028
2016-05-08 20:00:00,1.13914,1.14002,1.13832,1.13848
2016-05-09 00:00:00,1.13845,1.14044,1.13796,1.14011
2016-05-09 04:00:00,1.14012,1.14192,1.13838,1.13929
2016-05-09 08:00:00,1.13927,1.14063,1.13744,1.13806
2016-05-09 12:00:00,1.13809,1.14137,1.138,1.14011
2016-05-09 16:00:00,1.14012,1.1406,1.13792,1.13807
2016-05-09 20:00:00,1.13807,1.13867,1.13781,1.13827
2016-05-10 00:00:00,1.13825,1.13921,1.137,1.13787
2016-05-10 04:00:00,1.13785,1.14013,1.13692,1.13902
2016-05-10 08:00:00,1.139,1.13956,1.1358,1.13655
2016-05-10 12:00:00,1.13654,1.14091,1.13646,1.13843
2016-05-10 16:00:00,1.13843,1.13867,1.13651,1.137
2016-05-10 20:00:00,1.13699,1.13754,1.1367,1.13727
2016-05-11 00:00:00,1.1373,1.1391,1.13716,1.13833
2016-05-11 04:00:00,1.13836,1.13972,1.13792,1.13877
2016-05-11 08:00:00,1.13877,1.14046,1.13836,1.13986
2016-05-11 12:00:00,1.13987,1.14453,1.13987,1.14437
2016-05-11 16:00:00,1.14435,1.1446,1.14209,1.14229
2016-05-11 20:00:00,1.14226,1.14274,1.14206,1.14235
2016-05-12 00:00:00,1.14234,1.14287,1.14207,1.14216
2016-05-12 04:00:00,1.14217,1.14267,1.14045,1.14059
2016-05-12 08:00:00,1.14058,1.1414,1.13774,1.13803
2016-05-12 12:00:00,1.13801,1.14141,1.1374,1.13799
2016-05-12 16:00:00,1.13799,1.13894,1.13713,1.13727
2016-05-12 20:00:00,1.13723,1.13793,1.13697,1.13734
2016-05-13 00:00:00,1.13731,1.13778,1.13659,1.13737
2016-05-13 04:00:00,1.13738,1.13762,1.13281,1.13436
2016-05-13 08:00:00,1.13434,1.13561,1.13363,1.13503
2016-05-13 12:00:00,1.13504,1.13559,1.12821,1.12932
2016-05-13 16:00:00,1.12931,1.1319,1.12855,1.13108
2016-05-13 20:00:00,1.1311,1.13125,1.13016,1.13031
2016-05-15 20:00:00,1.13071,1.13186,1.13004,1.13168
2016-05-16 00:00:00,1.13168,1.13168,1.13023,1.13062
2016-05-16 04:00:00,1.13063,1.13254,1.13057,1.13157
2016-05-16 08:00:00,1.13157,1.13302,1.13066,1.13205
2016-05-16 12:00:00,1.13206,1.13418,1.1316,1.13271
2016-05-16 16:00:00,1.1327,1.13343,1.13129,1.13185
2016-05-16 20:00:00,1.13184,1.1321,1.13123,1.13145
2016-05-17 00:00:00,1.13147,1.1325,1.13126,1.13175
2016-05-17 04:00:00,1.13174,1.13396,1.13105,1.13375
2016-05-17 08:00:00,1.13376,1.13383,1.13159,1.13195
2016-05-17 12:00:00,1.13197,1.13478,1.12976,1.13359
2016-05-17 16:00:00,1.13357,1.13402,1.13115,1.13144
2016-05-17 20:00:00,1.13143,1.13172,1.13087,1.13135
2016-05-18 00:00:00,1.13133,1.13156,1.12837,1.12864
2016-05-18 04:00:00,1.12865,1.12896,1.12554,1.1265
2016-05-18 08:00:00,1.12646,1.12883,1.12568,1.12842
2016-05-18 12:00:00,1.12844,1.12894,1.12594,1.12752
2016-05-18 16:00:00,1.12754,1.12921,1.12167,1.12176
2016-05-18 20:00:00,1.12179,1.12258,1.12136,1.12193
2016-05-19 00:00:00,1.12196,1.12286,1.12191,1.12213
2016-05-19 04:00:00,1.12216,1.12295,1.12048,1.12178
2016-05-19 08:00:00,1.12177,1.12254,1.11904,1.11918
2016-05-19 12:00:00,1.11921,1.12268,1.11793,1.12129
2016-05-19 16:00:00,1.12131,1.12131,1.11947,1.11949
2016-05-19 20:00:00,1.11948,1.12046,1.11948,1.12015
2016-05-20 00:00:00,1.12015,1.12096,1.11957,1.12054
2016-05-20 04:00:00,1.12056,1.12271,1.11997,1.12116
2016-05-20 08:00:00,1.12117,1.12276,1.12079,1.12202
2016-05-20 12:00:00,1.12201,1.12366,1.12036,1.12059
2016-05-20 16:00:00,1.1206,1.12274,1.12055,1.1216
2016-05-20 20:00:00,1.12159,1.12229,1.12155,1.12201
2016-05-22 20:00:00,1.12034,1.12224,1.12029,1.12198
2016-05-23 00:00:00,1.12197,1.12422,1.1219,1.12357
2016-05-23 04:00:00,1.12357,1.12389,1.12197,1.12206
2016-05-23 08:00:00,1.12204,1.12215,1.11998,1.12108
2016-05-23 12:00:00,1.12111,1.12169,1.11868,1.1191
2016-05-23 16:00:00,1.11911,1.12303,1.11911,1.12154
2016-05-23 20:00:00,1.12157,1.1221,1.12113,1.12125
2016-05-24 00:00:00,1.12121,1.12189,1.12021,1.12063
2016-05-24 04:00:00,1.12062,1.12264,1.11748,1.11819
2016-05-24 08:00:00,1.11818,1.11884,1.11679,1.11699
2016-05-24 12:00:00,1.11696,1.11753,1.11433,1.11436
2016-05-24 16:00:00,1.11434,1.11504,1.11318,1.11407
2016-05-24 20:00:00,1.11407,1.11437,1.1134,1.11348
2016-05-25 00:00:00,1.11344,1.11573,1.11338,1.11553
2016-05-25 04:00:00,1.11554,1.11559,1.11397,1.11446
2016-05-25 08:00:00,1.11448,1.11524,1.11355,1.11488
2016-05-25 12:00:00,1.11487,1.11647,1.11282,1.11519
2016-05-25 16:00:00,1.1152,1.11665,1.11508,1.1153
2016-05-25 20:00:00,1.11531,1.11579,1.1148,1.11544
2016-05-26 00:00:00,1.11546,1.1186,1.11535,1.11807
2016-05-26 04:00:00,1.11808,1.11893,1.11649,1.11693
2016-05-26 08:00:00,1.11694,1.11917,1.1166,1.11698
2016-05-26 12:00:00,1.117,1.12162,1.11573,1.11828
2016-05-26 16:00:00,1.11827,1.11929,1.11685,1.11877
2016-05-26 20:00:00,1.11878,1.11942,1.11878,1.11906
2016-05-27 00:00:00,1.11907,1.11989,1.1183,1.11874
2016-05-27 04:00:00,1.11873,1.12,1.11744,1.11755
2016-05-27 08:00:00,1.11754,1.11857,1.11625,1.11647
2016-05-27 12:00:00,1.11648,1.1176,1.11244,1.11388
2016-05-27 16:00:00,1.11389,1.11476,1.11104,1.11122
2016-05-27 20:00:00,1.11121,1.11138,1.11097,1.11107
2016-05-29 20:00:00,1.111,1.11146,1.11062,1.11077
2016-05-30 00:00:00,1.11073,1.11078,1.10971,1.11031
2016-05-30 04:00:00,1.11031,1.1127,1.11002,1.11215
2016-05-30 08:00:00,1.11218,1.11429,1.11217,1.11383
2016-05-30 12:00:00,1.11384,1.1144,1.11317,1.11364
2016-05-30 16:00:00,1.11365,1.1141,1.11275,1.11402
2016-05-30 20:00:00,1.11404,1.11488,1.1133,1.1147
2016-05-31 00:00:00,1.11472,1.11542,1.11415,1.11498
2016-05-31 04:00:00,1.11498,1.11507,1.11216,1.11252
2016-05-31 08:00:00,1.11255,1.11645,1.11223,1.11614
2016-05-31 12:00:00,1.11616,1.1173,1.11244,1.11334
2016-05-31 16:00:00,1.11333,1.11449,1.11245,1.11261
2016-05-31 20:00:00,1.11261,1.11342,1.11248,1.11336
2016-06-01 00:00:00,1.11335,1.11363,1.11136,1.11231
2016-06-01 04:00:00,1.1123,1.11552,1.11155,1.11517
2016-06-01 08:00:00,1.11517,1.1179,1.11451,1.11736
2016-06-01 12:00:00,1.11737,1.11853,1.11473,1.1163
2016-06-01 16:00:00,1.11633,1.11932,1.11496,1.1192
2016-06-01 20:00:00,1.11919,1.11928,1.11821,1.1187
2016-06-02 00:00:00,1.11872,1.12131,1.11855,1.12081
2016-06-02 04:00:00,1.12082,1.12194,1.11904,1.12125
2016-06-02 08:00:00,1.12124,1.12157,1.1183,1.11857
2016-06-02 12:00:00,1.11856,1.12152,1.11449,1.11555
2016-06-02 16:00:00,1.11556,1.11605,1.1147,1.11526
2016-06-02 20:00:00,1.11525,1.11548,1.11468,1.11509
2016-06-03 00:00:00,1.11507,1.11566,1.11408,1.11556
2016-06-03 04:00:00,1.11557,1.11582,1.11458,1.11491
2016-06-03 08:00:00,1.11493,1.11583,1.11362,1.11437
2016-06-03 12:00:00,1.11436,1.13494,1.11436,1.13272
2016-06-03 16:00:00,1.13275,1.13564,1.13228,1.13549
2016-06-03 20:00:00,1.1355,1.13727,1.13541,1.13651
2016-06-05 20:00:00,1.1353,1.13705,1.13441,1.13503
2016-06-06 00:00:00,1.13501,1.13536,1.13363,1.13392
2016-06-06 04:00:00,1.13394,1.13628,1.13356,1.13502
2016-06-06 08:00:00,1.135,1.13622,1.13302,1.13421
2016-06-06 12:00:00,1.13421,1.13708,1.1342,1.13519
2016-06-06 16:00:00,1.1352,1.13921,1.13244,1.13613
2016-06-06 20:00:00,1.13615,1.1364,1.13526,1.13622
2016-06-07 00:00:00,1.13623,1.13657,1.13496,1.1355
2016-06-07 04:00:00,1.13551,1.13718,1.13502,1.13651
2016-06-07 08:00:00,1.13647,1.13798,1.1338,1.13458
2016-06-07 12:00:00,1.13459,1.13664,1.13403,1.13486
2016-06-07 16:00:00,1.13487,1.13652,1.13426,1.13568
2016-06-07 20:00:00,1.1357,1.13602,1.13532,1.13551
2016-06-08 00:00:00,1.13551,1.13702,1.13538,1.13642
2016-06-08 04:00:00,1.13643,1.13767,1.13606,1.13672
2016-06-08 08:00:00,1.1367,1.13846,1.13639,1.13813
2016-06-08 12:00:00,1.13815,1.14101,1.13733,1.14004
2016-06-08 16:00:00,1.14003,1.14082,1.13909,1.13942
2016-06-08 20:00:00,1.13942,1.14055,1.13885,1.14017
2016-06-09 00:00:00,1.1402,1.1415,1.13951,1.14027
2016-06-09 04:00:00,1.14025,1.14063,1.13754,1.13799
2016-06-09 08:00:00,1.13797,1.13831,1.13289,1.13409
2016-06-09 12:00:00,1.13408,1.1352,1.1305,1.13279
2016-06-09 16:00:00,1.13276,1.13326,1.13121,1.13201
2016-06-09 20:00:00,1.13202,1.13213,1.13088,1.13093
2016-06-10 00:00:00,1.13094,1.13111,1.12915,1.12982
2016-06-10 04:00:00,1.12979,1.13209,1.12892,1.13153
2016-06-10 08:00:00,1.13151,1.13206,1.12814,1.13001
2016-06-10 12:00:00,1.13001,1.13118,1.12717,1.12796
2016-06-10 16:00:00,1.12795,1.12841,1.12448,1.12525
2016-06-10 20:00:00,1.12521,1.12581,1.1248,1.12493
2016-06-12 20:00:00,1.12471,1.12519,1.1233,1.12375
2016-06-13 00:00:00,1.12373,1.12545,1.12313,1.12518
2016-06-13 04:00:00,1.12517,1.12705,1.12464,1.1269
2016-06-13 08:00:00,1.12691,1.12775,1.12562,1.12689
2016-06-13 12:00:00,1.12686,1.13026,1.12371,1.128
2016-06-13 16:00:00,1.12802,1.12975,1.12762,1.12955
2016-06-13 20:00:00,1.12952,1.1298,1.12845,1.12868
2016-06-14 00:00:00,1.12867,1.12976,1.12845,1.12931
2016-06-14 04:00:00,1.12931,1.12941,1.12466,1.12504
2016-06-14 08:00:00,1.12506,1.12552,1.12079,1.12243
2016-06-14 12:00:00,1.12242,1.12406,1.11882,1.12038
2016-06-14 16:00:00,1.12041,1.12186,1.11992,1.12045
2016-06-14 20:00:00,1.12043,1.12137,1.12007,1.12097
2016-06-15 00:00:00,1.12098,1.12117,1.11892,1.1208
2016-06-15 04:00:00,1.12078,1.12287,1.11972,1.12196
2016-06-15 08:00:00,1.12195,1.12348,1.12126,1.12257
2016-06-15 12:00:00,1.12258,1.12515,1.12089,1.12372
2016-06-15 16:00:00,1.12373,1.1297,1.12325,1.12522
2016-06-15 20:00:00,1.12524,1.12667,1.12524,1.12604
2016-06-16 00:00:00,1.12603,1.12842,1.12575,1.12635
2016-06-16 04:00:00,1.12635,1.12945,1.12608,1.12724
2016-06-16 08:00:00,1.12724,1.1274,1.11737,1.11759
2016-06-16 12:00:00,1.11759,1.11877,1.11304,1.11565
2016-06-16 16:00:00,1.11566,1.12503,1.11544,1.12395
2016-06-16 20:00:00,1.12394,1.12706,1.12217,1.12706
2016-06-17 00:00:00,1.12709,1.12713,1.12524,1.12576
2016-06-17 04:00:00,1.12579,1.12631,1.12222,1.12465
2016-06-17 08:00:00,1.1246,1.12674,1.12407,1.12526
2016-06-17 12:00:00,1.12527,1.12956,1.12414,1.12541
2016-06-17 16:00:00,1.12542,1.12869,1.1254,1.12783
2016-06-17 20:00:00,1.12781,1.12792,1.12698,1.12722
2016-06-19 20:00:00,1.13276,1.13566,1.13073,1.13463
2016-06-20 00:00:00,1.13462,1.13771,1.13388,1.13734
2016-06-20 04:00:00,1.13736,1.1382,1.13352,1.13399
2016-06-20 08:00:00,1.13399,1.13515,1.13213,1.13275
2016-06-20 12:00:00,1.13276,1.13567,1.13057,1.13172
2016-06-20 16:00:00,1.1317,1.13215,1.13014,1.13055
2016-06-20 20:00:00,1.13057,1.13219,1.13031,1.1321
2016-06-21 00:00:00,1.13212,1.13425,1.13205,1.13288
2016-06-21 04:00:00,1.13291,1.1349,1.13284,1.13396
2016-06-21 08:00:00,1.13395,1.13461,1.13097,1.13102
2016-06-21 12:00:00,1.13103,1.13193,1.12425,1.12608
2016-06-21 16:00:00,1.12609,1.12666,1.12475,1.12509
2016-06-21 20:00:00,1.12511,1.12588,1.12407,1.12489
2016-06-22 00:00:00,1.12491,1.12693,1.12352,1.12672
2016-06-22 04:00:00,1.12674,1.12755,1.12529,1.12734
2016-06-22 08:00:00,1.12735,1.12993,1.12648,1.12817
2016-06-22 12:00:00,1.12819,1.13372,1.12687,1.12861
2016-06-22 16:00:00,1.12858,1.13183,1.12844,1.13003
2016-06-22 20:00:00,1.13008,1.13463,1.12921,1.13251
2016-06-23 00:00:00,1.13254,1.13491,1.13178,1.13445
2016-06-23 04:00:00,1.13444,1.13486,1.13167,1.13186
2016-06-23 08:00:00,1.13184,1.14202,1.13162,1.13887
2016-06-23 12:00:00,1.13889,1.14047,1.13397,1.13694
2016-06-23 16:00:00,1.13692,1.13925,1.1341,1.1381
2016-06-23 20:00:00,1.13814,1.14263,1.12661,1.13306
2016-06-24 00:00:00,1.13303,1.13359,1.09096,1.09724
2016-06-24 04:00:00,1.09735,1.11884,1.0934,1.11545
2016-06-24 08:00:00,1.11545,1.11793,1.10417,1.10486
2016-06-24 12:00:00,1.10484,1.11335,1.10339,1.11205
2016-06-24 16:00:00,1.11204,1.11793,1.10855,1.10859
2016-06-24 20:00:00,1.1086,1.11135,1.10806,1.10986
2016-06-26 20:00:00,1.10047,1.1074,1.10005,1.10383
2016-06-27 00:00:00,1.10385,1.10485,1.09835,1.1028
2016-06-27 04:00:00,1.10278,1.1067,1.09985,1.10643
2016-06-27 08:00:00,1.10644,1.10829,1.09811,1.09923
2016-06-27 12:00:00,1.09925,1.1028,1.097,1.10214
2016-06-27 16:00:00,1.10215,1.10436,1.09952,1.10172
2016-06-27 20:00:00,1.1017,1.10268,1.10094,1.1013
2016-06-28 00:00:00,1.1013,1.10584,1.10122,1.10556
2016-06-28 04:00:00,1.10558,1.10766,1.1047,1.10686
2016-06-28 08:00:00,1.10686,1.11112,1.10523,1.10698
2016-06-28 12:00:00,1.10704,1.10841,1.10356,1.10521
2016-06-28 16:00:00,1.1052,1.10789,1.10341,1.10775
2016-06-28 20:00:00,1.10776,1.109,1.1059,1.1075
2016-06-29 00:00:00,1.10751,1.10762,1.10482,1.10668
2016-06-29 04:00:00,1.10663,1.11028,1.1052,1.10719
2016-06-29 08:00:00,1.10716,1.10959,1.10512,1.10857
2016-06-29 12:00:00,1.10856,1.11299,1.10732,1.11162
2016-06-29 16:00:00,1.11158,1.11158,1.10909,1.1102
2016-06-29 20:00:00,1.11019,1.11268,1.10997,1.11215
2016-06-30 00:00:00,1.11217,1.1123,1.1098,1.11023
2016-06-30 04:00:00,1.11026,1.11192,1.10839,1.11151
2016-06-30 08:00:00,1.11148,1.11537,1.10978,1.11037
2016-06-30 12:00:00,1.11036,1.11236,1.103,1.10329
2016-06-30 16:00:00,1.10329,1.10986,1.10228,1.10936
2016-06-30 20:00:00,1.10934,1.11078,1.10869,1.11022
2016-07-01 00:00:00,1.11022,1.11162,1.10891,1.10895
2016-07-01 04:00:00,1.10893,1.11162,1.10712,1.11065
2016-07-01 08:00:00,1.11066,1.11379,1.10936,1.11192
2016-07-01 12:00:00,1.11193,1.11687,1.11119,1.11434
2016-07-01 16:00:00,1.11435,1.11546,1.11172,1.11342
2016-07-01 20:00:00,1.11341,1.11419,1.11249,1.11284
2016-07-03 20:00:00,1.11233,1.11366,1.11209,1.11271
2016-07-04 00:00:00,1.1127,1.11438,1.11247,1.11371
2016-07-04 04:00:00,1.11373,1.11435,1.11175,1.11223
2016-07-04 08:00:00,1.11222,1.11392,1.10972,1.11354
2016-07-04 12:00:00,1.11355,1.11473,1.11283,1.1143
2016-07-04 16:00:00,1.11428,1.11589,1.11418,1.11543
2016-07-04 20:00:00,1.11546,1.11582,1.11423,1.11438
2016-07-05 00:00:00,1.1144,1.11442,1.11244,1.11319
2016-07-05 04:00:00,1.1132,1.11856,1.11191,1.11543
2016-07-05 08:00:00,1.11541,1.11637,1.11296,1.11428
2016-07-05 12:00:00,1.11427,1.11668,1.10731,1.10787
2016-07-05 16:00:00,1.10789,1.10939,1.10618,1.10676
2016-07-05 20:00:00,1.10677,1.10753,1.10572,1.10632
2016-07-06 00:00:00,1.1063,1.10678,1.10349,1.1051
2016-07-06 04:00:00,1.10511,1.10725,1.10434,1.10644
2016-07-06 08:00:00,1.10643,1.10784,1.10428,1.10532
2016-07-06 12:00:00,1.10531,1.10873,1.1028,1.10747
2016-07-06 16:00:00,1.10746,1.1111,1.10719,1.1101
2016-07-06 20:00:00,1.11011,1.11029,1.10875,1.10963
2016-07-07 00:00:00,1.10963,1.10963,1.10734,1.10956
2016-07-07 04:00:00,1.10955,1.11066,1.10621,1.10626
2016-07-07 08:00:00,1.10626,1.11007,1.10556,1.10731
2016-07-07 12:00:00,1.1073,1.1099,1.1058,1.10638
2016-07-07 16:00:00,1.10636,1.10667,1.10519,1.10623
2016-07-07 20:00:00,1.10621,1.1068,1.10583,1.1063
2016-07-08 00:00:00,1.10629,1.1081,1.10617,1.10809
2016-07-08 04:00:00,1.10811,1.1089,1.10716,1.10757
2016-07-08 08:00:00,1.10755,1.10807,1.10566,1.10618
2016-07-08 12:00:00,1.10619,1.11198,1.10009,1.10353
2016-07-08 16:00:00,1.10355,1.10589,1.10345,1.10512
2016-07-08 20:00:00,1.10511,1.10554,1.10459,1.10459
2016-07-10 20:00:00,1.10452,1.10524,1.10408,1.10434
2016-07-11 00:00:00,1.10435,1.10549,1.10334,1.10536
2016-07-11 04:00:00,1.10534,1.10537,1.1015,1.10245
2016-07-11 08:00:00,1.10247,1.1059,1.10199,1.10458
2016-07-11 12:00:00,1.10456,1.10739,1.1035,1.10436
2016-07-11 16:00:00,1.10439,1.10627,1.10439,1.10566
2016-07-11 20:00:00,1.10568,1.10655,1.1054,1.1056
2016-07-12 00:00:00,1.10561,1.10903,1.10513,1.1077
2016-07-12 04:00:00,1.10769,1.11252,1.10728,1.11092
2016-07-12 08:00:00,1.11093,1.11217,1.10791,1.10918
2016-07-12 12:00:00,1.10919,1.11051,1.106,1.10723
2016-07-12 16:00:00,1.10721,1.10913,1.106,1.10617
2016-07-12 20:00:00,1.10613,1.10666,1.10577,1.10595
2016-07-13 00:00:00,1.10591,1.10691,1.1053,1.10611
2016-07-13 04:00:00,1.10612,1.10707,1.10416,1.10458
2016-07-13 08:00:00,1.10459,1.10845,1.10425,1.10737
2016-07-13 12:00:00,1.10738,1.11192,1.10661,1.1111
2016-07-13 16:00:00,1.11109,1.11162,1.10924,1.10931
2016-07-13 20:00:00,1.10934,1.11028,1.10865,1.10944
2016-07-14 00:00:00,1.10943,1.11154,1.10924,1.11042
2016-07-14 04:00:00,1.11041,1.11282,1.10874,1.10986
2016-07-14 08:00:00,1.10985,1.11642,1.10928,1.11511
2016-07-14 12:00:00,1.11513,1.11643,1.10974,1.11065
2016-07-14 16:00:00,1.11066,1.11291,1.11066,1.11128
2016-07-14 20:00:00,1.11127,1.11199,1.11015,1.11055
2016-07-15 00:00:00,1.11056,1.1139,1.11042,1.11299
2016-07-15 04:00:00,1.113,1.11389,1.11151,1.11322
2016-07-15 08:00:00,1.11325,1.11482,1.11207,1.1122
2016-07-15 12:00:00,1.11223,1.11336,1.10554,1.10576
2016-07-15 16:00:00,1.10577,1.10721,1.10522,1.10685
2016-07-15 20:00:00,1.10686,1.10695,1.10215,1.10303
2016-07-17 20:00:00,1.10454,1.10594,1.10437,1.10551
2016-07-18 00:00:00,1.10554,1.10706,1.10512,1.10636
2016-07-18 04:00:00,1.10639,1.10721,1.10457,1.10512
2016-07-18 08:00:00,1.10514,1.10607,1.10371,1.10569
2016-07-18 12:00:00,1.10568,1.10837,1.10465,1.10749
2016-07-18 16:00:00,1.1075,1.10816,1.10629,1.10709
2016-07-18 20:00:00,1.10705,1.10778,1.10655,1.10676
2016-07-19 00:00:00,1.10679,1.10798,1.10626,1.10777
2016-07-19 04:00:00,1.10773,1.10777,1.10478,1.10588
2016-07-19 08:00:00,1.10588,1.10768,1.10234,1.10313
2016-07-19 12:00:00,1.10312,1.10368,1.09992,1.1013
2016-07-19 16:00:00,1.10128,1.10204,1.10058,1.10187
2016-07-19 20:00:00,1.10184,1.10218,1.10112,1.10129
2016-07-20 00:00:00,1.10129,1.10204,1.09964,1.10109
2016-07-20 04:00:00,1.10111,1.10206,1.09808,1.09944
2016-07-20 08:00:00,1.09942,1.10215,1.09856,1.10112
2016-07-20 12:00:00,1.10114,1.10297,1.09906,1.10041
2016-07-20 16:00:00,1.10044,1.10207,1.09982,1.10172
2016-07-20 20:00:00,1.1017,1.10209,1.10009,1.1016
2016-07-21 00:00:00,1.10158,1.10433,1.10066,1.10356
2016-07-21 04:00:00,1.10357,1.10468,1.1022,1.1032
2016-07-21 08:00:00,1.10319,1.10411,1.10043,1.10114
2016-07-21 12:00:00,1.10115,1.10586,1.09786,1.10146
2016-07-21 16:00:00,1.10145,1.1023,1.10016,1.10214
2016-07-21 20:00:00,1.10209,1.10328,1.10179,1.10313
2016-07-22 00:00:00,1.10315,1.10326,1.10184,1.10236
2016-07-22 04:00:00,1.10237,1.10341,1.10157,1.1025
2016-07-22 08:00:00,1.10249,1.10404,1.10116,1.10238
2016-07-22 12:00:00,1.10237,1.10247,1.09656,1.09671
2016-07-22 16:00:00,1.0967,1.09735,1.09547,1.0973
2016-07-22 20:00:00,1.09727,1.0978,1.09697,1.09714
2016-07-24 20:00:00,1.09701,1.09745,1.09605,1.09681
2016-07-25 00:00:00,1.0968,1.09729,1.09514,1.09718
2016-07-25 04:00:00,1.09716,1.09783,1.096,1.09644
2016-07-25 08:00:00,1.09648,1.0996,1.09628,1.09833
2016-07-25 12:00:00,1.09831,1.09885,1.09674,1.0978
2016-07-25 16:00:00,1.09782,1.09981,1.0977,1.09899
2016-07-25 20:00:00,1.099,1.09959,1.09877,1.09886
2016-07-26 00:00:00,1.09882,1.09932,1.09823,1.0987
2016-07-26 04:00:00,1.09871,1.102,1.09858,1.10071
2016-07-26 08:00:00,1.1007,1.10295,1.09941,1.09967
2016-07-26 12:00:00,1.09965,1.10058,1.09775,1.09823
2016-07-26 16:00:00,1.09824,1.09923,1.09808,1.09874
2016-07-26 20:00:00,1.09873,1.09896,1.09821,1.09863
2016-07-27 00:00:00,1.09865,1.10006,1.09809,1.09974
2016-07-27 04:00:00,1.09976,1.10016,1.09863,1.10003
2016-07-27 08:00:00,1.10005,1.10053,1.09882,1.09916
2016-07-27 12:00:00,1.09917,1.10072,1.09832,1.09866
2016-07-27 16:00:00,1.09868,1.10643,1.0959,1.10521
2016-07-27 20:00:00,1.10523,1.10729,1.10497,1.10665
2016-07-28 00:00:00,1.10667,1.10764,1.10582,1.10724
2016-07-28 04:00:00,1.10723,1.11186,1.10634,1.11018
2016-07-28 08:00:00,1.11023,1.11134,1.10787,1.10825
2016-07-28 12:00:00,1.10824,1.11073,1.10791,1.1093
2016-07-28 16:00:00,1.10931,1.10931,1.10679,1.10749
2016-07-28 20:00:00,1.10748,1.10857,1.10723,1.10817
2016-07-29 00:00:00,1.10816,1.10955,1.1071,1.10901
2016-07-29 04:00:00,1.10899,1.1101,1.10734,1.10869
2016-07-29 08:00:00,1.10869,1.11141,1.10831,1.11133
2016-07-29 12:00:00,1.11135,1.1197,1.11043,1.11686
2016-07-29 16:00:00,1.11685,1.11884,1.11541,1.11773
2016-07-29 20:00:00,1.11775,1.11844,1.11683,1.11696
2016-07-31 20:00:00,1.11723,1.11825,1.11643,1.11664
2016-08-01 00:00:00,1.11663,1.11781,1.11653,1.11779
2016-08-01 04:00:00,1.11778,1.11809,1.11605,1.11679
2016-08-01 08:00:00,1.1168,1.1177,1.11545,1.11558
2016-08-01 12:00:00,1.11557,1.11786,1.11556,1.11745
2016-08-01 16:00:00,1.11745,1.11768,1.11607,1.11667
2016-08-01 20:00:00,1.11669,1.11681,1.1157,1.11665
2016-08-02 00:00:00,1.11661,1.11746,1.11617,1.11716
2016-08-02 04:00:00,1.11716,1.1208,1.11697,1.11991
2016-08-02 08:00:00,1.11992,1.12038,1.11862,1.11931
2016-08-02 12:00:00,1.11934,1.12299,1.11866,1.12235
2016-08-02 16:00:00,1.12236,1.12332,1.12185,1.1221
2016-08-02 20:00:00,1.12212,1.12261,1.12168,1.12171
2016-08-03 00:00:00,1.1217,1.12186,1.12075,1.12119
2016-08-03 04:00:00,1.1212,1.12166,1.11997,1.12107
2016-08-03 08:00:00,1.12108,1.12127,1.11894,1.12017
2016-08-03 12:00:00,1.12016,1.12041,1.11615,1.11695
2016-08-03 16:00:00,1.11695,1.11759,1.11398,1.11474
2016-08-03 20:00:00,1.11473,1.1151,1.11461,1.11496
2016-08-04 00:00:00,1.11494,1.11557,1.11346,1.11439
2016-08-04 04:00:00,1.11438,1.11468,1.11268,1.11351
2016-08-04 08:00:00,1.1135,1.11402,1.11134,1.11213
2016-08-04 12:00:00,1.11215,1.11483,1.11211,1.11327
2016-08-04 16:00:00,1.11328,1.11397,1.11256,1.11304
2016-08-04 20:00:00,1.11303,1.11345,1.11246,1.11343
2016-08-05 00:00:00,1.11341,1.11349,1.11281,1.11338
2016-08-05 04:00:00,1.11336,1.11438,1.1132,1.11384
2016-08-05 08:00:00,1.11383,1.116,1.11374,1.11536
2016-08-05 12:00:00,1.11537,1.11606,1.10452,1.1079
2016-08-05 16:00:00,1.10789,1.11048,1.10776,1.10871
2016-08-05 20:00:00,1.10868,1.10886,1.10817,1.10832
2016-08-07 20:00:00,1.10759,1.10916,1.10759,1.10863
2016-08-08 00:00:00,1.10862,1.11033,1.108,1.11028
2016-08-08 04:00:00,1.11027,1.11043,1.10814,1.10879
2016-08-08 08:00:00,1.10876,1.10968,1.10783,1.1084
2016-08-08 12:00:00,1.10839,1.10873,1.10714,1.10759
2016-08-08 16:00:00,1.10758,1.10855,1.10744,1.10824
2016-08-08 20:00:00,1.10822,1.10878,1.10805,1.10842
2016-08-09 00:00:00,1.10842,1.10898,1.10698,1.10845
2016-08-09 04:00:00,1.10844,1.10861,1.10703,1.10766
2016-08-09 08:00:00,1.10767,1.10956,1.10747,1.1077
2016-08-09 12:00:00,1.10769,1.1122,1.1074,1.11089
2016-08-09 16:00:00,1.11087,1.1115,1.11001,1.11115
2016-08-09 20:00:00,1.11117,1.11186,1.11108,1.11171
2016-08-10 00:00:00,1.11169,1.11555,1.11165,1.11495
2016-08-10 04:00:00,1.11496,1.11548,1.11381,1.11429
2016-08-10 08:00:00,1.11428,1.11895,1.11411,1.11847
2016-08-10 12:00:00,1.11848,1.11893,1.11583,1.11698
2016-08-10 16:00:00,1.11696,1.11835,1.11659,1.11744
2016-08-10 20:00:00,1.11745,1.1191,1.11701,1.11846
2016-08-11 00:00:00,1.11847,1.11898,1.11666,1.1168
2016-08-11 04:00:00,1.11678,1.11723,1.11405,1.11479
2016-08-11 08:00:00,1.11476,1.1154,1.11354,1.11463
2016-08-11 12:00:00,1.11464,1.11816,1.11456,1.11678
2016-08-11 16:00:00,1.11679,1.1168,1.11365,1.11404
2016-08-11 20:00:00,1.11402,1.11406,1.11324,1.11377
2016-08-12 00:00:00,1.11374,1.1144,1.11308,1.11399
2016-08-12 04:00:00,1.114,1.11558,1.11339,1.11439
2016-08-12 08:00:00,1.11438,1.11586,1.11438,1.11494
2016-08-12 12:00:00,1.11496,1.12209,1.11495,1.1171
2016-08-12 16:00:00,1.11713,1.11722,1.11583,1.11609
2016-08-12 20:00:00,1.1161,1.11649,1.1156,1.11571
2016-08-14 20:00:00,1.11654,1.11681,1.11561,1.11638
2016-08-15 00:00:00,1.11638,1.11639,1.11527,1.11575
2016-08-15 04:00:00,1.11576,1.11751,1.1156,1.1173
2016-08-15 08:00:00,1.11729,1.11835,1.11644,1.11824
2016-08-15 12:00:00,1.11823,1.1203,1.11706,1.11977
2016-08-15 16:00:00,1.11978,1.11995,1.11798,1.11853
2016-08-15 20:00:00,1.11849,1.11864,1.11793,1.11813
2016-08-16 00:00:00,1.11812,1.11993,1.11767,1.11946
2016-08-16 04:00:00,1.11947,1.1272,1.11916,1.12694
2016-08-16 08:00:00,1.12693,1.12995,1.12545,1.1294
2016-08-16 12:00:00,1.12939,1.13218,1.12454,1.12757
2016-08-16 16:00:00,1.12757,1.1281,1.12639,1.12782
2016-08-16 20:00:00,1.12784,1.12804,1.1272,1.12754
2016-08-17 00:00:00,1.12755,1.12895,1.12705,1.12732
2016-08-17 04:00:00,1.12731,1.12753,1.1255,1.12692
2016-08-17 08:00:00,1.12689,1.12762,1.12534,1.12713
2016-08-17 12:00:00,1.12714,1.12789,1.12587,1.12617
2016-08-17 16:00:00,1.12618,1.13152,1.12392,1.12816
2016-08-17 20:00:00,1.12815,1.13055,1.12797,1.12984
2016-08-18 00:00:00,1.12986,1.13281,1.12947,1.13119
2016-08-18 04:00:00,1.13116,1.13298,1.13009,1.13149
2016-08-18 08:00:00,1.13151,1.13379,1.13048,1.13209
2016-08-18 12:00:00,1.13208,1.13392,1.13047,1.13325
2016-08-18 16:00:00,1.13322,1.13654,1.13248,1.13641
2016-08-18 20:00:00,1.13638,1.13658,1.13405,1.13468
2016-08-19 00:00:00,1.13465,1.13473,1.13268,1.13325
2016-08-19 04:00:00,1.13323,1.13484,1.13119,1.13245
2016-08-19 08:00:00,1.13246,1.13292,1.13034,1.13188
2016-08-19 12:00:00,1.13186,1.13326,1.13062,1.13254
2016-08-19 16:00:00,1.13253,1.13305,1.13119,1.13275
2016-08-19 20:00:00,1.13275,1.13276,1.13193,1.13203
2016-08-21 20:00:00,1.13061,1.13198,1.12937,1.12972
2016-08-22 00:00:00,1.12975,1.13013,1.12704,1.12759
2016-08-22 04:00:00,1.12761,1.1288,1.12713,1.12813
2016-08-22 08:00:00,1.12813,1.13063,1.12796,1.1304
2016-08-22 12:00:00,1.13039,1.13301,1.13003,1.13121
2016-08-22 16:00:00,1.13125,1.13258,1.13122,1.13204
2016-08-22 20:00:00,1.13205,1.13232,1.13142,1.13169
2016-08-23 00:00:00,1.13167,1.13362,1.13148,1.13292
2016-08-23 04:00:00,1.13291,1.13547,1.13275,1.13439
2016-08-23 08:00:00,1.13438,1.13478,1.13217,1.13438
2016-08-23 12:00:00,1.13439,1.13439,1.13066,1.13067
2016-08-23 16:00:00,1.13066,1.13218,1.13029,1.13052
2016-08-23 20:00:00,1.13051,1.13095,1.12991,1.13011
2016-08-24 00:00:00,1.13012,1.13108,1.12928,1.12998
2016-08-24 04:00:00,1.12998,1.13051,1.12864,1.12974
2016-08-24 08:00:00,1.12975,1.13038,1.12553,1.12661
2016-08-24 12:00:00,1.12663,1.12702,1.12447,1.12555
2016-08-24 16:00:00,1.12556,1.12691,1.1253,1.12611
2016-08-24 20:00:00,1.12611,1.12668,1.12592,1.12601
2016-08-25 00:00:00,1.12599,1.12756,1.12587,1.127
2016-08-25 04:00:00,1.12702,1.12792,1.12643,1.12766
2016-08-25 08:00:00,1.12765,1.12969,1.1266,1.12868
2016-08-25 12:00:00,1.12869,1.12959,1.12705,1.12737
2016-08-25 16:00:00,1.12739,1.12838,1.12703,1.12798
2016-08-25 20:00:00,1.12795,1.12877,1.12762,1.12861
2016-08-26 00:00:00,1.12858,1.12932,1.12853,1.12895
2016-08-26 04:00:00,1.12896,1.13071,1.12841,1.1287
2016-08-26 08:00:00,1.12869,1.12943,1.12823,1.1291
2016-08-26 12:00:00,1.1291,1.13402,1.12282,1.12364
2016-08-26 16:00:00,1.12365,1.12394,1.11801,1.11928
2016-08-26 20:00:00,1.11929,1.11999,1.11887,1.1192
2016-08-28 20:00:00,1.11714,1.12,1.11714,1.11967
2016-08-29 00:00:00,1.11968,1.12039,1.11883,1.12001
2016-08-29 04:00:00,1.12002,1.12071,1.11706,1.1181
2016-08-29 08:00:00,1.11808,1.11915,1.11671,1.11681
2016-08-29 12:00:00,1.11679,1.1181,1.11575,1.118
2016-08-29 16:00:00,1.11803,1.11924,1.11719,1.11869
2016-08-29 20:00:00,1.1187,1.11918,1.11821,1.11899
2016-08-30 00:00:00,1.11896,1.11901,1.11673,1.11721
2016-08-30 04:00:00,1.11721,1.11751,1.11545,1.11687
2016-08-30 08:00:00,1.11687,1.11767,1.11617,1.11638
2016-08-30 12:00:00,1.11638,1.11709,1.11355,1.11497
2016-08-30 16:00:00,1.11496,1.11556,1.11314,1.11417
2016-08-30 20:00:00,1.11416,1.11508,1.11395,1.11494
2016-08-31 00:00:00,1.11493,1.11605,1.11358,1.1154
2016-08-31 04:00:00,1.1154,1.11615,1.11287,1.11315
2016-08-31 08:00:00,1.11315,1.11502,1.11298,1.1134
2016-08-31 12:00:00,1.11338,1.11494,1.11224,1.11449
2016-08-31 16:00:00,1.11446,1.11651,1.11446,1.11535
2016-08-31 20:00:00,1.11533,1.11613,1.11529,1.11558
2016-09-01 00:00:00,1.11558,1.11655,1.11514,1.1155
2016-09-01 04:00:00,1.11552,1.11562,1.11268,1.1129
2016-09-01 08:00:00,1.11289,1.11546,1.11273,1.11487
2016-09-01 12:00:00,1.11486,1.11983,1.11296,1.11931
2016-09-01 16:00:00,1.11929,1.12046,1.11882,1.12
2016-09-01 20:00:00,1.12003,1.12023,1.11915,1.11982
2016-09-02 00:00:00,1.11981,1.1202,1.1194,1.1201
2016-09-02 04:00:00,1.12008,1.12077,1.11854,1.11924
2016-09-02 08:00:00,1.11924,1.11939,1.11734,1.119
2016-09-02 12:00:00,1.11901,1.12515,1.11498,1.11567
2016-09-02 16:00:00,1.11568,1.11649,1.11512,1.11578
2016-09-02 20:00:00,1.11579,1.11579,1.11509,1.1152
2016-09-04 20:00:00,1.11549,1.11586,1.11503,1.11576
2016-09-05 00:00:00,1.11578,1.11688,1.11557,1.11662
2016-09-05 04:00:00,1.1166,1.11817,1.11619,1.11754
2016-09-05 08:00:00,1.11753,1.11816,1.1153,1.11613
2016-09-05 12:00:00,1.11613,1.1162,1.11384,1.11498
2016-09-05 16:00:00,1.11499,1.11531,1.11472,1.11473
2016-09-05 20:00:00,1.11472,1.11517,1.11442,1.11497
2016-09-06 00:00:00,1.11496,1.1157,1.114,1.11539
2016-09-06 04:00:00,1.11539,1.11685,1.11445,1.11594
2016-09-06 08:00:00,1.11592,1.11687,1.11581,1.11589
2016-09-06 12:00:00,1.11592,1.12551,1.11538,1.12359
2016-09-06 16:00:00,1.12358,1.12625,1.12341,1.12475
2016-09-06 20:00:00,1.12476,1.12569,1.12429,1.12453
2016-09-07 00:00:00,1.12454,1.12574,1.12325,1.12506
2016-09-07 04:00:00,1.12507,1.12647,1.12398,1.12407
2016-09-07 08:00:00,1.12408,1.12513,1.12353,1.12372
2016-09-07 12:00:00,1.12374,1.12708,1.12283,1.12364
2016-09-07 16:00:00,1.12363,1.12445,1.12288,1.12402
2016-09-07 20:00:00,1.12401,1.12426,1.12361,1.12377
2016-09-08 00:00:00,1.12378,1.12569,1.12336,1.12497
2016-09-08 04:00:00,1.12496,1.12697,1.12445,1.12681
2016-09-08 08:00:00,1.1268,1.13138,1.12654,1.12913
2016-09-08 12:00:00,1.12913,1.13266,1.12533,1.12558
2016-09-08 16:00:00,1.12558,1.12618,1.12401,1.1256
2016-09-08 20:00:00,1.12562,1.12706,1.1254,1.12677
2016-09-09 00:00:00,1.12673,1.12797,1.12617,1.12746
2016-09-09 04:00:00,1.12744,1.12844,1.12676,1.1272
2016-09-09 08:00:00,1.12721,1.12776,1.12591,1.12607
2016-09-09 12:00:00,1.12609,1.12708,1.11976,1.12131
2016-09-09 16:00:00,1.12129,1.12304,1.12024,1.12258
2016-09-09 20:00:00,1.12254,1.12348,1.12224,1.12284
2016-09-11 20:00:00,1.1234,1.124,1.12268,1.12399
2016-09-12 00:00:00,1.12397,1.125,1.12346,1.12416
2016-09-12 04:00:00,1.12414,1.12633,1.12389,1.12489
2016-09-12 08:00:00,1.12488,1.12578,1.121,1.1229
2016-09-12 12:00:00,1.12289,1.12378,1.1213,1.12286
2016-09-12 16:00:00,1.12286,1.12673,1.12178,1.12333
2016-09-12 20:00:00,1.1233,1.12413,1.12291,1.12399
2016-09-13 00:00:00,1.124,1.12405,1.12246,1.12331
2016-09-13 04:00:00,1.1233,1.12361,1.12161,1.12286
2016-09-13 08:00:00,1.12286,1.12392,1.12188,1.12332
2016-09-13 12:00:00,1.12334,1.12599,1.12231,1.12404
2016-09-13 16:00:00,1.12404,1.12461,1.12034,1.12132
2016-09-13 20:00:00,1.12131,1.12198,1.1209,1.12186
2016-09-14 00:00:00,1.12185,1.1226,1.12128,1.12244
2016-09-14 04:00:00,1.12242,1.12408,1.12185,1.12218
2016-09-14 08:00:00,1.12221,1.12355,1.12138,1.12212
2016-09-14 12:00:00,1.1221,1.12729,1.12155,1.12695
2016-09-14 16:00:00,1.12693,1.12732,1.12421,1.12494
2016-09-14 20:00:00,1.12495,1.12524,1.12414,1.12445
2016-09-15 00:00:00,1.12443,1.12491,1.12387,1.1243
2016-09-15 04:00:00,1.1243,1.12528,1.12184,1.12244
2016-09-15 08:00:00,1.12244,1.12503,1.12241,1.12463
2016-09-15 12:00:00,1.12462,1.12829,1.1225,1.12447
2016-09-15 16:00:00,1.12448,1.12523,1.12356,1.12444
2016-09-15 20:00:00,1.12445,1.12494,1.1239,1.12464
2016-09-16 00:00:00,1.12463,1.12474,1.12355,1.1241
2016-09-16 04:00:00,1.1241,1.12426,1.12294,1.12338
2016-09-16 08:00:00,1.1234,1.12374,1.12147,1.12275
2016-09-16 12:00:00,1.12277,1.12292,1.11534,1.11581
2016-09-16 16:00:00,1.1158,1.11644,1.11489,1.11532
2016-09-16 20:00:00,1.11531,1.1158,1.11506,1.11539
2016-09-18 20:00:00,1.11505,1.11601,1.11505,1.11574
2016-09-19 00:00:00,1.11572,1.11721,1.11531,1.11667
2016-09-19 04:00:00,1.11665,1.11727,1.1156,1.11588
2016-09-19 08:00:00,1.11589,1.11708,1.11502,1.11619
2016-09-19 12:00:00,1.11618,1.11973,1.11604,1.11781
2016-09-19 16:00:00,1.11782,1.11807,1.11693,1.11769
2016-09-19 20:00:00,1.11771,1.11796,1.11704,1.11765
2016-09-20 00:00:00,1.11764,1.11786,1.11682,1.11695
2016-09-20 04:00:00,1.11695,1.12129,1.11694,1.12011
2016-09-20 08:00:00,1.12012,1.12044,1.11738,1.11857
2016-09-20 12:00:00,1.1186,1.11868,1.1163,1.11716
2016-09-20 16:00:00,1.11716,1.11717,1.11544,1.11579
2016-09-20 20:00:00,1.11582,1.11582,1.11487,1.11526
2016-09-21 00:00:00,1.11528,1.11559,1.11453,1.1149
2016-09-21 04:00:00,1.11489,1.11565,1.11221,1.11535
2016-09-21 08:00:00,1.11534,1.11581,1.11385,1.11491
2016-09-21 12:00:00,1.11491,1.11674,1.11329,1.1163
2016-09-21 16:00:00,1.11631,1.11958,1.11325,1.1186
2016-09-21 20:00:00,1.11857,1.11928,1.11812,1.11886
2016-09-22 00:00:00,1.11885,1.12013,1.11842,1.11934
2016-09-22 04:00:00,1.11932,1.12396,1.11913,1.12255
2016-09-22 08:00:00,1.12255,1.12473,1.12255,1.12353
2016-09-22 12:00:00,1.12351,1.12565,1.12261,1.1228
2016-09-22 16:00:00,1.12279,1.12319,1.11988,1.12037
2016-09-22 20:00:00,1.1204,1.12102,1.12018,1.12075
2016-09-23 00:00:00,1.12073,1.1211,1.11933,1.11973
2016-09-23 04:00:00,1.1197,1.12177,1.11947,1.12019
2016-09-23 08:00:00,1.12018,1.12243,1.11952,1.12145
2016-09-23 12:00:00,1.12146,1.12281,1.12007,1.12221
2016-09-23 16:00:00,1.12222,1.124,1.12187,1.12265
2016-09-23 20:00:00,1.12263,1.12318,1.12191,1.12214
2016-09-25 20:00:00,1.12283,1.12405,1.12209,1.12369
2016-09-26 00:00:00,1.12371,1.1241,1.12261,1.12288
2016-09-26 04:00:00,1.12286,1.12363,1.12202,1.123
2016-09-26 08:00:00,1.12301,1.12644,1.12298,1.12612
2016-09-26 12:00:00,1.12611,1.12786,1.12474,1.12683
2016-09-26 16:00:00,1.12682,1.12692,1.12485,1.12535
2016-09-26 20:00:00,1.12534,1.12549,1.12478,1.12494
2016-09-27 00:00:00,1.12493,1.12521,1.12376,1.12429
2016-09-27 04:00:00,1.12431,1.12583,1.12401,1.12473
2016-09-27 08:00:00,1.12472,1.12516,1.12225,1.12251
2016-09-27 12:00:00,1.12252,1.12281,1.11903,1.12069
2016-09-27 16:00:00,1.12068,1.12254,1.12041,1.12213
2016-09-27 20:00:00,1.12213,1.12213,1.121,1.12163
2016-09-28 00:00:00,1.12161,1.12162,1.1202,1.12111
2016-09-28 04:00:00,1.1211,1.1214,1.11814,1.11918
2016-09-28 08:00:00,1.11917,1.12233,1.11915,1.12176
2016-09-28 12:00:00,1.12178,1.12363,1.11866,1.11995
2016-09-28 16:00:00,1.11991,1.12201,1.11951,1.12143
2016-09-28 20:00:00,1.1214,1.12264,1.12126,1.12227
2016-09-29 00:00:00,1.12226,1.12327,1.12187,1.12326
2016-09-29 04:00:00,1.12327,1.12352,1.12151,1.12203
2016-09-29 08:00:00,1.12202,1.1225,1.12095,1.1222
2016-09-29 12:00:00,1.12219,1.12466,1.11963,1.12436
2016-09-29 16:00:00,1.12437,1.12492,1.12035,1.12176
2016-09-29 20:00:00,1.12174,1.1224,1.12149,1.12181
2016-09-30 00:00:00,1.12183,1.12207,1.12036,1.12165
2016-09-30 04:00:00,1.12168,1.12265,1.11673,1.11853
2016-09-30 08:00:00,1.11854,1.11905,1.11595,1.11599
2016-09-30 12:00:00,1.116,1.12502,1.11529,1.12374
2016-09-30 16:00:00,1.12373,1.12439,1.12207,1.12324
2016-09-30 20:00:00,1.12326,1.12437,1.12323,1.12373
2016-10-02 20:00:00,1.1227,1.12434,1.12235,1.12322
2016-10-03 00:00:00,1.12321,1.12406,1.12258,1.12335
2016-10-03 04:00:00,1.12335,1.12397,1.12201,1.12292
2016-10-03 08:00:00,1.1229,1.1241,1.12256,1.12349
2016-10-03 12:00:00,1.1235,1.12389,1.12046,1.12103
2016-10-03 16:00:00,1.12102,1.12193,1.12076,1.12123
2016-10-03 20:00:00,1.12121,1.12158,1.12059,1.12086
2016-10-04 00:00:00,1.12087,1.12109,1.1197,1.11985
2016-10-04 04:00:00,1.11983,1.12017,1.11644,1.11729
2016-10-04 08:00:00,1.11728,1.11805,1.11498,1.11626
2016-10-04 12:00:00,1.11627,1.12383,1.11373,1.1211
2016-10-04 16:00:00,1.12113,1.12145,1.11762,1.12034
2016-10-04 20:00:00,1.12031,1.12112,1.11989,1.12086
2016-10-05 00:00:00,1.12084,1.1228,1.12055,1.1221
2016-10-05 04:00:00,1.12211,1.12278,1.12088,1.12187
2016-10-05 08:00:00,1.1219,1.12328,1.12124,1.12156
2016-10-05 12:00:00,1.12155,1.12187,1.11892,1.11946
2016-10-05 16:00:00,1.11943,1.12197,1.11939,1.12044
2016-10-05 20:00:00,1.12044,1.1212,1.12034,1.12052
2016-10-06 00:00:00,1.12053,1.12097,1.11985,1.12002
2016-10-06 04:00:00,1.12003,1.12019,1.11838,1.11959
2016-10-06 08:00:00,1.11957,1.12089,1.11773,1.11831
2016-10-06 12:00:00,1.11834,1.11885,1.1146,1.11562
2016-10-06 16:00:00,1.11562,1.11647,1.11393,1.1149
2016-10-06 20:00:00,1.11491,1.1154,1.11242,1.1141
2016-10-07 00:00:00,1.11413,1.11459,1.11094,1.11119
2016-10-07 04:00:00,1.11122,1.11244,1.11037,1.11122
2016-10-07 08:00:00,1.11121,1.11441,1.11088,1.11413
2016-10-07 12:00:00,1.11414,1.12042,1.11161,1.11548
2016-10-07 16:00:00,1.11547,1.11977,1.11462,1.11955
2016-10-07 20:00:00,1.11952,1.12008,1.11932,1.11977
2016-10-09 20:00:00,1.11775,1.1201,1.11756,1.1194
2016-10-10 00:00:00,1.11941,1.11996,1.11854,1.1193
2016-10-10 04:00:00,1.11928,1.11947,1.11678,1.11787
2016-10-10 08:00:00,1.11787,1.1185,1.11586,1.11601
2016-10-10 12:00:00,1.11601,1.11641,1.11477,1.11563
2016-10-10 16:00:00,1.11564,1.11573,1.11305,1.11349
2016-10-10 20:00:00,1.11349,1.11418,1.11327,1.114
2016-10-11 00:00:00,1.11399,1.11399,1.1119,1.11311
2016-10-11 04:00:00,1.11308,1.11368,1.11055,1.11119
2016-10-11 08:00:00,1.1112,1.11158,1.1071,1.10774
2016-10-11 12:00:00,1.10776,1.10981,1.10535,1.10606
2016-10-11 16:00:00,1.10605,1.10705,1.10481,1.10556
2016-10-11 20:00:00,1.10556,1.10671,1.10484,1.10567
2016-10-12 00:00:00,1.10568,1.10585,1.10408,1.10499
2016-10-12 04:00:00,1.10501,1.10603,1.1031,1.10562
2016-10-12 08:00:00,1.10562,1.10564,1.10091,1.10244
2016-10-12 12:00:00,1.10243,1.10446,1.10038,1.1012
2016-10-12 16:00:00,1.10122,1.10464,1.10084,1.10138
2016-10-12 20:00:00,1.1014,1.10154,1.10042,1.10098
2016-10-13 00:00:00,1.10099,1.10369,1.10008,1.10223
2016-10-13 04:00:00,1.10226,1.10244,1.09987,1.10107
2016-10-13 08:00:00,1.10108,1.10396,1.09847,1.10375
2016-10-13 12:00:00,1.10374,1.10464,1.10189,1.10373
2016-10-13 16:00:00,1.10376,1.10549,1.10357,1.10488
2016-10-13 20:00:00,1.1049,1.1057,1.1045,1.10475
2016-10-14 00:00:00,1.10472,1.10558,1.10302,1.10305
2016-10-14 04:00:00,1.10304,1.10318,1.10039,1.10116
2016-10-14 08:00:00,1.10115,1.10244,1.10032,1.10059
2016-10-14 12:00:00,1.10058,1.10269,1.09808,1.09842
2016-10-14 16:00:00,1.09843,1.10138,1.09704,1.09712
2016-10-14 20:00:00,1.0971,1.0976,1.09681,1.09688
2016-10-16 20:00:00,1.09667,1.09723,1.09647,1.09649
2016-10-17 00:00:00,1.09651,1.09834,1.09631,1.09825
2016-10-17 04:00:00,1.09827,1.09939,1.09715,1.09754
2016-10-17 08:00:00,1.09755,1.10027,1.09713,1.09927
2016-10-17 12:00:00,1.0993,1.10074,1.09886,1.09989
2016-10-17 16:00:00,1.09988,1.10063,1.09906,1.10035
2016-10-17 20:00:00,1.10032,1.10135,1.0994,1.10101
2016-10-18 00:00:00,1.10105,1.10257,1.10074,1.102
2016-10-18 04:00:00,1.10201,1.10236,1.10042,1.10145
2016-10-18 08:00:00,1.10147,1.10212,1.09954,1.0996
2016-10-18 12:00:00,1.09958,1.10128,1.09697,1.09956
2016-10-18 16:00:00,1.09958,1.0997,1.09764,1.098
2016-10-18 20:00:00,1.09797,1.09797,1.09735,1.09741
2016-10-19 00:00:00,1.0974,1.0999,1.09728,1.09897
2016-10-19 04:00:00,1.09896,1.09917,1.09732,1.09904
2016-10-19 08:00:00,1.09905,1.1004,1.0972,1.09741
2016-10-19 12:00:00,1.0974,1.09804,1.09545,1.09643
2016-10-19 16:00:00,1.09644,1.09708,1.09601,1.09691
2016-10-19 20:00:00,1.0969,1.098,1.09682,1.0974
2016-10-20 00:00:00,1.09741,1.09793,1.09636,1.09703
2016-10-20 04:00:00,1.09704,1.09769,1.09513,1.09743
2016-10-20 08:00:00,1.09743,1.09867,1.09603,1.09756
2016-10-20 12:00:00,1.09757,1.10385,1.09153,1.09331
2016-10-20 16:00:00,1.0933,1.09453,1.09248,1.09264
2016-10-20 20:00:00,1.09263,1.09292,1.0922,1.09288
2016-10-21 00:00:00,1.09289,1.09291,1.08953,1.0904
2016-10-21 04:00:00,1.09039,1.09115,1.08809,1.08814
2016-10-21 08:00:00,1.08813,1.09037,1.08772,1.08885
2016-10-21 12:00:00,1.08883,1.08887,1.08585,1.08651
2016-10-21 16:00:00,1.08651,1.08806,1.0859,1.08802
2016-10-21 20:00:00,1.08803,1.08881,1.08774,1.08789
2016-10-23 20:00:00,1.08815,1.0884,1.08728,1.08796
2016-10-24 00:00:00,1.08795,1.08834,1.0859,1.08674
2016-10-24 04:00:00,1.08673,1.08922,1.0864,1.08844
2016-10-24 08:00:00,1.08843,1.08992,1.08843,1.08891
2016-10-24 12:00:00,1.08893,1.08982,1.08756,1.08864
2016-10-24 16:00:00,1.08866,1.08869,1.08693,1.08731
2016-10-24 20:00:00,1.08729,1.08819,1.08674,1.08724
2016-10-25 00:00:00,1.08725,1.08796,1.08674,1.0879
2016-10-25 04:00:00,1.08789,1.08854,1.08685,1.0874
2016-10-25 08:00:00,1.08739,1.08929,1.08728,1.08745
2016-10-25 12:00:00,1.08744,1.08965,1.08503,1.08883
2016-10-25 16:00:00,1.08884,1.09044,1.08823,1.08891
2016-10-25 20:00:00,1.0889,1.08918,1.08834,1.08856
2016-10-26 00:00:00,1.08858,1.08917,1.08738,1.08889
2016-10-26 04:00:00,1.08886,1.09187,1.08838,1.0917
2016-10-26 08:00:00,1.09168,1.09325,1.09106,1.09216
2016-10-26 12:00:00,1.09217,1.0946,1.09073,1.09147
2016-10-26 16:00:00,1.09146,1.0919,1.08998,1.09006
2016-10-26 20:00:00,1.09009,1.09114,1.09002,1.09092
2016-10-27 00:00:00,1.09091,1.09105,1.08914,1.08996
2016-10-27 04:00:00,1.08997,1.09135,1.0897,1.09089
2016-10-27 08:00:00,1.09088,1.09284,1.09063,1.09267
2016-10-27 12:00:00,1.09266,1.09418,1.09012,1.09031
2016-10-27 16:00:00,1.09031,1.09064,1.08818,1.08973
2016-10-27 20:00:00,1.08972,1.09005,1.08924,1.08966
2016-10-28 00:00:00,1.08965,1.09108,1.08946,1.09074
2016-10-28 04:00:00,1.09075,1.0924,1.08987,1.09155
2016-10-28 08:00:00,1.09154,1.09215,1.09019,1.09206
2016-10-28 12:00:00,1.09205,1.09496,1.09108,1.09333
2016-10-28 16:00:00,1.0933,1.0991,1.09326,1.09822
2016-10-28 20:00:00,1.09824,1.09895,1.09811,1.09835
2016-10-30 20:00:00,1.09894,1.09902,1.09749,1.09818
2016-10-31 00:00:00,1.09818,1.09818,1.09605,1.0968
2016-10-31 04:00:00,1.09678,1.09713,1.09547,1.09605
2016-10-31 08:00:00,1.09604,1.0962,1.09448,1.09499
2016-10-31 12:00:00,1.09501,1.09624,1.09353,1.09612
2016-10-31 16:00:00,1.09612,1.09791,1.09567,1.09758
2016-10-31 20:00:00,1.09759,1.0982,1.09669,1.09702
2016-11-01 00:00:00,1.097,1.09715,1.09593,1.09604
2016-11-01 04:00:00,1.09606,1.09858,1.09605,1.09844
2016-11-01 08:00:00,1.09847,1.10336,1.09804,1.10266
2016-11-01 12:00:00,1.10265,1.10488,1.10089,1.10422
2016-11-01 16:00:00,1.10422,1.10684,1.10414,1.10503
2016-11-01 20:00:00,1.10504,1.10611,1.10504,1.10548
2016-11-02 00:00:00,1.1055,1.10675,1.1049,1.10667
2016-11-02 04:00:00,1.10666,1.10745,1.10614,1.10741
2016-11-02 08:00:00,1.10741,1.10993,1.10712,1.10982
2016-11-02 12:00:00,1.10983,1.1119,1.10803,1.11182
2016-11-02 16:00:00,1.11183,1.11225,1.10835,1.10914
2016-11-02 20:00:00,1.10915,1.10988,1.10899,1.10933
2016-11-03 00:00:00,1.10931,1.11253,1.10909,1.11158
2016-11-03 04:00:00,1.11159,1.11253,1.11078,1.11207
2016-11-03 08:00:00,1.11208,1.11208,1.1065,1.10737
2016-11-03 12:00:00,1.10738,1.10955,1.10594,1.10948
2016-11-03 16:00:00,1.10949,1.11199,1.10923,1.11061
2016-11-03 20:00:00,1.1106,1.11118,1.10975,1.1099
2016-11-04 00:00:00,1.10989,1.11073,1.10873,1.10944
2016-11-04 04:00:00,1.10943,1.11068,1.10862,1.10962
2016-11-04 08:00:00,1.10961,1.11067,1.10877,1.11026
2016-11-04 12:00:00,1.11026,1.11242,1.10792,1.11204
2016-11-04 16:00:00,1.11202,1.11373,1.11119,1.11371
2016-11-04 20:00:00,1.1137,1.11401,1.11293,1.11352
2016-11-06 20:00:00,1.10556,1.10987,1.1055,1.10941
2016-11-07 00:00:00,1.10941,1.11099,1.10698,1.10792
2016-11-07 04:00:00,1.10791,1.1085,1.10545,1.10585
2016-11-07 08:00:00,1.10583,1.1073,1.10477,1.10632
2016-11-07 12:00:00,1.10631,1.10723,1.10302,1.10334
2016-11-07 16:00:00,1.10333,1.10428,1.10266,1.10373
2016-11-07 20:00:00,1.10375,1.10493,1.1036,1.10485
2016-11-08 00:00:00,1.10482,1.10484,1.10292,1.10381
2016-11-08 04:00:00,1.1038,1.1056,1.10377,1.10546
2016-11-08 08:00:00,1.10547,1.10664,1.10408,1.10423
2016-11-08 12:00:00,1.1042,1.10537,1.10351,1.10459
2016-11-08 16:00:00,1.10461,1.10509,1.1008,1.10289
2016-11-08 20:00:00,1.10288,1.10337,1.10039,1.10171
2016-11-09 00:00:00,1.10173,1.12313,1.09887,1.1229
2016-11-09 04:00:00,1.12291,1.12989,1.1105,1.11164
2016-11-09 08:00:00,1.1117,1.11342,1.10286,1.109
2016-11-09 12:00:00,1.10901,1.10908,1.09297,1.09477
2016-11-09 16:00:00,1.09478,1.09572,1.09193,1.09315
2016-11-09 20:00:00,1.09318,1.09411,1.09062,1.09189
2016-11-10 00:00:00,1.09189,1.09528,1.09133,1.09365
2016-11-10 04:00:00,1.09364,1.09471,1.09215,1.09286
2016-11-10 08:00:00,1.09286,1.0946,1.08868,1.08979
2016-11-10 12:00:00,1.08983,1.09101,1.08643,1.08783
2016-11-10 16:00:00,1.08784,1.09029,1.08669,1.08904
2016-11-10 20:00:00,1.08905,1.08956,1.08785,1.08864
2016-11-11 00:00:00,1.08863,1.09229,1.0875,1.09025
2016-11-11 04:00:00,1.09027,1.09189,1.09008,1.09056
2016-11-11 08:00:00,1.09054,1.09093,1.08533,1.08738
2016-11-11 12:00:00,1.08739,1.09186,1.08495,1.08503
2016-11-11 16:00:00,1.08505,1.08633,1.08298,1.08434
2016-11-11 20:00:00,1.08436,1.08605,1.08436,1.08516
2016-11-13 20:00:00,1.08304,1.0839,1.08185,1.0822
2016-11-14 00:00:00,1.0822,1.08253,1.07723,1.07971
2016-11-14 04:00:00,1.07972,1.08054,1.07777,1.07826
2016-11-14 08:00:00,1.07823,1.07919,1.07275,1.07836
2016-11-14 12:00:00,1.07837,1.07849,1.07086,1.07217
2016-11-14 16:00:00,1.07219,1.07583,1.07113,1.0724
2016-11-14 20:00:00,1.07242,1.07496,1.0723,1.07449
2016-11-15 00:00:00,1.07446,1.07706,1.0744,1.07524
2016-11-15 04:00:00,1.07525,1.07806,1.07448,1.07741
2016-11-15 08:00:00,1.07737,1.08159,1.07655,1.07657
2016-11-15 12:00:00,1.07657,1.07725,1.07203,1.07272
2016-11-15 16:00:00,1.07272,1.074,1.07134,1.07159
2016-11-15 20:00:00,1.07158,1.07322,1.07141,1.07237
2016-11-16 00:00:00,1.07234,1.0759,1.072,1.07472
2016-11-16 04:00:00,1.07473,1.07561,1.06992,1.07051
2016-11-16 08:00:00,1.0705,1.07292,1.06941,1.06952
2016-11-16 12:00:00,1.06954,1.07223,1.06687,1.06714
2016-11-16 16:00:00,1.06713,1.07138,1.06655,1.06801
2016-11-16 20:00:00,1.06801,1.07111,1.06779,1.07057
2016-11-17 00:00:00,1.07056,1.07142,1.06911,1.06931
2016-11-17 04:00:00,1.06928,1.07187,1.06826,1.07141
2016-11-17 08:00:00,1.07139,1.07382,1.07076,1.07346
2016-11-17 12:00:00,1.07345,1.07449,1.06616,1.06726
2016-11-17 16:00:00,1.06728,1.06813,1.06225,1.06258
2016-11-17 20:00:00,1.06256,1.06292,1.06187,1.06216
2016-11-18 00:00:00,1.06212,1.06277,1.05811,1.06036
2016-11-18 04:00:00,1.06035,1.06113,1.05833,1.0604
2016-11-18 08:00:00,1.06039,1.06288,1.05832,1.06271
2016-11-18 12:00:00,1.0627,1.06424,1.05685,1.05731
2016-11-18 16:00:00,1.05732,1.06065,1.05698,1.05992
2016-11-18 20:00:00,1.05991,1.05997,1.0584,1.05868
2016-11-20 20:00:00,1.05895,1.05929,1.05771,1.05822
2016-11-21 00:00:00,1.05819,1.06129,1.05819,1.05954
2016-11-21 04:00:00,1.05952,1.06352,1.05903,1.06306
2016-11-21 08:00:00,1.06309,1.06484,1.06171,1.06317
2016-11-21 12:00:00,1.06318,1.06459,1.061,1.06212
2016-11-21 16:00:00,1.06213,1.06278,1.05891,1.0609
2016-11-21 20:00:00,1.06093,1.06395,1.06091,1.06372
2016-11-22 00:00:00,1.06369,1.06489,1.06244,1.0631
2016-11-22 04:00:00,1.0631,1.06326,1.0604,1.06187
2016-11-22 08:00:00,1.06188,1.06572,1.06115,1.06299
2016-11-22 12:00:00,1.06302,1.06305,1.0583,1.0583
2016-11-22 16:00:00,1.05829,1.06383,1.05829,1.06234
2016-11-22 20:00:00,1.06231,1.06336,1.06179,1.06325
2016-11-23 00:00:00,1.06324,1.06339,1.06191,1.06254
2016-11-23 04:00:00,1.06255,1.06431,1.06201,1.06237
2016-11-23 08:00:00,1.06237,1.0636,1.05995,1.06217
2016-11-23 12:00:00,1.06216,1.0623,1.05255,1.05321
2016-11-23 16:00:00,1.05319,1.05655,1.05291,1.05477
2016-11-23 20:00:00,1.05474,1.05567,1.05375,1.05412
2016-11-24 00:00:00,1.05413,1.05447,1.05245,1.05323
2016-11-24 04:00:00,1.05322,1.05499,1.05195,1.05359
2016-11-24 08:00:00,1.0536,1.05847,1.0517,1.0564
2016-11-24 12:00:00,1.05639,1.05775,1.05423,1.05609
2016-11-24 16:00:00,1.05607,1.0579,1.05475,1.05525
2016-11-24 20:00:00,1.05521,1.056,1.05458,1.05592
2016-11-25 00:00:00,1.05591,1.0576,1.05378,1.05747
2016-11-25 04:00:00,1.05747,1.06075,1.05644,1.05871
2016-11-25 08:00:00,1.05871,1.06142,1.05806,1.05853
2016-11-25 12:00:00,1.05852,1.06269,1.05839,1.06038
2016-11-25 16:00:00,1.0604,1.06064,1.05824,1.05825
2016-11-25 20:00:00,1.05827,1.05981,1.05823,1.05886
2016-11-27 20:00:00,1.06078,1.06097,1.05924,1.06082
2016-11-28 00:00:00,1.06078,1.06847,1.06058,1.06502
2016-11-28 04:00:00,1.06503,1.06647,1.06405,1.06564
2016-11-28 08:00:00,1.06562,1.06691,1.05938,1.0603
2016-11-28 12:00:00,1.06031,1.06102,1.0563,1.05817
2016-11-28 16:00:00,1.05817,1.06043,1.05707,1.05942
2016-11-28 20:00:00,1.05938,1.06212,1.0593,1.06181
2016-11-29 00:00:00,1.06179,1.06194,1.05878,1.05932
2016-11-29 04:00:00,1.0593,1.06087,1.05889,1.06023
2016-11-29 08:00:00,1.06024,1.06135,1.05815,1.05969
2016-11-29 12:00:00,1.05971,1.06334,1.05643,1.06166
2016-11-29 16:00:00,1.06169,1.06491,1.06062,1.06468
2016-11-29 20:00:00,1.06467,1.06538,1.06403,1.06466
2016-11-30 00:00:00,1.06463,1.06598,1.06275,1.06312
2016-11-30 04:00:00,1.06312,1.0641,1.0621,1.06226
2016-11-30 08:00:00,1.06225,1.0666,1.06186,1.06461
2016-11-30 12:00:00,1.06463,1.06533,1.05821,1.06085
2016-11-30 16:00:00,1.06082,1.06105,1.05518,1.05966
2016-11-30 20:00:00,1.05964,1.06016,1.05849,1.05894
2016-12-01 00:00:00,1.05894,1.06039,1.05875,1.0599
2016-12-01 04:00:00,1.05989,1.06293,1.05949,1.06139
2016-12-01 08:00:00,1.06137,1.06386,1.06022,1.06223
2016-12-01 12:00:00,1.06221,1.06343,1.05838,1.06116
2016-12-01 16:00:00,1.06118,1.06592,1.06045,1.06455
2016-12-01 20:00:00,1.06453,1.06682,1.06436,1.06618
2016-12-02 00:00:00,1.06615,1.06824,1.06601,1.06804
2016-12-02 04:00:00,1.06807,1.06895,1.06648,1.06696
2016-12-02 08:00:00,1.06694,1.06769,1.06356,1.06462
2016-12-02 12:00:00,1.06463,1.06739,1.06245,1.066
2016-12-02 16:00:00,1.06602,1.06804,1.06548,1.06581
2016-12-02 20:00:00,1.06579,1.06747,1.06555,1.06613
2016-12-04 20:00:00,1.06246,1.06676,1.05032,1.05665
2016-12-05 00:00:00,1.0566,1.05939,1.05368,1.05483
2016-12-05 04:00:00,1.05484,1.06186,1.05368,1.06027
2016-12-05 08:00:00,1.06023,1.07288,1.05949,1.06964
2016-12-05 12:00:00,1.06965,1.07394,1.06819,1.0724
2016-12-05 16:00:00,1.07241,1.07956,1.0717,1.07678
2016-12-05 20:00:00,1.0768,1.07702,1.07534,1.07561
2016-12-06 00:00:00,1.0756,1.07695,1.07494,1.07545
2016-12-06 04:00:00,1.07546,1.07669,1.07363,1.07618
2016-12-06 08:00:00,1.07619,1.07847,1.07282,1.0737
2016-12-06 12:00:00,1.07369,1.07527,1.07218,1.07315
2016-12-06 16:00:00,1.07317,1.07383,1.06977,1.07156
2016-12-06 20:00:00,1.07153,1.07229,1.0713,1.07182
2016-12-07 00:00:00,1.07181,1.07261,1.07119,1.07219
2016-12-07 04:00:00,1.07219,1.07264,1.07103,1.07124
2016-12-07 08:00:00,1.07122,1.07319,1.07092,1.07237
2016-12-07 12:00:00,1.07235,1.07675,1.07197,1.0766
2016-12-07 16:00:00,1.07661,1.07672,1.07409,1.07572
2016-12-07 20:00:00,1.07571,1.07665,1.07485,1.07582
2016-12-08 00:00:00,1.07582,1.07837,1.07479,1.07756
2016-12-08 04:00:00,1.07756,1.07795,1.07576,1.07637
2016-12-08 08:00:00,1.07635,1.08048,1.07596,1.07835
2016-12-08 12:00:00,1.07833,1.08724,1.06054,1.06144
2016-12-08 16:00:00,1.06144,1.06304,1.05968,1.06124
2016-12-08 20:00:00,1.06122,1.06232,1.06051,1.06205
2016-12-09 00:00:00,1.062,1.06201,1.05882,1.06054
2016-12-09 04:00:00,1.06052,1.06292,1.06034,1.062
2016-12-09 08:00:00,1.06199,1.06293,1.05687,1.05749
2016-12-09 12:00:00,1.0575,1.05801,1.0534,1.05343
2016-12-09 16:00:00,1.05346,1.05538,1.05303,1.05526
2016-12-09 20:00:00,1.05524,1.05605,1.0548,1.05581
2016-12-16 04:00:00,1.04287,1.04545,1.04247,1.04509
2016-12-16 08:00:00,1.04506,1.04718,1.04267,1.04478
2016-12-16 12:00:00,1.04476,1.04689,1.04,1.04093
2016-12-16 16:00:00,1.04092,1.04737,1.04085,1.04331
2016-12-16 20:00:00,1.0433,1.04518,1.04289,1.04462
2016-12-18 20:00:00,1.04375,1.04563,1.04348,1.0446
2016-12-19 00:00:00,1.04456,1.04686,1.0442,1.04576
2016-12-19 04:00:00,1.04577,1.0479,1.0455,1.04646
2016-12-19 08:00:00,1.04643,1.04699,1.04236,1.04277
2016-12-19 12:00:00,1.04276,1.04514,1.04107,1.04345
2016-12-19 16:00:00,1.04346,1.04514,1.03945,1.04035
2016-12-19 20:00:00,1.04034,1.04066,1.03919,1.04019
2016-12-20 00:00:00,1.04017,1.04174,1.03956,1.04142
2016-12-20 04:00:00,1.04141,1.04145,1.03751,1.03909
2016-12-20 08:00:00,1.03911,1.03974,1.0375,1.03781
2016-12-20 12:00:00,1.03783,1.03889,1.03517,1.0376
2016-12-20 16:00:00,1.03762,1.04074,1.03709,1.03882
2016-12-20 20:00:00,1.03881,1.03974,1.03823,1.03902
2016-12-21 00:00:00,1.03901,1.04184,1.03818,1.04094
2016-12-21 04:00:00,1.04091,1.04167,1.04005,1.04065
2016-12-21 08:00:00,1.04068,1.041,1.03879,1.04057
2016-12-21 12:00:00,1.04058,1.04505,1.04058,1.04321
2016-12-21 16:00:00,1.0432,1.04383,1.04189,1.04252
2016-12-21 20:00:00,1.04252,1.04332,1.04197,1.04257
2016-12-22 00:00:00,1.04252,1.04473,1.04246,1.04402
2016-12-22 04:00:00,1.04399,1.04557,1.04309,1.04374
2016-12-22 08:00:00,1.04372,1.04696,1.04326,1.04484
2016-12-22 12:00:00,1.04483,1.04987,1.04287,1.04581
2016-12-22 16:00:00,1.0458,1.04615,1.04317,1.04346
2016-12-22 20:00:00,1.04347,1.04391,1.04297,1.0437
2016-12-23 00:00:00,1.04372,1.04445,1.04347,1.04433
2016-12-23 04:00:00,1.04435,1.04519,1.04368,1.04386
2016-12-23 08:00:00,1.04385,1.04629,1.04353,1.04521
2016-12-23 12:00:00,1.04521,1.04685,1.04259,1.04611
2016-12-23 16:00:00,1.04611,1.04624,1.04429,1.04511
2016-12-23 20:00:00,1.0451,1.0457,1.04469,1.04502
2016-12-26 20:00:00,1.04491,1.04555,1.04489,1.04531
2016-12-27 00:00:00,1.04535,1.04544,1.04315,1.04354
2016-12-27 04:00:00,1.04353,1.04525,1.04341,1.04425
2016-12-27 08:00:00,1.04427,1.0455,1.04426,1.04492
2016-12-27 12:00:00,1.04491,1.04596,1.04396,1.0457
2016-12-27 16:00:00,1.04569,1.04628,1.045,1.04559
2016-12-27 20:00:00,1.0456,1.04611,1.04516,1.04604
2016-12-28 00:00:00,1.04604,1.04742,1.04576,1.04689
2016-12-28 04:00:00,1.04689,1.04794,1.04636,1.04662
2016-12-28 08:00:00,1.0466,1.04664,1.0409,1.04167
2016-12-28 12:00:00,1.04168,1.0418,1.03843,1.03927
2016-12-28 16:00:00,1.03929,1.04127,1.03715,1.04083
2016-12-28 20:00:00,1.04084,1.04221,1.04051,1.04135
2016-12-29 00:00:00,1.04138,1.04418,1.04134,1.04412
2016-12-29 04:00:00,1.04415,1.04643,1.04411,1.04511
2016-12-29 08:00:00,1.04508,1.04794,1.04419,1.04537
2016-12-29 12:00:00,1.04539,1.04911,1.0445,1.04873
2016-12-29 16:00:00,1.04875,1.04933,1.04668,1.04834
2016-12-29 20:00:00,1.04832,1.06515,1.04792,1.05644
2016-12-30 00:00:00,1.05639,1.05785,1.05195,1.05292
2016-12-30 04:00:00,1.05294,1.05458,1.05051,1.05066
2016-12-30 08:00:00,1.05062,1.05906,1.05059,1.05591
2016-12-30 12:00:00,1.0559,1.05767,1.05244,1.05464
2016-12-30 16:00:00,1.05465,1.05637,1.05249,1.05266
2017-01-02 20:00:00,1.0466,1.04697,1.0455,1.04568
2017-01-03 00:00:00,1.04566,1.04843,1.04563,1.04842
2017-01-03 04:00:00,1.0484,1.04896,1.04529,1.04599
2017-01-03 08:00:00,1.04596,1.04651,1.03805,1.03937
2017-01-03 12:00:00,1.03937,1.04075,1.03395,1.03837
2017-01-03 16:00:00,1.03838,1.04332,1.03778,1.04099
2017-01-03 20:00:00,1.04101,1.04231,1.04009,1.04167
2017-01-04 00:00:00,1.04166,1.04172,1.03891,1.04045
2017-01-04 04:00:00,1.04046,1.04209,1.03985,1.04165
2017-01-04 08:00:00,1.04162,1.0445,1.04144,1.04307
2017-01-04 12:00:00,1.04306,1.04806,1.0423,1.04756
2017-01-04 16:00:00,1.04757,1.04994,1.04513,1.04655
2017-01-04 20:00:00,1.04655,1.05006,1.04631,1.04963
2017-01-05 00:00:00,1.04962,1.05401,1.04955,1.05196
2017-01-05 04:00:00,1.05199,1.05741,1.05169,1.05587
2017-01-05 08:00:00,1.05586,1.05697,1.04818,1.04928
2017-01-05 12:00:00,1.04926,1.06083,1.04913,1.06019
2017-01-05 16:00:00,1.06018,1.06146,1.05852,1.05911
2017-01-05 20:00:00,1.05912,1.06124,1.05878,1.0603
2017-01-06 00:00:00,1.06027,1.0606,1.0575,1.05881
2017-01-06 04:00:00,1.05879,1.05905,1.05735,1.05836
2017-01-06 08:00:00,1.05837,1.06078,1.05804,1.05856
2017-01-06 12:00:00,1.05854,1.06192,1.05348,1.05724
2017-01-06 16:00:00,1.05725,1.0582,1.05245,1.05307
2017-01-06 20:00:00,1.05309,1.05349,1.05267,1.05267
2017-01-08 20:00:00,1.05278,1.05352,1.05252,1.05289
2017-01-09 00:00:00,1.05291,1.05439,1.05211,1.05291
2017-01-09 04:00:00,1.05292,1.05405,1.05156,1.05366
2017-01-09 08:00:00,1.05368,1.05556,1.05101,1.05239
2017-01-09 12:00:00,1.05237,1.05631,1.0512,1.05543
2017-01-09 16:00:00,1.05545,1.05821,1.05537,1.0577
2017-01-09 20:00:00,1.05772,1.05884,1.05572,1.05852
2017-01-10 00:00:00,1.0585,1.06267,1.0575,1.06149
2017-01-10 04:00:00,1.06149,1.06188,1.05887,1.05973
2017-01-10 08:00:00,1.0597,1.06197,1.05763,1.05778
2017-01-10 12:00:00,1.05777,1.06042,1.05578,1.05928
2017-01-10 16:00:00,1.05927,1.05976,1.05503,1.05578
2017-01-10 20:00:00,1.05576,1.05616,1.05502,1.05516
2017-01-11 00:00:00,1.05515,1.05656,1.05357,1.05448
2017-01-11 04:00:00,1.05449,1.05663,1.054,1.05577
2017-01-11 08:00:00,1.05576,1.05591,1.05127,1.05187
2017-01-11 12:00:00,1.05185,1.05203,1.04533,1.04735
2017-01-11 16:00:00,1.04737,1.06222,1.04577,1.0576
2017-01-11 20:00:00,1.05762,1.05985,1.05634,1.05937
2017-01-12 00:00:00,1.05937,1.06132,1.05709,1.06105
2017-01-12 04:00:00,1.06104,1.06424,1.05943,1.06289
2017-01-12 08:00:00,1.0629,1.06641,1.0619,1.06516
2017-01-12 12:00:00,1.06515,1.06841,1.0632,1.06518
2017-01-12 16:00:00,1.06519,1.06681,1.0621,1.06256
2017-01-12 20:00:00,1.06256,1.06284,1.06057,1.06151
2017-01-13 00:00:00,1.06147,1.06191,1.06031,1.06073
2017-01-13 04:00:00,1.0607,1.06404,1.06049,1.06307
2017-01-13 08:00:00,1.06307,1.0657,1.06245,1.06451
2017-01-13 12:00:00,1.06453,1.06695,1.05954,1.06224
2017-01-13 16:00:00,1.06227,1.06522,1.06111,1.06433
2017-01-13 20:00:00,1.06432,1.06467,1.06348,1.06383
2017-01-15 20:00:00,1.06012,1.0635,1.06007,1.06265
2017-01-16 00:00:00,1.06266,1.06336,1.06056,1.06102
2017-01-16 04:00:00,1.06101,1.06291,1.06039,1.06129
2017-01-16 08:00:00,1.06128,1.06169,1.05786,1.05931
2017-01-16 12:00:00,1.05932,1.06082,1.05849,1.06055
2017-01-16 16:00:00,1.06057,1.06079,1.05901,1.06015
2017-01-16 20:00:00,1.06017,1.06066,1.05944,1.06016
2017-01-17 00:00:00,1.06016,1.06296,1.06001,1.06239
2017-01-17 04:00:00,1.06236,1.0665,1.0622,1.06541
2017-01-17 08:00:00,1.0654,1.07188,1.06535,1.07086
2017-01-17 12:00:00,1.07086,1.07159,1.06665,1.06939
2017-01-17 16:00:00,1.06936,1.07126,1.06889,1.07082
2017-01-17 20:00:00,1.07081,1.07133,1.06954,1.0696
2017-01-18 00:00:00,1.0696,1.07119,1.06876,1.0697
2017-01-18 04:00:00,1.06969,1.06997,1.06753,1.06774
2017-01-18 08:00:00,1.06775,1.0704,1.06757,1.06863
2017-01-18 12:00:00,1.06864,1.07025,1.06541,1.06943
2017-01-18 16:00:00,1.06942,1.06953,1.06598,1.06706
2017-01-18 20:00:00,1.06711,1.06716,1.06234,1.06273
2017-01-19 00:00:00,1.0627,1.06448,1.06215,1.06381
2017-01-19 04:00:00,1.06382,1.06465,1.06317,1.06413
2017-01-19 08:00:00,1.06414,1.06698,1.0637,1.06634
2017-01-19 12:00:00,1.06631,1.06761,1.05882,1.06085
2017-01-19 16:00:00,1.06088,1.06597,1.06088,1.0659
2017-01-19 20:00:00,1.06592,1.06686,1.06544,1.06586
2017-01-20 00:00:00,1.06583,1.06929,1.06516,1.06847
2017-01-20 04:00:00,1.06846,1.06915,1.06705,1.06715
2017-01-20 08:00:00,1.06713,1.06831,1.06271,1.06382
2017-01-20 12:00:00,1.06383,1.0683,1.06245,1.06783
2017-01-20 16:00:00,1.0678,1.07087,1.06625,1.07043
2017-01-20 20:00:00,1.07044,1.07053,1.06889,1.06973
2017-01-22 20:00:00,1.06988,1.07158,1.06919,1.07121
2017-01-23 00:00:00,1.0712,1.07494,1.07087,1.07433
2017-01-23 04:00:00,1.07432,1.07544,1.07343,1.07417
2017-01-23 08:00:00,1.07416,1.07488,1.07222,1.07288
2017-01-23 12:00:00,1.07287,1.07515,1.07052,1.07472
2017-01-23 16:00:00,1.07469,1.07492,1.07192,1.07455
2017-01-23 20:00:00,1.07453,1.07715,1.07406,1.07586
2017-01-24 00:00:00,1.07585,1.07702,1.07445,1.07591
2017-01-24 04:00:00,1.07592,1.07621,1.07332,1.07369
2017-01-24 08:00:00,1.07367,1.07523,1.07247,1.07427
2017-01-24 12:00:00,1.07426,1.07745,1.07387,1.07518
2017-01-24 16:00:00,1.07521,1.07606,1.07211,1.07217
2017-01-24 20:00:00,1.07219,1.07329,1.07197,1.07277
2017-01-25 00:00:00,1.0728,1.07373,1.07212,1.07307
2017-01-25 04:00:00,1.07306,1.07366,1.07106,1.07129
2017-01-25 08:00:00,1.07129,1.07556,1.07123,1.07518
2017-01-25 12:00:00,1.07519,1.07693,1.07194,1.07402
2017-01-25 16:00:00,1.07404,1.07528,1.07195,1.07404
2017-01-25 20:00:00,1.07402,1.07537,1.07357,1.07518
2017-01-26 00:00:00,1.0752,1.07648,1.07513,1.07563
2017-01-26 04:00:00,1.0756,1.076,1.07286,1.07303
2017-01-26 08:00:00,1.07302,1.07433,1.07121,1.07307
2017-01-26 12:00:00,1.07307,1.07323,1.06693,1.06708
2017-01-26 16:00:00,1.0671,1.07034,1.06569,1.06978
2017-01-26 20:00:00,1.06977,1.06977,1.06618,1.06827
2017-01-27 00:00:00,1.06827,1.06881,1.06719,1.06743
2017-01-27 04:00:00,1.06742,1.06766,1.06576,1.06732
2017-01-27 08:00:00,1.06728,1.06978,1.0671,1.0693
2017-01-27 12:00:00,1.06928,1.07246,1.06703,1.07055
2017-01-27 16:00:00,1.07055,1.07081,1.06781,1.06983
2017-01-27 20:00:00,1.06982,1.06987,1.0691,1.06928
2017-01-29 20:00:00,1.07177,1.07186,1.07067,1.07163
2017-01-30 00:00:00,1.07165,1.07396,1.0715,1.07313
2017-01-30 04:00:00,1.07314,1.07346,1.0698,1.06994
2017-01-30 08:00:00,1.06996,1.07014,1.06551,1.06607
2017-01-30 12:00:00,1.06607,1.06921,1.06195,1.06871
2017-01-30 16:00:00,1.06872,1.07087,1.06774,1.06936
2017-01-30 20:00:00,1.06938,1.07079,1.06877,1.07068
2017-01-31 00:00:00,1.07069,1.07119,1.06903,1.0697
2017-01-31 04:00:00,1.06969,1.07041,1.06837,1.06993
2017-01-31 08:00:00,1.06992,1.07517,1.06904,1.07501
2017-01-31 12:00:00,1.07498,1.08101,1.0742,1.08093
2017-01-31 16:00:00,1.08093,1.08117,1.07716,1.08037
2017-01-31 20:00:00,1.08034,1.08041,1.07858,1.08004
2017-02-01 00:00:00,1.08001,1.08001,1.07873,1.0792
2017-02-01 04:00:00,1.07919,1.07933,1.07738,1.07803
2017-02-01 08:00:00,1.078,1.08026,1.07785,1.08015
2017-02-01 12:00:00,1.08012,1.08069,1.07359,1.07577
2017-02-01 16:00:00,1.07577,1.07888,1.07269,1.07758
2017-02-01 20:00:00,1.07757,1.07793,1.0761,1.07627
2017-02-02 00:00:00,1.07631,1.07926,1.07627,1.07882
2017-02-02 04:00:00,1.07884,1.07976,1.07771,1.07922
2017-02-02 08:00:00,1.07921,1.08185,1.07875,1.08104
2017-02-02 12:00:00,1.08103,1.08283,1.07981,1.08053
2017-02-02 16:00:00,1.08055,1.08117,1.07578,1.07641
2017-02-02 20:00:00,1.0764,1.07652,1.0753,1.07613
2017-02-03 00:00:00,1.07615,1.07712,1.07448,1.07546
2017-02-03 04:00:00,1.07544,1.07652,1.07481,1.07572
2017-02-03 08:00:00,1.07573,1.07622,1.07268,1.07302
2017-02-03 12:00:00,1.07301,1.0797,1.07075,1.07876
2017-02-03 16:00:00,1.07877,1.07937,1.07583,1.07658
2017-02-03 20:00:00,1.07655,1.07859,1.07645,1.07806
2017-02-05 20:00:00,1.07855,1.07883,1.07773,1.07817
2017-02-06 00:00:00,1.07818,1.0788,1.07731,1.07819
2017-02-06 04:00:00,1.0782,1.07827,1.0747,1.07519
2017-02-06 08:00:00,1.07517,1.07574,1.07327,1.07364
2017-02-06 12:00:00,1.07364,1.07434,1.07046,1.07383
2017-02-06 16:00:00,1.07384,1.07526,1.07283,1.07468
2017-02-06 20:00:00,1.07467,1.07546,1.07397,1.07426
2017-02-07 00:00:00,1.07425,1.07439,1.07032,1.07073
2017-02-07 04:00:00,1.07071,1.07133,1.068,1.06812
2017-02-07 08:00:00,1.06809,1.06836,1.06554,1.06712
2017-02-07 12:00:00,1.06712,1.06871,1.06622,1.06849
2017-02-07 16:00:00,1.06852,1.07057,1.06795,1.06956
2017-02-07 20:00:00,1.06956,1.06968,1.06745,1.06781
2017-02-08 00:00:00,1.0678,1.06903,1.0667,1.06884
2017-02-08 04:00:00,1.06883,1.0689,1.06544,1.06579
2017-02-08 08:00:00,1.06578,1.06634,1.06399,1.06487
2017-02-08 12:00:00,1.06486,1.07081,1.06455,1.07065
2017-02-08 16:00:00,1.07067,1.07135,1.06781,1.06857
2017-02-08 20:00:00,1.06856,1.06981,1.06835,1.06906
2017-02-09 00:00:00,1.06906,1.06952,1.0677,1.0689
2017-02-09 04:00:00,1.06889,1.06892,1.06694,1.06785
2017-02-09 08:00:00,1.06784,1.0709,1.06737,1.06801
2017-02-09 12:00:00,1.06802,1.06952,1.06554,1.06639
2017-02-09 16:00:00,1.06641,1.06712,1.06503,1.06576
2017-02-09 20:00:00,1.06573,1.06642,1.06522,1.06567
2017-02-10 00:00:00,1.06564,1.06672,1.06488,1.06617
2017-02-10 04:00:00,1.0662,1.0663,1.06384,1.06394
2017-02-10 08:00:00,1.06393,1.06494,1.06353,1.06391
2017-02-10 12:00:00,1.06389,1.06423,1.0607,1.06239
2017-02-10 16:00:00,1.06239,1.06522,1.06212,1.06319
2017-02-10 20:00:00,1.06319,1.06395,1.06296,1.06377
2017-02-12 20:00:00,1.06266,1.06362,1.06168,1.06182
2017-02-13 00:00:00,1.0618,1.06264,1.06113,1.06183
2017-02-13 04:00:00,1.06185,1.06434,1.06168,1.06424
2017-02-13 08:00:00,1.06423,1.06578,1.06329,1.06408
2017-02-13 12:00:00,1.06409,1.06463,1.05914,1.06037
2017-02-13 16:00:00,1.06038,1.06087,1.05936,1.05985
2017-02-13 20:00:00,1.05984,1.0601,1.05915,1.05984
2017-02-14 00:00:00,1.05982,1.06085,1.05908,1.06035
2017-02-14 04:00:00,1.06037,1.06233,1.06033,1.06066
2017-02-14 08:00:00,1.06066,1.06329,1.06064,1.06279
2017-02-14 12:00:00,1.06278,1.06299,1.05606,1.05633
2017-02-14 16:00:00,1.05634,1.05804,1.05605,1.05728
2017-02-14 20:00:00,1.0573,1.05794,1.05696,1.05777
2017-02-15 00:00:00,1.05776,1.05834,1.05646,1.05829
2017-02-15 04:00:00,1.05831,1.05856,1.05683,1.05739
2017-02-15 08:00:00,1.05738,1.05742,1.05421,1.05563
2017-02-15 12:00:00,1.05565,1.05799,1.05208,1.0573
2017-02-15 16:00:00,1.0573,1.06087,1.0572,1.05887
2017-02-15 20:00:00,1.05888,1.06064,1.05872,1.06025
2017-02-16 00:00:00,1.06022,1.0623,1.06,1.06127
2017-02-16 04:00:00,1.06128,1.06237,1.05993,1.06112
2017-02-16 08:00:00,1.06111,1.06408,1.06099,1.06333
2017-02-16 12:00:00,1.06331,1.0676,1.06296,1.06675
2017-02-16 16:00:00,1.06677,1.06788,1.06469,1.06756
2017-02-16 20:00:00,1.06754,1.06771,1.06644,1.06704
2017-02-17 00:00:00,1.06703,1.06761,1.06607,1.06737
2017-02-17 04:00:00,1.06734,1.0675,1.0654,1.06547
2017-02-17 08:00:00,1.06546,1.06583,1.06367,1.06462
2017-02-17 12:00:00,1.06461,1.06665,1.06231,1.06257
2017-02-17 16:00:00,1.06258,1.06332,1.06049,1.06056
2017-02-17 20:00:00,1.06057,1.06151,1.06043,1.06112
2017-02-19 20:00:00,1.06051,1.06324,1.0605,1.06246
2017-02-20 00:00:00,1.06245,1.06261,1.06021,1.06124
2017-02-20 04:00:00,1.06125,1.06266,1.06039,1.06161
2017-02-20 08:00:00,1.06159,1.06295,1.06121,1.0623
2017-02-20 12:00:00,1.06231,1.06283,1.06063,1.06202
2017-02-20 16:00:00,1.06203,1.06243,1.06068,1.06133
2017-02-20 20:00:00,1.06132,1.06157,1.06074,1.06081
2017-02-21 00:00:00,1.06081,1.06122,1.05777,1.05789
2017-02-21 04:00:00,1.05788,1.05886,1.05735,1.05768
2017-02-21 08:00:00,1.05771,1.05772,1.05317,1.05421
2017-02-21 12:00:00,1.05422,1.05494,1.05251,1.05365
2017-02-21 16:00:00,1.05366,1.05515,1.0527,1.05472
2017-02-21 20:00:00,1.05471,1.05492,1.05328,1.05406
2017-02-22 00:00:00,1.05407,1.05558,1.05403,1.05465
2017-02-22 04:00:00,1.05464,1.05468,1.05046,1.05077
2017-02-22 08:00:00,1.05076,1.05192,1.04932,1.04987
2017-02-22 12:00:00,1.04986,1.05487,1.0495,1.0548
2017-02-22 16:00:00,1.05478,1.05718,1.0526,1.05702
2017-02-22 20:00:00,1.05704,1.05735,1.05376,1.055
2017-02-23 00:00:00,1.05497,1.05663,1.05436,1.05658
2017-02-23 04:00:00,1.05657,1.05717,1.05372,1.05537
2017-02-23 08:00:00,1.05538,1.0564,1.05372,1.05519
2017-02-23 12:00:00,1.05519,1.05948,1.0547,1.05936
2017-02-23 16:00:00,1.05938,1.05938,1.05631,1.05719
2017-02-23 20:00:00,1.05718,1.05856,1.05718,1.05834
2017-02-24 00:00:00,1.05835,1.05844,1.0569,1.0581
2017-02-24 04:00:00,1.05809,1.05983,1.05761,1.0595
2017-02-24 08:00:00,1.05949,1.06097,1.057,1.06073
2017-02-24 12:00:00,1.06074,1.06175,1.05651,1.05661
2017-02-24 16:00:00,1.05661,1.05964,1.05565,1.05639
2017-02-24 20:00:00,1.0564,1.05675,1.05544,1.05563
2017-02-26 20:00:00,1.05616,1.0564,1.05511,1.05516
2017-02-27 00:00:00,1.05517,1.05746,1.0551,1.05611
2017-02-27 04:00:00,1.05613,1.05817,1.05612,1.0581
2017-02-27 08:00:00,1.0581,1.05911,1.05663,1.05826
2017-02-27 12:00:00,1.05825,1.06137,1.058,1.06128
2017-02-27 16:00:00,1.06129,1.06302,1.05802,1.0588
2017-02-27 20:00:00,1.05879,1.05912,1.05801,1.05834
2017-02-28 00:00:00,1.05832,1.05901,1.05643,1.05852
2017-02-28 04:00:00,1.05853,1.06031,1.05837,1.05944
2017-02-28 08:00:00,1.05942,1.06072,1.05758,1.06019
2017-02-28 12:00:00,1.06017,1.06294,1.0583,1.06249
2017-02-28 16:00:00,1.06252,1.06297,1.05904,1.05916
2017-02-28 20:00:00,1.05914,1.05975,1.05661,1.05686
2017-03-01 00:00:00,1.05684,1.05889,1.05536,1.05585
2017-03-01 04:00:00,1.05586,1.05598,1.05369,1.05394
2017-03-01 08:00:00,1.05396,1.05469,1.0525,1.05351
2017-03-01 12:00:00,1.05351,1.05593,1.05135,1.05549
2017-03-01 16:00:00,1.05551,1.05711,1.05424,1.05436
2017-03-01 20:00:00,1.05437,1.05543,1.05342,1.05354
2017-03-02 00:00:00,1.05354,1.05441,1.05277,1.05314
2017-03-02 04:00:00,1.05314,1.05404,1.05215,1.0539
2017-03-02 08:00:00,1.0539,1.05452,1.05199,1.0522
2017-03-02 12:00:00,1.05222,1.05278,1.04987,1.05242
2017-03-02 16:00:00,1.05243,1.05277,1.04943,1.0501
2017-03-02 20:00:00,1.05008,1.05086,1.04975,1.05063
2017-03-03 00:00:00,1.05063,1.05227,1.05017,1.05203
2017-03-03 04:00:00,1.05202,1.05266,1.05125,1.05204
2017-03-03 08:00:00,1.05204,1.05462,1.05101,1.05384
2017-03-03 12:00:00,1.05381,1.05728,1.05368,1.05618
2017-03-03 16:00:00,1.05619,1.06083,1.05407,1.05978
2017-03-03 20:00:00,1.05979,1.06233,1.05963,1.06171
2017-03-05 20:00:00,1.06075,1.0621,1.05988,1.06202
2017-03-06 00:00:00,1.06203,1.06206,1.0603,1.06048
2017-03-06 04:00:00,1.06049,1.06062,1.05913,1.05983
2017-03-06 08:00:00,1.05984,1.06395,1.05795,1.05798
2017-03-06 12:00:00,1.05797,1.06075,1.05761,1.05976
2017-03-06 16:00:00,1.05977,1.05986,1.05741,1.05865
2017-03-06 20:00:00,1.05864,1.05898,1.05753,1.05786
2017-03-07 00:00:00,1.05785,1.05929,1.05724,1.05887
2017-03-07 04:00:00,1.05888,1.05987,1.05794,1.05964
2017-03-07 08:00:00,1.05962,1.06022,1.05577,1.0574
2017-03-07 12:00:00,1.05741,1.05804,1.05603,1.05791
2017-03-07 16:00:00,1.05793,1.05881,1.05646,1.05666
2017-03-07 20:00:00,1.05663,1.05725,1.05626,1.05687
2017-03-08 00:00:00,1.05687,1.05734,1.05624,1.05656
2017-03-08 04:00:00,1.05658,1.05722,1.05554,1.05596
2017-03-08 08:00:00,1.05597,1.05635,1.05468,1.05601
2017-03-08 12:00:00,1.05599,1.0562,1.05334,1.0556
2017-03-08 16:00:00,1.05559,1.05573,1.05354,1.05482
2017-03-08 20:00:00,1.05481,1.05492,1.05371,1.05442
2017-03-09 00:00:00,1.05442,1.05443,1.05294,1.05299
2017-03-09 04:00:00,1.05301,1.0543,1.05244,1.05341
2017-03-09 08:00:00,1.0534,1.05691,1.05327,1.05609
2017-03-09 12:00:00,1.05611,1.06148,1.05415,1.05804
2017-03-09 16:00:00,1.05802,1.0596,1.05658,1.05913
2017-03-09 20:00:00,1.05914,1.05947,1.05702,1.0579
2017-03-10 00:00:00,1.05789,1.06001,1.05778,1.05945
2017-03-10 04:00:00,1.05944,1.0602,1.05877,1.05939
2017-03-10 08:00:00,1.05938,1.06187,1.05923,1.0607
2017-03-10 12:00:00,1.06069,1.06699,1.05937,1.06564
2017-03-10 16:00:00,1.06564,1.06916,1.06478,1.0691
2017-03-10 20:00:00,1.0691,1.06983,1.06676,1.06686
2017-03-12 20:00:00,1.06761,1.06922,1.06734,1.06889
2017-03-13 00:00:00,1.06887,1.06999,1.06799,1.06963
2017-03-13 04:00:00,1.06962,1.07139,1.0693,1.06953
2017-03-13 08:00:00,1.06952,1.06966,1.06627,1.06673
2017-03-13 12:00:00,1.06674,1.06786,1.0655,1.06685
2017-03-13 16:00:00,1.06682,1.06729,1.06525,1.06531
2017-03-13 20:00:00,1.0653,1.06558,1.06442,1.06504
2017-03-14 00:00:00,1.06505,1.06585,1.06495,1.06536
2017-03-14 04:00:00,1.06535,1.06621,1.06365,1.06369
2017-03-14 08:00:00,1.0637,1.06493,1.06282,1.06316
2017-03-14 12:00:00,1.06315,1.06464,1.06246,1.06445
2017-03-14 16:00:00,1.06444,1.06463,1.06018,1.06052
2017-03-14 20:00:00,1.06051,1.06124,1.05992,1.06112
2017-03-15 00:00:00,1.06113,1.06184,1.06102,1.06148
2017-03-15 04:00:00,1.06147,1.06388,1.06127,1.06378
2017-03-15 08:00:00,1.06373,1.06377,1.06174,1.0623
2017-03-15 12:00:00,1.06231,1.06366,1.06066,1.06308
2017-03-15 16:00:00,1.06307,1.0718,1.06183,1.07073
2017-03-15 20:00:00,1.07072,1.07397,1.07044,1.07368
2017-03-16 00:00:00,1.07367,1.07461,1.07186,1.07207
2017-03-16 04:00:00,1.07208,1.07401,1.07201,1.07251
2017-03-16 08:00:00,1.07248,1.07309,1.0705,1.07238
2017-03-16 12:00:00,1.07237,1.07429,1.07121,1.07358
2017-03-16 16:00:00,1.07359,1.07694,1.07071,1.07685
2017-03-16 20:00:00,1.07687,1.07737,1.07601,1.0771
2017-03-17 00:00:00,1.07712,1.07742,1.07639,1.07722
2017-03-17 04:00:00,1.07721,1.07821,1.07533,1.07533
2017-03-17 08:00:00,1.07533,1.07795,1.07311,1.07345
2017-03-17 12:00:00,1.07346,1.0756,1.07269,1.07407
2017-03-17 16:00:00,1.07407,1.07549,1.07366,1.07419
2017-03-17 20:00:00,1.07418,1.07419,1.07329,1.07367
2017-03-19 20:00:00,1.07323,1.07449,1.07316,1.07417
2017-03-20 00:00:00,1.07419,1.07626,1.07416,1.07594
2017-03-20 04:00:00,1.0759,1.07768,1.07562,1.07688
2017-03-20 08:00:00,1.07687,1.07709,1.07488,1.07488
2017-03-20 12:00:00,1.0749,1.07596,1.0743,1.07527
2017-03-20 16:00:00,1.07527,1.07549,1.07243,1.0743
2017-03-20 20:00:00,1.07429,1.07444,1.07187,1.07361
2017-03-21 00:00:00,1.07363,1.07694,1.07345,1.0755
2017-03-21 04:00:00,1.07552,1.07877,1.0754,1.07804
2017-03-21 08:00:00,1.07806,1.08119,1.07803,1.08086
2017-03-21 12:00:00,1.08087,1.08188,1.07924,1.0808
2017-03-21 16:00:00,1.08081,1.08182,1.07949,1.08102
2017-03-21 20:00:00,1.08101,1.08173,1.08015,1.08119
2017-03-22 00:00:00,1.08118,1.08124,1.07881,1.07936
2017-03-22 04:00:00,1.07933,1.08183,1.07911,1.08014
2017-03-22 08:00:00,1.08012,1.08092,1.07752,1.07865
2017-03-22 12:00:00,1.07865,1.08243,1.07842,1.07997
2017-03-22 16:00:00,1.07999,1.0816,1.07894,1.07947
2017-03-22 20:00:00,1.07948,1.08023,1.07884,1.07884
2017-03-23 00:00:00,1.07883,1.07948,1.07807,1.07888
2017-03-23 04:00:00,1.07884,1.08046,1.07874,1.07935
2017-03-23 08:00:00,1.07933,1.07945,1.07673,1.07839
2017-03-23 12:00:00,1.07841,1.07933,1.0773,1.07864
2017-03-23 16:00:00,1.07863,1.07905,1.07754,1.07833
2017-03-23 20:00:00,1.07832,1.07889,1.07773,1.07829
2017-03-24 00:00:00,1.07829,1.07851,1.07594,1.0768
2017-03-24 04:00:00,1.07679,1.07742,1.07603,1.07721
2017-03-24 08:00:00,1.07722,1.08121,1.07719,1.08057
2017-03-24 12:00:00,1.08055,1.08121,1.07899,1.08038
2017-03-24 16:00:00,1.08038,1.08177,1.07898,1.07929
2017-03-24 20:00:00,1.07928,1.08047,1.07915,1.07933
2017-03-26 20:00:00,1.08376,1.0849,1.0824,1.08447
2017-03-27 00:00:00,1.08446,1.08491,1.0837,1.08454
2017-03-27 04:00:00,1.08457,1.08731,1.08416,1.0865
2017-03-27 08:00:00,1.08651,1.08816,1.08528,1.08764
2017-03-27 12:00:00,1.08765,1.09057,1.08745,1.0881
2017-03-27 16:00:00,1.08807,1.08827,1.08617,1.08642
2017-03-27 20:00:00,1.08639,1.08661,1.08576,1.08603
2017-03-28 00:00:00,1.08604,1.08682,1.08545,1.08621
2017-03-28 04:00:00,1.08618,1.08719,1.08477,1.0858
2017-03-28 08:00:00,1.08579,1.08643,1.08449,1.08517
2017-03-28 12:00:00,1.08522,1.08714,1.08484,1.08507
2017-03-28 16:00:00,1.08505,1.08527,1.07982,1.08124
2017-03-28 20:00:00,1.08123,1.08235,1.08072,1.08157
2017-03-29 00:00:00,1.08159,1.08262,1.08081,1.08151
2017-03-29 04:00:00,1.08152,1.08157,1.07767,1.07846
2017-03-29 08:00:00,1.07845,1.07939,1.07463,1.0752
2017-03-29 12:00:00,1.0752,1.07655,1.07394,1.07549
2017-03-29 16:00:00,1.0755,1.0773,1.07485,1.07708
2017-03-29 20:00:00,1.07707,1.07716,1.07569,1.07574
2017-03-30 00:00:00,1.07575,1.0759,1.07405,1.07512
2017-03-30 04:00:00,1.07514,1.07677,1.07344,1.07362
2017-03-30 08:00:00,1.07363,1.07468,1.07297,1.07362
2017-03-30 12:00:00,1.07364,1.0753,1.072,1.07257
2017-03-30 16:00:00,1.07257,1.07273,1.06794,1.06796
2017-03-30 20:00:00,1.06797,1.06877,1.06704,1.06873
2017-03-31 00:00:00,1.06871,1.0688,1.06737,1.06751
2017-04-02 20:00:00,1.06581,1.06734,1.06546,1.06683
2017-04-03 00:00:00,1.06684,1.06804,1.06663,1.06783
2017-04-03 04:00:00,1.06784,1.06806,1.0658,1.06657
2017-04-03 08:00:00,1.06656,1.06738,1.06493,1.06552
2017-04-03 12:00:00,1.06547,1.06794,1.06417,1.06542
2017-04-03 16:00:00,1.06543,1.06722,1.06535,1.06717
2017-04-03 20:00:00,1.06717,1.06758,1.06599,1.06691
2017-04-04 00:00:00,1.06694,1.06732,1.06623,1.06674
2017-04-04 04:00:00,1.06676,1.06739,1.0644,1.06503
2017-04-04 08:00:00,1.06503,1.06627,1.06349,1.06472
2017-04-04 12:00:00,1.06471,1.06673,1.06463,1.06626
2017-04-04 16:00:00,1.06626,1.06727,1.06476,1.06663
2017-04-04 20:00:00,1.06662,1.06846,1.06648,1.06774
2017-04-05 00:00:00,1.06775,1.06827,1.06745,1.06766
2017-04-05 04:00:00,1.06768,1.06887,1.06674,1.06747
2017-04-05 08:00:00,1.06748,1.06858,1.06615,1.06801
2017-04-05 12:00:00,1.06803,1.06812,1.06512,1.06597
2017-04-05 16:00:00,1.06598,1.06787,1.06337,1.06775
2017-04-05 20:00:00,1.06774,1.06811,1.06603,1.06715
2017-04-06 00:00:00,1.06714,1.06836,1.06698,1.06749
2017-04-06 04:00:00,1.06747,1.06802,1.06282,1.06457
2017-04-06 08:00:00,1.06455,1.06753,1.06427,1.0659
2017-04-06 12:00:00,1.0659,1.06684,1.06451,1.06496
2017-04-06 16:00:00,1.06496,1.06561,1.06374,1.06412
2017-04-06 20:00:00,1.06411,1.06459,1.06393,1.06433
2017-04-07 00:00:00,1.06435,1.066,1.06369,1.06424
2017-04-07 04:00:00,1.06425,1.06537,1.06313,1.06355
2017-04-07 08:00:00,1.06356,1.0641,1.06226,1.06227
2017-04-07 12:00:00,1.0623,1.06636,1.06098,1.06139
2017-04-07 16:00:00,1.06139,1.06179,1.05801,1.05934
2017-04-07 20:00:00,1.05935,1.06017,1.0586,1.05872
2017-04-09 20:00:00,1.0585,1.05878,1.05722,1.05801
2017-04-10 00:00:00,1.05802,1.05852,1.05695,1.05817
2017-04-10 04:00:00,1.05816,1.05935,1.05789,1.05863
2017-04-10 08:00:00,1.05866,1.05891,1.05691,1.05749
2017-04-10 12:00:00,1.05748,1.06063,1.05723,1.06041
2017-04-10 16:00:00,1.06039,1.06058,1.05909,1.05921
2017-04-10 20:00:00,1.0592,1.06,1.05857,1.05967
2017-04-11 00:00:00,1.05966,1.06016,1.05803,1.05836
2017-04-11 04:00:00,1.05837,1.05947,1.0578,1.05897
2017-04-11 08:00:00,1.05895,1.06194,1.05892,1.06167
2017-04-11 12:00:00,1.06165,1.06295,1.06072,1.0613
2017-04-11 16:00:00,1.0613,1.06143,1.05998,1.06048
2017-04-11 20:00:00,1.06047,1.06107,1.05999,1.06097
2017-04-12 00:00:00,1.06096,1.06146,1.05943,1.06014
2017-04-12 04:00:00,1.06013,1.06219,1.05998,1.06187
2017-04-12 08:00:00,1.06187,1.06236,1.05966,1.06013
2017-04-12 12:00:00,1.06012,1.06215,1.05964,1.06101
2017-04-12 16:00:00,1.06102,1.06721,1.05883,1.06579
2017-04-12 20:00:00,1.0658,1.06743,1.06568,1.06693
2017-04-13 00:00:00,1.06692,1.06769,1.06594,1.06716
2017-04-13 04:00:00,1.06716,1.0677,1.06415,1.0644
2017-04-13 08:00:00,1.06439,1.06505,1.06225,1.06236
2017-04-13 12:00:00,1.06238,1.06353,1.06084,1.06293
2017-04-13 16:00:00,1.06296,1.06306,1.06115,1.06179
2017-04-13 20:00:00,1.06178,1.06188,1.06097,1.06143
2017-04-14 00:00:00,1.06141,1.0623,1.06078,1.0612
2017-04-14 04:00:00,1.06118,1.06208,1.0602,1.06191
2017-04-14 08:00:00,1.06192,1.06262,1.0615,1.06162
2017-04-14 12:00:00,1.06163,1.06292,1.06068,1.06215
2017-04-14 16:00:00,1.06219,1.0627,1.06098,1.06106
2017-04-14 20:00:00,1.0611,1.06122,1.06055,1.06089
2017-04-16 20:00:00,1.06125,1.06146,1.06015,1.06092
2017-04-17 00:00:00,1.06093,1.06255,1.06082,1.06172
2017-04-17 04:00:00,1.06173,1.06508,1.06141,1.06375
2017-04-17 08:00:00,1.06376,1.06425,1.06182,1.06406
2017-04-17 12:00:00,1.06405,1.06698,1.06403,1.06599
2017-04-17 16:00:00,1.06598,1.06598,1.06343,1.06386
2017-04-17 20:00:00,1.06387,1.06495,1.06342,1.06429
2017-04-18 00:00:00,1.06428,1.06524,1.06364,1.06466
2017-04-18 04:00:00,1.06463,1.06553,1.06403,1.06499
2017-04-18 08:00:00,1.065,1.0684,1.06453,1.06774
2017-04-18 12:00:00,1.06772,1.07082,1.06764,1.07052
2017-04-18 16:00:00,1.0705,1.07356,1.06957,1.07336
2017-04-18 20:00:00,1.07335,1.07349,1.07228,1.07266
2017-04-19 00:00:00,1.07269,1.0732,1.07168,1.07189
2017-04-19 04:00:00,1.07189,1.07366,1.07119,1.07304
2017-04-19 08:00:00,1.07302,1.07305,1.07074,1.07183
2017-04-19 12:00:00,1.07186,1.07279,1.06993,1.07059
2017-04-19 16:00:00,1.0706,1.07226,1.07041,1.07157
2017-04-19 20:00:00,1.07156,1.07165,1.07057,1.07141
2017-04-20 00:00:00,1.0714,1.07211,1.0709,1.072
2017-04-20 04:00:00,1.072,1.07493,1.07175,1.07479
2017-04-20 08:00:00,1.0748,1.07768,1.07418,1.07463
2017-04-20 12:00:00,1.07459,1.07765,1.07401,1.0757
2017-04-20 16:00:00,1.07568,1.07597,1.07144,1.07179
2017-04-20 20:00:00,1.07178,1.07204,1.07062,1.07132
2017-04-21 00:00:00,1.0713,1.07204,1.07117,1.07164
2017-04-21 04:00:00,1.0716,1.07373,1.07096,1.07206
2017-04-21 08:00:00,1.07208,1.07261,1.06875,1.06908
2017-04-21 12:00:00,1.06907,1.07104,1.06852,1.06934
2017-04-21 16:00:00,1.06935,1.07094,1.06818,1.07023
2017-04-21 20:00:00,1.07022,1.07288,1.0698,1.07216
2017-04-23 20:00:00,1.0888,1.09032,1.0864,1.08728
2017-04-24 00:00:00,1.0873,1.08761,1.08201,1.08436
2017-04-24 04:00:00,1.08434,1.08768,1.08312,1.08543
2017-04-24 08:00:00,1.08543,1.08765,1.08409,1.08415
2017-04-24 12:00:00,1.08415,1.08731,1.08413,1.08475
2017-04-24 16:00:00,1.08474,1.0869,1.08348,1.08676
2017-04-24 20:00:00,1.08675,1.08695,1.08615,1.08644
2017-04-25 00:00:00,1.08645,1.087,1.08508,1.08595
2017-04-25 04:00:00,1.08594,1.08929,1.08564,1.0885
2017-04-25 08:00:00,1.08851,1.08982,1.08703,1.08874
2017-04-25 12:00:00,1.08872,1.09407,1.0879,1.09403
2017-04-25 16:00:00,1.09403,1.09495,1.0925,1.09369
2017-04-25 20:00:00,1.09368,1.09369,1.09229,1.09271
2017-04-26 00:00:00,1.09273,1.09445,1.09267,1.0936
