Date,Close,High,Low,Open,Volume
2003-01-02,59.48181915283203,59.632044453452586,57.82936576147032,58.03183879078714,44516300
2003-01-03,59.664737701416016,59.68433123538436,59.10956597889644,59.37735756472012,32222600
2003-01-06,60.71627426147461,61.06243983332228,59.54714573753078,59.59286562469757,40984500
2003-01-07,60.5660514831543,60.98406328709473,60.219880942087386,60.67708477852421,38640400
2003-01-08,59.690818786621094,60.3504955005993,59.46875225933493,60.21986373476125,38702200
2003-01-09,60.61833190917969,60.85999713803025,59.70393370941314,59.97172032988865,34804900
2003-01-10,60.781620025634766,61.16044499698877,59.95866161860634,60.056629298183566,37768900
2003-01-13,60.76200866699219,61.30411958942496,60.37665595209586,61.09511362913818,31649900
2003-01-14,60.95793533325195,61.284507357988424,60.35704400367933,60.539923540236764,30733000
2003-01-15,60.350528717041016,61.11470628119445,60.03048943500238,61.09511275130771,33511800
2003-01-16,60.1023063659668,60.696669774894076,59.73001449967043,60.415817666418356,44812100
2003-01-17,59.21403884887695,60.285194635862254,58.88093400563964,59.42957258688379,35618300
2003-01-21,58.29310989379883,59.38385932556098,58.097164674027475,59.35120511099504,36826200
2003-01-22,57.58770751953125,58.652335470038295,57.47667423116348,57.97959293812504,42286500
2003-01-23,57.9404182434082,58.37802363774536,57.4440272830482,57.96654460796342,55919800
2003-01-24,56.41858673095703,57.920820185264404,56.28142706509152,57.86203462383969,68633900
2003-01-27,55.64788055419922,56.69291519884264,55.190681634488584,55.994051145516686,57884400
2003-01-28,56.05936813354492,56.43166012989202,55.60216420163605,55.92873630310175,46929100
2003-01-29,56.48392105102539,56.94112006612349,55.36703991696547,55.791584707039725,53712200
2003-01-30,55.144962310791016,56.74516352936291,55.12536878304357,56.686382946120595,49845900
2003-01-31,56.20957946777344,56.30755207907217,54.96207683205791,54.96207683205791,55317000
2003-02-03,56.32060241699219,56.69942210346082,56.118124413279006,56.26181687298106,39696000
2003-02-04,55.76546096801758,56.00712616345366,55.060068880458644,55.719741064350835,43633400
2003-02-05,55.41930389404297,56.52311957543668,55.17764364410224,56.00713487771703,55270600
2003-02-06,55.15802764892578,55.4454127016873,54.63551526028979,55.105779898228654,53638000
2003-02-07,54.48527145385742,55.5107073377294,54.19135864617877,55.458459604717454,43165000
2003-02-10,54.87065887451172,54.94903300823839,53.98238214957226,54.511427484611204,45455900
2003-02-11,54.491817474365234,55.438874513235916,54.099931974939246,55.10577457942579,46861000
2003-02-12,53.62311935424805,54.6159009868425,53.616586519231575,54.315455356294805,35873600
2003-02-13,53.78639602661133,53.988874012287084,52.904652809734195,53.655769247478496,57934100
2003-02-14,54.96206283569336,54.994717042414706,53.44023627926335,53.799467434847344,59580900
2003-02-18,55.92873001098633,56.03976830014465,55.11883268573332,55.21027246520894,39492700
2003-02-19,55.63479995727539,55.82421229426749,55.046969425764196,55.72623970850017,31432000
2003-02-20,55.07965087890625,55.79157565593375,54.8967713025357,55.65441597365583,29280100
2003-02-21,55.63479995727539,56.000558962174495,54.511391604407926,55.112282821911506,60955800
2003-02-24,54.733463287353516,55.517234009545305,54.59629867703187,55.47151413380233,30628600
2003-02-25,55.171085357666016,55.1841460476807,53.701511067849104,54.178303491345815,56770600
2003-02-26,54.367713928222656,55.21027042200486,54.263213462586805,54.87716553304583,37787200
2003-02-27,55.08616638183594,55.35395783226041,54.31546119224807,54.66815459154364,51126000
2003-02-28,55.4519157409668,55.66745441471384,54.96859067085198,55.17106367662462,43666800
2003-03-03,54.92290115356445,56.02671660226146,54.681240954568416,55.68708376279072,42923100
2003-03-04,54.04768753051758,54.870650693620526,53.98237410111788,54.831458649504505,31440500
2003-03-05,54.50489807128906,54.56368365837461,53.79297306868356,53.956259168337624,43974700
2003-03-06,54.04768753051758,54.55060641830006,53.86480793496031,54.12606663565437,41217700
2003-03-07,54.41997146606445,54.85757685936578,53.18552939654611,53.30309554521902,63538000
2003-03-10,53.113677978515625,54.11952048983999,52.969985479312996,53.94970162868288,41014100
2003-03-11,52.59117126464844,53.55782691866915,52.565049880543434,53.21819411125891,48102700
2003-03-12,52.94385528564453,52.96998164570817,51.84657307844028,52.499717130750106,62459800
2003-03-13,54.77267837524414,54.80533758168079,53.25085104424916,53.67539581244928,72117800
2003-03-14,54.94902420043945,55.367036123631685,54.43957248049237,54.99474409881688,63951800
2003-03-17,56.67985534667969,56.79088866957159,54.35466348802567,54.51141670758454,88217500
2003-03-18,57.01298141479492,57.05216848842491,56.35330410447463,56.921541587593715,50792300
2003-03-19,57.4505500793457,57.58118187929129,56.61452649206855,57.00641192571801,49630800
2003-03-20,57.57467269897461,57.86205281074221,56.399010931893564,57.039094556881174,67321600
2003-03-21,58.803585052490234,58.94129776886018,57.66253325743447,58.23306165655575,71165300
2003-03-24,56.84935760498047,57.80023305445881,56.626390635561236,57.72153794704278,65398900
2003-03-25,57.39365768432617,57.87893674726297,56.68542162526948,56.882151918212735,61040100
2003-03-26,57.10512161254883,57.61006822507726,56.92150466253848,57.41989209737037,45740800
2003-03-27,57.15102767944336,57.48547570806017,56.390323144265786,56.6591944033779,53120200
2003-03-28,56.86251449584961,57.23630778672482,56.56085719121255,56.70512916368886,32583000
2003-03-31,55.570613861083984,56.78380188846925,55.3476517925992,55.970638751660076,61119500
2003-04-01,56.42313003540039,56.652651295365445,55.682102823745154,55.90506490394314,53574000
2003-04-02,57.7871208190918,58.21337223372049,57.38053692771426,57.40676863069208,50431200
2003-04-03,57.51169967651367,58.35765347147242,57.4789137949149,58.27896335308612,48755500
2003-04-04,57.85272216796875,58.09535676808175,57.45925646241187,57.99043491475427,36250100
2003-04-07,57.74123764038086,59.57741248956991,57.68877421529865,59.242964408655304,69776200
2003-04-08,57.83306121826172,58.13471848638943,57.51828558884776,57.90519719576931,39712700
2003-04-09,57.072349548339844,58.42980959435869,56.90184589430796,57.9445353517015,55647300
2003-04-10,57.38711166381836,57.46580179090157,56.206709725698964,57.11168120946575,41812400
2003-04-11,57.15102767944336,58.167480114733216,56.960851545648964,57.81336455877048,47730100
2003-04-14,58.33143997192383,58.36423086694455,57.052675117125574,57.36089151884313,36711700
2003-04-15,58.87571716308594,58.87571716308594,57.98385915055111,58.259284565343386,49709800
2003-04-16,57.87238693237305,59.05934306900294,57.728115025629414,58.960980408211576,51788000
2003-04-17,58.73146438598633,58.83639124662694,57.83305190689451,57.90518787278791,37403100
2003-04-21,58.79046630859375,59.1249143052144,58.403554900113726,58.92817901233489,32052700
2003-04-22,59.89875793457031,60.04302988982044,58.292103894424294,58.42981666902062,59763600
2003-04-23,60.449588775634766,60.56106978421943,59.8331561346825,60.08235486350328,44227100
2003-04-24,59.91188049316406,60.3840414695379,59.64956828371312,60.0233615561442,49692400
2003-04-25,59.17082595825195,59.983988931276194,59.03310823405833,59.87250791948798,43917200
2003-04-28,60.19382095336914,60.4561329698162,59.216713820369066,59.3085222756477,46432900
2003-04-29,60.40363311767578,60.85612094793121,59.938031945944246,60.42330563148123,52017100
2003-04-30,60.27253341674805,60.70534411582025,59.94464455255907,60.27253341674805,48709100
2003-05-01,60.26594543457031,60.81024188974338,59.34785605300296,60.27905878146809,50240400
2003-05-02,61.125022888183594,61.29552644664476,59.99708473760061,60.04298896451105,50201500
2003-05-05,61.00700378417969,61.4988371007283,60.65944237432863,61.29554759757478,35437800
2003-05-06,61.58407974243164,61.89229102639369,60.987319696559545,61.01355140218773,44401000
2003-05-07,61.24305725097656,61.734890351291625,60.96763191556453,61.26272977447956,41413100
2003-05-08,60.62663650512695,61.20372398932535,60.51515551501989,60.67254073653491,40570700
2003-05-09,61.4660530090332,61.511957253123505,60.731580100401,60.87585201130977,33608100
2003-05-12,62.220149993896484,62.377540152162844,61.170907288040134,61.31517909819236,35662300
2003-05-13,62.108680725097656,62.41689692232326,61.813582878451975,61.99064058580242,39253600
2003-05-14,61.97754669189453,62.45626157143945,61.58408110513786,62.35789392395369,32195100
2003-05-15,62.37102127075195,62.51529317410606,61.807052013924306,62.226749367397844,43879200
2003-05-16,62.2136344909668,62.59398176854991,61.81360967898221,62.226747844047466,38905000
2003-05-19,60.75779724121094,61.91852142238663,60.547948603810234,61.741463667124165,41606000
2003-05-20,60.6331901550293,61.00698314904621,60.06266189966222,60.869270467375294,55404600
2003-05-21,60.75779724121094,60.90862329140005,60.27252320531921,60.403676727499835,49333800
2003-05-22,61.361141204833984,61.67591681517553,60.77749924268215,60.95455708380711,38421800
2003-05-23,61.48570251464844,61.629974371525726,61.079118645556605,61.334871481589786,26155900
2003-05-27,62.561195373535156,62.849734167637166,61.03323208798149,61.184063164706245,43719200
2003-05-28,62.738216400146484,63.26284026909782,62.58083124073469,62.85625652050134,37727100
2003-05-29,62.57432556152344,63.492415615474904,62.3513634786776,62.87598279294395,50844200
2003-05-30,63.57763671875,63.66944518307277,62.66610624926962,62.889073236329246,52529500
2003-06-02,63.8399772644043,64.56133195037728,63.394048094372,63.9580174859772,50305500
2003-06-03,64.10226440429688,64.16128199045426,63.5120635267914,63.70879882035534,38254500
2003-06-04,65.02690124511719,65.15149557167521,63.98421238729593,64.04323496571641,49360700
2003-06-05,65.34828186035156,65.34828186035156,64.44330497455319,64.64659956655144,46262400
2003-06-06,65.09249114990234,66.49585492517515,65.00723685308797,65.84007727305939,60356800
2003-06-09,64.43016815185547,64.98757827517804,64.11539260986375,64.77117040275795,37808500
2003-06-10,65.08592987060547,65.092489047807,64.3908071828307,64.56786494178202,29965900
2003-06-11,65.77452850341797,65.83354611569796,64.73183899110781,65.02694206207343,37610200
2003-06-12,65.97779083251953,66.1679669544739,65.32857234942466,66.06959930474764,36442000
2003-06-13,65.28919982910156,66.06957657778887,64.88917519348746,65.97776813714151,48628300
2003-06-16,66.66633605957031,66.69256275401662,65.44658963724237,65.55151142458185,36326300
2003-06-17,66.66633605957031,67.00733812240452,66.38435156401741,66.93520220471531,36801800
2003-06-18,66.60735321044922,66.98114636903028,66.23356005186817,66.42373622071646,35521000
2003-06-19,65.59090423583984,66.71228886267767,65.47286401212999,66.65326624922855,43551700
2003-06-20,65.44610595703125,66.14373981494269,65.43294021182882,66.07134328011107,41545000
2003-06-23,64.77479553222656,65.59090103692961,64.44572218972846,65.45268581437097,34237500
2003-06-24,64.84059143066406,65.21573473747517,64.51151817832941,64.64315049201888,36213600
2003-06-25,64.18903350830078,65.44609585427244,64.18903350830078,64.84718007152955,47743400
2003-06-26,65.02485656738281,65.14332310244971,63.81386476211481,64.35354452825115,33477300
2003-06-27,64.27458190917969,65.2815451302861,64.22192899037785,64.99195909813467,54208800
2003-06-30,64.25486755371094,64.93934079925954,64.14956668122882,64.64317676031337,33349000
2003-07-01,64.84719848632812,65.0578052455174,63.46509131531971,64.00477144957104,51322800
2003-07-02,65.66325378417969,65.67641952201238,64.87348023698229,65.0051074877626,34662100
2003-07-03,64.98535919189453,65.7159019296657,64.43251875317979,65.20254865907134,30792800
2003-07-07,66.27534484863281,66.40697715008156,65.58429409574768,65.58429409574768,31391100
2003-07-08,66.5715103149414,66.66365041055656,65.92652462437678,66.14371414458046,30952500
2003-07-09,66.19637298583984,66.73605288898834,65.83439041977601,66.42014037485453,36528500
2003-07-10,65.35395050048828,65.84097751230068,64.91298852230064,65.7093451974464,49777700
2003-07-11,65.97257232666016,66.11078242326982,65.41314907240475,65.41314907240475,39976300
2003-07-14,66.29512786865234,67.06515840207216,66.11084255097533,66.60445263977185,42114900
2003-07-15,66.15031433105469,66.77555157515093,65.78174883085465,66.72289864351379,42573600
2003-07-16,65.76199340820312,66.38723556109706,65.30787576297972,66.34774335884269,39894200
2003-07-17,64.82742309570312,65.73566335781717,64.60365572060236,65.25521927774378,52253500
2003-07-18,65.4921646118164,65.68302771391235,64.80110872565042,65.16966918693377,35698100
2003-07-21,64.68267822265625,65.4790353899616,64.39967484739381,65.4527089107206,34786000
2003-07-22,65.26840209960938,65.42636091097549,64.44571878680419,64.95249451939803,49968300
2003-07-23,65.31441497802734,65.45262505101708,64.68259534953594,65.29467139920824,37275400
2003-07-24,64.82086181640625,66.03843210834022,64.74188743242247,65.80808178628683,40896200
2003-07-25,65.96603393554688,66.00552112355135,64.52469131826419,64.93274400559689,43241100
2003-07-28,65.72251892089844,66.45964490982082,65.59746946191571,66.0581750879647,34382800
2003-07-29,65.41978454589844,65.98579112311053,64.94591810718497,65.9068117095713,53472100
2003-07-30,65.26179504394531,65.65009898361942,65.11041917277483,65.55137602600895,28363300
2003-07-31,65.4131851196289,66.41357068626237,65.26839207541146,65.80149419469022,54937200
2003-08-01,64.83405303955078,65.50536067352361,64.6563505632334,65.28159313595347,49321000
2003-08-04,64.83405303955078,65.15654361715697,63.84024980670936,64.70242064574857,55214100
2003-08-05,63.45848083496094,64.99854617131896,63.405827912754376,64.76819591323907,61415600
2003-08-06,63.82704544067383,64.5378397962001,63.45848001127094,63.63618236609674,50096900
2003-08-07,64.49837493896484,64.54444500592797,63.68227445793502,63.95211198693023,43427400
2003-08-08,64.68267822265625,64.86038070221724,64.34044403504846,64.70900470189723,27357300
2003-08-11,64.92613220214844,65.1828088523199,64.39303029534354,64.66945555197698,34631400
2003-08-12,65.51850128173828,65.54482272913584,64.77479235061521,64.96565548244058,43285600
2003-08-13,65.1828384399414,65.71593556747068,64.84718227533486,65.69619197330441,36152000
2003-08-14,65.36054229736328,65.6501284305772,64.79453577585998,65.22233210321859,35525100
2003-08-15,65.56455993652344,65.67644364290385,65.23548666745664,65.39344043065601,12567000
2003-08-18,66.13058471679688,66.20955910968759,65.64355252808622,65.7686020118445,22873800
2003-08-19,66.38063049316406,66.43328339772367,65.81462432229176,66.26874683691794,37437700
2003-08-20,66.1108169555664,66.40040303568146,65.91995888050099,66.00551612178064,21295300
2003-08-21,66.32140350341797,66.8150132512058,66.0778925747811,66.50568869378216,46494200
2003-08-22,65.66325378417969,67.01245570033782,65.63693235102983,66.96638566043895,52040300
2003-08-25,65.7685775756836,66.36091040858898,65.34078136184864,65.62378454750015,23473000
2003-08-26,65.8870620727539,66.07134233286132,65.0446351572569,65.48559221126541,45065800
2003-08-27,65.90679168701172,66.05158472388155,65.53164837387602,65.8475609107974,18919500
2003-08-28,66.31484985351562,66.47280362449236,65.59088963017412,66.07791668642061,27402400
2003-08-29,66.76239776611328,66.78872423465796,66.13057758482249,66.21613484164733,28706600
2003-09-02,67.65743255615234,67.71008043692117,66.50567668593457,66.89398054054743,49419100
2003-09-03,68.02603912353516,68.24980657754666,67.64431285594556,67.80884952081068,44912400
2003-09-04,68.05892944335938,68.15106954823094,67.63113323002186,67.85490062149307,28381000
2003-09-05,67.67724609375,68.15111265928195,67.39424272940522,67.74964265355418,31637300
2003-09-08,68.23665618896484,68.36828353228925,67.74304611960638,67.81544266481319,32632800
2003-09-09,67.7890625,68.0918091668666,67.57845590473379,68.03257841566234,35053200
2003-09-10,67.10462951660156,67.65747529458599,66.83479201046534,67.47977289331017,45904900
2003-09-11,67.30207061767578,67.63114390738693,67.02564523816089,67.19676475476345,38396300
2003-09-12,67.4271011352539,67.55215056633507,66.70314105157857,67.07170647443387,42524800
2003-09-15,67.19020080566406,67.54560066119387,67.09806066029648,67.47320411536772,21312800
2003-09-16,68.17081451416016,68.21030169668471,67.24282555475924,67.28231775854302,37892600
2003-09-17,68.03919982910156,68.30904236961295,67.82201524769592,68.10501851203836,31885800
2003-09-18,68.84211730957031,68.90793094997801,67.9009676900893,68.05234358216003,30243600
2003-09-19,68.49197387695312,69.10640001501336,68.31359437130644,68.88837669880658,34331600
2003-09-22,67.75199890136719,68.02287213326792,67.4084462163546,67.95019772068963,36677400
2003-09-23,68.00968170166016,68.24091624854674,67.62649014365662,67.77844211423849,32489200
2003-09-24,66.80065155029297,68.19467206945188,66.7742240238,68.12860577348708,41694700
2003-09-25,66.2522964477539,67.30937238028083,66.19944139099366,66.99886026301952,52673100
2003-09-26,66.0342788696289,66.50336123855678,65.968212563193,66.35801234007614,42914700
2003-09-29,66.6817398071289,66.72137858231086,65.92857283545572,66.26551754611036,36771600
2003-09-30,66.0342788696289,66.56942754499268,65.57180968404154,66.38443987075773,70764500
2003-10-01,67.44151306152344,67.5075793651833,66.19944437436013,66.22587190393125,65797600
2003-10-02,67.68597412109375,67.75864858363495,67.14422224431023,67.34242624042929,44591500
2003-10-03,68.30697631835938,68.89497484424153,68.10216931556783,68.49196393901425,48806900
2003-10-06,68.61750793457031,68.70339362218306,68.18146127314634,68.36645397348529,20226500
2003-10-07,68.88174438476562,68.91477499893284,67.98983715371907,68.22107161502251,42602900
2003-10-08,68.70997619628906,68.96763820378244,68.32018163540096,68.92799944587078,30920800
2003-10-09,68.8949966430664,69.51603102936538,68.59769573587948,69.2913995328277,40066500
2003-10-10,69.0865478515625,69.10636722717148,68.65050646656618,68.88834401440684,22682800
2003-10-13,69.30459594726562,69.56225800375852,69.04693389077273,69.17906646929508,23825600
2003-10-14,69.54904174804688,69.65475184333278,68.94783196284632,69.23852968434778,38484400
2003-10-15,69.36405181884766,69.95865848375216,69.13281729375552,69.93883910167777,39021700
2003-10-16,69.64153289794922,69.85294802459953,69.1394200819544,69.1592394624944,32772200
2003-10-17,68.88174438476562,69.78686285337241,68.69675681572286,69.68115783129079,32790300
2003-10-20,69.39710235595703,69.39710235595703,68.670362961111,69.00730260965814,27657000
2003-10-21,69.27820587158203,69.55568746079165,68.92144166808218,69.25177833348529,26729100
2003-10-22,68.40607452392578,68.83551292866574,68.17484001076868,68.72980284234572,33914500
2003-10-23,68.28057098388672,68.67697387703923,67.94362625646578,67.97666193111858,45830500
2003-10-24,68.43250274658203,68.43250274658203,67.50755964394344,67.9369980530829,51723600
2003-10-27,68.46552276611328,68.82889483462228,68.22768014682259,68.53819717981509,32460200
2003-10-28,69.39710235595703,69.46977679949521,68.5910803752869,68.69679048971902,34956200
2003-10-29,69.48960876464844,69.65477706794523,68.62412846834495,69.21873032778413,30955400
2003-10-30,69.63493347167969,70.01151687066775,69.23853068967145,69.8925955320118,39123100
2003-10-31,69.56884765625,69.85954025985171,69.5159926226739,69.63491392795342,25761600
2003-11-03,70.0247573852539,70.43437662086707,69.83976967902117,69.86619721427398,37589300
2003-11-04,69.87281799316406,70.20975778735733,69.7538965832906,70.02477004767368,31421600
2003-11-05,69.92564392089844,70.01153465651886,69.30461458618093,69.69440932602829,33558800
2003-11-06,70.29560852050781,70.32203604548945,69.43673160047689,69.76706810194494,28392300
2003-11-07,69.77369689941406,70.50704455301917,69.7472693666087,70.45418948740844,31723200
2003-11-10,69.48960876464844,69.92565046427293,69.3772955281354,69.85958415106154,25530800
2003-11-11,69.46977233886719,69.5886936896996,69.23853777906398,69.4301285282328,26558600
2003-11-12,70.24935913085938,70.34185294476093,69.47637295445284,69.52261986140361,28000000
2003-11-13,70.2691650390625,70.38808635420818,69.88597357464486,70.03793054864974,29714800
2003-11-14,69.67457580566406,70.658977190177,69.5622626024417,70.29561005495141,49158500
2003-11-17,69.32440948486328,69.46315019277417,68.73641099110722,69.31119824433887,44382100
2003-11-18,68.60431671142578,69.66800118439839,68.51182284773577,69.52926038886339,41155000
2003-11-19,69.18568420410156,69.37727999790116,68.65714373565196,68.72981817607717,29827000
2003-11-20,68.56465148925781,69.52923358194398,68.54483210332809,68.71000037345658,53578700
2003-11-21,68.84874725341797,68.92802984474056,68.4589525206213,68.86856664111461,30016000
2003-11-24,69.76042938232422,69.88595881082969,69.15921983426007,69.16582797274266,28906400
2003-11-25,70.0247573852539,70.30884708855045,69.66799322014637,69.85298596691605,37580000
2003-11-26,70.27581024169922,70.3286602669991,69.62834828654469,70.30884087744458,33053600
2003-11-28,70.32865142822266,70.46739721873999,70.16348314864436,70.21633820783802,10507500
2003-12-01,71.0884017944336,71.14125683524173,70.55986650795451,70.59289712805901,38699000
2003-12-02,70.91007232666016,71.20076517498617,70.73829584319182,70.94310297005251,35352000
2003-12-03,70.79774475097656,71.40556290430298,70.7382815400334,71.12147321777528,39078600
2003-12-04,71.0884017944336,71.16768435564582,70.65236030910171,70.80431225075746,36089500
2003-12-05,70.59288787841797,71.22053006457425,70.44093595667215,70.77127235763858,28824400
2003-12-08,71.06861114501953,71.11485806428927,70.48061243978877,70.5202512161525,32482900
2003-12-09,70.5202407836914,71.3064433355057,70.38810818833532,71.28662395025584,43596100
2003-12-10,70.51363372802734,70.67880198322783,70.00491267931017,70.5400562131885,36915400
2003-12-11,71.3064193725586,71.4187325449213,70.47397018806562,70.48057832777334,45304000
2003-12-12,71.44517517089844,71.48481393645929,70.94967043924868,71.33286197478617,34142200
2003-12-15,71.0884017944336,72.16530182862952,71.0091242737555,72.12565802775636,38693400
2003-12-16,71.45838928222656,71.68301566762702,71.03555395343902,71.14126404576957,32894200
2003-12-17,71.68302154541016,71.68302154541016,71.2205524548796,71.39232380819949,23198800
2003-12-18,72.48902130126953,72.495629440699,71.61032525688907,71.71603532562665,29353100
2003-12-19,72.2872314453125,72.59921571110218,72.07481738031645,72.55275029264526,41465100
2003-12-22,72.7917709350586,72.7917709350586,72.20762802321995,72.21426739204209,27611300
2003-12-23,72.83821868896484,72.9842493170856,72.60588641583607,72.67226995921762,24741200
2003-12-24,72.76517486572266,72.93775783671363,72.6390522555472,72.69879134603987,8055800
2003-12-26,72.81825256347656,73.07049770752202,72.77178715236556,72.8248919263067,8308400
2003-12-29,73.78742980957031,73.86044257580396,72.87138977653008,73.08380390250203,22483700
2003-12-30,73.80070495605469,73.8604440562666,73.58165145990633,73.74096079149044,19559500
2003-12-31,73.8670654296875,74.02637472246714,73.57499417263223,73.82723937258037,31501800
2004-01-02,73.83390808105469,74.47115056978677,73.50201063498466,74.17243982971188,38072300
2004-01-05,74.6370849609375,74.69018469320407,74.07285535947986,74.13923888742933,27959800
2004-01-06,74.71012878417969,74.8296120859677,74.34503951084025,74.45124914103133,20472800
2004-01-07,74.96231842041016,75.0486098883829,74.2719714835767,74.60386875718795,30170400
2004-01-08,75.26105499267578,75.28097309136483,74.85613974665914,75.17476348910026,36438400
2004-01-09,74.60387420654297,75.3406866129276,74.52421703189162,74.89594544924704,54084300
2004-01-12,75.15483093261719,75.17474396178106,74.58396712961361,74.71008973345316,31564100
2004-01-13,74.71672821044922,75.16147449882688,74.18569550043867,75.0685385836147,54239700
2004-01-14,75.3406982421875,75.44690782478334,74.7897474272628,74.84949158356086,30112800
2004-01-15,75.52655792236328,75.71241962257103,74.73000633165819,75.38716164720746,38408700
2004-01-16,75.82527923583984,75.8783789688336,75.42699832009724,75.6991566082312,31922700
2004-01-20,75.80538177490234,76.10409254302667,75.55314151537047,76.0244353253228,29863000
2004-01-21,76.40277099609375,76.53553297824776,75.48673610881409,75.75888930961418,30725000
2004-01-22,76.20362854003906,76.58862559163984,76.05759290541232,76.42931629220672,29888500
2004-01-23,75.95801544189453,76.58198397959735,75.63939180909817,76.33637815714286,44245300
2004-01-26,76.91387939453125,76.95370544852504,75.92482182931263,75.93146119309516,30460600
2004-01-27,76.12399291992188,77.33209933354564,76.10407988489638,76.83425320049707,35322800
2004-01-28,75.25443267822266,76.52227835500989,74.96900065711034,76.32314291557203,52621300
2004-01-29,75.32746124267578,75.57306215936114,74.71676597419307,75.38056099546871,60117100
2004-01-30,75.32746124267578,75.48677062976279,75.0685765251725,75.35400858689519,30984400
2004-02-02,75.65272521972656,76.12401911345788,75.08850042099779,75.4734977141211,38832400
2004-02-03,75.52655792236328,75.7655244124451,75.30087016192572,75.50000552742624,25093500
2004-02-04,74.90924072265625,75.49338337657778,74.86941465601699,75.13493358376748,39332600
2004-02-05,75.12828826904297,75.36725477866125,74.8627693623169,75.12164890367804,37226800
2004-02-06,75.9712905883789,76.1372392397859,75.14154733134397,75.28758295487827,37216000
2004-02-09,75.99124908447266,76.25012871316348,75.86512642175275,76.11736668283893,24851300
2004-02-10,76.23682403564453,76.4293251158445,75.84518757425113,75.85846124058992,27908100
2004-02-11,77.04669189453125,77.25910610973146,75.78548027612493,76.23686111646968,42965700
2004-02-12,76.76789855957031,77.17944824945967,76.72143310863589,76.98031277303544,27814700
2004-02-13,76.42269134521484,77.13295155860678,76.17045115149654,76.88071136488847,44739900
2004-02-17,77.11306762695312,77.28565575323624,76.8475486013685,76.90065341935626,23984300
2004-02-18,76.7745132446289,77.39847694737534,76.56873340148935,77.13295799982129,28618000
2004-02-19,76.48909759521484,77.25909713675395,76.37624859996932,77.2192710586401,51146200
2004-02-20,76.2567367553711,76.70811737432231,75.88501332718252,76.65501764483243,46728800
2004-02-23,76.0642318725586,76.50897816830509,75.7854393153575,76.48242577271189,36357000
2004-02-24,75.93150329589844,76.32977924972612,75.02874176623382,75.85184607939149,43953000
2004-02-25,76.2501220703125,76.37623965769151,75.88503284916834,75.97796373012264,31213600
2004-02-26,76.29658508300781,76.52891227800083,75.89830410375917,76.07753155729166,29683000
2004-02-27,76.34968566894531,76.8276187978475,76.09080606818213,76.46253464863555,39312000
2004-03-01,77.10639190673828,77.22587008650403,76.5023363213814,76.62181956549861,33130800
2004-03-02,76.655029296875,77.64408217684858,76.48908058915818,76.96037431135166,38556400
2004-03-03,76.79438018798828,76.91386338945699,76.28325563445834,76.5023090145426,31346200
2004-03-04,76.9935531616211,77.06657099071754,76.68156881263667,76.81433080388118,21060000
2004-03-05,77.25242614746094,77.63078892772978,76.52225298291515,76.61518383671088,55905600
2004-03-08,76.30984497070312,77.41174670274198,76.27665827132795,77.22587991596214,39281600
2004-03-09,76.0044937133789,76.47578734615014,75.83190567208113,76.40276952346076,39746100
2004-03-10,74.73001861572266,76.18372576093633,74.71673988389564,76.15053906007346,67671800
2004-03-11,73.76087188720703,75.18802649877168,73.74759315663003,74.61052832746843,89134800
2004-03-12,74.73001861572266,74.81631011518894,74.06622382623715,74.16579405753045,54012200
2004-03-15,73.81393432617188,74.5772988894437,73.61479904728529,74.52419412266755,57677200
2004-03-16,74.20564270019531,74.38486511956695,73.57503441972013,74.19900333226188,59832600
2004-03-17,75.0353775024414,75.18141319346013,74.4114086642171,74.46451347265179,41607300
2004-03-18,75.05525970458984,75.1880166067828,74.2985342205174,74.80965386474656,60014300
2004-03-19,73.97948455810547,74.98532988653736,73.96616435839842,74.87875304256308,48636200
2004-03-22,73.04025268554688,73.65308349078992,72.673883681268,73.6331006509394,62752100
2004-03-23,72.91371154785156,73.5398678372745,72.84710036606575,73.43994852354209,54080200
2004-03-24,72.97364807128906,73.36665750921887,72.5073597438244,72.9936309129321,51584300
2004-03-25,73.93949890136719,74.13933741772622,73.13349236103366,73.32666823828619,49873600
2004-03-26,73.95948791503906,74.46574180523024,73.80628277752258,73.91285960160731,37409500
2004-03-29,74.99864196777344,75.09856124213108,74.32586269011648,74.35916572683209,44113600
2004-03-30,75.25177764892578,75.31838880992852,74.75218631824647,74.805477279891,39059900
2004-03-31,75.33837127685547,75.53820984097969,74.85876278864198,75.26509747548364,48517600
2004-04-01,75.79129791259766,75.85125148590589,75.30503209914694,75.3183522920469,45103800
2004-04-02,76.3642349243164,76.49745730761217,75.87130600759232,76.47747445832862,50987700
2004-04-05,76.7838363647461,76.85711014900247,76.23095928640886,76.24427948258973,30251800
2004-04-06,76.53739166259766,76.72390494328954,76.35087838190577,76.49076334242469,28420900
2004-04-07,76.35755920410156,76.59070595810442,76.01117801758632,76.5707180301357,45890500
2004-04-08,76.18435668945312,76.87712401307951,75.76469667759989,76.87712401307951,46929700
2004-04-12,76.4841079711914,76.65730106919737,76.31757751444502,76.32424015570463,23085200
2004-04-13,75.41162109375,76.80381779492426,75.2850563712512,76.7771723227085,56210300
2004-04-14,75.53157043457031,75.69810092853173,74.97203041427149,75.01199610654787,62322300
2004-04-15,75.24510192871094,75.79132148535612,74.84542995006166,75.57150011836228,61602500
2004-04-16,75.82464599609375,75.97119360577649,75.25844348040629,75.52488813571377,47059200
2004-04-19,75.82464599609375,75.93122284179553,75.4516143308724,75.63813270453609,28277600
2004-04-20,74.55233001708984,76.15102291135484,74.45907339745065,75.99115514655972,53299400
2004-04-21,75.05194091796875,75.23845420617687,74.51904653481785,74.7388628632883,50177300
2004-04-22,76.1043930053711,76.38416285842099,74.89871453239095,74.9253600063154,62071500
2004-04-23,76.17769622802734,76.31758120861271,75.79800697155092,76.21766191330703,29395700
2004-04-26,76.07113647460938,76.56407045330253,75.67146425894276,76.27097512349664,35515200
2004-04-27,76.13773345947266,76.68395320168126,75.91124937596307,76.0911051308246,43485500
2004-04-28,75.15187072753906,75.94455739554054,74.93871192800589,75.8646209399256,50165800
2004-04-29,74.49239349365234,75.484913437811,74.04609315900242,75.08524142048114,69687600
2004-04-30,73.91288757324219,74.85877947916734,73.8729218843489,74.71889448593392,48681400
2004-05-03,74.70556640625,74.79882305857204,74.17266689403283,74.18599217699678,33758000
2004-05-04,74.64562225341797,75.44497162300729,74.37917754566189,74.77218704707703,51185100
2004-05-05,75.12522888183594,75.24513103001377,74.71223654641766,74.87876702543649,34405000
2004-05-06,74.4791030883789,74.99867746241122,73.93954586643885,74.61898810584086,54997000
2004-05-07,73.24675750732422,74.7588569422997,73.24675750732422,74.08607245548355,60950000
2004-05-10,72.4940414428711,73.10687231914382,72.18096336331041,72.90037617394691,75279400
2004-05-11,73.10688018798828,73.3067187953768,72.82711020332988,72.91370422274123,48300600
2004-05-12,73.57315826416016,73.63311187495633,71.9811274067193,72.98697285006652,90830500
2004-05-13,73.26673889160156,73.81295859065357,73.0269346254708,73.11353371619407,57393700
2004-05-14,73.30003356933594,73.7663167334371,72.78711700671936,73.24007997274846,54123100
2004-05-17,72.67388916015625,72.94033890316439,72.21426856262603,72.53400418855087,55020400
2004-05-18,73.04025268554688,73.23342860761157,72.82709392363165,72.93367076353638,30193100
2004-05-19,72.78712463378906,74.05941967246353,72.70719327277051,73.60645665897025,54804100
2004-05-20,73.02030944824219,73.18683998012204,72.63395739457485,72.90706482416141,38082900
2004-05-21,73.14683532714844,73.63976913238574,72.92035634807142,73.25341725761255,47480400
2004-05-24,73.45323944091797,73.77964274111258,73.0602300676011,73.62643251019415,40961500
2004-05-25,74.50572967529297,74.59232877039744,73.00695547720305,73.20679406979099,48668000
2004-05-26,74.76551055908203,74.7988186824368,74.27924448358148,74.37916377153968,35977000
2004-05-27,75.1852035522461,75.29178044596893,74.64564119329047,74.9653820386756,45306900
2004-05-28,75.17851257324219,75.1918327741465,74.8454516474639,75.09191856209814,23367200
2004-06-01,75.07862854003906,75.17854788112132,74.51908836135254,74.91209799893825,41044700
2004-06-02,75.3583755493164,75.59152230113855,74.91207505556112,75.2917643696989,39774200
2004-06-03,74.66556549072266,75.39830329468025,74.65224529524359,75.14517384163878,38688300
2004-06-04,75.2584457397461,75.65811781681194,75.07859000169744,75.2584457397461,32739500
2004-06-07,76.40416717529297,76.47744097866087,75.55153209840016,75.55819473928068,31643800
2004-06-08,76.5107650756836,76.5507307650993,76.051139318975,76.18436675387235,32846500
2004-06-09,75.7979965209961,76.40416468662467,75.75136820056312,76.27760500665276,36737600
2004-06-10,76.17103576660156,76.17103576660156,75.89126579742329,75.96453961060425,21711000
2004-06-14,75.41828155517578,75.83793629572507,75.1851400326484,75.81795346266615,34633000
2004-06-15,75.95121765136719,76.23765027485513,75.6114991376844,75.87128627502152,37445000
2004-06-16,75.93789672851562,76.07111907589838,75.73805812533472,75.93789672851562,26633400
2004-06-17,75.82464599609375,75.98451380569945,75.49158509485335,75.83796619601671,28402400
2004-06-18,75.96773529052734,76.36218452304047,75.66688824421995,75.72705561321798,31799800
2004-06-21,75.68024444580078,76.30868628734784,75.63344591083394,76.0479508638672,25284000
2004-06-22,76.06132507324219,76.13486636206243,75.32591728569793,75.63345126591977,37334000
2004-06-23,76.71649169921875,76.77665904831458,75.82731457998518,75.95434134006338,35580000
2004-06-24,76.47584533691406,76.83686489035414,76.38893520578667,76.58949822392506,35272100
2004-06-25,76.10810852050781,76.84352126288967,76.00114264021589,76.48918881464593,32837900
2004-06-28,75.84735107421875,76.62287515860925,75.82061343741378,76.56270272415898,40824500
2004-06-29,76.16159057617188,76.32872890087415,75.82731392676735,75.9008551976889,28418100
2004-06-30,76.56941223144531,76.74323752579856,75.98108713603214,76.2618783110709,52230600
2004-07-01,75.50640869140625,76.48249586316334,75.26572910377773,76.38221185154201,57734700
2004-07-02,75.46631622314453,75.74042560275348,75.27912206178152,75.65351548516588,34615100
2004-07-06,74.80443572998047,75.17882398281165,74.63061042659854,75.12534359001963,38698200
2004-07-07,75.02508544921875,75.2590781879676,74.71086444261638,74.75097602621356,29839800
2004-07-08,74.50362396240234,75.09194936638886,74.34316740622982,74.750985560347,45291100
2004-07-09,74.69746398925781,74.83785957306587,74.46346624892071,74.69077702793638,27412900
2004-07-12,74.73091125488281,74.90473659734933,74.20944032814177,74.55708591241628,35691300
2004-07-13,74.78436279296875,74.8913286546771,74.61053752945443,74.82447435352736,26752000
2004-07-14,74.55704498291016,75.1386880591719,74.28962780365283,74.38322483652404,54089400
2004-07-15,74.07569122314453,74.81778562932875,74.00883182747292,74.70412771708047,38403500
2004-07-16,74.01553344726562,74.6573439877202,73.83502630490459,74.59048967946265,40871200
2004-07-19,73.70133972167969,74.18269907940247,73.53420133917363,74.04230345017643,39592800
2004-07-20,74.63727569580078,74.81110094866199,73.7079871950002,73.89518126700953,46679800
2004-07-21,73.26007843017578,74.91808790699734,73.17316322893465,74.75763652874369,56241100
2004-07-22,73.46063232421875,73.8015959240611,72.71853777785073,73.11298686407163,72477100
2004-07-23,72.8455581665039,73.34697308100407,72.66505104157261,73.28680573957905,49610500
2004-07-26,72.70516967773438,73.15978611514787,72.34415029208337,72.99933475507744,49679100
2004-07-27,73.38706970214844,73.61438040278823,72.85223029595554,72.9057157667714,51295100
2004-07-28,73.60768127441406,73.7881934334102,72.59816485745007,73.23998019982034,65862300
2004-07-29,73.92193603515625,74.12250405960773,73.54086086922382,73.90188025284245,52200500
2004-07-30,74.10245513916016,74.14257181092063,73.60772705981331,73.7548096214007,41581700
2004-08-02,74.25624084472656,74.45012198173707,73.574318484085,73.6679155708268,38263100
2004-08-03,73.68128204345703,74.24955150928128,73.64785742820767,74.16264138884273,40948800
2004-08-04,73.6745834350586,74.04228984929107,73.3001951592275,73.46733351103177,40763200
2004-08-05,72.47118377685547,73.7949165464866,72.38426857739448,73.7347491936203,50772000
2004-08-06,71.43492126464844,72.17701585834541,71.2811568573243,71.9563920384556,74729000
2004-08-09,71.53524017333984,71.85614816794035,71.44833003553491,71.54860900197924,37476300
2004-08-10,72.45782470703125,72.47788559608964,71.70904806991666,71.7424726836974,55870600
2004-08-11,72.31075286865234,72.42440574556173,71.602082652372,71.98984492723086,52933200
2004-08-12,71.52183532714844,72.17032775310672,71.28783758819138,71.98982060374864,50015900
2004-08-13,71.66223907470703,71.76920496412087,71.26110296259691,71.6020666176275,41634700
2004-08-16,72.40434265136719,72.6316483822551,71.6020754290764,71.62881817988524,45731900
2004-08-17,72.8121566772461,73.05951818249453,72.55810310884016,72.70518567988404,40701600
2004-08-18,73.56090545654297,73.6545024935343,72.53133294898231,72.5513887282439,43165400
2004-08-19,73.34700012207031,73.55425006426118,72.99266760129566,73.4138544485198,39881600
2004-08-20,73.86174011230469,73.96201898507742,73.21324286488225,73.280097146949,44870900
2004-08-23,73.6745834350586,74.05565867314601,73.5743045045022,73.90858120811073,33745100
2004-08-24,73.77484893798828,74.02890243334708,73.44057231833209,73.96872998946763,30453100
2004-08-25,74.27626037597656,74.38991319715966,73.47399856677613,73.76147665019325,38551400
2004-08-26,74.27626037597656,74.41665593755383,74.10912207400513,74.18266333492505,26629500
2004-08-27,74.51028442382812,74.63062425606026,74.24286710834191,74.34314605132006,24902900
2004-08-30,73.89520263671875,74.43672923030036,73.84171714334695,74.35650609090006,26726500
2004-08-31,74.28295135498047,74.3163810574458,73.60771115030131,73.98210443541839,44125300
2004-09-01,74.42335510253906,74.63729196011987,73.86177276413582,74.17598853881934,52778300
2004-09-02,75.2657470703125,75.3459702182341,74.36988281347715,74.36988281347715,42736600
2004-09-03,74.95821380615234,75.42619917561926,74.88467251942782,75.09860941699242,30480500
2004-09-07,75.45291137695312,75.63341848904945,75.09189205210455,75.23897456600463,37338800
2004-09-08,75.2657470703125,75.58664986331476,75.08523478617303,75.292489819839,32963100
2004-09-09,75.19890594482422,75.4663232857073,74.8980537853425,75.25907331632527,34314800
2004-09-10,75.58663177490234,75.72702735082544,74.93145242059462,75.22561239367583,27900600
2004-09-13,75.83397674560547,76.04122657004649,75.55318567365532,75.75374853905318,44398100
2004-09-14,75.98774719238281,76.00780296911908,75.67352642176704,75.7470676702369,28048900
2004-09-15,75.41284942626953,75.78723781654229,75.33262115664283,75.74712623205856,38295000
2004-09-16,75.64013671875,75.79390625612037,75.4128309946855,75.44625560669957,23911700
2004-09-17,75.96172332763672,76.10270337305121,75.65290916312532,75.82745295922469,33683000
2004-09-20,75.50516510009766,75.85425758662818,75.37760961372713,75.6394302590969,37149400
2004-09-21,75.83413696289062,76.17651986094063,75.55217698656179,75.69315697472621,40920800
2004-09-22,74.8875961303711,75.53878829825712,74.83388797573363,75.52536382054352,49042100
2004-09-23,74.48473358154297,74.9882356250105,74.48473358154297,74.92110304359237,44068700
2004-09-24,74.82715606689453,75.00841976687762,74.6056138210887,74.63246789226731,34981100
2004-09-27,74.3504867553711,74.65258600720168,74.23636082662522,74.58545340922699,39355100
2004-09-28,74.70626068115234,74.86067019705017,74.12220170623411,74.45786966768564,41662900
2004-09-29,75.08223724365234,75.08895203970017,74.51831730096244,74.65929728663491,33325700
2004-09-30,75.02857208251953,75.17626693873156,74.69290381727082,74.88759202574202,43536700
2004-10-01,76.29734802246094,76.29734802246094,75.33062240917401,75.36419126259177,62824300
2004-10-04,76.42488861083984,76.82769431272077,76.39803967780922,76.59943740686244,33082400
2004-10-05,76.4652099609375,76.6397588430342,76.22352846938507,76.43164109526475,36910600
2004-10-06,76.98885345458984,76.98885345458984,76.31751709908134,76.37793491256996,42297800
2004-10-07,76.16309356689453,76.80086606122552,76.10267576444568,76.7874364683109,39388800
2004-10-08,75.53204345703125,76.37792345026703,75.42462719776307,75.9616982503257,51872600
2004-10-11,75.84087371826172,75.87443746503497,75.61933147761928,75.71331816360876,20229100
2004-10-12,75.54548645019531,75.74688942475713,75.14940042128494,75.32394420255541,41754700
2004-10-13,74.8808364868164,75.90798000014956,74.73314171095885,75.86098667345748,54212600
2004-10-14,74.2766342163086,75.14265849929762,74.23635568469142,74.97482445504134,64082200
2004-10-15,74.69292449951172,75.0151632551183,74.22970052619802,74.53179999981576,63482200
2004-10-18,74.974853515625,75.12254835131986,74.31694155349984,74.44449711558005,43535100
2004-10-19,74.3437728881836,75.34406756149762,74.24307142901849,75.20308244553308,55851900
2004-10-20,74.19610595703125,74.39750895098484,73.67917911799033,74.10211925902381,57118500
2004-10-21,74.67942810058594,74.73313621911252,73.98795272069253,74.37732889717809,53218300
2004-10-22,73.84022521972656,74.68610978490156,73.7529534072276,74.64583127480755,48752400
2004-10-25,73.75299835205078,73.92754720530401,73.41061544194724,73.67915095728553,43990900
2004-10-26,74.8808364868164,74.9211150177272,73.7664159939919,73.93425003530486,54337400
2004-10-27,75.78047180175781,75.92816666982569,74.59892310099816,74.77346692517686,73896000
2004-10-28,76.0086669921875,76.23691878645232,75.51858943113729,75.71327749665654,54413300
2004-10-29,75.99527740478516,76.29066705580024,75.79387956063957,75.94157438614711,48820200
2004-11-01,76.20336151123047,76.42489852975275,75.99524383907787,76.23692524281849,36720900
2004-11-02,76.23023223876953,76.9149929511781,76.00869004991507,76.3107893097064,56210000
2004-11-03,77.19029235839844,77.44539844841711,76.69349953619933,77.22385611867094,76960200
2004-11-04,78.24424743652344,78.32480451412577,76.98884671769578,77.05597932299422,55350300
2004-11-05,78.73429107666016,78.97597246426432,78.20393498285588,78.57988665351102,63287200
2004-11-08,78.62017059326172,78.70073276864186,78.35834992563619,78.53289874468251,33863800
2004-11-09,78.46580505371094,78.88203551049808,78.38524795502948,78.60007542133137,44658100
2004-11-10,78.5262222290039,78.91559858365311,78.38524219478067,78.5866400485751,45265400
2004-11-11,79.12371063232422,79.29825953512712,78.61349352053365,78.66720166322538,37863200
2004-11-12,79.74803161621094,79.88901161030833,79.00284798891829,79.19753611083058,55583700
2004-11-15,79.94397735595703,79.97090586830096,79.60731444390596,79.78911015610346,35297900
2004-11-16,79.37163543701172,79.72850239010043,79.27064068686813,79.69483404867414,40028700
2004-11-17,79.84295654296875,80.22001726184672,79.49955902423801,79.70155877338951,54494000
2004-11-18,79.95069885253906,79.99110189111705,79.60730641556707,79.80930106018567,31854300
2004-11-19,79.06193542480469,79.93726125458578,78.8734049721305,79.92379185821216,54276500
2004-11-22,79.43898010253906,79.53324530352404,78.79931751063451,78.89358271161949,37560200
2004-11-23,79.5601806640625,79.6275122180624,79.02825265444713,79.40531346650125,41968800
2004-11-24,79.74868774414062,79.84968247706608,79.4860911644009,79.63421848504716,29724800
2004-11-26,79.68809509277344,80.11229356896904,79.65443189021447,79.79582966992388,15487700
2004-11-29,79.32452392578125,80.13251810116901,79.10233027933846,79.98438557882781,61460800
2004-11-30,79.37838745117188,79.614050481369,79.21005598144981,79.45245370881509,53685200
2004-12-01,80.2806396484375,80.46243535923199,79.51977818535033,79.56018122769113,49898300
2004-12-02,80.34800720214844,80.7116039237121,80.13254304904449,80.19313993410312,60163500
2004-12-03,80.29410552978516,80.89336510977573,80.18637093078672,80.33450343587535,49067900
2004-12-06,80.26717376708984,80.55670408736934,80.0180413538503,80.26717376708984,33030500
2004-12-07,79.5197982788086,80.54325665891609,79.47940036332817,80.45572099261567,52047200
2004-12-08,79.98438262939453,80.0045815840473,79.45918926014701,79.59385238254474,43895100
2004-12-09,80.26717376708984,80.43550522918099,79.2706543882687,79.54671531482252,60922800
2004-12-10,80.34800720214844,80.50286933312314,80.0248084039572,80.07194102691523,47828600
2004-12-13,81.04824829101562,81.06844724804314,80.36145292966337,80.63751904122464,38541000
2004-12-14,81.3310317993164,81.44549596339888,80.92030261095586,80.92030261095586,41500700
2004-12-15,81.39164733886719,81.54651458356979,81.0078517134658,81.27044844994728,46699200
2004-12-16,81.344482421875,81.63401270059889,80.82602385335761,81.28388557001242,51641800
2004-12-17,80.80194854736328,81.16049621330058,80.61252752847834,80.81547640813977,70761900
2004-12-20,80.82222747802734,81.37696256792296,80.6192734758048,81.01164846072321,47187400
2004-12-21,81.44462585449219,81.50551412991476,80.81547453558191,80.91018504282987,33094200
2004-12-22,81.64079284667969,81.91139643990188,81.38372227185245,81.43783886142948,31500700
2004-12-23,81.70170593261719,82.04672576964226,81.62729494947075,81.76936072675493,25646100
2004-12-27,81.53255462646484,82.10082272517678,81.44461064653775,81.99257921634229,29944100
2004-12-28,81.97901916503906,82.08049612438751,81.58664434160247,81.61370520818423,23422900
2004-12-29,82.10083770751953,82.12789858966642,81.8234675365156,81.91141669382685,22650600
2004-12-30,81.94526672363281,82.2429313668892,81.8843835891507,82.12792644975369,21076900
2004-12-31,81.76933288574219,82.30377357717853,81.7219776427711,82.0602308529459,28648800
2005-01-03,81.38375091552734,82.37144999128297,81.11314722706398,82.23614556638326,55748000
2005-01-04,80.38925170898438,81.54607696107219,80.12541464243806,81.49195521374631,69167600
2005-01-05,79.83456420898438,80.67343114638035,79.82779769620865,80.32841125353595,65667300
2005-01-06,80.24041748046875,80.60573152379375,80.00364129349896,80.12541264127395,47814700
2005-01-07,80.12541961669922,80.65986029171964,79.91569912312524,80.48396718265785,55847700
2005-01-10,80.50424194335938,80.81543419201576,80.05774535093957,80.05774535093957,56563300
2005-01-11,79.94951629638672,80.32835818013282,79.82097844525848,80.26070858108295,63099700
2005-01-12,80.21336364746094,80.39601810448734,79.50302986287487,80.09835879817267,72720500
2005-01-13,79.57069396972656,80.32161657481093,79.48951133411332,80.26072830776728,55537500
2005-01-14,79.99011993408203,80.1863074208304,79.66539973357987,79.80746546646638,42032500
2005-01-18,80.82222747802734,80.9237044791386,79.79393477005738,79.86158954502135,57391700
2005-01-19,79.9765853881836,80.85604058888848,79.96981887918308,80.79515749188616,54378900
2005-01-20,79.48950958251953,79.96306204315809,79.34744384432796,79.75334669078026,72049300
2005-01-21,79.00242614746094,79.82776488137003,78.91448216287557,79.68569913950066,63160400
2005-01-24,78.8468246459961,79.38126017128361,78.72505328497675,79.21213356771977,58441900
2005-01-25,79.07012176513672,79.469263505652,78.96188334893216,79.0904213069293,68245000
2005-01-26,79.30683898925781,79.55714302700709,79.17830113549446,79.36772208125078,57195100
2005-01-27,79.44215393066406,79.65863579175515,79.13772808771353,79.27979382517942,55878800
2005-01-28,79.44215393066406,79.52333656407373,78.88741883903474,79.48274266670155,60738900
2005-01-31,79.9360122680664,79.99689537695897,79.63158123959826,79.79394135798022,52532700
2005-02-01,80.44336700439453,80.55837183723771,79.89539338900418,79.99687036676784,49841200
2005-02-02,80.68692779541016,80.90340966845073,80.43662369424962,80.54486205010242,52468900
2005-02-03,80.47720336914062,80.61250775038731,80.21336627737762,80.54485297909677,48837100
2005-02-04,81.33638763427734,81.47168688449533,80.49075441707605,80.50428227756362,50024600
2005-02-07,81.22814178466797,81.53256766962997,81.15372565077318,81.34991317091985,45412000
2005-02-08,81.32279968261719,81.62046402564076,81.22808923917006,81.29573881858485,39263500
2005-02-09,80.71398162841797,81.51225943331619,80.67339289368341,81.46490418901436,55279400
2005-02-10,81.00486755371094,81.19428850274042,80.68014740147002,80.95075096922662,45858600
2005-02-11,81.70170593261719,81.88436561865123,80.81548387184331,80.97784402283435,53133000
2005-02-14,81.64079284667969,81.76256420556297,81.50549363073571,81.64755935587716,32432100
2005-02-15,81.94526672363281,82.1482208279144,81.64084072854772,81.72202340252781,43852700
2005-02-16,81.99934387207031,82.16847047979952,81.63402978001508,81.80992289722711,55523000
2005-02-17,81.33638763427734,82.08054383314737,81.32962112336578,82.01289420803839,58124000
2005-02-18,81.44462585449219,81.50551412991476,81.11313907912435,81.34314883634494,47723300
2005-02-22,80.23368072509766,81.49874990936966,80.22015286425443,81.11314135864183,80697600
2005-02-23,80.80870056152344,80.88988320081064,80.24720408079253,80.45691944728232,68292600
2005-02-24,81.34315490722656,81.3972766757891,80.49076027837825,80.66664828420261,68563600
2005-02-25,82.14817810058594,82.31053820276128,81.30254504147645,81.36342814429173,60899900
2005-02-28,81.60696411132812,82.06022731604027,81.20782781796565,81.95875032509474,69381300
2005-03-01,82.01289367675781,82.20907603990236,81.70846262373611,81.73552350587153,47294400
2005-03-02,81.97229766845703,82.48644409315932,81.62051653239885,81.6949326660269,64226500
2005-03-03,82.0061264038086,82.46615107316447,81.65434010065296,82.30379094319636,61230800
2005-03-04,83.02767181396484,83.0953214535324,82.39175384708902,82.56764703903403,56168500
2005-03-07,83.06822967529297,83.37942203065165,82.80439256615549,82.98028569269205,43442400
2005-03-08,82.75703430175781,83.2102923792497,82.60820205868058,82.98704401463385,44362000
2005-03-09,81.83699798583984,82.72998642327528,81.83023147518193,82.51350453424048,73263600
2005-03-10,82.01964569091797,82.19553882411043,81.45138271475994,81.9925848118626,65149000
2005-03-11,81.44462585449219,82.34438083468328,81.28903223315722,82.06701066250318,57976500
2005-03-14,81.95198822021484,81.96552123911307,81.37019227961711,81.5934406394281,36336400
2005-03-15,81.2755126953125,82.16850131275491,81.23492394585396,82.14144042600375,62438500
2005-03-16,80.58544158935547,81.28900884169512,80.43660936041172,80.97781136590326,74874200
2005-03-17,80.74781799316406,81.0048886106238,80.49074737570434,80.71399060290103,62584200
2005-03-18,80.50807189941406,81.18044256400871,80.24319845028258,80.89519503134531,60232000
2005-03-21,80.20924377441406,80.67107536585537,79.9783305694977,80.6235341071015,61244300
2005-03-22,79.39422607421875,80.77292735659816,79.39422607421875,80.39259739776442,92472400
2005-03-23,79.46215057373047,79.95114925247219,79.29235965370113,79.42819031708153,70817300
2005-03-24,79.55722045898438,80.1345084592217,79.50288612960497,79.77455259489514,51932500
2005-03-28,79.67267608642578,80.10055244825178,79.67267608642578,79.7473844930428,46765500
2005-03-29,79.14295959472656,80.0734158991393,78.95279455303258,79.55724994196365,71160300
2005-03-30,80.2635498046875,80.27713079599349,79.30592669700206,79.31271978345845,62002100
2005-03-31,80.11418151855469,80.45376350456837,80.05305924824496,80.27039151202933,64575400
2005-04-01,79.75418853759766,80.81368218558323,79.40102571547163,80.56918285426234,95255300
2005-04-04,79.89002227783203,80.04623220504826,79.28556701364384,79.70665036307253,71581200
2005-04-05,80.2703628540039,80.39940043912553,79.91719481293575,79.99190323771523,46853900
2005-04-06,80.548828125,80.78653442600087,80.26358056379895,80.44695251553999,53268200
2005-04-07,80.98345184326172,80.99703801455091,80.35862268571852,80.4197500933076,46734600
2005-04-08,80.14131927490234,80.96310675753847,80.14131927490234,80.93593958683877,63772900
2005-04-11,80.20243835449219,80.42656361770503,80.02585952433158,80.33827420262472,44945000
2005-04-12,80.6167221069336,80.86122143220058,79.50968723758007,80.06660121588656,86144800
2005-04-13,79.6658935546875,80.68463897005891,79.55043180292398,80.52163597284236,65949000
2005-04-14,78.62677001953125,79.80172536221832,78.62677001953125,79.73381003652936,96119800
2005-04-15,77.52655029296875,78.91883300070198,77.49259002967409,78.60641826850416,128677300
2005-04-18,77.76425170898438,78.07666642156808,77.39750265118393,77.5061713416174,100035200
2005-04-19,78.38229370117188,78.46379003788142,77.98837746838112,78.17174940758598,64930100
2005-04-20,77.288818359375,78.53168378694879,77.11902746243578,78.36189289000957,107735900
2005-04-21,78.78978729248047,78.92561796846515,77.68274707493363,77.9612066967928,86952200
2005-04-22,78.49097442626953,79.12259708234578,77.60805925313602,78.60643104967036,88845800
2005-04-25,79.00714874267578,79.12260537818199,78.59285829140285,78.68794083612678,52284100
2005-04-26,78.23966217041016,79.30594905395827,78.2057070917696,78.75582807286393,72626000
2005-04-27,78.54528045654297,78.8305279579333,77.72349302733313,78.00874052872346,84131900
2005-04-28,77.56049346923828,78.56565803812985,77.56049346923828,78.28719843036112,72481500
2005-04-29,78.61318969726562,78.69469119775155,77.40427927223092,78.1513582243932,103993800
2005-05-02,79.05465698242188,79.06145007038086,78.45698960062093,78.83053171424652,56026400
2005-05-03,79.19048309326172,79.3602740112068,78.5724468463776,78.83052717627538,86000300
2005-05-04,79.80176544189453,79.97155643219644,78.97318458016368,79.22447711119003,81055700
2005-05-05,79.77457427978516,80.14132333037817,79.28557554566112,79.91719804696996,96906700
2005-05-06,79.5232925415039,80.13454104153574,79.50291845510434,80.0937928687366,67415400
2005-05-09,80.0190658569336,80.19564986742297,79.49611209483258,79.60477559094375,43750500
2005-05-10,79.19048309326172,79.80173143418551,79.04785934398078,79.70664893466488,74613500
2005-05-11,79.62513732910156,79.73380598997464,78.68110035959623,79.41459827566865,91647400
2005-05-12,78.7490234375,79.86285141311056,78.7490234375,79.67947950683639,95086800
2005-05-13,78.59282684326172,79.20407523019499,77.96799746177791,78.98674304613071,85267000
2005-05-16,79.32630920410156,79.3534711878256,78.55206312779225,78.5792251115163,49207000
2005-05-17,79.85609436035156,79.93759071391239,78.89168284474573,79.06147382347673,61071800
2005-05-18,80.67787170410156,80.87482983590277,80.14812474761978,80.20245391580625,77944900
2005-05-19,81.0174331665039,81.0989346706232,80.61672391492677,80.83405607763738,61768100
2005-05-20,80.9020004272461,81.08537238853779,80.64391484562421,81.05141212307944,46345500
2005-05-23,81.35021209716797,81.52679607732844,80.94950807551915,80.96308906709756,51047900
2005-05-24,81.16006469726562,81.38418996888582,80.95631350822762,81.11931653210121,50654100
2005-05-25,81.09895324707031,81.41136797867776,80.7050369926749,81.058199894872,47608800
2005-05-26,81.53360748291016,81.64227098477254,81.24156687309343,81.35702346307474,43256200
2005-05-27,81.66941833496094,81.66941833496094,81.36379680468694,81.54037560005972,24596100
2005-05-31,81.14651489257812,81.61513451691346,81.09218053040273,81.55401224567362,43377200
2005-06-01,81.83924102783203,82.12448859114792,81.12611693793356,81.17365819848621,69611000
2005-06-02,82.01580047607422,82.07012962783426,81.56754999820511,81.65584458532872,39704500
2005-06-03,81.60150909423828,82.10408871673708,81.31626162051792,81.87317557561312,60999400
2005-06-06,81.52682495117188,81.63548846710441,81.1940361327671,81.46569751340276,36046400
2005-06-07,81.58794403076172,82.34860933910821,81.5064476923875,81.76452806658668,66501300
2005-06-08,81.43852233886719,81.90034868383941,81.27551931893926,81.79168518549531,46881200
2005-06-09,81.82563018798828,81.89354550949234,81.11929944481096,81.32304540932313,56653300
2005-06-10,81.63545989990234,81.94108661858066,81.22796278993813,81.87995920220224,36465300
2005-06-13,81.89356994628906,82.23315183674644,81.37061093328397,81.45890554103228,49383200
2005-06-14,82.08370208740234,82.31461519322134,81.7577013232743,81.80524256162565,33857100
2005-06-15,82.23992919921875,82.34180478961544,81.65585318960044,82.28747563213061,53195600
2005-06-16,82.45049285888672,82.61349073289135,82.12449192926846,82.21957445423857,46564500
2005-06-17,82.75597381591797,83.12420306279671,82.6605075521925,82.87871689821088,51529400
2005-06-20,82.78326416015625,83.0832988083774,82.46958849916203,82.5650547784854,41019400
2005-06-21,82.83100891113281,82.95375203068652,82.5309690183298,82.85146523063797,39879800
2005-06-22,82.89917755126953,83.15148423433574,82.55822510510941,82.97418750562647,46310100
2005-06-23,81.7331314086914,82.91964461848723,81.7126750916725,82.72871205628125,62185600
2005-06-24,81.13304138183594,81.83540254527647,81.03756991646974,81.74675158511953,58572500
2005-06-27,81.24896240234375,81.42625911674229,80.97619942692779,81.12621932353262,48183800
2005-06-28,81.93085479736328,81.99222372618866,81.39896993746231,81.41942624707077,41174200
2005-06-29,81.712646484375,82.10133197922327,81.6649133605347,82.08087566936605,42316500
2005-06-30,81.26941680908203,82.04678788914751,81.11257641107683,81.978598447523,62288800
2005-07-01,81.50808715820312,81.69220438398398,81.2898778109037,81.45353352074797,49737500
2005-07-05,82.1626968383789,82.27180408890592,81.27622383918705,81.31713645687466,51549000
2005-07-06,81.47396850585938,82.27179568438558,81.42623538926001,82.09449902165103,52363600
2005-07-07,81.79447174072266,81.79447174072266,80.64205626419115,80.66251257405261,103268800
2005-07-08,82.7286605834961,82.7286605834961,81.63761433363922,81.80809047275807,64491200
2005-07-11,83.15147399902344,83.26057606305388,82.72187064012886,82.73551164970817,49688300
2005-07-12,83.36968231201172,83.62198375842055,82.9468994630672,83.18556510258396,51871100
2005-07-13,83.48561096191406,83.54697990118062,83.18557116322118,83.37650368874533,41182300
2005-07-14,83.81291198730469,84.1743206580318,83.52650804977665,83.86064510980601,63638800
2005-07-15,83.76516723632812,83.90155129195514,83.43785590786278,83.73107512431119,56075900
2005-07-18,83.4310302734375,83.62196273705322,83.22646200635756,83.53331700823719,56598400
2005-07-19,83.887939453125,83.94931360012701,83.47198224576283,83.67655059655252,59165700
2005-07-20,84.17435455322266,84.37210762679332,83.39698327230201,83.5947311433504,69477000
2005-07-21,83.68335723876953,84.29025208985655,83.51288104009294,84.24933946698079,101110900
2005-07-22,84.24252319335938,84.25615900082924,83.62198730180057,83.79246350903924,52607100
2005-07-25,84.00385284423828,84.5220967394362,83.77200251005337,84.15387273061899,57301600
2005-07-26,84.10613250732422,84.23569607946712,83.8401900610987,84.03112776834317,42758800
2005-07-27,84.41300964355469,84.4811990942203,83.90840146560329,84.21525659485931,43181600
2005-07-28,84.94489288330078,84.99262601803045,84.31072112045156,84.52893047957595,47880700
2005-07-29,84.37889099121094,84.9857857930362,84.21523531047117,84.83577112049491,62358100
2005-08-01,84.31755065917969,84.58349318152449,84.18116654354002,84.44029376199437,40418200
2005-08-02,84.8221435546875,84.96534294834369,84.37890436335863,84.46755532313706,45147400
2005-08-03,85.04717254638672,85.06080835408855,84.63803068255811,84.72667643892264,36837200
2005-08-04,84.36526489257812,84.76758623787943,84.26297812940156,84.71303780637004,50855600
2005-08-05,83.7924575805664,84.54255700136235,83.64925820092007,84.18114309746949,53595500
2005-08-08,83.6355972290039,84.15384616311046,83.45148008020071,83.97654951676788,47616000
2005-08-09,84.14024353027344,84.27662242656689,83.78565527839763,83.91521366911998,47170000
2005-08-10,84.09931945800781,84.89714681805444,83.75154655650516,84.43345135022449,72863700
2005-08-11,84.4334716796875,84.5766710965449,83.88113032859154,84.058421871831,58570200
2005-08-12,83.91522979736328,84.34483328804676,83.70384090672374,84.26300281303028,54776900
2005-08-15,84.4334716796875,84.46756900859152,83.75838722806776,84.02432974544894,36208500
2005-08-16,83.3355712890625,84.22886476545986,83.25374085360232,84.17431634433964,71942100
2005-08-17,83.32877349853516,83.78565371790384,83.21285091859262,83.32195819561241,62275100
2005-08-18,83.32195281982422,83.57425427724212,83.08328196737241,83.22648655985189,53388600
2005-08-19,83.51289367675781,83.75155935051434,83.32877644091599,83.62199575510873,39842100
2005-08-22,83.51289367675781,84.03114285585879,83.11056708169266,83.58790363172723,69912000
2005-08-23,83.35604095458984,83.60834760246605,82.61276722283782,83.53333765857099,55168600
2005-08-24,82.61277770996094,83.69018867493207,82.57185987921983,83.1514831924465,79104600
2005-08-25,82.9128189086914,82.967372552333,82.6536969051765,82.7491631802884,35631100
2005-08-26,82.34681701660156,82.84460455829725,82.29226338935484,82.83778925678159,61956800
2005-08-29,82.98097229003906,83.04234120671981,82.08767372792748,82.10813523600696,56179200
2005-08-30,82.54460144042969,82.7150776885904,82.09454164807471,82.68098035794937,74160200
2005-08-31,83.58788299560547,83.64243662257351,82.33317558794154,82.64003583774662,102945200
2005-09-01,83.52654266357422,83.97660246439654,82.60597194669131,83.54699898133481,74578700
2005-09-02,83.37650299072266,83.79246536178407,83.21966779000704,83.77200904886647,47653400
2005-09-06,84.35161590576172,84.41981054311091,83.63561903627874,83.64243954051774,57251300
2005-09-07,84.49481964111328,84.64483431523523,84.1879593836576,84.3038819419647,41749700
2005-09-08,84.21524047851562,84.55619286911691,84.08567690528055,84.32434774071793,39068700
2005-09-09,84.96533203125,85.06079828142111,84.41981134491793,84.44026765530883,43093900
2005-09-12,84.79487609863281,85.01308546579952,84.7403224562107,84.8630655503996,33017600
2005-09-13,84.32437896728516,84.84262304709772,84.22890747624332,84.64486996301561,58427500
2005-09-14,84.01750946044922,84.50166135753425,83.88794585329902,84.3789182566872,57694600
2005-09-15,83.97655487060547,84.31750718010649,83.80607871585497,84.2765893652532,73156900
2005-09-16,84.57373046875,84.73808281404166,84.14230360310931,84.43677105178476,75424100
2005-09-19,84.29293823242188,84.6079542261836,83.98477700005957,84.5531683816454,53355300
2005-09-20,83.58076477050781,84.64906289199247,83.45749920074672,84.36828928461061,84480300
2005-09-21,82.80007934570312,83.45749393472482,82.71105102475224,83.402708079473,94469100
2005-09-22,83.09452819824219,83.31367158400506,82.47820571211473,82.82745372767606,84597200
2005-09-23,83.16304016113281,83.47120150440279,82.7932434144083,83.02607550049359,59368100
2005-09-26,83.25891876220703,83.71088911295223,82.91651492313693,83.56023058781452,70415400
2005-09-27,83.23836517333984,83.53967696204471,82.8754127596564,83.2178165567912,66150800
2005-09-28,83.32056427001953,83.62873091666253,82.99870376614902,83.49861576199089,58620500
2005-09-29,83.99848937988281,84.13544878825857,82.91649228984816,83.23835264666437,66607700
2005-09-30,84.25872802734375,84.25872802734375,83.36847605434531,83.97111008825222,47824200
2005-10-03,83.95738983154297,84.46414586658584,83.85466767216056,84.20392092419432,50994800
2005-10-04,83.01237487792969,84.2518749138071,82.97128809542193,84.08752255910892,60776300
2005-10-05,81.92352294921875,83.0739998088329,81.882436169304,83.03291302891816,106052100
2005-10-06,81.62910461425781,82.35500458571101,80.92375326979183,82.02629447462485,140941800
2005-10-07,81.90980529785156,82.21112219545424,81.5810954800427,81.97143544981648,75661400
2005-10-10,81.21818542480469,81.97832232660112,81.01274626668015,81.95777893325543,52677000
2005-10-11,81.1017074584961,81.75912166696268,81.02637825729708,81.48519777393568,75629800
2005-10-12,80.46493530273438,81.58117039669106,80.40330509417393,81.07441396918148,100510400
2005-10-13,80.41693878173828,80.86206466761753,80.04029259568674,80.43748216921998,99052900
2005-10-14,81.26614379882812,81.36201647689728,80.50600669080193,80.88950262774763,88651000
2005-10-17,81.56744384765625,81.67701036052202,81.11546826733142,81.35515513701957,68109300
2005-10-18,80.68403625488281,81.46471654959664,80.67034240088243,81.45102269559627,74996900
2005-10-19,82.02620697021484,82.03990604025903,80.2046225041685,80.46484736369958,116563800
2005-10-20,80.58126831054688,82.04675541588429,80.32789297039541,81.82761730362817,131966700
2005-10-21,80.89633178710938,81.34145783741161,80.47175435654539,81.00590352704081,96579500
2005-10-24,82.14952850341797,82.2385516207615,81.0880797363174,81.10862313072991,71308400
2005-10-25,81.9851303100586,82.34122780511292,81.4509814551446,81.9851303100586,76594500
2005-10-26,81.7454605102539,82.54668390738856,81.62219497033583,81.84133312744956,80855800
2005-10-27,80.87580871582031,81.7455176399092,80.75939263138935,81.62909633080878,66623100
2005-10-28,82.0399398803711,82.14265682474951,80.87576400563913,81.10175173260473,72322000
2005-10-31,82.26591491699219,83.06714358309769,82.26591491699219,82.37548661394086,77698900
2005-11-01,82.51243591308594,82.79320943365799,82.32754022794406,82.57407129124353,66365100
2005-11-02,83.37528228759766,83.37528228759766,82.26589266703947,82.29328558386784,74012300
2005-11-03,83.73141479492188,83.9984945395934,83.37531717647127,83.64924123471543,84897600
2005-11-04,83.62187194824219,83.86155360771924,83.23838129307889,83.82046681599984,59156000
2005-11-07,83.70405578613281,83.97113039769413,83.44382549049045,83.79992845568464,46765400
2005-11-08,83.70405578613281,83.83416570928534,83.40273869630215,83.49861136585398,42152800
2005-11-09,83.81360626220703,84.19709686697733,83.4506590505969,83.6013175666617,57666800
2005-11-10,84.46415710449219,84.58742266721828,83.3753156543007,83.77934958371765,79048100
2005-11-11,84.75178527832031,84.80656591249604,83.84098996756036,84.4710116702513,34867000
2005-11-14,84.703857421875,84.92983996901505,84.49156350381287,84.77233713993766,45092200
2005-11-15,84.39567565917969,84.97776099491637,84.13545068752484,84.60796953902089,69592500
2005-11-16,84.56690216064453,84.60799417578355,84.21765399230591,84.48472857970282,51133000
2005-11-17,85.35443115234375,85.36128069223817,84.3272196042414,84.69701638851843,55717500
2005-11-18,85.68994903564453,85.79267119172195,85.14210624434146,85.64201272609719,72437200
2005-11-21,86.12139892578125,86.22412110318469,85.5872498728838,85.70366590242978,50021200
2005-11-22,86.49118041992188,86.64183366566488,85.88854653828565,85.98441916042486,66438800
2005-11-23,86.99107360839844,87.25130373553343,86.42953181121042,86.45692473115439,50854700
2005-11-25,87.05957794189453,87.12121333538332,86.8404397449716,86.9568609938578,15270000
2005-11-28,86.44320678710938,87.155401608464,86.313091759812,87.14170776464186,54498500
2005-11-29,86.34736633300781,86.95684975234516,86.34736633300781,86.73086204654587,51738900
2005-11-30,85.88170623779297,86.6418377132166,85.79952746154913,86.39531183381773,56007200
2005-12-01,86.75826263427734,86.9910946731831,86.27204994303311,86.29943764494371,65468200
2005-12-02,86.8678207397461,87.0253287462103,86.62813918614056,86.81303489187454,46699400
2005-12-05,86.68294525146484,86.78566743401586,86.40902117288455,86.76511881777186,59273400
2005-12-06,86.8472671508789,87.47728865339413,86.71715208363528,87.00477513884042,57935200
2005-12-07,86.34050750732422,86.88150591299747,86.06658353646033,86.81302100178262,66816500
2005-12-08,86.2857437133789,86.847285646019,85.92964611754205,86.43640219707908,62608600
2005-12-09,86.5117416381836,86.81990295505243,86.1624883143097,86.39532560511466,50744500
2005-12-12,86.59393310546875,86.87470677527143,86.25837878944573,86.77198457352246,48389900
2005-12-13,87.18286895751953,87.44994354972178,86.48436738360628,86.57339050611762,88630900
2005-12-14,87.5252685546875,87.71701387055538,87.06644865962254,87.10069113374237,64375000
2005-12-15,87.27188110351562,87.65537168273406,87.09382966687824,87.54579996029034,55900300
2005-12-16,86.9909896850586,87.67942739687301,86.9909896850586,87.62435111936075,46238300
2005-12-19,86.5434799194336,87.34206996294137,86.52971348008687,87.24568913042994,48733000
2005-12-20,86.6261215209961,87.14933041828954,86.38516936403686,86.64677381268358,46603200
2005-12-21,86.76380157470703,87.26636340144142,86.6054638467017,86.8946064170823,51806900
2005-12-22,87.21817779541016,87.21817779541016,86.79823035943504,86.956568096195,32247900
2005-12-23,87.266357421875,87.33520013595854,87.03228589115608,87.28012386374675,27977300
2005-12-27,86.37828063964844,87.46601348611533,86.31631851428618,87.40405136075307,44499500
2005-12-28,86.57107543945312,86.73629908294974,86.39896594553771,86.56418958903433,30764300
2005-12-29,86.18550872802734,86.71560339299559,86.09600847446224,86.55037983217413,32788900
2005-12-30,85.71737670898438,86.09601428024833,85.61411000687143,85.91702426577271,44645600
2006-01-03,87.22503662109375,87.43156998973073,85.63474754061897,86.18549968874308,73256700
2006-01-04,87.63811492919922,87.76891451106776,87.22504813738819,87.33520068250111,51899600
2006-01-05,87.69319152832031,87.83776281370663,87.34897268148733,87.5348538001003,47307500
2006-01-06,88.42292785644531,88.51930870116288,87.67941398088506,88.13378532229258,62885900
2006-01-09,88.65011596679688,88.84975825609021,88.38162571307163,88.40915859600969,43527400
2006-01-10,88.73959350585938,88.79466976888246,88.29899390639771,88.38849414690063,44960800
2006-01-11,89.02185821533203,89.11135845865074,88.62256317439456,88.82221594722499,49598900
2006-01-12,88.67076110839844,89.00120820064396,88.42292316303337,88.86352278760197,40509200
2006-01-13,88.58814239501953,88.73959950238688,88.25769529927429,88.51242434605962,44856700
2006-01-17,88.34719848632812,88.4091553492068,87.9892079929334,88.25769823679842,52066600
2006-01-18,87.9961166381836,88.73962544717084,87.54175043560046,87.83089304200459,75067600
2006-01-19,88.33346557617188,88.65015163335647,87.98924662497194,88.20955179600969,81530400
2006-01-20,86.7225112915039,88.33345323695374,86.7225112915039,88.31280094314494,114957800
2006-01-23,87.03227996826172,87.30765605821784,86.83263243435258,86.88770870281621,67017400
2006-01-24,87.12181854248047,87.5348802329394,87.03231825376538,87.17688958280779,53008800
2006-01-25,87.19750213623047,87.55548734927038,86.6329783059925,87.45910651297649,87747700
2006-01-26,87.67945098876953,87.89286505609915,87.26638930101102,87.60372239990464,71294000
2006-01-27,88.49176788330078,88.57438754168885,87.74137339159148,87.88594991522722,65771200
2006-01-30,88.42292785644531,88.67764640932943,88.36097099299634,88.42292785644531,33709600
2006-01-31,87.77578735351562,88.4917577812229,87.76890150737565,88.3403111850368,72937000
2006-02-01,88.3885269165039,88.4160598058616,87.92727486049209,87.99611758861327,63561000
2006-02-02,87.36273956298828,88.21640078543568,87.29389684788748,88.18886790128535,83626900
2006-02-03,86.92900848388672,88.38849800351055,86.83951349184045,87.14242769932281,86040400
2006-02-06,87.15616607666016,87.29385669589158,86.86013781076271,87.0460188336351,45511900
2006-02-07,86.38518524169922,87.19754212901866,86.33010895216745,87.00477511565745,71208100
2006-02-08,87.16996002197266,88.1888498549992,86.4677508154967,86.6398601942108,59422200
2006-02-09,87.02542877197266,87.84466621957654,86.9978906284382,87.3765282842184,62023300
2006-02-10,87.18376159667969,87.52109464424488,86.36451894308638,87.03919029058031,64508700
2006-02-13,87.02542877197266,87.28703325700427,86.7087427475083,87.15622838830656,52308700
2006-02-14,87.94794464111328,88.14070641912645,86.88774960967639,87.05985909038307,90964400
2006-02-15,88.25770568847656,88.34032535068123,87.5968061668268,87.89972041721887,85471300
2006-02-16,88.91860961914062,88.95303360267232,88.24393315703904,88.3540857024505,61017900
2006-02-17,88.67765808105469,88.91861547692548,88.51932035204779,88.84288691005685,40342600
2006-02-21,88.4573745727539,89.08384497206951,88.31967861228928,88.88420263695888,46456300
2006-02-22,88.99435424804688,89.25595345972205,88.56751568369728,88.65013536003448,42326700
2006-02-23,88.86354064941406,89.24906408531237,88.31278838181971,88.99434549474937,43423200
2006-02-24,89.09076690673828,89.138952105796,88.64327588980798,88.88423339928819,36777400
2006-02-27,89.12512969970703,89.52441423389921,89.00120547845302,89.0838146228068,35858600
2006-02-28,88.27836608886719,89.4349469234741,88.20952861955101,88.94615151911725,74394800
2006-03-01,89.06314849853516,89.14576813477525,88.4642112855834,88.5330592316632,48641600
2006-03-02,89.05632019042969,89.09762478043865,88.53999180586197,88.7396341591479,60642300
2006-03-03,88.64319610595703,89.5450579266052,88.56746757154295,88.58123926090582,73402500
2006-03-06,88.2370834350586,88.93240192489084,88.01678351951846,88.90486903126708,57478400
2006-03-07,88.099365234375,88.161322100562,87.70695599143691,88.02363667412709,61780800
2006-03-08,88.28524780273438,88.42293323145415,87.55550032390478,87.91348558999364,66692400
2006-03-09,87.69319152832031,88.58815737866841,87.69319152832031,88.31278650309224,56313600
2006-03-10,88.52618408203125,88.69829347351418,87.73448508309917,87.92036091486155,60490800
2006-03-13,88.69143676757812,88.9186224860923,88.48490334122646,88.69831736339016,45479100
2006-03-14,89.62081909179688,89.65524307941213,88.53997731281584,88.60882528804635,69877300
2006-03-15,90.0201416015625,90.08898959772104,89.39367105732894,89.60019403634585,53398900
2006-03-16,90.20598602294922,90.50890027502373,90.07518118639658,90.19221432838445,65526400
2006-03-17,90.28129577636719,90.47482397691599,90.11542048818018,90.32276459841394,47286800
2006-03-20,90.13619232177734,90.47486154009783,89.99795934206489,90.29515972112166,45538500
2006-03-21,89.56942749023438,90.53707948546995,89.4726633453609,90.10854351831529,87102700
2006-03-22,90.1154556274414,90.20530126141144,89.47265699557859,89.51412583379553,51605700
2006-03-23,89.9288101196289,90.1223383414335,89.61778337362131,90.0324821861324,46704200
2006-03-24,89.9979476928711,90.24677124274632,89.67309443202014,89.84588827091962,43209200
2006-03-27,89.86662292480469,90.04632472099432,89.67309466844692,89.87353088163925,32523000
2006-03-28,89.31367492675781,90.21911290073876,89.19617638894715,89.80440349370248,82079900
2006-03-29,89.87357330322266,90.19842671826547,89.36209950056923,89.44504775423171,61505700
2006-03-30,89.71459197998047,90.5301740983019,89.54179808577653,89.92885472135296,70571700
2006-03-31,89.73529815673828,90.0186825851897,89.41735285102467,89.86662316243523,62925600
2006-04-03,89.66618347167969,90.45412302148515,89.5003081221416,89.90119112769172,61624700
2006-04-04,90.23987579345703,90.35737436834674,89.41046726414616,89.66619883617075,54809300
2006-04-05,90.55085754394531,90.73747779764352,90.11542434731135,90.27439168746355,50607200
2006-04-06,90.4541015625,90.68910916275973,89.98410745497523,90.44028565098269,57906200
2006-04-07,89.53485870361328,90.82044539859336,89.40354423369854,90.58544828843031,80180900
2006-04-10,89.67306518554688,89.9080621986472,89.34129352958647,89.67306518554688,41496500
2006-04-11,88.91279602050781,89.89426374550757,88.64323805763111,89.7491228289964,72799400
2006-04-12,89.07868194580078,89.25147578225896,88.89206164940629,89.00265223589923,43033700
2006-04-13,88.96116638183594,89.33439635671682,88.6846899685012,88.87821818458713,51051800
2006-04-17,88.92662048339844,89.37588022927092,88.48426869408604,89.04411902391126,64167700
2006-04-18,90.33661651611328,90.50250239755142,89.11323318844185,89.11323318844185,92531800
2006-04-19,90.50941467285156,90.59236289077784,90.01868605491012,90.37118170497367,87269000
2006-04-20,90.63385772705078,91.13841295047396,90.26753551116104,90.54400152622794,86005500
2006-04-21,90.64764404296875,91.08999585052094,90.28132194670673,91.02088464257469,72342600
2006-04-24,90.48173522949219,90.59232577708775,90.1154132687651,90.46790877441897,52546400
2006-04-25,90.1085433959961,90.62692500279334,89.7975165412179,90.57162969915488,84359800
2006-04-26,90.1292495727539,90.64072306125374,90.06013837473878,90.1983713172665,67262400
2006-04-27,90.564697265625,90.97940665758605,89.56940316211681,89.78366581424746,124478600
2006-04-28,90.8688735961914,91.06240195586871,90.34358384085367,90.39886861804322,55854400
2006-05-01,90.1292495727539,91.09690126344299,90.0739648329408,90.86881216234836,64990300
2006-05-02,90.80664825439453,90.86194356465708,90.36429631879618,90.55090612611748,49063500
2006-05-03,90.46795654296875,90.76516747825214,90.1638376497488,90.6476583678257,60821300
2006-05-04,90.79281616210938,90.97251799944671,90.52325813285266,90.59928786143796,42921400
2006-05-05,91.59456634521484,91.78809461219375,91.1314800959082,91.26971306567891,62588200
2006-05-08,91.48395538330078,91.76733976346426,91.48395538330078,91.58762745092292,30016700
2006-05-09,91.66364288330078,91.76732548128354,91.44938027923023,91.52540996581935,29864000
2006-05-10,91.61529541015625,91.75352837184982,91.15911714471838,91.51853128232084,64378200
2006-05-11,90.50941467285156,91.61529950887356,90.21221431923905,91.58764658739834,80626900
2006-05-12,89.3275146484375,90.35045131210363,89.29295376830353,90.10162774023891,91726500
2006-05-15,89.50719451904297,89.67308037512231,88.89204897084922,89.01645545303573,84029300
2006-05-16,89.37586212158203,89.85277469006874,89.16850745530566,89.68688884774836,62137600
2006-05-17,87.67558288574219,89.23073253318013,87.62028759796907,88.93352167971183,144789500
2006-05-18,87.23326873779297,88.29767975669117,87.16415223490371,88.021208471883,87906300
2006-05-19,87.848388671875,88.11794664492726,86.94986385278398,87.68942128943371,124309400
2006-05-22,87.17794036865234,87.89676332727831,86.74250181964058,87.28161772029776,110852800
2006-05-23,86.51438903808594,88.21467921097661,86.51438903808594,87.90365251435855,92006500
2006-05-24,87.20560455322266,87.70325171690415,86.23104991872154,86.86693006198115,168405000
2006-05-25,88.28385162353516,88.28385162353516,87.38532133687406,87.72399586567677,78977900
2006-05-26,88.73310852050781,88.73310852050781,88.13178397471059,88.47736642986673,62989700
2006-05-30,87.15719604492188,88.47043004556038,87.12264044713447,88.44969563223822,72419900
2006-05-31,88.13175201416016,88.13175201416016,87.22630890827975,87.5166065025363,86926200
2006-06-01,88.97500610351562,89.1201575776729,87.96589065440907,88.04192037011056,73721700
2006-06-02,89.16163635253906,89.45883674472714,88.6916420914507,89.33443022143932,91702600
2006-06-05,87.86219787597656,89.06484130979607,87.62028232484025,89.05793335417682,86105100
2006-06-06,87.64793395996094,88.04190365139688,86.92220309323622,87.92440512153414,130498600
2006-06-07,86.99131774902344,88.22852208446402,86.94293569225195,87.71705387384429,108599400
2006-06-08,86.91533660888672,87.43371833816437,85.61592830586798,86.79783801583085,204957200
2006-06-09,86.63885498046875,87.75164804865145,86.59738613450574,87.33694376926837,94972200
2006-06-12,85.6988296508789,87.03971150919648,85.58133110767051,87.00515063260606,95815900
2006-06-13,84.70357513427734,86.28636267845243,84.70357513427734,85.52607054397606,185688800
2006-06-14,85.36016845703125,85.45001936756331,84.55840240028283,84.90399012682953,163566400
2006-06-15,87.1710433959961,87.33692401558058,85.60898551459688,85.67118876947238,134057000
2006-06-16,86.53583526611328,87.16758228429106,86.40392977258405,86.98014237461767,94253500
2006-06-19,85.8554458618164,87.11200610057897,85.77214162926278,87.05646641450588,95804400
2006-06-20,86.14704132080078,86.64688801869289,85.89017948189755,86.09150691835727,65494700
2006-06-21,86.7857437133789,87.26475908731318,86.05679967537453,86.08456952693788,75008200
2006-06-22,86.40390014648438,86.82043725581552,86.11232469960825,86.7440715011732,74566100
2006-06-23,86.39000701904297,86.98704540948847,86.10537009721278,86.3136412739937,54107000
2006-06-26,86.7718734741211,86.82046939992577,86.25814435896329,86.45947185059943,37899600
2006-06-27,86.0220947265625,86.9801308087793,85.92489759397795,86.78574713672585,69780200
2006-06-28,86.60523986816406,86.61912214527287,85.84158750980036,86.2164725504278,62368100
2006-06-29,88.35469055175781,88.41023024856659,86.89680793814779,86.91763400031182,110634800
2006-06-30,88.36164855957031,88.6254595135932,88.13949503313717,88.54214995497158,54227800
2006-07-03,88.72261810302734,88.86840050700937,88.38244150521635,88.4657510326191,23914000
2006-07-05,88.2158432006836,88.47964880550548,87.83401442056012,88.36857471273298,69653400
2006-07-06,88.47272491455078,88.75735662769843,88.22280154387799,88.3061058030638,50100300
2006-07-07,87.89652252197266,88.55603936704364,87.67436897764321,88.29917747624421,81626500
2006-07-10,88.06309509277344,88.46574985837496,87.75763742279625,88.1255785616351,60964100
2006-07-11,88.45189666748047,88.45189666748047,87.431377145171,87.89651023600833,73640800
2006-07-12,87.50774383544922,88.44495381396169,87.2786465328073,88.27139621436466,82561300
2006-07-13,86.08460235595703,87.25091008360981,86.08460235595703,87.09123470036654,102405700
2006-07-14,85.7513427734375,86.26507711947953,85.27232736504426,86.17482377126669,103242500
2006-07-17,85.62635803222656,86.153974514749,85.49445788401339,85.75131969133565,81159000
2006-07-18,86.0637435913086,86.11928329451847,84.96685828742284,85.88324220415531,122771000
2006-07-19,87.25780487060547,87.6535159150894,85.89017038280201,86.20951567338933,133565300
2006-07-20,86.6607894897461,87.68130911217978,86.54277158286061,87.5563474176663,112259800
2006-07-21,86.04984283447266,86.91069221267156,85.95959480300074,86.88292236532094,101560000
2006-07-24,87.6187973022461,87.69516305180186,86.39001211708265,86.39001211708265,92884000
2006-07-25,87.93122100830078,88.37552802037447,87.2786427670737,87.45914414590283,95480700
2006-07-26,88.04920959472656,88.47962889010485,87.59795894612024,87.88259054823598,84525800
2006-07-27,87.96590423583984,88.64625213316206,87.61184536598053,88.4310371787289,87257100
2006-07-28,88.84762573242188,88.9586998632271,88.07008563055085,88.19504733805586,82137000
2006-07-31,88.75733947753906,88.83370523140871,88.47964630860912,88.62543932712875,49593100
2006-08-01,88.31999969482422,88.43107381386965,87.88957490419779,88.40330395996878,65225600
2006-08-02,88.91700744628906,89.1808183184909,88.54906627880355,88.56989233786028,64770900
2006-08-03,89.153076171875,89.24332952326387,88.27140580065782,88.40330598901677,63693800
2006-08-04,89.00030517578125,89.85420531401667,88.500463905294,89.61123111174761,96294200
2006-08-07,88.79203796386719,88.91699960374208,88.44492288605423,88.79203796386719,45377300
2006-08-08,88.45189666748047,89.18084069671795,88.13254602662158,88.92396824870697,90901300
2006-08-09,88.15339660644531,89.27805199192005,87.89652939899032,88.98646584216209,78910600
2006-08-10,88.42413330078125,88.5143813514768,87.66741936482124,87.87569061603612,69322300
2006-08-11,88.17418670654297,88.30608685413628,87.74376203906633,88.28526079380873,47482200
2006-08-14,88.24362182617188,88.97256582562692,88.11171636236105,88.60461928428921,57839000
2006-08-15,89.29884338378906,89.4654518696755,88.79205295413898,89.03503249031779,68143000
2006-08-16,90.04168701171875,90.17359249177355,89.58349237356501,89.77788664472511,71737600
2006-08-17,90.27079772949219,90.5068335745635,89.89591789279761,89.95839610006045,70992800
2006-08-18,90.72897338867188,90.72897338867188,89.96531570538434,90.38185818592578,58288400
2006-08-21,90.3402099609375,90.44434028901566,90.11111264604982,90.3749130082197,42133600
2006-08-22,90.33324432373047,90.61094280291118,90.0277812931886,90.24300158697135,60839900
2006-08-23,90.08332061767578,90.55540273378001,89.68761485200599,90.37489607477819,66592100
2006-08-24,90.00698852539062,90.31940075417087,89.83343088412059,90.24303496828736,57983000
2006-08-25,90.11804962158203,90.4235127029627,89.93755352490963,90.00003172070598,41756000
2006-08-28,90.54851531982422,90.81927549273004,90.00007766599586,90.00701616025461,52681500
2006-08-29,90.65257263183594,90.82613016622226,90.11801245985492,90.59009446180355,61817800
2006-08-30,90.70818328857422,90.97198374393629,90.63181748996742,90.85396579938387,50052200
2006-08-31,90.6942367553711,90.9372215729337,90.6525846365004,90.84002976453118,37510300
2006-09-01,91.23574829101562,91.34682768566822,90.83309343023556,91.04136464693065,48794500
2006-09-05,91.40934753417969,91.53431455839834,91.08305828437187,91.29826808890066,52348300
2006-09-06,90.60403442382812,91.05529068280462,90.47907799689588,91.0205770331728,53795600
2006-09-07,90.18744659423828,90.64564106233568,89.7986793824388,90.29157688557314,86269400
2006-09-08,90.44434356689453,90.56931055823313,90.13194197822229,90.30549959338644,45096300
2006-09-11,90.5345687866211,90.72895240775881,89.88892915039645,90.15274003327457,68496600
2006-09-12,91.42320251464844,91.52733283676878,90.50681330752874,90.63871877762463,69875600
2006-09-13,91.79116821289062,91.950838280353,91.30520892510212,91.38851320497501,62898400
2006-09-14,91.79803466796875,91.80498374791696,91.46480721685472,91.6106001853413,57805400
2006-09-15,92.0135269165039,92.3133536869942,91.81827776585567,92.2575697353377,76703100
2006-09-18,92.13906860351562,92.31338953023938,91.79739575684329,91.89501505022038,64154100
2006-09-19,91.90894317626953,92.13207901969854,91.39296015781957,92.12509937477724,92089100
2006-09-20,92.39704132080078,92.57834185701827,92.08326584465115,92.21575142428614,75204100
2006-09-21,91.9508056640625,92.56441877514975,91.63703010124043,92.46679947472275,88932500
2006-09-22,91.67188262939453,91.8183062381597,91.34415846160024,91.81133723192941,65966800
2006-09-25,92.37614440917969,92.63414662103362,91.37903379488202,91.85318161825862,92299100
2006-09-26,93.14314270019531,93.15709135103303,92.32034253602065,92.39007515050606,73962700
2006-09-27,93.25470733642578,93.41507957643874,92.92698321137577,93.08038644606738,82432200
2006-09-28,93.21980285644531,93.4289899671528,92.93391415980169,93.25466914817963,58597500
2006-09-29,93.14314270019531,93.39416521675841,93.0734100857099,93.29654594030072,47966600
2006-10-02,92.79447937011719,93.3174419382718,92.70382912026618,93.11522378701963,51687400
2006-10-03,92.98970031738281,93.34531096628156,92.49462449821912,92.66197631871783,73108100
2006-10-04,94.07749938964844,94.13328335284412,92.79450015525693,92.89908843643441,80890500
2006-10-05,94.2587890625,94.41917194618871,93.95896223071362,94.07749916232939,60505900
2006-10-06,94.14026641845703,94.2030300362405,93.71492294530394,94.09843109973782,64983600
2006-10-09,94.19603729248047,94.34247152734139,93.88226180601067,94.02869604087161,41176800
2006-10-10,94.32158660888672,94.44709259115511,94.02174902951185,94.20304963461982,56403700
2006-10-11,94.21000671386719,94.43313197843923,93.64520858575966,94.02173712459617,104071800
2006-10-12,95.02581024169922,95.1025118649702,94.41219725553142,94.44706356423707,59158600
2006-10-13,95.26985931396484,95.32564327734812,94.85845391397606,94.94213517890253,53944000
2006-10-16,95.41629791259766,95.56273216946886,95.12344003856003,95.19317266368056,42273000
2006-10-17,95.11644744873047,95.31865498791696,94.60045381400657,95.1582827575482,90500600
2006-10-18,95.24197387695312,95.78585428806373,94.90031168826062,95.55574940033165,86848600
2006-10-19,95.39537048339844,95.44418544392454,94.9909447064678,95.10251263935288,64063200
2006-10-20,95.41629791259766,95.49299954434834,95.06068705977442,95.41629791259766,48094500
2006-10-23,95.8555679321289,96.08567277430174,95.10250044130025,95.22103736489795,66219900
2006-10-24,96.14143371582031,96.17628937229053,95.68122414165605,95.72305944118011,53234900
2006-10-25,96.46920013427734,96.5110354521827,95.883473764489,96.04385666939879,78105400
2006-10-26,96.76901245117188,96.9224156868885,96.21118347035713,96.68534182794566,66843700
2006-10-27,96.1623764038086,96.74809202905044,95.9671378620613,96.6504727581768,80238000
2006-10-30,96.09262084960938,96.36456094209164,95.80673211041774,95.98803259853926,49717800
2006-10-31,96.07870483398438,96.40642898490857,95.70217636255212,96.27395403512749,71274100
2006-11-01,95.43022918701172,96.44128822890941,95.33260991344304,96.37853526155158,83005600
2006-11-02,95.37443542480469,95.53480764925214,95.08157763419128,95.18616590237401,60693100
2006-11-03,95.20709228515625,95.79978756507155,94.56559268884824,95.71611694285394,71346400
2006-11-06,96.28092956542969,96.42038417023602,95.49299562070263,95.49997526675077,63303300
2006-11-07,96.65049743652344,96.90848900977062,96.22515393917512,96.36460855607343,63318900
2006-11-08,96.85966491699219,96.95728419287181,95.43023144613096,96.22513430392308,87517800
2006-11-09,96.35063171386719,97.02002857472597,96.15539317938799,96.92937831239557,95916300
2006-11-10,96.39249420166016,96.46221618182167,96.02990372982667,96.32276158179464,48991500
2006-11-13,96.62954711914062,96.95029156563777,96.27393637027598,96.35062733990218,59398200
2006-11-14,97.35469818115234,97.43837941837054,96.30877315337133,96.90146825832707,96704000
2006-11-15,97.63365936279297,97.9334862243465,97.29198654501198,97.31988384916363,76509600
2006-11-16,97.88462829589844,98.09380476396144,97.26404661468224,97.92646358951104,76728800
2006-11-17,97.91255187988281,97.91952088488102,97.43142454244936,97.57087912032951,56353800
2006-11-20,97.96836853027344,98.13572046339505,97.57789132602883,97.82891390585834,69174200
2006-11-21,98.06592559814453,98.08684324654705,97.82187218051642,97.96133735613196,51367900
2006-11-22,98.26119995117188,98.42855183919065,97.96834212691627,98.14266302038054,45505300
2006-11-24,97.86377716064453,98.20543938381822,97.75917821582576,97.78707552365964,30998000
2006-11-27,96.51801300048828,97.86377613720313,96.49012633265154,97.8149611688571,84545100
2006-11-28,96.93633270263672,97.03395194444404,96.3018023110395,96.39245254975322,106652900
2006-11-29,97.94743347167969,97.98926878760305,96.97820964054043,97.25014983374629,90034900
2006-11-30,97.98929595947266,98.35188653085942,97.45238443026436,97.92654296818657,83994300
2006-12-01,97.7730941772461,98.07990062259847,96.90148979372314,97.98925036200747,126080000
2006-12-04,98.51919555664062,98.70049610277604,97.78007664003644,97.79402529120918,87813200
2006-12-05,98.9445571899414,98.98640315116107,98.49829602761328,98.70748327489014,73374400
2006-12-06,98.86090850830078,99.06312679348201,98.66566987139267,98.92366150451244,53253200
2006-12-07,98.42855834960938,99.22346125079603,98.39369204066975,99.03519169428498,62857400
2006-12-08,98.60986328125,98.94455649070449,98.1636021220756,98.40765568212477,79625500
2006-12-11,98.89571380615234,99.0770036743556,98.55404108254116,98.6098250357655,39779400
2006-12-12,98.8189926147461,98.92358085649938,98.24024618441346,98.79807496639545,77451600
2006-12-13,98.92366027832031,99.25138455186263,98.70750397868764,99.1746828997632,55520200
2006-12-14,99.79524230957031,99.8789235907249,98.90272000175935,98.91666865523598,64755200
2006-12-15,99.8043212890625,100.18996610218514,99.73421085875614,100.01467397794596,70857400
2006-12-18,99.53087615966797,100.1829684918501,99.39064458576337,99.94456304733067,48954600
2006-12-19,99.72019958496094,99.95859434224964,98.99799677971446,99.25041790478008,65023600
2006-12-20,99.66409301757812,100.02870364373983,99.57293768629206,99.76225618243137,41469600
2006-12-21,99.29950714111328,99.86745207210491,99.08916509184618,99.75527321215752,48698400
2006-12-22,98.68950653076172,99.32055415793572,98.63341174405946,99.31354632171791,62069100
2006-12-26,99.27145385742188,99.29248805996626,98.71051682527562,98.73155102782,32696900
2006-12-27,99.92353057861328,99.98664388210037,99.44674107927469,99.47478311494847,39727100
2006-12-28,99.71318054199219,100.05674627152874,99.55892261073726,99.85341210704685,37288800
2006-12-29,99.29950714111328,99.94458105649791,99.16628337725398,99.60802307868533,45461200
2007-01-03,99.12418365478516,100.16892853172033,98.56325743528512,99.74121533501338,94807600
2007-01-04,99.33454895019531,99.60099642757889,98.59131198589712,99.02603307090553,69620600
2007-01-05,98.54220581054688,99.14521108442588,98.43002699369441,99.0961348581119,76645300
2007-01-08,98.99801635742188,99.15227433652248,98.3389160283531,98.73858734665538,71655000
2007-01-09,98.91386413574219,99.28548265509899,98.44407173679713,99.08213776021515,75680100
2007-01-10,99.24340057373047,99.26444547514272,98.37395834273632,98.57028469805654,72428000
2007-01-11,99.67814636230469,100.00067797741119,99.21537244603662,99.27146722670416,54476800
2007-01-12,100.4354019165039,100.4354019165039,99.64307791328888,99.67111995191406,55370600
2007-01-16,100.23906707763672,100.57562500761826,100.07779059747199,100.31619605106829,44871300
2007-01-17,100.2811279296875,100.58964380018054,100.07778306096124,100.16193056135754,50241400
2007-01-18,99.9445571899414,100.44939938559762,99.78329142435149,100.38629678588624,68177300
2007-01-19,100.14091491699219,100.33724128932444,99.88849376699574,99.94457784567506,56973000
2007-01-22,99.83236694335938,100.33720908129906,99.51683258291101,100.31617488380003,60253600
2007-01-23,100.12688446044922,100.32321082476703,99.6080158124753,99.74824740141882,54064400
2007-01-24,100.9332275390625,100.9542617431671,100.20401683247191,100.24608524068111,55834700
2007-01-25,99.74825286865234,100.91219544875007,99.572960698119,100.87012703965968,73583800
2007-01-26,99.65713500976562,100.02173511923456,99.27148999110821,99.96565102469157,67255600
2007-01-29,99.60101318359375,100.12688969385667,99.38365260452268,99.69917637088342,66114600
2007-01-30,100.1198501586914,100.16893709153234,99.6080001251163,99.81134499119621,70407600
2007-01-31,100.79298400878906,101.0594314945392,99.84640214024354,100.00767861792573,91868600
2007-02-01,101.39601135253906,101.43107192914024,100.90519537707998,101.07346902638832,69312400
2007-02-02,101.53614807128906,101.63431117464442,101.23465093204612,101.4800533409466,49607000
2007-02-05,101.56429290771484,101.62739552447009,101.20669001479736,101.45911118080389,45705300
2007-02-06,101.59233856201172,101.69050175789516,101.19968577847791,101.64843334522882,57081300
2007-02-07,101.81668853759766,101.92185953914566,101.36794109935471,101.75357523768598,55669700
2007-02-08,101.68348693847656,101.75359738844331,101.15761041829266,101.51520260038305,70641000
2007-02-09,100.92622375488281,101.90084781379177,100.54057883251195,101.71152927026695,79084400
2007-02-12,100.5826187133789,100.9963055586826,100.40031875586766,100.92619512840082,65657000
2007-02-13,101.43109893798828,101.59937263210418,100.80004048808762,100.80705902466823,64081800
2007-02-14,102.09713745117188,102.30047159216572,101.5151663593876,101.5291927239676,66039400
2007-02-15,102.23039245605469,102.3355634751401,101.97095277733625,102.13923710685756,38715200
2007-02-16,102.1812973022461,102.20233150437268,101.8307130014914,101.97796311536125,39841800
2007-02-20,102.39863586425781,102.51082538415997,101.66942538285677,102.06207800353283,56911800
2007-02-21,102.35659790039062,102.41971121096306,101.91486892029161,102.0971689200956,63971600
2007-02-22,102.27947235107422,102.66511726646671,101.78865641284062,102.4056882774686,79067400
2007-02-23,101.87980651855469,102.2233723081323,101.6904879882054,102.18832243498032,71966200
2007-02-26,101.78865051269531,102.33556119773769,101.49416096682513,102.25142438434176,69192800
2007-02-27,97.8130111694336,101.10850116222726,97.4624269000091,100.88413279326666,274466500
2007-02-28,98.81570434570312,99.55193365469972,98.02339095320835,98.43707793766859,177536300
2007-03-01,98.52117156982422,99.04004005608753,96.79630323532106,97.70080579624621,212828600
2007-03-02,97.23104858398438,98.62637795113773,97.2240407496109,98.19866467671268,162574000
2007-03-05,96.30553436279297,97.86913771644362,96.29150799174616,96.71220283227369,143750400
2007-03-06,97.9532699584961,98.24775954277301,96.5649588614804,97.30819600736774,143333300
2007-03-07,97.85508728027344,98.48614543435052,97.74289773746192,97.87612148217764,115144900
2007-03-08,98.68244171142578,98.97693114732299,98.21266018042449,98.54219947615819,117891600
2007-03-09,98.7105484008789,99.15929603034483,98.21973235286734,99.08216703001534,107765100
2007-03-12,98.85772705078125,99.10312954776838,98.27575605092883,98.45805596574611,80366900
2007-03-13,96.93653869628906,98.70348619482232,96.78928861350232,98.28978867603173,190605200
2007-03-14,97.65877532958984,97.71487010926676,95.88481938087529,97.06277765713473,231853800
2007-03-15,97.79199981689453,98.15661053799731,97.32221806998584,97.44141546556101,132435900
2007-03-16,97.51812744140625,98.29247622025711,97.22950555643297,98.06720721498509,121531600
2007-03-19,98.69377136230469,98.78528828427021,97.95462183751428,98.03205675423372,96161200
2007-03-20,99.23579406738281,99.29211133462272,98.52480870864225,98.6092792387919,82147400
2007-03-21,100.86891174316406,101.12233397426519,99.1301664875784,99.32727147383304,152368700
2007-03-22,100.79155731201172,101.14353231713777,100.51701723767039,101.0027444633723,118942200
2007-03-23,100.93930053710938,101.23495798589005,100.77034882005682,100.86186567613717,74416800
2007-03-26,100.80561065673828,101.12238592299487,100.02422593788047,101.0167977480499,113787500
2007-03-27,100.56626892089844,100.77745600931554,100.23541165537665,100.74929200210178,99864600
2007-03-28,99.83415222167969,100.2917152329157,99.43993136447105,100.0594105415217,152907900
2007-03-29,99.93975830078125,100.39028576266864,99.39067829227544,100.34100411864844,139432700
2007-03-30,99.96083068847656,100.55214570052462,98.94714167272724,100.12978243824048,128194100
2007-04-02,100.07344818115234,100.28463514711241,99.59475700888183,100.07344818115234,79416400
2007-04-03,101.15054321289062,101.35468391803387,100.60146325679943,100.64369852397245,82417800
2007-04-04,101.26319885253906,101.33358739868687,100.77747169599951,101.15056428899476,63995200
2007-04-05,101.53767395019531,101.67846169387445,101.09418235326052,101.13641760222264,46822800
2007-04-09,101.67847442626953,101.93189669319258,101.47432304216663,101.82629781614767,50967400
2007-04-10,101.79815673828125,101.96710851691374,101.55881644128279,101.60105170058617,56620000
2007-04-11,101.38285827636719,101.97417356001293,101.04495462163642,101.94602029282973,106365700
2007-04-12,101.83338165283203,102.01640473572995,100.90416275176193,101.18574911939905,115534400
2007-04-13,102.29798126220703,102.29798126220703,101.62218478631178,102.0023129192762,84287000
2007-04-16,103.26940155029297,103.38203606137425,102.6499332221823,102.65696885109307,83064600
2007-04-17,103.5439682006836,103.7621909088791,103.23422858592059,103.45949766626495,108424100
2007-04-18,103.67068481445312,103.97337805727376,103.17792212763989,103.19903976125894,88345300
2007-04-19,103.64251708984375,103.76218725653155,103.03008425402373,103.1638364230926,102947700
2007-04-20,104.62097930908203,104.62097930908203,103.50873772446387,104.33940378396609,124114100
2007-04-23,104.22679138183594,104.69843639421167,104.16343848646159,104.44501407129425,77270800
2007-04-24,104.26905059814453,104.46615570109046,103.70589929911186,104.3464855129749,114471000
2007-04-25,105.22640991210938,105.35312645781394,104.19864925040685,104.69844757808623,108418800
2007-04-26,105.34606170654297,105.45166059977721,104.95889798894196,105.23343792508012,88741600
2007-04-27,105.2616195678711,105.4094537616934,104.7758924557121,104.95187991713654,108191100
2007-04-30,104.38870239257812,105.409438110418,104.33239586573428,105.33903883973228,100874100
2007-05-01,104.65621185302734,105.21937382181065,103.95226207740349,104.48022440912138,134342700
2007-05-02,105.26860809326172,105.55722997878507,104.71249269023973,104.81808082327636,87129800
2007-05-03,105.83883666992188,105.87402556011631,105.40238057246445,105.57133235935953,86569700
2007-05-04,106.24007415771484,106.38086193183595,105.74731157758167,106.12040401264098,96409000
2007-05-07,106.26121520996094,106.43720265175995,106.16266267221032,106.21194431179613,63461400
2007-05-08,106.12040710449219,106.24007725305268,105.6839617695752,106.00073695593169,80584000
2007-05-09,106.4090347290039,107.57759375951646,105.85290847433198,106.04297789288994,102070100
2007-05-10,105.29679107666016,106.31048030226862,105.0785684014232,106.10632888636226,153617800
2007-05-11,106.19783782958984,106.24710871639739,105.39533570962493,105.41645333845938,113408900
2007-05-14,105.96556854248047,106.5076129268101,105.44464179403441,106.19787327862174,108027500
2007-05-15,105.99372863769531,106.76103135692603,105.72622427115107,106.08523480933803,180673300
2007-05-16,106.71880340576172,106.73992104231387,105.85998371456655,106.15564136771896,114166500
2007-05-17,106.50762939453125,106.97223893864957,106.37387718564047,106.56394667940229,101132800
2007-05-18,107.43675231933594,107.43675231933594,106.86655503283306,107.00734276235971,99182000
2007-05-21,107.38050842285156,107.86623555168543,107.35235515428292,107.40867243284276,174664600
2007-05-22,107.29600524902344,107.81693186123104,107.26785198901568,107.49311029333565,82148800
2007-05-23,107.31002807617188,108.05621258123374,107.25371084579186,107.66903833575445,133786600
2007-05-24,106.33861541748047,107.85211336797528,106.11335715101468,107.37342209693207,187593000
2007-05-25,106.7821273803711,107.01443206091884,106.42310617342478,106.6483752241691,83309200
2007-05-29,107.16928100585938,107.35230401793048,106.61315485837598,106.95809399721273,82020000
2007-05-30,108.04216003417969,108.08439528312218,106.53570862053817,106.62018985983948,129013600
2007-05-31,107.92957305908203,108.3308188021689,107.78877452607755,108.17594900899995,114866700
2007-06-01,108.46453857421875,108.68979682520384,108.06328220953425,108.32375082467598,107771700
2007-06-04,108.47863006591797,108.68277070940937,108.04217404029384,108.08440929471153,78008800
2007-06-05,108.0492172241211,108.33782836793723,107.60572558297775,108.22520460661704,126917900
2007-06-06,106.88774108886719,107.6691258406405,106.8243881812315,107.6057729330048,164096800
2007-06-07,104.95889282226562,107.35231723788708,104.93072882222184,106.69060287530195,232414600
2007-06-08,106.32457733154297,106.43017625063253,104.95187731475421,105.296816597505,175886000
2007-06-11,106.50762939453125,106.96519256465083,106.08525512871026,106.24716060932467,102015600
2007-06-12,105.34606170654297,106.67652612650784,105.2756731858061,106.06409336314253,233898000
2007-06-13,106.92289733886719,107.04961384413801,105.39532809549354,105.94440788835898,193208200
2007-06-14,107.60572814941406,107.78875116466476,107.02144873662216,107.04256636371194,146396500
2007-06-15,108.21797943115234,108.63509714529124,108.11899137588573,108.26746267107255,154030800
2007-06-18,108.09075927734375,108.44425119868868,107.92815601408594,108.43718524384002,88537500
2007-06-19,108.35940551757812,108.43717416383637,107.71604769741586,107.85037633983613,110851700
2007-06-20,106.8534927368164,108.57853431550834,106.72624087660772,108.57853431550834,177119700
2007-06-21,107.44740295410156,107.53931430705751,106.22432390902115,106.81112180151389,205262000
2007-06-22,106.43639373779297,107.29891467871055,105.9415073260488,107.12216876110801,204964700
2007-06-25,105.9273681640625,106.93128371499316,105.35471309797033,106.21723406764733,232014400
2007-06-26,104.83863067626953,106.3727951284441,104.83156472132715,106.1960491654276,198445700
2007-06-27,106.330322265625,106.45051896305918,104.67598333739643,104.72547736430614,213638000
2007-06-28,106.31619262695312,107.04438484047638,105.81422954604514,106.31619262695312,157705000
2007-06-29,106.35152435302734,107.21404509923237,105.44658632220768,106.68380746612496,199701800
2007-07-02,107.31304931640625,107.4049606479677,106.59193372138789,106.6626256175994,103357000
2007-07-03,107.70187377929688,107.8149937388281,107.45443600399955,107.58875381976564,54048400
2007-07-05,107.58878326416016,107.8574405446434,107.19995082689151,107.74432055415403,89279000
2007-07-06,108.15436553955078,108.28869417123579,107.41203048235994,107.73018178380984,81109000
2007-07-09,108.23922729492188,108.42303920477784,107.8998672937335,108.28164459814117,72348100
2007-07-10,106.697998046875,107.89280244244968,106.59195478774232,107.66656243934382,180362600
2007-07-11,107.4544448852539,107.49686217665568,106.4151780950543,106.57778130799913,175607600
2007-07-12,109.15123748779297,109.40575210837446,107.7019184202516,107.72312707299025,133882500
2007-07-13,109.47640991210938,109.9076703204612,109.15119272396163,109.27845537591966,111794300
2007-07-16,109.46228790283203,109.95717433681398,109.28554197728738,109.57540788423223,98378700
2007-07-17,109.40576171875,109.92185696025464,109.35626766620044,109.53301364635998,126201300
2007-07-18,109.20783996582031,109.44114602440418,108.38066982414391,109.03815989019883,237887400
2007-07-19,109.63199615478516,109.95720270055465,109.40575613362554,109.72389672412802,145212700
2007-07-20,108.52197265625,109.57538200730414,108.04829498217819,109.5046793386971,245502500
2007-07-23,108.85427856445312,109.3845163268489,108.38060079123869,109.00273909680361,121183900
2007-07-24,106.96668243408203,109.07349175472393,106.58490502911668,108.25338771741748,256732400
2007-07-25,107.18584442138672,107.73729107708232,106.22434575212162,107.47571044976304,265214500
2007-07-26,104.64775085449219,106.61316506361592,103.49536374501618,106.18190449037843,467592500
2007-07-27,102.59042358398438,105.24867889035391,102.54800628039229,104.78207776312382,422987600
2007-07-30,104.19525146484375,104.49924924945972,102.71764747064088,103.17011656503934,283017500
2007-07-31,103.02167510986328,105.6657982748246,102.54092053999935,104.86690316821978,316976700
2007-08-01,103.5235824584961,103.93363415819272,101.7702665052196,102.63985313700633,467670000
2007-08-02,104.35079193115234,104.46390111743901,102.69644197760049,103.75691746150359,294758400
2007-08-03,101.66426086425781,104.33665845681348,101.24006631812833,104.12456118374872,359398200
2007-08-06,103.36808776855469,103.8064141945628,100.76638223745465,101.9541204199197,324980000
2007-08-07,104.47097778320312,105.34056465881991,102.67523325729509,103.17719639924356,232568700
2007-08-08,105.9273681640625,106.46467188791249,104.16697488246635,104.92345261313184,274930600
2007-08-09,102.78837585449219,105.30523649573286,102.71767315830222,104.23061808240288,357622100
2007-08-10,102.3075942993164,103.57309010762134,101.18348225580058,102.08135438514299,411018400
2007-08-13,102.67520904541016,103.84880422572665,102.52674855389884,103.57308109663659,181917200
2007-08-14,101.105712890625,103.26201486049757,100.90069240916102,103.00750035277962,264134500
2007-08-15,99.71297454833984,102.1308682530199,99.41604269408606,100.90071275306995,323834000
2007-08-16,100.46239471435547,101.05625847249146,96.85677329134322,98.8292531979077,546743700
2007-08-17,102.3075942993164,103.08526973193364,99.96040373447497,102.86610655739867,388218100
2007-08-20,102.25814819335938,102.84494610955754,101.30371563820327,102.6328487875542,187320400
2007-08-21,102.46312713623047,103.19839611536776,101.90461484336866,102.2298320433166,157066400
2007-08-22,103.67914581298828,103.78519983092337,102.74593302390167,103.22667671785541,173156700
2007-08-23,103.5872573852539,104.38614165097313,102.9438996128015,104.16697842442053,203915300
2007-08-24,104.86687469482422,104.86687469482422,103.41755621239375,103.55895076947431,128901900
2007-08-27,103.89129638671875,104.86693775638744,103.73575904408405,104.5275884577843,113024300
2007-08-28,101.60772705078125,103.39639545616792,101.42391512021551,103.33276949417035,219790700
2007-08-29,103.60136413574219,103.74276947518271,101.77735607934281,102.06721113468517,207654200
2007-08-30,103.32567596435547,104.06094514260032,102.73181217342294,102.83078947191169,191817300
2007-08-31,104.34371948242188,104.98707722483778,103.80641576538727,104.38613677748843,185477500
2007-09-04,105.39715576171875,106.03343692436495,104.20941726033683,104.24476861108778,120062000
2007-09-05,104.4851303100586,104.8881162512879,103.9266178586381,104.77499625504284,166261800
2007-09-06,104.72551727294922,105.06486648781694,104.01145670676287,104.59825457505067,127878400
2007-09-07,103.26911163330078,103.84883264307196,102.69644578905911,103.55896674432894,235447600
2007-09-10,103.07113647460938,103.72863684610904,102.03894643792573,103.58724228066504,192305900
2007-09-11,104.2730484008789,104.42150896324662,103.31154996582063,103.38931861820465,162081900
2007-09-12,104.54167938232422,104.94466528143667,103.91246430208191,104.13162752957867,149554600
2007-09-13,105.27696228027344,105.65872879305118,104.77499902598365,105.0224476758493,154079000
2007-09-14,105.26988983154297,105.40421848765067,104.44979677292075,104.60533408128575,121911000
2007-09-17,104.7043228149414,105.09315534057295,104.37203950968942,104.8527833969451,109870800
2007-09-18,107.78678894042969,107.81506355476525,104.72554682497125,105.22043348374419,263759500
2007-09-19,108.42300415039062,109.15119638746776,107.96346913046511,108.45835548754955,193779900
2007-09-20,107.65948486328125,108.47251186278145,107.53929891999871,108.40888591416997,175186800
2007-09-21,107.94998168945312,108.76686541039344,107.78660711304289,108.47563529737238,141457500
2007-09-24,107.75111389160156,108.55379886006564,107.51670117942466,108.26965731247617,139450200
2007-09-25,107.53797912597656,107.72977325988825,106.88447001515783,107.12598213111262,142289900
2007-09-26,108.10627746582031,108.5182745607203,107.53800523703097,108.14889598617354,135547000
2007-09-27,108.74559020996094,108.75270052348104,108.10629064892011,108.6177346333098,102713300
2007-09-28,108.38325500488281,108.8165611453433,107.95704833466777,108.57504909036818,133372100
2007-10-01,109.60505676269531,109.92470640676292,108.32644734753697,108.39748541905774,148162300
2007-10-02,109.45592498779297,109.85371233430166,109.25703131453861,109.82530359764773,112978800
2007-10-03,109.23573303222656,109.68324926147737,108.6887699563526,109.25704229658199,119055900
2007-10-04,109.40621185302734,109.57668595831461,109.10076101623306,109.47013964251006,76864400
2007-10-05,110.7061996459961,110.88378417488676,109.83958627789772,110.12371718856299,134579700
2007-10-08,110.11651611328125,110.4503755866809,109.93893174823417,110.37933750510629,71280400
2007-10-09,111.15364074707031,111.16785053602251,110.12365324534586,110.52855093878478,94054300
2007-10-10,110.96897888183594,111.12525407466283,110.39360696228934,110.84111243366152,101711100
2007-10-11,110.43621063232422,111.89240518460602,109.775590889959,111.47329767540921,233529100
2007-10-12,111.04712677001953,111.06133656311039,110.29417031964938,110.42913625677164,124546700
2007-10-15,110.10941314697266,111.068373117753,109.34935765009187,111.00444534340502,161151900
2007-10-16,109.23573303222656,109.76138684374507,109.01553007462485,109.68324926147737,166525700
2007-10-17,109.56961059570312,110.16629177330114,108.30521012174277,110.08815417821842,216687300
2007-10-18,109.17176055908203,109.52692927150594,108.73845429636931,109.00127567511855,148367500
2007-10-19,106.31623077392578,111.15362825416139,106.3091312996942,108.74558414483693,297169900
2007-10-22,106.93421173095703,107.09048686158641,105.5987844858846,105.74084983039558,261989800
2007-10-23,107.80084228515625,107.93580817841679,106.7282362916476,107.58774965252678,180085100
2007-10-24,107.60198974609375,107.78668455018517,105.72669798964567,107.41020630339462,326694200
2007-10-25,107.85765838623047,108.17730813786999,106.46540276254541,107.72269250825363,237374500
2007-10-26,109.12208557128906,109.12208557128906,107.90030373068224,108.7242981513509,176484000
2007-10-29,109.48438262939453,109.70458564142363,109.07238535186752,109.34230638005029,106841000
2007-10-30,108.72428894042969,109.21442369807814,108.58932304033596,109.00132021576664,132981600
2007-10-31,109.85375213623047,110.2941690056292,108.56804226868253,109.37782704287217,220954400
2007-11-01,107.28226470947266,108.97287131684509,106.96971449578471,108.8876234520006,333040800
2007-11-02,107.403076171875,107.97134859541936,105.98951084755143,107.6374889530456,331228200
2007-11-05,106.58617401123047,107.37464929147883,105.81900799486233,106.29493295300965,226841000
2007-11-06,108.02102661132812,108.0494353416336,106.47958472973164,107.16151348485168,177800500
2007-11-07,105.06605529785156,107.3533436349298,104.81033328380263,106.86320887142826,306639700
2007-11-08,104.53326416015625,105.41407568163157,103.04866145666549,105.12284555795418,374509900
2007-11-09,103.09840393066406,104.8032099194432,102.92081952187907,103.48909179776949,277745100
2007-11-12,102.07552337646484,104.14260864539656,102.07552337646484,103.14814021991029,243087800
2007-11-13,105.18681335449219,105.35018799904806,103.15524699391091,103.26179331886178,191117400
2007-11-14,104.89556884765625,106.12445005707166,104.26336871622243,105.9965944713156,230558800
2007-11-15,103.3825454711914,104.76771267582666,102.65800881150683,104.11420328375591,263111100
2007-11-16,103.56011962890625,104.04315485968849,102.69351768103837,103.92949823610535,308770600
2007-11-19,102.11817169189453,103.25471665732383,101.713284728729,103.19788832516275,267746000
2007-11-20,102.74325561523438,103.37545580310714,100.94610190682437,102.30284966201124,414767500
2007-11-21,100.64061737060547,102.22467788732837,100.63351789721274,101.63509642901174,259012400
2007-11-23,102.38098907470703,102.53015394072932,101.36520039944108,101.62803275201878,77688400
2007-11-26,100.12206268310547,102.91369453333276,99.91606958909689,102.59403400565576,214232000
2007-11-27,101.27284240722656,101.74165701146556,100.12208806145978,100.68326086611772,293897900
2007-11-28,104.5119400024414,104.75345210525808,102.38802737865385,102.42354641468877,258596900
2007-11-29,104.54750061035156,104.93108904960486,103.78034540963186,104.14971322067663,199409900
2007-11-30,105.5987319946289,106.45823394695633,104.65398220685725,105.86865276335963,222908000
2007-12-03,104.90264129638672,105.44960422973404,104.62561009306104,105.26492037381377,146430400
2007-12-04,103.96501922607422,104.8032124531351,103.92950017568009,104.17812268954657,136533900
2007-12-05,105.70536804199219,105.98239935504431,105.00924002130388,105.08026729914849,171130000
2007-12-06,107.21841430664062,107.41020859232388,105.53491679591303,105.57753533964326,154457400
2007-12-07,107.19702911376953,107.61612561549309,106.94130719360288,107.55929731780166,148980100
2007-12-10,108.02815246582031,108.1489085671658,107.16153965485378,107.4598801709237,123914300
2007-12-11,105.06605529785156,108.60353412645036,105.00922697929697,108.07078083375623,250346400
2007-12-12,106.10313415527344,107.80795106429241,104.56170271413517,107.30360655016497,322435600
2007-12-13,105.8829345703125,106.1173473091958,104.63274413516127,105.35729161544663,237551300
2007-12-14,104.54041290283203,105.911370495385,104.49069489297283,105.08026572974657,159152900
2007-12-17,103.04866027832031,104.32725903214967,102.89948464296586,104.14257519499174,177269400
2007-12-18,103.62406921386719,104.05026533904265,102.26022210329769,103.78034437809953,245569300
2007-12-19,103.62406921386719,104.34150640319322,102.95635002830963,103.6666877424954,198917200
2007-12-20,104.27755737304688,104.3201758929954,103.12680313998146,104.3059661067155,214813800
2007-12-21,105.78076934814453,105.98785577156829,105.03809129248988,105.23804056214661,146084400
2007-12-24,106.5662612915039,106.74478817005128,106.03068065586177,106.2734854919623,45601400
2007-12-26,106.79483032226562,106.88765693248263,106.04501490627042,106.15212672437504,67093100
2007-12-27,105.4522933959961,106.42348040188641,105.20236221361878,106.41634324687672,122981700
2007-12-28,105.18807983398438,106.12355929712643,104.90243017962257,106.07356652145556,116398100
2007-12-31,104.40969848632812,105.40944497358939,104.30257578642333,105.04525394531981,108126800
2008-01-02,103.49560546875,104.96667622416892,102.7458012331892,104.63818194570803,204935600
2008-01-03,103.44560241699219,103.8954935833155,102.88146234350701,103.48130996766167,125133300
2008-01-04,100.91056823730469,102.43162128936294,100.62492948503626,102.36020615308587,232330900
2008-01-07,100.8248519897461,101.56751908608095,100.04647733476445,101.26759520699858,234991000
2008-01-08,99.19668579101562,102.0459680396236,98.86105435928023,101.46040549465808,326365700
2008-01-09,100.23929595947266,100.53921989068174,98.33262967765992,99.32523896062054,301824900
2008-01-10,100.8962631225586,101.97457262690965,99.52517776864805,99.74654939243943,335701200
2008-01-11,100.08219146728516,101.33187996314847,99.26097195714256,100.53208281265,267076600
2008-01-14,100.88912200927734,101.30330572958083,100.26070382724208,100.80343258315158,170365500
2008-01-15,98.66824340820312,101.03908581338641,98.4754313098498,99.82509420548918,239940100
2008-01-16,97.8184814453125,99.34667167102748,97.31860817454967,98.08984589076378,378802600
2008-01-17,95.28339385986328,98.46118213145569,94.92633997734006,98.41118935762096,397892600
2008-01-18,94.30503845214844,96.41880153052506,93.61950132691331,96.21885229429681,348561500
2008-01-22,93.34817504882812,94.56929331833555,89.97758526863849,90.84165507656003,435923700
2008-01-23,95.59046936035156,95.82612623900434,90.57742961542031,90.75595656320998,511913000
2008-01-24,96.39741516113281,96.73304669646637,95.19770839950168,96.03321321200647,259949300
2008-01-25,95.0048828125,97.66136430581419,94.69068458014105,97.48283738231953,269603900
2008-01-28,96.575927734375,96.77587701548069,94.30505961836235,95.16198666544655,217934600
2008-01-29,97.05439758300781,97.4400110159585,96.31886739139351,97.19007981384513,168968300
2008-01-30,96.34027099609375,98.9324744991587,96.11889935579754,96.81872184044138,334939200
2008-01-31,98.09697723388672,98.93248198617857,95.11914925117905,95.26196862058956,343680800
2008-02-01,99.67510986328125,99.69653221306599,98.20405039718774,98.50397419058811,206843600
2008-02-04,98.4183120727539,99.47518824194916,98.28976704199914,99.41092117478026,124694300
2008-02-05,95.78325653076172,97.29716116627517,95.45476223808866,97.07578955218602,286882500
2008-02-06,95.01201629638672,96.58305080299303,94.55498787816639,96.1046000289512,250792900
2008-02-07,95.64041900634766,96.25455193562252,94.06938457456113,94.11937733337508,297368100
2008-02-08,95.02632904052734,95.847548642144,94.3336436110927,95.04060335093412,221643500
2008-02-11,95.51191711425781,95.85468580318422,94.29078799635346,95.04775140834536,188576300
2008-02-12,96.39741516113281,97.34003178430993,95.67615931453842,96.34028522996749,256654400
2008-02-13,97.38286590576172,97.8756019740469,96.50451646462061,97.12578669171809,181967800
2008-02-14,96.52595520019531,97.83277385191919,96.25459073477326,97.79706628071825,215207200
2008-02-15,96.5044937133789,96.56162362485549,95.62614447931144,96.04746531798271,154110300
2008-02-19,96.77588653564453,97.75421067846827,96.12604585991477,97.63281366702749,145190000
2008-02-20,97.06151580810547,97.51140713915362,95.51904058429918,95.68329319823592,220085700
2008-02-21,96.25457000732422,97.83988993875936,95.74042249914656,97.58995878701471,201051200
2008-02-22,96.84725189208984,97.01150445611346,94.87631919154406,96.38308639372988,205491000
2008-02-25,98.0683822631836,98.29689099234206,96.24740599639729,96.7901237625122,190107000
2008-02-26,98.80393981933594,99.22526073871596,97.47569908821127,97.65422600961824,212420700
2008-02-27,98.70397186279297,99.36094967048669,98.12554634169413,98.23265814322382,168395800
2008-02-28,97.7398910522461,98.51827651659816,97.51138231601136,98.00411823955027,170831100
2008-02-29,95.56189727783203,96.8901271341767,94.81921917068546,96.83300810724424,252715200
2008-03-03,95.33338165283203,95.55475330500329,94.43360983859486,95.0763024349901,189483500
2008-03-04,94.96918487548828,95.26196074482783,93.54096950662178,94.42645606161115,282513100
2008-03-05,95.56902313232422,96.2402860318092,94.50499886650042,95.27623639592461,270681400
2008-03-06,93.59095001220703,95.13342520320712,93.226759021173,94.96203543873432,247911700
2008-03-07,92.62688446044922,94.07652174864684,91.81993953482825,92.66972916509897,326434600
2008-03-10,91.40576171875,92.78398398938589,91.11297502310481,92.71971692831721,235683600
2008-03-11,94.690673828125,94.77636325481853,92.08417450321657,93.34814802903335,341440600
2008-03-12,93.80519104003906,95.52619326964432,93.66237167455404,94.79066318579827,229161100
2008-03-13,94.01225280761719,94.71922319135645,91.83423353875051,92.55547822779792,351504200
2008-03-14,92.55548858642578,94.84063077934984,91.2486703409995,94.81207126912095,484687800
2008-03-17,91.61998748779297,92.30552453386119,90.02752548623269,90.3845792091809,405311100
2008-03-18,95.42620849609375,95.46905321155002,92.81970904285177,93.27673750174858,334416600
2008-03-19,93.06253814697266,96.1546154790038,92.86257792876741,95.79042440641516,345971600
2008-03-20,94.78629302978516,95.38193806069786,92.76253442232054,93.32947855009836,245320700
2008-03-24,96.68085479736328,97.46308294996417,95.61874634473261,95.66897565480878,208977300
2008-03-25,96.77413940429688,97.27648719210322,95.99908383866975,96.7813118904225,192947200
2008-03-26,95.59002685546875,96.94637142418158,95.5254416260922,96.49426386818466,196934300
2008-03-27,95.28863525390625,96.47992524436489,94.98722651241002,96.30768698478292,225153200
2008-03-28,94.3772201538086,95.70486398781627,94.0542830172658,95.43933960115967,180896100
2008-03-31,94.70735168457031,95.25275644604243,94.07582231312412,94.21934872926272,166692100
2008-04-01,98.03722381591797,98.20227866195201,95.81252583741548,95.88429452718574,254547300
2008-04-02,98.101806640625,98.79792130279735,97.58510274807718,98.3529860982451,210910800
2008-04-03,98.34575653076172,98.63282019773418,97.39130132036108,97.57071200583415,175884800
2008-04-04,98.2381591796875,99.0060425189286,97.68557095100513,98.40321401929137,204446800
2008-04-07,98.28836822509766,99.44377363598863,98.13048592420368,98.94141488749287,154245500
2008-04-08,98.18791961669922,98.25967734582397,97.56356276617186,97.73580102672476,148937300
2008-04-09,97.4774398803711,98.17355439410409,96.80285377837319,98.03720048620723,195610600
2008-04-10,97.61380004882812,98.08026360015468,96.81003247450727,97.18320988578614,192967800
2008-04-11,95.71920776367188,96.96789932652818,95.45367246035612,96.5157917728972,222973300
2008-04-14,95.39629364013672,95.8340563765546,95.12359670377293,95.58288785752573,160522000
2008-04-15,95.61874389648438,95.9416810112714,94.96568622968202,95.86273985429132,172389200
2008-04-16,98.20945739746094,98.25251422911505,96.53734774925323,96.55169272622854,189268900
2008-04-17,98.35292053222656,98.4964468621729,97.35539775611757,97.61374953016379,179665700
2008-04-18,99.37921142578125,100.15426727225736,99.22132907092329,99.70933206331097,218530600
2008-04-21,99.42941284179688,99.73799399183288,98.92706506827305,99.19976188798016,118587400
2008-04-22,98.99165344238281,99.25717778461673,98.24529876909104,99.17106414937557,162166000
2008-04-23,98.83377075195312,99.59447039452571,98.4031806767352,99.09929509313324,193309000
2008-04-24,99.26439666748047,100.28344853304961,98.34580344532512,99.092158385133,229381300
2008-04-25,100.18297576904297,100.39108743872504,98.97015724300738,100.03943839644668,190788100
2008-04-28,100.20449829101562,100.64943345887438,100.02508753618697,100.38390904584429,105610200
2008-04-29,99.80978393554688,100.27624747820872,99.4724908691806,100.03225150051983,125514100
2008-04-30,99.22128295898438,100.89339188534917,99.22128295898438,99.9604541175871,208395900
2008-05-01,101.27374267578125,101.27374267578125,99.22846738224479,99.3074085237724,187279500
2008-05-02,101.55367279052734,102.17084630457957,100.87191402451222,102.14931788725862,181585500
2008-05-05,101.06566619873047,101.62542686931829,100.76425744921113,101.22354853662583,118504500
2008-05-06,101.94117736816406,102.04881942432145,100.24753966566317,100.4843631395712,179339800
2008-05-07,100.12554931640625,101.93400169985424,99.84566899870389,101.82635963549279,199267300
2008-05-08,99.8671875,100.69965588298342,99.7380060852246,100.28342169149171,178321200
2008-05-09,99.68058776855469,100.03223670818544,99.35765067520776,99.46530367323068,152588200
2008-05-12,100.80014038085938,100.87189811048678,99.55861010927433,99.93178753457154,147865900
2008-05-13,100.81449127197266,101.10872754669016,100.27625899155156,101.04414230112694,159132200
2008-05-14,101.02259826660156,102.04882239976295,100.80013071048194,101.23789333555548,181910800
2008-05-15,102.28564453125,102.35741320340858,101.06565375708767,101.21635263811397,166927000
2008-05-16,102.37889862060547,102.52959743834529,101.6253716808344,102.52242495428631,204236800
2008-05-19,102.6587905883789,103.55584396480592,102.12055856252269,102.48655239797581,165664400
2008-05-20,101.82634735107422,102.14928445556176,101.18764562873706,102.09905514837365,178552100
2008-05-21,100.10401153564453,101.99140490645324,99.75236257436731,101.76893736068337,252724800
2008-05-22,100.11837768554688,100.59202472531989,99.7523836731935,100.06096492766252,170820400
2008-05-23,98.77635192871094,100.22599341228324,98.6902382991149,99.78823087790367,181376400
2008-05-27,99.5083999633789,99.7523960017704,98.69745971478721,98.8912264277994,168322900
2008-05-28,99.9676513671875,100.46999917298022,99.03471347050908,99.8743542924114,181288100
2008-05-29,100.47002410888672,101.13742687000693,99.8097938359291,99.84567817746928,173927200
2008-05-30,100.72119903564453,101.00107936653377,100.42696277870982,100.80731269119103,117362000
2008-06-02,99.68058776855469,100.36952972467427,99.03471358186083,100.34800131514186,181069900
2008-06-03,99.09931182861328,100.19730466044693,98.4821384567675,99.9676646118144,271965700
2008-06-04,99.04908752441406,99.86720008656239,98.6472092062167,98.8194365138082,246637700
2008-06-05,101.02980041503906,101.10874159848639,99.26440442211202,99.45098769645784,237867100
2008-06-06,97.80758666992188,100.32652130397743,97.75735734023552,100.14711050441751,384276300
2008-06-09,98.04437255859375,98.67590183445006,97.1760307546533,98.21661080210782,228263900
2008-06-10,97.55638885498047,98.38885734329553,97.13298212312402,97.36262218348097,260234900
2008-06-11,96.12109375,97.78601961796821,96.11391031262119,97.57790799085788,283890100
2008-06-12,96.48707580566406,97.50612730496364,95.81967323338017,96.59472879982503,252791800
2008-06-13,97.70709228515625,97.97262764742365,96.46557293310912,97.00380519531238,244726900
2008-06-16,97.76447296142578,98.26682071790941,97.21189590447369,97.27648112665877,185832500
2008-06-17,97.29084014892578,98.40317773431713,97.14730282790481,98.36730435442205,191707700
2008-06-18,96.34358215332031,97.25499191837736,95.95605971365715,96.65934685619766,265893000
2008-06-19,96.4655532836914,97.05402569334002,95.80532315725033,96.2717866426655,304204900
2008-06-20,94.89979553222656,95.98885289625903,94.64015133220819,95.8085447297223,289275700
2008-06-23,94.80602264404297,95.36858318911062,94.71226988995573,95.26761106576865,165096400
2008-06-24,94.61846923828125,95.52000963272309,93.89723692272777,94.51749715430904,267300600
2008-06-25,95.06565856933594,96.2124156574484,94.65456174752406,95.00075028249223,287853900
2008-06-26,92.483642578125,94.78437606829232,92.37546210262349,94.17133503189238,297775000
2008-06-27,91.97876739501953,92.93800781079995,91.62536505857231,92.51969169680399,303423400
2008-06-30,92.3033218383789,92.97406816770209,91.81288360293222,92.23840806324887,258842600
2008-07-01,92.59183502197266,92.65674330794879,90.82481203531138,91.25033658355706,388622000
2008-07-02,91.0051040649414,93.15437902892705,90.83921819251786,92.88751555857189,288064600
2008-07-03,91.09886932373047,91.675857486816,90.1468427064362,91.675857486816,239352500
2008-07-07,90.16850280761719,91.84176232300231,89.37514799906333,91.4450876700096,372427300
2008-07-08,91.76962280273438,91.87780877947795,89.57707531749625,90.14684965928286,375973700
2008-07-09,90.00260925292969,92.13024304315383,89.7141151366533,91.95714877441503,336729400
2008-07-10,90.37044525146484,90.72384767798218,89.12992432279577,89.74297092054933,436475700
2008-07-11,89.31742858886719,90.80317125449858,88.34376583149437,89.4111923338622,481124600
2008-07-14,88.50965118408203,90.51467660618273,88.27885700965102,90.34158235100128,322720800
2008-07-15,87.26192474365234,89.06500611988946,86.56232828926153,87.84612685129919,502502500
2008-07-16,89.40399932861328,89.84395168873843,87.3412734933746,87.59370382232301,371642900
2008-07-17,90.29830932617188,91.06281953931415,89.4977407885608,90.25503713578235,375490600
2008-07-18,90.86089324951172,91.17823187928828,90.26226881897658,90.99792371365012,267030100
2008-07-21,90.91136932373047,91.45229376119201,90.29110886190246,91.24313565173206,222863000
2008-07-22,91.94274139404297,92.17353562382516,90.04589598740729,90.26226798520182,296904200
2008-07-23,92.44037628173828,93.14718111206055,91.99321561430887,92.23843204450334,311698400
2008-07-24,90.52190399169922,92.61347960506312,90.2694736854895,92.56298804125319,248634500
2008-07-25,90.500244140625,91.22868490412529,90.27665835446595,90.79594656383769,219131000
2008-07-28,89.17321014404297,90.91859194874093,89.01453807042155,90.52191726725619,205201300
2008-07-29,91.07723999023438,91.14936214033118,89.17318661432871,89.41840852773863,261505600
2008-07-30,92.70001220703125,92.75050376442093,91.07723908443928,91.67586337916714,354710000
2008-07-31,91.47393035888672,92.72887902251433,91.32968053990012,91.88503271350461,277402100
2008-08-01,90.99070739746094,91.79848438728676,90.48584127625176,91.68309003269795,248690900
2008-08-04,90.14684295654297,90.97626137981698,89.98096257342833,90.90413923487293,188239600
2008-08-05,92.577392578125,92.72163685908328,90.132415148686,90.88970587756684,251577600
2008-08-06,92.98851776123047,93.2553813179892,91.94273815067608,92.33220443142633,209555400
2008-08-07,91.6037368774414,92.63509952201078,91.26475673863955,92.28890551784352,246312500
2008-08-08,93.30583953857422,93.70972795409756,91.14935603059506,91.29360582368695,260811700
2008-08-11,94.27229309082031,94.84927021433099,93.20486120103251,93.37796094116564,249425800
2008-08-12,93.29141998291016,94.26507716826568,92.84424838917477,93.96216086581283,213200800
2008-08-13,92.72886657714844,93.50778798229537,92.07975073268008,92.88752760031953,256393200
2008-08-14,93.42845916748047,93.96217521337431,92.13745775238756,92.20236604029571,239555300
2008-08-15,93.88285827636719,94.12086638554484,93.2553893554409,93.7097584682914,181000800
2008-08-18,92.59900665283203,94.10637938993582,92.07251020020897,94.07031557698781,172275100
2008-08-19,91.58932495117188,92.09419106509412,91.25755862048648,91.89945518459464,194673700
2008-08-20,92.01483154296875,92.28168401115425,91.12049939899417,91.87779562520869,225498200
2008-08-21,92.17350769042969,92.63509601010868,91.30802546410648,91.41621143021773,180609800
2008-08-22,93.5077896118164,93.5077896118164,92.17351608434832,92.8009848403147,167715300
2008-08-25,91.61094665527344,93.50778608570923,91.41621630793635,92.89474508435784,171936900
2008-08-26,91.87779235839844,92.22398632159005,91.29359589198937,91.61093439713477,159117200
2008-08-27,92.77212524414062,92.91636952017618,91.81288485106163,91.99319294738928,171032800
2008-08-28,93.89723205566406,94.00541249533696,93.11829987462563,93.24090804129864,167537100
2008-08-29,92.88755798339844,93.86122656601611,92.68561370043356,93.56551850698253,189195800
2008-09-02,92.31055450439453,94.27231346525198,91.97157431824728,93.78186959811178,252364900
2008-09-03,92.2312240600586,92.67839025857313,91.54605528252053,92.2312240600586,251947000
2008-09-04,89.45443725585938,91.7623838133534,89.40395121723797,91.57486188308873,340042500
2008-09-05,89.73576354980469,90.1180159677487,87.99038188547962,88.920772649331,289503400
2008-09-08,91.58932495117188,92.49087119013534,89.73575741724545,92.3466158682033,364075300
2008-09-09,88.87028503417969,91.8561876648767,88.56736865195089,91.66866564144391,377326800
2008-09-10,89.23090362548828,90.08195836579141,88.3870627523467,89.35351185439227,298916600
2008-09-11,90.52190399169922,90.6877844061079,87.70188192107186,88.0769259496417,375369400
2008-09-12,90.9402084350586,91.02675832088542,89.31022685457704,89.64199316306181,297851200
2008-09-15,86.61280822753906,90.62286466668151,86.46856392865962,87.72350693712607,483607000
2008-09-16,88.06251525878906,88.2211873398475,84.38422943520423,84.5284737802197,581744300
2008-09-17,84.10293579101562,87.88219315809386,83.66298345505514,86.28826973706003,624095600
2008-09-18,86.59835815429688,87.8388785350319,82.07623425738218,85.141471394812,776114700
2008-09-19,90.03753662109375,92.85211434477966,89.464464313742,91.90908284469857,501087800
2008-09-22,87.99910736083984,90.49450881377159,87.30997303454119,90.27688453472184,249966500
2008-09-23,85.99700927734375,88.51416712957767,85.80114627164136,87.66544219664506,327470400
2008-09-24,86.27265167236328,87.04883691346504,85.44568816443865,86.57732127330057,311818400
2008-09-25,87.62194061279297,88.43439870868956,85.91723471678431,86.61362499851651,328253000
2008-09-26,87.66545867919922,88.13697446428675,85.9680084941853,86.20013857592441,285917400
2008-09-29,80.79586029052734,86.57010153492675,80.4984461856991,86.4250222937059,459562300
2008-09-30,84.13997650146484,84.72756007538166,80.17925399843385,82.34096981052629,328154400
2008-10-01,84.19076538085938,84.64777549970661,82.66015560939273,83.61769297754275,332783000
2008-10-02,81.13678741455078,83.50161623803541,80.56371511043919,83.38554843924038,365337800
2008-10-03,80.04139709472656,83.74822690787012,79.56263140423566,81.86942563693151,461798000
2008-10-06,75.96463012695312,78.06831176095828,73.00496791915621,77.7273695486422,610637500
2008-10-07,72.5624771118164,77.85795157771233,72.28682438423284,77.50249808559711,540012100
2008-10-08,70.73444366455078,74.12209329185072,70.22665540409524,70.74169375033945,725414800
2008-10-09,65.79443359375,72.9904775265953,65.46800255378639,72.2940872494331,534485200
2008-10-10,64.19853973388672,68.14475682865576,60.6295374972801,62.93633270570495,871026300
2008-10-13,73.52000427246094,73.52000427246094,65.25036269863608,68.093962574127,455584000
2008-10-14,72.43191528320312,76.55222882551818,70.44430089985238,75.95013945916294,546268300
2008-10-15,65.30116271972656,70.94483616340474,65.07628822770992,70.69819480347363,484627500
2008-10-16,68.02143859863281,68.74684588277248,62.77674703357728,66.22243163324072,708811200
2008-10-17,67.61519622802734,71.51788449719504,66.48356290461139,66.73019866610787,476649000
2008-10-20,71.67745971679688,71.88782839865236,68.25353799106705,69.16755230737327,321294200
2008-10-21,69.53753662109375,71.55416780919201,69.07327644258557,70.34273907884779,356502000
2008-10-22,65.75092315673828,69.53755048961234,63.49490580760326,67.60796424113792,516168000
2008-10-23,66.51258087158203,67.06388630022117,62.247183446783296,65.49700979261009,634666400
2008-10-24,63.13945388793945,65.22862498016008,60.934214967830584,60.977737636079354,545812600
2008-10-27,60.897918701171875,64.93118560081163,60.71656694144901,62.363244019005876,397288600
2008-10-28,68.0141830444336,68.36237541356296,61.318671914782755,63.35706444838056,639939500
2008-10-29,67.52091979980469,70.48783330732108,66.81001813709139,68.02144712519824,531270100
2008-10-30,69.8567123413086,70.03080851161573,67.39032686855136,69.47949751548941,414582100
2008-10-31,70.24117279052734,71.50337963027756,68.53646716461796,68.97171032993695,411394000
2008-11-03,70.4443130493164,70.86505066953261,69.602837808884,70.20492727908106,205419400
2008-11-04,72.83811950683594,73.16455044298125,70.15411028691155,71.85881562956763,346793400
2008-11-05,69.77693176269531,73.0557704083537,68.91369528235501,71.96040380738641,387844100
2008-11-06,65.91049194335938,69.23285791032492,65.33016402850859,68.52195649135358,477721900
2008-11-07,68.08675384521484,68.18831046059401,65.64938400727402,66.48360380596326,380391000
2008-11-10,67.19446563720703,69.29814758319054,65.95402001345404,69.06601750508035,301773000
2008-11-11,65.11979675292969,66.8390136731993,64.30734429528378,65.83795380884963,418498200
2008-11-12,62.254425048828125,64.52494683988913,61.746642390896234,64.00265847790885,454330600
2008-11-13,66.13538360595703,66.54161546591934,59.548683854940236,62.47933007280786,753141900
2008-11-14,62.834774017333984,66.78098544459826,62.76222886938308,64.85866078108998,540352300
2008-11-17,62.00055694580078,64.24206263403632,61.7756824751076,62.66067464839797,415254900
2008-11-18,63.16849136352539,63.27004797870626,60.14354318045128,61.7684545577657,523811800
2008-11-19,59.12068557739258,63.01612415322584,58.69994808183312,62.31973391975722,558327600
2008-11-20,54.73195266723633,59.85332954475282,54.44179431209969,58.12685744584414,814180400
2008-11-21,57.68436050415039,58.68542567666238,53.92675213355921,56.19002389922107,718536500
2008-11-24,61.68136978149414,63.10316714755718,58.29371968067171,59.42535307654654,523305300
2008-11-25,62.13837432861328,63.48037634563105,60.80362239775535,63.328041520020946,454112400
2008-11-26,64.53948211669922,64.69907259275192,61.10830348482002,61.15183168200945,370134200
2008-11-28,65.3519287109375,65.38094566161104,64.18402826922818,64.29283491623211,118308100
2008-12-01,59.56321334838867,63.50943212350322,59.38186146400908,63.480415157872045,369927100
2008-12-02,61.85551452636719,62.015105112021644,59.51245066439455,60.549783936726776,469508400
2008-12-03,63.342559814453125,63.71251905555001,60.310357337582026,60.498964769139775,519863500
2008-12-04,61.87725830078125,63.872128807689656,60.745618904366005,62.42856398336286,444173800
2008-12-05,63.785064697265625,64.14051272789894,59.65749535127378,60.68032231020573,471905300
2008-12-08,66.0120620727539,67.0131221205875,63.89387415648198,65.53329061438679,412859300
2008-12-09,64.92390441894531,66.83172218769388,64.54669534237978,65.55501028669181,370790000
2008-12-10,65.36643981933594,66.2731987719575,64.5612374266546,65.51877465924628,396187400
2008-12-11,63.79231643676758,66.01206088905607,63.37883451850956,64.9529669499113,365061000
2008-12-12,64.55399322509766,64.6120271365919,61.804698930264614,62.05859590944736,415060400
2008-12-15,63.65449142456055,64.6700627649985,62.59539741655564,64.57575627271201,256694200
2008-12-16,66.65039825439453,66.75195479939207,63.96639436331678,66.65039825439453,377699500
2008-12-17,66.00481414794922,67.04940251754032,65.33018508165813,65.89600193704699,281819800
2008-12-18,64.7716064453125,66.49807350611087,63.988165378630576,66.3022160066491,374673300
2008-12-19,64.49302673339844,66.27007708270524,64.41989263509947,65.15850350900186,301451300
2008-12-22,63.666629791259766,64.84401683120274,62.51849526167297,64.77820286741076,243759500
2008-12-23,63.00844192504883,64.30283289477933,62.745175019452184,64.01031349085599,221625200
2008-12-24,63.37407302856445,63.52764441966654,62.89141530280754,63.220496058120276,62061600
2008-12-26,63.73977279663086,63.842153807563946,63.25711467707775,63.79827224620216,74767700
2008-12-29,63.55694580078125,63.864088819252004,62.59894412981811,63.798269269953195,127795900
2008-12-30,65.06340026855469,65.12190528243252,63.53498886223115,63.99570887233761,168256300
2008-12-31,65.99213409423828,66.52598250470403,64.99026237856765,65.14383383324684,193987200
2009-01-02,67.98126983642578,68.33229434214293,65.70693901923592,66.1384065246102,227566300
2009-01-05,67.90077209472656,68.49312512185631,67.19872922862902,67.73988622511949,240349700
2009-01-06,68.3542251586914,69.0708919794887,67.77650075781092,68.47854411627027,328260900
2009-01-07,66.30659484863281,67.46935817713815,65.96288489882718,67.27921968971158,280899200
2009-01-08,66.57718658447266,66.61374803580807,65.57530908487703,65.93364813164473,263834400
2009-01-09,65.1511459350586,66.78193816892761,62.4234154830293,66.66493373178632,330953600
2009-01-12,63.5861701965332,65.01951493337654,63.1912753580956,64.96831886909804,277858500
2009-01-13,63.70320510864258,64.26630066302829,63.03772296502197,63.425314593138104,356432300
2009-01-14,61.69942855834961,62.70861475221198,60.81456131125078,62.55504330397276,435491600
2009-01-15,61.721370697021484,62.3429710520528,59.76149760089167,61.51660875224359,532647300
2009-01-16,62.20401382446289,62.88411908545892,60.734113405006724,62.78905264787546,399237200
2009-01-20,58.92051315307617,62.20403033306334,58.5402417224767,61.597058948414876,419855200
2009-01-21,61.46543884277344,61.60438130647518,58.84739749102946,59.92240364033668,364360700
2009-01-22,60.514739990234375,61.45811243724708,59.35929104775258,60.2734109871821,427940300
2009-01-23,60.77799987792969,61.421538231533724,58.92050770851399,59.161836683369756,386800600
2009-01-26,61.194847106933594,62.42342456199934,60.55861760328233,61.12902756825116,317978800
2009-01-27,61.816444396972656,62.26984988453366,60.91695352275115,61.52392490755733,273789700
2009-01-28,63.90794372558594,64.31746761517317,62.94263342916992,63.18396239811006,330007000
2009-01-29,61.83107376098633,63.98108002375529,61.77256874693059,62.97189363834722,294392500
2009-01-30,60.5732421875,62.45267247236115,60.11983671007131,62.14552952604417,383383600
2009-02-02,60.39042663574219,60.829203131619444,59.46167756644525,59.65181609375221,288233300
2009-02-03,61.23870849609375,61.69211389892744,60.12714133924698,60.770679632227306,278385800
2009-02-04,60.93888473510742,62.430728943906004,60.72680826833587,61.64824260481183,322989300
2009-02-05,61.84568405151367,62.37221790717165,56.843623581450984,60.47815893080999,417679400
2009-02-06,63.6081428527832,63.87140433904399,61.92615944243897,62.05779297524284,366101700
2009-02-09,63.69587707519531,64.16390604379924,63.12546711841836,63.59349608702229,240075200
2009-02-10,60.77799987792969,63.644678333999494,60.29534192821816,63.08889191354688,536212800
2009-02-11,61.13633728027344,61.465423789103724,60.25878441541611,61.02664177733001,324442500
2009-02-12,61.180213928222656,61.29721836380331,59.27153129967501,60.090579086773424,469302200
2009-02-13,60.52203369140625,61.60434820292368,60.507404652974614,61.099757963900636,293998400
2009-02-17,57.93324279785156,60.66828699081457,57.89667578329108,58.620662500318446,478910100
2009-02-18,57.79429626464844,58.4597780065467,57.245824508758176,58.35008253950001,362964800
2009-02-19,57.17270278930664,58.61335633044476,57.05569278952061,58.38665085069531,316867500
2009-02-20,56.61693572998047,57.289726719838306,55.41029619814788,56.11234527725998,477176600
2009-02-23,54.591243743896484,57.238531510201334,54.547362192973395,57.238531510201334,379641400
2009-02-24,56.66082763671875,57.00453213741191,54.62781967173212,55.05928729753124,426260900
2009-02-25,56.21472930908203,57.3482348377044,55.307918190968834,56.41217678744853,461985800
2009-02-26,55.30060958862305,58.262355258460985,55.234790042530946,56.90945867500321,363353900
2009-02-27,54.06470489501953,55.351787212307755,53.97694738042779,54.12320990474737,470510900
2009-03-02,51.62948226928711,54.057384097653255,51.46128736002883,53.03356886366518,426452600
2009-03-03,51.24188995361328,52.43389994716413,50.9274325765075,52.36808601163531,443761000
2009-03-04,52.45584487915039,53.28952156041524,51.24189129594574,52.09019701616253,462753100
2009-03-05,50.31315994262695,52.455857143895294,49.85243995676103,51.26384126106878,485549400
2009-03-06,50.400901794433594,51.51978340020374,49.069943751459256,50.75192620964766,490470000
2009-03-09,49.808563232421875,51.19071201035384,49.53067280435838,49.6915532125984,379905300
2009-03-10,52.777610778808594,52.92387327042984,50.72998611020325,50.832367064666336,406227900
2009-03-11,53.12133026123047,53.933069103577644,52.5289824062967,53.38459721438872,356648300
2009-03-12,55.212860107421875,55.395684147512675,52.631385554035276,53.106729174140746,409702700
2009-03-13,55.64430236816406,56.295160852339784,54.64974507688885,55.585802936450186,337474700
2009-03-16,55.476104736328125,57.019139457021325,55.43953771135932,56.28052907153985,360644900
2009-03-17,57.17270278930664,57.30433624939398,55.176262907872655,55.62966828802768,356814300
2009-03-18,58.45248031616211,59.16183821736721,56.36097363853782,56.90213103126699,473273200
2009-03-19,57.728485107421875,59.234952483969955,57.54566118000221,59.18376200746619,428520400
2009-03-20,56.49922561645508,58.11959527455212,56.36664996824059,58.00911463116021,371078200
2009-03-23,60.55751419067383,60.60907108011344,57.67767839964548,57.99438661171152,419933300
2009-03-24,59.36433410644531,60.66062885608839,59.29804908445972,59.835712993719234,330271000
2009-03-25,59.99040985107422,60.91107302017777,58.2301023212908,59.828377853508904,441775100
2009-03-26,61.213016510009766,61.35295902592035,59.89462696855354,60.579600180164235,422025200
2009-03-27,60.108245849609375,60.785852462850116,59.8872844838965,60.432321020846665,322332300
2009-03-30,58.031219482421875,58.826673506677395,57.41989802196922,58.77511661358379,324108500
2009-03-31,58.56886291503906,59.71785353197971,58.22269853648837,58.59832478924554,364238300
2009-04-01,59.70310974121094,59.96826094518409,57.69238633357099,57.83969006054408,377018300
2009-04-02,61.44870376586914,62.31780947042568,59.75468236264385,61.190919366059674,476230700
2009-04-03,62.06002426147461,62.07475239015235,60.88893854721103,61.4928929700096,284646300
2009-04-06,61.57390594482422,62.07474656202,60.60905345758679,61.382406574322864,264866600
2009-04-07,60.13768005371094,60.87421010796513,60.03456629565762,60.57959696240778,258947800
2009-04-08,60.78581619262695,61.08779617096104,60.05665311170753,60.439646215230354,230402800
2009-04-09,63.20165252685547,63.209019402004635,62.11159101450915,62.36200857678788,269653500
2009-04-13,63.21640396118164,63.73933985747161,62.29574098476672,62.54615861709676,224847500
2009-04-14,62.126312255859375,63.164822384830956,61.92745160311942,62.627152944154005,276598800
2009-04-15,62.7891845703125,62.91439332581423,61.58127578002704,61.75067453881688,250726100
2009-04-16,63.709869384765625,64.18861519185977,62.43566952458707,63.2900473488511,335202900
2009-04-17,64.13705444335938,64.5568764540498,63.444714221797014,63.95292188394639,262649000
2009-04-20,61.44870376586914,64.11494463357477,61.38241313775901,63.00278265807853,293690100
2009-04-21,62.64924240112305,62.700799278326414,60.947859834133766,60.99941671133713,114090900
2009-04-22,62.26628875732422,63.592040277515515,61.920118525390606,62.082156133468615,340395200
2009-04-23,62.87757110595703,62.914394236137205,61.59600479927725,62.39145858564162,324903700
2009-04-24,63.827667236328125,64.30640705143603,63.113232519993794,63.36364992363327,287703000
2009-04-27,63.22372817993164,64.08547249166259,63.00277256660588,63.10588631001341,289581600
2009-04-28,63.024871826171875,63.776129953104814,62.42828432480518,62.58295495037144,247926300
2009-04-29,64.36538696289062,65.07982230287334,63.562571577074586,63.724603534195886,311505700
2009-04-30,64.38748168945312,65.56592912268839,64.01921651536206,65.2197645792385,301419800
2009-05-01,64.73365020751953,64.96933968817851,63.87191107066769,64.40221380697051,236110300
2009-05-04,66.93584442138672,66.980040042525,65.09451942016734,65.21973379090151,287120000
2009-05-05,66.70758056640625,66.9727320492361,66.16991072086712,66.70758056640625,243036300
2009-05-06,67.86388397216797,67.90807398065496,66.73699380151939,67.52508079545053,291941000
2009-05-07,66.92115020751953,68.60780543769684,66.49396124212319,68.50469163491576,317728000
2009-05-08,68.4825668334961,68.65933247290353,67.3483098770149,67.78285991124116,299081700
2009-05-11,67.20101928710938,67.84180263565999,67.05371548295702,67.53982253208375,247923600
2009-05-12,67.00216674804688,67.6355832977334,66.17725073422054,67.48827385636409,282431300
2009-05-13,65.31549072265625,66.29507712272867,65.18291507738871,66.09621084518795,269619100
2009-05-14,65.87523651123047,66.37607707147654,65.18289660225811,65.34493408046673,260098700
2009-05-15,65.33759307861328,66.28771770672319,64.92513796660754,65.82370570571672,271502700
2009-05-18,67.19364929199219,67.27466244024443,65.23447635972892,65.95627839247834,241447400
2009-05-19,67.11264038085938,67.7386899879541,66.88431217551987,67.15683039899217,206102200
2009-05-20,66.66333770751953,68.34999222944246,66.58968582492939,67.72393717923015,285722200
2009-05-21,65.70586395263672,66.1404197289376,65.00616245193929,65.88999651800762,258988400
2009-05-22,65.56591796875,66.28772005966046,65.31550039022329,65.88999306498894,166811900
2009-05-26,67.24519348144531,67.43668724192618,65.05033153605463,65.07979341134664,236318500
2009-05-27,66.04463195800781,67.57661543307344,65.94151822596272,67.34829297201316,246015800
2009-05-28,66.96530151367188,67.2746427431597,65.62481723328038,66.62649841195507,289095000
2009-05-29,68.1511459350586,69.01288501435688,66.78856604039991,67.33359687440736,258641500
2009-06-01,69.80096435546875,70.09557755837055,68.8140165879191,68.9907822619484,276246800
2009-06-02,69.85987854003906,70.24287733707472,69.40323347647637,69.52844224427396,230874500
2009-06-03,68.97602844238281,69.32955965877908,68.32051726017392,69.2632746629338,235310500
2009-06-04,69.62418365478516,69.72729741065432,68.71825485403777,69.23382363338358,210102300
2009-06-05,69.63890838623047,70.46381832638299,69.0865109287594,70.33124271181883,284257900
2009-06-08,69.35167694091797,70.04401141408461,68.52676120564857,69.11598191431638,238565100
2009-06-09,69.7052001953125,70.07346520294593,69.24854956290694,69.74202894378708,225125500
2009-06-10,69.52842712402344,70.33124205749253,68.63722657524136,70.32388080400789,296100400
2009-06-11,69.83781433105469,70.78793924895643,69.64631484809559,69.66104860332075,275414200
2009-06-12,70.02928924560547,70.07347925721545,69.23383532095052,69.5284485100019,184361800
2009-06-15,68.42365264892578,69.248562827701,68.05538757074994,69.20437281648923,224190500
2009-06-16,67.49560546875,68.71088103351761,67.45141546906751,68.66669103383512,227319000
2009-06-17,67.42933654785156,68.00382915782328,66.89903394809951,67.46615968327494,223445200
2009-06-18,67.92279052734375,68.25422674561324,67.20835560159041,67.5324305664956,211725100
2009-06-19,68.17315673828125,68.66200954724859,67.7879944999237,68.57313030072012,215655600
2009-06-22,66.12887573242188,67.54359791596866,66.1066559119092,67.50656111443254,251913600
2009-06-23,66.18073272705078,66.57329801140799,65.81038726618198,66.26961767202766,188309800
2009-06-24,66.75104522705078,67.46210759225906,66.36588291400795,66.78067353197879,211577700
2009-06-25,68.20276641845703,68.2694258351557,66.34363212216057,66.41770002438756,279411000
2009-06-26,68.0250244140625,68.32130179481788,67.60283098306789,67.97317629625688,167579000
2009-06-29,68.66201782226562,68.75090273052659,67.84725927511339,68.22501307144631,168481300
2009-06-30,68.10649108886719,68.92865801857464,67.6028213089655,68.6768259541339,228888200
2009-07-01,68.38798522949219,69.05460810220642,68.29910029612279,68.39538806900607,173041100
2009-07-02,66.52142333984375,68.4101866973219,66.48439219914127,67.49913474052137,212309900
2009-07-06,66.51402282714844,66.61031057756561,65.66963593573254,65.87702841418259,174499600
2009-07-07,65.22521209716797,66.52882912884819,65.18077246971981,66.44735271117936,197088900
2009-07-08,65.1807632446289,65.77331789816989,64.44007275321266,65.61776792207489,248050500
2009-07-09,65.30669403076172,65.84740069814013,65.11411852820723,65.63259972896357,163777600
2009-07-10,65.1511459350586,65.54371105755493,64.69932420701011,64.95856479252458,173520300
2009-07-13,66.7362289428711,66.7880770642788,64.8770937592153,65.41039195142105,217413500
2009-07-14,67.11397552490234,67.17323212897678,66.46216983314598,66.94361420094356,181487400
2009-07-15,69.07678985595703,69.26196246016482,67.16580722428805,68.00278536094024,220877900
2009-07-16,68.96570587158203,70.00267389672021,68.75090490808032,68.8842294491841,231174500
2009-07-17,69.72123718261719,69.86197027163341,69.2842322340225,69.66938904208861,138561700
2009-07-20,70.4619140625,70.58042730348332,69.76566855030131,70.12860546152358,164179400
2009-07-21,70.78778839111328,71.03221760383666,69.93599321560505,71.0099977937745,217718300
2009-07-22,70.77299499511719,71.2025912841833,70.28413644584091,70.33598456612586,196068100
2009-07-23,72.33584594726562,72.6469346397469,70.75817136921492,70.81742797283634,258795500
2009-07-24,72.63214111328125,72.6913977360342,71.6173982909942,71.99514654624346,154003100
2009-07-27,72.8469009399414,72.88393772097456,72.09880204102308,72.49877554189962,159259400
2009-07-28,72.50621032714844,72.86174434055701,71.89143570553644,72.33585463505251,186685200
2009-07-29,72.32844543457031,72.6543454883829,71.83218403931596,72.17290107117812,194399300
2009-07-30,73.08392333984375,73.94312695075678,73.03207523580724,73.20243652108121,225575400
2009-07-31,73.18763732910156,73.67649584394664,72.86914014092032,73.0691297700918,207358000
2009-08-03,74.39497375488281,74.46163320363496,73.55798966929632,73.9579633148735,175776900
2009-08-04,74.58757019042969,74.6912664627085,73.90613592944808,74.06168033786629,176714600
2009-08-05,74.37276458740234,74.70607318092942,73.75798987834179,74.63940807161066,184726400
2009-08-06,73.98759460449219,74.82457307281665,73.63946906646558,74.7134739870819,193203800
2009-08-07,74.95787811279297,75.57265259858086,74.3579206019268,74.76530264697185,220640900
2009-08-10,74.8023681640625,74.97272954784553,74.26906984216076,74.6171954495701,130898700
2009-08-11,73.86910247802734,74.52090840508085,73.66911277983654,74.46906027055412,157301000
2009-08-12,74.6615982055664,75.22451886816486,73.70610686505066,73.74313799623712,219052400
2009-08-13,75.23194885253906,75.26157715656633,74.261645912486,75.0023365601042,176449500
2009-08-14,74.65421295166016,75.25417058317424,73.84685718667649,75.1949139736115,199616100
2009-08-17,72.81729888916016,73.29134047193136,72.66916301367718,73.21727253418989,237667500
2009-08-18,73.39503479003906,73.65428104186714,72.84692528390165,72.98024982874819,173461500
2009-08-19,74.03939819335938,74.29123582192793,72.74319022992307,72.8172581262015,192812800
2009-08-20,74.8023681640625,74.97272954784553,73.97279801979114,74.13574526168532,174131300
2009-08-21,76.2689437866211,76.3874513935022,75.26901218990218,75.41714811125937,224605000
2009-08-24,76.26150512695312,76.99478725433144,75.9874475647313,76.5800023177976,191279000
2009-08-25,76.40966033935547,77.22441903262482,76.24670747049721,76.56520471844146,215310600
2009-08-26,76.41703796386719,76.7651634050126,75.91336819495854,76.17260874123062,194620700
2009-08-27,76.58741760253906,76.82443839459441,75.50600988559772,76.37261662676681,196230100
2009-08-28,76.57258605957031,77.29105678817852,76.04669645382067,77.20217753995176,147024400
2009-08-31,75.89114379882812,75.98002868833123,75.39488254723022,75.8244843699656,176051600
2009-09-01,74.21719360351562,76.46889363719028,74.06164926036641,75.51340211411309,321276800
2009-09-02,73.93577575683594,74.39500621345843,73.7506030059271,73.90614743856766,171805000
2009-09-03,74.55052185058594,74.63940112003682,73.76538584729897,74.36534917120099,143572300
2009-09-04,75.59488677978516,75.61710659537135,74.47644795445767,74.69865176134084,142687900
2009-09-08,76.24668884277344,76.32816525729717,75.83930677015474,76.29112846850617,132909100
2009-09-09,76.83184051513672,77.09108110198682,76.14299801235165,76.38001878476044,154612500
2009-09-10,77.61697387695312,77.66882199640249,76.45408978271377,76.88369171587765,162902400
2009-09-11,77.60218048095703,77.9947513915342,77.23924353452311,77.76513337760738,152360100
2009-09-14,77.97991180419922,78.11323634908035,76.40224273229016,76.94294374968163,149593800
2009-09-15,78.30583190917969,78.59470086772934,77.59476942267112,78.10584222955465,196795900
2009-09-16,79.49090576171875,79.5057170855546,78.31321055657389,78.58726243018815,206406300
2009-09-17,79.37238311767578,80.03899993285032,78.93537285888587,79.37978595267526,229170900
2009-09-18,79.42301940917969,79.75047744932367,79.15510022686878,79.74303367261004,153799100
2009-09-21,79.22206115722656,79.63138362460252,78.63413350835832,78.80530059257964,151892000
2009-09-22,79.6834716796875,79.90673949276959,79.33368808889585,79.69091545423993,143126700
2009-09-23,79.02113342285156,80.39793673642689,78.87973006788944,79.86954219674932,225947400
2009-09-24,78.15039825439453,79.36347255128794,77.80805837327009,79.19230544969444,228636800
2009-09-25,77.73362731933594,78.41086894304506,77.46570818005948,77.97922080999554,204059000
2009-09-28,79.12533569335938,79.29650850073529,78.01645136781801,78.03133324422801,118285800
2009-09-29,78.88716125488281,79.64626162904337,78.72343227588395,79.26671428093137,133733900
2009-09-30,78.58203125,79.2295034101535,77.86014405094572,79.15508269331599,254383000
2009-10-01,76.6322250366211,78.68627089752998,76.61733747819876,76.65455069631469,281840600
2009-10-02,76.27495574951172,76.72892950823484,75.9028464835378,75.92517213102634,224748800
2009-10-05,77.41360473632812,77.6368725542282,76.3568158445322,76.58008366243229,149875000
2009-10-06,78.52252197265625,78.96905208746851,77.92714470094758,77.97179600904727,202491100
2009-10-07,78.73833465576172,78.82019916068013,78.19505254838836,78.34389400572859,159200300
2009-10-08,79.34114837646484,79.75790899115835,78.77554062942542,79.29649707572983,183305800
2009-10-09,79.82489013671875,79.82489013671875,79.1550922484536,79.36347255192777,135008300
2009-10-12,80.13744354248047,80.44257015681191,79.83975502459246,80.19698238164531,118031000
2009-10-13,79.97372436523438,80.15977900195172,79.45277365360054,79.921629294071,157692700
2009-10-14,81.35057067871094,81.43243521651142,79.94399733350618,80.91148422863554,191421600
2009-10-15,81.64822387695312,81.64822387695312,80.91889281115886,80.95610033528614,173873600
2009-10-16,81.03797912597656,81.3207802065443,80.54679770415484,80.9710021639757,192069400
2009-10-19,81.7077407836914,81.96077232037156,80.9188710776463,81.17190261432646,159530400
2009-10-20,81.27613830566406,81.85662808861284,80.88170323150344,81.82685865385405,180921100
2009-10-21,80.54679107666016,82.0947616320085,80.4872522189327,81.14960639682134,225379300
2009-10-22,81.36541748046875,81.62589284393208,80.00349613701285,80.51700876636703,238444000
2009-10-23,80.43511962890625,81.68540666845166,80.10021796881611,81.63331161171791,240033200
2009-10-26,79.56442260742188,81.35054291510261,79.34115472999278,80.52445971772818,242028200
2009-10-27,79.19974517822266,79.9216381572123,79.00625242269325,79.65371899639268,253266300
2009-10-28,77.70386505126953,79.24439729244558,77.65920807524924,78.99880379711415,248821400
2009-10-29,79.37091827392578,79.52720350536326,78.09830509398849,78.2843597520718,198110600
2009-10-30,77.07127380371094,79.34858650402057,76.98197120859805,79.11043678715768,325608100
2009-11-02,77.63688659667969,78.44808784903405,76.71405709312116,77.49548324123775,254222900
2009-11-03,77.88247680664062,77.99411073105423,77.05639371509203,77.20523516235201,228362600
2009-11-04,78.08343505859375,79.1327862910005,77.88249848107908,78.52252710270189,247996700
2009-11-05,79.519775390625,79.54210104552202,78.47042986489424,78.63415890472398,180015300
2009-11-06,79.72813415527344,79.92907635082246,78.92438240688878,79.08066762679516,170954100
2009-11-09,81.54403686523438,81.58868816708177,80.27886743743163,80.33840061391561,159495700
2009-11-10,81.55891418457031,81.8119514627606,81.09750228341794,81.35053388367088,171899800
2009-11-11,81.97567749023438,82.47430257471615,81.58124255242231,82.09474951016955,169466200
2009-11-12,81.14215850830078,82.28825591075599,80.93377819475214,81.86405150733549,157144500
2009-11-13,81.58126831054688,81.93104638312569,80.93379589929451,81.3505566175596,150963000
2009-11-16,82.76454162597656,83.12176901688197,82.10218759182446,82.14683888646135,210922200
2009-11-17,82.86131286621094,82.89852607487134,82.23617184187323,82.54874235404208,147134100
2009-11-18,82.80919647216797,82.92827416688908,82.28824575260562,82.80175837470065,156486800
2009-11-19,81.7300796508789,82.83896368314923,81.21656704250023,82.24359225925757,208734600
2009-11-20,81.43985748291016,81.68545103143656,81.12728697275206,81.30589788170835,134196000
2009-11-23,82.47433471679688,83.1590147125863,82.31060565738215,82.39991396559182,148010200
2009-11-24,82.60082244873047,82.75710767645174,81.87149138603124,82.60826622469932,138420100
2009-11-25,82.89106750488281,82.9803757829668,82.47430689636573,82.7347822766889,109564800
2009-11-27,81.54403686523438,82.10220085007752,80.59143790623875,80.6733024115841,126001800
2009-11-30,81.81940460205078,82.01289737335081,80.46492681326052,81.47706468597609,160874800
2009-12-01,82.83155822753906,83.09947746114787,82.4073537206483,82.5487514376525,159613700
2009-12-02,82.7943344116211,83.35994224101985,82.5487408659421,82.81666006523947,132315100
2009-12-03,82.14685821533203,83.48645414900864,82.07988125761725,83.01759841119087,167324900
2009-12-04,82.61572265625,83.63529868060753,81.8938295809982,83.23341988578885,274907800
2009-12-07,82.48921203613281,83.00272484355928,82.22873658234369,82.54131280482969,127973800
2009-12-08,81.57382202148438,82.437112865307,81.32078468037065,81.89383632828368,169863700
2009-12-09,81.87893676757812,81.99801448192252,81.13471808673945,81.5514844090069,155063400
2009-12-10,82.3403549194336,82.69758238680947,82.19895155223136,82.38500622362885,138014600
2009-12-11,82.69010925292969,82.8761638582728,82.31800004224345,82.69010925292969,124854000
2009-12-14,83.25574493408203,83.35249131744644,82.70501902833364,83.25574493408203,107141500
2009-12-15,82.86878204345703,83.29298663369062,82.60830653681188,82.95064658525125,120408800
2009-12-16,82.99525451660156,83.44922830996033,82.80919986941969,83.20364049091255,155358200
2009-12-17,81.99803924560547,82.55620342480192,81.92361849063387,82.39991813597968,183390100
2009-12-18,82.4618911743164,82.52923440466918,81.76604157269627,82.45440732460949,174591200
2009-12-21,83.29991912841797,83.57675881972058,82.87343096079776,82.87343096079776,118039600
2009-12-22,83.59920501708984,83.77877746866166,83.37473517124607,83.47948624370508,91707500
2009-12-23,83.76382446289062,83.88354325727832,83.42712534356129,83.80123801326336,111783100
2009-12-24,84.16040802001953,84.25019142792772,83.8012572628639,83.9434219367287,39677500
2009-12-28,84.33995056152344,84.54196886600705,84.04065932170961,84.47463133401439,87508500
2009-12-29,84.2202377319336,84.57190453542043,84.21275958907651,84.55694254120026,80572500
2009-12-30,84.19032287597656,84.2875958353258,83.92844511716515,83.97334252475211,73138400
2009-12-31,83.38223266601562,84.3998195722783,83.34481911608437,84.37736801721582,90637900
2010-01-04,84.79634857177734,84.84124024926585,83.43457917241822,84.07805318943998,118944600
2010-01-05,85.02085876464844,85.05827232184338,84.43724380685433,84.74401899203231,111579900
2010-01-06,85.08069610595703,85.29019827149394,84.87119394042013,84.93853147569733,116074400
2010-01-07,85.43983459472656,85.54458566258876,84.68412556928773,84.92355739704493,131091100
2010-01-08,85.72419738769531,85.76161094700659,85.04331513459017,85.21540380700357,126402800
2010-01-11,85.8438949584961,86.14318052486202,85.4772604352372,86.10577268331942,106375700
2010-01-12,85.04328155517578,85.4548020025721,84.71406063045438,85.27522954749925,163333500
2010-01-13,85.76158905029297,86.00102092663317,84.82630739138494,85.26027374265354,161822000
2010-01-14,85.99349975585938,86.15062632134601,85.61190340624684,85.66427892807572,115718800
2010-01-15,85.0283203125,85.92618836456947,84.69909936277179,85.84388883564327,212283100
2010-01-19,86.09078216552734,86.1431576966123,84.9908903042385,85.01334185342184,139172700
2010-01-20,85.21538543701172,85.63438981013572,84.53450333068523,85.50719286950971,216490200
2010-01-21,83.57677459716797,85.49971363993842,83.4720234982238,85.237835892578,344859600
2010-01-22,81.71369934082031,83.60670878425232,81.62391023326165,83.20266636299894,345942400
2010-01-25,82.13270568847656,82.61157523153157,81.86334977648721,82.46192671541839,186937500
2010-01-26,81.78849029541016,82.65643421984595,81.58647201424247,81.81093613681712,211168800
2010-01-27,82.1776123046875,82.36466868940627,81.05527399637495,81.68378070894622,271863600
2010-01-28,81.23480987548828,82.49182844199218,80.74098421106099,82.44693675663659,316104000
2010-01-29,80.35192108154297,82.15514694209463,80.22472414018218,81.58649406920821,310677600
2010-02-01,81.60149383544922,81.60897769090697,80.43426355844035,80.92061141003042,187865000
2010-02-02,82.58911895751953,82.74624560908724,81.46678083903002,81.75111014915842,216327900
2010-02-03,82.1776123046875,82.66396004665785,81.93818036058781,82.21502015652656,172730700
2010-02-04,79.64112091064453,81.57902213925098,79.6261532044697,81.54161429082853,356715700
2010-02-05,79.8057632446289,79.9703681186258,78.24945227539804,79.73093610093717,493585800
2010-02-08,79.22957611083984,80.30702236344926,79.16971671713799,79.86556647053058,224166900
2010-02-09,80.22472381591797,80.9205736273526,79.51390630055641,80.15738056525967,337820500
2010-02-10,80.06759643554688,80.50904665270076,79.39419247772142,80.09752613461761,240511500
2010-02-11,80.90560913085938,80.99539823246123,79.49894745680375,79.96284925231997,223591600
2010-02-12,80.83828735351562,80.88317905881932,79.69350320020901,80.05264825965416,304622100
2010-02-16,82.11023712158203,82.19254235554693,80.67364601538563,81.45180095836841,159317500
2010-02-17,82.49933624267578,82.61157119715281,82.11025582828962,82.50681438673584,168845100
2010-02-18,82.9856948852539,83.15778355751304,82.33473662997206,82.3646663356927,193708600
2010-02-19,83.15774536132812,83.47948241440959,82.57413063911176,82.76867078268556,222684900
2010-02-22,83.17273712158203,83.48699041545036,82.92582137275404,83.46454456710359,132346900
2010-02-23,82.16261291503906,83.20264555635559,81.9456269074147,82.94825171131673,207497000
2010-02-24,82.9183349609375,83.05301575536754,82.20003929347943,82.40954148292472,176350700
2010-02-25,82.80611419677734,82.86597360644457,81.51168728664179,81.73615151013261,259634700
2010-02-26,82.85845947265625,83.14278871041428,82.38707963793354,82.8809053159518,173589300
2010-03-01,83.71892547607422,83.80123071291916,83.1802023652731,83.20264821013885,147709700
2010-03-02,83.95086669921875,84.35490899966378,83.80122393987112,84.07806932402012,160992400
2010-03-03,84.02571105957031,84.52702068578904,83.81620316151007,84.16786999762088,150785000
2010-03-04,84.28012084960938,84.39983967109401,83.82370283258753,84.13795617622328,135770400
2010-03-05,85.48474884033203,85.55208638379925,84.62428851993153,84.82631256734632,176118800
2010-03-08,85.49971771240234,85.68677407064192,85.35007490921349,85.49223956819782,114631200
2010-03-09,85.6418685913086,86.03842709360772,85.20041839697745,85.24531008900948,154556700
2010-03-10,86.02346801757812,86.25541604562089,85.60446365504762,85.67928504714145,186088800
2010-03-11,86.38261413574219,86.4050656913256,85.55956739471449,85.82144512479061,160791100
2010-03-12,86.39009094238281,86.771687437092,86.15065907890971,86.75671973459035,162074800
2010-03-15,86.41253662109375,86.47239601397314,85.74661657370171,86.24044800219787,146816800
2010-03-16,87.10090637207031,87.18320589989897,86.41253478559089,86.65196664351676,168673000
2010-03-17,87.61717987060547,87.90150913279969,87.10838644765919,87.36278601338529,177468100
2010-03-18,87.57227325439453,87.74436184412319,87.22060651646431,87.62464878716042,196509100
2010-03-19,87.1290054321289,88.12072966572507,86.7909141078495,87.1290054321289,226641100
2010-03-22,87.5948257446289,87.7526051603953,86.58056307364089,86.63315430155838,184477800
2010-03-23,88.2109146118164,88.28604412878153,87.43706396423293,87.72256415352102,182941600
2010-03-24,87.78263854980469,88.22591231415304,86.83599659640667,87.88031205198999,196072600
2010-03-25,87.63993072509766,88.78191442641092,87.53474824202993,88.37620810657168,223396300
2010-03-26,87.58734893798828,88.21844390451675,87.24174849460134,87.80522859986579,205808500
2010-03-29,88.14330291748047,88.30107663861256,87.66998175408423,88.03060576466747,134513500
2010-03-30,88.2033920288086,88.52645408159371,87.83525341629064,88.24846858854143,145772500
2010-03-31,87.90287017822266,88.29354707915067,87.60986106952306,87.86530255628092,161078700
2010-04-01,88.50390625,88.84199187553699,87.97798827114808,88.50390625,161215200
2010-04-05,89.22516632080078,89.28526648768727,88.59406584637358,88.84199838032762,105847600
2010-04-06,89.43550872802734,89.59328237392609,88.87202896466931,88.96969672679352,110384200
2010-04-07,88.92462158203125,89.67592794502103,88.5114007895818,89.2551982159908,184576300
2010-04-08,89.232666015625,89.38293074731047,88.35363883031536,88.61659494574815,158704000
2010-04-09,89.81871795654297,89.85627985219948,89.25523793355842,89.42052059207445,133006500
2010-04-12,89.96144104003906,90.19434995885366,89.82620563724839,89.93138809141738,110279000
2010-04-13,90.02906036376953,90.1868340428435,89.405474585515,89.87128668469558,125043600
2010-04-14,91.05084991455078,91.05084991455078,90.21689911875767,90.35964347691036,161609000
2010-04-15,91.12599182128906,91.33635678360733,90.87054455846308,90.90059751479644,144615300
2010-04-16,89.67594146728516,91.12596319578518,89.21764405819356,90.80290118170444,366786700
2010-04-19,90.01403045654297,90.10418930059454,89.00728249202896,89.4129886922404,217947800
2010-04-20,90.81793212890625,90.89306736821733,90.05911665358738,90.57751426634714,157708000
2010-04-21,90.65263366699219,91.08087808897892,90.14925401882186,90.87050748048304,192910100
2010-04-22,90.9231185913086,91.03581572322632,89.49564069373167,90.01403832933038,115360300
2010-04-23,91.51663970947266,91.5542073259558,90.63009784139739,90.86300674596856,177335500
2010-04-26,91.17102813720703,91.74953726018224,91.0808750400254,91.54668132749796,143457300
2010-04-27,89.01480102539062,91.16353244774676,88.84199799979535,90.64513483498892,355853300
2010-04-28,89.69098663330078,89.91638092316695,88.85703578561682,89.44305979286588,300674100
2010-04-29,90.80293273925781,90.99075942360479,90.20939972887955,90.2319380138787,193775000
2010-04-30,89.26270294189453,90.91558030171053,89.24016466919004,90.8179068106412,270000900
2010-05-03,90.41973876953125,90.66767129745604,89.55573512289314,89.69097052612356,182747900
2010-05-04,88.29354095458984,89.428015420767,87.84275818262975,89.41299181224103,360353400
2010-05-05,87.76760864257812,88.50389139659676,87.12899938373258,87.57226738424458,328973200
2010-05-06,84.85260009765625,87.90290416875403,78.88722168990748,87.34693868752314,647356600
2010-05-07,83.5903549194336,85.47612992971396,82.20043917178832,84.62715572822566,637558800
2010-05-10,87.27175903320312,87.63989758473132,86.33262598092784,87.00879719295544,396159600
2010-05-11,87.02383422851562,88.17333226904545,86.33263361659118,86.45283967726711,317849800
2010-05-12,88.2409439086914,88.36867036680336,87.21916663587714,87.36943137129899,235607100
2010-05-13,87.14405822753906,88.41376832212465,87.06892870764969,88.00054736471071,234452500
2010-05-14,85.56629943847656,86.64818266574703,84.79996930716923,86.4904089837724,345601400
2010-05-17,85.61137390136719,86.03961837968365,83.97352549215425,85.79920052750623,325739800
2010-05-18,84.44685363769531,86.56553778586533,84.16886816294455,86.31009058949715,360556800
2010-05-19,83.96601104736328,84.72482644014923,82.91418086356477,83.97351998486648,394742700
2010-05-20,80.7955093383789,82.56107863393963,80.7429181076861,82.17791067774098,530418300
2010-05-21,81.97505187988281,82.1779021108328,79.15765253216074,79.57087339596544,500909400
2010-05-24,80.92323303222656,82.18542834691902,80.8481035187835,81.5317895427341,269823000
2010-05-25,81.0058364868164,81.04340409065614,78.4213412533576,78.9697973165552,396505200
2010-05-26,80.51751708984375,82.24552435111723,80.27709923655485,81.50173251313183,349719300
2010-05-27,83.21470642089844,83.24475936761183,81.72711708465982,82.03515548946196,300870500
2010-05-28,82.1703872680664,83.18464981395718,81.77970470999634,83.12454392317512,297933500
2010-06-01,80.78797912597656,82.60613930245837,80.66777307838109,81.40405016643788,277909400
2010-06-02,82.89163970947266,82.89914864671519,80.77295580840526,81.20120024376952,240243700
2010-06-03,83.1771469116211,83.44010305597624,82.32817257927051,83.13207035316424,226618300
2010-06-04,80.25458526611328,82.14036677740077,79.98411438274076,81.59942501065571,398475600
2010-06-07,79.25530242919922,80.84807389790355,79.19520227967277,80.54003555402642,264609100
2010-06-08,80.10431671142578,80.2620904193452,78.62424170073406,79.31544243981385,357774300
2010-06-09,79.67607116699219,81.35148175800155,79.33797974104704,80.57012216748035,268023300
2010-06-10,82.00514221191406,82.1028100369683,79.66857749578301,81.03595570662357,317890600
2010-06-11,82.40330505371094,82.45589628447513,81.23126863552925,81.28385986629344,214128200
2010-06-14,82.27558898925781,83.4851930976109,82.19294480307111,83.03440454313268,207196100
2010-06-15,84.14633178710938,84.22146129408793,82.71133355615893,82.85408363182796,238268700
2010-06-16,84.11626434326172,84.46186460142148,83.54526987099156,83.71055819707078,216374000
2010-06-17,84.25151062011719,84.39426068964737,83.43258928484421,84.35669307176667,263185800
2010-06-18,84.34284973144531,84.64479749919846,84.07109213303988,84.41833667338359,174006600
2010-06-21,84.1012954711914,85.45252740100152,83.63326717508446,85.39214129770144,213140700
2010-06-22,82.71231079101562,84.47118490008377,82.59153282606083,84.10129482334817,239355400
2010-06-23,82.45563507080078,83.05953627539148,81.88947445189996,82.76513321430575,254639900
2010-06-24,81.08931732177734,82.15370231833853,80.87795155887345,82.04801943688658,268523600
2010-06-25,81.4289779663086,81.84415886914405,80.59860464207303,81.33083979565404,238726500
2010-06-28,81.1723403930664,81.76869698149748,80.87793730956403,81.54978083440626,169218600
2010-06-29,78.66616821289062,81.1572784465852,78.16794962172357,80.03250132545345,373649500
2010-06-30,77.91880798339844,79.17190729163956,77.66214548071314,78.44722231350899,284101700
2010-07-01,77.57156372070312,78.1226235583583,76.34110415468909,77.86596681408805,382924800
2010-07-02,77.14883422851562,78.06978995009239,76.71100763503695,77.83577868812233,233385200
2010-07-06,77.65460205078125,78.78692342694688,76.90726579582721,78.23585782312783,256935300
2010-07-07,80.10041809082031,80.19855054100918,77.76783295974748,77.85087032501677,253769400
2010-07-08,80.89305877685547,80.98364081992997,79.94945743292585,80.77227504037542,210842100
2010-07-09,81.49695587158203,81.50450629453412,80.71942932678778,80.87040323011831,144999900
2010-07-12,81.5498046875,81.7083290281166,80.88551138978013,81.225205582632,131283600
2010-07-13,82.78023529052734,83.10482852129225,82.22916974582759,82.39524445133392,213025900
2010-07-14,82.77273559570312,83.09733478467793,82.17637867831745,82.51607295918741,184426800
2010-07-15,82.79534912109375,83.08220183055998,81.65547718733247,82.74250768094772,232337900
2010-07-16,80.51563262939453,82.4405762594741,80.35710250710987,82.3499884409238,282693400
2010-07-19,80.99118041992188,81.24783718671502,80.18345800783057,80.81001059869821,186709000
2010-07-20,81.8895034790039,81.94988958936929,79.88151700774846,79.91926336610179,258162400
2010-07-21,80.82512664794922,82.33488898806915,80.49297709015123,82.31224347445315,264527000
2010-07-22,82.62930297851562,82.99164852156795,81.7762892182514,81.78383388425155,274781300
2010-07-23,83.346435546875,83.46721354330758,82.22920884361969,82.46322017121726,222020800
2010-07-26,84.21453094482422,84.29756832387702,83.25583451296777,83.48984580341534,184445700
2010-07-27,84.20698547363281,84.76559585158186,83.8748359606053,84.67500805004195,204855600
2010-07-28,83.66343688964844,84.28998930924136,83.38412893217993,84.03332685332484,163056200
2010-07-29,83.25585174560547,84.41081910876345,82.59155833497053,84.18435243551073,220149100
2010-07-30,83.24073791503906,83.68612076717235,82.26694634605298,82.41036984141299,220070600
2010-08-02,85.12037658691406,85.25625538677264,84.19942091668196,84.53911503668614,188263200
2010-08-03,84.7127456665039,85.12792675566438,84.43343762670565,84.90901633661308,146657300
2010-08-04,85.27892303466797,85.38460593318725,84.66747115619418,84.94677349115825,158171700
2010-08-05,85.18831634521484,85.2336131197458,84.60706053217788,84.73538891489862,140473800
2010-08-06,84.841064453125,84.97694324639784,83.73138860127752,84.35039071301284,239728300
2010-08-09,85.29399871826172,85.43742794474343,84.78822985337369,85.24115728102393,120800400
2010-08-10,84.8335189819336,85.28645215879679,84.07109337006867,84.56931180161978,242916300
2010-08-11,82.5085220336914,83.55780649906619,82.3726431797939,83.52761055827932,273406900
2010-08-12,82.00273132324219,82.29713448971711,81.22520471643477,81.26295107492057,239542600
2010-08-13,81.76116943359375,82.25184329646342,81.66303696473409,81.74607434580214,158698500
2010-08-16,81.7234115600586,81.98761873520715,80.90813876878491,81.20254187241966,147895300
2010-08-17,82.72742462158203,83.33133186104645,82.19145968221835,82.4254767611361,172270300
2010-08-18,82.87840270996094,83.32377982701483,82.21410936681261,82.68968242118498,182922100
2010-08-19,81.4365463256836,82.65190498926681,81.09685223729892,82.4480896880928,265847600
2010-08-20,81.1723403930664,81.48184431942146,80.58353422606166,81.19498589806135,209714200
2010-08-23,80.86283874511719,81.95741367417133,80.82509239889443,81.55732774505891,163490300
2010-08-24,79.6625747680664,80.31177275646016,79.23984333721795,79.97962334120277,280677800
2010-08-25,79.97208404541016,80.27403179668562,78.72652941390423,79.22474781093608,272234800
2010-08-26,79.43614196777344,80.45523031734626,79.17192897108515,80.34954742238529,224439500
2010-08-27,80.66658020019531,80.74961756690233,78.74163144003745,79.93434474429773,272649000
2010-08-30,79.49653625488281,80.7043507659922,79.48899158967103,80.45523859112942,167238600
2010-08-31,79.49653625488281,80.0023110291066,78.87753390961814,79.20213305160367,273933100
2010-09-01,81.87438201904297,81.9876153063094,80.51559984969849,80.56844128251826,256828100
2010-09-02,82.63679504394531,82.65189012457215,81.89700938900569,82.07063449227047,156112200
2010-09-03,83.70875549316406,83.7842424429879,82.99916549439274,83.44454828913807,212197300
2010-09-07,82.76517486572266,83.42192358749728,82.69723832172177,83.31624067952708,141973700
2010-09-08,83.346435546875,83.67857935652944,82.89350222221505,82.93124858569887,149924400
2010-09-09,83.7314224243164,84.30513375647105,83.50496151690636,84.28248824165871,147017900
2010-09-10,84.15416717529297,84.25229966782113,83.6936891362298,83.88240945521349,127819000
2010-09-13,85.09016418457031,85.26378354232502,84.64478152042764,84.98448133395003,178503500
2010-09-14,85.037353515625,85.5204769387065,84.60707153696536,84.92412020349657,209823600
2010-09-15,85.36195373535156,85.46008620220955,84.53158570089425,84.78824250311618,168608400
2010-09-16,85.33929443359375,85.39213587017585,84.81087430848811,85.09773275789206,199962900
2010-09-17,85.37116241455078,85.87205387958907,85.135898369521,85.78857196874935,195836900
2010-09-20,86.6765365600586,86.86626718184056,85.39395570397441,85.66716826254996,214555200
2010-09-21,86.501953125,87.15462087667233,86.14525877191564,86.74480799240175,268389100
2010-09-22,86.07698822021484,86.8510924096225,85.83413325277931,86.36538247475144,191322400
2010-09-23,85.3787612915039,86.26669901930727,85.13590637987944,85.371170447045,202354300
2010-09-24,87.13948059082031,87.20019578001165,86.25154266184381,86.32743375327341,209671800
2010-09-27,86.72207641601562,87.2685015732376,86.63860026321957,87.16984372711899,128761800
2010-09-28,87.02562713623047,87.30643049872803,85.89483442151233,86.83589654295007,209207500
2010-09-29,86.87384033203125,87.20776801118564,86.53232180831846,86.80553431124153,179665800
2010-09-30,86.61580657958984,87.87562047233372,86.20598781171357,87.3140195490002,287106700
2010-10-01,86.9801025390625,87.36715461015777,86.46403504097506,87.26849098588946,174638700
2010-10-04,86.3274154663086,87.16222887543172,85.89482996766455,86.79794939768827,166153200
2010-10-05,88.06533813476562,88.27783543726092,87.02561257313681,87.12427617080765,229634100
2010-10-06,88.05777740478516,88.28545647252948,87.701082900708,88.05018655849521,148626600
2010-10-07,87.95150756835938,88.43721739197542,87.42026425819114,88.41445064869933,164860000
2010-10-08,88.44483947753906,88.68769447513002,87.73904123608415,88.07296902906666,177760100
2010-10-11,88.52830505371094,88.77116000638925,88.22473491533334,88.5814293936681,103098300
2010-10-12,88.80150604248047,89.05953686294369,87.76937118039147,88.23989933302866,182210000
2010-10-13,89.49211120605469,89.9702359339082,89.08229249223052,89.29479558800837,194347200
2010-10-14,89.14302825927734,89.56043791335264,88.58142728025493,89.40864995272587,217764300
2010-10-15,89.32513427734375,89.8184348303178,88.61175139730955,89.765310511697,243705000
2010-10-18,89.76533508300781,90.06131433778684,89.02917947338683,89.35551631713268,141204800
2010-10-19,88.58904266357422,89.43903231804316,88.05020249174731,88.938146384534,280604700
2010-10-20,89.45417022705078,89.88675569020546,88.69524795554312,88.74837228294396,200051800
2010-10-21,89.65152740478516,90.380092428329,88.95331998098733,89.85643975554068,221585500
2010-10-22,89.8184585571289,89.9550648111141,89.55283689385718,89.78810096845243,108212400
2010-10-25,90.08406829833984,90.88852981650626,90.01576807544537,90.41799593946995,151145700
2010-10-26,90.09928131103516,90.19034830655623,89.45419833557752,89.62874727040573,158982900
2010-10-27,89.8412094116211,89.93987300489934,88.99122023948222,89.46933914881033,190024000
2010-10-28,89.8564224243164,90.39525668810911,89.42383684408175,90.35730824821596,168576000
2010-10-29,89.92467498779297,90.09922961258192,89.6059291061254,89.76530204695918,144305500
2010-11-01,89.95504760742188,90.88093361956813,89.43898027885432,90.36486629100055,174074800
2010-11-02,90.6684799194336,90.88097731157177,90.38767648546833,90.63053147507192,158345900
2010-11-03,91.03275299072266,91.08587733495344,89.89436922281807,90.8278464601523,226702800
2010-11-04,92.7858657836914,92.83139928051588,91.04793257675517,92.04211919155013,215039400
2010-11-05,93.13495635986328,93.28673852138023,92.72513757562551,92.84656214681542,180654100
2010-11-08,92.96038818359375,93.1121761132195,92.54298440488724,92.84654868390379,156107100
2010-11-09,92.29254150390625,93.30949460816703,91.92067119758438,93.21083679346219,186621600
2010-11-10,92.66441345214844,92.70995272830328,91.57156925643385,92.26977639621884,221387400
2010-11-11,92.31531524658203,92.45192150274909,91.58675047706375,91.86755383421772,158017600
2010-11-12,91.22248840332031,92.09525049584732,90.80508447393404,91.69302246984329,239068800
2010-11-15,91.09344482421875,91.8675488303742,91.05550218242227,91.51085441480431,163940800
2010-11-16,89.67427825927734,90.68364070364518,89.24168691010993,90.53185853174408,299566200
2010-11-17,89.71979522705078,90.0916655327956,89.44658273585772,89.7122043828183,172308900
2010-11-18,91.04032135009766,91.36665818122981,90.57737826895395,90.58496911343177,197723700
2010-11-19,91.29078674316406,91.32872939347882,90.50150666111655,90.99480743616114,156852900
2010-11-22,91.21488189697266,91.25282454156557,90.1372077264298,90.83542071033428,181361000
2010-11-23,89.89433288574219,90.32691831108154,89.54522936618034,90.1371877597903,222309000
2010-11-24,91.22248840332031,91.245260943573,90.44838994819625,90.46356585157848,140046100
2010-11-26,90.15998077392578,90.92648820640814,90.15998077392578,90.43319329306821,76007800
2010-11-29,90.43321228027344,90.67606726048743,89.35553787733684,89.93232062663988,223642300
2010-11-30,89.92467498779297,90.44074223006633,89.4086077455196,89.53762889867488,233930700
2010-12-01,91.8371810913086,92.01172996253705,91.2148650914823,91.22245014493248,221037200
2010-12-02,93.01351165771484,93.08181767294886,91.92825257885093,91.98137690620298,191213600
2010-12-03,93.26396942138672,93.37021808978963,92.67201090025102,92.69477764489191,151288900
2010-12-06,93.16529083251953,93.37778812196235,92.9679694394154,93.06662724090903,103050500
2010-12-07,93.21845245361328,94.11398123895493,93.16532810999637,94.06085689533802,206581000
2010-12-08,93.55994415283203,93.63583522800057,92.899685429736,93.33227092732639,138019200
2010-12-09,93.92423248291016,94.12154812675976,93.46128938213103,94.08360548299703,123705100
2010-12-10,94.47064971923828,94.56171668885696,93.90145799865111,94.21261312837761,117571700
2010-12-13,94.53135681152344,95.01706660477834,94.50099922568033,94.90323289551348,133812700
2010-12-14,94.61483001708984,95.03983038966062,94.32644166329858,94.67554518318809,147249600
2010-12-15,94.18225860595703,94.81216552019532,94.02288561382164,94.44029520521275,160823100
2010-12-16,94.72869110107422,94.79699712603555,93.91664438726983,94.24298124179599,185035200
2010-12-17,94.83014678955078,94.95220991823611,94.46394576235905,94.66230489461155,141075300
2010-12-20,95.05902099609375,95.28789737446594,94.58601835095773,95.08953823458124,119085500
2010-12-21,95.6617431640625,95.722777653673,95.26503062273284,95.3565765365793,94965500
2010-12-22,95.95927429199219,95.98979153529217,95.67699997746311,95.73040369809583,78878100
2010-12-23,95.82197570800781,95.95930042997858,95.5854742837245,95.85249295962028,70053700
2010-12-27,95.860107421875,95.95165334056983,95.39472959994424,95.46338903896536,58126000
2010-12-28,95.99742126464844,96.08896717299083,95.74565837556895,96.05082498470448,55309100
2010-12-29,96.06607055664062,96.27968541431889,96.05081484705003,96.11184932654906,58033100
2010-12-30,95.91349792480469,96.22628947150487,95.76854247942941,95.97453240923309,76616900
2010-12-31,95.93638610839844,96.02793783667009,95.61596379030095,95.76854418351816,91218900
2011-01-03,96.9281997680664,97.34779886204386,95.89826149064375,96.66880605164496,138725200
2011-01-04,96.87477111816406,97.17230695537943,96.27206867800325,97.141789713028,137409700
2011-01-05,97.37828826904297,97.43932275199303,96.47805001751972,96.56960174194482,133975300
2011-01-06,97.18757629394531,97.52326018631187,96.8976711818094,97.41645273338972,122519000
2011-01-07,96.99684143066406,97.47747493691615,96.24155854353383,97.31726376816546,156034600
2011-01-10,96.87477111816406,97.01209579846106,96.27969362316449,96.56960451521863,122401700
2011-01-11,97.21806335449219,97.45456466673366,96.8518623292,97.2256941189229,110287000
2011-01-12,98.09542083740234,98.20222826351039,97.24095560796978,97.81314656293172,107929200
2011-01-13,97.93521118164062,98.17934911160178,97.69108489281669,98.13357616001838,129048400
2011-01-14,98.64473724365234,98.6676237218544,97.72924319215451,97.79790262676069,117677900
2011-01-18,98.81257629394531,98.90412220408169,98.43874442565821,98.5531768133287,114401300
2011-01-19,97.84366607666016,98.82781946714368,97.58427825481331,98.72864861828303,151958400
2011-01-20,97.71395111083984,97.95807734905226,96.98917987780446,97.62239940608464,175745700
2011-01-21,97.93521118164062,98.5455443654063,97.82840374756692,98.32430455237407,151462900
2011-01-24,98.49215698242188,98.60658937359541,97.85130066843462,97.87418714666933,113715500
2011-01-25,98.54553985595703,98.6294608103988,97.73685337195636,98.23274251293438,167552200
2011-01-26,98.9269790649414,99.21688988176419,98.59129530675389,98.78966024084721,141281500
2011-01-27,99.1711654663086,99.33900742752988,98.77444704513641,98.94991395327128,123302700
2011-01-28,97.43932342529297,99.44578986701836,97.27911227186848,99.28557289302518,295637300
2011-01-31,98.17169952392578,98.24799552721846,97.46219558607366,97.70633348370171,149249200
2011-02-01,99.74332427978516,99.9187911412738,98.70576135948916,98.76679584199331,167194300
2011-02-02,99.55260467529297,99.81961746353952,99.43053569950916,99.48393360070317,118323600
2011-02-03,99.7738265991211,99.92640697089449,98.85070778315354,99.37710831960133,145886700
2011-02-04,100.05613708496094,100.09428510199626,99.35425780784438,99.81201072998753,134634800
2011-02-07,100.68170166015625,101.00974889739662,100.2697218260208,100.2773584118132,112439100
2011-02-08,101.13945770263672,101.19285559921927,100.49860145568539,100.77325080691104,99072800
2011-02-09,100.91056060791016,101.1852099028095,100.40703496040553,100.86478766561606,146436700
2011-02-10,100.94872283935547,101.06315521122418,100.17054778723868,100.39942417211262,162708500
2011-02-11,101.5514144897461,101.68110838530545,100.52911321335883,100.551999686626,137710300
2011-02-14,101.79557037353516,101.87949134698063,101.3759771474471,101.49040954708215,101690700
2011-02-15,101.4751205444336,101.63533750169178,100.94872000746797,101.48275712976829,119575400
2011-02-16,102.11599731445312,102.23805465191164,101.61247150859424,101.81846145483442,130183500
2011-02-17,102.421142578125,102.55846142735561,101.72688846398331,101.81844600460715,109810500
2011-02-18,102.63473510742188,102.75680404093725,102.27616489092937,102.51266617390651,130002400
2011-02-22,100.57490539550781,102.65765634911284,100.30025602263719,101.55905885763032,233116400
2011-02-23,99.95694732666016,100.75800896850784,99.3389891473068,100.5138710185154,227584000
2011-02-24,99.88825988769531,100.27735322660784,98.94987953356654,99.85012352525284,260431400
2011-02-25,100.95633697509766,101.01737144727196,100.24682142206484,100.30785589423913,141686900
2011-02-28,101.58197784423828,101.7116834472499,100.99454254185342,101.33022650958299,141585500
2011-03-01,99.88825988769531,101.99390861742539,99.85774846951408,101.90236272174539,258565500
2011-03-02,100.10188293457031,100.56726062348842,99.44577687545849,99.75093761131409,200277400
2011-03-03,101.82608795166016,101.94052034512642,101.00213979528695,101.00976474113847,176480100
2011-03-04,101.06317138671875,101.94815400793622,100.39944024137482,101.74978901009948,277202300
2011-03-07,100.26972198486328,101.58957080398176,99.74332141551369,101.36069441144804,216790400
2011-03-08,101.1470718383789,101.46749410704378,99.99507666000264,100.4299312956421,174615000
2011-03-09,101.00213623046875,101.31493361642146,100.39943957758712,100.94873832911539,153806000
2011-03-10,99.13300323486328,100.07900872667422,99.03382073350686,99.94168985507791,301291800
2011-03-11,99.81962585449219,100.17819622528754,98.78969934272745,98.81258582246849,225621800
2011-03-14,99.2169189453125,99.54496621527747,98.46163026814438,99.17114599053953,234974100
2011-03-15,98.08014678955078,98.66759337873673,96.50854701691617,96.57720643040761,359585400
2011-03-16,96.2644271850586,98.08779583381428,95.57780386008736,97.76736191454741,468670300
2011-03-17,97.53849792480469,97.95047194754366,96.96631275220642,97.65293612343805,254303700
2011-03-18,97.89327239990234,98.75144970208244,97.70171543613618,98.72079404052269,230435400
2011-03-21,99.41038513183594,99.61725819098575,98.9966156301228,99.111556799135,153992600
2011-03-22,99.0655746459961,99.52531594480128,98.97363106291782,99.39505863820476,129538600
2011-03-23,99.34910583496094,99.60962049794537,98.3223633219923,98.7897510864419,148603100
2011-03-24,100.29920959472656,100.44479474050729,99.35675271902481,99.9160957128648,159129800
2011-03-25,100.60572814941406,101.04247198375607,100.29157189646881,100.55975634492651,155642800
2011-03-28,100.36054229736328,101.08079850333094,100.32989832106563,100.82028378380994,109762400
2011-03-29,101.03482055664062,101.06546453107711,99.9467782426253,100.27625065758916,129798800
2011-03-30,101.73206329345703,102.03089165314213,101.41790710484484,101.56349225038258,135835000
2011-03-31,101.5941390991211,101.87765132963119,101.48686767700347,101.60180885965616,132537100
2011-04-01,102.02326965332031,102.49833903879313,101.7780827342459,102.22249644751362,153850100
2011-04-04,102.10752868652344,102.4216849405841,101.8163700264984,102.23778603027074,100768900
2011-04-05,102.09219360351562,102.54426518764946,101.86232293120261,101.9082947273236,120791500
2011-04-06,102.41403198242188,102.67454668292018,102.00026233649085,102.5826030690292,120411600
2011-04-07,102.15348815917969,102.6591895831214,101.64777504353047,102.23010391834298,170731500
2011-04-08,101.80101776123047,102.66685884671146,101.37959016689426,102.6055592246528,147945400
2011-04-11,101.49455261230469,102.25311074936934,101.2493540726851,101.90831053327541,121385400
2011-04-12,100.73595428466797,101.12672619346115,100.36816827099753,100.92751120516186,161187400
2011-04-13,100.72830963134766,101.27998287946907,100.34519573933869,101.20336711609217,162059000
2011-04-14,100.80496215820312,100.95820543255277,99.8165331006924,100.14600555595851,161220400
2011-04-15,101.1727066040039,101.42556316360498,100.68999107359056,100.98881942735409,170006700
2011-04-18,100.03872680664062,101.1650829132065,99.23418506027764,100.06171271153286,210759300
2011-04-19,100.61334991455078,100.64400556762091,99.94673560660003,100.19192237263124,124258800
2011-04-20,101.98490905761719,102.2071099408431,101.7473686553809,101.81633803239482,156133800
2011-04-21,102.50596618652344,102.55193798924883,101.98493683335602,102.51362425640775,135935400
2011-04-25,102.39867401123047,102.56724504822343,102.06153193724454,102.42931797627129,65757100
2011-04-26,103.27983856201172,103.4867233387742,102.60556605787667,102.71283748069645,146600000
2011-04-27,103.9541015625,104.10734475075353,103.0576166349258,103.47904417140235,143031000
2011-04-28,104.29125213623047,104.42916750944626,103.75489508754667,103.7702112234328,124791100
2011-04-29,104.5364990234375,104.64378218656452,104.19169870044503,104.32962584467012,115094100
2011-05-02,104.37554168701172,105.11111375602337,104.16865692748028,105.02683993027019,126278700
2011-05-03,104.00011444091797,104.35258443569947,103.47141529460094,104.17635528416393,138375000
2011-05-04,103.31050872802734,104.00010915845992,102.85076731326573,103.95413735532573,182678500
2011-05-05,102.37569427490234,103.40243669531029,101.92362269017605,102.73582226726616,226900000
2011-05-06,102.82776641845703,103.92347823079967,102.42932469654079,103.394779188426,222787200
2011-05-09,103.22618865966797,103.52501697178364,102.65917599670486,102.8200889455545,114104500
2011-05-10,104.10735321044922,104.29125206632044,103.44073885693956,103.57099616212496,114806900
2011-05-11,103.01166534423828,103.96945007602909,102.53660785861665,103.95412224664216,193564200
2011-05-12,103.50202941894531,103.71657221950213,102.20710285663085,102.73580179075505,171550700
2011-05-13,102.70516204833984,103.70126045763405,102.33737600351236,103.55567531505237,157444900
2011-05-16,102.05389404296875,103.14193623846693,101.88532297265259,102.33739461954153,141675400
2011-05-17,102.03858947753906,102.17651660820566,101.23404767516887,101.6708032819487,192686200
2011-05-18,102.95038604736328,103.05765749083774,101.87000185055663,102.09221449956759,135217900
2011-05-19,103.1955795288086,103.4637640005576,102.62857830193877,103.28753483748005,119489500
2011-05-20,102.37569427490234,103.19555192078663,102.18413732967512,102.92737921249338,182594900
2011-05-23,101.18803405761719,101.69374717494512,100.82790608240252,101.12673443505857,168700000
2011-05-24,101.10376739501953,101.70142421180115,100.9122104231867,101.47922326882735,147199600
2011-05-25,101.44090270996094,101.86233035797638,100.66701680484815,100.69766077392704,151050100
2011-05-26,101.90833282470703,102.0922317696478,100.9735336484216,101.16509066500939,164850000
2011-05-27,102.29907989501953,102.5749223990706,101.87766391502474,102.19180845965019,120921900
2011-05-31,103.3641357421875,103.37946357337823,102.55193606472163,103.26453406872156,164731200
2011-06-01,101.0424575805664,103.37945473980623,100.95817205378371,103.06529853164267,233094300
2011-06-02,100.93519592285156,101.32597962652981,100.34520886998502,101.11143675426749,200466800
2011-06-03,99.93145751953125,100.69768554378011,99.67094279729746,99.72457267930476,234690200
2011-06-06,98.87403869628906,99.88546509155233,98.74378136205837,99.67858029402859,179951200
2011-06-07,98.81272888183594,99.66324209259206,98.72844336755536,99.37972989453549,161660500
2011-06-08,98.39895629882812,98.98895488032723,98.21505744841497,98.65947090146695,198696400
2011-06-09,99.14983367919922,99.55593331827264,98.42958965127733,98.66711830525945,160964400
2011-06-10,97.77067565917969,98.78975428985441,97.51016098774765,98.72846634857237,238629400
2011-06-13,97.84730529785156,98.26107493153319,97.34926181507196,97.99289047667618,207599800
2011-06-14,99.08860778808594,99.43340804005634,98.70549379884967,98.74379584440443,160570400
2011-06-15,97.32630157470703,99.07330674860992,97.0657867975824,98.26110674244829,300958000
2011-06-16,97.54080963134766,98.05418089830572,96.78990375086723,97.35691073458428,308032800
2011-06-17,97.83187866210938,98.5172018435812,97.50076700000662,98.50949993288025,233284900
2011-06-20,98.33238983154297,98.54030029364402,97.46996384012073,97.50076560764815,159479000
2011-06-21,99.67992401123047,99.8724306283822,98.37088136453302,98.84059798037009,193157300
2011-06-22,99.07929992675781,99.95712959218605,99.01769640203132,99.37191373179087,176703000
2011-06-23,98.79441833496094,99.05622456753267,97.16966168626467,97.91658845246987,334286500
2011-06-24,97.6470947265625,98.84833463122241,97.50079363230144,98.77133900252767,226129300
2011-06-27,98.51719665527344,98.89450213720191,97.51615981098281,97.70866644451283,168904700
2011-06-28,99.8031234741211,99.81852729222948,98.77129090460032,98.90989001856406,165556300
2011-06-29,100.65785217285156,100.81955113739738,99.81852621489733,100.25743515404928,244295500
2011-06-30,101.6203842163086,101.78208317932892,100.65015518917556,100.98126089894981,223322700
2011-07-01,103.1219482421875,103.26055912305479,101.4740919898357,101.71279832667555,202385700
2011-07-05,103.03726959228516,103.24518008866227,102.71385979218458,103.01416973154046,165936000
2011-07-06,103.1604232788086,103.29132633848782,102.49820019770443,102.79081394855729,143331600
2011-07-07,104.23080444335938,104.49261067597124,103.86119495322063,104.07680146827438,170464200
2011-07-08,103.49156951904297,104.23080021903434,102.71384688909575,103.0526604703554,194100500
2011-07-11,101.6203842163086,102.55210957378475,101.38167791397453,102.2210038640105,195918600
2011-07-12,101.18148040771484,102.24412076919647,101.1506845166551,101.40479467916906,214675700
2011-07-13,101.52030181884766,102.5829422626137,101.27389942227295,101.7128084644764,204062600
2011-07-14,100.81959533691406,102.24414950449226,100.62708865208866,101.77443272353126,226111800
2011-07-15,101.40480041503906,101.54339955715608,100.69637738387077,101.38170055801956,220012800
2011-07-18,100.57316589355469,101.0890822604395,99.81854318150985,100.93507930385293,196872100
2011-07-19,102.20561981201172,102.32882687887285,101.11218353038254,101.13528338670993,166554900
2011-07-20,102.1440200805664,102.52903336658389,101.96691725890682,102.46744158053336,137145400
2011-07-21,103.56088256835938,103.81499275853953,102.15942850427614,102.72154463727696,245246300
2011-07-22,103.6301498413086,103.7379530626607,102.99872258076779,103.5839501392534,126019400
2011-07-25,103.05264282226562,103.56086310712078,102.53672650267195,102.64452973736807,136653800
2011-07-26,102.66764831542969,103.15276883487253,102.43663798475816,102.98336204235832,131278200
2011-07-27,100.56548309326172,102.12863622019887,100.43456822577774,102.0978285750236,249020100
2011-07-28,100.27284240722656,101.46638572071657,100.11113168747028,100.56545620979944,207939900
2011-07-29,99.5875473022461,100.5269807481242,98.54031059616922,99.2641375216498,307038400
2011-08-01,99.16400146484375,100.84266517090255,98.2014684394825,100.75025401069178,325790900
2011-08-02,96.6306381225586,98.9484198750929,96.6306381225586,98.41709963161348,346653800
2011-08-03,97.15422821044922,97.26203143505587,95.12135901095928,96.76151898145432,370830800
2011-08-04,92.60337829589844,95.96069393467054,92.44936948802544,95.80668512679755,520721800
2011-08-05,92.46479034423828,93.99714154721224,89.98530389153649,93.75843519456807,655619200
2011-08-08,86.44319152832031,92.4956013380833,86.25838090638345,90.02381654933842,702263900
2011-08-09,90.46273040771484,90.58593161268769,84.91083327665397,87.83693679892947,717828700
2011-08-10,86.46626281738281,89.53866642515396,86.20445079356472,88.75324210336974,662607400
2011-08-11,90.34720611572266,91.57154536928795,86.48937189959447,87.21319865317537,487979700
2011-08-12,90.95552062988281,91.79484658731788,90.30869539792353,91.1711270822575,313731600
2011-08-15,92.8805923461914,92.97299176012974,91.63314738450357,91.77945428968673,258810600
2011-08-16,92.08747863769531,92.93451260090929,91.1018455257773,91.99507920522596,294095200
2011-08-17,92.1490707397461,93.3272103562113,91.41754790757788,92.59568752404309,238201100
2011-08-18,88.17575073242188,92.1798868442357,87.3133187949501,89.70810207571363,512956300
2011-08-19,86.73576354980469,89.23064716252257,86.62796033581799,86.98217173532208,428281300
2011-08-22,86.80509948730469,88.73016594925751,86.5586912151682,88.68396035928174,275090600
2011-08-23,89.66188049316406,89.76198181535587,86.68957796677894,87.12849280228993,331136600
2011-08-24,90.92471313476562,91.04791429628078,89.26145339304968,89.46936379818159,246869700
2011-08-25,89.5386962890625,91.94118150818849,89.22298842323552,91.42526507205844,312365400
2011-08-26,90.84001922607422,91.25583420480623,87.66750820769415,89.08435989909606,314495900
2011-08-29,93.45040130615234,93.50430291738942,90.90931191963836,92.06435148172017,190977200
2011-08-30,93.69681549072266,94.2743353086204,91.8333529549331,93.04229420540563,241315700
2011-08-31,94.11263275146484,95.10596756736659,93.40420983425656,94.29743745272884,301828400
2011-09-01,93.12702941894531,95.02129436425368,93.00382232908588,94.16656427157537,254585900
2011-09-02,90.74764251708984,93.07312636660852,90.42423272339646,91.18655748705581,255517200
2011-09-06,90.08541107177734,90.21632005979069,88.07564115832797,88.08334306934917,285130500
2011-09-07,92.6264877319336,92.66498553175852,91.14033636249823,91.44834813527721,209803200
2011-09-08,91.66394805908203,93.12699946903564,91.45603763051818,92.07206113202564,250568200
2011-09-09,89.26148986816406,91.67937313362664,88.76867327105305,90.61673844763799,380195100
2011-09-12,89.83897399902344,89.90827942632815,87.8215086959921,88.14491835718775,305793500
2011-09-13,90.66295623779297,91.00176991889983,89.49251805508321,90.13164172632081,272514700
2011-09-14,91.9180908203125,93.01922925459127,89.87751885645973,91.12495837127844,319389500
2011-09-15,93.50430297851562,93.53510473850481,91.94115037678331,92.90368334581404,326777200
2011-09-16,94.0577392578125,94.40604747372284,93.12892915917945,93.87972017643595,284528300
2011-09-19,93.1211929321289,93.6010815245528,91.8905191830917,92.5174657416404,241517000
2011-09-20,93.0128173828125,94.42151590849164,92.88897880413533,93.51592526453291,218932200
2011-09-21,90.27283477783203,93.34565714518249,90.12577681095142,93.05927706399379,316251300
2011-09-22,87.35479736328125,88.39971002064279,86.1473432619061,87.65666088862504,513911300
2011-09-23,87.88115692138672,88.36104557934617,86.70465760033511,86.77432161926019,307242500
2011-09-26,89.97097778320312,90.09482229622303,87.44770783535225,88.70934280927769,260673700
2011-09-27,90.97716522216797,92.54066332420176,90.4353545056469,91.74343371391728,311753900
2011-09-28,89.11955261230469,91.71248614407624,88.98797226801402,91.16293949565896,286696800
2011-09-29,89.82391357421875,91.04684557667973,88.18300932192707,90.5979240112039,298108900
2011-09-30,87.57925415039062,89.35947404366053,87.51733191795626,88.5854638539182,288392300
2011-10-03,85.08695983886719,88.19847891438262,84.99407646898969,87.06842448774346,365136800
2011-10-04,86.95234680175781,87.13811359503025,83.15195787751608,83.86404620269731,459177500
2011-10-05,88.56226348876953,88.7944689575896,86.36407691292257,87.1690483915403,284108000
2011-10-06,90.16448211669922,90.29606839058751,87.85793411763618,88.51584186615155,257800800
2011-10-07,89.56073760986328,90.75271426707339,89.05762969727266,90.6907920213203,312657900
2011-10-10,92.5561752319336,92.59487221305245,91.07781237077899,91.08555412909531,230666300
2011-10-11,92.64901733398438,92.91218386917022,91.91371001594842,92.00659336458386,209088000
2011-10-12,93.46174621582031,94.53762008907471,93.13666329841182,93.3456434866801,281544900
2011-10-13,93.2759780883789,93.55462225440418,92.20010429937058,92.91219232133312,212538800
2011-10-14,94.8704605102539,94.89367987889,93.83328934296782,94.35961668456659,211397600
2011-10-17,93.05928039550781,94.854984430192,92.82707489493775,94.42153455614329,202311600
2011-10-18,94.8781967163086,95.59028487055859,92.26203777208248,92.98960944133789,318857900
2011-10-19,93.755859375,95.26518290432384,93.4307764875381,94.72337218665776,226601300
2011-10-20,94.1661148071289,94.50667539183436,92.7419324989468,93.98808980414447,262075600
2011-10-21,95.95404052734375,96.07014323244677,94.98652782686675,95.27290780686145,278999400
2011-10-24,97.13056182861328,97.3705090641832,96.02372673879523,96.10886835379898,203215600
2011-10-25,95.24197387695312,96.71258878607442,95.03298778002817,96.66615005574896,268596800
2011-10-26,96.20948791503906,96.57326781554575,94.59180322882729,96.24818488901794,289053800
2011-10-27,99.56095886230469,100.17242186530949,97.99745458929011,98.78694257782391,393220200
2011-10-28,99.5377197265625,99.73122228294348,98.91850918405159,99.07330886706463,225906500
2011-10-31,97.13829803466797,99.55320652518644,96.99897593673573,98.42315803840201,228146700
2011-11-01,94.42925262451172,95.59800978177121,94.05772509785191,94.45247198769738,416565800
2011-11-02,95.96954345703125,96.28689054104024,95.04073338156721,95.84570486941026,244717600
2011-11-03,97.71880340576172,97.91230598676323,95.6676748660997,96.96027068993455,291174800
2011-11-04,97.12283325195312,97.29311058948544,95.98503695278983,96.92933064067314,249401600
2011-11-07,97.7265396118164,97.82715882233938,96.13207441936956,97.05314854229542,196617200
2011-11-08,98.98045349121094,99.08882038622552,97.30085224433522,98.2374041733106,224426300
2011-11-09,95.32710266113281,97.3704891937671,95.09489723028507,96.66613705069717,337982000
2011-11-10,96.22496032714844,96.70484883936714,95.2187445743521,96.58874611323988,231866500
2011-11-11,98.03616333007812,98.29158228252216,97.36277213399806,97.39373325964632,189924400
2011-11-14,97.10735321044922,98.64763239788167,96.68938684650261,97.67238345390422,159258300
2011-11-15,97.58723449707031,98.10582005763436,96.53457986071983,96.88288218522266,184709400
2011-11-16,96.03921508789062,97.78847439911306,95.89989297498317,96.60423939201519,235782500
2011-11-17,94.514404296875,96.10112787623137,93.83327731485912,95.8611806522104,331219600
2011-11-18,94.41378021240234,95.00976555280303,94.01903330083667,94.81626297530241,215580400
2011-11-21,92.61805725097656,93.15212023815675,91.83630534713116,93.03601753477713,229611600
2011-11-22,92.2542953491211,92.95864169570224,91.73570392752889,92.41683681371674,216494900
2011-11-23,90.21865844726562,92.25430976166982,90.21865844726562,91.38741590983108,224329100
2011-11-25,90.0483627319336,91.10101729727248,89.94000175361022,90.0793238550589,99557000
2011-11-28,92.6567611694336,93.02054691155277,91.96789255763612,92.52518085150132,210686000
2011-11-29,92.91995239257812,93.65525992243883,92.57938592136813,92.91995239257812,199241500
2011-11-30,96.74354553222656,96.9215704991389,92.88123579712708,95.58253008476247,324439500
2011-12-01,96.72805786132812,97.2466432899885,96.31009163509714,96.63517450931147,176954800
2011-12-02,96.6429443359375,97.91232098938936,96.58102208327374,97.61819914708306,221109700
2011-12-05,97.6955795288086,98.43862869690905,97.09185244880383,98.17546212818168,225263900
2011-12-06,97.7265396118164,98.38444716880782,97.33953447179441,97.68783673572229,178842100
2011-12-07,98.09033966064453,98.5005642239197,96.72807971609083,97.40146497836113,237802500
2011-12-08,95.9385986328125,97.66464463747688,95.70639902711335,97.44792264339844,240862800
2011-12-09,97.56400299072266,97.811686056387,96.28688478439112,96.37202639182856,209111400
2011-12-12,96.13980102539062,96.72805039898878,95.32709390255323,96.71256688889919,215826100
2011-12-13,95.24197387695312,97.19247731861486,94.77756295277777,96.64293069058623,245159800
2011-12-14,94.22801208496094,95.2264860786433,94.01903190266925,94.86270029351525,238618800
2011-12-15,94.56856536865234,95.35805316513867,94.42150154269515,95.22647284992914,199109200
2011-12-16,94.70875549316406,95.76808577654036,94.48287421955428,95.20726910535306,220481400
2011-12-19,93.69620513916016,95.27741039819755,93.49368445325561,95.07488971229301,183903000
2011-12-20,96.53144836425781,96.69502066902176,93.75849815318674,95.16833988187693,225418100
2011-12-21,96.71839904785156,96.86639560272783,95.61233517109764,96.53146009721141,194230900
2011-12-22,97.57520294189453,97.67646623848431,96.76513222526668,97.07669514273198,119465400
2011-12-23,98.44757080078125,98.47872827354406,97.68423351747349,97.8867481764113,92187200
2011-12-27,98.52549743652344,98.78254222353216,98.19056191054668,98.27624350621625,86075700
2011-12-28,97.23250579833984,98.55666634229969,97.15461505034511,98.54109056977401,119107100
2011-12-29,98.23729705810547,98.3385544203212,97.25585714805858,97.55184432100761,123507200
2011-12-30,97.75434112548828,98.40084536554964,97.75434112548828,98.15937641816097,95599000
2012-01-03,99.31221771240234,99.99767054777372,99.25769359528717,99.51473840855144,193697900
2012-01-04,99.46800231933594,99.55368392643896,98.6968737980919,99.07854262984334,127186500
2012-01-05,99.73282623291016,99.88082280793536,98.4787715732292,98.93054621290823,173895000
2012-01-06,99.47578430175781,99.87303481354851,99.14863961801615,99.85745309945641,148050000
2012-01-09,99.71724700927734,99.8418650580204,99.24210578518569,99.7016652961727,99530200
2012-01-10,100.58187103271484,100.98690058381753,100.44165935320436,100.78438580826618,115282000
2012-01-11,100.63634490966797,100.76875972985442,100.10668562892212,100.27025198341508,111540700
2012-01-12,100.87782287597656,101.0258194279274,100.12227028944314,100.92456801240627,118983700
2012-01-13,100.35594940185547,100.51952766753341,99.48356367921059,100.2001679350066,179836200
2012-01-17,100.74542999267578,101.50877954432757,100.40270356301441,101.32183461395776,132209200
2012-01-18,101.85929107666016,101.91380925309767,100.54291541729408,100.72206354754098,163395200
2012-01-19,102.3967056274414,102.48238720010042,101.88261619148736,102.20976077290493,126328900
2012-01-20,102.77838897705078,102.77838897705078,101.9761031291323,102.22536298517429,138230200
2012-01-23,102.51355743408203,103.01206525175726,102.02283452975531,102.43566075914119,129295800
2012-01-24,102.3967056274414,102.42785716051662,101.72683475538781,101.88261619148736,103083300
2012-01-25,103.25353240966797,103.49499547207509,101.84369048887983,102.24093502199821,198613200
2012-01-26,102.72384643554688,103.90779481470331,102.3188052082769,103.71306505539138,184880500
2012-01-27,102.67713928222656,102.85628737840867,102.1552529355566,102.22536469959682,135259100
2012-01-30,102.32662200927734,102.38115206385201,101.30623965414577,101.65675095306933,147311800
2012-01-31,102.28767395019531,102.95753304505044,101.78915425760123,102.83291500726556,157212000
2012-02-01,103.18345642089844,103.7053310055621,102.91862667083635,103.04324474503979,166234500
2012-02-02,103.34699249267578,103.61183405032754,102.98091140766783,103.38594082927429,113090400
2012-02-03,104.79580688476562,104.85812186065391,104.19604752690289,104.37519565422771,160598500
2012-02-06,104.7256851196289,104.77241837044225,104.24275901407249,104.35959214110585,107694500
2012-02-07,104.99052429199219,105.1696842834631,104.09477187609748,104.5075981427653,135528100
2012-02-08,105.3021011352539,105.32546776321756,104.61664835401291,105.04505634228853,139361400
2012-02-09,105.43452453613281,105.61367266016562,104.81138667406717,105.47347288101807,148602900
2012-02-10,104.65557861328125,104.74126019613225,104.25053732295257,104.49979715865118,167907500
2012-02-13,105.43452453613281,105.55915448561917,104.95159833858085,105.4033729914443,115841900
2012-02-14,105.3021011352539,105.36441610494538,104.5699150980856,105.15410456790731,165329500
2012-02-15,104.8113784790039,105.80060931198526,104.60106694136043,105.64482782999073,195195100
2012-02-16,105.97196960449219,106.06543611405517,104.63222750238656,104.81917240687741,186567800
2012-02-17,106.25235748291016,106.42372063606076,105.90184626432475,106.33803905948547,129869400
2012-02-21,106.29914093017578,106.75091564863082,105.97199617930168,106.5016557134689,134042300
2012-02-22,105.95638275146484,106.36142408219852,105.76943785604215,106.13553084789223,124455300
2012-02-23,106.42372131347656,106.50160609290116,105.54353891990606,105.90184693841867,137704300
2012-02-24,106.65740203857422,106.86771355380365,106.42373578316814,106.65740203857422,105539100
2012-02-27,106.83653259277344,107.12472881864952,105.7772022803308,105.94856541067892,145728900
2012-02-28,107.14810943603516,107.27273934445428,106.65738659998628,106.86769808477327,129355900
2012-02-29,106.72750854492188,107.63884255222018,106.35361878395587,107.30390112702523,185934700
2012-03-01,107.2805404663086,107.48306706943104,106.65740271542204,106.95339582130006,145023500
2012-03-02,106.95341491699219,107.35067139535846,106.71195181818626,107.21045973082738,120638300
2012-03-05,106.5171890258789,106.86770025071972,106.15109609082933,106.78981547040091,140765000
2012-03-06,104.9593734741211,105.4890328820394,104.65559542890558,105.42672979846728,202129900
2012-03-07,105.6915512084961,105.86291438828465,105.0995649927305,105.20082829497758,143692200
2012-03-08,106.74308013916016,106.96118844601835,106.11995429795469,106.33805071944931,116968900
2012-03-09,107.1559066772461,107.4363061443065,106.81318037035588,106.94559519158851,122836800
2012-03-12,107.16368103027344,107.30388074998919,106.78200642877867,107.14031441032081,104003500
2012-03-13,109.0954360961914,109.14996615258653,107.56096411254934,107.74012411039159,184090500
2012-03-14,108.97859191894531,109.39920307203025,108.64365047089403,109.12658847375651,145163600
2012-03-15,109.60950469970703,109.65623794745862,108.86173707959209,109.1421484514648,165118500
2012-03-16,109.76126861572266,109.90208275688843,109.52656644299799,109.80820666277792,152893500
2012-03-19,110.1915512084961,110.52794849567694,109.61262078846737,109.69085882325031,125291100
2012-03-20,109.87084197998047,110.00383714967842,109.2449732292315,109.5657326053902,121729700
2012-03-21,109.69084930419922,110.03506559000778,109.46396618548663,109.93337047855285,122388400
2012-03-22,108.90071868896484,109.17453993216895,108.54085230141445,108.88506869115157,135216700
2012-03-23,109.2528076171875,109.37798377242198,108.39224840922462,108.99464821101728,120521000
2012-03-26,110.78614044189453,110.78614044189453,109.99598866731931,110.0350957545896,120164000
2012-03-27,110.44193267822266,110.9582752507488,110.37152558309252,110.88786815561866,119868500
2012-03-28,109.894287109375,110.55927475067004,109.24494946624421,110.38716058321604,148562100
2012-03-29,109.70651245117188,109.90992659549937,108.8146536403238,109.24493901780528,164963700
2012-03-30,110.16029357910156,110.34805777231199,109.5657248734476,110.24635067547476,135486800
2012-04-02,110.9660873413086,111.25555861004719,109.80823807870966,110.02729031927022,151741100
2012-04-03,110.5123291015625,110.9973835641194,109.8629914328995,110.8096193911182,155806700
2012-04-04,109.41708374023438,109.79260020302502,109.01026727536353,109.69872407169063,146896000
2012-04-05,109.3622817993164,109.68304106813314,108.94764642741164,109.04153446794919,137439400
2012-04-09,108.13404846191406,109.40142387041448,107.83675815623538,107.98540330907471,127555900
2012-04-10,106.31903839111328,108.22793261402164,106.20951226049327,107.92282325461926,235360300
2012-04-11,107.1795883178711,107.60204275657276,106.98400512751002,107.40645956621168,154133000
2012-04-12,108.57994079589844,108.66599786295846,107.20303966038662,107.28127769860433,154321500
2012-04-13,107.2891616821289,108.60348750772009,107.1874545583604,108.32966614563064,169246700
2012-04-16,107.21868133544922,107.99318294144024,106.8509840717665,107.83671881459492,147825300
2012-04-17,108.80683135986328,109.02588355686376,107.72720843361135,107.83673453211159,147877600
2012-04-18,108.43916320800781,108.8068606241781,108.25922998438809,108.32181804857161,123884200
2012-04-19,107.74288940429688,108.86161973649276,107.23437778738109,108.45481521794127,198666700
2012-04-20,107.92281341552734,108.61127013806109,107.86022535552866,108.22010371615816,143199600
2012-04-23,107.01530456542969,107.10919262425341,106.35032880995927,106.81972135427041,171844900
2012-04-24,107.42213439941406,107.69595570420599,107.02314889631612,107.109205997469,137484200
2012-04-25,108.89289855957031,108.93983661508562,108.37655607400082,108.47043218503144,150252200
2012-04-26,109.65177154541016,109.77694766231681,108.59561745736896,108.65820551582229,136291600
2012-04-27,109.8316879272461,110.14461623412315,109.370114496495,109.9803330511201,130725000
2012-04-30,109.42485046386719,109.69085260457994,109.12757221093132,109.61261457423252,115092200
2012-05-01,110.10549926757812,110.82524385876262,109.23710956585958,109.36227371490789,138832200
2012-05-02,109.77692413330078,109.88645022775596,109.10411757094778,109.4639839081081,121081000
2012-05-03,108.93983459472656,109.87863149997382,108.73643237878225,109.79257442064156,143759700
2012-05-04,107.1795883178711,108.97895605668313,107.11700026446147,108.36873745775262,193927300
2012-05-07,107.2578125,107.61767883875946,106.7571200749158,106.7962271579708,127765900
2012-05-08,106.82754516601562,106.99965933530154,105.55233889470213,106.61631196962819,213377700
2012-05-09,106.19383239746094,106.87445794573287,105.21591663847336,105.69314000635723,220752500
2012-05-10,106.4129409790039,107.06227881966129,106.17041965221293,106.92927170098118,150600000
2012-05-11,106.0921401977539,107.07787512339357,105.70097383937232,105.74791189238613,153032400
2012-05-14,104.91864776611328,106.09214691556465,104.76218360034323,105.07511193188334,163910000
2012-05-15,104.31623840332031,105.46626841684645,104.15195522278773,104.84823084195088,207629300
2012-05-16,103.91726684570312,105.26288021137994,103.893797816792,104.78565672776838,207265500
2012-05-17,102.37606811523438,104.06590978579733,102.32129909063285,103.94073367595173,247992900
2012-05-18,101.49988555908203,102.95502538563656,101.35124038225031,102.77508020449608,319615900
2012-05-21,103.24441528320312,103.28353429353395,101.66410037791627,101.82839544632735,177861100
2012-05-22,103.42438507080078,104.23018683200779,102.75157844190996,103.51044214905833,197531200
2012-05-23,103.47915649414062,103.62780162707678,101.69543877380762,102.68117374427045,204958400
2012-05-24,103.6825942993164,103.92511562578966,102.81420416866582,103.76083237638402,167357600
2012-05-25,103.34615325927734,103.9329027775455,103.09580106817383,103.64343156440087,135465600
2012-05-29,104.59790802001953,104.7778412474185,102.6186067062723,104.17545349972352,152883500
2012-05-30,103.08014678955078,104.59005502797427,102.86892556671278,103.70601530385923,162370400
2012-05-31,102.85334014892578,103.62002329316536,101.96929986975404,103.04110440234336,196186000
2012-06-01,100.2637710571289,102.87675965407698,100.2637710571289,101.24168702342241,253240900
2012-06-04,100.21684265136719,100.71753519682686,99.46579786445173,100.44371392491608,202545800
2012-06-05,100.97570037841797,101.12433358318337,99.96648437992172,100.02124743725537,164149400
2012-06-06,103.24441528320312,103.29135332062174,101.64845038629475,101.67975036953779,184202800
2012-06-07,103.30706024169922,104.46490957338312,103.09582701946518,104.41797151009834,184772700
2012-06-08,104.12850189208984,104.15197092141766,102.71246947708777,103.04105976257976,143915400
2012-06-11,102.80640411376953,105.02822743816074,102.70469698229763,104.96563935244394,169756100
2012-06-12,103.98768615722656,104.05809325223701,102.61078457028344,103.10364617280914,181931800
2012-06-13,103.32267761230469,104.33188146657521,102.97061837394524,103.68254394214274,172223900
2012-06-14,104.41796112060547,104.83259655496857,103.25228093605655,103.53392122519482,230615500
2012-06-15,105.48587036132812,105.58023288878621,104.6680337916485,104.8882210219201,169444500
2012-06-18,105.69035339355469,105.94986240939254,104.809604248389,105.04552262636042,131360900
2012-06-19,106.71263122558594,107.1451461419832,105.66673588204495,106.22507550126761,137382600
2012-06-20,106.53961944580078,107.02718714281956,105.58809868094966,106.72049694598194,206451800
2012-06-21,104.14904022216797,106.775568510634,104.06253721868882,106.66547486977935,205272200
2012-06-22,104.95112609863281,105.14772268341278,104.29055245430163,104.69161716680686,130029200
2012-06-25,103.26827239990234,103.88165285923442,102.89866981552215,103.84233113762498,146375700
2012-06-26,103.78731536865234,104.10187725448857,102.96160691738213,103.56712804822148,141634000
2012-06-27,104.72307586669922,104.927532011767,103.77941458278791,104.13328606434162,108088000
2012-06-28,104.42424011230469,104.58152698472298,103.23680102108995,104.03104692986625,169242100
2012-06-29,107.02716827392578,107.16085249007587,106.04418550873287,106.31941348340608,212250900
2012-07-02,107.34959411621094,107.45968772297996,106.57107932523827,107.32600348613923,129524500
2012-07-03,108.0573959350586,108.13602740300519,107.21595643280203,107.32605008737399,80450000
2012-07-05,107.5698013305664,108.36405935500355,107.17660809052597,107.65630432334751,126177500
2012-07-06,106.54753112792969,106.76771842915775,106.04424415379296,106.53180003518254,151192100
2012-07-09,106.413818359375,106.61041496852316,105.92625060916036,106.4609996256818,103780500
2012-07-10,105.48587036132812,107.12941504417829,105.12412734056531,106.95640907763574,167884800
2012-07-11,105.5015869140625,105.84759879947758,104.8882065714821,105.54090862818738,141733400
2012-07-12,104.9904556274414,105.55665485839161,104.27485304328135,104.88823354359313,143583200
2012-07-13,106.7519302368164,106.86202382854346,105.2499296645176,105.26566074885048,129642600
2012-07-16,106.50028991699219,106.81485163382001,106.08350614158509,106.508161459477,97525200
2012-07-17,107.23163604736328,107.45182325080181,105.80827876824189,106.92494587119515,138860300
2012-07-18,108.02589416503906,108.23822184937866,106.91709847860787,106.97999883019352,113349700
2012-07-19,108.3089828491211,108.66285428788694,107.90007060842858,108.24607050456005,129847300
2012-07-20,107.31818389892578,107.86079259120379,107.20023070465129,107.69564611991183,142904500
2012-07-23,106.23294830322266,107.24739359731112,105.24996518841904,105.74539251805786,145210900
2012-07-24,105.32073974609375,106.35877570114327,104.6129966853279,106.311594430333,173301200
2012-07-25,105.34432220458984,105.81614682163158,104.78598260855797,105.5409187948498,129122300
2012-07-26,107.08226013183594,107.3103189617204,106.36664545769884,106.86207284737945,156526500
2012-07-27,109.0560531616211,109.3627553571804,107.05863711408595,107.64842687606291,236768900
2012-07-30,109.0560531616211,109.57507103199364,108.73364387787763,108.93024046520328,106782000
2012-07-31,108.29330444335938,109.20550378390944,108.29330444335938,108.90668503412031,120575900
2012-08-01,108.19889831542969,109.09537830178938,108.04948298448576,109.07178767051442,138293800
2012-08-02,107.45182800292969,108.18317353186109,106.61826041028982,107.38105611283079,199556600
2012-08-03,109.58292388916016,109.81097061187829,107.48326213516566,108.9616720595359,157825000
2012-08-06,109.7952880859375,110.22780309544748,109.74810681204673,109.87393154195993,86326200
2012-08-07,110.34573364257812,110.81755823268955,110.11767489128344,110.23562803898558,109545100
2012-08-08,110.4793930053711,110.60520566816288,109.94464419113022,109.97610635630333,89754700
2012-08-09,110.57379150390625,110.79397873460769,110.21204848243725,110.32214209778797,90291700
2012-08-10,110.7546157836914,110.79393748867187,109.94463905815236,110.12550450190291,99792700
2012-08-13,110.69962310791016,110.75466391936466,110.12555236415466,110.56593885231507,79426900
2012-08-14,110.71531677246094,111.17929378745417,110.38503598166545,111.10850990426061,102379400
2012-08-15,110.84117126464844,111.02990833842094,110.52662147433296,110.59739337725813,71085900
2012-08-16,111.65901184082031,111.7926960919988,110.72321008326645,110.99843813005587,112014200
2012-08-17,111.80842590332031,111.90280044208261,111.55678846500062,111.84774762786246,90813700
2012-08-20,111.8162612915039,111.83985191873994,111.34442474817979,111.65111490154995,78255700
2012-08-21,111.47814178466797,112.52403723078434,111.23436389860049,112.09152227196851,105581100
2012-08-22,111.52532958984375,111.7061951094697,110.9355397656114,111.19503672888551,133243500
2012-08-23,110.61317443847656,111.25800539973135,110.44016837585218,111.25014585117961,111466400
2012-08-24,111.28157806396484,111.53322756868847,110.26714449640616,110.33791641986888,99481200
2012-08-27,111.30510711669922,111.72976242111876,111.14783226292622,111.58034711027864,68785900
2012-08-28,111.19503784179688,111.54104979536505,110.85689743218559,111.02203186501279,75689600
2012-08-29,111.28157806396484,111.58040885099695,110.97488772965093,111.28944961055547,65421300
2012-08-30,110.4793930053711,110.83326436811716,110.24347476377366,110.80180220294405,96589900
2012-08-31,111.0063247680664,111.52534275448978,110.37721314809617,111.10854685680596,151970400
2012-09-04,110.90409851074219,111.24225098006623,110.19635538786964,110.9119580567983,120226200
2012-09-05,110.8096694946289,111.25004379576347,110.58948234406161,110.9512132345794,100660300
2012-09-06,113.05874633789062,113.06660588007298,111.47024286807914,111.4781024102615,158272500
2012-09-07,113.4991683959961,113.54634966752516,113.14529686022206,113.24751894876633,107272100
2012-09-10,112.85430145263672,113.58564700220639,112.81499173434125,113.38905041351502,86458500
2012-09-11,113.16886901855469,113.53060004075391,112.89362898049968,112.92509115591952,88760000
2012-09-12,113.54634094238281,113.67216565632906,113.16100725566187,113.54634094238281,87640900
2012-09-13,115.27637481689453,115.63024628266943,113.23177745947089,113.53059611981445,225470200
2012-09-14,115.7874984741211,116.47165056965004,115.41002449100847,115.50439898643668,169777000
2012-09-17,115.39432525634766,115.74819667699607,115.10335417773712,115.55160011004672,119427800
2012-09-18,115.29997253417969,115.44938787318621,115.00901339988562,115.19775045957348,98326600
2012-09-19,115.3629150390625,115.73251771131994,115.13486819839459,115.43368695520347,128318300
2012-09-20,115.37076568603516,115.4336660450058,114.52146684826664,114.83601664034146,154009800
2012-09-21,115.32252502441406,115.95499486087242,115.27509189776747,115.93127829754911,108737500
2012-09-24,115.14862823486328,115.40952256890594,114.66637120466847,114.75333598268269,95682000
2012-09-25,113.92318725585938,115.61503694960061,113.89155713259835,115.39367434020325,133165200
2012-09-26,113.28278350830078,113.93106822138049,113.01398782581394,113.89945016717539,146502200
2012-09-27,114.35008239746094,114.61097659499725,113.4567185146871,113.75714432942999,111830300
2012-09-28,113.82042694091797,114.28686880035329,113.41723327547788,113.91529320023105,150696100
2012-10-01,114.12085723876953,115.18023738640338,113.85204938810422,114.25525513242218,135911200
2012-10-02,114.23945617675781,114.7533312580906,113.70976602824753,114.57150020731522,113422200
2012-10-03,114.70584106445312,114.97463675596141,113.94688710450554,114.54772666141035,121283100
2012-10-04,115.52809143066406,115.69410738366001,114.98258631552984,115.14070076807438,124311600
2012-10-05,115.53595733642578,116.34235647833222,115.1880984099816,116.1447104577031,124842100
2012-10-08,115.14068603515625,115.52016308537877,114.87979179332893,115.10906797403685,78415400
2012-10-09,114.00228881835938,115.14863399434837,113.96275717849159,115.05376770935592,148872900
2012-10-10,113.27491760253906,114.09713203048184,113.12470465531726,113.98643864759498,124247500
2012-10-11,113.33815002441406,114.23151401988879,113.31443346376938,114.06548603201855,123601500
2012-10-12,112.96658325195312,113.80460062868511,112.72150406404377,113.41722206587032,124181900
2012-10-15,113.90737915039062,114.02596196146753,112.87171572245846,113.23537771866638,107689100
2012-10-16,115.0616455078125,115.14070877126002,114.36593945558758,114.4449906556748,108815500
2012-10-17,115.58346557617188,115.67834393082316,114.96681055607476,115.14074013234458,128834100
2012-10-18,115.28302764892578,115.83643433857806,114.89563693448864,115.28302764892577,148108500
2012-10-19,113.36190032958984,115.07746708592202,113.0931045200324,115.0695655844742,185645200
2012-10-22,113.37769317626953,113.58324074387865,112.48432908994637,113.17213354530179,125578600
2012-10-23,111.80441284179688,112.31038623244329,111.33797107266413,112.15227180974576,192056300
2012-10-24,111.4881820678711,112.34201441169675,111.3142525869053,112.20760448820383,120179400
2012-10-25,111.81230163574219,112.484302935045,111.13241090173317,112.27875541522988,134457400
2012-10-26,111.74908447265625,112.1364630204283,110.99011831255793,111.70955284893151,146023500
2012-10-31,111.74908447265625,112.2866759525676,111.21938242878885,112.14437658318796,103438500
2012-11-01,112.91915893554688,113.06145832155275,111.8834954150843,111.98626317274656,100995600
2012-11-02,111.91510009765625,113.62276490569084,111.79651729016405,113.59113478145437,137702200
2012-11-05,112.14434814453125,112.39732875817216,111.41700022984597,111.74905613424154,98378500
2012-11-06,113.02194213867188,113.46466743730633,112.36575569128165,112.48433851650172,107068100
2012-11-07,110.46043395996094,112.00997235671315,109.93864545226829,111.99416935710438,264304500
2012-11-08,109.13220977783203,111.00590205620377,109.04524505551643,110.4445821097386,181517300
2012-11-09,109.22712707519531,110.2390739890379,108.74487018161729,108.80020480829869,201055300
2012-11-12,109.31409454345703,109.74100475759747,109.0690153405839,109.56707524652123,97677500
2012-11-13,108.93461608886719,110.08887458811843,108.59467059688951,108.73696999445404,123018300
2012-11-14,107.46412658691406,109.44058749284592,107.21904736471612,109.26667003141515,191505000
2012-11-15,107.28230285644531,107.9068713006717,106.87119558231562,107.50366552789342,178128400
2012-11-16,107.81193542480469,108.02539648097004,106.4916616021419,107.44035998247602,239483900
2012-11-19,109.99403381347656,110.00983681907248,107.8436428428537,109.02160611799076,151495800
2012-11-20,110.04141235351562,110.22324333454695,109.16386344386768,109.82004975138435,119807400
2012-11-21,110.24700164794922,110.34187998719342,109.91495761899857,110.13632030496566,81710800
2012-11-23,111.74908447265625,111.78860403302313,110.71340900984258,110.78457075789026,65409200
2012-11-26,111.51191711425781,111.75699631533266,110.83201413868294,111.19567615854916,100124400
2012-11-27,110.94266510009766,111.7806822925407,110.87151542829152,111.4012053128856,128646200
2012-11-28,111.8360824584961,111.89931859922076,109.89123938877259,110.49207923254856,177086500
2012-11-29,112.35782623291016,112.66615359822514,111.7648880639692,112.25505848671044,151085900
2012-11-30,112.38153076171875,112.59499185742207,111.99415225337034,112.37362926312109,136568300
2012-12-03,111.82813262939453,112.99029236796498,111.74116788489751,112.89542612428006,124656300
2012-12-04,111.66999816894531,112.1601564245282,111.36957236669497,111.82021107007048,127512200
2012-12-05,111.86771392822266,112.38950262691121,110.9743495256222,111.7649340763517,147300500
2012-12-06,112.2471923828125,112.29462552624558,111.59891931695543,111.76493531897118,103220600
2012-12-07,112.58710479736328,112.80846742005254,112.00206811547986,112.68197104612777,108726400
2012-12-10,112.63455200195312,112.90334778262623,112.38155922247749,112.42900441614894,98840700
2012-12-11,113.40138244628906,113.9310723326645,113.04562202270625,113.10095663540078,152570400
2012-12-12,113.45674896240234,114.2789633928707,113.2986345144997,113.84413961361908,145880100
2012-12-13,112.76104736328125,113.7097461509431,112.47643652064673,113.3856036789561,135715000
2012-12-14,112.34203338623047,112.72151047090533,112.16810387588804,112.51596289657292,137701700
2012-12-17,113.66227722167969,113.72552539605093,112.60288538015598,112.6345154990195,143238200
2012-12-18,114.92726135253906,115.03004119463822,113.67813643354371,113.84416448129143,177762800
2012-12-19,114.07341003417969,115.09327059651717,114.03389046754751,115.05373896652522,150895400
2012-12-20,114.72957611083984,114.74539117269948,113.82831059856247,114.14455151896712,168487000
2012-12-21,113.68817138671875,114.72322269773981,113.0114159460292,113.19453657716669,245883800
2012-12-24,113.3378677368164,113.50506115262982,113.21047417787008,113.44136437315666,53874600
2012-12-26,112.860107421875,113.62445635205329,112.54163578783394,113.56871713419335,106947700
2012-12-27,112.7088623046875,113.12288526988563,111.40310878267894,112.891982940693,167920600
2012-12-28,111.49070739746094,112.59741322181931,111.36331382729549,111.97638475341213,148806700
2012-12-31,113.3856430053711,113.5050668798351,111.10056496630092,111.19611621479119,243935200
2013-01-02,116.29170227050781,116.36335657357743,115.23276635690014,115.53532294619245,192059000
2013-01-03,116.02896881103516,116.53853081884196,115.71845465235472,116.23598634943318,144761800
2013-01-04,116.53850555419922,116.7295958215436,115.98117412725388,116.22003392420586,116817700
2013-01-07,116.22006225585938,116.33152856842123,115.7901120867515,116.12452317335402,110002500
2013-01-08,115.88565826416016,116.1722876480926,115.43182334421864,116.01305180122266,121265100
2013-01-09,116.18022918701172,116.49871298580375,115.95729660231466,116.14041719354839,90745600
2013-01-10,117.10387420654297,117.1118317497623,116.22010095235777,116.82520225789357,130735400
2013-01-11,117.09587097167969,117.15955559042614,116.72961759484838,117.0719740535045,113917300
2013-01-14,117.01625061035156,117.09587460963273,116.58630045249984,116.95255384070995,89567200
2013-01-15,117.09587097167969,117.2073372778603,116.40317621642077,116.47483052419771,93172600
2013-01-16,117.0799331665039,117.26305376391984,116.72960705046287,116.85700057428055,104849500
2013-01-17,117.83633422851562,118.17073317859132,117.1595666385822,117.59747436448515,133833500
2013-01-18,118.09907531738281,118.22646886089557,117.38249574681127,117.8124459189376,169906000
2013-01-22,118.73602294921875,118.73602294921874,117.82039558395674,118.0990674231487,111797300
2013-01-23,118.92708587646484,119.03059462901231,118.52103270317915,118.73600774734903,104596100
2013-01-24,118.958984375,119.54020081444621,118.64050046036438,118.75196679325707,146426400
2013-01-25,119.62776947021484,119.62776947021484,118.92711708250265,119.33318251125303,147211600
2013-01-28,119.4844741821289,119.69147961574909,119.03859669992372,119.65962514970343,113357700
2013-01-29,119.9542007446289,120.10547905635343,119.16596687513011,119.24559087569568,105694400
2013-01-30,119.4844741821289,120.17715695713262,119.37299569988824,119.93829705746678,137447700
2013-01-31,119.18984985351562,119.73126632160452,119.11023800306378,119.34112816296572,108975800
2013-02-01,120.41598510742188,120.55929372008454,119.73921759496115,119.94622297400144,131173000
2013-02-04,119.06246948242188,120.4398895005559,118.97488793299671,119.6835100185664,159073600
2013-02-05,120.26477813720703,120.60713479201449,119.65966457217333,119.70744628698375,113912400
2013-02-06,120.35231018066406,120.43192204139581,119.75516655504424,119.84274810609188,138762800
2013-02-07,120.19308471679688,120.5035989430473,119.31726913049098,120.39213260923738,162490000
2013-02-08,120.86185455322266,120.93350886206184,120.40006209250951,120.40006209250951,103133700
2013-02-11,120.8380355834961,120.94153225853758,120.53547880509103,120.81415080087707,73775000
2013-02-12,121.03704833984375,121.25998101207361,120.71060687375024,120.84595798553839,65392700
2013-02-13,121.14054107666016,121.50679454003316,120.79818453710892,121.28386187499535,82322600
2013-02-14,121.25199127197266,121.39531205123355,120.63893259916911,120.77428368857707,80834300
2013-02-15,121.10862731933594,121.49079564126181,120.66276225227043,121.36340215098255,215226500
2013-02-19,122.01628875732422,122.04017351893631,121.14844335498498,121.3156366862697,95105400
2013-02-20,120.49563598632812,121.96859533227659,120.43193919931696,121.92878332177962,160574800
2013-02-21,119.7630844116211,120.55927564862077,119.38091601955722,120.19303448299284,183257000
2013-02-22,120.9334716796875,120.9334716796875,119.81880894407249,120.34428586291234,106356600
2013-02-25,118.63252258300781,121.70582197614846,118.63252258300781,121.52270134969696,245824800
2013-02-26,119.44463348388672,119.58794209991254,118.41753980670329,119.20577364159408,186596200
2013-02-27,120.949462890625,121.28386188821815,119.23764374592498,119.34115253646063,150781900
2013-02-28,120.71054077148438,121.71373724715856,120.55130497122205,120.94143085952783,126866000
2013-03-01,121.10862731933594,121.29174786854243,119.75510489462653,120.29650900494553,170634800
2013-03-04,121.75355529785156,121.75355529785156,120.63889249159159,120.82997060185706,99010200
2013-03-05,122.8443603515625,123.17080172692908,122.32684082391587,122.34276805291124,121431900
2013-03-06,123.01155853271484,123.34595742813781,122.74085640055081,123.28226066487886,94469900
2013-03-07,123.23448181152344,123.39371763317283,123.0274764582707,123.1707850530808,86101400
2013-03-08,123.76002502441406,123.92721845806817,123.13899654443071,123.7759522582115,123477800
2013-03-11,124.22969055175781,124.23764808877736,123.51312345483133,123.66440170058306,83746800
2013-03-12,123.95105743408203,124.28546847566405,123.57685869500742,124.14214772228385,105755800
2013-03-13,124.12622833251953,124.30139140387001,123.59278157846708,124.01476202792523,92550900
2013-03-14,124.78704833984375,124.84278755754025,124.13417784729971,124.45264948040693,126329900
2013-03-15,124.62230682373047,124.79024380144725,124.2064425406604,124.63830488925777,138601100
2013-03-18,123.93455505371094,124.4703744013328,123.31875756939012,123.43071963899841,126704300
2013-03-19,123.64666748046875,124.36642199578957,122.83093674760703,124.19848497025899,167567300
2013-03-20,124.51036834716797,124.71829442659985,124.16647698943159,124.37441527181433,113759300
2013-03-21,123.44673919677734,124.47039606938206,123.23881308929442,123.76662739335913,128605000
2013-03-22,124.43839263916016,124.43839263916017,123.74261700600312,123.83859321230615,111163600
2013-03-25,123.91852569580078,124.97417825950807,123.43869360561798,124.76624003777629,151322300
2013-03-26,124.91022491455078,124.9422088462227,124.29442745405491,124.43038051882286,86856600
2013-03-27,124.91022491455078,124.95021398135309,123.95854125822532,124.16646732146748,99950600
2013-03-28,125.29412078857422,125.43807902027493,124.55836816808335,124.83027435768707,102932800
2013-04-01,124.79830169677734,125.48607236983828,124.49439933802024,125.23015202499994,99194100
2013-04-02,125.41404724121094,125.7259424050486,125.05415788044171,125.24609805932205,101504300
2013-04-03,124.14244842529297,125.58196908604482,123.81456743827358,125.48600510964374,154167400
2013-04-04,124.64634704589844,124.89426224620988,124.03054941086612,124.30245561746877,131885000
2013-04-05,124.08649444580078,124.23844556937505,122.9748667874328,123.1188127763247,159666000
2013-04-08,124.92620086669922,124.93419379746477,123.75858621869915,124.17445047451464,86571200
2013-04-09,125.35809326171875,125.81394673099643,124.74229570255397,125.1581600986219,101922200
2013-04-10,126.89353942871094,127.05348346936297,125.66195689244738,125.69394081939855,135711100
2013-04-11,127.30950164794922,127.72536623596676,126.78966786218793,126.91762807434063,110142500
2013-04-12,126.99757385253906,127.1895019188376,126.29380506823274,126.90159761643541,116359900
2013-04-15,124.0545425415039,126.46174597287312,124.03855667233826,126.35777680852856,217259000
2013-04-16,125.88590240478516,125.94988247251943,124.68630359140535,124.99019365945546,147507800
2013-04-17,124.04652404785156,125.01420586294512,123.38274452563799,124.99020265823523,226834800
2013-04-18,123.27082824707031,124.28649244301874,122.79898876658177,124.25449629348579,167583200
2013-04-19,124.34239959716797,124.39838672684341,123.25476296228494,123.55866520235413,149687600
2013-04-22,124.89420318603516,125.19010025900474,123.75858468110185,124.58230804878549,106553500
2013-04-23,126.18180084228516,126.30175584368064,124.8942309478557,125.5180213610128,166141300
2013-04-24,126.26185607910156,126.597742491065,125.98993757164357,126.22186698656735,96781200
2013-04-25,126.77363586425781,127.37343541217336,126.43774958177947,126.6296776272225,131060600
2013-04-26,126.54966735839844,126.83757152869232,126.14179599876196,126.62164035023471,95918800
2013-04-29,127.39739227294922,127.6772913318531,126.69362375373991,126.89355688279258,88572800
2013-04-30,127.70130157470703,127.7332977138289,126.84559399894695,127.37342046789333,116010700
2013-05-01,126.58161163330078,127.48531292419702,126.4376656947217,127.42133288384689,138874200
2013-05-02,127.75724792480469,127.86920997007941,126.78157344329023,126.90152841931754,96407600
2013-05-03,129.05288696289062,129.46075852901032,127.78131465159325,128.8689518229875,144202300
2013-05-06,129.38067626953125,129.56461126145012,129.09277218511923,129.1487592973679,66882100
2013-05-07,130.0364990234375,130.07647588289362,129.29274151214594,129.66062380214098,90359200
2013-05-08,130.6282958984375,130.6682849616632,129.82057051425272,129.89254350628974,97419200
2013-05-09,130.26046752929688,130.91624200505302,129.93257418994244,130.57236279764672,106738600
2013-05-10,130.68431091308594,130.79627299223924,129.96454423028493,130.34842467562603,103203000
2013-05-13,130.7882537841797,131.00418498608238,130.21245758402264,130.51634765019855,81843200
2013-05-14,132.13987731933594,132.235853575274,130.8922958187532,130.8922958187532,119000900
2013-05-15,132.85157775878906,133.11549098541767,131.88390813076876,131.92389720200666,120718500
2013-05-16,132.22779846191406,133.04352921283066,132.02786529179397,132.5796827937978,109913600
2013-05-17,133.50729370117188,133.5872595983751,132.53961238233785,132.71555444030767,129801000
2013-05-20,133.4993438720703,134.01917733248615,133.2434358108862,133.37938887510117,85071200
2013-05-21,133.69125366210938,134.1950889406821,133.15543445926957,133.61928068029815,95804200
2013-05-22,132.69961547851562,135.21078738737438,132.09182313671778,133.82724129689802,244031800
2013-05-23,132.31578063964844,132.6836630728156,131.10818858392852,131.28413076462326,211064400
2013-05-24,132.2037811279297,132.25976826182998,131.14013541037303,131.53200873882543,151573900
2013-05-28,132.99557495117188,134.1791761483894,132.6037014629176,133.5873694483032,143679800
2013-05-29,132.1317901611328,132.59563642470727,131.4280217332339,132.29173420303306,160363400
2013-05-30,132.6196746826172,133.22746713961686,132.13183724905412,132.23580640466753,107793800
2013-05-31,130.71630859375,133.00354462520377,130.4604004728982,132.25179392771892,176850100
2013-06-03,131.4360809326172,131.5240520222909,130.08453064715457,131.02021649025488,168390700
2013-06-04,130.80422973632812,132.03582446922547,130.14045037822464,131.50799815512661,157631500
2013-06-05,128.97291564941406,130.6923363359142,128.86095354242738,130.42842304024103,211737800
2013-06-06,130.14053344726562,130.14853858628314,128.1571992408956,128.91694306725515,200225500
2013-06-07,131.79591369628906,131.9158686857912,130.46835486536975,131.0361702892277,188337800
2013-06-10,131.79591369628906,132.27574585724668,131.45202238813448,132.2037728635454,105667100
2013-06-11,130.4364013671875,131.58800614392953,130.14849712226402,130.59634545815567,159505400
2013-06-12,129.35678100585938,131.46807511962973,129.2368259664792,131.33212200734746,177361500
2013-06-13,131.32411193847656,131.55602905200467,128.99688685450147,129.28479111440512,163587800
2013-06-14,130.5003662109375,131.69197223644187,130.28444718447258,131.18014383545744,141197500
2013-06-17,131.50808715820312,132.13187787778557,130.53241199107032,131.3881198949257,136295600
2013-06-18,132.54763793945312,132.7475710176877,131.57196354143267,131.57995647150125,114695600
2013-06-19,130.71630859375,132.6676583524249,130.6603336497632,132.43574123656066,206149500
2013-06-20,127.47740173339844,130.73232004327141,127.1415154262465,129.44474976437866,321255900
2013-06-21,127.88660430908203,128.44132935930378,126.6002565500393,128.34485757100808,271956800
2013-06-24,126.27072143554688,127.37214938982852,125.20144667858516,126.55211404910065,222329000
2013-06-25,127.484619140625,128.71468348227236,126.56005287716697,127.4122530336002,162262200
2013-06-26,128.74685668945312,129.036284360027,128.03132887435703,128.52978286964196,134848000
2013-06-27,129.5026092529297,130.09754742735782,129.39808993738177,129.51869197859673,129483700
2013-06-28,128.97195434570312,129.7598359419742,128.52173629069108,129.1407922500936,160402900
2013-07-01,129.72772216796875,130.62815855147394,129.50261307209243,129.64732080478763,131954800
2013-07-02,129.60708618164062,130.4834042972611,129.036266148632,129.5347200735682,154863700
2013-07-03,129.663330078125,130.05727690650494,128.8111300882798,129.02015633960377,75216400
2013-07-05,131.0623016357422,131.11053754492963,129.67948165725124,130.62011868898196,122416900
2013-07-08,131.8099822998047,132.16372865596924,131.11053708399535,131.7376284362779,108092500
2013-07-09,132.75869750976562,132.91948799949765,132.06728736314264,132.63809544182058,119298000
2013-07-10,132.80691528320312,133.25713349994624,132.35669706646001,132.63004208840744,121410100
2013-07-11,134.61581420898438,134.7524866981921,132.7988466368158,134.35050445904318,135592200
2013-07-12,134.6720428466797,135.00970634890982,134.36654478324508,134.5755710653341,104212700
2013-07-15,135.1865234375,135.37947918774955,134.80865942712512,135.04181582544942,69450600
2013-07-16,134.68008422851562,135.35541120233037,134.3183027973663,135.27500987651055,88702100
2013-07-17,135.0258026123047,135.4519027126825,134.84892948374917,135.1946405141156,92873900
2013-07-18,135.76544189453125,136.08703496196676,135.22678730753807,135.3152238676427,103620100
2013-07-19,136.00662231445312,136.05485820367562,135.31521261138346,135.4840504911824,103831700
2013-07-22,136.2719268798828,136.46488269708178,135.87798002008816,136.19957304875308,79428600
2013-07-23,135.9825439453125,136.5372813678588,135.91019009042134,136.51316341622842,80829700
2013-07-24,135.48410034179688,136.56140982255673,135.21074308975548,136.50512641940787,112914000
2013-07-25,135.8136444091797,135.93424638014838,135.01772783136974,135.24283678948953,111088600
2013-07-26,135.95835876464844,135.99855941999513,134.68005889024008,135.24283126254085,107814600
2013-07-29,135.5404052734375,135.9182696622915,135.15450565392644,135.61275915193437,79695000
2013-07-30,135.5404052734375,136.095142876969,135.21882430176623,135.95043511997525,85209600
2013-07-31,135.6367950439453,136.55331367005275,135.45992195228257,135.82170336067668,142388700
2013-08-01,137.20455932617188,137.32514907202412,136.59353856712735,136.66590468216114,110438400
2013-08-02,137.43765258789062,137.4537353038768,136.71408984624463,136.8989981437732,91116700
2013-08-05,137.23670959472656,137.44574817313784,136.9553294378592,137.13220257304312,54072700
2013-08-06,136.4568634033203,137.26887523442383,136.15136529735628,136.97140008799482,87495000
2013-08-07,136.01463317871094,136.21562419281886,135.50814416507114,136.02268067048675,84854700
2013-08-08,136.5131378173828,136.8186359032555,135.8136805486922,136.65784550002965,102181300
2013-08-09,136.11923217773438,136.75437102422453,135.64489605075195,136.3363060350497,91757700
2013-08-12,135.95835876464844,136.11914911851758,135.3714684526432,135.4357870476944,68593300
2013-08-13,136.36038208007812,136.59352632366887,135.39562739716797,136.19959167751333,80806000
2013-08-14,135.66094970703125,136.5131499607037,135.628784263012,136.29607614990255,79829200
2013-08-15,133.76353454589844,134.60768693377986,133.53037811556544,134.5916164863561,152931800
2013-08-16,133.32139587402344,133.9645697411533,133.05608619380033,133.50630422053487,130868200
2013-08-19,132.4691925048828,133.6269029841683,132.46114501119388,133.16863747465078,96437600
2013-08-20,133.12039184570312,133.61884571712315,132.5415366483999,132.68624431396572,89294400
2013-08-21,132.3003387451172,133.48216702866168,132.00287593480988,132.75055670693996,159530500
2013-08-22,133.50631713867188,133.6992729977377,132.56568032733045,132.57371555447065,101471400
2013-08-23,133.95651245117188,134.12535033261096,133.2731502346809,133.9002413357057,90888900
2013-08-26,133.4580841064453,134.50324023066295,133.36964753591482,134.0932105547841,89702100
2013-08-27,131.31146240234375,133.45804515043216,131.21499063266037,132.13954447217682,158619400
2013-08-28,131.77774047851562,132.24404106458204,131.08633095676433,131.25515652476955,108113000
2013-08-29,131.98683166503906,132.68627675465564,131.36777565344016,131.48837767175118,119200500
2013-08-30,131.5687255859375,132.2762179492692,131.1828262366289,132.26013523168828,134928900
2013-09-03,132.16366577148438,133.12038507020816,131.60892854667685,132.83899271145904,142375100
2013-09-04,133.25701904296875,133.48212795799,131.95460142498644,132.19578078571217,97389400
2013-09-05,133.42593383789062,133.77966786020008,133.2410131979637,133.33749726543255,63090500
2013-09-06,133.49021911621094,134.24594747652745,132.2360368448435,133.86808329636918,159756500
2013-09-09,134.76858520507812,134.84897430180743,133.81990063047596,133.81990063047596,87559300
2013-09-10,135.76544189453125,135.78955984114876,135.27502320077312,135.58053354795655,105847200
2013-09-11,136.19155883789062,136.19155883789062,135.34740606671312,135.5805503353905,94545900
2013-09-12,135.8297882080078,136.32020700177785,135.64487982372447,136.14333384549857,83209000
2013-09-13,136.13525390625,136.23977317359396,135.66091799179915,135.97446352631135,72727800
2013-09-16,136.92311096191406,137.67080388332826,136.7060372405335,137.60648528930744,106299200
2013-09-17,137.53411865234375,137.56627181259856,137.04370015272278,137.04370015272278,82523300
2013-09-18,139.12599182128906,139.50385593474985,137.1401994862994,137.4858981655191,203460600
2013-09-19,138.89283752441406,139.56817671129764,138.75616509555593,139.50385810933162,146616900
2013-09-20,137.92178344726562,139.2224755392473,137.80868032306356,139.2224755392473,132867100
2013-09-23,137.2835693359375,137.86524615441974,136.84731788573472,137.73599422711533,104616500
2013-09-24,136.9604034423828,137.76828643907112,136.701887293647,137.2593162064163,106333100
2013-09-25,136.56455993652344,137.32397205701855,136.44338239700542,137.04929474923216,117306500
2013-09-26,137.0896759033203,137.477456313342,136.57263124751907,136.79076312135746,77146900
2013-09-27,136.45953369140625,136.64534334773532,136.10406316464287,136.4029759588223,99141800
2013-09-30,135.73243713378906,136.16061419672548,135.0376571647628,135.30426007085268,143937000
2013-10-01,136.80690002441406,136.93616425896653,135.7001042934337,135.83744291990226,127160000
2013-10-02,136.6775665283203,136.806830697368,135.5869324611683,136.00703484691846,113350000
2013-10-03,135.41738891601562,136.48380074278336,134.78724095558755,136.36261085665777,176698000
2013-10-04,136.44332885742188,136.58066745742417,135.34460773008988,135.52234293651958,96878000
2013-10-07,135.2638702392578,136.08791450605065,135.11845718899247,135.2557958455715,96295000
2013-10-08,133.68850708007812,135.41737661682518,133.5915650418386,135.2396413285066,178015000
2013-10-09,133.78543090820312,134.2701533160788,132.92099017348445,133.94700504416167,168973000
2013-10-10,136.66957092285156,136.742277437111,135.10227586979204,135.15074687929834,195955000
2013-10-11,137.5502166748047,137.59870003143925,136.34647835579872,136.4595815333024,105040000
2013-10-14,138.0995635986328,138.21266675961556,136.5969002728218,136.70192903920582,112106000
2013-10-15,137.09776306152344,138.269191120598,136.91195339548716,137.75214641665318,155485000
2013-10-16,139.01242065429688,139.0851271589036,137.85714166273556,137.92177377593546,161676000
2013-10-17,139.94151306152344,140.02230630331272,138.42268887257413,138.44692437964733,129389000
2013-10-18,140.88671875,140.98366076723573,140.17577775076063,140.45854173745352,138316000
2013-10-21,140.8948211669922,141.17758520992822,140.57974722098982,140.93521779131433,104104000
2013-10-22,141.7107696533203,142.130859966303,140.9190353836558,141.30682812577123,126663000
2013-10-23,141.03213500976562,141.29065114816459,140.53932590839827,141.22601903173592,105484000
2013-10-24,141.500732421875,141.6784677056204,140.9836876857026,141.3149227442571,70350000
2013-10-25,142.14703369140625,142.18743031320886,141.51688583870362,141.79156314325232,93625000
2013-10-28,142.3732452392578,142.56714163468104,141.94506815243543,142.09856792456395,84979000
2013-10-29,143.1326446533203,143.18920238636818,142.49442244035436,142.69639321155236,87401000
2013-10-30,142.42166137695312,143.40727943442522,141.91270356697675,143.30226304710746,140002000
2013-10-31,142.01773071289062,142.90640684098705,141.8076855950291,142.30856905232991,133795000
2013-11-01,142.35707092285156,142.68021919662127,141.55726230339434,142.2035711782502,142805000
2013-11-04,142.8579864501953,142.9145318634806,142.17128080544487,142.74488329630552,85677000
2013-11-05,142.40557861328125,142.79335910715614,141.84006282485547,142.30054984995945,85825000
2013-11-06,143.1326446533203,143.3992475505798,142.62367436515973,143.01954151454214,87348000
2013-11-07,141.32298278808594,143.51235138246577,141.18564414228612,143.39924824314136,157000000
2013-11-08,143.2295684814453,143.2457295927368,141.25834435994352,141.274493143919,136713000
2013-11-11,143.25387573242188,143.42352432574518,142.92264061379106,143.09228920711436,62614000
2013-11-12,142.9629669189453,143.28611515595537,142.48630662748013,142.94680580890028,83990000
2013-11-13,144.11019897460938,144.1505832698994,142.26013967407818,142.26013967407818,103844000
2013-11-14,144.82919311523438,144.9503706378668,144.0051489793839,144.23942963224547,103435000
2013-11-15,145.4593505859375,145.5158959911639,144.87767378388574,145.06348344008305,102818000
2013-11-18,144.95037841796875,145.82289360970378,144.62723012205976,145.70171608056725,104796000
2013-11-19,144.63523864746094,145.31385715621477,144.38479698308598,144.87760592267637,93891000
2013-11-20,144.1829071044922,145.36240960295723,143.78703992223,144.92615812495532,124909000
2013-11-21,145.34622192382812,145.45932504173624,144.4979423758597,144.58680999188147,92841000
2013-11-22,146.07334899902344,146.08951011351994,145.23315595498178,145.40280451158054,81296000
2013-11-25,145.9279022216797,146.36415359370548,145.71784476373176,146.33184369949882,79486000
2013-11-26,145.9683380126953,146.4046018659729,145.75021841337647,146.0006602456225,86994000
2013-11-27,146.32382202148438,146.42077640183186,145.94411587736954,146.12185119279866,58800000
2013-11-29,146.2268524169922,146.8327647888858,146.06527824995098,146.48538094611314,55870900
2013-12-02,145.8470916748047,146.5741813176058,145.62088546027482,146.2995041038644,99726000
2013-12-03,145.21701049804688,145.7340552718178,144.74843674567327,145.3705102840182,116563000
2013-12-04,145.20079040527344,145.80670258127464,144.08592038400533,144.6918325600065,123033000
2013-12-05,144.56259155273438,145.20890044305685,144.42525291672982,144.94229756352445,106934000
2013-12-06,146.17835998535156,146.31569862358324,145.540125477156,145.96022811177562,127728000
2013-12-09,146.5499725341797,146.76810439771128,146.35608850198838,146.60653026177974,70124000
2013-12-10,146.02488708496094,146.51769632561567,145.93601944066845,146.21069676763818,80976000
2013-12-11,144.3848876953125,146.10568287041752,144.20715240364348,146.0814473604008,130591000
2013-12-12,143.908203125,144.49795426495075,143.60927803161428,144.32021901828347,115565000
2013-12-13,143.8920440673828,144.33638219039403,143.6173668012728,144.2071179496423,107808000
2013-12-16,144.788818359375,145.2654664567843,144.53028983563664,144.57068645838558,96195000
2013-12-17,144.32830810546875,144.94230713913146,144.0051598026171,144.91807163278347,89886000
2013-12-18,146.79238891601562,146.81662442813183,143.2538685465249,144.5464743928974,234906000
2013-12-19,146.62274169921875,146.792390285615,145.99259372367715,146.37228752614706,136531200
2013-12-20,147.47557067871094,147.82485282455733,146.67143223002162,146.76890055247065,197087000
2013-12-23,148.2634735107422,148.35282360490805,147.8898366764068,148.1984904973268,85598000
2013-12-24,148.58839416503906,148.65337718631838,148.2634914528864,148.2716096827048,45368800
2013-12-26,149.34376525878906,149.42499710910073,148.90514549213057,148.92138194680075,63365000
2013-12-27,149.335693359375,149.6037312812276,149.1813602324487,149.53876065391088,61814000
2013-12-30,149.3113555908203,149.47380697949532,149.11640648786243,149.3519591423042,56857000
2013-12-31,150.0180206298828,150.0180206298828,149.4006880228587,149.51441762457034,86119900
2014-01-02,148.5802764892578,149.51439348010695,148.22287606801078,149.44127983449258,119636900
2014-01-03,148.555908203125,149.13262476805943,148.34472268057192,148.83207674667378,81390600
2014-01-06,148.12538146972656,149.10010183124203,147.89794713184767,149.04324944389322,108028200
2014-01-07,149.03518676757812,149.2869882997251,148.60468497502092,148.71840219580494,86144200
2014-01-08,149.0676727294922,149.31947424178284,148.55593907919405,149.01080792646061,96582300
2014-01-09,149.1651153564453,149.56313172627782,148.48281220322767,149.54688287189327,90683400
2014-01-10,149.57122802734375,149.63621104111016,148.65335999997663,149.41689491892882,102026400
2014-01-13,147.58116149902344,149.60370344394303,147.29686238187614,149.18945070209918,149892000
2014-01-14,149.18943786621094,149.27066971961884,147.79233426843194,148.06850273923365,105016100
2014-01-15,149.99363708496094,150.22107147493819,149.2219838050921,149.53876830500644,98525800
2014-01-16,149.7986602783203,149.9936093168865,149.31942450203445,149.68494310438396,72290600
2014-01-17,149.1651153564453,149.82305142520838,148.90519565751475,149.5387646418232,107848700
2014-01-21,149.60369873046875,150.08294686092412,148.68584318695952,150.02608208158955,88621200
2014-01-22,149.701171875,149.92048796468725,149.3843874762254,149.85550496054879,61270900
2014-01-23,148.4746856689453,148.97017039024533,147.68679592613515,148.94580330511948,132496900
2014-01-24,145.30679321289062,147.5567816940276,145.2580590585522,147.50804753968913,208677100
2014-01-27,144.59202575683594,145.81856009570387,143.86910671496904,145.4449108362672,180843100
2014-01-28,145.45306396484375,145.63988242634528,144.6813982438137,144.69764709958417,110463200
2014-01-29,144.0559539794922,145.03067458395955,143.67418644698702,144.24277243340592,216597300
2014-01-30,145.58299255371094,146.0541101359483,144.79509050686053,145.25808985973364,118938100
2014-01-31,144.73013305664062,145.63175244508372,143.70667823499392,143.77977949491608,194677900
2014-02-03,141.47291564941406,144.8844435832325,141.19674711443565,144.55954088258068,254837100
2014-02-04,142.46385192871094,142.8293704806571,141.42414865487967,142.10645160441132,165012400
2014-02-05,142.2852020263672,142.60198653585132,141.09929587055274,141.96841751688305,164230500
2014-02-06,144.16152954101562,144.16152954101562,142.3258056695776,142.6182230680074,132877600
2014-02-07,145.94851684570312,146.1028499693155,144.36459446118292,144.83571206169935,170787200
2014-02-10,146.21653747558594,146.2652840264978,145.56673219432315,145.96473606996042,92218800
2014-02-11,147.8167266845703,148.19037592236114,146.24092265455982,146.33840337420773,117814100
2014-02-12,147.88983154296875,148.50715155762336,147.59741418987088,148.03603402239665,94717700
2014-02-13,148.65335083007812,148.8076839289728,146.88261029258356,146.89072852096263,100542200
2014-02-14,149.47372436523438,149.74989281276797,148.37715640782085,148.51524063158766,96498400
2014-02-18,149.6524658203125,149.85553309853438,149.17321762408417,149.6037192623751,80460900
2014-02-19,148.66151428222656,150.2291879082643,148.53966646418178,149.26258556530053,126524300
2014-02-20,149.5387420654297,149.87989359053367,148.3203384496687,148.86455724406616,104998100
2014-02-21,149.36819458007812,150.18046384472464,149.29509332087883,149.82306338520092,118116400
2014-02-24,150.19671630859375,151.20392228863457,149.61999966337225,149.6849826934145,114063900
2014-02-25,150.13983154296875,150.74903342507324,149.64434684975402,150.31853175325892,117085000
2014-02-26,150.14797973632812,150.7571816897172,149.72559624492297,150.359165284908,98677200
2014-02-27,150.9358673095703,150.97647085380257,149.75806706497198,149.92864904887574,93880800
2014-02-28,151.31761169433594,152.01616364615327,150.31040589932724,150.91147712686637,150842000
2014-03-03,150.2534942626953,150.63526162862385,149.25440700861654,149.9854440444323,167748500
2014-03-04,152.36546325683594,152.69036599029812,151.69127831036937,151.72376362601767,167545900
2014-03-05,152.5035400390625,152.76347212844618,152.25985680382635,152.49542180911084,88376900
2014-03-06,152.85279846191406,153.20208063174144,152.5278957686152,152.8771779384426,82516500
2014-03-07,152.9178009033203,153.48639928018264,152.24361595455784,153.48639928018264,114513500
2014-03-10,152.83656311035156,152.89341550468123,151.95931095899797,152.68222999193148,74939200
2014-03-11,152.08119201660156,153.28335961866674,151.73192213365832,153.06404341644244,99009100
2014-03-12,152.1217498779297,152.17861466185667,151.00081459929956,151.34197851437665,104824400
2014-03-13,150.41595458984375,152.698440695545,149.99358366986738,152.5765929194347,155014300
2014-03-14,149.99363708496094,150.9196234996525,149.8149368650867,150.14797021978364,153919600
2014-03-17,151.35008239746094,151.70748273614768,150.68401587640997,150.7489988829204,98359500
2014-03-18,152.43043518066406,152.63350247284944,151.49631820006488,151.65878194920833,101804600
2014-03-19,151.6181640625,152.65786759358178,150.65156178104652,152.44666968010833,176267300
2014-03-20,152.5035400390625,152.61725722960682,151.01708593779057,151.2851362571259,117241000
2014-03-21,151.9119873046875,154.2127011814709,151.77329364139052,153.14393460922662,163128000
2014-03-24,151.28378295898438,152.62179530824648,150.62294329069047,152.43413994768844,121411000
2014-03-25,152.0017852783203,152.51577737845676,151.15330243659872,152.05073453567684,103852000
2014-03-26,150.90853881835938,152.84210911506207,150.86774362223335,152.59735038725194,119843000
2014-03-27,150.59036254882812,151.21040722963974,150.03557524583118,150.72905626234072,142383000
2014-03-28,151.33279418945312,152.09153259062748,150.93302116528645,151.02276562177502,101642000
2014-03-31,152.5728759765625,152.80948064506268,151.35726129332014,152.29548856082428,99745000
2014-04-01,153.5845184326172,153.67426287228858,152.5647009131443,153.07052641914066,89193000
2014-04-02,154.09852600097656,154.30248952545946,153.49478948688682,153.7803434007411,78774000
2014-04-03,153.8946075439453,154.37595861493983,153.4214105346976,154.3351634083074,77435000
2014-04-04,152.07521057128906,154.76753179132442,151.8304642822421,154.73490310243366,169381000
2014-04-07,150.39453125,151.9609695181776,150.08451517904317,151.70805675676095,140803000
2014-04-08,151.0146484375,151.2593947886448,149.78270037497253,150.32932130744544,112660000
2014-04-09,152.6381378173828,152.68708707066517,150.98195502028753,151.42252319771956,100254000
2014-04-10,149.4318389892578,152.70340942774038,149.2441835842156,152.6299855469563,172959000
2014-04-11,148.08566284179688,149.64394705144724,147.92249452300953,148.59965487247453,167251000
2014-04-14,149.25238037109375,149.60319172752764,148.02859898064392,149.244213861164,132382000
2014-04-15,150.28030395507812,150.38636895848958,148.08565470843334,149.5623609020567,157093000
2014-04-16,151.8549346923828,151.86308875214235,150.64746160487945,151.31646797354588,105197000
2014-04-17,152.06710815429688,152.49135594763317,151.38994747709015,151.65102687266656,105255000
2014-04-21,152.59732055664062,152.64628225178816,151.92017271889466,152.10781564565764,68329000
2014-04-22,153.29080200195312,153.70688304524137,152.67075746606295,152.75233539373755,85790000
2014-04-23,152.93186950683594,153.31532198228447,152.8094963546491,153.2337440304757,73869000
2014-04-24,153.2418670654297,153.69874333969057,152.50759095412914,153.68242277305416,88170000
2014-04-25,151.9854736328125,152.83396897329675,151.6428163622525,152.74422451322528,100380000
2014-04-28,152.46676635742188,153.12760596192444,150.90032851183838,152.6054600133966,135121000
2014-04-29,153.17662048339844,153.41321271526368,152.62999968313687,152.9563363716986,84098000
2014-04-30,153.6334991455078,153.78851343204536,152.71157993543522,152.92370999025368,101508000
2014-05-01,153.6497802734375,154.06586131816823,153.16026290991834,153.56003583842377,93019000
2014-05-02,153.4295196533203,154.31064357289176,153.20108150183276,153.63348317778744,98122000
2014-05-05,153.72323608398438,153.8293011062053,152.2546961372365,152.67894377717394,75883000
2014-05-06,152.38522338867188,153.4866313713509,152.35259470315296,153.3805663577602,85454000
2014-05-07,153.28265380859375,153.35607768099322,151.7569983602767,152.8992014319154,106500000
2014-05-08,153.11953735351562,154.23726627042493,152.63003221633468,153.14402443687655,93618000
2014-05-09,153.3479766845703,153.41323407220992,152.42605736006863,153.14401311358841,83679000
2014-05-12,154.8409423828125,154.9143787121676,153.3805690381238,154.03325480041556,86940000
2014-05-13,154.9796600341797,155.35494597230885,154.82464575362556,155.0449174112006,66454000
2014-05-14,154.24537658691406,154.91438293495946,154.02509249073498,154.84094660360256,72367000
2014-05-15,152.8910675048828,153.9680009920074,152.14048315731722,153.93535985357812,154956000
2014-05-16,153.42135620117188,153.48662601887887,152.33626882356472,152.9807880438859,97458000
2014-05-19,153.9843292236328,154.10670237646514,152.98898608410542,153.1276798069645,63839000
2014-05-20,153.0134735107422,153.9272263254976,152.6218669399825,153.91090575410598,111644000
2014-05-21,154.30250549316406,154.37592938182908,153.42953554254575,153.45401017210077,89093000
2014-05-22,154.6778106689453,154.99599334165097,154.08224052751132,154.34330742485903,61549000
2014-05-23,155.29779052734375,155.40384306611458,154.6777336132579,154.81642727852915,61092800
2014-05-27,156.25234985351562,156.30129909801548,155.7873071328806,155.8770515641114,72010000
2014-05-28,156.13816833496094,156.49714614618082,155.87708903627515,156.25238741589942,66723000
2014-05-29,156.94583129882812,156.97030592311572,156.09734860932198,156.49712155425956,64377000
2014-05-30,157.19876098632812,157.296671942972,156.66846080436812,156.79900044726293,76316000
2014-06-02,157.37823486328125,157.45167118599196,156.61949660314022,157.4190300539107,64656000
2014-06-03,157.29664611816406,157.3782240448708,156.84792394997493,156.9947716874131,65047000
2014-06-04,157.6148223876953,157.70456681775897,156.8642382675916,157.02740656345014,55529000
2014-06-05,158.64279174804688,158.8059600417377,157.21504739260223,157.7943091514889,92103000
2014-06-06,159.4015350341797,159.44231776901978,158.9120177266761,158.985441588119,78696000
2014-06-09,159.56471252441406,159.94816486599038,159.23020942662316,159.37706960692236,65119000
2014-06-10,159.58103942871094,159.61366810954985,159.02625226290138,159.36890943195576,57129000
2014-06-11,159.02627563476562,159.18944396082782,158.6672978480616,159.00995506747583,68772000
2014-06-12,157.9004364013672,158.92842079097102,157.54962502640308,158.8386763196397,106350000
2014-06-13,158.3817138671875,158.53672809245904,157.70455366933606,158.21037907900788,82017000
2014-06-16,158.5123291015625,158.8468323578646,157.99834934931295,158.18599235572313,87424000
2014-06-17,158.952880859375,159.0670999534264,158.12070606045913,158.29204092601,84834000
2014-06-18,160.1195068359375,160.20925127685325,158.6020178479631,158.95284155297722,105267000
2014-06-19,160.29896545410156,160.3968763841256,159.74419079604806,160.25817027067006,85929000
2014-06-20,160.62440490722656,160.75557002251222,160.42765723429812,160.69818059385204,100587000
2014-06-23,160.57530212402344,160.71466043859596,160.2801867200463,160.6654766226998,70611000
2014-06-24,159.60797119140625,161.08354818027377,159.42762219784467,160.28837648373406,96237000
2014-06-25,160.32936096191406,160.49331117464442,159.2390739097881,159.2718589488944,82782000
2014-06-26,160.2145538330078,160.37031087351548,159.14066582773444,160.35391210383145,84312000
2014-06-27,160.52609252929688,160.57527633729464,159.76370597953726,159.8374816915339,71445100
2014-06-30,160.44410705566406,160.81299811476987,160.28834999527325,160.42770828388666,70201200
2014-07-01,161.51797485351562,162.00983787610107,160.7801928282337,160.8375697593308,90470000
2014-07-02,161.68194580078125,161.8868866684271,161.46061866991417,161.5343943802032,52475000
2014-07-03,162.4771270751953,162.5509027898921,162.01806150561714,162.14102103011177,52938800
2014-07-07,161.91139221191406,162.2966818382712,161.67366643602557,162.16552925946613,61696000
2014-07-08,160.8703155517578,161.67367988887344,160.4768202568262,161.61629046764048,108143000
2014-07-09,161.59178161621094,161.73934555479048,160.9277751640997,161.27207434265372,72992000
2014-07-10,160.95237731933594,161.37865788075942,159.90308094398543,160.0342461180541,99040000
2014-07-11,161.17373657226562,161.28850298637187,160.49333122127828,160.85402923949817,64243000
2014-07-14,161.98526000976562,162.19839400009997,161.85409485789958,161.99345314103326,58658000
2014-07-15,161.68194580078125,162.39514852603546,160.9687555841249,162.0836344044624,111307000
2014-07-16,162.2803497314453,162.52626871662952,161.83767054092297,162.40330922403743,79986400
2014-07-17,160.43589782714844,162.3951318199467,160.20635257108904,161.78030928025774,145398000
2014-07-18,162.07537841796875,162.23932854678395,160.87032558285787,160.9605000299952,124330000
2014-07-21,161.77207946777344,161.9032445920373,161.02609189569168,161.56713865183414,67592000
2014-07-22,162.4771270751953,162.77224244258107,162.20660361270848,162.321370005103,67678000
2014-07-23,162.83779907226562,163.00995488771875,162.39513234603803,162.72303269816243,65612000
2014-07-24,162.84597778320312,163.18208374495657,162.68202762165856,162.99354168461008,56888000
2014-07-25,162.08367919921875,162.5263460918898,161.7639718576782,162.38698776440816,76837000
2014-07-28,162.14920043945312,162.3869263178847,161.18187313838772,162.11640289916124,69259000
2014-07-29,161.452392578125,162.68203762823805,161.42780067781044,162.452504886238,80466000
2014-07-30,161.4770050048828,162.23939153733514,160.80480546317656,162.02624502938608,104222000
2014-07-31,158.2880859375,160.4932511231282,158.18971834838771,160.3538928690209,183479000
2014-08-01,157.8044891357422,158.83738674335302,157.04211501053885,157.85367294916182,189261000
2014-08-04,158.9439697265625,159.2800758169397,157.43560764936768,158.10780732152176,91340000
2014-08-05,157.40274047851562,158.70617358028105,156.8289086930249,158.29629194655985,152690000
2014-08-06,157.4519500732422,158.12414950482002,156.64037986687063,156.66497176628226,94818000
2014-08-07,156.59934997558594,158.32085755479739,156.20586717495777,158.16510055847152,135733000
2014-08-08,158.41110229492188,158.5176630434372,156.53383688634324,156.9519242743437,117014000
2014-08-11,158.87014770507812,159.5751447218043,158.79637200193852,159.0095059805407,74544000
2014-08-12,158.64881896972656,159.15706830434763,158.16516153783894,158.71440154654823,73632000
2014-08-13,159.7227020263672,159.9030509797662,159.00131872136836,159.2718296428697,69047000
2014-08-14,160.47691345214844,160.47691345214844,159.8374988622914,159.98506281073506,57371000
2014-08-15,160.44410705566406,161.20648107724284,159.28823756301446,161.05892965703967,139951000
2014-08-18,161.78851318359375,161.86228889120554,161.2392731792658,161.32944765810157,75424000
2014-08-19,162.63287353515625,162.75583305162903,161.85410074410035,162.182001127093,59135000
2014-08-20,163.06736755371094,163.26411531325724,162.37876915819797,162.411554197156,72763000
2014-08-21,163.54278564453125,163.7559196089434,163.07551453856374,163.206679674477,67791000
2014-08-22,163.2886505126953,163.69853215462342,162.919759536679,163.41161000183573,76107000
2014-08-25,164.1166534423828,164.43636071335854,163.25589924864857,164.06746963278633,63855000
2014-08-26,164.22320556640625,164.62489414074378,164.18221489415188,164.22320556640625,47298000
2014-08-27,164.1576385498047,164.41996887021614,163.90351386977994,164.30518997358752,47874000
2014-08-28,164.06747436523438,164.17404762816653,163.45265171034686,163.6166019165971,58330000
2014-08-29,164.5347137451172,164.55110000655176,163.80512483619003,164.32156726050255,65907000
2014-09-02,164.45272827148438,164.7724354817768,163.83790575102998,164.74784358164632,72426000
2014-09-03,164.3625946044922,165.1085824498981,164.1330618072287,165.08399054366268,57462000
2014-09-04,164.124755859375,165.2478271674854,163.67388370731183,164.64119804392854,85236000
2014-09-05,164.8625946044922,164.928177168267,163.46899952291324,164.09201511588165,102177000
2014-09-08,164.43637084960938,164.94463276683356,163.9527133472987,164.70689432766434,64146000
2014-09-09,163.39529418945312,164.40359996091593,163.05918809609872,164.28883355203885,88591000
2014-09-10,164.0100860595703,164.11664680652117,162.9443910298751,163.48542542215895,67251000
2014-09-11,164.19863891601562,164.2232308214307,163.23131143815993,163.35428347383422,66774400
2014-09-12,163.23948669433594,164.05104443917145,162.7722155612275,164.0346581776774,117409300
2014-09-15,163.11659240722656,163.39532159719636,162.62474164750827,163.2641563911638,76401000
2014-09-16,164.34617614746094,164.64129149554003,162.72304798732472,162.81322246892105,116201000
2014-09-17,164.56747436523438,165.32984819253943,163.74771110563174,164.58387313283293,151266000
2014-09-18,165.4446563720703,165.46924827352822,164.85442571988656,165.06755970205413,94990000
2014-09-19,165.2955780029297,166.28388987227464,164.95790090605777,165.97093219667354,121649000
2014-09-22,164.01902770996094,165.03205915476718,163.67311913139386,165.00735229680302,125553000
2014-09-23,163.0801239013672,164.10961817201962,163.03071018710688,163.42603246825817,111393000
2014-09-24,164.3566436767578,164.4637150661247,162.6765151252756,163.10477554861424,107276000
2014-09-25,161.70472717285156,163.9366763654569,161.647082026393,163.92843236805624,150300000
2014-09-26,162.98951721191406,163.3930834636835,161.77059959419316,162.0012052903277,103547000
2014-09-29,162.69302368164062,162.9812870876513,161.46587462461167,161.5894089031488,95112000
2014-09-30,162.2647705078125,163.31897162276962,161.9270933750502,162.81657792212064,131302000
2014-10-01,160.0657501220703,162.05884922184575,159.70336618264446,162.00119151917943,177798000
2014-10-02,160.09046936035156,160.65050817037758,158.41857179262334,159.92574023545657,157285000
2014-10-03,161.8529815673828,162.19889014879317,160.66700210707924,161.1611518374929,121569000
2014-10-06,161.66348266601562,162.74240284350276,161.0787371608093,162.52826006661226,104778000
2014-10-07,159.1680145263672,161.19406438405736,159.13507624566202,160.83168046096915,147913000
2014-10-08,161.95181274414062,162.18241847041213,158.42682513733976,159.2586520380284,186461000
2014-10-09,158.73976135253906,161.91883968731474,158.6079830895169,161.69646543934817,210705000
2014-10-10,156.9278564453125,159.48923855155195,156.886686730421,158.69859403302823,221909000
2014-10-13,154.35006713867188,157.4303068937201,154.25947111251912,156.86203643920476,230939000
2014-10-14,154.58883666992188,156.3348672670388,154.0452607509968,155.18182629655522,215847000
2014-10-15,153.5428924560547,154.58063075749524,149.82848153106588,152.49693529139552,380715000
2014-10-16,153.41111755371094,154.49002550908168,150.62736110062792,150.76737080955473,270391000
2014-10-17,155.22303771972656,156.2772389056614,154.52297655023838,155.18185543321502,214625000
2014-10-20,156.73019409179688,156.8537283646901,154.89358002140185,154.94299373055915,130011000
2014-10-21,159.83518981933594,159.9422486921458,157.70206785527077,157.86678444711472,154949000
2014-10-22,158.6986083984375,160.52699129274748,158.63271925475155,160.11519357001225,151822000
2014-10-23,160.54347229003906,161.58944214272964,159.99166478728418,160.2881596838315,154944000
2014-10-24,161.77880859375,161.8282348649843,160.18104436836015,160.8069722329335,117927000
2014-10-27,161.55648803710938,161.7953251903889,160.62582114822393,161.20233545533773,82954000
2014-10-28,163.40951538085938,163.41774680814825,162.02586900538904,162.10000211924722,106736000
2014-10-29,163.16249084472656,163.99431770337648,162.08358284410997,163.52487484400183,142557000
2014-10-30,164.20849609375,164.6779390547159,162.5777677441086,162.72602148819948,113330000
2014-10-31,166.0862274169922,166.2180056780755,165.35322811943288,166.18505482927137,146903000
2014-11-03,166.17681884765625,166.7368575913163,165.79795949918844,166.30035310962057,93600000
2014-11-04,165.60031127929688,166.0368157783875,164.76847199203345,165.7320769749543,93343000
2014-11-05,166.6463165283203,166.85221541082552,165.91331700928458,166.8110331209104,91709000
2014-11-06,167.31336975097656,167.4039657310186,166.06974544955068,166.68744188609193,107089000
2014-11-07,167.46995544433594,167.6840983805439,166.86873407044365,167.3299456760089,89540000
2014-11-10,167.99700927734375,168.0464229974085,167.29696063130928,167.50285950962592,66319000
2014-11-11,168.16165161132812,168.26872300223567,167.72514718741,168.0628242148379,54499400
2014-11-12,167.98048400878906,168.2110896614656,167.44513958380995,167.47809042965832,90120300
2014-11-13,168.16993713378906,168.69703765700748,167.36281720665687,168.14523027856535,85357900
2014-11-14,168.21112060546875,168.41701944516876,167.78284750011372,168.09581775791943,80417500
2014-11-17,168.31817626953125,168.49113682111425,167.72518661705757,167.88991573935286,80441000
2014-11-18,169.29006958007812,169.594795915291,168.37587800736853,168.37587800736853,76068100
2014-11-19,169.01820373535156,169.28999165262312,168.26049767829076,169.09232428540787,82373000
2014-11-20,169.31475830078125,169.42182973338785,168.1617171020619,168.22760624773755,72840300
2014-11-21,170.2207489013672,171.17612290509254,169.64423443948903,171.01140628270917,142327300
2014-11-24,170.69837951660156,170.80545094096468,170.41012866441648,170.62425894607415,65880800
2014-11-25,170.57481384277344,171.13485258423458,170.31950132433875,170.9289537703916,79108300
2014-11-26,171.01133728027344,171.1101647004124,170.50894361612086,170.72307388211118,62167800
2014-11-28,170.6489715576172,171.20077899082176,170.4101344110629,170.8878212712405,57890100
2014-12-01,169.4629669189453,170.1053702571142,169.15000924590606,169.9900674160856,103968400
2014-12-02,170.55833435058594,170.76423315951766,169.47942660251428,169.5041334542208,74507200
2014-12-03,171.2172088623047,171.43133909420942,170.56657417151274,170.73129070121374,68952000
2014-12-04,171.0277862548828,171.53017984133535,170.23712931485076,170.92894628296273,91316600
2014-12-05,171.3078155517578,171.69490633264874,170.937200194987,171.2007441455767,91025500
2014-12-08,170.16307067871094,171.4066953882223,169.6030191909294,170.9125456170777,108588200
2014-12-09,170.04776000976562,170.1548314437846,167.93935758861193,168.3182044724072,125180100
2014-12-10,167.32159423828125,169.6441260340168,167.13215830487405,169.58648090820157,159856400
2014-12-11,168.16993713378906,169.81712783973018,167.77461488314216,167.91462458509903,159012800
2014-12-12,165.45204162597656,167.86518213186451,165.41910334700742,166.89333324688926,202330200
2014-12-15,164.31544494628906,166.802705531884,163.7142240747434,166.34972573809074,189965800
2014-12-16,162.9977264404297,166.69566078634762,162.95654416767545,163.54953370755393,259543800
2014-12-17,166.19332885742188,166.64630889158917,163.3107446344462,163.43429149852994,253910100
2014-12-18,170.3030548095703,175.40111231645395,167.9475714766781,168.622925732917,257633900
2014-12-19,171.02767944335938,171.69847161813732,170.2740681156635,170.95313715116183,245084600
2014-12-22,171.814453125,171.814453125,170.97803507501564,171.21819045928166,148318900
2014-12-23,172.04632568359375,172.44382990148506,171.75647122353746,172.39414345380257,122167900
2014-12-24,172.06285095214844,172.5348847288303,172.02144137682555,172.26988619233464,42963400
2014-12-26,172.6177215576172,172.95726241903841,172.46037273713273,172.5100591780374,57326700
2014-12-29,172.84959411621094,173.0566293705053,172.36927080987647,172.43552360762217,79643900
2014-12-30,171.92202758789062,172.5596868776734,171.84748531547913,172.4271939591729,73540800
2014-12-31,170.2161102294922,172.41069165022446,170.09189412337315,172.2450659632558,130333800
2015-01-02,170.12496948242188,171.32578382923276,169.08979341546532,170.91171340245012,121465900
2015-01-05,167.0526580810547,169.24722739310786,166.74624985465596,169.08160166630944,169632600
2015-01-06,165.47915649414062,167.88076056900059,164.6841354981615,167.35902764550087,209151400
2015-01-07,167.5412139892578,167.88075485287703,166.3569783519322,166.80416895939857,125346700
2015-01-08,170.51425170898438,170.72957648769642,168.93251177202868,168.9490654962137,147217800
2015-01-09,169.14784240722656,170.94490731936722,168.5350133617519,170.92834095694033,158567300
2015-01-12,167.82278442382812,169.43766963528094,167.21824497501035,169.2803208086118,144396100
2015-01-13,167.35073852539062,170.1664129335598,166.05055106093315,169.0401406430063,214553300
2015-01-14,166.34043884277344,166.53919727619112,164.44400109008578,165.3383824493862,192991100
2015-01-15,164.81661987304688,167.29275329332586,164.70068064236253,166.9780683165703,176613900
2015-01-16,166.97805786132812,167.1354066580678,164.42738230955322,164.60957432299625,211879600
2015-01-20,167.3341522216797,167.88072826145347,165.7689663888203,167.61571710165006,130991100
2015-01-21,168.17884826660156,168.65917148434727,166.4066273221596,166.87038418441705,122942700
2015-01-22,170.67987060546875,170.8123635660142,167.55777539756028,168.9324925342067,174356000
2015-01-23,169.74407958984375,170.67988306168206,169.61157398319884,170.42314871014622,117516800
2015-01-26,170.1415252685547,170.23262126224506,168.81650756701595,169.52870916229736,92009700
2015-01-27,167.89735412597656,169.04018040750515,167.06921291271397,168.087823066826,134044600
2015-01-28,165.74415588378906,169.18093632444723,165.55368697285624,169.0815634381223,168514300
2015-01-29,167.27618408203125,167.53290573788595,164.53502710249373,165.94287673441366,173585400
2015-01-30,165.17276000976562,167.42530508736746,164.90776139639405,166.10028674764584,197729700
2015-02-02,167.21824645996094,167.30934248481887,163.85599567481714,165.66962667380608,163107000
2015-02-03,169.6364288330078,169.6447183317602,167.73999117407354,168.1126521614309,124212900
2015-02-04,168.99044799804688,170.08360016774822,168.534967927338,168.87450876517812,134306700
2015-02-05,170.6964111328125,170.84548307699293,169.57842841538633,169.65295806926244,97953200
2015-02-06,170.22439575195312,171.6239561515473,169.70266284557835,171.06081366529,125672000
2015-02-09,169.46249389648438,170.29891174267553,169.0567002644991,169.57843312899038,87219000
2015-02-10,171.26788330078125,171.52460505657413,169.50393846249426,170.49771803340263,96164200
2015-02-11,171.36720275878906,171.79783959611729,170.45625528479763,171.10220422257584,91087800
2015-02-12,173.01522827148438,173.07320421101406,171.40035573613238,172.16224399290283,97545900
2015-02-13,173.72738647460938,173.77707290377327,172.88267926954353,173.13941354760124,93670400
2015-02-17,174.00071716308594,174.1746323442568,173.1642992486139,173.41273145538702,76968200
2015-02-18,174.0172882080078,174.09181787204656,173.36304968207656,173.62806089167654,80652900
2015-02-19,173.8930206298828,174.25740464349113,173.28020445829353,173.4209868932918,91462500
2015-02-20,174.9364776611328,175.01100730487258,172.85783604081865,173.4789416781696,140896400
2015-02-23,174.91165161132812,174.91165161132812,174.307099633419,174.68805002173943,74411100
2015-02-24,175.4085693359375,175.60732775468037,174.53901862902975,174.83714993892866,72472300
2015-02-25,175.25949096679688,175.76465750269924,174.919950110312,175.28433418688803,73061700
2015-02-26,175.05247497558594,175.32576306309747,174.44792285634952,175.16841422758196,72697900
2015-02-27,174.4561767578125,175.21806492067336,174.4064903222998,174.95305374936794,108076000
2015-03-02,175.55760192871094,175.6155652234063,174.50585939965265,174.55554583408522,87491400
2015-03-03,174.8371124267578,175.60729007726405,173.97585140318802,175.1269668123476,110325800
2015-03-04,174.10008239746094,174.31540714911114,173.13115892432225,174.24086485392425,114497200
2015-03-05,174.2905731201172,174.57213804789114,173.7854065678499,174.42306608608567,76873000
2015-03-06,171.83921813964844,173.8598837386368,171.50796687009418,173.42924697907551,188128000
2015-03-09,172.55145263671875,172.90754718755318,171.88066047431653,172.03800928010043,89818900
2015-03-10,169.7523193359375,171.26781870995183,169.71090976336123,171.18501220122667,157121300
2015-03-11,169.35482788085938,170.18296884849192,169.27200872952477,170.00905368526062,110145700
2015-03-12,171.50794982910156,171.57418996729004,169.93447486399415,169.98416128584788,93993500
2015-03-13,170.4562225341797,172.19531063389346,169.42104653324563,171.23467690871024,162410900
2015-03-16,172.7335662841797,172.82466225480326,170.48102286187245,171.18494742000195,136099200
2015-03-17,172.22023010253906,172.60116793520493,171.4086427197753,171.99662846553838,94510400
2015-03-18,174.2905731201172,174.9613653571674,171.11050184470795,171.7481739993735,228808500
2015-03-19,173.4955596923828,174.29885756678942,173.10633236616806,173.87651015674865,117917300
2015-03-20,175.0269775390625,175.5343990554761,174.26168836055672,174.44469367420336,177715100
2015-03-23,174.6858673095703,175.6092074016342,174.6858673095703,175.03523752104957,71784500
2015-03-24,173.70431518554688,175.01860728358153,173.6377666615093,174.56110680667695,77805300
2015-03-25,171.15887451171875,174.14518069744963,171.1172927921801,173.91226721956986,159521700
2015-03-26,170.7512969970703,171.66631068398317,169.79467620136552,170.4934293880964,153067200
2015-03-27,171.14231872558594,171.3169975608882,170.4435653058631,170.63489714450185,118939000
2015-03-30,173.23019409179688,173.52965615952493,172.15712908659208,172.17375670108467,96180400
2015-03-31,171.71624755859375,173.10542766496235,171.65802552080422,172.40667436163744,126768700
2015-04-01,171.10902404785156,171.7079482482188,170.11913508633242,171.6829941309399,137303600
2015-04-02,171.72454833984375,172.17373503850223,170.85943016732784,171.0424354464049,86900900
2015-04-06,172.88079833984375,173.39653355555777,170.7013880356757,170.83447239619846,114368200
2015-04-07,172.4232940673828,173.6544101425023,172.39002614874036,172.9057613911213,81236300
2015-04-08,173.00558471679688,173.44645764013111,172.25693593565734,172.64790063262691,89351900
2015-04-09,173.77090454101562,174.0038181004718,172.3484690666825,172.83925030319102,85548900
2015-04-10,174.7191619873047,174.76075640541168,173.82078855893224,174.02042145731085,72722900
2015-04-13,173.92892456054688,175.2099616006904,173.87901633430343,174.57775688738096,74436600
2015-04-14,174.2616729736328,174.44467827112047,173.10541915377996,173.72929738807832,75099900
2015-04-15,175.04356384277344,175.55098523943107,174.64428538579418,174.72747421521345,99529300
2015-04-16,174.99366760253906,175.50108903393541,174.5112002831102,174.71084587168448,68934900
2015-04-17,172.9806365966797,174.04538777213105,172.1987071756499,173.8041604387327,191113200
2015-04-20,174.56117248535156,174.8939025378961,173.82083732952773,173.90401349624491,92189500
2015-04-21,174.35313415527344,175.40124477019765,174.05367216631907,175.24319362424504,72559800
2015-04-22,175.20994567871094,175.39295095352963,173.77085759101533,174.69419777111565,78264600
2015-04-23,175.65081787109375,176.29965013641794,174.6941970850558,174.81065383286185,102585900
2015-04-24,176.0583953857422,176.3245894686071,175.60920873694826,176.066721883852,61327400
2015-04-27,175.32638549804688,176.74882045071612,175.1350537428621,176.62404990849333,79358100
2015-04-28,175.88372802734375,175.93363624790825,174.12855034476948,175.30144429936885,86863500
2015-04-29,175.1600341796875,175.75894552181222,174.35315076294765,174.9936565199954,125684900
2015-04-30,173.4048614501953,174.9770339137259,172.7061082608666,174.58606924936552,161304900
2015-05-01,175.28480529785156,175.32639971290897,174.08695722406594,174.18677366593695,103399700
2015-05-04,175.78392028808594,176.36620404488573,175.60091500840113,175.7090452606993,70927200
2015-05-05,173.77090454101562,175.90041988764432,173.62949364369132,175.54272304737,113326200
2015-05-06,173.05545043945312,174.62762264797675,171.99069956240174,174.31984686576348,135060200
2015-05-07,173.7459259033203,174.17017122825814,172.6229526914599,172.95568267434402,88244900
2015-05-08,176.033447265625,176.2330928345655,175.33470681358264,175.41789564051606,155877300
2015-05-11,175.19329833984375,176.25804933631173,175.11843601028733,175.99186793361127,75708100
2015-05-12,174.6692352294922,175.2099372218434,173.53793571832358,174.3614594152587,119727600
2015-05-13,174.7025604248047,175.70076314404608,174.46964688007623,175.07688485791567,94667900
2015-05-14,176.5242919921875,176.61579465109463,175.4429003940587,175.7174083707801,95934000
2015-05-15,176.7156219482422,176.8570328492495,176.23315450742103,176.7156219482422,76510100
2015-05-18,177.2646026611328,177.51414379393768,176.482673264118,176.54922179714424,74549700
2015-05-19,177.2063751220703,177.65557456500738,176.9235533648642,177.38106661495368,72114600
2015-05-20,177.08160400390625,177.830252816043,176.7655016333957,177.30619103184608,76857500
2015-05-21,177.59730529785156,177.80526467173664,176.77378160784684,176.9401592612212,64764600
2015-05-22,177.173095703125,177.63059623069003,177.1065471717183,177.214677429024,57433500
2015-05-26,175.26817321777344,177.1065398297752,174.8522544333493,176.68229454624878,124308600
2015-05-27,176.93185424804688,177.1647677596547,175.31808727988246,175.72569227161335,93214000
2015-05-28,176.7322235107422,176.8403537684896,176.04179677401598,176.6240805601602,74974600
2015-05-29,175.6342010498047,176.70726603429128,175.3680196018721,176.66568430602715,124919600
2015-06-01,175.9918975830078,176.63240343422953,175.2016416617787,176.2996734515906,93338800
2015-06-02,175.81724548339844,176.50767241025693,174.91054528865243,175.53442366550598,91531000
2015-06-03,176.2830047607422,176.90688289736408,175.7922236728796,176.34955328512183,87820900
2015-06-04,174.7940673828125,176.23314311090797,174.47796498168626,175.5759968848596,151882800
2015-06-05,174.4945831298828,175.16836957906196,173.8374242944559,174.64430781066267,121704700
2015-06-08,173.4215545654297,174.53622695124264,173.34669220385047,174.38648953524572,89063300
2015-06-09,173.39657592773438,173.93727807931117,172.76438380905586,173.39657592773438,105034700
2015-06-10,175.4761199951172,175.85877083412583,174.10359318232116,174.16181520768131,134551300
2015-06-11,176.04180908203125,176.42444729989205,175.6841122858548,175.91702581659672,73876400
2015-06-12,174.69422912597656,175.9170315486328,174.41972116447866,175.21829093363948,135382400
2015-06-15,173.9456024169922,174.22842422198158,172.84757043126274,173.55463763657374,124384200
2015-06-16,174.89381408691406,174.97700290439715,173.62110387497802,173.79578262172845,85308200
2015-06-17,175.1767120361328,175.7839627439491,174.15355513829485,175.1767120361328,126708600
2015-06-18,176.99842834472656,177.46425543522668,175.20998233094872,175.77562588574565,165867900
2015-06-19,176.21266174316406,176.83122034648056,175.83651658427985,176.75599386561865,130478700
2015-06-22,177.11538696289062,177.7005029698654,176.90641604935877,177.13210820725345,70696000
2015-06-23,177.24081420898438,177.5751754173251,176.84796051536992,177.32440769971356,68476800
2015-06-24,175.95355224609375,177.34947675949232,175.92847675070024,176.97333157401434,92307300
2015-06-25,175.41860961914062,176.58048782172534,175.34338312329731,176.45511032865318,97107400
2015-06-26,175.38516235351562,176.02042951258704,174.83347592995116,175.77801604409242,104174800
2015-06-29,171.70726013183594,175.39351099709683,171.6320336459103,173.90563875410464,202621300
2015-06-30,172.0666961669922,173.29544645073344,171.59023624879336,173.24528270573194,182925100
2015-07-01,173.44590759277344,173.88892503517445,172.66017469354873,173.63815731665525,135979900
2015-07-02,173.28709411621094,174.08954829467416,172.86915215451845,173.92237406091246,104373700
2015-07-06,172.7939453125,173.57131132745278,171.79924128982267,171.9998580458966,117975400
2015-07-07,173.88055419921875,174.005931669229,170.61224543215388,172.9945193989469,173820200
2015-07-08,170.9633026123047,172.82731980619712,170.72925618233498,172.5431223918873,164020100
2015-07-09,171.27259826660156,173.32052393269564,171.1639420376246,173.06138922156467,144113100
2015-07-10,173.4291534423828,173.8470953091017,171.3143686171512,173.27033349229785,129456900
2015-07-13,175.34336853027344,175.45202476370065,174.64958336566815,174.69138011140603,106069400
2015-07-14,176.10398864746094,176.41327431917014,175.2430293744305,175.30154736122591,81709600
2015-07-15,176.0454864501953,176.6055270618989,175.56902656518767,176.14578842406027,97914100
2015-07-16,177.45811462402344,177.45811462402344,176.85627733096499,177.09867799545395,106683300
2015-07-17,177.60858154296875,177.6670995296128,177.04018669623701,177.44976158444834,89030000
2015-07-20,177.70057678222656,178.19374528191426,177.38294953483293,177.83432128353846,70446800
2015-07-21,176.9984130859375,177.82594272577882,176.69749437641119,177.56680800694502,77965000
2015-07-22,176.68080139160156,177.01516265266184,176.27958063290717,176.3130103817242,88667900
2015-07-23,175.68606567382812,176.91481598309016,175.32664173192563,176.8145140001547,90509100
2015-07-24,173.86380004882812,175.8448402275367,173.5294516890247,175.7863350041287,117755000
2015-07-27,172.8524169921875,173.4876968857565,172.40939956881726,172.9778072233487,132361100
2015-07-28,174.97555541992188,175.11765413377742,172.86077045003267,173.68828723981355,123544800
2015-07-29,176.1792449951172,176.40492445434515,174.95884894576088,175.10094767161476,105791300
2015-07-30,176.22103881835938,176.38821303691228,175.05079377933856,175.66935241801707,91304400
2015-07-31,175.95355224609375,176.74763936089735,175.66935479525043,176.72256386550384,103266900
2015-08-03,175.36007690429688,175.9786355788942,174.40716977317865,175.92013033856227,113965700
2015-08-04,175.01734924316406,175.74456404741375,174.53253512213954,175.28482541932374,81820800
2015-08-05,175.59408569335938,176.63057326360888,175.3098755569168,175.9117128094492,85786800
2015-08-06,174.1564178466797,175.88669090895726,173.57128890569496,175.77802191913275,116030800
2015-08-07,173.8220672607422,174.14806149557737,172.91931105168084,173.997608504689,117858000
2015-08-10,176.01205444335938,176.09563516897882,174.9337572199016,174.9337572199016,80270700
2015-08-11,174.4238739013672,175.09258350334616,173.66321656968387,174.67464159643114,126081400
2015-08-12,174.63287353515625,174.81676902476642,171.6571287099403,173.11992562438115,172123700
2015-08-13,174.41555786132812,175.1594941084162,173.87222561057453,174.47406310873316,89383300
2015-08-14,175.05084228515625,175.12606879116368,174.08121369246425,174.22331245533792,72786500
2015-08-17,176.02879333496094,176.02879333496094,173.99760151213454,174.457340223446,79072600
2015-08-18,175.51890563964844,176.10402184503204,175.284859157495,175.75295212180188,71692700
2015-08-19,174.13131713867188,175.54395002898568,173.32050884254755,174.77493847324834,172946000
2015-08-20,170.49520874023438,174.1062198915979,170.4366907558024,172.61834784366275,194327900
2015-08-21,165.36294555664062,170.47019768689867,165.10382353808953,168.62288829741019,346588500
2015-08-24,158.40000915527344,165.07035953153323,152.4652279848282,156.7198870007359,507244300
2015-08-25,156.53599548339844,163.37352027293903,156.24343099047852,163.35679902216663,369833100
2015-08-26,162.54598999023438,162.82182045521694,157.45544730866962,160.55658221227628,339257000
2015-08-27,166.5665740966797,166.6919515691399,163.17288779329004,164.68583548232655,274143900
2015-08-28,166.57492065429688,167.0430135359747,165.43811818969027,165.92293231844926,160414400
2015-08-31,165.2291259765625,166.44952176493098,164.67743968505732,165.59691683756594,163298800
2015-09-01,160.2974395751953,162.8050909701567,159.42811328238028,161.4258750501832,256000400
2015-09-02,163.34007263183594,163.38186937689952,160.84077523011493,162.6797172217289,160269300
2015-09-03,163.45706176757812,165.54677103907727,162.9638934406019,164.0505320581229,152087800
2015-09-04,160.98289489746094,162.04447113818225,160.16373215689163,161.2002328982286,207081000
2015-09-08,165.02853393554688,165.17899965322377,163.13944112289605,163.78307522572973,116025700
2015-09-09,162.8218231201172,166.7337664970237,162.45404490926228,166.60838901088866,149347700
2015-09-10,163.70787048339844,164.85302736988268,162.37045111243074,162.62957308634384,158611100
2015-09-11,164.4518280029297,164.5187002556144,162.60451869192718,163.31502521644617,119691200
2015-09-14,163.8415985107422,164.67748241004523,163.35678431859728,164.62733141681923,79452000
2015-09-15,165.8895263671875,166.33254381905883,163.79981659248259,164.34313603207536,113806200
2015-09-16,167.3272247314453,167.51948720226258,165.84771948467198,166.19043492787617,99581600
2015-09-17,166.95108032226562,169.59247638943998,166.57493513497366,167.1934937850058,276046600
2015-09-18,164.2228546142578,166.93679233260318,163.81115036110563,164.44132249149104,223657500
2015-09-21,165.07147216796875,166.0965402320797,164.02118542685872,165.05466399026372,105726200
2015-09-22,162.9289093017578,163.3910381019392,161.79459432139305,162.90370344182836,153890900
2015-09-23,162.66847229003906,163.56751138693272,162.08871175552784,163.09698481425332,92790600
2015-09-24,162.08023071289062,162.54235940310477,160.11409718094163,161.45005872283912,159378800
2015-09-25,162.0382080078125,163.84469567796097,161.16436245117043,163.542212650028,155054800
2015-09-28,157.9715576171875,161.2484606488369,157.66067677744184,161.13922670151618,178515900
2015-09-29,158.06399536132812,159.4251760927764,157.06412004099744,158.19003749953106,159045600
2015-09-30,161.01319885253906,161.18124220471094,159.17309401717506,159.95450137417293,163452000
2015-10-01,161.4333038330078,161.73578697688947,159.4923756684693,161.39128979229656,131079000
2015-10-02,163.84478759765625,163.8699934623849,158.90423297664296,159.45038996116762,211003300
2015-10-05,166.7603302001953,166.98719572825553,164.96223979534292,165.07147372012807,126320800
2015-10-06,166.18902587890625,167.18890126817698,165.52525006046352,166.62594891053877,110274500
2015-10-07,167.55018615722656,167.90308104765404,165.9285363764557,167.1216608595827,124307300
2015-10-08,169.0625762939453,169.3482512350333,166.8611663774427,167.16364949767825,153055200
2015-10-09,169.16342163085938,169.64234582106246,168.53324945051236,169.20543567372633,107069200
2015-10-12,169.3230743408203,169.5247212415479,168.81053376666046,169.23904625159292,56395600
2015-10-13,168.25596618652344,169.86080769258092,168.0879228419,168.59205287577035,88038700
2015-10-14,167.44932556152344,168.77688966363178,167.155252939332,168.19712927755262,99106200
2015-10-15,170.02047729492188,170.02887497602552,167.74344926889634,168.11315237165064,134142200
2015-10-16,170.7934112548828,170.810206609637,169.65909658578246,170.42370831618695,114580100
2015-10-19,170.8774871826172,170.8774871826172,169.83561069902436,170.14649154385307,76523900
2015-10-20,170.65904235839844,171.2724064045467,170.18851581226352,170.4405872679463,78448500
2015-10-21,169.60031127929688,171.23034556267947,169.43225514084543,171.07911042313316,102038000
2015-10-22,172.46548461914062,172.67554197229597,169.60031206597318,170.54976258403462,174911700
2015-10-23,174.35601806640625,174.72572109591775,173.33934755613427,174.13756301300612,144442300
2015-10-26,173.927490234375,174.23837101761845,173.55778723760793,174.17956162497833,69033000
2015-10-27,173.5914306640625,173.9275173566874,172.91083395703598,173.25533115055208,77905800
2015-10-28,175.56591796875,175.5911238232708,173.2636977833024,173.92747332048708,135906700
2015-10-29,175.4651641845703,175.8348672921028,174.94422588989488,175.06185753130183,90525500
2015-10-30,174.7089080810547,175.97766279002747,174.54927525080592,175.65837148776131,131076900
2015-11-02,176.77589416503906,176.9691433713122,174.91058354202576,175.0366256668099,86270800
2015-11-03,177.28843688964844,177.84299147541532,176.19613589913698,176.42300146983902,95246100
2015-11-04,176.75070190429688,177.70856315028564,176.21295546480997,177.58253383668966,96224500
2015-11-05,176.57423400878906,177.27162607065398,175.68359274114252,176.8094972560585,78408700
2015-11-06,176.48178100585938,176.7170570376993,175.15422981012625,176.22972243760842,110471500
2015-11-09,174.83497619628906,176.0197030058444,173.88551264837628,175.86845501142494,131008700
2015-11-10,175.23826599121094,175.27188235158212,174.087155655755,174.35602243429958,75874600
2015-11-11,174.54928588867188,175.55755875304874,174.48206598826206,175.50714703296265,67846000
2015-11-12,172.1126251220703,173.97793582652446,172.0958297614075,173.5074093102452,121315200
2015-11-13,170.18011474609375,171.9698080776951,170.0960994701325,171.70094124537653,153577100
2015-11-16,172.7679901123047,172.8268123328359,169.8775985069335,169.99524294799596,117645200
2015-11-17,172.6419677734375,173.96112150855294,172.1462354127648,173.07889073209276,121123700
2015-11-18,175.3810577392578,175.52389518137747,173.0788376686591,173.12083887684364,121342500
2015-11-19,175.2299041748047,175.650019019232,174.93581865535054,175.26350772116834,88220500
2015-11-20,175.86842346191406,176.54900726249437,175.4903227750232,175.98605507163307,94011500
2015-11-23,175.66680908203125,176.43140827614252,175.20468023665438,175.9272782073656,64931200
2015-11-24,175.9020538330078,176.30536040976253,174.27200652498112,174.65850492161297,98874400
2015-11-25,175.8768310546875,176.22972587801155,175.61634916093726,176.02806619859052,51980100
2015-11-27,176.07847595214844,176.2801356293235,175.4903179198256,175.9692420244015,37317800
2015-11-30,175.34750366210938,176.35577653965413,175.23826971990624,176.238144917622,112822700
2015-12-01,177.01953125,177.13717567897376,175.7003777036247,175.9776549557406,97858400
2015-12-02,175.21304321289062,177.28841094488294,174.96097181798655,176.9691196566122,108441300
2015-12-03,172.75953674316406,175.73394264934947,172.03693907475233,175.46507595599303,166224200
2015-12-04,176.12892150878906,176.42300699189977,172.75960548838586,172.75960548838586,192913900
2015-12-07,175.0618133544922,176.22132129264844,174.09554178166388,175.80120656208416,102027100
2015-12-08,173.885498046875,175.01140253603222,172.90243103880024,173.49899964415422,103372400
2015-12-09,172.53273010253906,175.33909367995196,171.558060762313,173.24693033755833,162401500
2015-12-10,172.97802734375,174.28878319329965,172.36466345433428,172.59992666728508,116128900
2015-12-11,169.6255340576172,171.52444809524988,169.3146404271741,170.86067243732876,211173300
2015-12-14,170.48257446289062,170.60861659080248,168.00389979791956,169.78519520283177,182385200
2015-12-15,172.27224731445312,173.17969668111772,170.45734858112394,171.9949700506764,154069600
2015-12-16,174.79295349121094,175.09543664417558,172.07901561545526,173.39816935138043,197017000
2015-12-17,172.12939453125,175.17102084127197,172.11258635348722,175.10380095110403,173092500
2015-12-18,169.06289672851562,171.5225060595982,168.90230097587343,171.38727907064435,251393500
2015-12-21,170.4575958251953,170.63509986584572,169.12213038181602,170.2378405866105,99094300
2015-12-22,172.00433349609375,172.30016920397958,170.35613730247303,171.34505501864547,111026200
2015-12-23,174.13430786132812,174.17657194553465,172.9171744604314,173.01015028681067,110987200
2015-12-24,173.8468475341797,174.39625460602244,173.627092443752,173.8806639463577,48539600
2015-12-28,173.44964599609375,173.49189717640118,172.37620033426,173.15381035082765,65899900
2015-12-29,175.3007354736328,175.63037473039074,174.514677591052,174.5484811237396,92640700
2015-12-30,174.05819702148438,175.1401032204624,173.91450947796972,175.05557506677826,63317700
2015-12-31,172.3170623779297,174.0244308507707,172.3170623779297,173.38206059532405,114877900
2016-01-04,169.9081573486328,169.91660500659725,167.85424151075537,169.460186429951,222353500
2016-01-05,170.19552612304688,170.65194468263027,169.08827680327653,170.22932965082862,110845800
2016-01-06,168.0486602783203,169.0967373830813,167.01747849014774,167.64294053081133,152112600
2016-01-07,164.01693725585938,166.8822673689492,163.62812565503964,165.09883097484848,213436100
2016-01-08,162.21652221679688,165.5382824581096,161.92914714371818,164.98042762412047,209817200
2016-01-11,162.3771514892578,163.4759531747563,160.44158027718976,163.13785340380966,187941300
2016-01-12,163.68728637695312,164.43954075170194,161.55730262596052,163.82252630655032,172330500
2016-01-13,159.60475158691406,164.7014864696481,159.22440073989495,164.35493914133087,221168900
2016-01-14,162.2250213623047,163.34917904316922,158.61589779958007,160.2133823150846,240795600
2016-01-15,158.74264526367188,159.5456111894306,156.80707422590876,157.86361173274562,324846400
2016-01-19,158.95396423339844,160.68668844906233,157.38183579391037,160.55990909796947,195244400
2016-01-20,156.91693115234375,158.4806116797918,153.00352535135002,156.3928927234885,286547800
2016-01-21,157.79600524902344,159.63860062752195,156.0632810105243,157.39029842299223,195772900
2016-01-22,161.03329467773438,161.23614171355862,159.6471173784368,160.40781955716167,168319600
2016-01-25,158.5989990234375,160.72052224680877,158.40459968275314,160.52612290612439,130371700
2016-01-26,160.76280212402344,161.0417296735378,158.92020624183837,159.25829320641827,141036800
2016-01-27,159.0131378173828,161.9122707781583,158.10873544829985,160.23871884423306,185681700
2016-01-28,159.8414764404297,160.7627742216194,158.19328020408372,160.5599272369545,143798800
2016-01-29,163.7379913330078,163.8732312569941,160.4923105404706,160.61064224966137,210529300
2016-02-01,163.6788330078125,164.46490384807208,162.14896831648707,162.7321792534432,136061600
2016-02-02,160.72894287109375,162.25880713586815,160.2048914913047,162.2503594786988,182564900
2016-02-03,161.6925048828125,162.09821167988892,158.14254138972404,161.78548070059944,205054900
2016-02-04,161.94610595703125,162.9181154950131,160.55992899218302,161.1938516205683,139531800
2016-02-05,158.86097717285156,162.0052338294124,158.2270546678544,161.4304836155311,180788300
2016-02-08,156.7225799560547,157.31423850838584,154.5080809899628,157.01841568081485,191526700
2016-02-09,156.73098754882812,158.0072930610037,154.84612832210112,154.98136821297294,184513100
2016-02-10,156.59579467773438,159.19064455118342,156.46900241596902,157.5593565400831,148214100
2016-02-11,154.55882263183594,155.60691291096063,153.06276129807372,154.11929923772664,219058900
2016-02-12,157.7452850341797,157.76218034884897,155.48852239590252,156.33375242808964,127632400
2016-02-16,160.40780639648438,160.4331622738821,158.59056639796398,159.55412843064954,120250700
2016-02-17,163.0279541015625,163.39985733676687,161.44736535194392,161.57415758059193,136009500
2016-02-18,162.36026000976562,163.35763831536678,162.047528974448,163.2984660129073,102343000
2016-02-19,162.2842254638672,162.43636073458765,160.97411585594455,161.58268273320937,114793000
2016-02-22,164.6339111328125,164.7775986962907,163.79712872494707,163.86474867785222,103640300
2016-02-23,162.5546417236328,164.24510174373455,162.4362971409267,163.9746219498688,111455300
2016-02-24,163.29849243164062,163.57741998009885,160.01900761662182,161.12625725319816,150812200
2016-02-25,165.27627563476562,165.28473618932878,162.9857094586589,163.74641133250677,110728300
2016-02-26,164.89588928222656,166.23980165607202,164.7352935462606,166.14683875333813,129833700
2016-02-29,163.6027374267578,165.85950026450092,163.40833811338493,164.91284667188035,125918100
2016-03-01,167.44854736328125,167.5330755380809,164.35500188513095,164.82832871075618,141799700
2016-03-02,168.20074462890625,168.25145635770718,166.7215923520189,167.1357596325337,102415000
2016-03-03,168.86007690429688,168.8769851183664,167.4485441134209,168.0232944198999,95172200
2016-03-04,169.40943908691406,170.1870620198103,168.22612227109113,169.05444404216718,129293600
2016-03-07,169.5447235107422,169.95044329460436,168.4121181328031,168.48818575583124,100219000
2016-03-08,167.69363403320312,168.97838729951602,167.5330511599525,168.47125701607789,123974900
2016-03-09,168.52198791503906,168.86852246743945,167.71900897155595,168.50507970117934,94801200
2016-03-10,168.6571807861328,169.950394492203,166.83149387176897,169.01218871936663,156838700
2016-03-11,171.37884521484375,171.42110929799443,168.64030802842734,170.11100010344728,137964500
2016-03-14,171.15911865234375,171.6155372939866,170.54210420619282,170.87174347437642,73612000
2016-03-15,170.88014221191406,171.18442551829193,169.93348876859892,170.19550799686036,93169100
2016-03-16,171.869140625,172.27486048924985,170.35618393495977,170.39844803296813,129303200
2016-03-17,172.95941162109375,173.46654186106701,171.38728337252377,171.78454248728832,134278500
2016-03-18,173.63909912109375,173.97892972183823,173.14633567541978,173.4606796292937,138372400
2016-03-21,173.88546752929688,174.114860305824,173.14632887168338,173.37572164821052,72926700
2016-03-22,173.7920379638672,174.36126141225773,172.9509525979609,173.11236372451606,97471900
2016-03-23,172.6450958251953,173.59663195994312,172.47516754652673,173.40972122437373,81052500
2016-03-24,172.568603515625,172.60259435302078,171.39617889959257,171.61706748784076,84360900
2016-03-28,172.67062377929688,173.1973652707917,172.2203422532686,172.9849678353553,62408200
2016-03-29,174.26776123046875,174.3782119930276,171.9568771891286,172.26272987000317,92922900
2016-03-30,175.03240966796875,175.7545528708756,174.66707948932915,175.27029365995045,86365300
2016-03-31,174.6076202392578,175.36375430022682,174.4461961761792,174.93895959263287,94584100
2016-04-01,175.79708862304688,175.98399938293173,173.29929298068524,173.61364996615114,114423500
2016-04-04,175.22784423828125,175.92451389007496,174.92199148251703,175.7206077316629,63497000
2016-04-05,173.47769165039062,175.23633527129175,173.2228121935869,173.88549100305198,99662200
2016-04-06,175.3722686767578,175.43174616625078,173.29926815586828,173.4776876606398,91839800
2016-04-07,173.2738037109375,174.6416435437733,172.54315610525424,174.28481745221296,113859000
2016-04-08,173.7410430908203,174.88799403753805,173.2057975871912,174.45469511985496,95040600
2016-04-11,173.33326721191406,175.07492841823893,173.23981184092958,174.37825875022577,83757500
2016-04-12,174.94747924804688,175.22784535626184,173.06138940275196,173.5031796002762,115350600
2016-04-13,176.71458435058594,176.79954847085173,175.72905759580317,175.86499500274658,96336400
2016-04-14,176.7230987548828,177.22436638826628,176.37477692900077,176.77408501195208,65212900
2016-04-15,176.5277099609375,176.85904935618856,176.20486179397741,176.72311192128882,75761600
2016-04-18,177.7681427001953,177.80212058209963,175.8650572208221,176.52773610948498,82531000
2016-04-19,178.3288116455078,178.58369106078013,177.51321307308314,178.1928871925741,88316100
2016-04-20,178.49876403808594,179.1954207060925,177.89554977248713,178.37131783136135,81100300
2016-04-21,177.5387420654297,178.62621573052118,177.26686716730248,178.5157649326934,85695000
2016-04-22,177.5387420654297,177.8106039998482,176.63817915187346,177.18191598441922,99251700
2016-04-25,177.23284912109375,177.2753311847621,176.32378222067248,176.9354876391209,66166500
2016-04-26,177.4962615966797,178.00602055342202,177.02049348436483,177.59820820254464,75864200
2016-04-27,177.86155700683594,178.25236089517963,176.75708812621428,177.11391414050013,77329400
2016-04-28,176.247314453125,178.20986384856798,175.83102395330687,177.10540802449896,97216200
2016-04-29,175.2957763671875,175.97545045631406,174.19130759281995,175.62711570312726,142424100
2016-05-02,176.6891632080078,176.86756977751688,175.36380540824536,175.79709146933402,62188000
2016-05-03,175.15135192871094,175.69508862030605,174.40370911637817,175.45720462796479,106422100
2016-05-04,174.17430114746094,174.8879660258948,173.67304656190348,174.15731869499416,92243800
2016-05-05,174.14041137695312,174.99849235398105,173.71561650370373,174.64166621609684,67619200
2016-05-06,174.77755737304688,174.82003944185675,173.21431576501837,173.36723565628523,89315000
2016-05-09,174.92201232910156,175.35529838319349,174.47173085218958,174.650150382527,74374900
2016-05-10,177.09693908691406,177.1139345077505,175.55918407576223,175.62715279540032,77472200
2016-05-11,175.44020080566406,177.17335737593692,175.44020080566406,176.63812490066258,81727000
2016-05-12,175.49124145507812,176.28136659513348,174.4802276661294,176.11143828891278,89586300
2016-05-13,173.96192932128906,175.74607233337468,173.63909414893814,175.19384438205137,96474600
2016-05-16,175.67808532714844,176.15385329050272,174.07236196897537,174.131839446247,77486800
2016-05-17,174.0384521484375,175.69514944135705,173.51169772844298,175.40629205976282,114924900
2016-05-18,174.08937072753906,175.27029949983358,173.00189730975876,173.69006266404253,120062100
2016-05-19,173.4861297607422,173.77498700694684,172.27971452920767,173.36718777914592,115430500
2016-05-20,174.58213806152344,175.1003881365985,174.04689256787208,174.09786585989488,104990400
2016-05-23,174.34425354003906,174.87948606839956,174.1573428273716,174.59911999939837,58682600
2016-05-24,176.6041717529297,176.91852869488514,175.13438549336922,175.15987214221596,93537800
2016-05-25,177.80206298828125,178.21836644808795,176.60413886076603,177.28381295207498,76621400
2016-05-26,177.85302734375,178.16738421136841,177.53868343983595,177.93799146228565,55280700
2016-05-27,178.61767578125,178.62616700810963,177.9634883293139,178.014461617882,64211200
2016-05-31,178.2778778076172,179.00003415008243,177.71714556267068,178.8895833541573,109879400
2016-06-01,178.64321899414062,178.8216255606227,177.47078113099295,177.66618312028115,69936200
2016-06-02,179.18695068359375,179.20393314220095,177.768137567361,178.2439056825398,63044700
2016-06-03,178.6516876220703,179.00002244512663,177.4452720296459,178.6262009729401,101757100
2016-06-06,179.56072998046875,179.9175559829688,178.84706501176282,179.00848907654503,64887000
2016-06-07,179.84107971191406,180.40181183263633,179.68815984101101,179.7136464861615,60974800
2016-06-08,180.42730712890625,180.55475332447512,179.8495925261871,179.9770257580498,66170900
2016-06-09,180.1809539794922,180.29989599837947,179.42481979577144,179.696681711639,73786900
2016-06-10,178.4732666015625,179.14443658039636,177.9295168943366,178.8046059770867,113829200
2016-06-13,177.09693908691406,178.72814946710477,177.01198791014727,177.87006868862602,117751200
2016-06-14,176.74853515625,177.34325797963567,175.79699938075717,176.71455729156924,125059300
2016-06-15,176.50222778320312,177.87006746772474,176.3153170464083,176.74860304695576,109124500
2016-06-16,177.02896118164062,177.1988894537725,174.66710339252674,176.5022198364116,149533100
2016-06-17,176.3697052001953,176.95042428447155,175.71211550560253,176.92480509140793,117055700
2016-06-20,177.50555419921875,179.0086034710475,177.42014819341375,178.33394293724493,82789600
2016-06-21,178.00936889648438,178.419288947969,177.44572068124083,177.88980833850454,72461700
2016-06-22,177.71897888183594,178.91458425630307,177.5737861288952,178.18867261608438,95560500
2016-06-23,180.0333709716797,180.08460935149466,178.71820477564012,179.17936322509908,102731400
2016-06-24,173.5685272216797,180.06752624940424,173.12443957515057,173.90158969879573,333444400
2016-06-27,170.4599609375,172.16797652592734,169.6486431080972,172.15942810806536,230775800
2016-06-28,173.53436279296875,173.55998198159097,171.75802520546267,172.06546850005265,159382400
2016-06-29,176.4892578125,176.71983053966585,174.8324805698264,174.93495733745567,137328600
2016-06-30,178.89752197265625,178.94876034756433,176.40382115518798,176.95893395597878,165021900
2016-07-01,179.27333068847656,179.7601214298107,178.7353015598706,178.89756514031532,106055300
2016-07-05,177.9837646484375,178.55594829759565,177.3859618083562,178.4449231161789,109803700
2016-07-06,179.05128479003906,179.1708453650106,176.8308592192818,177.48844889718785,96021500
2016-07-07,178.94020080566406,179.8966850911529,178.17159922355637,179.2305602450273,85593800
2016-07-08,181.604736328125,181.85240586419408,180.00774606271716,180.2383317956827,133971000
2016-07-11,182.24525451660156,182.81745119494929,181.86095362292923,182.0659201807459,73633900
2016-07-12,183.56895446777344,183.86786237841264,182.27085910120599,183.21027279368047,101275600
2016-07-13,183.54335021972656,183.99597329991124,183.05657256209142,183.98743791332976,87324100
2016-07-14,184.56813049316406,185.03783731031177,184.17529426872974,184.80725159441695,91230900
2016-07-15,184.3205108642578,185.32823384517283,183.87642314550487,185.13181569367885,107155400
2016-07-18,184.8157958984375,184.97805943448904,184.18382555569,184.44003045308074,58725900
2016-07-19,184.62791442871094,184.66206900073772,184.1496722336013,184.39732871638222,54345700
2016-07-20,185.3965301513672,185.63565126705168,184.62792842682754,184.62792842682754,58159500
2016-07-21,184.6962432861328,185.5075479701267,184.252155646983,185.28551066611325,67777300
2016-07-22,185.52464294433594,185.57588132287663,184.55107465869187,184.81581496856785,62787500
2016-07-25,185.0206756591797,185.37082177837348,184.43995695222947,185.31958342553872,55873100
2016-07-26,185.10614013671875,185.46482175110378,184.26066795423316,184.91825742949973,70080500
2016-07-27,184.9097442626953,185.55025001486825,184.14112954141405,185.4819278375684,84083900
2016-07-28,185.123291015625,185.41365056613026,184.25219933298322,184.71335785254297,65035700
2016-07-29,185.422119140625,185.78080075573368,184.57665998755502,184.85848404895214,79519400
2016-08-01,185.26840209960938,185.87474016961207,184.81577913542557,185.48190398954972,73311400
2016-08-02,184.0813446044922,185.1744733126764,183.24442078784656,185.0207451653044,92295500
2016-08-03,184.61941528320312,184.67920208910886,183.722717443625,184.02161237977572,53993600
2016-08-04,184.8157958984375,185.13177455425006,182.97113627457105,184.73038992226645,46585500
2016-08-05,186.3274383544922,186.37014135594376,184.81585374589264,184.81585374589264,71892200
2016-08-08,186.2163848876953,186.61776955629065,185.95164458098853,186.51527976931246,39906500
2016-08-09,186.3274383544922,186.82276450285232,186.0029242119384,186.28474838416707,51251700
2016-08-10,185.8662109375,186.51525201319865,185.5160646989387,186.43839445774518,57941100
2016-08-11,186.72877502441406,186.97644455037576,186.13097225142164,186.39571254866664,72504300
2016-08-12,186.56651306152344,186.78001496957046,186.1651284319052,186.4213202966638,61313500
2016-08-15,187.10455322265625,187.4546995246367,186.9252188941168,186.93375428033923,49813500
2016-08-16,186.13949584960938,186.75436931190202,186.13949584960938,186.68606017363058,53213600
2016-08-17,186.48963928222656,186.62628362850955,185.33673681715914,186.1736606336789,75134300
2016-08-18,186.9081268310547,186.94228140555919,186.35302703527333,186.46403917575554,52989300
2016-08-19,186.6348419189453,186.8141892743431,185.95164616592666,186.43842379150863,75443000
2016-08-22,186.62628173828125,186.8568674414081,186.0284790182505,186.3956960351544,61368800
2016-08-23,187.00209045410156,187.54011954222074,186.94230365269942,187.24121159746008,53399200
2016-08-24,186.0455780029297,186.95082405730236,185.62710954919459,186.85688269140766,71728900
2016-08-25,185.9175262451172,186.3359948276282,185.50760608194187,185.66132125645998,69224800
2016-08-26,185.56736755371094,187.13020354662345,184.6792050872182,186.10539669109303,122506300
2016-08-29,186.48109436035156,186.74583462328442,185.66124135570402,185.69540895608844,70502200
2016-08-30,186.1736602783203,186.6775216442648,185.618560540398,186.39569756726482,58114500
2016-08-31,185.64419555664062,185.96017423152927,184.86704543238258,185.8406136763452,85269500
2016-09-01,185.65272521972656,185.9430846974916,184.4912742775436,185.63564141776308,97844200
2016-09-02,186.48963928222656,186.91664309101938,185.9174557421788,186.50672308329246,79293900
2016-09-06,187.05328369140625,187.13014124798053,186.0540963625752,186.7714596195121,56702100
2016-09-07,187.03623962402344,187.2155869919185,186.42990139629998,186.89105986483438,76554900
2016-09-08,186.60923767089844,186.97646779711627,186.30179434497467,186.7031790491286,74102900
2016-09-09,182.14279174804688,185.345321159921,182.11717255524192,185.2940827743111,221589100
2016-09-12,184.7560272216797,185.15741189301355,181.31437714876296,181.38269933017335,168110900
2016-09-13,182.1000213623047,183.7397142506696,181.47659951620986,183.47497400223702,182828800
2016-09-14,182.03173828125,183.35545283875425,181.4766384818725,182.1512988394755,134185500
2016-09-15,183.85076904296875,184.23506988591947,181.6901306934286,181.8694780367378,134427900
2016-09-16,183.1400604248047,183.414729600579,182.4534136792633,183.23447631685872,155236400
2016-09-19,183.17440795898438,184.43614170473515,182.84824157392163,183.79240053228875,80250500
2016-09-20,183.1829833984375,184.18721803903782,183.14865629913766,184.03272644676736,69665300
2016-09-21,185.24295043945312,185.4231906182393,183.20014110023288,183.88680091229358,110284400
2016-09-22,186.41026306152344,186.7106808349363,186.00686399277765,186.2557714731034,76678700
2016-09-23,185.38894653320312,186.15285247822771,185.29453060305616,186.01551783493167,73630900
2016-09-26,183.88682556152344,184.73655556931107,183.68940216236516,184.55631536636452,89827300
2016-09-27,185.0283966064453,185.12279941090966,183.35465898167763,183.72374408609076,78494800
2016-09-28,185.94679260253906,186.1012973023667,184.2902381859078,185.2515541956856,87411000
2016-09-29,184.26449584960938,186.1442224638383,183.71517048673903,185.7408102180015,128070600
2016-09-30,185.6549530029297,186.35876986017539,184.84812865424877,185.0970361399101,117202900
2016-10-03,185.20867919921875,185.43183815501885,184.57351634462412,185.24301940592736,83512100
2016-10-04,184.26449584960938,185.54339989459726,183.6722648793966,185.32024096800765,119948100
2016-10-05,185.07989501953125,185.50905582931773,184.8223959142697,184.89106321546933,72816000
2016-10-06,185.20867919921875,185.43183815501885,184.31603027906687,184.85676411368857,62927400
2016-10-07,184.57345581054688,185.65494931899855,183.8438903691559,185.48328763260932,89788300
2016-10-10,185.53482055664062,185.99830850883853,185.38890744026443,185.53482055664062,51855000
2016-10-11,183.1915740966797,185.1743080081347,182.4620085896904,185.10564070801541,130367400
2016-10-12,183.43190002441406,183.95547668183588,182.83106447557643,183.328892534842,73866100
2016-10-13,182.8310546875,183.32888272011377,181.28608649304968,182.10148928388656,101357000
2016-10-14,182.92555236816406,184.2731239878371,182.84830654329107,183.8096228446945,93346200
2016-10-17,182.29031372070312,183.1572136702012,182.110060453568,182.89971461584213,58275700
2016-10-18,183.43190002441406,183.9468850844857,183.0542364555266,183.88680938777023,76869700
2016-10-19,183.921142578125,184.23013886318134,183.33749020465612,183.69798368773058,66519200
2016-10-20,183.5778045654297,184.1357082954343,182.91689335064908,183.56921296847952,73639800
2016-10-21,183.6636962890625,183.74953370840024,182.61654263850906,183.57787196667618,89089100
2016-10-24,184.4447021484375,184.81378719491968,184.09278719868496,184.53911803503095,60146600
2016-10-25,183.8267364501953,184.52197485427587,183.66365324984093,184.26447575355573,66542300
2016-10-26,183.45765686035156,184.0413092406965,182.7624053880732,183.00274747656863,75705500
2016-10-27,182.96839904785156,184.2129626474341,182.89115325338958,184.17863554887782,77220200
2016-10-28,182.42767333984375,183.62073988076526,181.71527791279635,182.9426715562345,140623200
2016-10-31,182.436279296875,182.9856046590172,182.2731960789508,182.76243263577368,61272500
2016-11-01,181.11447143554688,182.8139579649102,179.90424769711947,182.7624476574243,122781800
2016-11-02,180.02439880371094,181.19171684432766,179.58664635288605,180.80546160019983,103330800
2016-11-03,179.2003936767578,180.4535490528735,178.9257375581942,180.23896863961014,88939300
2016-11-04,179.00296020507812,180.15310792810095,178.8570471145705,179.31195648407876,109122100
2016-11-07,182.9512481689453,182.98558836805617,179.00297657285438,179.00297657285438,109794900
2016-11-08,183.77523803710938,184.34173343556697,182.29034533837805,182.55642293848587,106772100
2016-11-09,185.72361755371094,186.34161010540024,182.25599122512685,182.2817398233683,258429000
2016-11-10,186.18710327148438,187.38016966505043,184.7279593011942,186.513269641377,172113300
2016-11-11,185.75796508789062,185.99829409588128,184.81381915562696,185.46613887775177,100552700
2016-11-14,185.9038543701172,186.48751981254912,185.15711884076237,186.28151793340604,94580000
2016-11-15,187.3544464111328,187.3544464111328,186.08413405189424,186.29012286331468,91652600
2016-11-16,187.00254821777344,187.23429874841773,186.61630606466625,186.7364705811207,65617700
2016-11-17,187.96383666992188,188.0239123666414,187.04542634579707,187.1570123357797,69797200
2016-11-18,187.5432586669922,188.20416992760926,187.36300537884298,188.03250823700608,86265800
2016-11-21,188.95948791503906,188.98523651431762,187.97242335083433,188.11833644572866,72402600
2016-11-22,189.3285675048828,189.50880769460164,188.59898895463746,189.26847871034497,67429000
2016-11-23,189.43161010742188,189.4831073175899,188.61620705354298,188.81361739150404,56620200
2016-11-25,190.13539123535156,190.1697183342997,189.69763886784216,189.77489776013326,37872300
2016-11-28,189.2427215576172,190.1010430617208,189.13972716814772,189.82638699081997,76572500
2016-11-29,189.61184692382812,190.06675636995516,188.9766841608632,189.27710198994313,69886700
2016-11-30,189.1569366455078,190.39292196424532,189.09684784117636,190.22983874900225,113291800
2016-12-01,188.461669921875,189.45731297095935,188.1011633438361,189.45731297095935,79040500
2016-12-02,188.55609130859375,189.0453409292025,188.19559779196308,188.5475128071081,74840300
2016-12-05,189.68907165527344,190.03239505297432,189.19124356074346,189.38865385957408,67837800
2016-12-06,190.28990173339844,190.32424193270595,189.39725300563228,189.87791102034856,59877400
2016-12-07,192.77903747558594,192.83911317744608,190.01524086325963,190.13540536392824,110738100
2016-12-08,193.25106811523438,193.72314752940352,192.48716255301375,192.75325320241515,99714400
2016-12-09,194.4184112548828,194.43558135317642,193.43992520330906,193.47426539989627,88005800
2016-12-12,194.1952667236328,194.80468083711352,193.77468441450114,194.32400972798507,102016100
2016-12-13,195.49131774902344,195.98914583553722,194.83899806511636,194.85616816380934,110477500
2016-12-14,193.87767028808594,195.89471801398045,193.43991792822192,195.1909011737838,142501800
2016-12-15,194.67593383789062,195.5342554988994,193.88627948139643,194.1180299970146,124972600
2016-12-16,194.295166015625,195.19308922448477,193.9757194067393,195.1326462584023,156420200
2016-12-19,194.71827697753906,195.1413383257183,194.32975823998248,194.476531399764,90341100
2016-12-20,195.46939086914062,195.61617718563676,195.02044237752733,195.25354568789194,89838800
2016-12-21,194.92543029785156,195.51252274776837,194.92543029785156,195.33984927274236,67909000
2016-12-22,194.58876037597656,194.89957797729542,194.19159942879057,194.77870519756837,56219100
2016-12-23,194.87362670898438,194.8822557716593,194.44193644069242,194.6318680385307,36697800
2016-12-27,195.3571014404297,195.7542490766812,195.12398502619658,195.14125632425026,42672500
2016-12-28,193.74264526367188,195.63345131390588,193.6304147186624,195.61619318337856,64095000
2016-12-29,193.69944763183594,194.1656673706514,193.25911508358175,193.8116781541725,48696100
2016-12-30,192.991455078125,194.11385243836685,192.30074799688836,194.0275091129091,108998300
2017-01-03,194.4678497314453,194.97724112010118,193.29365159666258,194.2951630733348,91366500
2017-01-04,195.62478637695312,195.77155950439442,194.78730610485513,194.79593516853652,78744400
2017-01-05,195.46939086914062,195.62480625019472,194.67508218304283,195.35716033330948,78379000
2017-01-06,196.16868591308594,196.6349055786483,195.03764641076808,195.58158033237478,71559900
2017-01-09,195.5211944580078,196.04785719941958,195.48665185331058,195.90971312891796,46939700
2017-01-10,195.5211944580078,196.37593289918138,195.13266261295402,195.53845258621277,63771900
2017-01-11,196.07374572753906,196.07374572753906,194.7700325488776,195.43483932065197,74650000
2017-01-12,195.58163452148438,195.77157933485879,194.2261336341972,195.5557341536737,72113200
2017-01-13,196.03057861328125,196.3327539353642,195.7197610532733,195.75429048254387,62717900
2017-01-17,195.33985900878906,195.79744966877882,194.95134037708073,195.39165973646453,61240800
2017-01-18,195.7715606689453,195.81473233589497,195.03768185323028,195.59024493741396,54793300
2017-01-19,195.04632568359375,195.98740742972183,194.6146353588587,195.84926336401224,66608800
2017-01-20,195.76290893554688,196.25502899418407,195.0981022291084,195.72836633633,129168600
2017-01-23,195.2534942626953,195.82332855290545,194.49372838322267,195.76289876862668,75061600
2017-01-24,196.50546264648438,196.91988171493335,195.3571646758191,195.46939521414495,95555300
2017-01-25,198.2062530517578,198.2062530517578,197.29105872315566,197.45510311388756,84437700
2017-01-26,197.9990692138672,198.32715804870278,197.72278110576516,198.05949900367568,59970700
2017-01-27,197.688232421875,198.22352411150052,197.50691672182785,198.07675100867226,59711100
2017-01-30,196.46231079101562,197.02350306168475,195.47805717033017,196.99760269067824,79737300
2017-01-31,196.44493103027344,196.50537397868266,195.40024817871412,195.9700692004107,75880800
2017-02-01,196.52267456054688,197.36015473939247,195.93558211615368,196.44497347363748,79117700
2017-02-02,196.65220642089844,196.9371236048232,195.83199747125346,196.52269142412754,69657600
2017-02-03,198.0076904296875,198.1890061402115,197.2479245108015,197.5587420330272,80563200
2017-02-06,197.6537628173828,197.99912304640782,197.31704482792452,197.60196207656548,57790100
2017-02-07,197.66238403320312,198.28401920518414,197.47243922097869,198.042273657652,57931200
2017-02-08,197.92138671875,198.05088854775087,197.11843585651454,197.66236988660492,51566200
2017-02-09,199.0956268310547,199.3978022203506,197.92142836252987,197.92142836252987,65955200
2017-02-10,199.88121032714844,200.10569768356132,199.11280222635648,199.44089102471955,66015900
2017-02-13,200.9690704345703,201.22808720362417,200.34743545849713,200.3733358179885,55182100
2017-02-14,201.77206420898438,201.7807064473189,200.44246374570403,200.78781075134617,71109000
2017-02-15,202.82540893554688,203.01535375890472,201.50443741119582,201.55623814953978,86785800
2017-02-16,202.65269470214844,203.03258427254195,201.90155779877912,202.85126855062055,84722400
2017-02-17,202.97218322753906,202.97218322753906,201.97065836677095,201.9879296710311,77204100
2017-02-21,204.18092346191406,204.35359698144185,203.3348008201812,203.34344305935187,88946100
2017-02-22,203.99961853027344,204.22409280015881,203.6110997971794,203.7751442603881,62115200
2017-02-23,204.1377410888672,204.53488884555063,203.37796183379365,204.51763071640397,74615900
2017-02-24,204.396728515625,204.4398870064227,203.24843073375635,203.29160239869657,82381600
2017-02-27,204.71612548828125,204.88879893203406,204.05996113236486,204.31033564968553,56515400
2017-02-28,204.16363525390625,204.57805430129002,203.7751165736,204.3363087591375,96961900
2017-03-01,207.02142333984375,207.48765629569718,205.80405339018023,205.82132469295286,149158200
2017-03-02,205.7176971435547,206.84009454688626,205.66589641594808,206.8314523095236,70246000
2017-03-03,205.84718322753906,206.0112276351819,205.25144855731665,205.63133809624927,81974300
2017-03-06,205.23419189453125,205.58816790002123,204.6298149833005,205.05287618633375,55391500
2017-03-07,204.62123107910156,205.28603792368858,204.41401496316493,204.9320486659343,65103700
2017-03-08,204.24130249023438,205.17375507284743,204.10315843929723,204.91473827087572,78168800
2017-03-09,204.50035095214844,204.82843983038214,203.53336879416761,204.36220687982436,90683900
2017-03-10,205.21694946289062,205.50186665919932,204.267225475195,205.45869499173256,81991700
2017-03-13,205.32057189941406,205.3637435712909,204.82845172762308,205.15652745076886,57256800
2017-03-14,204.5348358154297,204.8283951986883,203.92184303604526,204.77658130224904,59880800
2017-03-15,206.30482482910156,206.72788613365728,204.87160964140134,205.1047261295561,96081800
2017-03-16,205.8989715576172,206.5206065522453,205.5708959362205,206.44290547145192,78344000
2017-03-17,205.53741455078125,206.35252518012385,205.53741455078125,206.1617540442583,89002100
2017-03-20,205.31202697753906,205.82363462147973,204.92181798184637,205.53747782958234,52537000
2017-03-21,202.67587280273438,206.04036769204072,202.54580758029502,205.91896907394496,131809300
2017-03-22,203.1527862548828,203.4389429554005,202.086211812194,202.7105512985133,97569200
2017-03-23,202.93603515625,204.0719823082905,202.56317266330282,203.15281936790532,100410300
2017-03-24,202.78860473632812,203.81181976966536,202.00818693908641,203.23951955970136,112504900
2017-03-27,202.5804901123047,202.84063379234286,200.8375499495262,201.1150268384983,87454500
2017-03-28,204.0546417236328,204.47953029498882,202.16427658595657,202.2770086060099,93483900
2017-03-29,204.24539184570312,204.4795224816916,203.543013169195,203.7684772006866,61950400
2017-03-30,204.8956756591797,205.09512657877775,204.01120596490804,204.1846306168366,56737900
2017-03-31,204.41885375976562,205.08653963367206,204.3668144323098,204.55758560527133,73733100
2017-04-03,204.0633087158203,204.67030184137948,202.8319760235552,204.47086407829386,85546500
2017-04-04,204.19334411621094,204.28006307781868,203.39557994895193,203.77712220969664,56466200
2017-04-05,203.58636474609375,205.84959218884566,203.37824716313773,204.86972342901407,108800600
2017-04-06,204.15869140625,204.67896555017163,203.28287476541027,203.72512300391986,69135800
2017-04-07,203.95053100585938,204.6442429502869,203.46493661419655,203.90717152843487,74412300
2017-04-10,204.07196044921875,204.86972467488317,203.54300650018013,204.08930688910144,67615300
2017-04-11,203.8291778564453,203.93323004030114,202.33770147437562,203.69043279033238,88045300
2017-04-12,202.93603515625,203.74247930396604,202.71058433945345,203.5517081391927,81864400
2017-04-13,201.61798095703125,203.33492141880774,201.61798095703125,202.59784981569032,92880400
2017-04-17,203.40426635742188,203.40426635742188,201.93880318650014,202.13824092689617,68405400
2017-04-18,202.7972869873047,203.33492082138852,202.1122547107801,202.66722175488167,83225800
2017-04-19,202.42437744140625,203.73374899208096,202.19891344901046,203.36088659151088,68699900
2017-04-20,204.07196044921875,204.51420866175764,202.71922923042013,203.0400655952371,92572200
2017-04-21,203.42160034179688,204.0459398398568,203.0227248594819,203.99391375359454,110389800
2017-04-24,205.65879821777344,205.86691577762866,203.3955710262372,205.66746482097167,119209900
2017-04-25,206.85548400878906,207.2023334323872,206.2137980205294,206.3005169921576,76698300
2017-04-26,206.7253875732422,207.70525629530476,206.68204132265512,206.82077314115497,84702500
2017-04-27,206.89883422851562,207.2023241527077,206.36120044512217,207.04624588851578,57410300
2017-04-28,206.44790649414062,207.18496474801913,206.31782805066376,207.15895170561492,63532800
2017-05-01,206.9681854248047,207.39308717979222,206.55196350512594,206.9681854248047,66882500
2017-05-02,207.0462188720703,207.22831015653398,206.63866359347344,207.10691155640652,57375700
2017-05-03,206.7947540283203,207.1416166430293,206.11838846895753,207.0462310779163,73137700
2017-05-04,207.03756713867188,207.17631219520794,206.18777682243794,207.09827306270273,61462700
2017-05-05,207.85267639160156,207.8700228314147,206.96819320152605,207.4104414122922,62001300
2017-05-08,207.81797790527344,208.0434286765807,207.39307617283666,207.89601703017337,48385700
2017-05-09,207.627197265625,208.27754973957022,207.28033467398123,208.07811201903442,51363200
2017-05-10,208.0000762939453,208.0000762939453,207.37573681053132,207.58385438215467,54293800
2017-05-11,207.57518005371094,207.7399381378494,206.49125921749004,207.54916701215808,62358300
2017-05-12,207.22828674316406,207.618495540097,206.95947653264255,207.32367229187687,53912700
2017-05-15,208.3729248046875,208.49432339778545,207.6358534120865,207.65319984865886,61918900
2017-05-16,208.1822052001953,208.69381273828816,207.79199628523395,208.66779969272122,51241800
2017-05-17,204.48818969726562,208.18218739791666,204.42748377516224,208.18218739791666,172174100
2017-05-18,205.31202697753906,206.16181751527475,204.1500533654969,204.41019710644545,107047700
2017-05-19,206.64730834960938,207.31500719544832,205.7454921627825,205.79751823855761,115011400
2017-05-22,207.6965789794922,207.86133706388557,207.08958595656034,207.15894524650494,61010600
2017-05-23,208.15621948242188,208.32097761361436,207.68795813782648,208.06950049817553,48341700
2017-05-24,208.6417236328125,208.74577578365418,208.05206390465142,208.39025985779398,46927700
2017-05-25,209.6389617919922,209.9164518843952,208.94526302389642,209.1533673617428,64071700
2017-05-26,209.5955810546875,209.760325884556,209.37011708384506,209.4481561976965,46629900
2017-05-30,209.41351318359375,209.66497700491354,209.11868988095512,209.2747681359558,35201900
2017-05-31,209.3614959716797,209.74303825312643,208.6677839355453,209.70834537401862,91796000
2017-06-01,211.02639770507812,211.0437441446966,209.53492145284687,209.82107816499718,68962000
2017-06-02,211.72874450683594,211.88483597701514,210.78356877734706,211.078392049241,88666100
2017-06-05,211.5726776123047,211.84148785882437,211.373226654634,211.55533117436477,44698800
2017-06-06,210.89630126953125,211.56398693426056,210.81824891852972,211.00902003172516,50375400
2017-06-07,211.28651428222656,211.511965042533,210.566789292094,211.23448820149852,54144300
2017-06-08,211.3905792236328,211.86750704489805,210.86162531849425,211.38191262013916,65950700
2017-06-09,211.06976318359375,212.4571740689785,209.80373768461638,211.65940983280444,132256400
2017-06-12,211.02639770507812,211.07842379247697,210.1766074041648,210.82695995956365,86108100
2017-06-13,212.05828857421875,212.11031466064384,211.21716489312982,211.56401429026786,60067000
2017-06-14,211.78955078125,212.3358381071095,210.96576002609672,212.32717150022506,78602300
2017-06-15,211.38189697265625,211.5032955698595,210.15923116631717,210.4367080035868,66464900
2017-06-16,211.42813110351562,211.59369268113136,210.54805670711647,211.54141287682805,84553100
2017-06-19,213.18824768066406,213.24923634067045,212.16002966360008,212.25588038302146,65123800
2017-06-20,211.75047302246094,212.83967962820253,211.73305528987402,212.83097076190907,56906400
2017-06-21,211.69822692871094,212.25590026777624,211.22769545036692,212.14263180401596,55977600
2017-06-22,211.6023406982422,212.20358486679302,211.42807030201936,211.70691357275902,44148100
2017-06-23,211.8551025390625,212.1862123944671,211.27999810643712,211.66340106152072,66986800
2017-06-26,211.9945068359375,212.9443053367406,211.78538762517763,212.52604032325613,56700500
2017-06-27,210.28662109375,212.0729228867936,210.26919006225233,211.7766485352585,82247700
2017-06-28,212.16879272460938,212.36920306894754,211.07086367305584,211.3061360835291,70042600
2017-06-29,210.30404663085938,212.36917839400562,209.09284924505067,212.31689859685977,106949700
2017-06-30,210.6961669921875,211.48911273716445,210.50446553085283,211.11441868238066,86820700
2017-07-03,211.05345153808594,212.07294761588778,211.05345153808594,211.6372648495118,39153800
2017-07-05,211.5414276123047,211.75054684408474,210.6090600506729,211.41943696177177,54427600
2017-07-06,209.60699462890625,210.89661197489454,209.4240020053887,210.77462132454409,65400800
2017-07-07,210.96630859375,211.11443913804672,209.61568936565516,210.1820849366538,57972300
2017-07-10,211.19284057617188,211.56753463484975,210.66130711803464,210.96629034495894,36663300
2017-07-11,211.03599548339844,211.34968756983605,209.86836899898452,211.1928348786266,50354600
2017-07-12,212.62188720703125,212.78744877653742,212.00322515843493,212.00322515843493,59610400
2017-07-13,212.97914123535156,213.092422998322,212.40403684855306,212.63060037449395,39471600
2017-07-14,213.97244262695312,214.3297055604104,212.88323609517724,212.97908680181266,60262700
2017-07-17,213.9463653564453,214.27748849373867,213.77209491954747,213.89408555497417,33531900
2017-07-18,214.0596160888672,214.11189588275872,213.19695960171654,213.53679155799162,42742500
2017-07-19,215.21853637695312,215.22724524405382,214.36458874579398,214.37331090887497,51034300
2017-07-20,215.3144073486328,215.5932373778615,214.76544286211356,215.4712467470774,47135200
2017-07-21,215.1227264404297,215.148866342668,214.5127599322484,214.73932347962415,82340800
2017-07-24,215.0704345703125,215.2098429424349,214.59988976445536,215.04428137355856,46622300
2017-07-25,215.59324645996094,215.9243695986017,215.3666962206701,215.8197966992518,54915600
2017-07-26,215.6019287109375,215.9156207782958,215.34052973478933,215.8807720134695,47575400
2017-07-27,215.40147399902344,216.09856881568894,214.07699517695673,216.06372005804565,70766600
2017-07-28,215.1488494873047,215.27954898825683,214.46918549038995,214.92228595767858,50088400
2017-07-31,215.02682495117188,215.6454868861101,214.81769248664054,215.5496361685307,65838700
2017-08-01,215.50611877441406,215.66295818011,214.98329416346337,215.62810941083828,55050400
2017-08-02,215.6106719970703,215.75009366199518,214.67830457086475,215.636811897246,47211200
2017-08-03,215.19239807128906,215.52350787130842,214.91355477024075,215.4973679738327,40856000
2017-08-04,215.58453369140625,215.91564352807455,215.20113075801802,215.6803844247533,60191800
2017-08-07,215.98532104492188,215.98532104492188,215.54963837800045,215.65421125932787,31995000
2017-08-08,215.45375061035156,216.89151114154518,215.07906996329893,215.67159190635263,61719400
2017-08-09,215.44505310058594,215.49733288702532,214.40812634961082,214.76538928491755,62632600
2017-08-10,212.40403747558594,214.73930379736694,212.3517576759011,214.60859100217328,120479500
2017-08-11,212.71774291992188,213.31027837749468,212.39534193764374,212.63061434697283,74869900
2017-08-14,214.82643127441406,215.04427263598282,213.96378799202998,213.9986367596491,73291900
2017-08-15,214.80030822753906,215.22728211626676,214.49533827500437,215.20985108309884,55242700
2017-08-16,215.17498779296875,215.72395228486332,214.7480139330528,215.3231183249441,56715500
2017-08-17,211.82022094726562,214.87872214140077,211.82022094726562,214.56503005215566,128490400
2017-08-18,211.4890899658203,212.77870696105012,211.04468512785718,211.65463821371043,136748000
2017-08-21,211.65463256835938,211.91604482560402,210.72227858256187,211.42808236993656,65469700
2017-08-22,213.86795043945312,214.0247898473758,212.2210701763533,212.2385012092277,63140100
2017-08-23,213.10113525390625,213.52810911682874,212.75259438750788,212.90072492052627,50203800
2017-08-24,212.60443115234375,213.6413447239777,212.39529868708377,213.48450534701752,50741700
2017-08-25,213.10113525390625,214.01607164817918,212.95300472088786,213.39739631994303,64445900
2017-08-28,213.10986328125,213.65881449613164,212.6915982748861,213.63267459523166,40565600
2017-08-29,213.35379028320312,213.61518922571128,211.6807572752783,211.79403901435103,51135700
2017-08-30,214.36459350585938,214.63472794374306,213.15339615295224,213.3363887339727,62030800
2017-08-31,215.6542510986328,215.8982323735028,214.39948265874023,214.98329594474924,103803900
2017-09-01,215.9591827392578,216.3861565425385,215.81105222693105,216.02889356199628,62007000
2017-09-05,214.40817260742188,215.68037196782498,213.4409564616852,215.4538084497364,91398800
2017-09-06,215.14012145996094,215.47124458132453,214.55630821164922,215.08784166100486,57916900
2017-09-07,215.114013671875,215.46256787691527,214.70447079094234,215.4451368426674,58034700
2017-09-08,214.86129760742188,215.32312023944576,214.61731634129535,214.82643554312847,63832800
2017-09-11,217.15293884277344,217.2313585238919,216.11601207250075,216.1334298043192,71364800
2017-09-12,217.88491821289062,217.91976697822463,217.33595376302054,217.5189463449708,56896000
2017-09-13,217.98948669433594,218.02434875707223,217.48409315250922,217.59737491243038,59228000
2017-09-14,217.91973876953125,218.12016235619492,217.4927782935498,217.6670486896226,95446300
2017-09-15,218.21315002441406,218.30071098989268,217.67022660776115,217.775305111122,95432400
2017-09-18,218.67726135253906,219.02753193324287,218.29195569658518,218.5809349385506,46235200
2017-09-19,218.8961639404297,218.98373825864107,218.57216301458448,218.9224335635001,47108100
2017-09-20,218.97496032714844,219.08880426194065,217.97667462148394,218.98372577564885,59574100
2017-09-21,218.38827514648438,218.9049289132353,218.21313986171728,218.81736795183463,48211400
2017-09-22,218.43206787109375,218.59845107254785,218.06427975512648,218.09054938041226,51214000
2017-09-25,217.98545837402344,218.528395143318,217.24113005139031,218.17811120152052,57064400
2017-09-26,218.1168212890625,218.65974469994075,217.88038129704904,218.41455262006244,54082000
2017-09-27,218.9662322998047,219.35153794116275,217.93291141052939,218.81736664054645,81001400
2017-09-28,219.22897338867188,219.30778227336725,218.59847558717362,218.68603656062376,44778800
2017-09-29,219.99957275390625,220.07839500104708,219.03632186830936,219.2202092670468,85578000
2017-10-02,220.95401000976562,220.95401000976562,220.05203741355766,220.22718602607998,59023000
2017-10-03,221.4268798828125,221.4531495026969,220.8751911413137,220.9540133629302,66810200
2017-10-04,221.68960571289062,221.93479775778118,221.16418655271696,221.27803048854625,55953600
2017-10-05,223.00315856933594,223.02066274400573,221.72464563427442,222.0223769472458,63522800
2017-10-06,222.7492218017578,223.0382010543097,222.29387270255486,222.55656896672323,80646000
2017-10-09,222.3814697265625,223.0382372174041,222.1187600578321,222.97694586648265,35803100
2017-10-10,222.9680938720703,223.3446473688877,222.40765303189386,222.95058969972615,43057400
2017-10-11,223.31837463378906,223.31837463378906,222.7053945612021,222.87176436793303,47674300
2017-10-12,222.9856414794922,223.3534295777759,222.74920150132218,223.0031590161625,47065100
2017-10-13,223.25709533691406,223.53732246594643,222.98563365689205,223.42347852453142,54800400
2017-10-16,223.55487060546875,223.74752345407535,223.14330864195566,223.48482717140053,38221700
2017-10-17,223.71246337890625,223.75625053916676,223.28337058749773,223.502293026835,31561000
2017-10-18,223.93136596679688,224.1327708517824,223.7387131683015,224.0889836954036,40888300
2017-10-19,223.99264526367188,224.02768033167854,222.7316634166635,223.15199069899964,61903800
2017-10-20,225.14857482910156,225.17487117611148,223.97516715360754,224.78956555498408,89176400
2017-10-23,224.27293395996094,225.49892123463263,224.1941250735496,225.47265160582884,63915300
2017-10-24,224.66693115234375,224.90335773374272,224.3078951942681,224.70196622052663,66935900
2017-10-25,223.55487060546875,224.44807805246592,222.42523650406423,224.33423408866176,103715300
2017-10-26,223.8438262939453,224.43928895455974,223.72123025429138,224.1678406117184,69798000
2017-10-27,225.67398071289062,225.8316251660089,223.85255793086253,224.58813405767742,85562500
2017-10-30,224.83335876464844,225.57770044809095,224.53562743605787,224.5881666867543,54285700
2017-10-31,225.18360900878906,225.43756651350975,224.88587770708503,225.209878631765,60304800
2017-11-01,225.4813232421875,226.30447366503012,225.11354854836372,225.96296859219376,54202700
2017-11-02,225.56890869140625,225.70902225156678,224.34294844491293,225.41129095769904,56449500
2017-11-03,226.322021484375,226.36579528131784,225.31495691539166,225.72653215758763,59589700
2017-11-06,226.67233276367188,226.80368090203288,226.1206438586212,226.1906872911022,49652600
2017-11-07,226.51467895507812,227.1101415701888,226.00676393565465,226.77737519000038,57502200
2017-11-08,226.89996337890625,226.99630315000863,226.05930868277113,226.33953582279315,50469600
2017-11-09,226.07691955566406,226.26957244208836,224.4918959259359,225.69161378281552,95085500
2017-11-10,226.00672912597656,226.18187773823513,225.37623153534238,225.69149369262257,59984700
2017-11-13,226.21690368652344,226.4445915553938,225.28867476195268,225.32370983191618,50228600
2017-11-14,225.69151306152344,225.79659154832598,224.6319092970982,225.41128594743105,61315200
2017-11-15,224.56190490722656,225.2449419140767,223.8525982741104,224.7195226648228,80811500
2017-11-16,226.4709014892578,226.83870297952345,225.46386352096016,225.50763732326016,67777000
2017-11-17,225.80531311035156,226.44457615505033,225.72650425123962,226.12057527072577,75756800
2017-11-20,226.19065856933594,226.3833113891138,225.80535292978027,226.0505717221622,48075500
2017-11-21,227.67054748535156,227.85446155625675,226.15562146799138,226.96124099451092,69176800
2017-11-22,227.46914672851562,227.81065178760568,227.30276356098338,227.67930368795567,45033400
2017-11-24,227.9945526123047,228.09965782216804,227.81943071038896,227.9595442662785,27856500
2017-11-27,227.88076782226562,228.33611690074267,227.67934954628222,228.03838557359245,52274900
2017-11-28,230.192626953125,230.2188965842735,228.24859407632223,228.34493387315877,98971700
2017-11-29,230.05242919921875,230.8580754663208,229.6058456330416,230.32389086310647,77512100
2017-11-30,232.06654357910156,232.97724165581693,230.89312254939045,230.97193141811024,127894400
2017-12-01,231.58494567871094,232.32928744559283,228.34490905218865,231.8476686855761,164390900
2017-12-04,231.30470275878906,233.6340139703488,231.25213678791715,233.20493454568205,94040600
2017-12-05,230.4727325439453,232.18907656242757,230.34138445751728,230.4727325439453,77994500
2017-12-06,230.51654052734375,230.94564663856292,230.05242607049982,230.56907976970888,75898600
2017-12-07,231.2434539794922,231.55868953736882,230.253920049596,231.2434539794922,77218600
2017-12-08,232.50437927246094,232.51311799713196,231.2083489043539,232.19788253468707,76563900
2017-12-11,233.2049560546875,233.2662607564171,232.4781452556727,233.2049560546875,83077500
2017-12-12,233.61659240722656,234.08947252085082,233.24005209634973,233.99313271810342,85195800
2017-12-13,233.59024047851562,234.29954703708705,233.5026661588548,233.86170216271307,102905400
2017-12-14,232.63575744628906,234.001831407951,232.58321819575838,233.88798745715712,100666700
2017-12-15,234.57298278808594,235.03946956148346,233.58720144509695,233.64000924129087,144610300
2017-12-18,236.0605010986328,236.41256208052275,235.8668635295137,235.97247913802755,83653600
2017-12-19,235.15394592285156,236.35095870776016,235.0835176057788,236.3069611549893,82382900
2017-12-20,235.03065490722656,236.17485961736992,234.73140178088948,236.12205182216493,76751500
2017-12-21,235.5147705078125,236.22772957066448,235.2683251398561,235.65560026957766,67032300
2017-12-22,235.45315551757812,235.56758136623222,234.91624042632304,235.53236721421683,78720900
2017-12-26,235.1715545654297,235.39159606437855,234.90751551090486,235.04831843296174,45244400
2017-12-27,235.28590393066406,235.64677509485375,235.01305470953724,235.3387117243966,57751000
2017-12-28,235.77005004882812,235.8140744628945,235.4003953896571,235.787670558668,45116100
2017-12-29,234.8810272216797,236.36850953912682,234.68741653613384,236.35091589331208,96007400
2018-01-02,236.5622100830078,236.59742424454294,235.3563869406468,235.74366213592793,86655700
2018-01-03,238.05845642089844,238.20809643270974,236.7293974037698,236.7293974037698,90070400
2018-01-04,239.06185913085938,239.54596651632667,238.12010198488656,238.70101473112751,80636400
2018-01-05,240.6549530029297,240.77816225162655,239.36110815870046,239.8539988745469,83524000
2018-01-08,241.0950469970703,241.25347040718765,240.26768893019437,240.55813184874282,57319200
2018-01-09,241.6407470703125,242.26565732120056,241.23585142785015,241.517510954642,57254000
2018-01-10,241.2710418701172,241.53510772322946,240.21485903925273,240.88376677397508,69574300
2018-01-11,243.0313720703125,243.0313720703125,241.65831559560675,241.82554924347087,62361500
2018-01-12,244.61570739746094,244.78291419901413,242.99617857933265,243.2954586087151,90816100
2018-01-16,243.77952575683594,246.52563878958108,243.08418724517006,245.8743246847843,106555100
2018-01-17,246.10317993164062,246.49045508517855,243.7795558709453,244.7125295970506,113258800
2018-01-18,245.6894989013672,246.41121445686719,245.1965813324595,245.98875205570212,100728000
2018-01-19,246.80726623535156,246.80726623535156,245.6894654703297,246.2703511928904,140920100
2018-01-22,248.81405639648438,248.81405639648438,246.54321373437313,246.59604839071403,91322400
2018-01-23,249.3421173095703,249.6325601354047,248.5323531487981,248.85801011915012,97084700
2018-01-24,249.24542236328125,250.58329198636795,248.06600304750637,249.98475864210113,134816100
2018-01-25,249.35093688964844,250.20469870958607,248.558793116429,250.10789337376553,84587300
2018-01-26,252.23782348632812,252.28184787874196,249.9317941162781,250.18704963861404,107743100
2018-01-29,250.56564331054688,252.10593376676047,250.40721988157878,251.66585077927087,90118300
2018-01-30,247.99554443359375,250.61842153870128,247.52024734225674,248.7348805420454,131796400
2018-01-31,248.11874389648438,249.350970695276,247.0449405017096,248.84929658255598,108364800
2018-02-01,247.83706665039062,249.1397216647866,247.044922826452,247.38820037112447,90102500
2018-02-02,242.4417266845703,246.6489189381392,242.40651252489292,246.5168725544824,173174800
2018-02-05,232.30213928222656,242.79372681065547,231.75644081648184,240.681334388842,294681800
2018-02-06,236.87905883789062,237.38075985985745,227.6989347198052,228.79033186749533,355026800
2018-02-07,235.59397888183594,239.72193155097972,235.5147403268163,236.32450463806282,167376100
2018-02-08,226.75717163085938,236.03412882262248,226.7219574697927,235.89329903889058,246449500
2018-02-09,230.16329956054688,232.02043604444762,222.61147725970145,229.54717290929267,283565300
2018-02-12,233.54315185546875,235.01304031908876,230.3041486890838,232.21409312002078,143736000
2018-02-13,234.12416076660156,234.66985940002604,231.75651202955515,232.33742482464626,81223600
2018-02-14,237.2838897705078,237.64476096412412,232.62780526622583,232.63661551940828,120735700
2018-02-15,240.31167602539062,240.3204862790797,236.56216098587512,239.0266414316785,111200300
2018-02-16,240.38217163085938,242.32735822099875,239.64283526567962,239.68685969083964,160420100
2018-02-20,238.8769989013672,240.8749925095738,238.08485503306727,239.4315076673359,86369700
2018-02-21,237.68878173828125,241.79916815751923,237.5919763859256,239.31709396501657,98883700
2018-02-22,237.99681091308594,240.3292447538347,237.32790321531238,238.6129376757864,110511300
2018-02-23,241.79029846191406,241.79029846191406,238.74493283044296,239.22022980292311,92766400
2018-02-26,244.59812927246094,244.69496150122345,242.27450496911635,242.86420115503918,86491400
2018-02-27,241.54388427734375,245.49584682465152,241.48226622730925,244.7828878438035,99099200
2018-02-28,239.0970916748047,243.09305288834784,238.78024480369112,242.64415962706857,121907800
2018-03-01,235.62037658691406,240.43488420283526,234.12408410220073,238.88578392318158,176855100
2018-03-02,236.83497619628906,237.3982951408114,233.0854885563493,233.94803375692632,139083200
2018-03-05,239.5723419189453,240.18846875059273,235.541167333542,235.64680979709024,97307400
2018-03-06,240.17967224121094,240.6285654402573,238.68337948474397,240.5493268729292,79213200
2018-03-07,240.09165954589844,240.44372054320368,237.8208432818271,238.01448085942482,87063500
2018-03-08,241.2534942626953,241.37670352923723,239.77482190099204,240.769386869871,66901200
2018-03-09,245.4517822265625,245.4517822265625,242.344798661436,242.66167225220462,113625300
2018-03-12,245.14373779296875,246.36718099254543,244.75646274134198,245.74227087490794,71924800
2018-03-13,243.5594940185547,246.80730813965732,242.95217743587503,246.30560716082977,91968900
2018-03-14,242.3096923828125,244.70374501010537,241.75521035804832,244.5189176685173,105895100
2018-03-15,242.0456085205078,243.4626626446098,241.54390753995625,242.82015876545825,83433000
2018-03-16,242.3080291748047,243.35962338871246,242.25500988402808,242.57312562868768,100343700
2018-03-19,239.029541015625,242.4847756433966,237.3770433606268,241.5569109929973,109208400
2018-03-20,239.4360809326172,240.07233951458812,238.75562162094462,239.42723539305518,59757300
2018-03-21,238.97653198242188,241.4862109901256,238.76445478878995,239.3918677986891,78709600
2018-03-22,233.00279235839844,237.59796887507576,232.72882336769504,236.74963315890716,148785900
2018-03-23,228.0364532470703,233.77162621271538,227.8420401470805,233.4446648554846,183534800
2018-03-26,234.27536010742188,234.55814776258674,229.23833646935893,231.64197760203004,141956100
2018-03-27,230.28985595703125,235.74221375579822,228.73455132957181,235.21202078562462,129941400
2018-03-28,229.60940551757812,232.09260187443158,228.50479184044528,230.42241304991515,146452300
2018-03-29,232.54327392578125,234.40787590041907,229.61825896543695,230.74938233105553,111601600
2018-04-02,227.52391052246094,232.52560454766385,225.04957315969895,232.0130486932908,186286300
2018-04-03,230.44007873535156,230.9172793982048,226.96717978305338,228.76107132825462,119956900
2018-04-04,232.90562438964844,233.612566483105,226.7551418786171,226.8876901501262,123715300
2018-04-05,234.74366760253906,235.6273585175287,233.57718912240716,234.66411168825624,82652600
2018-04-06,229.5122528076172,234.27533379736204,227.9923030419464,232.7819206539907,179521200
2018-04-09,230.64337158203125,234.03674208867398,229.70666119589032,230.970332966311,105442900
2018-04-10,234.31063842773438,235.0971362790858,232.39304426307268,233.53298611524056,103529000
2018-04-11,233.0823516845703,234.7436951143563,232.75539032260153,232.82607373811788,91140200
2018-04-12,234.99989318847656,235.94544883781194,234.23108649030613,234.40783544147104,68890500
2018-04-13,234.31063842773438,236.42267263862578,233.30324481789924,236.30778850590198,85079200
2018-04-16,236.23712158203125,237.00595546518431,235.12368917353777,235.94551539526447,63405300
2018-04-17,238.7644500732422,239.36535342206966,237.49193300036845,238.00446186422565,64682000
2018-04-18,238.94126892089844,239.74540415540753,238.48173225190538,239.20636548522953,57303900
2018-04-19,237.61566162109375,238.49050699178184,236.5817313909208,238.28724837406062,77655900
2018-04-20,235.6007843017578,237.76583748520963,234.71709352779416,237.5449147917187,99953100
2018-04-23,235.56549072265625,236.7319691881383,234.4873867411846,236.17523960378978,65558000
2018-04-24,232.39308166503906,236.81153690795716,230.8907960952027,236.59061414581126,112885500
2018-04-25,232.9674530029297,233.40929848464276,230.51079320332934,232.33119443053855,103840900
2018-04-26,235.3357391357422,236.16641080171698,233.5506930918964,233.99253857515498,67731900
2018-04-27,235.55662536621094,236.2459031345323,234.619915244341,235.9454514886593,57053600
2018-04-30,233.7451171875,236.73199710984161,233.67440680470918,236.1752674598288,82182300
2018-05-01,234.1604461669922,234.2664847699566,231.62423039491986,233.17953515335418,74203400
2018-05-02,232.58749389648438,234.7790304291084,232.1986676791265,233.96604976962223,86368900
2018-05-03,232.07493591308594,232.72885865092718,228.92015243741184,231.75682008433407,136311500
2018-05-04,235.07945251464844,235.75991179330262,230.77588198168894,231.10284331231682,91222100
2018-05-07,235.87484741210938,236.84688607701938,235.15903278879605,235.84833775703208,55304900
2018-05-08,235.87484741210938,236.23713704212827,234.31069685820916,235.50368527291405,67499200
2018-05-09,238.15469360351562,238.48165491620054,236.0249953336343,236.54636971982185,59666100
2018-05-10,240.3816680908203,240.70865648473887,238.79103473411064,238.8970733621426,72063900
2018-05-11,241.1151123046875,241.38020883675154,239.99280739335714,240.5053633128291,59871500
2018-05-14,241.22998046875,242.20201900063026,240.6820693919491,241.54809628614152,54790600
2018-05-15,239.56858825683594,240.01925223966236,238.6230326009291,240.00158813166456,87036100
2018-05-16,240.57603454589844,241.03557113568027,239.57745937885377,239.6039959988271,53942600
2018-05-17,240.3727569580078,241.45086087471745,239.59510469440028,240.31089212610618,56536400
2018-05-18,239.77186584472656,240.3904603285665,239.4183948402933,240.028143784387,64368000
2018-05-21,241.57460021972656,242.11366574391533,240.86765821907193,241.25648440986458,58025900
2018-05-22,240.90296936035156,242.35223541747547,240.5760080340291,242.09595749896323,52966400
2018-05-23,241.56581115722656,241.5923477823612,239.47146734832646,239.63055225855956,64694200
2018-05-24,241.07090759277344,241.44206969964975,239.2858613807374,241.16812763166678,76043800
2018-05-25,240.4964599609375,241.12387291474323,239.9927497029885,240.4964599609375,56374800
2018-05-29,237.7305145263672,239.6304715224005,236.61708233856234,238.870483330366,115908600
2018-05-30,240.90296936035156,241.3448148214591,238.96771105135883,239.03839445916907,69678400
2018-05-31,239.42724609375,240.7969563816566,238.82634267506256,240.49650467231288,93519900
2018-06-01,241.7777557373047,242.07820730784667,240.65545140558623,240.72616175635915,71258400
2018-06-04,242.92665100097656,243.1829289425689,242.36110278324185,242.59968964520834,45385200
2018-06-05,243.10337829589844,243.48335892041933,242.2903707808217,243.0591775688871,51135000
2018-06-06,245.1359100341797,245.24194865313652,243.09458571492277,243.71318028298782,62732200
2018-06-07,245.10935974121094,245.9135217591233,244.19915912192252,245.62191560533927,72969400
2018-06-08,245.83392333984375,245.88694262554947,244.48187761814697,244.64978101224858,72139700
2018-06-11,246.1609649658203,246.87675252466192,245.94004221387883,246.0549263597859,58892500
2018-06-12,246.47911071777344,246.84140030338042,245.8340065658228,246.57630378510464,72329000
2018-06-13,245.69261169433594,246.9739744526654,245.48935305247187,246.71769650737758,79070600
2018-06-14,246.31126403808594,246.84145719683949,245.71917905332324,246.5586965015429,77097600
2018-06-15,245.99700927734375,246.33432412249087,244.41697691524166,245.52655096416757,120041600
2018-06-18,245.490966796875,245.61525205762882,244.06184883342064,244.54116518123627,52917600
2018-06-19,244.55001831054688,244.7719330277071,242.8013292557565,243.21853000758566,97531500
2018-06-20,244.96726989746094,245.6330141870954,244.62995512310675,245.2335567776329,53785500
2018-06-21,243.43165588378906,244.97620134762934,242.93456888760426,244.95843082613084,71061400
2018-06-22,243.8754425048828,244.80750077533844,243.65352773894645,244.69210076277875,54898500
2018-06-25,240.55563354492188,242.88129622130432,238.86908655045588,242.72152407312717,137854200
2018-06-26,241.08815002441406,241.9402949387843,240.36914852022696,241.12366396352903,68547400
2018-06-27,239.09104919433594,243.1032596682067,238.94013518693654,241.67414113035653,105110700
2018-06-28,240.4580078125,241.22138170301798,238.32760411321343,239.03774770937838,76650500
2018-06-29,240.80418395996094,242.91681716626175,240.68878393099698,241.549814428795,97592500
2018-07-02,241.31895446777344,241.4787536700917,238.99329230174064,239.23297756061706,63554800
2018-07-03,240.46682739257812,242.31317335709,240.04076839246304,242.21551677676098,42187100
2018-07-05,242.42857360839844,242.49071624932256,240.52011188401102,241.59419894270374,56925900
2018-07-06,244.47903442382812,244.85183600448178,242.07345921926444,242.4551731469632,66493700
2018-07-09,246.6804962158203,246.73375360283254,245.43777870351792,245.48215082962477,50550400
2018-07-10,247.5680694580078,247.66572602641563,246.84018263606114,247.1331252520839,51966800
2018-07-11,245.7572479248047,246.8047060907769,245.45544712755907,246.0146766095031,77054700
2018-07-12,247.9852752685547,248.03853263814824,246.41412868714167,247.0177302686697,60124700
2018-07-13,248.1805877685547,248.4823885914814,247.35507136267833,247.80778614167045,48216000
2018-07-16,247.95870971679688,248.36702535070975,247.51488013104566,248.2250237217725,48201000
2018-07-17,248.961669921875,249.35224196917216,247.1330949228008,247.18635228477794,52315500
2018-07-18,249.4854278564453,249.5919425985369,248.5977688867464,249.04159837159585,44593500
2018-07-19,248.54452514648438,249.2013841515407,248.06518169158207,248.819697275046,61412100
2018-07-20,248.26034545898438,248.9704885773737,248.10057341579306,248.34023148058003,82337700
2018-07-23,248.72203063964844,248.92617484629713,247.7100865070093,248.05628647529093,47047600
2018-07-24,249.97364807128906,250.81693499098898,249.10375955328703,250.13344728552968,68026900
2018-07-25,252.10400390625,252.42354809608824,249.68068544318126,249.72505755092584,78882900
2018-07-26,251.50927734375,252.19276496602095,251.28736261180742,251.38501918024653,57919500
2018-07-27,249.80499267578125,251.9353687298182,248.8818197863248,251.83771215930585,76768700
2018-07-30,248.50018310546875,250.0447013158275,247.97644038274046,249.88492917459178,63742500
2018-07-31,249.72511291503906,250.33759983721637,248.88185305654915,249.26353995320895,68570500
2018-08-01,249.30789184570312,250.4352361042399,248.65991811770908,249.92926397666997,53853300
2018-08-02,250.66600036621094,250.8346306288183,247.79885247470432,248.0030237661536,63426400
2018-08-03,251.74012756347656,251.79338494263322,250.61278316317959,250.7903258198392,53935400
2018-08-06,252.66323852539062,252.9738974643912,251.38500756134454,251.77557963864749,39400900
2018-08-07,253.49774169921875,253.87945580216868,253.1959407751562,253.32911134715974,43196600
2018-08-08,253.39111328125,253.79057063969998,252.92954038482864,253.32899774327862,42114600
2018-08-09,253.04498291015625,253.84387067212316,252.91183946469604,253.45329850596946,35717000
2018-08-10,251.34945678710938,252.14834425026606,250.6393135282625,251.60688541151606,77076000
2018-08-13,250.40859985351562,252.23717515726742,250.11565722463394,251.62468830328046,65732900
2018-08-14,252.00643920898438,252.2461245279351,250.74597832621112,251.13655053785575,43842000
2018-08-15,250.1245574951172,250.79918701865486,248.68655421743193,250.6571583247941,102925400
2018-08-16,252.14840698242188,253.0183225324878,251.52703486248876,251.5625488065655,69967900
2018-08-17,253.03610229492188,253.47993184740568,251.5359562403902,251.94427184369758,65618500
2018-08-20,253.5775909423828,253.84387784082335,253.0361047966119,253.48881961316718,39807500
2018-08-21,254.1722869873047,255.03331734212685,253.61305745623818,254.0924009241815,67272000
2018-08-22,254.02139282226562,254.54510839160795,253.49765016371987,253.76396412235042,44993300
2018-08-23,253.68405151367188,254.70485385858763,253.36448021459879,253.84382361860813,49204900
2018-08-24,255.2108612060547,255.35288990424277,254.2078021489293,254.26105952459926,57487400
2018-08-27,257.2259521484375,257.3324669472564,256.2495213439036,256.409293542132,57072400
2018-08-28,257.3501281738281,257.7939577065519,256.8885281227042,257.68741586376615,46943500
2018-08-29,258.7348937988281,258.9656667527116,257.32351902828185,257.5631772420402,61485500
2018-08-30,257.6874694824219,258.6283861204424,257.0927529547803,258.25558440533797,61229500
2018-08-31,257.6962585449219,258.14008800431367,256.7908561998748,257.2790577695256,66140800
2018-09-04,257.2524719238281,257.6075301326266,256.24941284429883,257.2791006122579,57594400
2018-09-05,256.56005859375,257.1015446256181,255.54814150332868,256.8973733202907,72452400
2018-09-06,255.78778076171875,256.96835512817944,254.7580932317507,256.6665543659955,65909900
2018-09-07,255.29067993164062,256.26711004337847,254.50065058558093,254.74033580207853,73524800
2018-09-10,255.7345733642578,256.56897502417314,255.539287293018,256.3026610601894,50210900
2018-09-11,256.57781982421875,257.0216493185275,254.7403863055744,255.08655922474992,50530500
2018-09-12,256.63995361328125,257.2435552033378,255.84995122701346,256.5866962429352,59810800
2018-09-13,258.1579284667969,258.34435641404013,257.4211832065274,257.7052406687176,51034200
2018-09-14,258.2022705078125,258.5484434532182,257.4211262043679,258.3620426364613,55079900
2018-09-17,256.835205078125,258.18443676051925,256.5600330053288,258.1489499112022,68244000
2018-09-18,258.2289123535156,258.82362878130147,257.02168188962406,257.04831057908905,61930400
2018-09-19,258.5040588378906,258.92125965755014,258.15785882001853,258.28214408465055,49080600
2018-09-20,260.5989074707031,260.9184787850341,258.52178873975845,259.7645329642432,100360600
2018-09-21,260.36083984375,261.45761269257395,260.200344464458,261.34169029247494,105479700
2018-09-24,259.4959411621094,259.9239561004905,258.9163563078542,259.78128445436346,53409600
2018-09-25,259.25518798828125,260.05769215619654,259.0144449014566,259.95069522871887,44370000
2018-09-26,258.4794616699219,260.58380737485373,258.06037218301276,259.397888348233,79739700
2018-09-27,259.20166015625,260.28950748207143,258.67557384787006,258.95199161647935,59249500
2018-09-28,259.22845458984375,259.7277917564604,258.5418727887045,258.57752029215237,70091400
2018-10-01,260.1290588378906,261.19905539547744,259.4603007849608,260.4678733934338,62078900
2018-10-02,259.9774475097656,260.6907785092049,259.60295825920167,259.9774475097656,47258200
2018-10-03,260.1201171875,261.44870772895086,259.763451690474,261.02961828669123,64694600
2018-10-04,258.087158203125,259.6921669454175,256.4999732159816,259.6386684681304,111545900
2018-10-05,256.642578125,258.8271712774559,255.21588894088282,258.31001039427775,105951700
2018-10-08,256.642578125,256.9992436180711,254.57388016862174,255.95596915870948,87742200
2018-10-09,256.26800537109375,257.5698463801317,255.7062444172972,256.25910710370897,74339000
2018-10-10,248.15377807617188,255.83113366704777,247.77928885427428,255.75978424546548,214731000
2018-10-11,242.6878662109375,248.6888380999141,241.0739049737835,247.06597859221083,274840500
2018-10-12,246.0584259033203,247.0749241399052,242.8662050993109,246.78958079875062,183186500
2018-10-15,244.6762237548828,247.03026467764224,244.58705059050632,245.70164711563956,102263700
2018-10-16,250.0263671875,250.40088371315002,246.1654155605399,246.63800355014712,118255800
2018-10-17,250.0708465576172,250.6950041829952,247.49388674930324,250.06192107908365,110626000
2018-10-18,246.45960998535156,249.73207777845568,245.18451792696698,249.13464199071754,134557500
2018-10-19,246.32591247558594,249.0455180000834,245.63040510530487,247.110593039357,139901600
2018-10-22,245.22015380859375,247.31557344485046,244.68514204987417,246.99458271671577,82415800
2018-10-23,243.97183227539062,245.09535446998242,239.51344542298992,241.5999944163272,146352700
2018-10-24,236.57986450195312,244.1056242594676,236.02702884400423,243.72218227993628,177806700
2018-10-25,240.8242645263672,242.3668765084421,237.39132767423288,238.41675143052652,138061500
2018-10-26,236.5887451171875,241.64456778915647,233.87806549908413,237.11485871303157,201574600
2018-10-29,235.27789306640625,240.97572247068177,231.7022866042766,239.6827798650179,160749100
2018-10-30,238.76441955566406,239.07651205137157,234.6181255750687,235.10856441456093,157116000
2018-10-31,241.3146514892578,243.6330180983539,240.8598873218433,241.332475240434,128296300
2018-11-01,243.88267517089844,244.07884527191928,241.0917207748512,242.17956820563373,99495000
2018-11-02,242.43812561035156,245.41632417623367,240.38725173475345,244.9883093263752,122634100
2018-11-05,243.77569580078125,244.32853143115284,241.95666629775653,242.92859139177023,65622500
2018-11-06,245.31822204589844,245.47871740787724,243.65079006885313,243.71321400245424,60085900
2018-11-07,250.57025146484375,250.6504991579241,247.0659389293435,247.49395383760404,102752100
2018-11-08,250.11549377441406,250.75750254744202,248.97414786812354,249.76772655026718,65584900
2018-11-09,247.67225646972656,248.9919212498932,246.26339131943897,248.80467666575584,98812600
2018-11-12,243.04446411132812,247.40475152616438,242.52727608994468,247.16400847527626,99673600
2018-11-13,242.58975219726562,245.5055275101857,241.86749567744292,243.50817883431395,98176600
2018-11-14,240.93125915527344,244.86353278425742,239.3708236094798,244.4622942567266,125335900
2018-11-15,243.44569396972656,243.9093835190534,238.08673262015606,239.6649914330321,135101400
2018-11-16,244.07882690429688,244.98832791595154,241.8317827868211,242.3489708377892,126668000
2018-11-19,239.95040893554688,243.76678736008276,239.03198224402044,243.47251856087186,103061700
2018-11-20,235.50978088378906,238.07781560828795,234.64485289966032,236.61545191890372,136021300
2018-11-21,236.3123016357422,238.21157858547755,236.30340336703676,237.06130728135892,75563700
2018-11-23,234.73403930664062,236.13397913932772,234.57354393026174,234.67161536743865,42807900
2018-11-26,238.52365112304688,238.74657042316187,236.59762510463386,236.98996524978256,79981400
2018-11-27,239.32614135742188,239.3261413574219,236.88295467686297,237.4892886073652,75502400
2018-11-28,244.8367462158203,244.8367462158203,239.26376297348142,240.39621058389733,127629600
2018-11-29,244.3018341064453,245.70174723144342,242.91971752501314,244.06106374333942,82346400
2018-11-30,245.79080200195312,246.35256296273798,243.82912859069464,244.15011930438473,98204200
2018-12-03,249.04544067382812,250.02629107399719,247.44935801682948,249.91929415976597,103176300
2018-12-04,240.9757843017578,248.64421433245005,240.6636918121923,248.21619944288898,177986000
2018-12-06,240.61019897460938,240.7261213773136,234.01179240772498,237.1148392029293,204185400
2018-12-07,235.01937866210938,241.8407041633417,234.1811998724855,240.2713434999047,161018900
2018-12-10,235.46524047851562,236.43716550863462,230.60558811608786,234.84105545903276,151445900
2018-12-11,235.51876831054688,238.85363325284783,234.04750596611032,238.66638860838694,121504400
2018-12-12,236.70465087890625,239.86119617276037,236.62440318649877,238.49693097816925,97976700
2018-12-13,236.6243896484375,238.51474108187907,235.50979307571671,237.64981305297454,96662700
2018-12-14,232.2552032470703,235.42957247444892,231.70236763728906,234.47547116758975,116961100
2018-12-17,227.69871520996094,232.4156821266384,226.06694412299714,231.30108550488026,165492300
2018-12-18,227.44908142089844,230.0082049076415,225.8440593190549,229.33944683236652,134515100
2018-12-19,224.04283142089844,231.30108403130993,222.33973813419806,227.52929289696613,214992800
2018-12-20,220.39590454101562,224.3638663077274,218.14887365057305,222.7945189589598,252053400
2018-12-21,215.8800811767578,223.96101871006718,215.23432328750374,221.2972708382368,255345600
2018-12-24,210.1759033203125,216.00565237267747,210.11312852383378,214.391257590333,147311600
2018-12-26,220.79501342773438,220.79501342773438,209.6557098934448,211.6378306042303,218485400
2018-12-27,222.49012756347656,222.68742954792995,214.31950984244187,217.55726318862372,186267300
2018-12-28,222.20306396484375,225.47668587100645,221.0371117498519,223.84436371831148,153100200
2018-12-31,224.14938354492188,224.39154620365275,221.9520191496797,223.826504561738,144299400
2019-01-02,224.38253784179688,225.30634138582334,220.5887205734624,220.6156260112586,126925200
2019-01-03,219.02816772460938,222.93858465556823,218.54384243531666,222.63363352752896,144140700
2019-01-04,226.3646697998047,227.01042771007872,221.68293179300352,222.05962162643488,142628800
2019-01-07,228.14944458007812,229.55754588854347,225.7368234968738,226.63370784391665,103139100
2019-01-08,230.2930450439453,230.77737038366868,227.80868459688853,230.3379056956439,102512600
2019-01-09,231.3692626953125,232.21233619521877,229.77280960690814,231.00153681805648,95006600
2019-01-10,232.18544006347656,232.43656660303958,229.15396638327567,229.83560729240676,96823900
2019-01-11,232.27517700195312,232.30208244436346,230.5262411330452,231.10921063243282,73858100
2019-01-14,230.85800170898438,231.66519206414895,229.97009505537687,230.3736765475915,70908200
2019-01-15,233.5038604736328,233.81777548974284,231.22576641958676,231.23474402227959,85208300
2019-01-16,234.0688934326172,234.95680020292303,233.72807299168477,233.93433888012572,77636700
2019-01-17,235.84471130371094,236.70574002421503,233.15405813629934,233.19891877819984,96118400
2019-01-18,238.9838409423828,239.4502384089013,235.88062817469122,237.6564693733523,127900300
2019-01-22,235.7550048828125,237.72816138252549,234.14062401631128,237.51291789918878,115531200
2019-01-23,236.24838256835938,237.48608773129274,233.78194984738963,236.786518817993,86030300
2019-01-24,236.37387084960938,236.95686760170713,235.05544969694287,236.06893344044875,59204100
2019-01-25,238.3739471435547,239.19909287762562,236.4725564959135,238.22146474449312,96883400
2019-01-28,236.56222534179688,236.62498644464915,234.7953620742769,236.2303825110158,85613700
2019-01-29,236.24838256835938,237.2708168089913,235.41428643533789,236.70580248615997,66136300
2019-01-30,239.98826599121094,240.83133934221308,237.00165360106413,237.7640106572768,92473700
2019-01-31,242.09605407714844,242.58037942609383,239.71033775106037,239.92560866767272,104012100
2019-02-01,242.2125701904297,243.23503142330026,241.42330763257937,242.29328649238212,85782500
2019-02-04,243.9166259765625,243.9794144412397,241.58472151923812,242.2573846874624,60744800
2019-02-05,244.93914794921875,245.24408537670902,243.8449478290519,244.3472009297113,79552800
2019-02-06,244.61618041992188,245.15431639750443,243.88075620031626,244.6610410509812,58347800
2019-02-07,242.2843780517578,243.54896103786973,240.62513634791188,243.00187466224952,95482000
2019-02-08,242.580322265625,242.67896641065443,240.21253433604474,241.03768001867587,75788900
2019-02-11,242.7148895263672,243.4951746958544,242.1857309329304,243.23509788652132,68021400
2019-02-12,245.83607482910156,246.21275103424225,244.25754917128475,244.32931526704692,72270200
2019-02-13,246.6342315673828,247.47730509020485,246.24857784565816,246.6701146070692,65277200
2019-02-14,246.087158203125,247.21724136156533,244.73285393361263,245.54902206240385,83234400
2019-02-15,248.76885986328125,248.80474290860056,247.65673179507854,247.86299772149064,97088700
2019-02-19,249.19924926757812,249.85395713440005,247.9615448471062,247.97052244661782,59120800
2019-02-20,249.70162963867188,250.15904951559108,248.66124028122954,249.16349343713352,76610800
2019-02-21,248.8135528564453,249.42342736220647,247.85388047869657,249.06467926297788,64214700
2019-02-22,250.35630798339844,250.5535962624302,248.7957106185881,249.4324908366338,78114600
2019-02-25,250.6971893310547,252.30262052999672,250.61647299645952,251.7824394723564,69030700
2019-02-26,250.5177001953125,251.3966291901217,250.14099678987034,250.3472900084141,56844100
2019-02-27,250.41009521484375,250.75986584188928,248.86745319974762,249.80019311902595,56921600
2019-02-28,249.94371032714844,250.63432875589552,249.6208451168797,250.1948368364919,69268300
2019-03-01,251.50436401367188,251.91692322065217,250.06934333678146,251.52229185023873,78880500
2019-03-04,250.58949279785156,252.80479833338205,248.2934709518045,252.56264940183235,106494600
2019-03-05,250.24871826171875,250.91243144340865,249.7016318220463,250.71511574681074,59114600
2019-03-06,248.73292541503906,250.3742391075912,248.41006018612026,250.36526150543068,75039800
2019-03-07,246.6521759033203,248.4279894138157,245.80910241765017,248.2844846321337,94885100
2019-03-08,246.15887451171875,246.32928473028312,244.32925011882517,244.7956201339422,85795800
2019-03-11,249.728515625,249.88994826166174,246.8495241215637,246.8764295610073,65098900
2019-03-12,250.6702117919922,251.19042007076519,250.09622000970506,250.28455806959337,79667500
2019-03-13,252.32948303222656,253.26225058005173,251.3967154844014,251.5581754968613,80639200
2019-03-14,252.1680450439453,252.7779199246628,251.72858040500805,252.35638312195522,67518400
2019-03-15,253.41390991210938,254.22465597227253,252.53108165162246,252.72027680899396,81309000
2019-03-18,254.332763671875,254.63005465232644,253.40490461128536,253.6301133880431,62199800
2019-03-19,254.39581298828125,256.1614419912601,253.50399508471358,255.3957541907001,90268100
2019-03-20,253.630126953125,255.38676650230929,252.52211730665212,254.17965069328343,84609200
2019-03-21,256.4947204589844,256.9000796525872,252.76525093004852,252.81030916798105,79550400
2019-03-22,251.55813598632812,255.65692362450096,251.4950709478828,255.1344514991071,122659300
2019-03-25,251.36904907226562,252.40500400111463,250.10788535491432,251.2158949999089,85575200
2019-03-26,253.24269104003906,254.1975737908098,251.8373908599879,253.12557810981843,68125900
2019-03-27,251.91848754882812,253.81926358336898,250.369050339607,253.23369887450275,72224700
2019-03-28,252.8733367919922,253.32375420585268,251.39598197000436,252.5490494498353,56238500
2019-03-29,254.46783447265625,254.7921218179241,253.2607190908857,254.38676263633928,82186800
2019-04-01,257.4856262207031,257.78291713150287,256.19743891736897,256.4677058809414,77617900
2019-04-02,257.6116943359375,257.8459201497663,256.81895541955635,257.674759361398,40070400
2019-04-03,258.01708984375,259.2242050567065,257.4135184916249,258.827835584835,68243200
2019-04-04,258.70172119140625,258.95395382593165,257.6477599115769,258.34139278369787,48997500
2019-04-05,259.9540100097656,260.00805792032935,259.0801988005749,259.36847265111993,58621700
2019-04-08,260.152099609375,260.2601953909309,258.872902047936,259.53052137413107,53566300
2019-04-09,258.8188781738281,259.51251116404137,258.2693820694969,259.18822378928195,66142300
2019-04-10,259.70159912109375,259.791688074006,258.8187713686155,259.2331475624655,52601500
2019-04-11,259.629638671875,260.1971691008526,259.0621082428974,260.1881519539477,55093100
2019-04-12,261.3861999511719,261.66545650897547,259.6746195187743,261.24206310016143,69727800
2019-04-15,261.215087890625,261.5574095392261,260.4133316619226,261.4583034082265,49596700
2019-04-16,261.3861999511719,262.1519149447241,260.79164574998873,262.09786706200686,52153200
2019-04-17,260.74664306640625,262.5302783705718,260.3322392659286,262.50325442630555,58268300
2019-04-18,261.2601318359375,261.53039880489104,260.0350095488409,261.33221402417837,68708500
2019-04-22,261.48529052734375,261.63844452957363,260.4043053322833,260.4943943046953,40160100
2019-04-23,263.8365783691406,264.07080428337645,261.62053180568597,261.8547302286173,52246600
2019-04-24,263.2510681152344,264.08883821424797,263.10693119099966,263.75553360440216,50392900
2019-04-25,263.08880615234375,263.7464254877272,261.89972504731713,263.151871189565,57770900
2019-04-26,264.3139953613281,264.3860500637135,262.3591713542615,263.13390373424016,50916400
2019-04-29,264.7283935546875,265.25089328238977,264.3140171264198,264.40410613029644,57197700
2019-04-30,264.8634338378906,265.1517075672727,262.9717027806485,264.3859925010435,81111700
2019-05-01,262.8725891113281,265.70122345349637,262.86357196651386,265.494021561834,71671900
2019-05-02,262.3050842285156,263.67437079078803,260.8096950831011,262.7555016521478,65030200
2019-05-03,264.8724060058594,265.1516625427487,262.41311756123395,263.78240379763696,56543700
2019-05-06,263.7825012207031,264.2239015566236,260.25121605943474,260.56651379565,107198100
2019-05-07,259.3774108886719,261.97182004663614,257.46764511719874,261.37726565699415,144729900
2019-05-08,259.01702880859375,260.7286094294374,258.4224745419498,259.01702880859375,91568300
2019-05-09,258.2333679199219,258.8369119830217,255.20654798317443,256.9451804502703,103471100
2019-05-10,259.5306091308594,260.28730734891536,254.30574882812994,257.2965280885226,112429300
2019-05-13,253.00845336914062,255.3776533351691,252.1706835876977,254.41378097488916,127290500
2019-05-14,255.29664611816406,256.82807669036634,253.90036279568258,254.0264654064371,77003200
2019-05-15,256.79205322265625,257.43163845061366,253.45895233256329,253.66615430389857,73956400
2019-05-16,259.17022705078125,260.53046913612627,257.42260504214363,257.49465974223233,76749600
2019-05-17,257.4946594238281,259.98097268898067,256.8460571586275,256.8640914521032,100353000
2019-05-20,255.7920684814453,257.60272784879845,255.0443601554767,255.89114711983015,62877600
2019-05-21,258.09814453125,258.47647968936485,257.2333234729753,257.48555607548246,46847100
2019-05-22,257.3055114746094,258.26039439766816,256.82807001308,257.1433677687246,49482500
2019-05-23,254.16160583496094,255.12547841333594,252.74728825511212,255.08044765884011,98733800
2019-05-24,254.73805236816406,256.0172498237098,254.116474184375,255.6028460403203,55268100
2019-05-28,252.368896484375,255.97223615216205,252.35088968290407,255.01735333950248,70029400
2019-05-29,250.67529296875,251.65719961381828,249.26999286284527,251.25184044363232,104972900
2019-05-30,251.36000061035156,252.2698527997743,250.2609807597185,251.43205531752093,62523800
2019-05-31,247.9727783203125,249.6393281503251,247.9457543767467,248.81057555344347,86862800
2019-06-03,247.3422393798828,249.12587484626778,246.0089938617991,248.0088483932753,96428000
2019-06-04,252.71121215820312,252.8463318942807,249.18894441751831,249.63936186530972,77231900
2019-06-05,254.900146484375,254.92717042227451,252.52195747534927,254.3326162971956,71169700
2019-06-06,256.5577392578125,257.2333653557435,254.54889525439398,255.19749740805958,69430400
2019-06-07,259.12518310546875,260.2061961055513,257.4045849508437,257.5757458007118,74272200
2019-06-10,260.3142395019531,261.98078942020163,260.2241505215321,260.67456793234,60799100
2019-06-11,260.251220703125,262.50330815727335,259.6026184166782,262.1339625158368,58641300
2019-06-12,259.7918701171875,260.575592323251,259.2783874679363,260.0170789116337,47096300
2019-06-13,260.86376953125,261.22412549987916,259.99897568740136,260.70162584014724,48945200
2019-06-14,260.5754699707031,261.179013861294,259.809754930864,260.5754699707031,52324700
2019-06-17,260.6745910644531,261.44030622903506,260.50343023385363,260.80971080142655,39205700
2019-06-18,263.4040832519531,264.4580720370348,262.1339029176426,262.4942588214182,85434800
2019-06-19,263.99871826171875,264.5302076436877,262.56639382733385,263.5392835877693,78674400
2019-06-20,266.5210266113281,266.9264133528406,264.0617646861457,266.6831978027144,116570000
2019-06-21,266.13360595703125,267.50952485915224,265.9163628738044,266.251288502116,83309500
2019-06-24,265.8077697753906,266.65864781741556,265.653870824963,266.3418441621465,47582700
2019-06-25,263.20068359375,265.8891769398379,263.0920620646163,265.8620215575545,82028700
2019-06-26,262.93817138671875,264.60376601063865,262.8295498541817,264.09684710879384,51584900
2019-06-27,263.8704833984375,264.37740218570366,263.3183148578448,263.6984901357934,40355200
2019-06-28,265.2283935546875,265.7262515028233,264.3322381980387,264.8481905283756,59350900
2019-07-01,267.63629150390625,268.7768730392971,266.43233818876865,268.55960231230983,78705600
2019-07-02,268.333251953125,268.38756271925695,266.74912348259073,267.59096798264414,61504500
2019-07-03,270.4786071777344,270.496729182922,268.86732334148513,269.01216125794673,40898900
2019-07-05,270.17083740234375,270.333797324257,267.95307413888946,269.2475267615392,51677300
2019-07-08,268.68634033203125,269.9898541670269,268.143204963281,268.85833365921906,45841800
2019-07-09,269.021240234375,269.31994946484144,267.47332806284766,267.52763883202334,41101300
2019-07-10,270.30657958984375,271.25707311636285,269.5552623450755,270.0893365552128,58448500
2019-07-11,270.9402160644531,271.1846144550714,269.9354395002428,270.94927706503216,50826100
2019-07-12,272.15325927734375,272.2256920471457,271.12132712023003,271.4290973293695,40326000
2019-07-15,272.24383544921875,272.58782210519985,271.7369164693559,272.58782210519985,33900000
2019-07-16,271.36572265625,272.3614660428078,271.05795245040616,272.15325636311616,36650100
2019-07-17,269.5190734863281,271.5014992547846,269.5190734863281,271.33856696217356,36036300
2019-07-18,270.5057678222656,270.88597081349883,268.5776803578232,269.0212274934216,51392600
2019-07-19,269.003173828125,271.62829590298804,268.83118049951213,271.60114051557616,58678600
2019-07-22,269.6639099121094,270.2070451761584,268.88543721281127,269.40138946990106,43638100
2019-07-23,271.5920104980469,271.5920104980469,269.9535714155049,270.7863824595344,44564500
2019-07-24,272.8683776855469,272.8683776855469,270.7411140582117,270.8316412045889,47213200
2019-07-25,271.56494140625,272.4701578776042,270.7592854867379,272.4158470993241,55394100
2019-07-26,273.3843994140625,273.5835481165805,272.126135424287,272.25287897362153,45084100
2019-07-29,272.8865661621094,273.38445182636275,272.3343973413195,273.2667692579935,38126500
2019-07-30,272.21661376953125,272.62397210504514,271.10318791079754,271.4833908656109,45849000
2019-07-31,269.23846435546875,272.6511473201297,267.21984978486825,272.46103201638994,104245200
2019-08-01,266.8938293457031,272.35227964127324,266.09723500323275,269.3922338516339,142646600
2019-08-02,264.8843688964844,266.24219324196565,263.32739587533223,265.99779480478156,116749700
2019-08-05,256.91845703125,260.89234160663744,255.01749757121055,260.7837200874932,178745400
2019-08-06,260.52130126953125,260.7385720175603,257.33494909026734,258.81045642576964,120711700
2019-08-07,260.67510986328125,261.4445491572325,255.30718443460782,257.4434814036897,140572300
2019-08-08,265.78955078125,265.78955078125,261.61651775871724,262.16868632785787,87713900
2019-08-09,263.9791564941406,265.44560238852426,262.19587938954885,264.8481563528481,93730000
2019-08-12,260.7656555175781,263.9701011986558,259.8151618664045,262.4764998896778,65527600
2019-08-13,264.8210754394531,266.26942736125375,260.1229996048397,260.4669862940816,94299800
2019-08-14,256.9908752441406,261.372118364232,256.86415934036023,260.76563897648515,135622100
2019-08-15,257.6698303222656,258.5660133001021,255.62406014182483,257.8780400292399,99556600
2019-08-16,261.4717102050781,261.90619630989795,257.7241018009672,259.3263521875103,83018300
2019-08-19,264.6218566894531,265.3007688833208,263.8162285844009,264.4951407782686,53571800
2019-08-20,262.5941162109375,264.64894666486117,262.4674003310705,264.114872519348,51596400
2019-08-21,264.73046875,265.1015830539715,264.06965102889666,264.7576241289492,49524700
2019-08-22,264.6490173339844,266.07021351807236,262.87480116707053,265.4365786995359,51666400
2019-08-23,257.85089111328125,265.0111559870093,256.60168809011344,263.34556116445606,149161500
2019-08-26,260.7022705078125,260.7022705078125,258.5116351075703,260.0414527243702,72423800
2019-08-27,259.679443359375,262.4675255465736,258.9190648424156,262.09638348025754,66668900
2019-08-28,261.50787353515625,261.67080579140867,258.2128739087133,259.0185294396297,59696700
2019-08-29,264.8482666015625,265.37330771132565,263.0649887546435,264.0697935681453,57899400
2019-08-30,264.73046875,266.3507857356442,263.79809723940434,266.3326913580127,62901200
2019-09-03,263.1825256347656,263.94290385983123,261.8518568346499,263.0286543645162,69101400
2019-09-04,266.1698303222656,266.18792470473994,264.60379605038094,265.3551411107405,46887300
2019-09-05,269.591552734375,270.50580250609715,266.13361948386745,268.6591809547892,83258100
2019-09-06,269.7997741699219,270.44249779254926,269.2295109643044,269.9084233579126,49584300
2019-09-09,269.93548583984375,270.8768908116145,268.9940532430665,270.78639129029517,51260300
2019-09-10,269.8720703125,269.9354420671524,267.91680029395496,269.17503626132765,57947100
2019-09-11,271.79119873046875,271.8726648838631,269.5281579417055,270.1799147938697,68821100
2019-09-12,272.7326354980469,273.79172313296596,271.9360407085292,272.69641910988423,72908700
2019-09-13,272.5515441894531,273.5291931620798,272.180402229938,273.1761455816851,62104800
2019-09-16,271.70977783203125,272.5968999139856,271.06708187598014,271.42010193281993,58191200
2019-09-17,272.397705078125,272.4882046094224,271.33858983685184,271.5105831463322,41475500
2019-09-18,272.5606689453125,272.66929049545473,269.971735625201,272.0084725654059,73375800
2019-09-19,272.5425109863281,273.9456128239517,272.20758537589813,272.9498693706403,76560500
2019-09-20,271.25482177734375,273.42829301296234,270.46365116105824,273.1463545293492,89565000
2019-09-23,271.19122314453125,271.9096544168928,270.3363878970603,270.5910179014609,43476800
2019-09-24,269.0631103515625,272.67341519548154,268.09915238087564,272.28238140130355,94869400
2019-09-25,270.6545715332031,271.1001669203276,267.66264939196464,269.1449700706574,71854000
2019-09-26,270.09075927734375,270.87282694256567,268.6812058097561,270.6636835101628,56179700
2019-09-27,268.6357727050781,270.95475088185464,267.08071215888543,270.84559996849686,84746600
2019-09-30,269.8816223144531,270.5909505610847,269.1086573970001,269.1541161265272,51662400
2019-10-01,266.67138671875,271.4184369525393,266.45314046745057,270.76367044606576,88242400
2019-10-02,261.96075439453125,265.0981834304404,260.66942690190984,265.08908058458655,122539500
2019-10-03,264.1070861816406,264.13436698125076,259.01445748452454,261.73354560518135,85278800
2019-10-04,267.68084716796875,267.9354770605933,264.70710305303584,264.7616923717053,65091200
2019-10-07,266.52593994140625,268.5084455962607,266.2440292191831,266.88061793215365,59610500
2019-10-08,262.38818359375,265.40738677887896,262.35179996128653,264.67077779882845,95708100
2019-10-09,264.87994384765625,265.81662125732413,263.7795817068035,264.4070675955947,62359400
2019-10-10,266.67138671875,267.55350232118553,264.63434769975464,264.7980323882292,55296300
2019-10-11,269.4359130859375,271.67302003413994,269.3086120454655,269.4268102428429,98720400
2019-10-14,269.1359558105469,269.79072252359276,268.7903806352471,269.1177501154781,40394800
2019-10-15,271.80047607421875,272.5461879902581,270.06352513677353,270.1817511420704,46754500
2019-10-16,271.3639831542969,272.0551335613163,270.9274904783572,271.33670236205063,48928200
2019-10-17,272.1642150878906,273.0372280587811,271.4730647866204,272.5279681797132,45736600
2019-10-18,270.9729309082031,272.2733615050628,270.1180958054572,271.62769763046424,64304000
2019-10-21,272.809814453125,273.0098827692464,271.8549593436127,272.2914796022164,39048600
2019-10-22,271.9187927246094,273.6375385402922,271.82784747848075,273.34652485371765,48594700
2019-10-23,272.70989990234375,272.7644614867511,271.45492795580265,271.66409919775487,34352200
2019-10-24,273.15545654296875,273.792045273886,272.32790229380925,273.64653848531685,35453100
2019-10-25,274.27398681640625,274.81963026068695,272.52793334522363,272.58249491439386,45205400
2019-10-28,275.8199462890625,276.32013101368767,275.4652960867663,275.4925768715583,42147000
2019-10-29,275.7381591796875,276.6657615536214,275.4198647916236,275.5471936478828,44284900
2019-10-30,276.5839538574219,276.95678212015764,274.6287285510156,275.93826215273145,49643900
2019-10-31,275.8472595214844,276.5747934558149,274.39224715798696,276.5747934558149,69053800
2019-11-01,278.4026794433594,278.4481381708568,277.1295020424609,277.29321451712957,71141500
2019-11-04,279.5212097167969,280.09413397670744,279.1483538055443,279.9577300463906,60606900
2019-11-05,279.2120056152344,280.0213818195309,278.92099207531345,279.72126543380665,42933200
2019-11-06,279.2756652832031,279.5484731268798,278.3298851708271,279.2120008688192,46487100
2019-11-07,280.2578125,281.5946264927241,279.78493630115787,280.6124904635661,54272300
2019-11-08,280.94903564453125,281.0035972296116,279.212084512575,279.9123100228309,49032100
2019-11-11,280.4124755859375,280.5852631776595,279.4303116169297,279.56674332282523,35797300
2019-11-12,281.0035705566406,281.9038643775972,280.230577837926,280.7762213895236,46484600
2019-11-13,281.09454345703125,281.4946802507706,279.78500990526373,280.0123590947708,53917700
2019-11-14,281.5036926269531,281.585562739211,280.17598142677315,280.8125701165942,51219900
2019-11-15,283.540771484375,283.5862302129895,282.1493958072757,282.8405183461568,62023600
2019-11-18,283.74993896484375,283.9863909798559,282.84964514242654,283.3043434773983,49228000
2019-11-19,283.6680908203125,284.35924115622686,283.0224269685197,284.3501383088859,67804700
2019-11-20,282.6131896972656,283.5953536303308,281.05812918125986,283.07699087413437,79406200
2019-11-21,282.1585388183594,282.83151133088023,281.35829293611516,282.7223881538737,54664700
2019-11-22,282.7860412597656,283.0406712717631,281.7766240612511,282.90426729258405,44850200
2019-11-25,284.97760009765625,284.97760009765625,283.713553290501,283.713553290501,48647200
2019-11-26,285.6232604980469,285.80515091180786,284.69568599405943,285.01398034185087,37569000
2019-11-27,286.8964538574219,286.8964538574219,285.88700918425144,286.1052554908473,44444600
2019-11-29,285.8324279785156,286.5781398116173,285.60507884056364,286.3325849809778,36592700
2019-12-02,283.40435791015625,286.1507255365374,282.9769404159021,286.08706111657636,75767800
2019-12-03,281.5036926269531,281.585562739211,279.30296850429954,280.6852412775978,73941700
2019-12-04,283.24066162109375,283.8408667166338,282.2039639124934,282.5495390662209,49080000
2019-12-05,283.74993896484375,283.95911018986095,282.44040553991834,283.9409322473923,40709000
2019-12-06,286.3416442871094,286.74178092926775,285.65049413200387,285.6595969769635,48927000
2019-12-09,285.4413757324219,286.62358007257694,285.36860847152025,285.950635548419,34838500
2019-12-10,285.1231994628906,286.05077427910413,284.4684326065664,285.3869323258436,52649800
2019-12-11,285.93255615234375,286.18718614809717,285.04133729091274,285.577878076515,53429100
2019-12-12,288.39697265625,289.1790404773349,285.7051662626912,285.9415905269858,96389600
2019-12-13,288.5697021484375,289.79739296590316,287.3874700546423,288.16046262508945,81503900
2019-12-16,290.5521240234375,291.1432260804823,288.5059823049626,290.2974941641302,82749700
2019-12-17,290.61590576171875,291.2342888479106,290.5340633902449,290.93420015250655,61097700
2019-12-18,290.634033203125,291.23423824222414,290.5794716316232,291.0068891101069,48133000
2019-12-19,291.8253479003906,291.8981151659742,290.57037621858717,290.825006142969,85310500
2019-12-20,293.1047668457031,294.23795375085035,291.88018760229625,292.8580047434994,147142100
2019-12-23,293.55255126953125,293.9455076437393,293.40632910700657,293.8906778189208,52990000
2019-12-24,293.56170654296875,293.82670807350945,293.2601146095581,293.7810258479753,20270000
2019-12-26,295.12445068359375,295.1335982854988,293.93643377520567,293.9455534880805,30911200
2019-12-27,295.05133056640625,295.9103684888994,294.52129953864886,295.8555386546152,42528800
2019-12-30,293.424560546875,295.2705907201687,292.9402118941739,295.1335161748802,49729100
2019-12-31,294.1374206542969,294.3841827622408,292.5747148231008,292.9219889831503,57077300
2020-01-02,296.8881530761719,296.90644827655234,294.74970630853255,295.672721478946,59151200
2020-01-03,294.64007568359375,295.7641429457349,293.4429112798059,293.4977411082979,77709700
2020-01-06,295.76409912109375,295.84634385164514,292.7665868662051,292.88539410667613,55653900
2020-01-07,294.93255615234375,295.67278681667864,294.4847419794395,295.19755772617054,40496400
2020-01-08,296.50439453125,297.7198263343244,294.87771109631456,295.12444534201336,68296000
2020-01-09,298.5149230957031,298.5880481404525,297.48224797862525,298.06713678048754,48473300
2020-01-10,297.6557922363281,299.25506045062673,297.18973874984056,299.09971858480566,53029300
2020-01-13,299.7027893066406,299.7119090150215,297.84763982105295,298.27715856348044,47086800
2020-01-14,299.2459411621094,300.3151505804677,298.6884674529028,299.264208473107,62832800
2020-01-15,299.9222106933594,300.6807085322573,299.07232051640693,299.1545652539482,72056600
2020-01-16,302.4171142578125,302.4171142578125,301.0737276112458,301.30219453828755,54050300
2020-01-17,303.35833740234375,303.56850908503526,302.353077542655,303.12987052009737,95846000
2020-01-21,302.7643127441406,303.5685206625626,302.32567416247394,302.39877129641013,77742400
2020-01-22,302.8009338378906,304.2722754026212,302.64559193983825,303.62340922666306,48914900
2020-01-23,303.1481628417969,303.55941441938006,301.0371309067921,302.1520504997015,51963000
2020-01-24,300.45220947265625,303.88836021472963,299.1636529443787,303.8061154859915,87578400
2020-01-27,295.6361999511719,297.1166611579254,294.8685544324489,295.2066810180619,84062500
2020-01-28,298.7342224121094,299.61152758511525,295.72758990467884,297.0618289224419,63834000
2020-01-29,298.4874267578125,300.32430953188833,298.2863747731424,300.0958426351734,53888900
2020-01-30,299.4562072753906,299.6664069187532,295.67280891809725,296.4221593516263,75491800
2020-01-31,294.01873779296875,298.9901815401948,293.1048698672145,298.8348117216408,113845600
2020-02-03,296.2026672363281,298.06696435250046,295.38019223740463,295.498999449619,69083000
2020-02-04,300.7172546386719,301.5854399692841,299.492675464825,299.8125346860519,62573200
2020-02-05,304.1899108886719,304.40011044558366,302.188566799041,303.65073243122515,65951100
2020-02-06,305.2135314941406,305.40543589404376,304.1351464583818,305.14955406449695,50359700
2020-02-07,303.5868835449219,305.22268676878366,303.0385573065691,304.1534770985751,64139400
2020-02-10,305.8532409667969,305.91721840038207,302.6638515575527,302.700414075177,42070000
2020-02-11,306.38323974609375,307.991627648604,305.8531809561454,307.2057149525741,54864500
2020-02-12,308.3572692871094,308.5674410211826,307.4525212476893,307.81806277084456,43992700
2020-02-13,308.0281982421875,308.99689562686603,306.6573968990736,306.9315460120865,54501900
2020-02-14,308.521728515625,308.6405357740244,307.24231936560784,308.4394837726626,64582200
2020-02-18,307.7266845703125,308.58572245034776,306.33758779968736,307.52563255819723,57226200
2020-02-19,309.1979675292969,309.8742206443196,308.41205476200304,308.6953514933789,48814700
2020-02-20,307.927734375,309.4721730276708,304.9393691304808,308.6496697818951,74163400
2020-02-21,304.75665283203125,306.885952596677,303.934149476926,306.57524088234,113788200
2020-02-24,294.649169921875,304.8296393108705,293.5707850824369,295.3071556336412,161088400
2020-02-25,285.72076416015625,296.65061531833436,284.8434588747355,296.0383395057608,218913200
2020-02-26,284.66973876953125,290.71038982346295,283.938655892988,287.1188970838777,194773800
2020-02-27,271.8847961425781,284.7246265399028,271.8847961425781,279.1500278323521,284353500
2020-02-28,270.7424621582031,272.23207101783856,260.94579899354517,263.83362436216396,384975800
2020-03-02,282.4674072265625,282.53138466870956,269.0975162694885,272.52452066836804,238703600
2020-03-03,274.3796081542969,286.8082134931983,271.93959720140725,282.8420313278847,300139100
2020-03-04,285.91259765625,286.1319448399597,277.20344073550206,279.7531390923097,176613400
2020-03-05,276.40838623046875,281.9007394258582,274.1694273459628,278.71135042930734,186366800
2020-03-06,271.83905029296875,273.0453622263488,265.23180535005173,267.9002831419246,228667200
2020-03-09,250.60987854003906,259.71199044908684,249.89706305118028,251.58769550685614,309417300
2020-03-10,263.5777282714844,263.6690927281698,249.94281022843532,260.1233095601224,276444100
2020-03-11,250.72874450683594,257.6558777250476,247.54850256040214,256.5226906304821,255316300
2020-03-12,226.73971557617188,243.69196419793585,226.34674521407393,233.95013117048154,392220700
2020-03-13,246.1227569580078,248.09671374510145,227.11431363180992,240.42935343010782,329566100
2020-03-16,219.19114685058594,234.7725780910604,216.91561153342053,220.4065784730682,297240000
2020-03-17,231.02578735351562,234.10553138476908,216.65065047000016,223.93416415599756,262070500
2020-03-18,219.3282928466797,226.9773625974621,208.38015946654778,215.90128827095032,327597100
2020-03-19,219.79429626464844,226.07257629627384,212.21833983048688,218.6428280834812,289322000
2020-03-20,210.3224639892578,224.72697702090403,210.0466887261092,222.94364621592393,347158800
2020-03-23,204.94491577148438,211.131407928482,200.63367034211038,209.76174689567557,326025200
2020-03-24,223.51356506347656,224.38685570948732,214.91866545634184,215.48859069772814,235494500
2020-03-25,226.85960388183594,235.6475644145072,220.38814988584195,225.09466188292848,299430300
2020-03-26,240.10586547851562,241.57662927963491,228.93707402575518,229.36911860691484,257632800
2020-03-27,232.95420837402344,239.74740334734355,230.77561023510842,232.81632774238852,224341200
2020-03-30,240.51954650878906,241.23655379734308,233.05530959383546,235.050062078814,171369500
2020-03-31,236.9344940185547,242.0638491887975,235.52805566114748,239.5175603608972,194881100
2020-04-01,226.2712860107422,236.85176448420262,224.20299266868236,227.9534996121323,189554600
2020-04-02,231.4925994873047,232.27394638304975,224.83728566556516,225.38883620204277,177660400
2020-04-03,228.1465301513672,232.86224312191504,225.41638201331432,230.50897330571124,135561200
2020-04-06,243.4702606201172,245.43745065637108,228.1281336328922,237.0171961738574,188061200
2020-04-07,243.718505859375,252.8189911912203,243.49789687410166,252.06520642083692,201427200
2020-04-08,251.89968872070312,253.71059517797096,243.82875134404637,246.31988737663727,153774500
2020-04-09,255.73301696777344,258.49074168826115,253.22347737304005,255.1630636276637,189999200
2020-04-13,253.39813232421875,255.09873482436922,249.49135568607434,254.75861993494436,114839100
2020-04-14,260.8715515136719,261.89189610685975,253.26023306323893,258.2884851590157,134143400
2020-04-15,255.32858276367188,261.0094897190272,253.214310028522,255.15392459698032,121775000
2020-04-16,256.5602722167969,257.415159958969,253.4900094044969,256.6062230641316,131798300
2020-04-17,263.4913635253906,264.09803815159717,259.5937609848719,262.33311040568213,146684800
2020-04-20,258.8492431640625,263.6293107862759,258.62863415329286,259.7868595128614,100109300
2020-04-21,250.98965454101562,255.58586108009726,250.05201045311117,254.38165721109934,126385700
2020-04-22,256.5602722167969,258.30682521082116,254.5471313703784,255.8708411886541,92951600
2020-04-23,256.54193115234375,261.00945987704335,256.2385937703153,257.8380651634286,104709700
2020-04-24,260.1177673339844,260.78882372538203,256.00875672334155,258.0586753592096,85063200
2020-04-27,263.86834716796875,264.98982328481156,261.6345963292433,262.09421722871934,77896600
2020-04-28,262.6548156738281,267.866897915382,262.3514503479287,267.5175817476273,105270000
2020-04-29,269.53076171875,271.0659071925588,266.9568970325676,267.98644290704055,118745600
2020-04-30,267.02130126953125,269.63194396115506,265.28392123731965,268.1519504463422,122901700
2020-05-01,259.9523010253906,267.18672684650835,258.78484641412496,262.26877941171466,125180000
2020-05-04,260.6693420410156,260.9726794196281,256.58790717425063,258.06787265525315,80873200
2020-05-05,263.0776672363281,265.8905433416998,260.797938736248,263.49133703836077,79569900
2020-05-06,261.29437255859375,265.1643710660051,260.8623279708527,264.77830538088773,73632600
2020-05-07,264.4473571777344,266.3777697134358,263.9417856328459,264.51171080796263,75250400
2020-05-08,268.82293701171875,269.29175906737254,266.45127866866704,267.5819556045888,76452400
2020-05-11,268.8782043457031,270.25706693209133,266.46979551663003,266.89263885494034,79514200
2020-05-12,263.5190734863281,270.47771297061377,263.38116476639834,270.0640709699293,95870800
2020-05-13,258.85845947265625,263.9970170334549,256.4316480022454,262.9582694595152,144721100
2020-05-14,261.95623779296875,262.08491700872327,250.94371509495167,256.4224143490226,121977900
2020-05-15,263.1604309082031,263.2063817576998,258.61937607827673,259.56619361268525,111146300
2020-05-18,271.17626953125,272.7849423166049,269.0620250917087,269.383737206358,119703800
2020-05-19,268.39093017578125,272.28850498888653,268.3725554456711,270.5787293388812,95189300
2020-05-20,272.9503173828125,273.81440646458674,271.70016265778855,271.9299729869196,85861700
2020-05-21,271.0658874511719,273.63057861267043,269.97198802595636,272.82164175506375,78293900
2020-05-22,271.5807189941406,271.755377128521,269.5400016819818,270.7809833540963,63958200
2020-05-26,274.9267883300781,277.7856445322527,271.5991379488366,277.546632719336,88951400
2020-05-27,279.01727294921875,279.0540504510923,272.8951233524511,277.7211395250684,104817400
2020-05-28,278.50262451171875,282.06008496206584,277.8315680546583,280.04694364391133,90405200
2020-05-29,279.7435607910156,280.3318607230198,275.28523421175083,278.03375713092686,119090800
2020-06-01,280.87420654296875,281.48090925059915,278.58530436878937,279.100077323199,55758300
2020-06-02,283.19989013671875,283.2458690404746,280.46056860288843,281.7934518574034,74267200
2020-06-03,286.96881103515625,287.92483007098406,284.9097190069347,285.18548024177693,92567600
2020-06-04,286.2149658203125,287.7225350605196,284.1190967189892,285.98515548879453,75794400
2020-06-05,293.5505065917969,295.32463552707304,291.5465673368315,291.6109209590687,150524700
2020-06-08,297.0988464355469,297.2918792842742,293.817147742069,294.35949682860377,73641200
2020-06-09,294.8835144042969,297.17241696231423,293.5689776241452,294.433066953884,77479200
2020-06-10,293.2380065917969,296.3542484031599,292.5209994219378,295.462583123064,95000800
2020-06-11,276.3330993652344,286.9411512707297,275.7815770563141,286.3068725624546,209243600
2020-06-12,279.6424255371094,284.11912678025476,274.48549461766504,283.3469673510181,194678900
2020-06-15,282.25311279296875,283.3837900229407,272.7757344523348,273.95236253958734,135782700
2020-06-16,287.685791015625,290.14937937635153,282.82302403325144,290.0022973807095,137627500
2020-06-17,286.49072265625,289.0002612917581,285.75531284673434,288.70609736795177,83398900
2020-06-18,286.6011047363281,287.0791002022098,284.5144366960276,284.97405743157583,80828700
2020-06-19,284.9632873535156,290.2629452362686,283.01513730847597,290.0690628732724,135549600
2020-06-22,286.791259765625,287.1882662143913,283.21814537378975,284.3630116638021,74649400
2020-06-23,288.111572265625,290.3736357062622,287.70532390749855,289.4411072237713,68471200
2020-06-24,280.7622985839844,286.6898126377775,278.92496674442594,286.07119804236737,132813500
2020-06-25,283.7721252441406,284.03988623160495,278.16776915357684,280.18976894126644,89468000
2020-06-26,277.03216552734375,282.8858280526824,276.4505185694108,282.67346196626374,127961000
2020-06-29,281.103759765625,281.2422470855587,275.9979872766672,278.287747613272,79773300
2020-06-30,284.70465087890625,286.4035230684894,280.5129498778858,280.66989282570773,113394800
2020-07-01,286.6990051269531,287.9639317029631,285.3602561815504,285.8218995785466,72396500
2020-07-02,288.27777099609375,291.4815764666122,287.61300354993097,290.13355781025984,69344200
2020-07-06,292.72802734375,293.3097024538688,291.3523392224344,292.10019917073765,61713800
2020-07-07,289.7088623046875,293.1619451017001,289.3303114252415,291.1861264698139,82910000
2020-07-08,291.92474365234375,292.03553353353783,288.71172439183437,290.4751769616239,54638600
2020-07-09,290.26287841796875,292.7742193790963,286.8467063436829,292.53415581966215,83354200
2020-07-10,293.22662353515625,293.49438457109676,288.7671611130503,290.19824424631554,57550400
2020-07-13,290.6875,297.9537597898529,290.0319745156313,295.5716931672863,102997500
2020-07-14,294.4546203613281,295.23017784397115,288.06546370459,289.2657251994357,93657000
2020-07-15,297.1597900390625,298.25850331831754,294.77769489481517,297.6768282673625,87196500
2020-07-16,296.18115234375,296.6335538163291,294.61155366216747,295.25786563140133,54622500
2020-07-17,297.039794921875,297.82459424337384,295.21167713283364,297.1875241733961,62774900
2020-07-20,299.4402770996094,300.18813689215324,296.02410586279206,296.7719656553359,56308800
2020-07-21,300.07745361328125,301.850148500667,299.0895299692351,301.40698886705917,57292200
2020-07-22,301.78546142578125,302.09940368262994,299.6065184526506,299.7173083426101,57792900
2020-07-23,298.18463134765625,302.1270831480681,296.8181852176336,301.42537631818345,75738000
2020-07-24,296.2642822265625,297.28911708214275,294.7593201869097,296.3289190669535,73766600
2020-07-27,298.4247741699219,298.6002009240035,296.16271013664567,296.9567514724589,48293000
2020-07-28,296.5320129394531,298.8125323008997,296.23655442203676,297.6953350650081,57495000
2020-07-29,300.17889404296875,300.7421134441049,297.3720952714355,297.40903461982157,48454200
2020-07-30,299.1080017089844,299.5234920643989,295.1194239088068,297.20603304146823,61861700
2020-07-31,301.4715270996094,301.5731032762325,296.6796674453573,300.8990939222795,84986800
2020-08-03,303.5673828125,304.3336982264849,302.58870135537785,303.13343702102367,53077900
2020-08-04,304.7399597167969,304.7399597167969,302.7087180143602,302.7087180143602,41917900
2020-08-05,306.6327209472656,306.89126826301356,305.7740711107244,306.0418321331255,42697700
2020-08-06,308.6824035644531,308.8024353334043,305.7279032834886,306.0510592360944,43679400
2020-08-07,308.9039611816406,309.19017773336356,306.8080828607746,307.71291374534616,57308300
2020-08-10,309.8273010253906,310.0119414454086,307.4175082706169,309.356415827872,44282100
2020-08-11,307.2698059082031,311.6462040748988,306.5404296941491,311.0091339906926,69601100
2020-08-12,311.5538635253906,312.3294209653016,309.67959266815404,309.70729014184826,53774400
2020-08-13,310.9906311035156,312.3017105491452,310.0673444500074,310.78750691268493,41816100
2020-08-14,310.9999694824219,311.53549168644105,309.8735582885843,310.602962860585,47260400
2020-08-17,311.9877624511719,312.38476890654016,311.0090809592796,312.0154599206983,35481000
2020-08-18,312.6617126464844,313.0864164910575,310.78741424928404,312.3847098271387,38733900
2020-08-19,311.3600158691406,313.5574147719256,310.79679627269803,313.04037642109654,68054200
2020-08-20,312.3293762207031,312.8094750881142,309.50412160274976,309.63336706931557,42207800
2020-08-21,313.43731689453125,313.65889664211295,311.6553525028336,311.99699218231325,55106600
2020-08-24,316.613525390625,316.68737593780014,313.40971903177535,315.8748790364872,48588700
2020-08-25,317.7213439941406,317.8044363974734,316.01325834394123,317.176608343536,38463400
2020-08-26,320.9067687988281,321.17450165786835,317.76759961775787,318.3123353958914,50790200
2020-08-27,321.6084289550781,323.0579957694621,319.94652424244754,321.77464196751936,58034100
2020-08-28,323.6858215332031,323.81509518897934,321.4422417348515,322.6332894034035,48588900
2020-08-31,322.5131530761719,324.35048389854956,322.28233148837717,323.47337877080764,66099200
2020-09-01,325.55084228515625,325.6523902806764,322.4485848337792,323.34417391191676,54908700
2020-09-02,330.2596435546875,331.22908325949226,326.31719155514446,327.46208615275333,69540000
2020-09-03,318.8939514160156,329.0408614690771,316.3087321994255,328.5699763174422,148011100
2020-09-04,316.2903137207031,321.14678232846006,309.1809952615708,319.5772119329768,139156300
2020-09-08,307.6483459472656,316.3549607309717,307.3436737413122,310.8798493187982,114465300
2020-09-09,313.72357177734375,316.1887312996784,310.78749888094603,311.65539056693245,91462300
2020-09-10,308.27618408203125,316.25336585308577,307.3159581046872,315.5978402401596,90569500
2020-09-11,308.4331359863281,311.11990351849477,305.6078810919823,310.05812950649084,84680200
2020-09-14,312.4955139160156,314.2682362405836,308.5807885105292,311.5999249612927,65605700
2020-09-15,314.07440185546875,315.7824594521563,312.50480343116857,314.9515071825437,52920900
2020-09-16,312.82794189453125,316.74266767813356,312.5509390358151,315.31158485907184,82096000
2020-09-17,310.07659912109375,311.79392701921023,307.4452264147787,307.97150659133644,91523300
2020-09-18,306.5067443847656,310.9933360912378,304.0224381842765,310.8821027224487,105877900
2020-09-21,303.0954284667969,303.2437490415965,298.2380498714508,301.91817103397455,99450800
2020-09-22,306.18231201171875,306.7385071760695,302.066507400489,304.5786503731086,63612100
2020-09-23,299.08160400390625,307.0165707899801,298.58102560551066,306.7384591067574,93112200
2020-09-24,299.8788146972656,302.937845386202,296.448968406663,297.7652958983576,76681300
2020-09-25,304.7269592285156,305.5148717009548,298.1546568746652,299.0259943751535,71069400
2020-09-28,309.788330078125,310.50209652529975,307.8972775754779,308.88915578763124,64584600
2020-09-29,308.10113525390625,310.32588735238784,307.4058984550522,309.58431274931326,51304000
2020-09-30,310.437255859375,313.5889914411936,308.57401154453265,308.7686699942234,104081100
2020-10-01,312.43017578125,314.0060289873834,310.5484025217798,313.03270872151455,88698700
2020-10-02,309.4638977050781,312.4024452784228,307.0073992354619,307.48016945972887,89431100
2020-10-05,314.9516296386719,315.1370091924181,311.475444751699,311.5217825678193,45713100
2020-10-06,310.4742736816406,317.1856469045774,309.9644445702148,315.0906571878008,90128900
2020-10-07,315.8785705566406,316.6850408176242,313.40351479672364,313.4313231405762,56999600
2020-10-08,318.6780090332031,318.74290459076605,316.89819037406056,317.8159221887509,45242500
2020-10-09,321.52386474609375,321.9873559657683,319.706987085962,320.32804947834086,59528600
2020-10-12,326.69647216796875,328.1703711128486,323.5725453203997,324.063844968693,80388500
2020-10-13,324.56439208984375,326.73352777746965,323.6003223544785,326.55739883670304,73255500
2020-10-14,322.5250244140625,326.23295452878085,321.7927285846741,325.13912193436175,57727900
2020-10-15,322.1264343261719,322.6084550653457,318.07552513157503,318.6131625602973,60357700
2020-10-16,321.9317626953125,325.13911424772533,321.7556337558863,323.4798076396234,89501900
2020-10-19,317.0373229980469,323.8228140214689,316.13814875888556,323.19247265299344,68425600
2020-10-20,318.3073425292969,321.5517821676292,317.621384344044,318.38148870232345,60051900
2020-10-21,317.7047119140625,320.43004263717467,317.39879185718223,318.26087876428136,63575000
2020-10-22,319.4474792480469,320.03148284713905,315.77663585423755,317.91796352473176,55399300
2020-10-23,320.531982421875,320.7266408105194,318.0754846485953,320.67102412804957,49143900
2020-10-26,314.6086120605469,317.9364759234132,311.1138698437013,317.14853512100905,91473000
2020-10-27,313.52392578125,315.285186331295,313.3107096877424,314.9514863128506,65994100
2020-10-28,302.80810546875,313.5518292002192,302.3168058775529,307.8508925089764,127094300
2020-10-29,305.8857116699219,309.0559761451705,301.35275342695843,303.0398684553781,90597700
2020-10-30,302.69683837890625,305.61682725753553,299.04452548918334,304.30977868935224,120287300
2020-11-02,306.0896301269531,308.09188741481535,303.34574158278815,306.0896301269531,86068300
2020-11-03,311.4939270019531,313.55182927466103,306.1730565274314,309.324791356006,93294200
2020-11-04,318.45556640625,322.53428362589443,314.79397432552076,315.9712318810282,126959700
2020-11-05,324.6663818359375,326.4740092498404,323.38714130170024,323.7393992214774,82039700
2020-11-06,324.5921325683594,325.8435643582199,322.2653978925801,324.37891645062587,74973000
2020-11-09,328.6709899902344,337.77396706375197,328.2074986315738,337.3939007549382,172304200
2020-11-10,328.18890380859375,329.24564918548936,324.9166565996286,327.6790464420353,85552000
2020-11-11,330.6269226074219,331.4519224764257,329.13446579265536,330.3766191804443,58649000
2020-11-12,327.4194641113281,330.67318157201504,325.6118653025927,329.6164079973696,67546200
2020-11-13,331.9524230957031,332.69399774467473,328.8099389915463,329.3290469036784,62892200
2020-11-16,336.09600830078125,336.2906666795862,333.33359062429173,334.6221097113151,74541100
2020-11-17,334.2884826660156,335.49357709881195,332.17496333061706,333.68594959425036,66111000
2020-11-18,330.26531982421875,335.1041695450707,330.2282326036911,334.55725327164475,70591300
2020-11-19,331.6557922363281,332.02657957234703,328.29084129066734,329.63497720915376,59940900
2020-11-20,329.3846740722656,331.60017579109797,329.3105279207122,331.3962385127505,70417300
2020-11-23,331.359130859375,332.61984167212626,328.9582497650771,331.1922808117231,63230600
2020-11-24,336.6986389160156,337.2455552842376,333.05560389471066,333.90841208983915,62415900
2020-11-25,336.17950439453125,336.64299568251425,335.0856717443146,336.61518733680583,45330900
2020-11-27,337.11572265625,337.5884644727242,336.1052868833564,337.2732938319882,28514100
2020-11-30,335.6233215332031,336.6059208367198,332.9443565005629,336.33708795881,83872700
2020-12-01,339.2941589355469,340.8329534365879,338.28375130260855,338.8770337417267,74231400
2020-12-02,340.00799560546875,340.16556682393974,337.60711378492744,338.1818385379717,45927000
2020-12-03,339.9151916503906,341.30566530410596,338.81208028863574,339.90591277346965,62882000
2020-12-04,342.8445129394531,342.8445129394531,340.4065442272832,340.4992481431544,50749900
2020-12-07,342.1399841308594,342.6312837481267,340.8700225705228,342.07508856328803,48944300
2020-12-08,343.1411437988281,343.7065895768302,340.8236874183033,340.8700252302088,42458900
2020-12-09,340.0634765625,343.9567854109432,339.2291981156376,343.7992142553695,74098300
2020-12-10,339.95233154296875,340.99979809475724,337.82025463669373,338.6916205245105,57735400
2020-12-11,339.5536193847656,339.96149387697574,336.7356134430943,338.25584976830436,57698600
2020-12-14,338.0334167480469,342.79809173388674,337.85728782298236,341.7228170082681,69216200
2020-12-15,342.6034240722656,342.6034240722656,339.2014144838981,340.5733303397869,63865300
2020-12-16,343.1411437988281,344.058847472952,341.93604950739774,342.8166942477022,58420500
2020-12-17,345.0599670410156,345.2639043286698,343.95685556996756,344.78188359842443,64119500
2020-12-18,343.6822509765625,345.5161923260127,341.6714298718465,345.34863100308337,136542300
2020-12-21,342.453369140625,352.3212752668946,337.0260363965949,339.7629846416698,96386700
2020-12-22,341.8761901855469,342.8909048278069,340.74976800980517,342.7791972943252,47949000
2020-12-23,342.1834716796875,344.0918753195968,341.8576390458393,342.8444269701643,46201400
2020-12-24,343.5146484375,343.5425753213041,342.0717120912017,342.6581766510882,26457900
2020-12-28,346.4656677246094,346.8566440369137,345.4416347950201,346.06534457269254,39000400
2020-12-29,345.8046875,348.16926748527214,345.2181946161471,347.9923877771309,53680500
2020-12-30,346.2981262207031,347.33147772383484,345.90714985399984,346.62395879952305,49455300
2020-12-31,348.0576171875,348.7837445893019,345.59064770765076,346.10265005654054,78520700
2021-01-04,343.3191833496094,349.51920765992713,339.6233739583343,349.38886325350404,110210800
2021-01-05,345.6837158203125,346.7729211198693,342.63025338281886,342.67681712955124,66426200
2021-01-06,347.75042724609375,350.94355285159054,343.6263959355806,344.17564365417195,107997700
2021-01-07,352.9170227050781,353.6617584095082,349.9473414971712,350.1242211986964,68766800
2021-01-08,354.92779541015625,355.141891981184,351.05510776689067,354.3040573240476,71677200
2021-01-11,352.53533935546875,354.294789546003,351.6323323911676,351.7533583363595,51034700
2021-01-12,352.60986328125,353.6245779387695,350.3663089172504,352.7215992262628,52547700
2021-01-13,353.5594482421875,354.55552607698144,351.7534339254866,352.5354151126377,45303600
2021-01-14,352.3211975097656,354.8068032526865,351.9860749789511,354.30409104661976,49989100
2021-01-15,349.751953125,351.50208537067937,347.8900849229182,350.7014956805142,107160000
2021-01-19,352.49810791015625,353.0380654699637,350.72933922047633,352.20952068020125,51233300
2021-01-20,357.37628173828125,358.21411669110563,354.3972814506253,354.7882578373456,61836100
2021-01-21,357.7020263671875,358.36300987967786,356.7804109135132,357.93475983810305,47840100
2021-01-22,356.43603515625,357.59970272379945,355.46785578529006,355.8495421566286,52860500
2021-01-25,357.84173583984375,358.1954668974896,352.3212755983803,357.17146221981005,70402000
2021-01-26,357.2830810546875,359.20080235621367,357.0503476112028,358.79118922289314,42665300
2021-01-27,348.5509338378906,354.0527561056327,346.3166983590229,353.95965704196203,123351100
2021-01-28,351.5485534667969,355.5515576481308,349.928737662884,350.3662492978682,94198100
2021-01-29,344.5107116699219,350.6548810290884,342.83501362114134,349.6867018282273,126765100
2021-02-01,350.2452697753906,351.2785927627981,344.7993008040637,347.90861660624154,75817600
2021-02-02,355.1978454589844,356.75251769171075,350.32907897038325,353.42907659511883,64450700
2021-02-03,355.47711181640625,357.19934519602856,354.20173693182824,356.02635940269215,52427100
2021-02-04,359.51739501953125,359.563930354463,355.5888524983493,356.5104680448607,47142600
2021-02-05,360.932373046875,361.63989189934597,359.47082842089645,361.3885499748435,48669800
2021-02-08,363.53900146484375,363.58553679527535,361.52818085884974,362.3846241257551,38365200
2021-02-09,363.2970275878906,363.89283904052365,362.2916312738895,362.70121613525754,35551100
2021-02-10,363.1386413574219,365.1867070653073,360.7368446725787,365.03775424929336,59154400
2021-02-11,363.72528076171875,364.63760647374943,361.29555622038924,364.2186747342793,42913300
2021-02-12,365.5218811035156,365.7639045862191,362.8500770853384,362.9245677029753,50593300
2021-02-16,365.2053527832031,366.94622301748575,364.4885439172145,366.75070644597713,50972400
2021-02-17,365.2891540527344,365.54049596951603,362.4404702799734,363.455213196624,52290600
2021-02-18,363.7345275878906,364.479263411607,360.9603340863235,362.68256763974955,59712800
2021-02-19,363.09210205078125,365.2798021216173,362.64524360763886,364.99121492183093,83241000
2021-02-22,360.2993469238281,362.71046232061997,360.02936813751376,360.3272738044918,67414200
2021-02-23,360.7369689941406,362.08683482270567,353.9411613292896,358.0931195208887,107284100
2021-02-24,364.7119445800781,365.1401946066292,358.6608745485557,359.64766215783163,72433900
2021-02-25,355.9239807128906,364.81441738369665,354.4810443890207,363.4459432788632,146670500
2021-02-26,354.090087890625,358.94956512853565,352.1072220812957,357.80453434439335,152701600
2021-03-01,362.6732177734375,363.92069420530373,354.28552261817083,358.95880058810565,105348800
2021-03-02,359.8431701660156,363.1293654455315,359.3404579436692,362.8966319883141,79595300
2021-03-03,355.0768127441406,360.11314003050495,354.9743952442966,359.1449892511198,119940200
2021-03-04,350.6828308105469,357.47863729094,346.19572234702065,354.8906420427798,183433000
2021-03-05,357.1341857910156,358.1861456706564,346.9032310579424,354.18311275175654,152039600
2021-03-08,355.3560791015625,360.9044370293171,355.07681030362994,358.09302696069,123149200
2021-03-09,360.4297180175781,362.9804680067196,358.69816605856334,359.2008783576128,113633600
2021-03-10,362.6732177734375,364.3675242968636,361.36062596963234,362.7756352759854,109899400
2021-03-11,366.3504333496094,368.3240087626398,364.6840536373491,365.14023058798864,86245000
2021-03-12,366.84381103515625,366.9834454384432,364.181353712992,364.9912616619042,64653600
2021-03-15,369.03155517578125,369.2922155627964,364.95405965687513,367.0951965209388,73427200
2021-03-16,368.5660705566406,370.353447865086,367.7933794539433,369.645957368341,73722500
2021-03-17,369.8228454589844,370.62343505257456,366.1363264084717,367.2813854421712,97959300
2021-03-18,364.44207763671875,369.32016304138693,363.7624855423874,367.23487982898274,115349100
2021-03-19,363.7677001953125,365.7197211971754,361.59150389696646,364.1412876855865,113624500
2021-03-22,366.6723937988281,368.0546989422797,364.2253628242193,364.28139952570655,73778600
2021-03-23,363.7863464355469,367.4849108087404,363.00180420504506,366.0372486874983,90686600
2021-03-24,361.9371337890625,366.82187584042055,361.89044603352863,365.18740535609027,97588600
2021-03-25,363.9731750488281,364.76703777153006,358.556056717537,360.4987572580339,116128600
2021-03-26,369.838623046875,370.2402289227248,364.5242571453707,365.12199148337254,114409100
2021-03-29,369.65179443359375,370.5577590931056,366.877863754709,368.3628933197625,108107600
2021-03-30,368.67108154296875,369.3435503732095,367.07395025683695,368.3815491232856,76262200
2021-03-31,370.16546630859375,371.7252304449524,369.2128139187483,369.2408322683644,112734200
2021-04-01,374.16290283203125,374.2189680327331,371.89333106228867,372.0988084552015,99682900
2021-04-05,379.5332946777344,380.0750207457854,376.7500437520767,376.82474984617124,91684800
2021-04-06,379.30914306640625,380.3551993878055,378.6366742165215,378.9729228929124,62021000
2021-04-07,379.7481384277344,380.0937075716996,378.6834126464064,379.141055188101,55836300
2021-04-08,381.5507507324219,381.60678743598396,380.0657210822236,380.9997041454603,57863100
2021-04-09,384.3246154785156,384.49275406318844,381.30786894490393,381.429291282708,61104600
2021-04-12,384.4647521972656,384.7355867285504,383.11981447960585,383.7268976917543,56704900
2021-04-13,385.60418701171875,386.2299681294225,383.979065799831,384.36200222963515,56551000
2021-04-14,384.28729248046875,386.6315702804382,383.7455664130594,385.5761649966313,61659900
2021-04-15,388.4154968261719,388.68635987083064,386.3794207731198,386.42610852089956,60229800
2021-04-16,389.7137145996094,390.32079778500326,388.28472190043465,389.70436564966764,82037300
2021-04-19,387.7989807128906,389.2279732210526,386.4727411316644,388.7796797301107,78498500
2021-04-20,384.9597473144531,387.6869614412357,383.4840383597904,386.58486845168517,81851800
2021-04-21,388.6023254394531,388.80780284580254,384.2032448539139,384.34336511048394,66793000
2021-04-22,385.0531921386719,389.26546492861024,383.9884662544885,388.43423481321906,97582800
2021-04-23,389.2280578613281,390.63838128168265,385.53884219304297,385.6135482901479,73209200
2021-04-26,390.0405578613281,390.61030221191777,389.29338299483373,389.8817967410728,52182400
2021-04-27,389.9565124511719,390.535605765326,388.8170522247635,390.33944884314224,51303100
2021-04-28,389.84442138671875,391.34814854078337,389.3774299790914,390.2273577613204,51238900
2021-04-29,392.328857421875,392.94528956050897,388.9478438608281,392.57170209849045,78544300
2021-04-30,389.7510986328125,390.9092569470682,388.8544829241141,390.0593289877053,85527000
2021-05-03,390.5917053222656,392.1234226337819,390.09669546817264,391.740486180178,68128300
2021-05-04,388.1820068359375,389.0973204297574,384.49279111679294,388.6023105837801,101591200
2021-05-05,388.303466796875,390.05935955355847,387.74307124643747,389.8258637827846,60162200
2021-05-06,391.4041748046875,391.53491757383625,386.36999388315786,388.37805118189345,74321400
2021-05-07,394.25286865234375,394.9066681025146,391.4882871687611,392.17010496663084,67733800
2021-05-10,390.34881591796875,394.83192244153906,390.22739358037734,394.60777566622943,81852400
2021-05-11,386.8650207519531,387.8550402733602,382.9889977008336,385.8283134901169,116888000
2021-05-12,378.64605712890625,385.35204832878026,377.3291376588085,384.0818451111226,134811000
2021-05-13,383.1944885253906,385.1278398956935,380.1496952660477,380.19641151101195,106394000
2021-05-14,389.0785827636719,389.9285106204482,385.90304661385784,385.93106496065724,82201600
2021-05-17,388.0885925292969,388.9011816537385,386.0711858984487,387.9671986859142,65129200
2021-05-18,384.7449951171875,388.5930008749449,384.5862054511297,388.3501561514101,59810200
2021-05-19,383.7362060546875,383.9136650884359,378.5712816845553,380.05633959916474,106467100
2021-05-20,387.864501953125,389.1253848430136,384.4928366319979,384.6142304929748,78022200
2021-05-21,387.54693603515625,390.59172995398563,387.08929345333263,389.3495165134627,76578700
2021-05-24,391.4975891113281,392.57166364801725,389.5455399453994,389.78838459822936,51376700
2021-05-25,390.6290283203125,392.9359673967326,390.0499634392748,392.5810493076067,57451400
2021-05-26,391.4041748046875,391.90850498940915,390.18065962952284,391.21736684545465,43088600
2021-05-27,391.60968017578125,392.9452688208811,391.32946821688466,392.43158965057955,56707700
2021-05-28,392.31024169921875,393.44035318988387,392.07674594064906,393.1788390804018,58520200
2021-06-01,391.9646911621094,394.81332815085875,391.52571797502355,394.67323638964024,54216600
2021-06-02,392.5810852050781,393.4216927574089,391.6097633493774,392.6184525081131,49097100
2021-06-03,391.1240539550781,392.2635143648258,388.7984453863478,390.26480554943856,58138800
2021-06-04,394.70123291015625,395.0001143194918,391.18944760771376,392.973358609629,55938800
2021-06-07,394.3182067871094,394.86925322739137,393.38422397248354,394.691794212381,51555000
2021-06-08,394.4023742675781,395.2709716921303,392.5717754098022,395.1775676834587,47134300
2021-06-09,393.8138427734375,395.31756990620283,393.5896960218772,395.2428353204207,48436300
2021-06-10,395.6445617675781,396.5972427580908,393.720558888761,395.0374784616624,51020100
2021-06-11,396.2983093261719,396.410382721431,394.90668383020704,396.1955848814836,45570800
2021-06-14,397.1855773925781,397.2883018302443,395.1681709071251,396.4103556235315,42358500
2021-06-15,396.4570617675781,397.3723467449024,395.5791155832376,397.3350079519186,51508500
2021-06-16,394.2435607910156,396.8213630595682,392.19816419002484,396.59721625461583,80386100
2021-06-17,394.11279296875,395.0934636810587,391.6377438115296,393.832609480347,90949700
2021-06-18,388.7960510253906,391.52280806426444,388.5899013988071,390.82940868218697,118676300
2021-06-21,394.3620300292969,394.5494491775668,389.74243684552914,390.5576558078238,72822000
2021-06-22,396.4703063964844,397.3042843043094,393.63108116900446,394.35261904344696,57700300
2021-06-23,395.9925537109375,397.35124264550416,395.90822366088724,396.5454031031455,49445400
2021-06-24,398.33514404296875,398.7567942864678,397.88535518708557,398.13837392933584,45110300
2021-06-25,399.75,400.1997887962621,398.75674142988316,399.08471063989845,58129500
2021-06-28,400.5558776855469,400.72453776466034,399.07536933086004,400.274777553691,53159600
2021-06-29,400.7713317871094,401.57717107826255,400.23721304047496,400.9399918346332,35970500
2021-06-30,401.1087341308594,401.78340305544015,400.2841356012442,400.3122456149289,64827900
2021-07-01,403.32952880859375,403.4888379572731,401.80215127327483,401.8677508401516,53441000
2021-07-02,406.4123840332031,406.7684632777236,403.4138490651717,404.4914663355306,57697700
2021-07-06,405.6721496582031,406.68416744841574,402.936012721127,406.4686382569822,68710400
2021-07-07,407.1057434082031,407.38687211913964,404.34149695894274,406.35612403799763,63549500
2021-07-08,403.7886962890625,404.5476952865336,400.60274209170535,401.78341990828244,97595200
2021-07-09,408.0990295410156,408.39888874783514,403.59187628680496,405.29729335492465,76238600
2021-07-12,409.56085205078125,409.81387079491634,407.5837141699606,408.014743954132,52889600
2021-07-13,408.1646728515625,410.27300986948524,407.9023031665115,408.77374227084334,52911300
2021-07-14,408.7737121582031,410.34795874869207,407.52746339505444,409.8606803722424,64130400
2021-07-15,407.3775634765625,408.1084524983558,405.47537611239835,407.4337835093042,55126400
2021-07-16,404.18218994140625,408.60501287947545,403.78864977864345,408.55817239214764,75874700
2021-07-19,398.2132568359375,404.24778712950507,395.40214130525,399.35644496226297,147987000
2021-07-20,403.9197692871094,405.1941563775408,398.0820097768181,398.87849813381996,99608200
2021-07-21,407.1900939941406,407.33067265477706,403.8729980876093,405.1192467876088,64724400
2021-07-22,408.0428161621094,408.28645534613815,406.3842681533673,407.36814723384765,47878500
2021-07-23,412.24078369140625,412.57810387739073,409.2891176794418,409.973137588627,63766600
2021-07-26,413.25274658203125,413.2621261186514,411.60357811733337,411.65041860813767,43719200
2021-07-27,411.36932373046875,412.2407627628377,408.5394488652319,412.21265274876606,67397100
2021-07-28,411.20068359375,412.57813163816985,409.7763950523972,411.99717221467273,52472400
2021-07-29,412.90594482421875,413.98353321170777,412.1188360386752,412.1282155729771,47435300
2021-07-30,410.9007873535156,412.3531856804309,410.207359374989,410.33855849930256,68951200
2021-08-02,410.0386962890625,413.16840161930367,409.68261706413523,412.61555230549715,58783300
2021-08-03,413.37457275390625,413.49639234731455,408.642539261414,410.8352061543172,58053900
2021-08-04,411.3411865234375,413.346434118997,411.10692688961086,412.09080591322396,46732200
2021-08-05,413.9461669921875,414.0304970317783,412.18452990878626,412.5031195904007,38969700
2021-08-06,414.630126953125,415.0518056863162,413.9835681468417,414.2646968343504,46930000
2021-08-09,414.2928466796875,414.92064647614995,413.5244682278816,414.60205680992107,41222600
2021-08-10,414.8082275390625,415.52038600343246,414.05860812109773,414.74262797604996,43339300
2021-08-11,415.8389587402344,415.93266831269824,414.75199061117655,415.87644828844924,44034300
2021-08-12,417.0852966308594,417.2258753177017,414.7895688931888,415.6891180697549,38909400
2021-08-13,417.8442687988281,417.86299927638066,417.0477802625369,417.53503004424323,39470300
2021-08-16,418.828125,418.95929552799396,414.98626119675987,416.5417486330433,73740000
2021-08-17,416.0825500488281,416.94460938558365,413.0933951867882,416.26994057605424,92673900
2021-08-18,411.52862548828125,416.63549754497274,411.28501488582106,415.0706304246031,89351900
2021-08-19,412.1657409667969,413.36517769933806,408.6612261268582,408.80177618265736,92812200
2021-08-20,415.4454345703125,415.7734038110684,412.02524927934286,412.512527670003,72008700
2021-08-23,419.099853515625,420.00878201499984,415.52035954108516,417.132066923601,54973000
2021-08-24,419.7652282714844,420.299347194437,419.2498684240996,419.7652282714844,38744700
2021-08-25,420.64599609375,421.16135587884156,419.57775837696613,419.9525966891945,40529700
2021-08-26,418.1628112792969,420.59908850889707,418.06910170981706,420.36482888327043,57829600
2021-08-27,421.901611328125,422.27642103261843,418.9124560362428,418.96867606210947,77235100
2021-08-30,423.7569580078125,424.5440669661629,422.33264109600447,422.5762802722132,48357400
2021-08-31,423.1290588378906,424.00049768933224,422.52936913015344,423.66317759050685,59300200
2021-09-01,423.3540344238281,424.5815527206417,423.11977477029654,424.06619292133183,48721400
2021-09-02,424.656494140625,425.4623335511139,423.45708596482183,424.77831372503533,42501000
2021-09-03,424.55340576171875,425.068794112329,423.1197379507082,423.5226862527916,47170500
2021-09-07,423.03546142578125,424.3004693240175,422.3607924531319,424.20675973967593,51671500
2021-09-08,422.5200500488281,423.2322084875442,420.599103890751,422.5013195727054,56181900
2021-09-09,420.71160888671875,424.0755740928611,420.4679696953391,422.3233164530745,57970400
2021-09-10,417.39447021484375,423.06354222411983,417.27265062322766,422.64189201792766,89948200
2021-09-13,418.4626770019531,420.6553724465294,416.1481905625877,420.3930027876443,83738600
2021-09-14,416.2044677734375,420.1119029115105,415.314269621711,419.90575326564493,78197100
2021-09-15,419.6808776855469,420.17750702921626,415.520423766594,416.62612251723135,78792200
2021-09-16,419.0155029296875,420.1305523944603,416.0638088883506,419.15605298019295,77786700
2021-09-17,414.9338684082031,418.6658303177403,414.5766484303606,418.24282930799984,118425000
2021-09-20,408.0151672363281,410.38405885600616,403.14573587535295,408.8047977762208,166445500
2021-09-21,407.6297912597656,411.6531636956014,407.10337084294684,410.3559031370975,92526100
2021-09-22,411.60614013671875,413.64604074631075,407.74258725869817,409.9046690416803,102350100
2021-09-23,416.607177734375,418.21466778281064,413.2418450775607,413.47685522277226,76396000
2021-09-24,417.29339599609375,418.0078359804858,414.7552750846295,414.97149473457984,62094800
2021-09-27,416.099609375,417.4250414535586,415.40395978249387,416.25940022123115,61371100
2021-09-28,407.7143859863281,413.65544911085703,406.98115550934745,413.32642918282806,130436300
2021-09-29,408.4006652832031,410.8353670849182,407.8366351647438,409.09628617290355,82329200
2021-09-30,403.40899658203125,410.58148154628566,403.07056708218,409.8764511666684,140506000
2021-10-01,408.2032165527344,409.88589724112427,401.613551525623,405.138703737529,129240100
2021-10-04,402.93902587890625,407.9400201839394,400.79570572105376,407.0375892196289,128570000
2021-10-05,407.131591796875,409.3782739253751,403.64404918460883,404.4430607487151,90682500
2021-10-06,408.8235778808594,409.03038792327897,401.9048940758357,403.5311456620032,113032200
2021-10-07,412.3581237792969,415.1970354491902,411.92571322947015,412.10432319982914,72437500
2021-10-08,411.60614013671875,413.51444998736724,410.9763290353788,413.1290299205683,74557400
2021-10-11,408.6261901855469,413.86222243707743,408.56038046823124,410.9480912711501,65233300
2021-10-12,407.62042236328125,409.9517335045939,406.8307916592311,409.5475229098595,71181200
2021-10-13,409.0867919921875,409.9046225853422,405.6650597065649,408.6449718376633,72974000
2021-10-14,415.9678649902344,416.11827489242256,412.28289410601354,412.7529142924432,70236800
2021-10-15,419.1358642578125,419.50249383265776,417.4625932709582,418.0830234599393,66260200
2021-10-18,420.376708984375,420.71510979062344,416.6917376412568,417.34977745930763,62213200
2021-10-19,423.6199035644531,423.6856846027925,421.39198327728565,422.00303260856737,46996800
2021-10-20,425.2837219238281,425.58454176597354,423.9676709741409,424.08047124300566,49571600
2021-10-21,426.39300537109375,426.6186059313377,424.2497139854905,424.6821246218787,41305400
2021-10-22,425.951171875,427.40825194853414,424.0052810402493,425.96058146063757,58845100
2021-10-25,428.2354431152344,428.56446303148596,425.26494034706053,427.0416019944035,45214500
2021-10-26,428.6208801269531,430.99918156529145,428.2448696453988,429.78654991386077,56075100
2021-10-27,426.7220458984375,429.74897787469854,426.64682658288626,429.0815570599391,72438000
2021-10-28,430.8393859863281,430.9145766067055,428.1414742340312,428.15085513172806,51437900
2021-10-29,431.7135925292969,432.00500278448646,428.244840846289,428.53625110147857,70162400
2021-11-01,432.45623779296875,433.07666796283195,430.7265667229376,432.70062881424144,48433600
2021-11-02,434.20477294921875,434.5150024306183,432.49389207149477,432.6255115333647,48908400
2021-11-03,436.855712890625,437.25992350437684,433.19894081725977,433.64076109138267,52509800
2021-11-04,438.9143371582031,438.9989373652711,437.10944667746986,437.4572570913363,52847100
2021-11-05,440.4371643066406,442.4300455313022,438.9237129061649,441.14219466561576,66390600
2021-11-08,440.813232421875,442.0353024166088,440.1270211428771,441.53708204527277,50405200
2021-11-09,439.3561096191406,441.4148004973564,437.9460489457193,441.1797903851195,51149100
2021-11-10,435.82159423828125,439.35615587855733,434.3363427951768,437.6640656796384,69429700
2021-11-11,435.9625549316406,437.39143479469317,435.94376444998505,437.3162154925545,34848500
2021-11-12,439.252685546875,439.80730596328203,436.28215431749,437.23160434083906,53466700
2021-11-15,439.4031677246094,440.7004283336517,438.27513622509247,440.54063749790726,46980500
2021-11-16,441.1422119140625,442.27965290510997,439.0647304076264,439.13992102624314,48857500
2021-11-17,440.0705871582031,441.0576182388675,439.4501569663317,440.8790082432791,47858300
2021-11-18,441.5653381347656,441.82854838909435,438.3785863209398,441.10469867386576,50625600
2021-11-19,440.7756042480469,442.70267579983584,440.4089746825623,441.4524058684626,57315600
2021-11-22,439.53472900390625,445.1467717517106,439.32791895320247,442.65567024625074,72762000
2021-11-23,440.1175842285156,440.9730245653836,436.60184177692975,439.20574375407494,73206500
2021-11-24,441.29266357421875,441.4148734428188,437.2974910059745,438.1153217416672,61858800
2021-11-26,431.450439453125,436.08483277035555,430.32237924723853,434.61837171536075,112669600
2021-11-29,436.74285888671875,438.58533038960036,434.0449470141302,436.24463852719293,86268800
2021-11-30,428.244873046875,436.207017697208,428.0004533224309,434.29873651759567,148559600
2021-12-01,423.48828125,436.80866888995706,423.290880760792,433.9603470803366,131939200
2021-12-02,429.9745788574219,431.5444593337186,423.3096942265421,423.7045239141556,127637800
2021-12-03,426.23321533203125,432.70067046910617,422.00303269299377,431.63844870413465,137331600
2021-12-06,431.2811584472656,433.1612393139571,426.36473665327475,428.78064745203505,98977500
2021-12-07,440.20220947265625,440.7662395682255,431.1496139364449,436.56425695349,95484700
2021-12-08,441.3678283691406,441.8190581603877,438.83911699656346,440.5970169214314,72238800
2021-12-09,438.387939453125,441.4712714729504,438.190538959741,440.0800010576555,61272600
2021-12-10,442.5146484375,442.665058357532,438.53829554873346,441.0952068137605,77159800
2021-12-13,438.5947265625,442.3454791791736,438.3126971846737,441.99766876550603,87724700
2021-12-14,435.5771179199219,437.8144187233226,432.65360596586527,435.3233173325535,97264100
2021-12-15,442.383056640625,442.6274476583098,433.1142425689226,435.6335728638,116899300
2021-12-16,438.4819030761719,444.5169470262026,436.93081329963405,444.23494635106454,116568600
2021-12-17,433.815185546875,438.4092618245341,432.1077368438548,435.39999504107936,135511600
2021-12-20,429.2022399902344,429.5984279577143,425.5798060591172,428.73056845563246,107134800
2021-12-21,436.8244934082031,436.96598912839397,430.45692690267214,432.62660471506297,69806300
2021-12-22,441.1921081542969,441.3053047127946,436.3716102556049,436.56973302152085,58890200
2021-12-23,443.93731689453125,445.4372291320165,442.0883722782573,442.1921262120378,56439700
2021-12-27,450.21990966796875,450.26706530467493,445.2673586949308,445.314514331637,56808600
2021-12-28,449.8519592285156,451.6820469004402,449.08785372295915,450.65380651380923,47274600
2021-12-29,450.42755126953125,451.4463493259037,448.9559380833534,449.95587963835754,54503000
2021-12-30,449.18231201171875,451.8614033073912,448.7200830453062,450.85201915066745,55329000
2021-12-31,448.0502014160156,449.8425474311,447.77665266265734,448.6916965613621,65237400
2022-01-03,450.6443786621094,450.7764605012531,447.0030884828913,449.3142615710116,72668200
2022-01-04,450.49346923828125,452.7858147658463,448.63508224842974,452.0688648240115,71178700
2022-01-05,441.84307861328125,450.8991788038624,441.7487385385624,450.12563049513625,104538900
2022-01-06,441.427978515625,444.1448112867114,439.0601780901141,441.3808228754029,86858900
2022-01-07,439.6827697753906,442.6165817047028,438.32435344615055,441.43740286255314,85111600
2022-01-10,439.1357116699219,439.35266218590664,430.7305201228873,436.4849195241094,119362000
2022-01-11,443.1354064941406,443.2297465587139,435.87165335018614,438.8715061877595,74303100
2022-01-12,444.33343505859375,446.38994479619777,442.3712941726711,444.8711475087788,67605400
2022-01-13,438.211181640625,446.0881025089078,437.18294108680465,445.4371934481838,91173100
2022-01-14,438.390380859375,438.7394131797268,433.8434604749311,435.06038106331687,95890900
2022-01-18,430.6266174316406,433.90001864551573,429.5134796511059,433.6924820433362,109709100
2022-01-19,426.15521240234375,433.56987477528105,425.8816348637501,432.17374552013666,109357600
2022-01-20,421.43853759765625,432.749212360242,419.3160155840139,428.04193941787696,122379700
2022-01-21,413.16534423828125,422.6742282457237,413.13704510210147,420.31587093560455,202271200
2022-01-24,414.9200744628906,415.42948785761394,396.92109866435106,407.5525662882195,251783900
2022-01-25,409.8543395996094,414.8068916212734,402.9490601572942,408.52422217345065,167997300
2022-01-26,408.8260192871094,418.8820597450549,404.5620902381432,415.7501538816743,186391100
2022-01-27,406.8072814941406,416.5708886311564,405.11871802199556,413.4295686804275,149878300
2022-01-28,416.9104309082031,416.9575865405849,403.5809903341213,408.1656232816554,164457400
2022-01-31,424.41949462890625,424.76852696731544,414.89172362734763,416.2406973417306,152251400
2022-02-01,427.28729248046875,427.9287589149775,421.61779092107525,425.1458850994215,123155400
2022-02-02,431.4380187988281,432.16438269982757,427.38162576079867,429.69282811901024,117361000
2022-02-03,421.2970886230469,427.3061803398797,420.4574993371218,425.40063739567904,118024400
2022-02-04,423.278076171875,427.12690349554987,418.68397092224063,421.0612140470099,118454400
2022-02-07,421.919677734375,425.4383293530502,420.5895604027736,424.0421998784849,84472900
2022-02-08,425.3912048339844,426.31569157716,419.99528032572806,421.4197378367775,81012000
2022-02-09,431.6172790527344,431.9380123033958,429.23062177963686,429.42871580152007,92589900
2022-02-10,423.8629150390625,431.7775484247765,421.86303233721947,425.76845767621467,140103700
2022-02-11,415.50494384765625,426.0232149227556,414.0710725267029,423.947877125735,153214600
2022-02-14,414.1464538574219,416.5802950386649,410.67495835599806,414.99548562999905,123006300
2022-02-15,420.8253173828125,420.9951122132897,418.0707431602709,418.58959908256503,88482700
2022-02-16,421.2970886230469,422.6743616661116,416.90110575473415,418.7783495538221,84863600
2022-02-17,412.29754638671875,421.2687487717077,411.693821753136,418.10854352626,102259100
2022-02-18,409.6278991699219,413.806902341528,407.3544387638589,412.55223985255054,132642900
2022-02-22,405.23193359375,410.8259516984403,401.7321096953835,407.4204966635997,124391800
2022-02-23,398.04364013671875,408.71284849771104,397.477628508236,408.1468368692283,132578000
2022-02-24,404.03375244140625,404.46771090303395,387.37434216598865,387.73278828551406,213942900
2022-02-25,412.9485168457031,413.0334142854598,403.6188380777887,405.2696888019006,121804500
2022-02-28,411.8919372558594,413.37299295759,406.29791910816897,407.55255287050466,145615000
2022-03-01,405.6186828613281,412.4013221597528,402.9112639395008,410.3919967190823,137785900
2022-03-02,413.0805358886719,414.8068411449072,407.1186004140651,407.8732634005898,117726500
2022-03-03,411.0240173339844,416.1180643570966,409.22222854392,415.5143397383029,105501700
2022-03-04,407.6846618652344,408.8166564833454,403.63771129325096,407.2884450363373,113978200
2022-03-07,395.6664123535156,407.8072341448679,395.60037142345385,407.09972677904506,137896600
2022-03-08,392.6665954589844,403.00562856631194,391.60061306814714,395.8456573433794,164772700
2022-03-09,403.1943359375,405.1753624907321,398.8643939390567,401.05295715574266,116990800
2022-03-10,401.3736877441406,402.269846539242,396.61922980556955,398.5813710564199,93972700
2022-03-11,396.27020263671875,404.47727157024167,395.76078922516666,403.8641042205582,95636300
2022-03-14,393.3740539550781,400.4962825052735,392.23261691926257,397.0436722577172,95729200
2022-03-15,402.0245666503906,402.6565904451957,394.71365716973366,395.98714740326733,106219100
2022-03-16,410.9390869140625,410.995685192888,400.7321084005492,405.5337497664183,144954800
2022-03-17,416.0803527832031,416.0803527832031,408.6468044640496,409.02413595065417,102676900
2022-03-18,420.6375732421875,420.9593028336933,413.7297868077792,414.4678791360529,106345500
2022-03-21,420.51458740234375,422.47335203270006,417.00389114982016,420.4672563901048,88349800
2022-03-22,425.4352111816406,426.37201295183075,421.9055997031732,421.9055997031732,74650400
2022-03-23,419.956298828125,424.3943252385868,419.871137651901,422.89922534823637,79426100
2022-03-24,426.286865234375,426.29633721311484,420.86473496549416,421.981331093405,64736900
2022-03-25,428.36865234375,428.64307980820996,424.33751705816746,426.92085470819296,77101300
2022-03-28,431.4156799316406,431.4156799316406,425.8799725760659,427.7725201247763,68529800
2022-03-29,436.7526550292969,437.24473588066155,432.61744319877937,435.30485728967426,86581500
2022-03-30,434.0557861328125,436.42147053755207,431.94558524771077,435.60766008577025,79666900
2022-03-31,427.375,434.1124630557849,426.92077829991064,433.2892096877293,121699900
2022-04-01,428.5863342285156,429.0973012788602,425.00942048618305,428.9553659870978,89048800
2022-04-04,432.2578125,432.36191762304253,427.96175071510544,428.78500420961205,59601000
2022-04-05,426.7978210449219,433.23247058270414,425.65283796639494,430.76271011439627,74214500
2022-04-06,422.5301513671875,424.81067460735846,419.64402793365923,422.88029691792224,106898000
2022-04-07,424.6592712402344,426.47612959296237,419.7008059045146,421.65012756907544,78097200
2022-04-08,423.5237121582031,426.4193072695884,421.9812814601947,423.90221584948597,79272700
2022-04-11,416.28472900390625,421.09178658035466,415.7832051098399,420.24958914576314,89770500
2022-04-12,414.7423400878906,421.8015343492119,413.1904372386116,419.2749706687826,84363600
2022-04-13,419.4925537109375,420.24956105130474,414.3164358847849,414.49623018176845,74070400
2022-04-14,414.26910400390625,420.83624472678844,414.16499889724435,419.7196199946672,97869500
2022-04-18,414.43951416015625,416.1238802748247,412.2062931005156,413.341833148195,66002500
2022-04-19,421.129638671875,421.848787018053,414.1650495021856,414.33537183065033,77821000
2022-04-20,420.8173828125,423.5237406996165,419.65348460531936,422.9086685500845,65224400
2022-04-21,414.5246276855469,425.83260921448067,413.6162130786086,424.44158581105347,85417300
2022-04-22,403.1505126953125,414.5436288750389,402.58274261879126,413.43650465990896,132471800
2022-04-25,405.4877624511719,405.65808479066646,396.33728283967,400.90780109531795,119647700
2022-04-26,393.74456787109375,403.1505325635227,393.716180809768,402.95179425625525,103996300
2022-04-27,394.85162353515625,400.19809313911514,392.7130645715548,394.82323647876274,122030000
2022-04-28,404.8254089355469,406.55710623337256,395.16396112082083,399.601987737978,105449100
2022-04-29,389.86480712890625,402.9896201658994,389.1172427381389,400.83211704855785,145491100
2022-05-02,392.2115478515625,393.5741843394114,383.2597775315031,389.93102468617633,158312500
2022-05-03,394.0094909667969,396.4224776148035,391.1517255979903,392.7131004763314,100028200
2022-05-04,406.0082092285156,406.5759792490273,391.48290152050896,394.67183940897127,144247900
2022-05-05,391.5775451660156,402.16635092774,387.44233342518896,401.7405161814466,172929100
2022-05-06,389.2402038574219,392.51430263534195,383.9316224860018,389.01310741996485,151770800
2022-05-09,376.7778625488281,384.5751496453727,375.1975725508125,383.33553324176137,155586100
2022-05-10,377.6484680175781,384.26291370073824,373.6078886388362,382.7583415824996,132497200
2022-05-11,371.6490173339844,382.3324561154293,370.9014529815829,376.6832006420824,142361000
2022-05-12,371.2610168457031,374.5351157341159,364.4573066901353,368.4505828254061,125090800
2022-05-13,380.13702392578125,381.5185752675218,374.35527733219214,375.3961840463711,104174400
2022-05-16,378.59466552734375,382.26621234005705,376.2384531036934,378.4905892750784,78622400
2022-05-17,386.38250732421875,386.6190757634291,380.9508763229202,384.68866921363724,83029700
2022-05-18,370.8067932128906,382.1053033485448,369.5671769928699,381.82143279357103,117674500
2022-05-19,368.53582763671875,372.9644114675759,366.31207818026047,367.74096102040795,98510700
2022-05-20,368.6966552734375,375.69907542713753,360.09503013105126,372.12216171567013,131432200
2022-05-23,375.5949401855469,376.36141951205695,369.40630258818845,371.7246556441584,76414900
2022-05-24,372.727783203125,373.9200684973476,366.17008413397616,371.46922293735594,91448800
2022-05-25,376.020751953125,377.98901729728556,370.83519088442847,371.2326096418207,91472900
2022-05-26,383.5341796875,385.1712435361306,377.0427561590206,377.2509375219795,82168300
2022-05-27,392.9496154785156,393.0631636990263,385.7957888065358,385.9944981924295,84768700
2022-05-31,390.74481201171875,394.08515718858496,388.00062391684565,391.33149711527295,95937000
2022-06-01,387.5842590332031,393.87697365023195,385.06716741079504,392.8644826922193,86585800
2022-06-02,394.9652099609375,395.01251209671574,385.1712709822698,387.42340710258367,79609600
2022-06-03,388.48321533203125,391.795173302903,387.50855457000824,390.24327056369185,71874300
2022-06-06,389.6661071777344,394.22712507510215,388.492707995611,392.4954566785765,57508900
2022-06-07,393.4037780761719,393.85799980122914,385.710569071012,386.1742627730429,59272400
2022-06-08,389.12677001953125,393.47963591082447,388.3319033768064,391.6911643062019,64350000
2022-06-09,379.8720703125,389.61867668783157,379.8720703125,387.34762585918884,86289800
2022-06-10,368.85748291015625,374.5162101273659,368.8101807755536,373.6645695586442,132893900
2022-06-13,354.8526306152344,361.2967520769685,353.2439538052529,359.4420637467876,170004900
2022-06-14,353.7833557128906,357.6346967344851,350.6795790257293,356.60326183152415,104011800
2022-06-15,358.8270263671875,363.2744957746672,352.12739188091416,357.0858572117837,125666800
2022-06-16,346.9512634277344,351.0107858866292,344.51933296816924,350.6038951062925,134473300
2022-06-17,347.69915771484375,351.0444479219139,344.19235133733406,347.3665544750161,111113900
2022-06-21,356.4520568847656,357.8395764065463,353.3538694431423,353.4299145965904,76811900
2022-06-22,355.8057861328125,359.9208378596493,351.8047441204501,352.2229054186672,90059400
2022-06-23,359.29364013671875,360.02540799730696,354.3802877819863,357.9441431467789,79292100
2022-06-24,370.7169189453125,370.72643183907684,362.43928023680013,362.4677899153683,98050300
2022-06-27,369.3009033203125,371.93339374615164,368.20799359853146,371.6387840560035,66009600
2022-06-28,361.7550048828125,373.64403342980467,361.6409661729738,370.85948192125505,86548900
2022-06-29,361.4604187011719,363.2946090766125,359.6357412197438,362.3062541919747,65676000
2022-06-30,358.5238037109375,361.76453925396646,354.06660685286846,357.563929508268,112508300
2022-07-01,362.31573486328125,362.7529219458162,355.2450444294537,357.86805091376164,74839700
2022-07-05,363.0000305175781,363.0190563072348,354.38975859425415,357.221845993929,81438000
2022-07-06,364.2259826660156,366.7159247303021,360.75716958402745,363.1425568197513,70426200
2022-07-07,369.6809997558594,370.4792996961626,364.2449324457464,366.0031064941069,64525900
2022-07-08,369.376953125,371.24916611652566,366.5163562235368,368.04642405277673,72397800
2022-07-11,365.1573791503906,367.66631821985214,364.4636048722329,366.6969600116307,58366900
2022-07-12,361.9260559082031,366.99149752590097,360.1773947183314,364.60608154818266,62219200
2022-07-13,360.0254211425781,362.9620635927919,356.0624300737601,356.48059143871535,84224600
2022-07-14,359.1510009765625,360.2343976523002,352.62202423836516,355.0644304558433,89704800
2022-07-15,366.0126953125,366.12673404152474,361.650539910931,363.56074662755304,79060400
2022-07-18,362.9905700683594,369.77613578928634,361.76459566817937,369.10138727564373,63203600
2022-07-19,372.7982482910156,373.3684709198661,366.25978635540963,366.91550902545094,78506000
2022-07-20,375.17413330078125,376.5901914099878,371.619791193265,372.98831383414614,71843800
2022-07-21,378.9945983886719,379.0421048535145,372.1900078667484,374.59442084284586,64903900
2022-07-22,375.4782409667969,380.3155764832449,373.2543990144218,379.1181409721045,72197300
2022-07-25,375.9344482421875,376.78976766133366,373.6915803624673,376.10550632547137,53631500
2022-07-26,371.48675537109375,374.4993845551237,370.59341339787153,374.29030390175836,52946400
2022-07-27,381.1329650878906,382.88162668042236,374.48991881207405,374.78452854217437,82342100
2022-07-28,385.9132385253906,386.60698374585616,378.38636390787866,381.9407350618802,73966600
2022-07-29,391.5393371582031,392.52772101696127,386.5784500823875,387.3482404042619,87003700
2022-08-01,390.3799133300781,392.8888811641739,388.1275616169894,388.84033261494034,69997500
2022-08-02,387.804443359375,392.49923066625485,386.6260045869153,388.81182405248916,63435400
2022-08-03,393.8773193359375,395.0462453718832,389.6481992309968,389.9332960683664,67820600
2022-08-04,393.6112976074219,394.48561408448,391.96716151082705,393.8013525359086,45656600
2022-08-05,392.9458312988281,393.59206992913533,389.2679382377692,389.3249575873421,56814900
2022-08-08,392.48968505859375,396.88986230561017,391.3872625234864,394.637510773779,53886100
2022-08-09,390.93109130859375,392.2615912080888,389.85717849598336,391.7579009246113,44931800
2022-08-10,399.14227294921875,399.28485036063125,396.03460162898654,397.9923437821938,68665700
2022-08-11,399.14227294921875,403.85608634972215,398.40099222133176,401.993357133819,59489700
2022-08-12,405.8993225097656,406.00384833286853,400.1306223802401,401.08098369306896,61694500
2022-08-15,407.5719299316406,408.0946460440883,403.6279363687809,403.6849557261061,54048300
2022-08-16,408.3702697753906,410.29950209001703,405.69024389909407,406.4980568196023,59289000
2022-08-17,405.47161865234375,408.1801539962864,403.46637035029323,404.7683606131751,63563400
2022-08-18,406.650146484375,407.3343788381746,404.3787688555106,405.67124641632466,49023200
2022-08-19,401.1855773925781,404.1507003354797,400.31123213885485,403.88460030221233,68016900
2022-08-22,392.83184814453125,396.5192546194772,391.92899331076484,396.34816754384633,77695600
2022-08-23,391.8815002441406,394.7991164880296,391.3302744311885,392.4041873745743,49105200
2022-08-24,393.135986328125,394.50447996842576,390.9691636437866,391.6533959625738,49177800
2022-08-25,398.68609619140625,398.73360265745475,393.5351249523274,394.6280346959815,50942300
2022-08-26,385.1909484863281,399.1137361754967,385.13392912672487,398.5720522592657,103087000
2022-08-29,382.6439208984375,385.69457212046717,381.28491139174105,382.2352725577197,65370800
2022-08-30,378.44342041015625,384.0410632057968,376.3431297512481,383.80347284610536,85652400
2022-08-31,375.56378173828125,381.3229690519403,375.4307462340977,380.07799803546214,76029700
2022-09-01,376.74224853515625,377.08436469022797,370.678938652205,373.3874742240931,78740100
2022-09-02,372.7697448730469,381.6271200488621,370.9545511254495,380.41065862148133,99632100
2022-09-06,371.36322021484375,374.5564205138696,369.1393780774377,373.61557203339373,76637400
2022-09-07,378.0347900390625,378.80458052107474,370.83106274975944,371.0496273293859,70964200
2022-09-08,380.5056457519531,380.96180059480923,374.5563749860969,375.7633523475096,80821700
2022-09-09,386.4169006347656,387.28173287628084,382.48239103068937,382.7484910278691,76706900
2022-09-12,390.57000732421875,391.2922912350759,388.1845910416869,388.488713636019,69256300
2022-09-13,373.5870666503906,383.09068051072757,372.4656471755256,381.883702988719,122947100
2022-09-14,375.0125427246094,376.5331264751755,371.70527524233233,374.8889911257345,85023700
2022-09-15,370.7549743652344,376.30508130578556,369.4814936051546,373.4539971854713,87633800
2022-09-16,367.9264831542969,368.58492846304785,364.6342566105422,366.5714428970576,103084800
2022-09-19,370.77972412109375,370.77972412109375,364.7010595826664,364.77741710532587,73278500
2022-09-20,366.52374267578125,368.4609000016925,363.7659311992638,367.4493811490609,77274900
2022-09-21,360.13018798828125,371.5050138173394,360.12063601648464,368.4513532726731,106746600
2022-09-22,357.1051940917969,360.99858405499543,356.36086825522057,359.3572464253826,89472600
2022-09-23,351.1219482421875,353.66982042614035,346.67506820312684,353.63164165790215,122346900
2022-09-26,347.64837646484375,353.27853570562985,346.42691809015844,349.6523393463072,92581200
2022-09-27,346.7608947753906,353.4598260291323,344.3656797923764,351.1886701822386,108294100
2022-09-28,353.5839538574219,355.27299311416255,346.01663630256644,347.7152275322068,110802200
2022-09-29,346.1978759765625,350.32027945929735,343.249200037984,350.0340115514208,112952300
2022-09-30,340.844482421875,349.17522920833704,340.7109004194997,345.25318357199444,153711200
2022-10-03,349.8431701660156,351.6944470852205,342.78161312339256,344.5660844856892,89756500
2022-10-04,360.6836242675781,360.71225105913686,349.80500664731017,355.3683600338881,103602800
2022-10-05,359.8439025878906,362.1055067151951,353.9847287224127,356.3131384107271,88065700
2022-10-06,356.1318664550781,361.399401090527,355.6356297985948,358.4411724636354,82333500
2022-10-07,346.1978759765625,356.21766045831674,344.43247955302377,352.09522785371945,107789500
2022-10-10,343.55450439453125,347.5528774185206,341.31200474894814,347.3143111479812,76042800
2022-10-11,341.3788146972656,346.4268856317471,339.441657555121,341.85594728520135,92482800
2022-10-12,340.2528381347656,343.36375237835983,340.0047198340521,341.7892204341487,76991800
2022-10-13,349.2324523925781,350.7020290219594,332.18925999717504,333.23895758959026,147254500
2022-10-14,341.27392578125,353.3263019525563,340.63455517563204,351.6944872171797,123737000
2022-10-17,350.04364013671875,351.1505914925585,340.9399400894957,347.3621566992135,93168200
2022-10-18,354.15643310546875,358.2788655814361,350.711520738244,357.97349374132114,97162900
2022-10-19,351.646728515625,354.84352278104876,348.83163450834223,352.11430914770796,79746900
2022-10-20,348.6981201171875,355.6260961767777,347.9346903310534,351.1982907828058,88283100
2022-10-21,357.1719665527344,357.65862205185954,346.91361459894165,348.4213409562037,131038400
2022-10-24,361.5424499511719,362.67802786353946,356.0458731062238,358.6987583066402,85436900
2022-10-25,367.31573486328125,367.6306295324552,361.3515779922161,361.466085144643,78846300
2022-10-26,364.54840087890625,369.85411334727513,363.90905946867207,364.16670060269513,104087300
2022-10-27,362.60174560546875,367.39214701251325,361.9814498519805,365.55042194011406,81971800
2022-10-28,371.2283020019531,371.70543468470186,362.3154669828309,362.49677973202483,100302000
2022-10-31,368.54681396484375,370.6366574184391,367.6402793522776,368.7663054799875,96631300
2022-11-01,366.93408203125,372.5356437948338,365.76035435229414,372.29707747025043,85407600
2022-11-02,357.72540283203125,370.85610174230845,357.62044763501416,366.34241671143474,126990400
2022-11-03,354.0419616699219,357.08607016392386,351.92349163838855,354.4809155332156,87100100
2022-11-04,359.1377868652344,361.5425251743016,353.0781957888094,359.7580535469761,103505200
2022-11-07,362.5730285644531,363.1646682541799,358.35516409991413,360.43545498374664,68286900
2022-11-08,364.5293273925781,367.5066303285375,360.4450732662479,363.68001733717375,84641100
2022-11-09,357.0192565917969,363.7086651999319,356.52302003221314,362.5539832992573,78495500
2022-11-10,376.6389465332031,376.9729451885855,368.00285783726986,370.3026114178393,141455800
2022-11-11,380.28424072265625,381.08582000984256,375.60831786460767,377.4977734770305,93839900
2022-11-14,377.04931640625,381.8778966959395,376.7725713035823,378.51889318368023,71903500
2022-11-15,380.2651672363281,383.91046764433503,376.44810606485254,382.8035164099832,93194500
2022-11-16,377.3641662597656,379.58759125179506,376.73434776440064,378.63332609915625,68508500
2022-11-17,376.20953369140625,376.88708300619,372.2970693510568,372.60241210724644,74496300
2022-11-18,377.91766357421875,379.61625454437336,375.0644198124641,379.54944898801807,92922500
2022-11-21,376.5435485839844,377.7173054097724,374.70182350827446,376.59127932303574,51243200
2022-11-22,381.6106262207031,381.7728641092099,377.07786677530646,378.49018967584743,60429000
2022-11-23,384.0154113769531,384.5020668220049,381.0476314864747,381.2766458135579,68261600
2022-11-25,383.9295654296875,384.4830556409012,383.17571677097555,383.45243275471506,30545400
2022-11-28,377.8031311035156,382.47902466355777,377.0397014860041,380.83768738823574,67881600
2022-11-29,377.1542663574219,379.1295732981502,375.312512286855,377.9367417321205,52310000
2022-11-30,389.03485107421875,389.03485107421875,375.48430196447526,377.4023553187591,144566700
2022-12-01,388.7486267089844,391.2487972907091,386.2389041546695,390.07504041496463,76398200
2022-12-02,388.300048828125,389.20658327820155,383.7482143923798,383.8531695839399,85342700
2022-12-05,381.3148193359375,386.4105918965586,379.9597790901639,385.4754306592434,77289800
2022-12-06,375.8182373046875,381.69651421862574,373.728423384414,381.15260520692095,77972200
2022-12-07,375.1789245605469,377.54551283524984,374.0433465972937,374.9689850432598,65927900
2022-12-08,378.1180725097656,379.18684498444895,375.2839034087124,377.068403979044,60737900
2022-12-09,375.29345703125,379.43496494979524,375.1693978824169,376.877540928146,81447700
2022-12-12,380.70416259765625,380.70416259765625,375.41752454941917,376.08549280299235,75405800
2022-12-13,383.58599853515625,391.7163278716569,380.8186351718438,391.45868674150205,123782500
2022-12-14,381.1335754394531,386.9545999060633,378.1848989989114,383.2424937114521,108111300
2022-12-15,371.8103332519531,377.17329870946276,370.1499212179962,376.2667351726121,117705900
2022-12-16,367.42071533203125,370.59383534034583,365.2829507209457,369.2517350620785,119858000
2022-12-19,364.30511474609375,367.9479918227815,362.63707790509415,367.6124594366193,79878100
2022-12-20,364.80364990234375,366.42376617165866,362.224886337841,363.5478242860952,74427200
2022-12-21,370.2583312988281,371.38952801231983,366.86471190276114,367.40155201274337,78167400
2022-12-22,364.9762268066406,370.2391914907207,359.27226326962426,367.2098622997301,100120900
2022-12-23,367.07562255859375,367.21941379519086,362.39741929068407,363.950423157118,59857300
2022-12-27,365.6280517578125,367.3056844290648,363.9504190865602,366.96058546509136,51638200
2022-12-28,361.0840759277344,367.53578243852644,360.8540099500132,365.5609421925815,70911500
2022-12-29,367.5837707519531,368.4561434188278,363.40405276866323,363.9313264054412,66970900
2022-12-30,366.6154479980469,366.7592392294088,362.78085913190785,364.8994905444754,84022200
2023-01-03,365.07208251953125,370.450079987651,362.20570711462034,368.47526883215227,74850700
2023-01-04,367.8904724121094,369.9227998702252,364.2859494452824,367.33444063245616,85934100
2023-01-05,363.691650390625,366.0499147712704,363.09729369153195,365.93488176571645,76970500
2023-01-06,372.0318603515625,373.1534906525759,363.7204039949203,366.78805804101853,104189600
2023-01-09,371.8209533691406,377.419479732033,371.63883728473166,374.2271676198182,73978100
2023-01-10,374.428466796875,374.4955791323068,370.2966990841329,371.2361840133922,65358100
2023-01-11,379.1641540527344,379.2408622167289,375.19536960600243,376.0102256287862,68881100
2023-01-12,380.5446472167969,382.011376504994,376.19240927348505,380.26666054687666,90157700
2023-01-13,382.02093505859375,382.5961292686462,377.07431166109114,377.3427317250366,63903900
2023-01-17,381.32110595703125,383.6793992551705,380.64047460135316,382.00176656830166,62677300
2023-01-18,375.3008117675781,383.57394241937,375.0995040316948,382.5098579883935,99632300
2023-01-19,372.56866455078125,374.90773682058955,371.24572672429906,373.2588624544161,86958900
2023-01-20,379.50921630859375,379.6626033543265,372.3193631025522,373.96823727469456,91806400
2023-01-23,384.0628662109375,385.99932319331543,379.35590453409674,380.314551818449,84178800
2023-01-24,383.650634765625,384.56133208460926,381.19650018692624,382.3852133953482,59524900
2023-01-25,383.79449462890625,384.13002707193834,377.2852705542339,379.57645189598105,84800300
2023-01-26,388.01251220703125,388.1754951278568,383.4876955763573,386.45950819175505,72287400
2023-01-27,388.9040222167969,391.28147800741476,386.7566616675893,386.967565239786,68346200
2023-01-30,384.02447509765625,388.37674154050546,383.72729680861056,386.14307720021804,74202000
2023-01-31,389.67095947265625,389.7188801347345,384.19706240377985,384.5421906397612,86811800
2023-02-01,393.8122863769531,396.5636286134995,385.7117345077939,388.45345165426824,101459200
2023-02-02,399.5450134277344,401.01174260046105,395.8062948752539,397.704397771963,101654500
2023-02-03,395.2982177734375,399.7271635935274,394.0903128204698,394.56963646776256,94736800
2023-02-06,392.8824462890625,394.2820925400618,391.22400503082395,392.84412145755863,60295300
2023-02-07,398.020751953125,399.26698166926644,390.7158646278332,391.9620943439746,90990700
2023-02-08,393.66845703125,397.3880127555721,392.97822989420473,396.0459125600925,76227500
2023-02-09,390.2557678222656,397.42646092955965,389.02870031650593,397.27307383439006,78694900
2023-02-10,391.16644287109375,391.54989593055205,388.26174279369724,389.0765695741987,70769700
2023-02-13,395.75836181640625,395.8925864844252,391.3581741107854,391.8183353582287,64913500
2023-02-14,395.5762939453125,397.8866085323106,391.6170753346043,394.23416412394835,88389300
2023-02-15,396.86083984375,396.9375187591641,392.5373309404456,393.3809452879777,61555700
2023-02-16,391.396484375,395.83502566820573,391.2622889776,391.88540381719497,76431500
2023-02-17,390.4186706542969,390.6583324559055,387.34139205761664,389.2682823043391,89257800
2023-02-21,382.5865478515625,387.44689668905306,382.3277236123021,386.39237880681736,82655900
2023-02-22,382.0592956542969,384.54218860202,380.6021330632425,382.9987512663258,83742300
2023-02-23,384.0916442871094,385.56796937278995,379.8640060342025,384.95442103644666,96242400
2023-02-24,379.9886779785156,380.82269657268154,377.3619933475842,379.06838462518755,108194400
2023-02-27,381.2827453613281,384.69552690942936,380.34326061280535,383.3342350701894,80444700
2023-02-28,379.87359619140625,382.7687005643169,379.76812977335084,380.80348526155615,96438600
2023-03-01,378.4163818359375,380.2857555557943,377.1126357022291,379.058688324708,99706800
2023-03-02,381.3594665527344,382.20308082772186,376.1060690029621,376.4416013971857,85127800
2023-03-03,387.4756164550781,387.7248740903768,382.5289933624495,383.18086644105557,90120000
2023-03-06,387.74407958984375,390.60085911261217,387.3031100177366,388.3000821585358,72795900
2023-03-07,381.8004455566406,387.9358116155142,381.1869265041094,387.69614979307676,108310600
2023-03-08,382.423583984375,383.18089426793244,380.18991944950625,381.9155020986243,74746600
2023-03-09,375.36798095703125,384.8777762237913,374.3805752859118,383.20970982130785,111945300
2023-03-10,369.95159912109375,376.9017923479486,368.42735335856526,374.8215147441384,189253000
2023-03-13,369.42425537109375,374.2462786691214,364.9090354410611,366.02106965683873,157790000
2023-03-14,375.5308837890625,377.17975816787913,371.0443925918974,374.35173718346283,149752400
2023-03-15,373.18218994140625,373.38349766674736,367.8425178859198,369.9323910671056,172996900
2023-03-16,379.729736328125,380.074864540284,370.3158428605711,370.8239247170232,143254200
2023-03-17,375.2897644042969,379.5335380313597,373.9040412049599,378.3980238274525,140553400
2023-03-20,378.8983154296875,379.3121292855333,375.3666692245707,376.06913373609086,93055800
2023-03-21,383.8735046386719,384.3546576570402,380.66900909067914,382.2664406357319,91524200
2023-03-22,377.3298034667969,387.318544760657,377.29133237000224,383.70029405624626,111746600
2023-03-23,378.3498229980469,384.239130397535,375.6361133164018,380.1974338773298,119351300
2023-03-24,380.8326110839844,380.91921510254883,374.7219619246639,377.069990985465,107682400
2023-03-27,381.5447082519531,383.8831342228275,380.64977069262744,383.1132717788515,74010400
2023-03-28,380.6882629394531,381.54470001628135,378.850254938649,380.85183851528325,62871700
2023-03-29,386.2214660644531,386.4620425314962,383.65209647484517,384.8549788100607,77497900
2023-03-30,388.48297119140625,389.1084642618227,386.6160950711014,388.8582552867559,69840000
2023-03-31,393.9584655761719,394.25677808538353,389.3008787149844,389.4067476454537,112062600
2023-04-03,395.4595947265625,395.86374673169445,393.0441976826668,393.43874659917225,67391100
2023-04-04,393.2655944824219,396.3930888912914,391.88947462341105,396.10437947935486,66601500
2023-04-05,392.2359313964844,393.2944738697264,390.5807639021192,392.53424390704595,65200200
2023-04-06,393.76593017578125,394.04500709302937,390.38822726994033,391.43713711455257,63743300
2023-04-10,394.170166015625,394.24716694508413,390.66738727373564,391.2832478731585,63681000
2023-04-11,394.27606201171875,395.6810207146474,393.5062288677926,394.7957155358575,59297900
2023-04-12,392.6689147949219,396.63363981226826,392.0819222861502,396.3449304189456,86420400
2023-04-13,397.8846130371094,398.2406615136449,392.6111662470231,393.75631259262076,85814800
2023-04-14,396.9126892089844,399.44355846247794,394.6031608879993,397.2495021524552,78161500
2023-04-17,398.3369140625,398.35614960865223,395.59433632263926,396.8260867230395,66436400
2023-04-18,398.59674072265625,400.0498321097644,397.2206502574761,399.9150951800139,63560000
2023-04-19,398.5293884277344,399.43392897608123,396.62401213094887,396.68174813685937,55227300
2023-04-20,396.3545837402344,398.10598763661955,394.80525587274064,395.7098258250606,75840400
2023-04-21,396.6625061035156,397.1243941432459,394.7090262895011,396.6528736469394,73457400
2023-04-24,397.0763244628906,397.4997414469219,395.12284448225694,396.46043453439125,64332100
2023-04-25,390.773193359375,395.6617241074058,390.7154573508528,395.1035702020275,97766700
2023-04-26,389.1180725097656,392.46690824121293,388.55994790481657,391.3891301301037,80447000
2023-04-27,396.8646240234375,397.1340685308111,391.40833604006144,391.65854499949717,92968400
2023-04-28,400.2518615722656,400.2614940281978,395.9214852858909,395.97922128699645,89433100
2023-05-01,399.8476867675781,401.87813788092586,399.61671340908117,399.8091863132883,62122300
2023-05-02,395.3537292480469,399.18371707766147,392.4475761726746,399.1355841651367,103998500
2023-05-03,392.6401062011719,398.2696024994155,392.3995296872918,395.85420490253955,91531800
2023-05-04,389.8590393066406,391.9183589011733,388.5214198537967,391.5911783811914,94901900
2023-05-05,397.0763244628906,398.125234465571,393.2367329689119,393.4965450134205,87891800
2023-05-08,397.1821594238281,397.6633124121759,395.7772009206819,397.4035003706773,50046800
2023-05-09,395.4403991699219,396.55667765861574,395.2094551264847,395.63287211761855,49220100
2023-05-10,397.28802490234375,398.914324338217,393.4580365761441,398.27919887504333,96142900
2023-05-11,396.59515380859375,396.8838338451928,394.5165694433399,396.4219457866343,70157100
2023-05-12,396.075439453125,398.0481839572704,393.6504394169537,397.83647550724606,70481500
2023-05-15,397.4419860839844,397.8461381335402,394.7667767427343,396.68175616777665,54289400
2023-05-16,394.7860107421875,397.2591440489676,394.7763782852964,396.3353092048242,57705500
2023-05-17,399.5782775878906,400.1845056184392,395.16129716185526,396.80683197926186,87287000
2023-05-18,403.4275817871094,403.8509988046538,399.03946848460396,399.26078008428595,97177200
2023-05-19,402.84051513671875,404.86136352045077,401.6183971431854,404.3321069908471,103793300
2023-05-22,403.0041809082031,404.5438765457276,401.6184577711563,402.8598408662715,60745400
2023-05-23,398.4812927246094,402.9367742560176,398.08674373587735,401.35857830108944,86383500
2023-05-24,395.5943603515625,397.25916026310097,394.42997834283796,396.8742437459542,89213700
2023-05-25,399.02020263671875,400.47329418750155,396.864646455889,399.1068066582074,90961600
2023-05-26,404.1877136230469,404.90944304818487,399.5975250513779,399.6744966018046,93830000
2023-05-30,404.3417053222656,406.6512337191027,402.955982410714,406.1219771957275,72216000
2023-05-31,402.0995788574219,403.41793341434715,400.53101533620446,402.5133634004825,110811800
2023-06-01,405.9199523925781,406.978494940152,401.07955404832046,402.330540189021,88865000
2023-06-02,411.78997802734375,412.5790465929496,407.9696222034908,408.49887873292437,91426200
2023-06-05,411.0008850097656,413.4258854781173,410.29839108056865,412.1363990044285,65460200
2023-06-06,411.89581298828125,412.4250695118066,409.9327006351518,410.5870909976928,64022200
2023-06-07,410.4715881347656,413.4258744271593,410.0481711705742,412.2903604628489,85373300
2023-06-08,412.9543151855469,413.40660011091546,409.7690851631247,410.5389180982335,61952800
2023-06-09,413.6953430175781,415.7065590310339,412.70416901348756,413.7530790281272,85742800
2023-06-12,417.44830322265625,417.5253041431819,413.9551573440261,414.6768867959098,76104300
2023-06-13,420.2005615234375,420.84529012852545,418.247081424966,418.9110749460117,95899700
2023-06-14,420.7009582519531,422.51009835206776,417.24628300428765,420.53738266663987,100612100
2023-06-15,425.91656494140625,427.16755076971987,419.78668152163175,419.8828886105457,110303100
2023-06-16,424.4659118652344,428.47431075878063,423.99263976838114,427.9044446994593,114165800
2023-06-20,422.263671875,423.41307214231983,420.1870344889163,422.52447850076925,76160400
2023-06-21,420.10009765625,422.08014103507514,419.5108951805997,421.2784731312149,76982300
2023-06-22,421.6165466308594,421.722779347334,418.80583057108225,419.14389467353715,70637200
2023-06-23,418.4291076660156,420.2159925909701,417.71436548656794,418.1586622892244,92074500
2023-06-26,416.7195129394531,419.7813378209466,416.4780427984246,417.8592449307871,72823600
2023-06-27,421.2881164550781,421.9062646558956,417.1444807996532,417.59844581995696,72813700
2023-06-28,421.5006408691406,422.514803688603,419.58818670737986,420.2063349514927,75636000
2023-06-29,423.1618957519531,423.32610840810986,420.679605245235,421.0852585523664,67882300
2023-06-30,428.1554870605469,429.1406745135059,426.05951350289007,426.3782705598957,104964000
2023-07-03,428.64813232421875,428.92821645735074,427.5277073626863,427.8078209721531,32793400
2023-07-05,428.0106506347656,428.7447292814146,426.8226069528998,426.8322751907773,58418400
2023-07-06,424.6590270996094,425.08401688065084,422.1477318870011,424.42722521043544,80658300
2023-07-07,423.5869140625,427.5373915505045,423.3454439189286,423.664201015191,86134200
2023-07-10,424.6590270996094,424.8328785164898,422.6596473764828,423.2295133382579,62443500
2023-07-11,427.3635559082031,427.8561644856897,424.4466068764,425.4221557921788,64463800
2023-07-12,430.80206298828125,432.2122699147005,429.7299496500487,431.1594635773627,91924500
2023-07-13,434.2213134765625,435.0133427036208,432.18331940291864,432.61794802044653,72425200
2023-07-14,433.9508361816406,435.9598548665001,433.18778225181745,435.1099046958951,69815800
2023-07-17,435.4575500488281,436.51035622999115,433.75759097947645,433.80590268905246,52680200
2023-07-18,438.6933288574219,439.3404523774336,434.69456887177944,435.129226948945,80668200
2023-07-19,439.6688537597656,440.8568680135883,438.61601798371265,439.48533409064345,65891700
2023-07-20,436.7518310546875,439.57221504319733,436.037088927524,438.6739532656,70591600
2023-07-21,436.7518310546875,438.6739532656,436.7421922937348,438.4710971405942,71275600
2023-07-24,438.7030029296875,439.51433913835893,436.867806113997,437.9013054836041,54023400
2023-07-25,439.9006042480469,441.156237070321,438.3841648336445,438.4324765430136,55191200
2023-07-26,439.9682312011719,441.39771546076753,437.91090104233945,438.96370723872633,71052900
2023-07-27,437.05126953125,443.7641509737044,436.14333947921443,443.35846818342566,92194400
2023-07-28,441.33013916015625,442.16078225681895,437.05126606431355,440.3256151682766,80011800
2023-07-31,442.1705017089844,442.5278728257474,440.4898493694529,441.8034623534966,62040400
2023-08-01,440.9051513671875,441.6488687577706,439.94890960634154,440.70229523457317,55291500
2023-08-02,434.77178955078125,438.0461090832154,434.01840394785836,437.78533196247287,93933400
2023-08-03,433.52581787109375,435.4092967139093,432.10597229878186,432.7531252299224,64276100
2023-08-04,431.5650634765625,437.44727217935485,431.0434797536367,435.3416597654818,100128900
2023-08-07,435.33203125,435.48657568112884,432.7048348734821,433.4002700753938,58357500
2023-08-08,433.43890380859375,435.32238270202885,430.07762882885913,432.7917508600607,71361300
2023-08-09,430.541259765625,433.87355948928627,429.77820586959297,433.7093468244431,78789600
2023-08-10,430.69580078125,436.28825743462227,429.527093565885,432.8980072622996,93005500
2023-08-11,430.4446716308594,431.4588639187083,428.2231581026232,428.8219993419041,68690900
2023-08-14,432.82073974609375,432.82073974609375,429.21802398769285,429.52711285274876,47867400
2023-08-15,427.77880859375,431.4008602977152,427.2089131864871,431.04345976947155,75707500
2023-08-16,424.6397399902344,429.0248164729432,424.53347780183003,427.36350074460506,80107200
2023-08-17,421.4040222167969,426.3686327842003,420.8824384802807,426.1078556541094,95711300
2023-08-18,421.60687255859375,422.6403718520157,418.23595877170976,418.5836616313642,98852000
2023-08-21,424.3499450683594,425.09366245894176,420.4671159807588,422.6210106803204,68719000
2023-08-22,423.2005920410156,426.1272091701829,422.64039424533416,426.1272091701829,64994200
2023-08-23,427.9140930175781,428.53227076752444,424.1181892276399,424.2630654264281,68441000
2023-08-24,421.9836120605469,430.02938491944155,421.9546073437118,429.51746935310535,88517300
2023-08-25,424.9584655761719,426.24307373449807,420.1580380770201,423.71247141677657,102325100
2023-08-28,427.6533203125,428.271468592545,424.9585050816311,427.15104351635455,61595400
2023-08-29,433.8349304199219,434.1150440450923,427.3635186603017,427.54703833096477,83081900
2023-08-30,435.6217956542969,436.25928035352985,433.4678714194492,434.17297483140425,69053900
2023-08-31,434.98431396484375,437.3796788770793,434.8007943012341,436.2399468961714,66084600
2023-09-01,435.7956237792969,438.1910180232257,434.3371347964679,437.7080777747482,58944100
2023-09-05,433.9122009277344,435.6701107330132,433.8446116862524,435.35138309753785,55166200
2023-09-06,430.9952087402344,433.20708339429626,428.6674331394679,433.1008212089274,70758500
2023-09-07,429.6719665527344,430.34806524877047,427.6436115119561,427.99131435968866,70355400
2023-09-08,430.319091796875,431.85483833340237,429.3628794853081,429.72025057240546,61659700
2023-09-11,433.14910888671875,433.45816823533755,431.2366549432054,432.9462527649071,60180100
2023-09-12,430.7730712890625,433.2264162204621,430.1935665209915,431.7003378706483,67565400
2023-09-13,431.27532958984375,432.4343685526933,429.8940980148542,430.99521597971284,60199300
2023-09-14,434.99395751953125,435.6893927060478,432.4440481531944,433.74799281245487,83430800
2023-09-15,429.7529602050781,433.73674689724294,429.3167986127055,433.40719272290426,111848900
2023-09-18,430.0050354003906,431.3038771522312,428.96789063501143,429.4428320631367,55752200
2023-09-19,429.1132507324219,429.675454034148,426.42833506959016,429.0841732913192,66514600
2023-09-20,425.16827392578125,430.7901294710478,424.96470225740006,430.3733429544115,82562600
2023-09-21,418.1409606933594,422.5802845540439,417.98587113932,422.31858757052555,104095800
2023-09-22,417.2008056640625,420.7677771367577,416.78398949119213,419.1684584213661,100829700
2023-09-25,418.9551696777344,418.9939198820318,415.5529609010411,415.98915213200996,70874500
2023-09-26,412.8002014160156,416.6191968671865,411.9665987111882,415.91160628125357,96168400
2023-09-27,412.96490478515625,414.53517529607944,409.3204041006066,413.9729720120895,104705800
2023-09-28,415.3591003417969,417.0359784928409,411.8212066146307,412.4124874162186,92258300
2023-09-29,414.35101318359375,418.5867946420908,412.8292247753013,418.41232999892884,115111300
2023-10-02,414.1862487792969,415.436637965525,411.4237734247356,413.51743802249865,83798600
2023-10-03,408.6419677734375,414.2444490832808,407.2752686675357,412.0053970277405,103760600
2023-10-04,411.61767578125,412.3640165843667,407.64359070503724,409.107224446792,87453000
2023-10-05,411.4625244140625,412.3057997665852,408.2348102060782,411.32680997189277,70142700
2023-10-06,416.3477478027344,417.88891132912596,407.6823154616602,409.0102345616155,113273300
2023-10-09,419.0133056640625,419.5851817448939,413.89546879833836,414.44794019758774,80374400
2023-10-10,421.1942443847656,423.7919280682824,419.2459668319729,419.643378299873,78607300
2023-10-11,422.9195556640625,423.1715503152822,419.8759785243393,422.2604472219357,62451700
2023-10-12,420.3412780761719,423.9082494629408,417.98591622949925,423.53024266819244,81154200
2023-10-13,418.24755859375,423.0455435777595,416.67731756779995,421.8436069564154,95143100
2023-10-16,422.64813232421875,423.71435449669224,420.25399100160854,420.4963128780658,75433200
2023-10-17,422.62872314453125,424.68363748247594,419.1683892665842,419.51731856642147,75324700
2023-10-18,416.9972229003906,421.8145836033234,415.91162548795126,420.85499831559775,93559800
2023-10-19,413.3332824707031,419.52704410810907,412.6547989345063,417.71448112410957,121323000
2023-10-20,408.2541809082031,413.4398746497076,408.14754390760345,412.8970760474875,123919900
2023-10-23,407.5466613769531,411.4141390664612,404.9683527773846,406.72276099004836,92035100
2023-10-24,410.6192932128906,411.7727477741345,407.8180379697815,409.6693807564813,78564200
2023-10-25,404.7260437011719,408.96185555062243,404.2123224333422,408.9327781045306,94223200
2023-10-26,399.8795471191406,404.5127401955018,398.95874174042217,403.65979204119725,115156800
2023-10-27,398.0670166015625,401.86663693380547,396.6421626745101,401.4692254760225,107367700
2023-10-30,402.8262023925781,403.88272225418063,399.5597081383843,400.85854988329856,86562700
2023-10-31,405.35601806640625,405.67586990534585,401.4885410773971,403.3980385118803,79665200
2023-11-01,409.67901611328125,410.49321397980304,405.79216417282834,406.32528999111435,98068100
2023-11-02,417.5303649902344,417.6854545666244,413.4593449558553,413.478720060287,94938900
2023-11-03,421.3396301269531,422.89049620638866,419.71123405468535,419.83724617580907,100167800
2023-11-06,422.30889892578125,422.75476292041225,420.36062146659094,422.0956544795997,67831700
2023-11-07,423.5108337402344,424.15056712063193,421.1651742590875,422.30892655420246,64256100
2023-11-08,423.8209533691406,424.635151307966,421.51404441898217,424.11172778289733,61746000
2023-11-09,420.5157470703125,425.0035535857789,420.08925814139275,424.96477379761035,83174400
2023-11-10,427.0777893066406,427.38796843360757,420.5060206531149,422.59001262842264,89462200
2023-11-13,426.670654296875,427.7756266322396,424.95502612182986,425.740146607046,52236100
2023-11-14,434.9483947753906,436.23753414765645,432.3894615518305,432.61240832792026,97176900
2023-11-15,435.8692626953125,437.51706352995177,435.01628483174915,436.2860492849091,77327600
2023-11-16,436.40234375,436.72219562577186,434.3571316402488,435.42335386000235,66665800
2023-11-17,436.94512939453125,437.55578526494025,435.4911981146269,436.41200351038174,83133200
2023-11-20,440.30859375,441.1518692274426,436.6834380187307,436.69314036041027,69936200
2023-11-21,439.3489074707031,440.18251005122386,438.0791432901761,439.2616751507019,49244600
2023-11-22,441.0451965332031,442.3634429416601,439.94992648347943,441.0064463302394,59394900
2023-11-24,441.3165588378906,441.51042815767795,440.76408747907647,441.09364165847086,29737400
2023-11-27,440.5218200683594,441.5007803874619,440.13408138085987,440.68658238826873,50506000
2023-11-28,440.9580383300781,442.2568802750779,439.57196404328505,440.13413788383525,62115000
2023-11-29,440.6477966308594,444.2438747206066,440.2504147680835,443.10979527762873,63146000
2023-11-30,442.3828125,442.7317713844543,439.4167950935211,441.491084558086,79752700
2023-12-01,444.9999084472656,445.53300475365734,441.18091323402564,441.77216442546705,89183400
2023-12-04,442.6639404296875,445.01930211338146,440.3861087358581,441.60742053346644,72430900
2023-12-05,442.5767517089844,443.5363370271983,440.8998734073744,441.2779097935265,69793500
2023-12-06,440.7932434082031,444.74792384542485,440.35705215116445,444.71884640030964,69124700
2023-12-07,444.1566467285156,444.80605282503006,442.27622650644105,442.87718005735604,66995400
2023-12-08,446.0661315917969,446.5992278993257,443.16794177253433,443.4102636541943,83194400
2023-12-11,447.8011474609375,447.97564170163525,445.358553474564,445.5717979195869,65002200
2023-12-12,449.84637451171875,449.94330918636626,446.45386796122364,447.45223299144266,68327600
2023-12-13,456.0498352050781,456.30185945750105,449.86577532109465,450.22440701550494,93278000
2023-12-14,457.513427734375,459.1806035101216,454.83818462019093,457.98836917003774,119026000
2023-12-15,456.7601013183594,458.0934340813363,454.9109942306135,456.9158196636758,141553700
2023-12-18,459.3294677734375,460.3124269591709,457.30518842783584,458.3659919459903,70375300
2023-12-19,462.12255859375,462.2004326198957,459.79658439176796,459.8744287176748,55761800
2023-12-20,455.7188415527344,463.1542078983234,455.29062347154826,461.2661635495232,102921000
2023-12-21,460.0398864746094,460.31238616429494,456.28325178797456,458.7065536605437,86667500
2023-12-22,460.96441650390625,462.6480933014032,459.06666039020405,461.1687838422537,67160400
2023-12-26,462.910888671875,463.81597380070593,461.2953440901739,461.3732181207506,55387000
2023-12-27,463.7478332519531,463.8938099220547,462.1712258143802,462.7064835048319,68000300
2023-12-28,463.9230041503906,464.75995685713684,463.5045277970175,464.1079178321579,77158100
2023-12-29,462.5799255371094,464.2538605283432,460.6237492048473,463.7283148554509,122283100
2024-01-02,459.9912414550781,460.9839423046435,457.88908810923715,459.51437438828117,123623700
2024-01-03,456.2345886230469,458.57030441924957,455.6311985932203,457.8306496986943,103585900
2024-01-04,454.7650146484375,458.34644746704663,454.54116395968543,455.75768568069975,84232200
2024-01-05,455.387939453125,457.8404368275673,453.9378252017517,454.9694333616534,86118900
2024-01-08,461.8890075683594,462.0349842457667,455.7577198150965,455.884242835596,74879100
2024-01-09,461.18829345703125,462.2101599071882,458.72605447786003,459.23211686361327,65931400
2024-01-10,463.7964782714844,464.6626560070687,461.17852110920177,461.4607624691406,67310600
2024-01-11,463.5921325683594,465.3147167416708,459.6116768106503,464.7989126874992,77940700
2024-01-12,463.91326904296875,465.7818595429952,462.502121615046,465.04220480544996,58026400
2024-01-16,462.21014404296875,463.8451421871986,460.39023221216354,462.53132242501596,85014900
2024-01-17,459.640869140625,460.1274778564824,457.28566988777015,459.18345575970955,68843900
2024-01-18,463.72833251953125,464.2830735453687,459.7673604180853,461.31477246365523,91856200
2024-01-19,469.50927734375,469.79151871434675,463.7770421286305,464.8572992191645,110834500
2024-01-22,470.5019226074219,472.2245065621204,469.8498539385585,471.04692192756045,75844900
2024-01-23,471.8741760253906,472.1174803762762,469.956966252641,471.0469649925702,49945300
2024-01-24,472.3900146484375,475.6794645582401,471.8936642634199,474.745184157241,81765000
2024-01-25,474.9593200683594,475.23181977158964,472.39004139507995,474.52136032734217,72525000
2024-01-26,474.35589599609375,476.02008943226616,473.5092016110277,474.53106799985125,76641600
2024-01-29,478.112548828125,478.25855521279726,474.1223808525455,474.6673802745829,61322800
2024-01-30,477.7427062988281,478.4531359964777,476.983568210537,477.421527922976,58618400
2024-01-31,469.9472351074219,475.98116532447904,469.9277517507619,475.5334936248827,126011100
2024-02-01,476.0979919433594,476.1271872790658,470.8425939142762,471.65038103588824,91891600
2024-02-02,481.11004638671875,482.7644982110768,476.1952805049677,476.53591254829524,99228200
2024-02-05,479.3582458496094,481.1392504253947,477.1004039249224,480.4774696836803,75757100
2024-02-06,480.7499694824219,481.08085985334736,478.8716372206463,480.30226806860526,55918600
2024-02-07,484.7596740722656,485.17815049629894,482.09303775346984,482.9981526592481,70556500
2024-02-08,484.9737243652344,485.3532637246949,483.9421162494583,484.759615339305,52343600
2024-02-09,487.7765808105469,488.2145108276318,485.13914022884614,485.47977226451565,63979400
2024-02-12,487.5624694824219,490.01496666720067,486.84226840178366,487.7473831666172,56502300
2024-02-13,480.8472900390625,483.77668422244784,477.57729349036913,481.285249794803,113099200
2024-02-14,485.2170104980469,485.703619202311,481.1586808363787,483.48468469887587,68387800
2024-02-15,488.56488037109375,488.74979405458623,485.4408311080291,485.91772783399097,61683000
2024-02-16,486.1318359375,489.4018321652925,485.39218120492103,488.26318443249403,75532900
2024-02-20,483.45550537109375,485.06130820828355,481.20737545898015,484.3897857981468,71736700
2024-02-21,483.8934326171875,484.0491509708409,480.3411949189208,482.15139479243277,59293400
2024-02-22,493.9078369140625,494.87131264849836,489.54781221335594,490.51131764803023,76402500
2024-02-23,494.2484436035156,496.4673780025352,493.51853058146656,495.6303956264625,61321800
2024-02-26,492.4383239746094,495.12441383679885,492.3118009448335,494.6864540722274,50386700
2024-02-27,493.35302734375,493.5768780096542,491.2314208069047,493.12920637808,48854500
2024-02-28,492.7010803222656,493.2849870375032,491.4358798053579,491.7959655131677,56506600
2024-02-29,494.4723205566406,496.0878651256629,491.81545586381117,494.4626085780751,83924800
2024-03-01,499.1145324707031,499.54275051356746,494.9394511031337,495.3482154895911,76844800
2024-03-04,498.5792541503906,500.42839094094944,498.28730081516426,498.31652584892447,49799300
2024-03-05,493.5964050292969,497.0221493633574,491.38721217314117,496.5744479650044,72855600
2024-03-06,496.09759521484375,498.3554668272533,494.8032290742474,496.8761572948693,68382400
2024-03-07,501.0220031738281,502.07309450535166,496.1559166025703,499.39674689115986,58652100
2024-03-08,498.01483154296875,504.3407152276024,497.4406368151398,501.6546849790431,86532500
2024-03-11,497.5865783691406,498.1705147342669,494.881035254285,496.80801634913047,62557200
2024-03-12,502.9393005371094,503.5232071984046,497.17781094345105,499.6984700657358,73114400
2024-03-13,502.15093994140625,503.4355940031198,500.7105972360643,503.2604220038599,55104100
2024-03-14,501.1582946777344,503.27990140830235,498.1121195690471,503.1241533654222,110171800
2024-03-15,497.7170715332031,499.54266772632866,496.0477073102581,498.08804798108406,107646300
2024-03-18,500.6750183105469,503.2327653384656,500.26501371428566,501.78794751400085,88893300
2024-03-19,503.4573974609375,503.7404859733711,498.9764238973626,499.9819809876235,60755300
2024-03-20,508.11395263671875,508.250640692195,502.84228640648547,503.5158951541575,69594600
2024-03-21,509.79327392578125,511.65786879307296,509.51012578372485,510.9550035818572,60256100
2024-03-22,508.8267517089844,510.19345378409866,508.592403744498,509.7053331319063,79070800
2024-03-25,507.4209289550781,508.57288646937474,507.26469698888116,507.45018520809214,48512100
2024-03-26,506.4837341308594,509.1879415331935,506.0835014250274,508.8462213354942,65463700
2024-03-27,510.7401123046875,510.7792000886694,507.1475516955064,509.31483823022427,82999800
2024-03-28,510.6424865722656,512.1458765547503,510.35939807768415,510.77917463931885,96294900
2024-04-01,509.754150390625,511.9214371433278,508.5924208160107,511.38451632490194,62477500
2024-04-02,506.5129699707031,506.64959844316473,504.20899563809337,505.9271895464683,74230300
2024-04-03,507.0694580078125,508.57290771634445,505.3708077109344,505.4196078580209,59155800
2024-04-04,500.880126953125,511.4235209921689,500.5774945359362,511.08186037390533,96858100
2024-04-05,506.11273193359375,508.0749863325785,501.7977623960231,502.2370828649808,74546500
2024-04-08,506.39581298828125,507.8211466086966,505.5855756833857,506.8156491443553,48401800
2024-04-09,506.9815979003906,508.3776156958321,502.12964804913753,508.1335553906493,68049200
2024-04-10,501.9051513671875,503.89666208515973,499.92341259541246,501.2803426609476,82652800
2024-04-11,505.6929626464844,507.13778061540546,499.9136311857634,503.42807581801776,70099000
2024-04-12,498.71282958984375,503.56474960986543,496.9848635757255,502.14918793409277,92561100
2024-04-15,492.4648742675781,503.05706721719804,491.6155194168172,502.8911229007107,92101400
2024-04-16,491.5667724609375,494.4662102656471,490.2781268160622,492.9432762462562,73484000
2024-04-17,488.6575622558594,494.1928634388067,487.2615443714678,494.0268893119992,75910300
2024-04-18,487.6519775390625,492.1524648158817,486.714794359639,490.0535522630773,74548100
2024-04-19,483.3956298828125,488.56969668668467,482.1264983587833,487.57394131853926,102212600
2024-04-22,487.8472900390625,490.44409539983275,483.65920663681294,486.00217973304706,67961000
2024-04-23,493.6363830566406,494.0659315908711,487.6617913619136,489.85833417865257,64633600
2024-04-24,493.4020690917969,495.3154935043147,491.17624034467946,494.5247405147149,55928100
2024-04-25,491.5277099609375,492.2891769636512,485.67026231159537,487.32011244956163,69122400
2024-04-26,496.1843566894531,497.765862650216,493.68518162682494,494.3197324417275,64306100
2024-04-29,497.941650390625,498.61525929171887,495.19841463675846,497.9709364388238,46415400
2024-04-30,490.0535888671875,497.45348436502843,490.0535888671875,496.4772431240589,77483600
2024-05-01,488.4623107910156,496.1160385437577,487.9937042701267,489.4678380773352,80242800
2024-05-02,493.0311279296875,493.8707109149056,487.68131503899394,492.17203084435516,62550200
2024-05-03,499.14239501953125,500.372438730604,496.47724569258963,499.01547889074567,72756700
2024-05-06,504.29693603515625,504.3359642334882,501.1046081667102,501.54392863434595,47264700
2024-05-07,504.8533935546875,506.2494113345479,504.1797847364997,505.2633981790086,52561300
2024-05-08,504.9022216796875,505.43914245784595,502.90093900562147,503.018083190491,42047200
2024-05-09,507.8114013671875,507.8504891521531,504.4336447297941,505.08770969254925,43643700
2024-05-10,508.4654846191406,510.2227068337735,507.24518313883544,509.4124099670415,52233200
2024-05-13,508.53387451171875,510.25206888586143,507.39168877313017,510.1446966337389,36716400
2024-05-14,510.86700439453125,511.38444082765227,508.19211305924,508.72903379839863,57535900
2024-05-15,517.193115234375,517.4859756907869,512.7023697575905,513.3369504006804,59504900
2024-05-16,516.1290893554688,518.8918693147954,515.9826293054326,517.2908190526023,50244800
2024-05-17,516.8709106445312,516.9392546781255,514.7915121402848,516.2461019816988,59187600
2024-05-20,517.4664306640625,518.930792527948,516.5975616577482,516.9880819887991,37764200
2024-05-21,518.7356567382812,518.8918887421756,516.5000852073455,516.7051173680627,33437000
2024-05-22,517.2418823242188,518.7550442398426,515.064823969773,518.0424072439434,48390000
2024-05-23,513.4638671875,520.4049281460258,512.2532779910508,520.2975559093766,57211200
2024-05-24,516.8612060546875,517.6715030328614,514.3620306627067,515.3089561408403,41291100
2024-05-28,517.2223510742188,517.9057318355667,514.5864879004678,517.6714434796838,36269600
2024-05-29,513.6005249023438,514.7817983278129,512.8878878194378,513.1905202395113,45190300
2024-05-30,510.1933898925781,512.7218807717095,508.94383216366884,512.058043918065,46377600
2024-05-31,514.8402709960938,514.967187107586,506.04432903435765,511.15011057316815,90785800
2024-06-03,515.2601318359375,516.7342656913833,510.18366530067414,516.4511771729021,46835700
2024-06-04,515.8360595703125,516.5780123549347,512.4875596797398,513.9519213593795,34632700
2024-06-05,521.9669189453125,521.9864628385163,516.1680432425981,518.1596136281009,47610400
2024-06-06,521.9570922851562,522.6990451286446,520.0241537818829,522.2694966184689,30808500
2024-06-07,521.3226928710938,524.1342729417532,519.8875869921925,520.9809726213325,43224500
2024-06-10,522.9332885742188,523.2554648254413,519.9167369014993,520.5122296802525,35686100
2024-06-11,524.1927490234375,524.2513211148034,519.4091430834137,521.3811694677967,36383400
2024-06-12,528.4979248046875,531.1923600659605,527.4631115100716,528.7615289974312,63251300
2024-06-13,529.5621337890625,530.4212309464041,526.770097820224,530.2455146530901,44760900
2024-06-14,529.88427734375,529.9135335983043,527.0238379218912,528.0293950539849,40089900
2024-06-17,534.1015014648438,535.49757872361,528.7419471638832,529.2008114818414,55839500
2024-06-18,535.4586181640625,535.5855343086499,533.7404238235347,534.1602004613839,41376400
2024-06-20,534.00390625,537.0497738552268,532.2271402161125,536.3859370269113,70328200
2024-06-21,533.2880859375,534.4046057790133,531.8288032321234,533.180367297688,64338600
2024-06-24,531.5545654296875,535.6778223121559,531.4370433131713,533.111823139434,45528700
2024-06-25,533.6014404296875,533.9638101987721,531.260682360104,532.7787259572508,37936200
2024-06-26,534.2674560546875,534.9823921713983,531.8385861304241,532.4849577215607,38550600
2024-06-27,535.1098022460938,535.6876691801702,533.3860646945234,534.1304113442721,35041500
2024-06-28,533.0040283203125,538.9391939081404,531.76024266257,535.883439640916,76144500
2024-07-01,534.1008911132812,534.6297405125247,531.339002473828,534.3848928648134,40297800
2024-07-02,537.6953125,537.6953125,532.4457925507478,532.4947501316359,40434800
2024-07-03,540.0947875976562,540.457157354787,537.3427022712717,537.3818563773293,32789900
2024-07-05,543.209228515625,543.6107523683424,539.7617544001083,540.3983822148235,41488400
2024-07-08,543.8360595703125,544.7860397915607,542.7684974779849,543.9927357696513,36110500
2024-07-09,544.3649291992188,545.6968861634513,544.0711239537649,544.795863484972,27289700
2024-07-10,549.7515869140625,550.0943497431794,545.2953712492263,545.5891764995068,38701200
2024-07-11,545.0112915039062,550.7407626908513,544.3747234457534,549.8690906630567,53054200
2024-07-12,548.448974609375,552.0531251206323,545.667538567234,546.1376269625789,53084400
2024-07-15,549.9572143554688,553.1989947445371,548.0963483653211,550.4469096394806,40584300
2024-07-16,553.2185668945312,553.5123721227574,550.5154392403327,551.2695891404957,36475300
2024-07-17,545.4617919921875,548.9582235359038,545.1385763631698,547.2834441243654,57119000
2024-07-18,541.27001953125,547.9886849352189,539.0859974733345,546.9994907975359,56270400
2024-07-19,537.6757202148438,542.6608454522978,536.6179614633988,541.0350233261719,65509100
2024-07-22,543.2191162109375,543.8263337080781,539.6639229224022,541.6030975244146,43346700
2024-07-23,542.3670043945312,545.2659625762393,541.8773090500791,543.111291105197,34439600
2024-07-24,530.0756225585938,537.8519873002513,529.1549928867055,537.5483785668235,74515300
2024-07-25,527.3136596679688,536.1771923025162,526.373482961852,530.1930703849662,61158300
2024-07-26,533.2195434570312,535.9128682273114,530.3303285661854,531.1040855758291,53763800
2024-07-29,533.5328979492188,535.7756811771844,531.5349026238763,534.7669398202207,39515800
2024-07-30,530.829833984375,536.05980735921,527.421572998221,535.0020485169553,46853600
2024-07-31,539.4583129882812,542.0928769675253,536.2948994293768,537.6660108579595,65663400
2024-08-01,531.8189086914062,543.4344670666311,528.3126735436618,541.1818806021787,76428700
2024-08-02,521.9174194335938,525.9230946235249,517.7059908635142,524.7086595069954,82789100
2024-08-05,506.7171630859375,512.7893973566776,499.75367969518885,501.0954700551791,146267400
2024-08-06,511.3888854980469,518.8322310175004,507.19706454680966,508.51921810050686,84826300
2024-08-07,507.9707336425781,520.6343074860769,507.3733196862517,517.5785536304185,70698300
2024-08-08,519.7136840820312,520.3404486814812,511.08525465156777,513.1125407389065,63276600
2024-08-09,522.0054321289062,523.4941251002426,517.6667385635127,518.8909769209239,45619600
2024-08-12,522.27978515625,524.6890484241525,520.0075911785743,523.2004149594696,42542100
2024-08-13,530.8689575195312,531.1040615199245,525.2277168327499,525.4725645280489,52333100
2024-08-14,532.543701171875,533.728785456597,528.9885080949739,531.6622256176499,42446900
2024-08-15,541.671630859375,541.9556326474029,537.5679813653051,538.1751988274788,60846800
2024-08-16,542.8860473632812,543.5814362683599,539.8989177341498,540.0555939415091,44430700
2024-08-19,548.0767822265625,548.0767822265625,542.4452860411917,543.2973511166235,39121800
2024-08-20,547.1856079101562,549.2815184001456,545.8438474042439,547.6263456901657,33732300
2024-08-21,549.0659790039062,550.5252615016209,543.2973537542563,548.2335208659752,41514600
2024-08-22,544.7566528320312,551.5732334533072,543.5422179587766,550.9660160166799,56121500
2024-08-23,550.5447998046875,551.4850362271399,545.8045233685474,547.9984083542695,50639400
2024-08-26,549.2326049804688,552.2882998268122,547.528474367386,551.5733635937383,35788600
2024-08-27,549.9866333007812,550.476328645617,546.8134170306081,547.9592873998898,32693900
2024-08-28,546.7938232421875,550.0748179978751,543.6009999526875,549.6438836929623,41066000
2024-08-29,546.8427124023438,552.0628809883677,545.6968421488655,548.7623394799141,38715200
2024-08-30,552.0628662109375,552.5721684331874,545.6576734390724,549.2128659703031,62700100
2024-09-03,540.7021484375,549.2522119231385,538.1851066343386,548.9191927129024,60600100
2024-09-04,539.5953369140625,543.0035975400444,538.1360542845994,538.8607938634791,47224900
2024-09-05,538.2828979492188,542.3865472945482,535.8246177750381,539.5365467142444,44264300
2024-09-06,529.2235717773438,540.2319142524223,528.3225490242058,538.6061519080256,68493800
2024-09-09,535.1488647460938,536.4221205223048,531.4957564364314,533.4251872668898,40445800
2024-09-10,537.4797973632812,537.8324234437913,532.1813200114981,537.0586665381934,36394600
2024-09-11,542.9937744140625,543.9144040618945,528.8318231688719,537.3916883108078,75248600
2024-09-12,547.5675659179688,547.8711746400817,541.3483991843773,543.5716351743016,51819600
2024-09-13,550.4273681640625,551.4263657909838,547.9201304028155,548.1747815451495,39310500
2024-09-16,551.240234375,551.5046291897925,548.3608236054457,550.1628688432331,36656100
2024-09-17,551.465576171875,554.9032473896473,549.2325364902464,553.4537083801224,49321000
2024-09-18,549.8300170898438,556.969754476821,549.2717571625421,552.1217580784818,59044900
2024-09-19,559.2124633789062,561.0733295553275,556.3722663136862,559.2418737919741,75315500
2024-09-20,558.2457885742188,559.2871245583524,555.219996107625,557.843033129673,77503100
2024-09-23,559.6408081054688,560.2892222272916,558.0984411315784,559.3166610051752,44116900
2024-09-24,561.2421264648438,561.3010677532865,557.6072537825559,560.4365555490466,46805700
2024-09-25,560.0043334960938,561.8217999280521,558.8942225290759,561.0850037974096,38428600
2024-09-26,562.2245483398438,564.5921534543987,559.8668367278948,564.2679463720303,48336000
2024-09-27,561.4091186523438,564.1107043094071,560.3776161208616,563.295359810012,42100900
2024-09-30,563.6588745117188,564.2679545173111,558.0788790007499,560.3776493545987,63557400
2024-10-01,558.6092529296875,563.9534823374194,556.0353836889657,563.3051282373419,72668800
2024-10-02,558.8451538085938,559.8668828892402,555.3183896615599,557.7154356390834,38097800
2024-10-03,557.8233642578125,559.7684865712154,555.5343678239607,557.3714411111998,40846500
2024-10-04,562.8925170898438,563.2658318866675,558.0984259775333,562.2736036088263,42939100
2024-10-07,557.8036499023438,561.8904450750028,556.6542649927998,561.242031051746,49964700
2024-10-08,563.0792846679688,563.6785911447381,559.5034126964732,560.3776986132091,37398700
2024-10-09,566.9793090820312,567.5392812736217,562.4700908869163,563.0693372819003,37912200
2024-10-10,565.9871215820312,567.4116060358193,564.3759797176003,565.6334738441669,44138100
2024-10-11,569.3763427734375,570.1131388058892,565.7709110163313,565.9084606662699,42268000
2024-10-14,574.0328979492188,574.9661849382893,570.5060744728205,570.9874382986001,36217200
2024-10-15,569.5728149414062,574.6026708937048,568.3545951743074,574.2981309420833,54203600
2024-10-16,572.0484619140625,572.5691599226542,568.767296964022,569.57286786976,30725400
2024-10-17,572.0975341796875,575.8011814159861,571.9108767867559,575.5948569414992,34393700
2024-10-18,574.2981567382812,575.0840605235142,572.3235337539761,573.787292295603,37416800
2024-10-21,573.35498046875,574.5534731315854,570.3782959703608,573.5710785054149,36439000
2024-10-22,573.0504760742188,574.2096946097226,570.1622332957213,570.8204209471064,34183800
2024-10-23,567.8143310546875,571.4688706983893,564.3071746074978,571.0267810694698,49314600
2024-10-24,569.0423583984375,569.8479293354313,566.4193810527883,569.7693209618997,34979900
2024-10-25,568.8458862304688,574.1705094317597,567.9028255594263,571.2724326633536,47268200
2024-10-28,570.6043701171875,572.4512770786239,570.299830137409,572.3235609618828,30174700
2024-10-29,571.5277709960938,572.6476553589258,568.2465463889694,569.6415300427301,42899700
2024-10-30,569.798828125,573.0505525749719,569.0914726763393,571.0562623128328,41435800
2024-10-31,558.62890625,565.4958352362431,558.4324153285519,565.4270604157058,60182500
2024-11-01,560.9866333007812,565.4172428761593,560.5740443264921,561.2617325907157,45667500
2024-11-04,559.7783203125,562.4209644478059,557.892139281839,561.1241962515347,38217000
2024-11-05,566.5470581054688,566.586332309216,560.4758658123077,560.6919638738422,39478300
2024-11-06,580.6347045898438,581.5090505083735,575.0842089560224,578.8271314133249,68182000
2024-11-07,585.1240844726562,586.1458133207747,582.5600487330294,582.6386570968723,47233200
2024-11-08,587.65869140625,589.0831757216504,585.674234913322,585.674234913322,46444900
2024-11-11,588.2186279296875,589.6037779981073,586.4896037587446,589.2501303160354,37586800
2024-11-12,586.3914184570312,588.739296212128,583.9059310932324,588.1400498376755,43006100
2024-11-13,586.6763305664062,588.6803942959151,584.4856094336134,586.8531544283672,47388600
2024-11-14,582.9039916992188,587.2854945523371,582.2163632356335,586.804130643577,38904100
2024-11-15,575.4376831054688,579.8093514182389,573.580942771995,579.3377611991996,75988800
2024-11-18,577.79541015625,579.1117853472807,575.0348837182494,575.8993358057546,37001700
2024-11-19,579.9075927734375,580.6345552744816,573.7480186357969,574.4160398519082,49412000
2024-11-20,580.1040649414062,580.3889378159292,574.3374129030207,579.9861823753545,50032600
2024-11-21,583.21826171875,584.6427460672937,577.1077952881657,582.953055915256,46750300
2024-11-22,585.0259399414062,585.654687007179,582.7075025920674,583.2084735757152,38226400
2024-11-25,587.0104370117188,590.2817687658602,584.7214401695627,588.9653932145126,42441400
2024-11-26,590.0753784179688,590.7433995936517,587.540783398016,588.2579123147351,45621300
2024-11-27,588.2874145507812,590.2718110026187,586.7647148108081,589.8887226529953,34000200
2024-11-29,591.94189453125,592.7277982726248,588.827720226239,589.1027595534448,30177400
2024-12-02,593.0029907226562,593.6808455477146,591.8633791521069,592.3545765627109,31746000
2024-12-03,593.2779541015625,593.5235527754064,591.735647195163,592.7671496331845,26906600
2024-12-04,596.9619750976562,597.2075737883222,594.2997236656325,594.9677449089698,42787600
2024-12-05,595.9795532226562,597.7675188046404,595.6259055147337,596.961947940629,28762200
2024-12-06,597.109375,598.3472020292826,596.333304701608,596.7458937244957,31241500
2024-12-09,594.034423828125,597.1584317989794,593.445010988573,596.9914414878755,34742700
2024-12-10,592.1875,595.1346840344664,591.5293123546073,594.7122615181331,37234500
2024-12-11,596.7655639648438,597.7184581352288,594.8400485801485,595.115147903942,28677700
2024-12-12,593.6906127929688,596.4707466548862,593.6906127929688,595.9010008938557,31543800
2024-12-13,593.57275390625,596.4413297893211,592.1973772710232,595.7242008087076,35904700
2024-12-16,596.1072998046875,597.0799209921157,594.5551592425911,595.3312295236393,43695200
2024-12-17,593.6513061523438,594.5158183353977,592.2759894688432,593.5530906608857,55773500
2024-12-18,575.9584350585938,595.7339866328443,575.5752867073982,593.3467745348553,108248700
2024-12-19,575.7816162109375,582.5601648792804,575.5360174904994,580.9490228826561,85919500
2024-12-20,582.697265625,587.231466902458,572.6036351958548,573.4513839180992,125716700
2024-12-23,586.1866455078125,586.7879087972127,579.2571372355378,582.4409930028329,57635800
2024-12-24,592.7020263671875,592.7414929129372,586.9553724289615,587.5369625170155,33160100
2024-12-26,592.7415161132812,593.8651696252028,589.5281209545966,590.9277996479015,41219100
2024-12-27,586.5020141601562,589.2324254266508,582.31278453499,588.9958066290322,64969300
2024-12-30,579.8091430664062,583.278830614674,576.0536238226567,579.4839049805771,56578800
2024-12-31,577.6997680664062,582.194563069081,576.0634704063194,581.4749602926895,57052700
2025-01-02,576.2802734375,582.6774635941151,572.1994566718678,580.9623534016539,50204000
2025-01-03,583.4857788085938,584.1264484268344,578.044689478734,579.1289967873591,37888500
2025-01-06,586.8470458984375,591.1250155334773,585.1122021784661,587.7440676720806,47679400
2025-01-07,580.2132568359375,589.2028462645713,578.3897338233832,588.877548048508,60393100
2025-01-08,581.0609741210938,582.1354148697908,576.8323377526707,580.282291853868,47304700
2025-01-10,572.189697265625,577.5716476388544,570.2774344732991,577.5026413332764,73105000
2025-01-13,573.0768432617188,573.4316812597856,567.1231694250464,567.5372072518853,47910100
2025-01-14,573.8653564453125,576.6351742776535,570.0802375478183,576.0043111010004,48420600
2025-01-15,584.303955078125,585.4473419377294,580.7751281246863,581.8889752343268,56900200
2025-01-16,583.1802368164062,585.8514484014332,582.4803673486446,585.6740294157521,43319700
2025-01-17,589.0353393554688,590.7898562052613,587.0934767089387,588.4242094250709,58070600
2025-01-21,594.4270629882812,594.4369296257112,590.1096871636119,592.0810894520482,42532900
2025-01-22,597.7686767578125,599.1289493146973,596.7041025475482,597.2560928487167,48196000
2025-01-23,601.0313110351562,601.0313110351562,596.8618141810588,597.1377792345874,41152100
2025-01-24,599.2767333984375,602.0466115435261,598.1234798327728,601.0904500891409,34604700
2025-01-27,590.7997436523438,591.1151752666312,586.1373960687419,586.3049484329972,70361100
2025-01-28,595.8760986328125,596.7139205737208,588.7100317776161,592.0318399526346,44433300
2025-01-29,593.2048950195312,595.4917292475947,590.651902189354,595.0875580249451,37177400
2025-01-30,596.3886108398438,597.9263022497843,592.130374590218,595.3240968992558,39281300
2025-01-31,593.2146606445312,601.2382822731704,592.4556515232641,598.8134358374799,66566900
2025-02-03,589.2225952148438,591.7065212004032,582.0466619706364,584.1954832564219,65857200
2025-02-04,593.17529296875,593.6878166788046,588.7396375989994,589.281761222817,33457800
2025-02-05,595.5803833007812,595.7282625539741,590.0210739471236,592.0516161255263,30653100
2025-02-06,597.6503295898438,597.778475552574,594.013089933138,597.3250313642651,35771500
2025-02-07,592.1796875,599.4344333824486,591.4699514014874,598.2121736064561,50788500
2025-02-10,596.2013549804688,596.8420848342793,594.1215398587573,595.3931329282537,26048700
2025-02-11,596.65478515625,597.1969087784863,593.8159609148958,593.93424024475,30056700
2025-02-12,594.732666015625,595.9056528588447,589.9520392250456,590.6321754646003,45076100
2025-02-13,601.0115966796875,601.2186155981716,594.5749988790903,595.8366651794477,40921300
2025-02-14,600.9820556640625,602.2535886001177,600.3610590723445,601.2186143347305,26910400
2025-02-18,602.7464599609375,602.7464599609375,599.6809434502483,602.1451966252264,26749000
2025-02-19,604.1658325195312,604.4615308486234,600.8440242708047,601.3566081495158,31011100
2025-02-20,601.65234375,602.9337433637311,598.3404019341449,602.7957307474628,36554000
2025-02-21,591.361572265625,601.5734221193063,590.8982614234848,601.435409514207,76519800
2025-02-24,588.6705932617188,594.4073810554311,587.9608571639533,593.4118132885562,50737200
2025-02-25,585.7429809570312,589.3408138460895,581.1299072733029,588.611404696781,58266500
2025-02-26,586.038818359375,591.0067913230648,583.3971461439291,587.4089575799121,43321600
2025-02-27,576.6843872070312,589.468961108592,576.2901428845248,588.3156475632774,74196700
2025-02-28,585.6838989257812,586.2161558854355,574.1117771132394,577.1871598716435,88744100
2025-03-03,575.4227905273438,588.798762606637,571.6081318173137,587.6553155599406,74249200
2025-03-04,568.611572265625,577.0196322682823,564.0675042327628,571.4208567458912,109648200
2025-03-05,574.7229614257812,576.5169448984452,564.8856823224501,568.4440493526719,71230500
2025-03-06,564.5208740234375,571.8741654048467,561.9678818142961,567.2512250409341,80094900
2025-03-07,567.6849975585938,569.1340095542192,557.5421542389136,562.7368186254731,81158800
2025-03-10,552.5643310546875,561.3961742720178,547.6456922667035,559.4741052862735,99326600
2025-03-11,547.9710693359375,555.9552862473097,544.1268702267005,551.4013508923699,88102100
2025-03-12,550.8787841796875,555.0581473332891,545.7728595599632,554.1315858671662,69588200
2025-03-13,543.5352783203125,551.1153221105548,541.8201680493273,550.5041922476157,74079400
2025-03-14,554.7625122070312,555.7679467233177,543.604366956188,548.1583018697701,62660300
2025-03-17,559.0404052734375,561.5637976935186,554.3089918436672,554.742702735982,49008700
2025-03-18,552.998046875,556.9408512500528,551.0660510727529,556.7239657249663,66041400
2025-03-19,559.0206909179688,562.7860764826731,553.5993346617712,554.7821880592443,66556000
2025-03-20,557.4041748046875,562.4115538615378,554.5554838320709,555.2750866351008,62958200
2025-03-21,557.5880737304688,558.4877939738346,551.7055567482902,552.9413897854555,83763000
2025-03-24,567.5735473632812,568.6314275100074,563.7375174204726,564.3306930432161,58766800
2025-03-25,568.93798828125,569.8771730865459,567.1880294433175,568.7797678649376,38355700
2025-03-26,562.1458129882812,569.7980806984394,560.7616559941828,568.6709866041082,51848300
2025-03-27,560.65283203125,564.4295440651076,558.5370719320103,560.7516745115008,42164200
2025-03-28,549.3623046875,559.8521002775326,548.7790253468997,559.1204968505267,71662700
2025-03-31,553.0501708984375,554.3552179266816,540.6720469418251,543.5985215212283,95328200
2025-04-01,554.6121826171875,556.5598868781194,547.4048260096515,551.1321177898429,54609600
2025-04-02,558.1219482421875,560.9890444564371,548.52197624234,548.7592465118332,76014500
2025-04-03,530.6172485351562,541.7594774009829,530.6172485351562,538.9319060881811,125986000
2025-04-04,499.5533752441406,519.910013527285,499.3358674214966,517.7349353008444,217965100
2025-04-07,498.6635437011719,517.2405628900261,476.33944038650816,483.64569927250346,256611400
2025-04-08,490.85308837890625,519.0300496454024,483.61604333672847,515.9454154101668,165816600
2025-04-09,542.4021606445312,542.4021606445312,487.46196103833506,487.84755542038147,241867300
2025-04-10,518.6346435546875,527.4535310578508,503.5475844453038,526.1385878330984,162331200
2025-04-11,527.8885498046875,530.3503195313269,514.1757514102393,517.0824330937988,97866300
2025-04-14,533.009765625,538.1113174755011,527.8093712828247,537.883883195208,68034000
2025-04-15,531.5169067382812,537.0732068479572,530.7259857198238,533.5535570239268,56892900
2025-04-16,519.7023315429688,531.7937621429162,514.3931980244283,525.6541223320015,83484800
2025-04-17,520.44384765625,525.1499093262158,517.9721816819745,521.6599483491107,79868100
2025-04-21,508.0558776855469,515.7872559194974,502.69729269891565,515.2533374613439,69368100
2025-04-22,521.2744140625,523.3011683263503,513.3057644566182,514.2450097037921,75948100
2025-04-23,529.3516845703125,539.2482437222484,527.8291602174767,534.3049123051696,90590700
2025-04-24,540.4940185546875,541.2256220112762,529.3814182452572,530.6369834977514,64150400
2025-04-25,544.3992919921875,544.804618673288,537.5280483044934,540.454522631326,61119600
2025-04-28,544.60693359375,547.2763452918678,538.8430511744899,545.1408521394233,47613800
2025-04-29,548.0375366210938,549.1547344204944,542.3329124899421,542.6888178923871,47775100
2025-04-30,548.2550659179688,550.2126665027023,535.3826699025942,541.3640897959557,93101500
2025-05-01,552.1405029296875,557.6770710508032,551.5374308999284,554.0189932525213,63186100
2025-05-02,560.3366088867188,561.9382437140476,556.0062449925595,558.329587021111,60717300
2025-05-05,557.1233520507812,560.2277786911415,555.3338684753841,556.1940033222468,38659200
2025-05-06,552.466796875,556.9652171268149,550.64768441023,551.6066618961361,48264700
2025-05-07,554.7901611328125,557.4298834610689,549.738030089525,553.8014947566288,55588000
2025-05-08,558.6558227539062,563.8463212534109,555.333918196641,558.8337754612519,65130800
2025-05-09,557.9440307617188,561.0681900796083,556.3819209310694,560.0597310271954,37603400
2025-05-12,576.3826293945312,576.3925257137258,570.5000520977247,574.8798371188,78993600
2025-05-13,580.18896484375,582.403567726764,576.2342995973956,576.7977862928067,67947200
2025-05-14,580.930419921875,582.3046201283636,578.9036058641954,581.1478975288738,66283500
2025-05-15,583.7679443359375,584.2721134769878,578.4686469334371,578.9234551699535,71268100
2025-05-16,587.465576171875,587.7621640177526,582.6013544692614,584.5489982766968,76052100
2025-05-19,588.1082153320312,588.7903975982244,581.4347167753893,581.4347167753893,68168500
2025-05-20,586.1307983398438,587.317209981726,582.917632829089,586.3681289429425,60614500
2025-05-21,576.2540893554688,585.8639582409971,575.2258980125081,581.7708648204313,95197700
2025-05-22,576.4815063476562,579.971467292194,574.8204937262445,576.0563267018498,70860400
2025-05-23,572.5465698242188,575.2159811048424,569.0763411937487,569.4520392436427,76029000
2025-05-27,584.4501953125,584.6083553931982,571.8743267058999,579.4277528567243,72588500
2025-05-28,581.06884765625,586.0517646206928,580.3372442209068,584.8554566278126,68445500
2025-05-29,583.362548828125,586.4768718669775,579.4276761926377,586.3384441000501,69973300
2025-05-30,582.7101440429688,584.4304140423015,576.6298211275496,582.2553357440712,90601200
2025-06-02,585.9924926757812,586.0715425417425,578.429170462151,581.0985818518681,61630500
2025-06-03,589.3341064453125,590.3128764026674,585.1421107506463,585.6266079138771,63606200
2025-06-04,589.1759643554688,591.1730898063917,588.7409487228937,590.1943197189499,57314200
2025-06-05,586.3285522460938,592.2111289512687,584.3512195951713,590.8566609128592,92278700
2025-06-06,592.3495483398438,594.0203968199735,590.0953601848463,591.8749474768216,66588700
2025-06-09,592.8834228515625,594.4356362447949,591.7069074945726,592.9229477814916,53016400
2025-06-10,596.2449340820312,596.6304681071312,592.3001649023746,593.4173023897237,66247000
2025-06-11,594.54443359375,598.2025114763902,592.4781545343917,597.3423765043648,73658200
2025-06-12,596.9072265625,596.9072265625,592.7251877881479,593.2096245779508,64129000
2025-06-13,590.2338256835938,595.0288334634262,588.731033484191,591.7168252456129,89506000
2025-06-16,595.8494873046875,597.599446226556,593.4173461203459,593.5953591830877,79984100
2025-06-17,590.7578125,594.9299553868199,589.9965201271316,593.4074309844862,82209400
2025-06-18,590.6688232421875,594.4059506456396,589.7097855095001,591.6574895866379,76605000
2025-06-20,589.2816162109375,594.4180406328666,587.8735160730708,593.3471074282096,94051400
2025-06-23,595.1022338867188,595.4889076465048,586.9116980815279,590.0351674928282,87426000
2025-06-24,601.6764526367188,602.737399696003,598.3347417480489,599.2470472798032,67735300
2025-06-25,602.0136108398438,603.4910690166892,600.4468830082857,602.7969444947229,62114800
2025-06-26,606.7236328125,607.1599344481853,603.2530708764845,603.8678512919777,78548400
2025-06-27,609.738037109375,611.2056301568862,605.6923970890058,607.7251426738447,86258400
2025-06-30,612.6533813476562,614.0118537505704,609.867018033134,612.1873634601734,92502500
2025-07-01,612.455078125,613.625146088841,610.3429883405835,611.1758893553448,70030100
2025-07-02,615.2315063476562,615.2711481262035,611.4237773441516,612.0484833566157,66510400
2025-07-03,620.0803833007812,621.0124795190609,617.194824993195,617.214676143094,51065800
2025-07-07,615.4595336914062,618.7813935886118,612.6731706581298,618.1169852960921,74814500
2025-07-08,615.1224365234375,616.8775081543645,614.3093261623386,616.1238907210633,59024600
2025-07-09,618.8110961914062,619.4655183729625,615.6875662931247,617.5319680301938,66113300
2025-07-10,620.5563354492188,621.5974919629854,617.7699723301522,618.9499658515675,57529000
2025-07-11,618.3748168945312,619.6043777491163,616.3024294765994,617.5022136064131,63670200
2025-07-14,619.5547485351562,619.901780492049,616.5700558274259,617.9186024028506,51898500
2025-07-15,616.9072875976562,622.5791484786782,616.8279435196437,622.2420420602726,74317300
2025-07-16,618.9697265625,619.4754466932056,612.8516386863737,618.4937831556223,88987500
2025-07-17,622.7576293945312,623.1146474859103,618.9301097920578,619.1482908768893,68885700
2025-07-18,622.301513671875,624.175571102461,621.1909387049365,624.007017899032,65621600
2025-07-21,623.4815063476562,626.2281670376054,623.0551302914085,623.4815063476562,63375000
2025-07-22,623.5707397460938,624.4334174667899,620.9232136557434,623.8087114591411,60046300
2025-07-23,628.8757934570312,628.8757934570312,624.4334327911965,626.2381323551606,70511000
2025-07-24,629.083984375,630.7994747941685,628.6576082944551,629.2624631630094,71307100
2025-07-25,631.741455078125,632.2174590489252,629.5005143245561,629.7484116245431,56865400
2025-07-28,631.5828247070312,632.6735486135409,630.1945756243812,632.1182610848412,54917100
2025-07-29,629.9168701171875,633.2981621509475,629.0046251365209,632.980846392065,60556300
2025-07-30,629.1236572265625,632.3165451544952,626.2281734095909,630.5713386132512,80418900
2025-07-31,626.7637329101562,634.4683400166905,625.464753449126,634.0816662163586,103385200
2025-08-01,616.49072265625,621.0719198033348,614.0811684978922,621.032217506902,140103600
2025-08-04,625.8612670898438,625.9108344398344,620.3183179857707,620.4075271113948,73218000
2025-08-05,622.6881713867188,627.2891592865192,621.7660007962415,626.4760489706393,68051400
2025-08-06,627.457763671875,628.1121858315174,622.8468502662965,623.7590952688204,64357500
2025-08-07,626.9321899414062,631.6223868787783,623.8185857342208,630.8886206499576,74205800
2025-08-08,631.8207397460938,632.2868180975779,628.4096707981653,628.7269865749256,64051600
2025-08-11,630.5713500976562,633.5758942477272,629.3219380955197,632.0984361099556,58742300
2025-08-12,637.2844848632812,637.4431125105409,631.434084195598,632.9214680410968,64730800
2025-08-13,639.4659423828125,640.7549961752953,637.2745085703324,639.4857330110176,60092800
2025-08-14,639.525390625,640.1897383639256,636.9373576458678,637.3835243153912,59327500
2025-08-15,638.0281372070312,640.6558727131268,637.11589211782,640.5566774831647,68592500
2025-08-18,637.8892822265625,638.5834067295413,636.7787072305159,637.4529805837014,43804900
2025-08-19,634.4286499023438,638.6924711313014,633.1098193903536,637.7108075589789,69750700
2025-08-20,632.742919921875,634.2798709561484,627.6263466835007,634.0221086228163,88890300
2025-08-21,630.2044677734375,632.604096553562,628.4791123479844,630.9283690027011,54805800
2025-08-22,639.8824462890625,641.0624398986112,631.8902394824283,632.3959596753498,84083200
2025-08-25,637.0662231445312,639.8625116828326,636.9472372936925,638.6230253017661,51274300
2025-08-26,639.733642578125,640.0807351008626,636.1738713484165,636.7985773675441,51581600
2025-08-27,641.1912841796875,641.9250504526357,638.9998504138363,639.148612992103,48341100
2025-08-28,643.4619750976562,644.0172625669782,639.9121297324674,641.7961126896905,61519500
2025-08-29,639.6245727539062,642.3911452321481,637.7306640961879,642.0242015644989,74522200
2025-09-02,634.884765625,635.1028861742022,629.5797276837342,632.13804448044,81983500
2025-09-03,638.3255615234375,638.7916398746721,635.0731807265284,637.2645539172183,70820900
2025-09-04,643.6602783203125,643.6900550422279,638.09747828346,638.999797688006,65219200
2025-09-05,641.796142578125,646.7243720544352,637.9190556866993,646.0004708304714,85178900
2025-09-08,643.3727416992188,644.3742563254497,641.7861629025881,643.1644862104067,63133100
2025-09-09,644.8601684570312,645.3856792185645,641.7762803015634,643.5115612591451,66133900
2025-09-10,646.724365234375,649.0446498954948,645.1576374702139,648.122479271532,78034500
2025-09-11,652.0988159179688,652.7929404681626,648.092817304151,648.6778210448584,69934400
2025-09-12,651.880615234375,653.5663289422531,651.374955591632,652.0690195991697,72780100
2025-09-15,655.3511352539062,655.4800466805781,653.7943936028013,654.0918582328915,63772400
2025-09-16,654.4488525390625,656.213910313041,653.6655188822047,655.9064595692537,61169000
2025-09-17,653.6357421875,656.1543568928759,648.7967821934204,654.4587781451693,101952200
2025-09-18,656.6898193359375,659.2977035594738,654.7165666735059,656.3229362038169,90459200
2025-09-19,659.9423217773438,660.7874850308027,656.6311583459587,658.5800832029405,97945600
2025-09-22,663.0645141601562,663.5119177999496,658.4209110544651,658.4507703315647,69452200
2025-09-23,659.4551391601562,663.5617612775759,658.2320617574377,662.9452156846509,81708900
2025-09-24,657.3569946289062,660.8471316064555,655.9350982101993,660.7477220570149,68082200
2025-09-25,654.3242797851562,655.6765652531099,650.7048739536411,654.2149171420698,89622100
2025-09-26,658.072998046875,658.619871988132,654.1553026157394,655.7760789419195,69179200
2025-09-29,659.9224243164062,661.5134019828115,658.112721358766,660.5985670660314,73499000
2025-09-30,662.4082641601562,662.8756347075731,657.8641309647478,659.1766647693167,86288000
2025-10-01,664.6654663085938,665.5802405756418,659.3059681646932,659.4153308150761,72545400
2025-10-02,665.4309692382812,666.7733621981591,663.004842335434,666.6540464714482,56896000
2025-10-03,665.421142578125,668.8714672806448,664.377038831869,666.1966948783695,70494400
2025-10-06,667.8074951171875,668.7024238148077,665.669704301124,667.8174482099862,54623300
2025-10-07,665.3316040039062,669.1796881705657,663.8898014056139,668.7322238208072,72020100
2025-10-08,669.2990112304688,669.398481470165,665.6299006256374,666.4552183740389,60702200
2025-10-09,667.3600463867188,670.1243359074817,665.4211353124821,669.7166839203261,66501900
2025-10-10,649.32275390625,670.1342452495495,649.14378031214,668.324542434099,159422600
2025-10-13,659.2860107421875,661.3642043859337,656.0345659370097,656.9095884512618,79560500
2025-10-14,658.4805908203125,662.0602448848334,649.4718888267987,653.4492417720955,88779600
2025-10-15,661.4039916992188,666.4353410824248,655.1993304017814,663.0446741742268,81702600
2025-10-16,656.899658203125,664.9239754340409,653.3896149312258,663.0446615126489,110563300
2025-10-17,660.62841796875,661.9906565438909,654.4138037793879,655.7660892614911,96500900
2025-10-20,667.499267578125,668.4041493887289,663.4921159142255,663.5418206897375,60493400
2025-10-21,667.4892578125,669.1796448635298,666.1866772188026,667.6384328159621,56249000
2025-10-22,664.0191040039062,668.1953369980629,659.5445816579371,668.1953369980629,80564000
2025-10-23,667.9566650390625,668.9012985038863,664.019063764971,664.3372592841532,65604500
2025-10-24,673.4155883789062,674.628651928334,671.8246714345047,672.6300829996666,74356500
2025-10-27,681.3603515625,681.658640907831,678.2580209918731,678.8645527756448,63339800
2025-10-28,683.1700439453125,685.0095454543999,680.9526890414517,683.1600908523567,61738100
2025-10-29,683.4981689453125,685.795087823854,679.0037407351697,684.8205950917289,85657100
2025-10-30,675.98095703125,682.0563488815194,675.98095703125,680.0279207971732,76335800
2025-10-31,678.1983642578125,681.2012852815519,675.3943230278239,681.1614729090464,87164100
2025-11-03,679.4711303710938,681.9171636388411,676.0903560257897,681.7878948104295,57315000
2025-11-04,671.4169921875,676.1103005794487,670.7607556049009,672.2820616639051,78427000
2025-11-05,673.7437133789062,677.0051112074705,670.3529860359731,671.1583975728993,74402400
2025-11-06,666.514892578125,673.5448715272548,664.9338680034818,672.6399897028363,85035300
2025-11-07,667.1710815429688,667.2805048704689,657.4663915648358,664.1284090392404,100592400
2025-11-10,677.5819091796875,678.317709828293,671.2082272333661,673.4056760856186,75842900
2025-11-11,679.1329956054688,679.6997756663966,674.8871520395073,676.1002762110339,58953400
2025-11-12,679.5108642578125,681.081935653801,677.0946296424269,680.9128544582501,62312500
2025-11-13,668.2350463867188,677.0051169124795,666.723693536663,676.6471697129602,103457800
2025-11-14,668.125732421875,671.8345948923219,659.5147893727298,661.6128286383953,96846700
2025-11-17,661.901123046875,669.8956413839408,658.4209391867944,665.9083353081996,90456100
2025-11-18,656.3428344726562,661.3542775984923,652.1466953365565,658.351356546523,114467500
2025-11-19,658.87841796875,663.561773390439,655.020380360944,657.0389163187169,94703000
2025-11-20,648.8355712890625,671.7351497651099,648.1991802397498,669.1001291109939,165293500
2025-11-21,655.2987670898438,660.7874729698119,647.1650267848305,651.3412595795126,123956200
2025-11-24,664.9437866210938,666.2662734630499,657.8442577670318,658.9380055466532,80437900
2025-11-25,671.1981811523438,672.3814460202411,660.7178178396566,664.8443455838128,81077100
2025-11-26,675.8318481445312,677.8404309302599,672.8885849296569,673.7934667684052,71879600
2025-11-28,679.5208129882812,679.7991961322198,676.6471609574353,677.0051081523229,49212000
2025-12-01,676.4185180664062,679.1230890446475,674.8971513739515,674.9667623359846,61201200
2025-12-02,677.67138671875,679.9483994968172,675.4838303983408,678.0591325179204,62953800
2025-12-03,680.0180053710938,681.0321891246488,675.8417725523884,676.7167950740063,57238500
2025-12-04,680.51513671875,681.4895687361658,677.4824173401821,681.4199577792665,61970300
2025-12-05,681.8078002929688,684.4925257185774,680.7040993957534,681.5890143183475,79241000
2025-12-08,679.7594604492188,682.7524282821314,677.7111260885928,682.7027235077143,55231500
2025-12-09,679.1727294921875,681.5094606319436,678.7253258622812,679.2821528162136,58310100
2025-12-10,683.6771850585938,685.0692222502689,677.4526176554032,678.6955405173951,85671300
2025-12-11,685.26806640625,685.3476304583654,678.3076987410943,681.2609148661827,86173700
2025-12-12,677.9000244140625,684.9797075791527,675.3246617594549,684.2737056052856,113160300
2025-12-15,676.8758544921875,681.8774049984522,675.4042533093998,681.8574988128718,90811000
2025-12-16,675.0264282226562,677.2239376857725,671.1584377196804,675.3843754405706,122030600
2025-12-17,667.5986938476562,676.5874893555698,667.3998140691156,676.0406154817738,110625200
2025-12-18,672.6399536132812,676.8857972779194,671.0788959983324,673.7635606688432,108650100
2025-12-19,678.7363891601562,679.2350273728672,674.6275542880097,674.747283458469,103599500
2025-12-22,682.96484375,683.4933686131409,678.7364013691785,682.0772531068674,69556700
2025-12-23,686.0863037109375,686.325640311278,682.0074163952171,682.0572680421344,64840000
2025-12-24,688.4996948242188,688.9484813838191,685.9267046355759,686.0763204450832,39445600
2025-12-26,688.4298706054688,689.7761694005526,687.392725060237,688.758988861415,41613300
2025-12-29,685.9765625,687.322922191004,684.2014421207446,685.6674092439482,62559500
2025-12-30,685.138916015625,686.6846823672308,684.7100944386586,685.5777200962995,47160700
2025-12-31,680.062744140625,685.4879304984822,679.8533550408816,685.2685588951464,74144800
2026-01-02,681.309326171875,684.999261161205,677.9684744567207,683.842447277036,89377200
2026-01-05,685.846923828125,687.5522884526621,684.5106074856512,684.6701449336617,71927200
2026-01-06,689.92578125,690.4344019511112,685.9067890249802,686.0563439630641,69273800
2026-01-07,687.701904296875,692.0699799720542,687.4426026835383,690.3047811958188,75588300
2026-01-08,687.632080078125,688.7390423054183,685.6175622141362,686.9439569075789,64019200
2026-01-09,692.1796264648438,693.4162394407576,687.3029303433501,688.7489932725086,80125500
2026-01-12,693.2666625976562,694.1941832506386,688.7490319805348,688.7988836287034,63976000
2026-01-13,691.8804931640625,694.194181802135,689.467040360938,693.595779418591,78309700
2026-01-14,688.479736328125,689.8360176539858,684.1714948792828,689.1180078469732,94676700
2026-01-15,690.3546142578125,693.5558934557131,689.3673203481677,692.678285342935,77862000
2026-01-16,689.7761840820312,692.359156800422,688.22043529661,691.7707369284135,79289200
2026-01-20,675.7345581054688,682.9049778344743,674.7272992054969,679.6338820353151,111623300
2026-01-21,683.5332641601562,686.8641332264262,676.2830453044572,677.7989248999835,127844500
2026-01-22,687.103515625,689.2476843606095,685.0491285530771,687.9711412752974,77112200
2026-01-23,687.352783203125,689.0781127396581,685.2884137823622,686.2757685331861,63059600
2026-01-26,690.84326171875,692.2394730275811,688.0409174669724,688.609372319757,60473800
2026-01-27,693.5957641601562,694.6329705879123,691.6810104865692,692.2893344912051,55506100
2026-01-28,693.5259399414062,695.9393926651097,692.0499903412962,695.1515053497095,61172200
2026-01-29,692.1497192382812,695.1615135683285,682.9648421722587,694.4933553961189,97486200
2026-01-30,690.0853271484375,692.3192774332931,685.2485609149509,689.9058246991844,101835100
2026-02-02,693.5159912109375,695.0318708971434,687.5423149981101,687.7019133171445,79286500
2026-02-03,687.6520385742188,695.0617950648859,682.1670182684101,694.3138377504575,107904600
2026-02-04,684.3211059570312,689.5667896413613,679.9031787408285,688.4697490630058,105204600
2026-02-05,675.7744750976562,681.8279505601881,673.9494421186707,679.0854402743204,113610800
2026-02-06,688.739013671875,690.4244132010324,678.995603890688,679.6039887472712,89127600
2026-02-09,692.0599975585938,693.9747512796714,686.4652913399738,687.5423060693106,73885200
2026-02-10,690.2349243164062,694.64286887948,689.7761552680904,693.0572335194393,65185700
2026-02-11,690.075439453125,695.2413241987686,687.3029816841566,694.4933668556342,76353900
2026-02-12,679.41455078125,693.4561594586687,678.5169776231163,692.3491972008484,118829000
2026-02-13,679.8931884765625,684.410879804094,675.6747287653898,679.833354327075,96267500
2026-02-17,680.9901733398438,683.074507822494,673.9394826742099,678.287593220413,81354700
2026-02-18,684.4208374023438,687.2730943282486,680.9702998190471,682.157061237011,73570300
2026-02-19,682.61572265625,684.311104689823,679.6937101433548,681.9775120282383,58649400
2026-02-20,687.5523071289062,688.1805961724377,679.8732661615737,680.4616860592505,100034000
2026-02-23,680.531494140625,688.1207533479937,678.5169762252317,685.9566804858357,90558100
2026-02-24,685.4779052734375,686.4751816677359,678.1479481229125,680.0427976196477,73798700
2026-02-25,691.26220703125,691.7907319065998,688.2204651135966,688.3002642742074,56369500
2026-02-26,687.422607421875,691.4117130049051,682.486077089091,691.391808867856,71671000
2026-02-27,684.1216430664062,684.9892686841309,679.7835149777827,681.2295779636313,83308900
2026-03-02,684.5106201171875,686.744509644098,676.1734035367807,676.8515442239554,87477200
2026-03-03,678.4771118164062,680.7508704958498,667.8361281509542,673.221445388408,105003100
2026-03-04,683.2639770507812,685.2186606854194,677.7689744100875,679.7735096903759,79182200
2026-03-05,679.4544067382812,683.6629449535216,673.7699188745959,680.2223290726917,106606500
2026-03-06,670.5487060546875,674.2685275228549,667.9358467743081,671.5758690877306,100687000
2026-03-09,676.4227294921875,678.0681991431876,660.5859743093405,664.5750801817165,102667700
2026-03-10,675.3356323242188,681.4987932365287,672.9222404542279,675.87413967305,81505300
2026-03-11,674.4879760742188,678.2277626375325,671.5061293267642,675.7345715953234,68441700
2026-03-12,664.2459106445312,669.8207124533001,664.0564256954588,669.3319958917509,108882200
2026-03-13,660.4862060546875,670.5088831921612,659.5587462493693,667.4472371497842,97200200
2026-03-16,667.2078857421875,670.239584206393,665.3030536555561,666.5596317087426,82023100
2026-03-17,668.9630126953125,672.60309589337,667.8760155087483,670.5586914524959,87128000
2026-03-18,659.6285400390625,667.8959397089973,659.3892034355257,666.5396583763402,82062600
2026-03-19,658.0029907226562,661.1743225351036,653.3855958813168,655.1806813207687,111272500
2026-03-20,648.5700073242188,656.6900024414062,644.719970703125,656.510009765625,163617500
2026-03-23,655.3800048828125,662.6199951171875,653.9400024414062,658.0700073242188,134802700
2026-03-24,653.1799926757812,657.030029296875,649.8800048828125,651.3200073242188,96457500
2026-03-25,656.8200073242188,660.8900146484375,654.239990234375,658.6699829101562,90653800
2026-03-26,645.0900268554688,654.8499755859375,644.8200073242188,652.0599975585938,96494400
2026-03-27,634.0900268554688,642.6599731445312,633.1099853515625,642.5,103649400
2026-03-30,631.969970703125,640.3699951171875,629.280029296875,640.1099853515625,99275900
2026-03-31,650.3400268554688,651.5399780273438,637.97998046875,638.9400024414062,152534100
2026-04-01,655.239990234375,658.52001953125,653.0,653.9000244140625,97841500
2026-04-02,655.8300170898438,658.2000122070312,645.1099853515625,646.4199829101562,68358700
2026-04-06,658.9299926757812,659.719970703125,655.52001953125,655.8599853515625,39105800
2026-04-07,659.219970703125,659.6099853515625,651.0599975585938,656.6500244140625,69980400
2026-04-08,676.010009765625,677.0800170898438,671.4600219726562,676.3900146484375,93606100
2026-04-09,679.9099731445312,681.1599731445312,673.77001953125,674.8400268554688,57134400
2026-04-10,679.4600219726562,682.030029296875,678.4500122070312,681.3200073242188,42253500
2026-04-13,686.0999755859375,686.2999877929688,676.5800170898438,677.4099731445312,54185800
2026-04-14,694.4600219726562,694.5800170898438,687.6599731445312,687.6900024414062,63480500
2026-04-15,699.9400024414062,700.280029296875,694.2000122070312,695.260009765625,58240400
2026-04-16,701.6599731445312,702.780029296875,698.530029296875,701.0599975585938,49972400
2026-04-17,710.1400146484375,712.3800048828125,705.77001953125,706.1400146484375,70159638
