cell,profit_usd,final_equity_usd,sharpe_daily_365,max_drawdown_fraction,n_origins,n_by_horizon,n_closed_trades,n_rejected_orders,commission_usd,friction_usd,swap_usd,final_position,max_margin_fraction,native_calls,exit_variant,cpu_seconds,wall_seconds,seed,short_ratio,long_ratio,kind,mae_h1,mae_h2,mae_h3,mae_h4,mae_h5,mae_h6,mae_h24,mae_h48,mae_h72,mae_h96,mae_h120,mae_h144
seed42_c1_l0,99745.94400266565,109745.94400266565,3.955686155826207,0.06620873155899576,13590,"{'1': 13589, '2': 13588, '3': 13588, '4': 13588, '5': 13589, '6': 13590, '24': 10756, '48': 7146, '72': 6239, '96': 6279, '120': 9860, '144': 13590}",453,0,16533.530074900802,23619.32867842972,5864.8463204819,0,0.05,18379,E,4.4409163419999995,4.441580268001417,42.0,1.0,0.0,conditional,0.0017129960818168537,0.0017218782242664162,0.0017096241096346146,0.0017254568487233529,0.0017007857402171133,0.0017090310006851216,0.0,0.0,0.0,0.0,0.0,0.0
seed43_c1_l0,100956.45839295907,110956.45839295907,3.964678185592273,0.05411692429292414,13590,"{'1': 13589, '2': 13588, '3': 13588, '4': 13588, '5': 13589, '6': 13590, '24': 10756, '48': 7146, '72': 6239, '96': 6279, '120': 9860, '144': 13590}",454,0,16829.829416299184,24042.613451855977,6011.644910351383,0,0.05,18379,E,4.421140191,4.421754180002608,43.0,1.0,0.0,conditional,0.0017080867238621052,0.0017102328678308294,0.0017118436326760565,0.001709512710689888,0.0017153299892898788,0.0016945072364405228,0.0,0.0,0.0,0.0,0.0,0.0
seed44_c1_l0,79202.14108934483,89202.14108934483,3.7630894457126876,0.07378270677494103,13590,"{'1': 13589, '2': 13588, '3': 13588, '4': 13588, '5': 13589, '6': 13590, '24': 10756, '48': 7146, '72': 6239, '96': 6279, '120': 9860, '144': 13590}",450,0,13943.69887790551,19919.569825579303,4910.3734429028145,0,0.05,18379,E,4.30469918,4.305494401996839,44.0,1.0,0.0,conditional,0.0017310203288644144,0.0017194700094037459,0.0016978504625037947,0.0017452201547610395,0.001716964515901036,0.0017144308577970904,0.0,0.0,0.0,0.0,0.0,0.0
seed42_c1_l0.05,75734.89745000149,85734.89745000149,3.5950794278525104,0.05728756506386523,13590,"{'1': 13589, '2': 13588, '3': 13588, '4': 13588, '5': 13589, '6': 13590, '24': 10756, '48': 7146, '72': 6239, '96': 6279, '120': 9860, '144': 13590}",449,0,12672.06601056406,18102.951443662943,5151.8312816983,0,0.05,18379,E,4.551795374999999,4.55295961900265,42.0,1.0,0.05,conditional,0.0017129960818168537,0.0017218782242664162,0.0017096241096346146,0.0017254568487233529,0.0017007857402171133,0.0017090310006851216,0.0003806036171001577,0.0003791949232138029,0.0003753599383774008,0.00038036192782143,0.00037431732804713887,0.00037689771589797155
seed43_c1_l0.05,102013.41840613064,112013.41840613064,3.9570144547701505,0.05765065194526198,13590,"{'1': 13589, '2': 13588, '3': 13588, '4': 13588, '5': 13589, '6': 13590, '24': 10756, '48': 7146, '72': 6239, '96': 6279, '120': 9860, '144': 13590}",448,0,15813.924065817166,22591.320094024522,5894.25582200691,0,0.05,18379,E,4.373481786999999,4.374182289000601,43.0,1.0,0.05,conditional,0.0017080867238621052,0.0017102328678308294,0.0017118436326760565,0.001709512710689888,0.0017153299892898788,0.0016945072364405228,0.0003773042583000833,0.00037642045269333164,0.00037719436751938723,0.0003671211240910957,0.0003761917680363018,0.00037804660862236864
seed44_c1_l0.05,99467.95559042702,109467.95559042702,3.9234460213761433,0.06677848436180844,13590,"{'1': 13589, '2': 13588, '3': 13588, '4': 13588, '5': 13589, '6': 13590, '24': 10756, '48': 7146, '72': 6239, '96': 6279, '120': 9860, '144': 13590}",450,0,15508.489748852904,22154.985355504148,5590.442249688495,0,0.05,18379,E,4.398614536,4.399425064999377,44.0,1.0,0.05,conditional,0.0017310203288644144,0.0017194700094037459,0.0016978504625037947,0.0017452201547610395,0.001716964515901036,0.0017144308577970904,0.0003771718075991036,0.0003812669689097954,0.00037648827525413206,0.00038049912597181384,0.0003725423124743248,0.0003733734458990872
seed42_c1_l0.1,93098.87517659373,103098.87517659373,3.8241467026176106,0.06363755614995026,13590,"{'1': 13589, '2': 13588, '3': 13588, '4': 13588, '5': 13589, '6': 13590, '24': 10756, '48': 7146, '72': 6239, '96': 6279, '120': 9860, '144': 13590}",440,0,14014.648809621645,20020.926870888066,6197.499969209881,0,0.05,18379,E,4.519222452000001,4.519990049004264,42.0,1.0,0.1,conditional,0.0017129960818168537,0.0017218782242664162,0.0017096241096346146,0.0017254568487233529,0.0017007857402171133,0.0017090310006851216,0.0007612072342003154,0.000758389846427606,0.0007507198767548008,0.0007607238556428617,0.0007486346560942781,0.000753795431795942
seed43_c1_l0.1,170560.43733276427,180560.43733276427,4.552163289692416,0.05572774651776202,13590,"{'1': 13589, '2': 13588, '3': 13588, '4': 13588, '5': 13589, '6': 13590, '24': 10756, '48': 7146, '72': 6239, '96': 6279, '120': 9860, '144': 13590}",441,0,21895.375006531594,31279.107152187997,10363.031795046189,0,0.05,18379,E,4.593008534999996,4.593948697998712,43.0,1.0,0.1,conditional,0.0017080867238621052,0.0017102328678308294,0.0017118436326760565,0.001709512710689888,0.0017153299892898788,0.0016945072364405228,0.0007546085166001673,0.0007528409053866628,0.0007543887350387757,0.0007342422481821883,0.0007523835360726022,0.0007560932172447354
seed44_c1_l0.1,126727.66364271013,136727.66364271013,4.183116962862342,0.06677848436180833,13590,"{'1': 13589, '2': 13588, '3': 13588, '4': 13588, '5': 13589, '6': 13590, '24': 10756, '48': 7146, '72': 6239, '96': 6279, '120': 9860, '144': 13590}",441,0,17500.6312741182,25000.90182016886,7993.186631167626,0,0.05,18379,E,4.625561150000003,4.626115867999033,44.0,1.0,0.1,conditional,0.0017310203288644144,0.0017194700094037459,0.0016978504625037947,0.0017452201547610395,0.001716964515901036,0.0017144308577970904,0.0007543436151982062,0.0007625339378195928,0.0007529765505082655,0.0007609982519436286,0.0007450846249486492,0.0007467468917981729
seed42_c1_l0.15,107295.40810533965,117295.40810533965,3.9648827116474243,0.07419304303889596,13590,"{'1': 13589, '2': 13588, '3': 13588, '4': 13588, '5': 13589, '6': 13590, '24': 10756, '48': 7146, '72': 6239, '96': 6279, '120': 9860, '144': 13590}",426,0,13375.942578807495,19108.48939829642,8732.660996973736,0,0.05,18379,E,4.760182918999995,4.760648614996171,42.0,1.0,0.15,conditional,0.0017129960818168537,0.0017218782242664162,0.0017096241096346146,0.0017254568487233529,0.0017007857402171133,0.0017090310006851216,0.001141810851300472,0.0011375847696414108,0.0011260798151322019,0.00114108578346429,0.0011229519841414167,0.0011306931476939121
seed43_c1_l0.15,197869.16377223353,207869.16377223353,4.7051679939024496,0.060009040034772476,13590,"{'1': 13589, '2': 13588, '3': 13588, '4': 13588, '5': 13589, '6': 13590, '24': 10756, '48': 7146, '72': 6239, '96': 6279, '120': 9860, '144': 13590}",429,0,21687.929171952706,30982.755959932438,13887.42413773921,0,0.05,18379,E,4.747269170999999,4.747923009999795,43.0,1.0,0.15,conditional,0.0017080867238621052,0.0017102328678308294,0.0017118436326760565,0.001709512710689888,0.0017153299892898788,0.0016945072364405228,0.0011319127749002498,0.0011292613580799946,0.0011315831025581619,0.0011013633722732833,0.0011285753041089047,0.001134139825867106
seed44_c1_l0.15,118423.96487045988,128423.96487045988,4.066988905299744,0.06917079171167184,13590,"{'1': 13589, '2': 13588, '3': 13588, '4': 13588, '5': 13589, '6': 13590, '24': 10756, '48': 7146, '72': 6239, '96': 6279, '120': 9860, '144': 13590}",439,0,16305.074088980284,23292.96298425755,8486.93182747972,0,0.05,18379,E,4.711126202000003,4.711950543998682,44.0,1.0,0.15,conditional,0.0017310203288644144,0.0017194700094037459,0.0016978504625037947,0.0017452201547610395,0.001716964515901036,0.0017144308577970904,0.0011315154227973104,0.001143800906729385,0.0011294648257623955,0.0011414973779154424,0.0011176269374229733,0.0011201203376972604
seed42_c1_l0.2,154804.4305446459,164804.4305446459,4.312483477484146,0.09404905473759173,13590,"{'1': 13589, '2': 13588, '3': 13588, '4': 13588, '5': 13589, '6': 13590, '24': 10756, '48': 7146, '72': 6239, '96': 6279, '120': 9860, '144': 13590}",406,0,17888.84852462958,25555.49789232797,13024.24050972504,0,0.05,18379,E,5.009230165000005,5.009815444005653,42.0,1.0,0.2,conditional,0.0017129960818168537,0.0017218782242664162,0.0017096241096346146,0.0017254568487233529,0.0017007857402171133,0.0017090310006851216,0.0015224144684006294,0.0015167796928552114,0.0015014397535096015,0.0015214477112857226,0.0014972693121885555,0.0015075908635918825
seed43_c1_l0.2,206306.32344371986,216306.32344371986,4.650078246232445,0.07198603279751381,13590,"{'1': 13589, '2': 13588, '3': 13588, '4': 13588, '5': 13589, '6': 13590, '24': 10756, '48': 7146, '72': 6239, '96': 6279, '120': 9860, '144': 13590}",421,0,19591.12186383926,27987.316948341802,14202.238816249452,0,0.05,18379,E,4.980165145999997,4.980986851995112,43.0,1.0,0.2,conditional,0.0017080867238621052,0.0017102328678308294,0.0017118436326760565,0.001709512710689888,0.0017153299892898788,0.0016945072364405228,0.0015092170332003327,0.0015056818107733246,0.001508777470077549,0.0014684844963643775,0.0015047670721452064,0.0015121864344894735
seed44_c1_l0.2,120850.38584589832,130850.38584589832,4.187841589156991,0.09463440253884836,13590,"{'1': 13589, '2': 13588, '3': 13588, '4': 13588, '5': 13589, '6': 13590, '24': 10756, '48': 7146, '72': 6239, '96': 6279, '120': 9860, '144': 13590}",431,0,15524.583236150364,22177.976051643378,9625.094387943305,0,0.05,18379,E,4.880812048999999,4.881594291000511,44.0,1.0,0.2,conditional,0.0017310203288644144,0.0017194700094037459,0.0016978504625037947,0.0017452201547610395,0.001716964515901036,0.0017144308577970904,0.0015086872303964143,0.0015250678756391811,0.0015059531010165276,0.0015219965038872538,0.0014901692498972977,0.0014934937835963471
seed42_c1_l0.3,176517.5474856375,186517.5474856375,4.171631781542619,0.10409228799490033,13590,"{'1': 13589, '2': 13588, '3': 13588, '4': 13588, '5': 13589, '6': 13590, '24': 10756, '48': 7146, '72': 6239, '96': 6279, '120': 9860, '144': 13590}",378,0,16615.281135154848,23736.11590736407,17222.205622189194,0,0.05,18379,E,5.438153017000005,5.438831752995611,42.0,1.0,0.3,conditional,0.0017129960818168537,0.0017218782242664162,0.0017096241096346146,0.0017254568487233529,0.0017007857402171133,0.0017090310006851216,0.0022836217026009427,0.002275169539282817,0.002252159630264404,0.002282171566928583,0.0022459039682828324,0.002261386295387825
seed43_c1_l0.3,92339.1084121245,102339.1084121245,3.2927931904213827,0.1326240505323001,13590,"{'1': 13589, '2': 13588, '3': 13588, '4': 13588, '5': 13589, '6': 13590, '24': 10756, '48': 7146, '72': 6239, '96': 6279, '120': 9860, '144': 13590}",378,0,10266.59353115548,14666.562187364972,12287.406717802898,0,0.05,18379,E,5.545628370999992,5.546413333999226,43.0,1.0,0.3,conditional,0.0017080867238621052,0.0017102328678308294,0.0017118436326760565,0.001709512710689888,0.0017153299892898788,0.0016945072364405228,0.0022638255498004995,0.002258522716159987,0.002263166205116322,0.0022027267445465667,0.002257150608217809,0.0022682796517342094
seed44_c1_l0.3,150210.4927049138,160210.4927049138,4.181889766968151,0.11510938214497957,13590,"{'1': 13589, '2': 13588, '3': 13588, '4': 13588, '5': 13589, '6': 13590, '24': 10756, '48': 7146, '72': 6239, '96': 6279, '120': 9860, '144': 13590}",389,0,13615.345715015328,19450.493878593326,14527.104945001829,0,0.05,18379,E,5.287783504000004,5.288537943997653,44.0,1.0,0.3,conditional,0.0017310203288644144,0.0017194700094037459,0.0016978504625037947,0.0017452201547610395,0.001716964515901036,0.0017144308577970904,0.002263030845594619,0.002287601813458774,0.0022589296515247935,0.002282994755830881,0.002235253874845947,0.0022402406753945225
seed42_c1_l0.4,199017.53380869975,209017.53380869975,4.088912316306334,0.09422747926125596,13590,"{'1': 13589, '2': 13588, '3': 13588, '4': 13588, '5': 13589, '6': 13590, '24': 10756, '48': 7146, '72': 6239, '96': 6279, '120': 9860, '144': 13590}",332,0,12680.827950240684,18115.468500343835,20259.189750329035,0,0.05,18379,E,5.822127545000001,5.823046803998295,42.0,1.0,0.4,conditional,0.0017129960818168537,0.0017218782242664162,0.0017096241096346146,0.0017254568487233529,0.0017007857402171133,0.0017090310006851216,0.003044828936801259,0.003033559385710426,0.0030028795070192044,0.0030428954225714413,0.002994538624377111,0.003015181727183766
seed43_c1_l0.4,220459.62084245624,230459.62084245624,4.1705695861228245,0.0915246524181651,13590,"{'1': 13589, '2': 13588, '3': 13588, '4': 13588, '5': 13589, '6': 13590, '24': 10756, '48': 7146, '72': 6239, '96': 6279, '120': 9860, '144': 13590}",362,0,18144.15485944874,25920.221227783913,21760.652899890032,0,0.05,18379,E,6.016456312999992,6.0174632760026725,43.0,1.0,0.4,conditional,0.0017080867238621052,0.0017102328678308294,0.0017118436326760565,0.001709512710689888,0.0017153299892898788,0.0016945072364405228,0.0030184340664006653,0.0030113636215466514,0.003017554940155094,0.0029369689927287545,0.003009534144290411,0.003024372868978947
seed44_c1_l0.4,163129.05268588298,173129.05268588298,3.9048451499932857,0.17775339955427039,13590,"{'1': 13589, '2': 13588, '3': 13588, '4': 13588, '5': 13589, '6': 13590, '24': 10756, '48': 7146, '72': 6239, '96': 6279, '120': 9860, '144': 13590}",358,0,13639.369080358612,19484.812971940875,16095.661458805198,0,0.05,18379,E,5.504496661000005,5.505390938000346,44.0,1.0,0.4,conditional,0.0017310203288644144,0.0017194700094037459,0.0016978504625037947,0.0017452201547610395,0.001716964515901036,0.0017144308577970904,0.0030173744607928247,0.003050135751278364,0.0030119062020330586,0.0030439930077745107,0.0029803384997945967,0.002986987567192695
seed42_c1_l0.5,122824.89567946974,132824.89567946974,3.3726028795022875,0.1811589359724819,13590,"{'1': 13589, '2': 13588, '3': 13588, '4': 13588, '5': 13589, '6': 13590, '24': 10756, '48': 7146, '72': 6239, '96': 6279, '120': 9860, '144': 13590}",335,0,8853.6351380944,12648.050197277715,14634.76766410707,0,0.05,18379,E,5.841662760999995,5.842542345002585,42.0,1.0,0.5,conditional,0.0017129960818168537,0.0017218782242664162,0.0017096241096346146,0.0017254568487233529,0.0017007857402171133,0.0017090310006851216,0.003806036171001574,0.0037919492321380303,0.003753599383774006,0.0038036192782143047,0.003743173280471389,0.003768977158979709
seed43_c1_l0.5,105677.66095689138,115677.66095689138,3.1573413146142855,0.1252924750943616,13590,"{'1': 13589, '2': 13588, '3': 13588, '4': 13588, '5': 13589, '6': 13590, '24': 10756, '48': 7146, '72': 6239, '96': 6279, '120': 9860, '144': 13590}",279,0,7799.426160650944,11142.037372358493,17910.65640545426,0,0.05,18379,E,6.088880798000005,6.089873812998121,43.0,1.0,0.5,conditional,0.0017080867238621052,0.0017102328678308294,0.0017118436326760565,0.001709512710689888,0.0017153299892898788,0.0016945072364405228,0.0037730425830008324,0.0037642045269333153,0.0037719436751938703,0.0036712112409109433,0.0037619176803630147,0.003780466086223683
seed44_c1_l0.5,145914.53974210055,155914.53974210055,3.5554732382151655,0.17728389213729423,13590,"{'1': 13589, '2': 13588, '3': 13588, '4': 13588, '5': 13589, '6': 13590, '24': 10756, '48': 7146, '72': 6239, '96': 6279, '120': 9860, '144': 13590}",318,0,12013.592968017483,17162.275668596405,19076.061336223887,0,0.05,18379,E,5.973122118000006,5.974138192999817,44.0,1.0,0.5,conditional,0.0017310203288644144,0.0017194700094037459,0.0016978504625037947,0.0017452201547610395,0.001716964515901036,0.0017144308577970904,0.003771718075991032,0.003812669689097956,0.0037648827525413233,0.003804991259718136,0.003725423124743245,0.003733734458990868
seed42_c1_l0.6,97338.05801710882,107338.05801710882,2.9386856443400857,0.16801421743072587,13590,"{'1': 13589, '2': 13588, '3': 13588, '4': 13588, '5': 13589, '6': 13590, '24': 10756, '48': 7146, '72': 6239, '96': 6279, '120': 9860, '144': 13590}",249,0,5893.31160373345,8419.016576762073,16818.45659217356,0,0.05,18379,E,6.54651266099998,6.547778188003576,42.0,1.0,0.6,conditional,0.0017129960818168537,0.0017218782242664162,0.0017096241096346146,0.0017254568487233529,0.0017007857402171133,0.0017090310006851216,0.004567243405201889,0.004550339078565634,0.004504319260528806,0.004564343133857164,0.004491807936565667,0.004522772590775649
seed43_c1_l0.6,81664.60853828624,91664.60853828624,2.8372284174150266,0.15146587870007788,13590,"{'1': 13589, '2': 13588, '3': 13588, '4': 13588, '5': 13589, '6': 13590, '24': 10756, '48': 7146, '72': 6239, '96': 6279, '120': 9860, '144': 13590}",268,0,6028.90063785538,8612.715196936259,12650.286805173453,0,0.05,18379,E,6.068649439000012,6.069982015993446,43.0,1.0,0.6,conditional,0.0017080867238621052,0.0017102328678308294,0.0017118436326760565,0.001709512710689888,0.0017153299892898788,0.0016945072364405228,0.004527651099600998,0.004517045432319977,0.004526332410232644,0.0044054534890931325,0.004514301216435619,0.00453655930346842
seed44_c1_l0.6,132667.74492033626,142667.74492033626,3.313121050819046,0.23076521074986123,13590,"{'1': 13589, '2': 13588, '3': 13588, '4': 13588, '5': 13589, '6': 13590, '24': 10756, '48': 7146, '72': 6239, '96': 6279, '120': 9860, '144': 13590}",258,0,10029.185160457171,14327.407372081674,24972.652860937753,0,0.05,18379,E,6.174642320999993,6.1761067469997215,44.0,1.0,0.6,conditional,0.0017310203288644144,0.0017194700094037459,0.0016978504625037947,0.0017452201547610395,0.001716964515901036,0.0017144308577970904,0.004526061691189238,0.0045752036269175456,0.004517859303049586,0.004565989511661764,0.004470507749691893,0.004480481350789042
seed42_c1_l0.75,21670.922664564627,31670.922664564627,1.447095948358387,0.29665746599990295,13590,"{'1': 13589, '2': 13588, '3': 13588, '4': 13588, '5': 13589, '6': 13590, '24': 10756, '48': 7146, '72': 6239, '96': 6279, '120': 9860, '144': 13590}",183,0,2111.2591113062076,3016.084444723154,8410.777423280735,0,0.05,18379,E,6.307770299999987,6.3087654810005915,42.0,1.0,0.75,conditional,0.0017129960818168537,0.0017218782242664162,0.0017096241096346146,0.0017254568487233529,0.0017007857402171133,0.0017090310006851216,0.005709054256502361,0.005687923848207046,0.005630399075661009,0.005705428917321455,0.005614759920707085,0.005653465738469563
seed43_c1_l0.75,26694.9592181435,36694.9592181435,1.6083186106090388,0.3137909096331305,13590,"{'1': 13589, '2': 13588, '3': 13588, '4': 13588, '5': 13589, '6': 13590, '24': 10756, '48': 7146, '72': 6239, '96': 6279, '120': 9860, '144': 13590}",157,0,2015.8410759789515,2879.7729656842166,9851.80269134302,0,0.05,18379,E,6.406851980999988,6.407497556996532,43.0,1.0,0.75,conditional,0.0017080867238621052,0.0017102328678308294,0.0017118436326760565,0.001709512710689888,0.0017153299892898788,0.0016945072364405228,0.005659563874501248,0.0056463067903999705,0.005657915512790807,0.005506816861366415,0.005642876520544522,0.005670699129335524
seed44_c1_l0.75,53322.10391252292,63322.10391252292,2.332211209299796,0.20514679148800308,13590,"{'1': 13589, '2': 13588, '3': 13588, '4': 13588, '5': 13589, '6': 13590, '24': 10756, '48': 7146, '72': 6239, '96': 6279, '120': 9860, '144': 13590}",213,0,4140.734524907846,5915.335035582638,13986.14424570301,0,0.05,18379,E,6.289297360999996,6.289975348998269,44.0,1.0,0.75,conditional,0.0017310203288644144,0.0017194700094037459,0.0016978504625037947,0.0017452201547610395,0.001716964515901036,0.0017144308577970904,0.005657577113986548,0.005719004533646931,0.005647324128811982,0.005707486889577206,0.005588134687114868,0.005600601688486302
seed42_c1_l0.9,25813.55238420894,35813.55238420894,1.5660936556317901,0.19754228091141846,13590,"{'1': 13589, '2': 13588, '3': 13588, '4': 13588, '5': 13589, '6': 13590, '24': 10756, '48': 7146, '72': 6239, '96': 6279, '120': 9860, '144': 13590}",159,0,1657.8499411304147,2368.3570587577356,7299.758637503037,0,0.05,18379,E,6.58730206300001,6.588046221004333,42.0,1.0,0.9,conditional,0.0017129960818168537,0.0017218782242664162,0.0017096241096346146,0.0017254568487233529,0.0017007857402171133,0.0017090310006851216,0.006850865107802835,0.006825508617848455,0.006756478890793209,0.006846514700785749,0.006737711904848501,0.006784158886163476
seed43_c1_l0.9,37810.77923819506,47810.77923819506,1.8851319121740353,0.1947806123707927,13590,"{'1': 13589, '2': 13588, '3': 13588, '4': 13588, '5': 13589, '6': 13590, '24': 10756, '48': 7146, '72': 6239, '96': 6279, '120': 9860, '144': 13590}",152,0,1986.85067375962,2838.358105370886,10716.942477924524,0,0.05,18379,E,6.525919666000021,6.526959166003508,43.0,1.0,0.9,conditional,0.0017080867238621052,0.0017102328678308294,0.0017118436326760565,0.001709512710689888,0.0017153299892898788,0.0016945072364405228,0.006791476649401499,0.006775568148479968,0.006789498615348968,0.0066081802336396996,0.006771451824653425,0.00680483895520263
seed44_c1_l0.9,31004.208729583872,41004.20872958387,1.755309877490076,0.18538579656819354,13590,"{'1': 13589, '2': 13588, '3': 13588, '4': 13588, '5': 13589, '6': 13590, '24': 10756, '48': 7146, '72': 6239, '96': 6279, '120': 9860, '144': 13590}",158,0,1830.1442622616626,2614.4918032309465,8666.656652913236,0,0.05,18379,E,6.632758038999981,6.633956106998085,44.0,1.0,0.9,conditional,0.0017310203288644144,0.0017194700094037459,0.0016978504625037947,0.0017452201547610395,0.001716964515901036,0.0017144308577970904,0.006789092536783858,0.006862805440376321,0.00677678895457438,0.006848984267492647,0.006705761624537843,0.006720722026183564
seed42_c1_l0.95,8193.55242713778,18193.55242713778,0.8095560144610846,0.3829688799529123,13590,"{'1': 13589, '2': 13588, '3': 13588, '4': 13588, '5': 13589, '6': 13590, '24': 10756, '48': 7146, '72': 6239, '96': 6279, '120': 9860, '144': 13590}",133,0,978.6197670293542,1398.0282386133633,5239.34226474549,0,0.05,18379,E,6.660340159000015,6.661742150994542,42.0,1.0,0.95,conditional,0.0017129960818168537,0.0017218782242664162,0.0017096241096346146,0.0017254568487233529,0.0017007857402171133,0.0017090310006851216,0.007231468724902989,0.007204703541062258,0.007131838829170609,0.007226876628607177,0.0071120292328956366,0.007161056602061445
seed43_c1_l0.95,56721.601788606,66721.601788606,2.2485497918899426,0.2209988079028281,13590,"{'1': 13589, '2': 13588, '3': 13588, '4': 13588, '5': 13589, '6': 13590, '24': 10756, '48': 7146, '72': 6239, '96': 6279, '120': 9860, '144': 13590}",144,0,2173.5065871641227,3105.009410234461,11981.898296409347,0,0.05,18379,E,6.5303220899999985,6.531232770998031,43.0,1.0,0.95,conditional,0.0017080867238621052,0.0017102328678308294,0.0017118436326760565,0.001709512710689888,0.0017153299892898788,0.0016945072364405228,0.007168780907701579,0.007151988601173295,0.007166692982868352,0.006975301357730793,0.007147643592689726,0.007182885563824997
seed44_c1_l0.95,5412.845057046608,15412.845057046608,0.6308618689789172,0.37835664046497175,13590,"{'1': 13589, '2': 13588, '3': 13588, '4': 13588, '5': 13589, '6': 13590, '24': 10756, '48': 7146, '72': 6239, '96': 6279, '120': 9860, '144': 13590}",149,0,1088.197104851003,1554.5672926442899,5281.891525851356,0,0.05,18379,E,6.672025869000009,6.673209452994342,44.0,1.0,0.95,conditional,0.0017310203288644144,0.0017194700094037459,0.0016978504625037947,0.0017452201547610395,0.001716964515901036,0.0017144308577970904,0.007166264344382959,0.0072440724092861135,0.007153277229828511,0.00722948339346446,0.007078303937012163,0.007094095472082649
seed42_c1_l1,12439.179364427491,22439.17936442749,1.0473618901069102,0.48432458410657053,13590,"{'1': 13589, '2': 13588, '3': 13588, '4': 13588, '5': 13589, '6': 13590, '24': 10756, '48': 7146, '72': 6239, '96': 6279, '120': 9860, '144': 13590}",151,0,1023.5254448519519,1462.1792069313599,4708.038398963969,0,0.05,18379,E,6.630651290000003,6.631426170002669,42.0,1.0,1.0,conditional,0.0017129960818168537,0.0017218782242664162,0.0017096241096346146,0.0017254568487233529,0.0017007857402171133,0.0017090310006851216,0.007612072342003148,0.00758389846427606,0.00750719876754801,0.007607238556428606,0.007486346560942777,0.007537954317959415
seed43_c1_l1,37964.386984773046,47964.386984773046,1.8415834653784253,0.2092428670344233,13590,"{'1': 13589, '2': 13588, '3': 13588, '4': 13588, '5': 13589, '6': 13590, '24': 10756, '48': 7146, '72': 6239, '96': 6279, '120': 9860, '144': 13590}",150,0,2253.806810588157,3219.7240151259384,12002.572666773613,0,0.05,18379,E,6.877426377000006,6.878308409002784,43.0,1.0,1.0,conditional,0.0017080867238621052,0.0017102328678308294,0.0017118436326760565,0.001709512710689888,0.0017153299892898788,0.0016945072364405228,0.007546085166001664,0.007528409053866629,0.007543887350387743,0.007342422481821888,0.007523835360726029,0.007560932172447366
seed44_c1_l1,15124.096784017664,25124.096784017664,1.1222428993923101,0.4273821674693571,13590,"{'1': 13589, '2': 13588, '3': 13588, '4': 13588, '5': 13589, '6': 13590, '24': 10756, '48': 7146, '72': 6239, '96': 6279, '120': 9860, '144': 13590}",111,0,1274.6504654341234,1820.9292363344618,9018.360844152838,0,0.05,18379,E,6.720965769999992,6.721910551998008,44.0,1.0,1.0,conditional,0.0017310203288644144,0.0017194700094037459,0.0016978504625037947,0.0017452201547610395,0.001716964515901036,0.0017144308577970904,0.007543436151982064,0.0076253393781959096,0.007529765505082643,0.007609982519436275,0.007450846249486492,0.007467468917981736
seed42_c1_l1.05,18415.282146088073,28415.282146088073,1.2926306717262614,0.2947333986776677,13590,"{'1': 13589, '2': 13588, '3': 13588, '4': 13588, '5': 13589, '6': 13590, '24': 10756, '48': 7146, '72': 6239, '96': 6279, '120': 9860, '144': 13590}",113,0,978.0575756162747,1397.2251080232495,6775.828630803938,0,0.05,18379,E,6.893219020999993,6.89401839900529,42.0,1.0,1.05,conditional,0.0017129960818168537,0.0017218782242664162,0.0017096241096346146,0.0017254568487233529,0.0017007857402171133,0.0017090310006851216,0.007992675959103307,0.007963093387489866,0.007882558705925411,0.007987600484250037,0.007860663888989917,0.007914852033857387
seed43_c1_l1.05,18295.2468470518,28295.2468470518,1.2712241276578162,0.2159171529081294,13590,"{'1': 13589, '2': 13588, '3': 13588, '4': 13588, '5': 13589, '6': 13590, '24': 10756, '48': 7146, '72': 6239, '96': 6279, '120': 9860, '144': 13590}",131,0,1275.8859832425198,1822.6942617750285,7554.43785040461,0,0.05,18379,E,6.770375326999982,6.772667678000289,43.0,1.0,1.05,conditional,0.0017080867238621052,0.0017102328678308294,0.0017118436326760565,0.001709512710689888,0.0017153299892898788,0.0016945072364405228,0.00792338942430175,0.007904829506559961,0.007921081717907128,0.007709543605912985,0.007900027128762331,0.007938978781069736
seed44_c1_l1.05,39782.10336920129,49782.10336920129,1.8947615435122542,0.16799020837858214,13590,"{'1': 13589, '2': 13588, '3': 13588, '4': 13588, '5': 13589, '6': 13590, '24': 10756, '48': 7146, '72': 6239, '96': 6279, '120': 9860, '144': 13590}",108,0,1970.7089819175935,2815.2985455965622,12672.216512499133,0,0.05,18379,E,6.718760089,6.719544130006398,44.0,1.0,1.05,conditional,0.0017310203288644144,0.0017194700094037459,0.0016978504625037947,0.0017452201547610395,0.001716964515901036,0.0017144308577970904,0.007920607959581168,0.008006606347105705,0.007906253780336778,0.00799048164540809,0.007823388561960815,0.007840842363880824
seed42_c1_l1.1,2462.241353011461,12462.24135301146,0.3929251311484545,0.41948520584910154,13590,"{'1': 13589, '2': 13588, '3': 13588, '4': 13588, '5': 13589, '6': 13590, '24': 10756, '48': 7146, '72': 6239, '96': 6279, '120': 9860, '144': 13590}",121,0,802.0725801151222,1145.8179715930319,4890.989034620083,0,0.05,18379,E,6.949724298999996,6.950482969004952,42.0,1.0,1.1,conditional,0.0017129960818168537,0.0017218782242664162,0.0017096241096346146,0.0017254568487233529,0.0017007857402171133,0.0017090310006851216,0.008373279576203463,0.008342288310703666,0.008257918644302812,0.008367962412071469,0.008234981217037057,0.008291749749755358
seed43_c1_l1.1,13447.817682576671,23447.81768257667,1.0537331760881352,0.24519103520382401,13590,"{'1': 13589, '2': 13588, '3': 13588, '4': 13588, '5': 13589, '6': 13590, '24': 10756, '48': 7146, '72': 6239, '96': 6279, '120': 9860, '144': 13590}",82,0,715.2420700474543,1021.7743857820776,6744.893945059955,0,0.05,18379,E,6.89601735200003,6.89683368599799,43.0,1.0,1.1,conditional,0.0017080867238621052,0.0017102328678308294,0.0017118436326760565,0.001709512710689888,0.0017153299892898788,0.0016945072364405228,0.00830069368260183,0.008281249959253292,0.008298276085426515,0.008076664730004077,0.008276218896798632,0.008317025389692104
seed44_c1_l1.1,15056.143815121777,25056.143815121777,1.1444787342366307,0.274258962547563,13590,"{'1': 13589, '2': 13588, '3': 13588, '4': 13588, '5': 13589, '6': 13590, '24': 10756, '48': 7146, '72': 6239, '96': 6279, '120': 9860, '144': 13590}",97,0,843.2619747877668,1204.6599639825242,6983.596680355218,0,0.05,18379,E,6.799499369000046,6.800471739996283,44.0,1.0,1.1,conditional,0.0017310203288644144,0.0017194700094037459,0.0016978504625037947,0.0017452201547610395,0.001716964515901036,0.0017144308577970904,0.00829777976718027,0.008387873316015499,0.00828274205559091,0.008370980771379901,0.008195930874435141,0.00821421580977991
seed42_c1_l1.25,20432.78807012138,30432.78807012138,1.350520769694947,0.24271990979006752,13590,"{'1': 13589, '2': 13588, '3': 13588, '4': 13588, '5': 13589, '6': 13590, '24': 10756, '48': 7146, '72': 6239, '96': 6279, '120': 9860, '144': 13590}",94,0,1168.2100159514882,1668.871451359269,10196.152043830802,0,0.05,18379,E,6.731832429999997,6.732746064997627,42.0,1.0,1.25,conditional,0.0017129960818168537,0.0017218782242664162,0.0017096241096346146,0.0017254568487233529,0.0017007857402171133,0.0017090310006851216,0.009515090427503935,0.009479873080345074,0.009383998459435012,0.009509048195535757,0.009357933201178472,0.009422442897449269
seed43_c1_l1.25,7603.938115625435,17603.938115625435,0.7424057470149983,0.2550790643135654,13590,"{'1': 13589, '2': 13588, '3': 13588, '4': 13588, '5': 13589, '6': 13590, '24': 10756, '48': 7146, '72': 6239, '96': 6279, '120': 9860, '144': 13590}",73,0,571.210563626051,816.0150908943585,6788.120439307037,0,0.05,18379,E,6.7785781790000215,6.779497946998163,43.0,1.0,1.25,conditional,0.0017080867238621052,0.0017102328678308294,0.0017118436326760565,0.001709512710689888,0.0017153299892898788,0.0016945072364405228,0.009432606457502081,0.009410511317333286,0.009429859187984677,0.009178028102277356,0.009404794200907536,0.009451165215559207
seed44_c1_l1.25,12622.913127541495,22622.913127541495,1.0358786009714223,0.38859028161445097,13590,"{'1': 13589, '2': 13588, '3': 13588, '4': 13588, '5': 13589, '6': 13590, '24': 10756, '48': 7146, '72': 6239, '96': 6279, '120': 9860, '144': 13590}",108,0,1084.4643285568563,1549.2347550812235,7639.355361336097,0,0.05,18379,E,6.9251365650000025,6.927399686996068,44.0,1.0,1.25,conditional,0.0017310203288644144,0.0017194700094037459,0.0016978504625037947,0.0017452201547610395,0.001716964515901036,0.0017144308577970904,0.00942929518997758,0.009531674222744885,0.009412206881353304,0.009512478149295343,0.009313557811858112,0.00933433614747717
seed42_c1_l1.5,9089.456477131487,19089.456477131487,0.8514896649044275,0.3849244227859402,13590,"{'1': 13589, '2': 13588, '3': 13588, '4': 13588, '5': 13589, '6': 13590, '24': 10756, '48': 7146, '72': 6239, '96': 6279, '120': 9860, '144': 13590}",100,0,1025.3346158495933,1464.7637369279905,8172.368211130376,0,0.05,18379,E,7.140725221000025,7.141344743002264,42.0,1.0,1.5,conditional,0.0017129960818168537,0.0017218782242664162,0.0017096241096346146,0.0017254568487233529,0.0017007857402171133,0.0017090310006851216,0.01141810851300472,0.01137584769641409,0.011260798151322015,0.01141085783464291,0.01122951984141417,0.011306931476939125
seed43_c1_l1.5,-1487.7395411009566,8512.260458899043,-0.00962747571358176,0.5441490342813695,13590,"{'1': 13589, '2': 13588, '3': 13588, '4': 13588, '5': 13589, '6': 13590, '24': 10756, '48': 7146, '72': 6239, '96': 6279, '120': 9860, '144': 13590}",71,0,503.6717186091273,719.5310265844677,5185.362954769138,0,0.05,18379,E,7.122415537999984,7.123313080002845,43.0,1.0,1.5,conditional,0.0017080867238621052,0.0017102328678308294,0.0017118436326760565,0.001709512710689888,0.0017153299892898788,0.0016945072364405228,0.011319127749002495,0.011292613580799945,0.011315831025581613,0.011013633722732832,0.011285753041089044,0.011341398258671047
seed44_c1_l1.5,385.19376486660076,10385.1937648666,0.19766371896184032,0.48489600812333555,13590,"{'1': 13589, '2': 13588, '3': 13588, '4': 13588, '5': 13589, '6': 13590, '24': 10756, '48': 7146, '72': 6239, '96': 6279, '120': 9860, '144': 13590}",85,0,541.6874997366385,773.839285338055,4677.705452385303,0,0.05,18379,E,7.076447932000008,7.077436753002985,44.0,1.0,1.5,conditional,0.0017310203288644144,0.0017194700094037459,0.0016978504625037947,0.0017452201547610395,0.001716964515901036,0.0017144308577970904,0.011315154227973098,0.011438009067293866,0.011294648257623966,0.011414973779154408,0.011176269374229735,0.011201203376972604
seed42_c1_l1.75,-2302.932601835054,7697.067398164946,-0.09983566969766478,0.6074396926434893,13590,"{'1': 13589, '2': 13588, '3': 13588, '4': 13588, '5': 13589, '6': 13590, '24': 10756, '48': 7146, '72': 6239, '96': 6279, '120': 9860, '144': 13590}",84,0,424.0301780146995,605.7573971638565,3524.550818930447,0,0.05,18379,E,6.685430319000034,6.6864204529993,42.0,1.0,1.75,conditional,0.0017129960818168537,0.0017218782242664162,0.0017096241096346146,0.0017254568487233529,0.0017007857402171133,0.0017090310006851216,0.013321126598505508,0.013271822312483106,0.013137597843209016,0.013312667473750062,0.013101106481649862,0.01319142005642898
seed43_c1_l1.75,-2643.72346753914,7356.27653246086,-0.14513957964967328,0.588551039381227,13590,"{'1': 13589, '2': 13588, '3': 13588, '4': 13588, '5': 13589, '6': 13590, '24': 10756, '48': 7146, '72': 6239, '96': 6279, '120': 9860, '144': 13590}",79,0,546.8072733617769,781.1532476596813,5487.094699070357,0,0.05,18379,E,6.904876408999996,6.905771284000366,43.0,1.0,1.75,conditional,0.0017080867238621052,0.0017102328678308294,0.0017118436326760565,0.001709512710689888,0.0017153299892898788,0.0016945072364405228,0.013205649040502913,0.0131747158442666,0.013201802863178546,0.012849239343188304,0.01316671188127055,0.013231631301782896
seed44_c1_l1.75,2970.388753956411,12970.388753956411,0.42755844325937453,0.3782787676617043,13590,"{'1': 13589, '2': 13588, '3': 13588, '4': 13588, '5': 13589, '6': 13590, '24': 10756, '48': 7146, '72': 6239, '96': 6279, '120': 9860, '144': 13590}",39,0,251.00059273308227,358.5722753329747,5482.619605692695,0,0.05,18379,E,6.893118481999977,6.893985014998179,44.0,1.0,1.75,conditional,0.0017310203288644144,0.0017194700094037459,0.0016978504625037947,0.0017452201547610395,0.001716964515901036,0.0017144308577970904,0.013201013265968613,0.013344343911842842,0.013177089633894625,0.013317469409013481,0.01303898093660136,0.013068070606468038
seed42_c1_l2,-709.2021122474907,9290.79788775251,0.08228430564171292,0.5129429751111276,13590,"{'1': 13589, '2': 13588, '3': 13588, '4': 13588, '5': 13589, '6': 13590, '24': 10756, '48': 7146, '72': 6239, '96': 6279, '120': 9860, '144': 13590}",67,0,512.2745771217369,731.8208244596242,5716.800689201208,0,0.05,18379,E,7.300205807999987,7.301118761999533,42.0,1.0,2.0,conditional,0.0017129960818168537,0.0017218782242664162,0.0017096241096346146,0.0017254568487233529,0.0017007857402171133,0.0017090310006851216,0.015224144684006296,0.015167796928552121,0.015014397535096018,0.015214477112857212,0.014972693121885556,0.015075908635918836
seed43_c1_l2,-1724.4799995155954,8275.520000484405,-0.017963142629880843,0.5632225354165525,13590,"{'1': 13589, '2': 13588, '3': 13588, '4': 13588, '5': 13589, '6': 13590, '24': 10756, '48': 7146, '72': 6239, '96': 6279, '120': 9860, '144': 13590}",54,0,372.78173743779615,532.5453391968517,6183.351192864485,0,0.05,18379,E,7.157021036999993,7.157785317001981,43.0,1.0,2.0,conditional,0.0017080867238621052,0.0017102328678308294,0.0017118436326760565,0.001709512710689888,0.0017153299892898788,0.0016945072364405228,0.01509217033200333,0.015056818107733258,0.015087774700775481,0.014684844963643775,0.015047670721452059,0.015121864344894735
seed44_c1_l2,5338.357778961001,15338.357778961,0.6021583375481827,0.3514692929472074,13590,"{'1': 13589, '2': 13588, '3': 13588, '4': 13588, '5': 13589, '6': 13590, '24': 10756, '48': 7146, '72': 6239, '96': 6279, '120': 9860, '144': 13590}",35,0,209.135577943166,298.76511134738,4628.041170227369,0,0.05,18379,E,7.346508157000017,7.347224391000054,44.0,1.0,2.0,conditional,0.0017310203288644144,0.0017194700094037459,0.0016978504625037947,0.0017452201547610395,0.001716964515901036,0.0017144308577970904,0.015086872303964128,0.015250678756391819,0.01505953101016529,0.015219965038872546,0.01490169249897298,0.014934937835963473
seed42_c1_l2.5,7086.896318667437,17086.896318667437,0.7132103278644655,0.2908056637963401,13590,"{'1': 13589, '2': 13588, '3': 13588, '4': 13588, '5': 13589, '6': 13590, '24': 10756, '48': 7146, '72': 6239, '96': 6279, '120': 9860, '144': 13590}",21,0,157.1460933386308,224.49441905518688,5900.543460536038,0,0.05,18379,E,6.862403599999993,6.863347493002948,42.0,1.0,2.5,conditional,0.0017129960818168537,0.0017218782242664162,0.0017096241096346146,0.0017254568487233529,0.0017007857402171133,0.0017090310006851216,0.019030180855007867,0.018959746160690148,0.018767996918870024,0.019018096391071517,0.01871586640235694,0.01884488579489854
seed43_c1_l2.5,7424.570585689078,17424.570585689078,0.7362188689500258,0.47607156424042574,13590,"{'1': 13589, '2': 13588, '3': 13588, '4': 13588, '5': 13589, '6': 13590, '24': 10756, '48': 7146, '72': 6239, '96': 6279, '120': 9860, '144': 13590}",47,0,514.6645375778759,735.2350536826799,10108.956248576022,0,0.05,18379,E,7.0204372910000075,7.02126557000156,43.0,1.0,2.5,conditional,0.0017080867238621052,0.0017102328678308294,0.0017118436326760565,0.001709512710689888,0.0017153299892898788,0.0016945072364405228,0.018865212915004162,0.01882102263466657,0.01885971837596935,0.01835605620455472,0.018809588401815073,0.018902330431118417
seed44_c1_l2.5,-7713.861651746544,2286.1383482534557,-1.2475542144162897,0.814364155295549,13590,"{'1': 13589, '2': 13588, '3': 13588, '4': 13588, '5': 13589, '6': 13590, '24': 10756, '48': 7146, '72': 6239, '96': 6279, '120': 9860, '144': 13590}",23,0,73.39805142777263,104.85435918253232,2222.3611960610274,0,0.05,18379,E,7.206935907000002,7.207882629998494,44.0,1.0,2.5,conditional,0.0017310203288644144,0.0017194700094037459,0.0016978504625037947,0.0017452201547610395,0.001716964515901036,0.0017144308577970904,0.01885859037995516,0.019063348445489774,0.018824413762706608,0.019024956298590683,0.018627115623716224,0.01866867229495434
seed42_c1_l3,3948.0316211248155,13948.031621124816,0.5048896962071167,0.3242546230531782,13590,"{'1': 13589, '2': 13588, '3': 13588, '4': 13588, '5': 13589, '6': 13590, '24': 10756, '48': 7146, '72': 6239, '96': 6279, '120': 9860, '144': 13590}",28,0,194.14921479853234,277.3560211407605,5429.93934797014,0,0.05,18379,E,6.872933419000049,6.873790821002331,42.0,1.0,3.0,conditional,0.0017129960818168537,0.0017218782242664162,0.0017096241096346146,0.0017254568487233529,0.0017007857402171133,0.0017090310006851216,0.022836217026009444,0.02275169539282818,0.022521596302644033,0.02282171566928582,0.022459039682828332,0.02261386295387825
seed43_c1_l3,-2361.3073081802077,7638.692691819792,-0.11437697952911187,0.5906704501188553,13590,"{'1': 13589, '2': 13588, '3': 13588, '4': 13588, '5': 13589, '6': 13590, '24': 10756, '48': 7146, '72': 6239, '96': 6279, '120': 9860, '144': 13590}",61,0,414.95259527416516,592.7894218202359,5014.635393124108,0,0.05,18379,E,7.030466029000024,7.031322083006671,43.0,1.0,3.0,conditional,0.0017080867238621052,0.0017102328678308294,0.0017118436326760565,0.001709512710689888,0.0017153299892898788,0.0016945072364405228,0.02263825549800499,0.02258522716159989,0.02263166205116322,0.02202726744546566,0.02257150608217809,0.022682796517342105
seed44_c1_l3,6390.873357706245,16390.873357706245,0.6808987873152225,0.44278447490907746,13590,"{'1': 13589, '2': 13588, '3': 13588, '4': 13588, '5': 13589, '6': 13590, '24': 10756, '48': 7146, '72': 6239, '96': 6279, '120': 9860, '144': 13590}",34,0,304.2857902678112,434.6939860968731,6930.331881722663,0,0.05,18379,E,6.865020822999952,6.8657661600009305,44.0,1.0,3.0,conditional,0.0017310203288644144,0.0017194700094037459,0.0016978504625037947,0.0017452201547610395,0.001716964515901036,0.0017144308577970904,0.022630308455946192,0.02287601813458773,0.022589296515247933,0.02282994755830882,0.02235253874845947,0.022402406753945208
seed42_c0_l1,24664.43284164254,34664.43284164254,1.4785493903982394,0.2786045624811986,13590,"{'1': 13589, '2': 13588, '3': 13588, '4': 13588, '5': 13589, '6': 13590, '24': 10756, '48': 7146, '72': 6239, '96': 6279, '120': 9860, '144': 13590}",141,0,1570.5831545202457,2243.690220743208,8740.152341920899,0,0.05,18379,E,6.8110448479999945,6.8118532769949525,42.0,0.0,1.0,conditional,0.0,0.0,0.0,0.0,0.0,0.0,0.007612072342003148,0.00758389846427606,0.00750719876754801,0.007607238556428606,0.007486346560942777,0.007537954317959415
seed43_c0_l1,8610.147075710676,18610.147075710676,0.8266595408117677,0.3387832152732825,13590,"{'1': 13589, '2': 13588, '3': 13588, '4': 13588, '5': 13589, '6': 13590, '24': 10756, '48': 7146, '72': 6239, '96': 6279, '120': 9860, '144': 13590}",151,0,1118.0943590057843,1597.277655722549,5359.9474294952015,0,0.05,18379,E,6.900368296000011,6.9012052600010065,43.0,0.0,1.0,conditional,0.0,0.0,0.0,0.0,0.0,0.0,0.007546085166001664,0.007528409053866629,0.007543887350387743,0.007342422481821888,0.007523835360726029,0.007560932172447366
seed44_c0_l1,78314.11667775337,88314.11667775337,2.5298838121680505,0.19893906972559283,13590,"{'1': 13589, '2': 13588, '3': 13588, '4': 13588, '5': 13589, '6': 13590, '24': 10756, '48': 7146, '72': 6239, '96': 6279, '120': 9860, '144': 13590}",135,0,2338.274682816485,3340.39240402355,14026.768359375716,0,0.05,18379,E,6.841909670999996,6.842543129998376,44.0,0.0,1.0,conditional,0.0,0.0,0.0,0.0,0.0,0.0,0.007543436151982064,0.0076253393781959096,0.007529765505082643,0.007609982519436275,0.007450846249486492,0.007467468917981736
seed42_c0.05_l1,24664.43284164254,34664.43284164254,1.4785493903982394,0.2786045624811986,13590,"{'1': 13589, '2': 13588, '3': 13588, '4': 13588, '5': 13589, '6': 13590, '24': 10756, '48': 7146, '72': 6239, '96': 6279, '120': 9860, '144': 13590}",141,0,1570.5831545202457,2243.690220743208,8740.152341920899,0,0.05,18379,E,6.972128160000011,6.972759930002212,42.0,0.05,1.0,conditional,8.564980409084406e-05,8.609391121332152e-05,8.548120548173099e-05,8.627284243616764e-05,8.503928701085583e-05,8.545155003425689e-05,0.007612072342003148,0.00758389846427606,0.00750719876754801,0.007607238556428606,0.007486346560942777,0.007537954317959415
seed43_c0.05_l1,7800.976048249744,17800.976048249744,0.7813927143872786,0.3387832152732775,13590,"{'1': 13589, '2': 13588, '3': 13588, '4': 13588, '5': 13589, '6': 13590, '24': 10756, '48': 7146, '72': 6239, '96': 6279, '120': 9860, '144': 13590}",151,0,1074.720676701929,1535.3152524313273,5123.333264431446,0,0.05,18379,E,6.957467508000036,6.958376594004221,43.0,0.05,1.0,conditional,8.540433619310514e-05,8.551164339154133e-05,8.559218163380313e-05,8.54756355344935e-05,8.576649946449494e-05,8.472536182202579e-05,0.007546085166001664,0.007528409053866629,0.007543887350387743,0.007342422481821888,0.007523835360726029,0.007560932172447366
seed44_c0.05_l1,47265.32470960058,57265.32470960058,2.0407578552093737,0.2532142429105366,13590,"{'1': 13589, '2': 13588, '3': 13588, '4': 13588, '5': 13589, '6': 13590, '24': 10756, '48': 7146, '72': 6239, '96': 6279, '120': 9860, '144': 13590}",112,0,1911.0743858763597,2730.106265537657,15467.288234293195,0,0.05,18379,E,6.785144656,6.786247909003578,44.0,0.05,1.0,conditional,8.65510164432211e-05,8.597350047018904e-05,8.489252312519052e-05,8.726100773805152e-05,8.5848225795052e-05,8.57215428898536e-05,0.007543436151982064,0.0076253393781959096,0.007529765505082643,0.007609982519436275,0.007450846249486492,0.007467468917981736
seed42_c0.1_l1,24643.3328250373,34643.3328250373,1.4779351414266046,0.27860456248119814,13590,"{'1': 13589, '2': 13588, '3': 13588, '4': 13588, '5': 13589, '6': 13590, '24': 10756, '48': 7146, '72': 6239, '96': 6279, '120': 9860, '144': 13590}",142,0,1587.3441990658946,2267.634570094135,8738.199431789211,0,0.05,18379,E,6.799687276000043,6.800493127004302,42.0,0.1,1.0,conditional,0.000171299608181686,0.00017218782242664162,0.00017096241096346119,0.00017254568487233497,0.0001700785740217117,0.00017090310006851183,0.007612072342003148,0.00758389846427606,0.00750719876754801,0.007607238556428606,0.007486346560942777,0.007537954317959415
seed43_c0.1_l1,11288.543516651473,21288.543516651473,0.9670107035181721,0.2657665402754348,13590,"{'1': 13589, '2': 13588, '3': 13588, '4': 13588, '5': 13589, '6': 13590, '24': 10756, '48': 7146, '72': 6239, '96': 6279, '120': 9860, '144': 13590}",140,0,1022.0253208149283,1460.0361725927546,5422.320035488918,0,0.05,18379,E,6.830805059999989,6.831505754002137,43.0,0.1,1.0,conditional,0.0001708086723862104,0.0001710232867830827,0.00017118436326760673,0.00017095127106898778,0.0001715329989289885,0.00016945072364405264,0.007546085166001664,0.007528409053866629,0.007543887350387743,0.007342422481821888,0.007523835360726029,0.007560932172447366
seed44_c0.1_l1,72516.92263054091,82516.92263054091,2.451474396773839,0.19893906972559505,13590,"{'1': 13589, '2': 13588, '3': 13588, '4': 13588, '5': 13589, '6': 13590, '24': 10756, '48': 7146, '72': 6239, '96': 6279, '120': 9860, '144': 13590}",138,0,2432.152240303961,3474.5032004342306,13721.851061402398,0,0.05,18379,E,6.618636919000039,6.619679172006727,44.0,0.1,1.0,conditional,0.00017310203288644117,0.00017194700094037385,0.00016978504625037936,0.00017452201547610502,0.00017169645159010336,0.0001714430857797097,0.007543436151982064,0.0076253393781959096,0.007529765505082643,0.007609982519436275,0.007450846249486492,0.007467468917981736
seed42_c0.15_l1,19623.85004488631,29623.85004488631,1.3141154512367441,0.2786045624811966,13590,"{'1': 13589, '2': 13588, '3': 13588, '4': 13588, '5': 13589, '6': 13590, '24': 10756, '48': 7146, '72': 6239, '96': 6279, '120': 9860, '144': 13590}",147,0,1425.2697418361727,2036.0996311945325,7641.643364529414,0,0.05,18379,E,6.706285661999971,6.707519909999974,42.0,0.15,1.0,conditional,0.0002569494122725284,0.00025828173363996303,0.00025644361644519255,0.00025881852730850335,0.0002551178610325669,0.00025635465010276804,0.007612072342003148,0.00758389846427606,0.00750719876754801,0.007607238556428606,0.007486346560942777,0.007537954317959415
seed43_c0.15_l1,11242.290252437313,21242.290252437313,0.9649641437505065,0.2657665402754351,13590,"{'1': 13589, '2': 13588, '3': 13588, '4': 13588, '5': 13589, '6': 13590, '24': 10756, '48': 7146, '72': 6239, '96': 6279, '120': 9860, '144': 13590}",140,0,1020.9684567419305,1458.5263667741865,5408.94993226594,0,0.05,18379,E,6.705520594000006,6.714340161997825,43.0,0.15,1.0,conditional,0.00025621300857931557,0.0002565349301746245,0.0002567765449014092,0.00025642690660348345,0.00025729949839348165,0.0002541760854660787,0.007546085166001664,0.007528409053866629,0.007543887350387743,0.007342422481821888,0.007523835360726029,0.007560932172447366
seed44_c0.15_l1,63339.051558837455,73339.05155883745,2.3424340492259677,0.19893906972559494,13590,"{'1': 13589, '2': 13588, '3': 13588, '4': 13588, '5': 13589, '6': 13590, '24': 10756, '48': 7146, '72': 6239, '96': 6279, '120': 9860, '144': 13590}",143,0,2196.562471805256,3137.9463882932228,12194.889522615224,0,0.05,18379,E,6.650276462000022,6.650950174000172,44.0,0.15,1.0,conditional,0.0002596530493296634,0.0002579205014105628,0.00025467756937556945,0.0002617830232141549,0.00025754467738515633,0.00025716462866956394,0.007543436151982064,0.0076253393781959096,0.007529765505082643,0.007609982519436275,0.007450846249486492,0.007467468917981736
seed42_c0.2_l1,42308.37385593162,52308.37385593162,1.9114044570525064,0.25735798044776714,13590,"{'1': 13589, '2': 13588, '3': 13588, '4': 13588, '5': 13589, '6': 13590, '24': 10756, '48': 7146, '72': 6239, '96': 6279, '120': 9860, '144': 13590}",149,0,1708.539098699135,2440.770140998764,8870.210783661812,0,0.05,18379,E,6.968939386999978,6.9696519739954965,42.0,0.2,1.0,conditional,0.00034259921636337114,0.0003443756448532831,0.00034192482192692313,0.00034509136974467054,0.00034015714804342274,0.0003418062001370244,0.007612072342003148,0.00758389846427606,0.00750719876754801,0.007607238556428606,0.007486346560942777,0.007537954317959415
seed43_c0.2_l1,14908.511706305922,24908.511706305922,1.1410222156002199,0.2458112560021063,13590,"{'1': 13589, '2': 13588, '3': 13588, '4': 13588, '5': 13589, '6': 13590, '24': 10756, '48': 7146, '72': 6239, '96': 6279, '120': 9860, '144': 13590}",142,0,1083.5161786263366,1547.8802551804808,5765.608184965851,0,0.05,18379,E,6.720559836999996,6.721602248995623,43.0,0.2,1.0,conditional,0.0003416173447724209,0.00034204657356616606,0.0003423687265352107,0.00034190254213797887,0.000343065997857976,0.00033890144728810495,0.007546085166001664,0.007528409053866629,0.007543887350387743,0.007342422481821888,0.007523835360726029,0.007560932172447366
seed44_c0.2_l1,64677.65295431092,74677.65295431092,2.362356584159423,0.19890515672673748,13590,"{'1': 13589, '2': 13588, '3': 13588, '4': 13588, '5': 13589, '6': 13590, '24': 10756, '48': 7146, '72': 6239, '96': 6279, '120': 9860, '144': 13590}",148,0,2301.4548306059583,3287.792615151369,12464.162064760114,0,0.05,18379,E,6.755627451999999,6.756360715000483,44.0,0.2,1.0,conditional,0.00034620406577288233,0.00034389400188074943,0.00033957009250075855,0.0003490440309522073,0.00034339290318020796,0.0003428861715594182,0.007543436151982064,0.0076253393781959096,0.007529765505082643,0.007609982519436275,0.007450846249486492,0.007467468917981736
seed42_c0.3_l1,34413.01719424879,44413.01719424879,1.7036601912072162,0.3267701129132292,13590,"{'1': 13589, '2': 13588, '3': 13588, '4': 13588, '5': 13589, '6': 13590, '24': 10756, '48': 7146, '72': 6239, '96': 6279, '120': 9860, '144': 13590}",127,0,1373.9286869414657,1962.755267059237,8415.623498117366,0,0.05,18379,E,6.982869667999978,6.983788639001432,42.0,0.3,1.0,conditional,0.0005138988245450563,0.0005165634672799252,0.0005128872328903847,0.0005176370546170056,0.000510235722065133,0.0005127093002055356,0.007612072342003148,0.00758389846427606,0.00750719876754801,0.007607238556428606,0.007486346560942777,0.007537954317959415
seed43_c0.3_l1,17720.67186279991,27720.67186279991,1.249142370011436,0.2458112560021063,13590,"{'1': 13589, '2': 13588, '3': 13588, '4': 13588, '5': 13589, '6': 13590, '24': 10756, '48': 7146, '72': 6239, '96': 6279, '120': 9860, '144': 13590}",138,0,1106.4257307495877,1580.6081867851253,6210.581056199259,0,0.05,18379,E,6.760284980999984,6.76152485700004,43.0,0.3,1.0,conditional,0.000512426017158632,0.000513069860349249,0.0005135530898028166,0.0005128538132069665,0.0005145989967869642,0.0005083521709321565,0.007546085166001664,0.007528409053866629,0.007543887350387743,0.007342422481821888,0.007523835360726029,0.007560932172447366
seed44_c0.3_l1,72088.24085743036,82088.24085743036,2.446910786171039,0.19890515672673603,13590,"{'1': 13589, '2': 13588, '3': 13588, '4': 13588, '5': 13589, '6': 13590, '24': 10756, '48': 7146, '72': 6239, '96': 6279, '120': 9860, '144': 13590}",137,0,2514.743743473153,3592.491062104504,14252.541518926819,0,0.05,18379,E,6.974672154999951,6.975749867000559,44.0,0.3,1.0,conditional,0.0005193060986593236,0.0005158410028211237,0.0005093551387511378,0.0005235660464283125,0.0005150893547703113,0.0005143292573391274,0.007543436151982064,0.0076253393781959096,0.007529765505082643,0.007609982519436275,0.007450846249486492,0.007467468917981736
seed42_c0.4_l1,18604.271914434663,28604.271914434663,1.2630987871025248,0.37214356343976895,13590,"{'1': 13589, '2': 13588, '3': 13588, '4': 13588, '5': 13589, '6': 13590, '24': 10756, '48': 7146, '72': 6239, '96': 6279, '120': 9860, '144': 13590}",119,0,1010.2357881137846,1443.1939830196923,6250.752061873988,0,0.05,18379,E,6.876131722999958,6.877633771000546,42.0,0.4,1.0,conditional,0.0006851984327267407,0.0006887512897065667,0.0006838496438538459,0.0006901827394893412,0.0006803142960868444,0.0006836124002740478,0.007612072342003148,0.00758389846427606,0.00750719876754801,0.007607238556428606,0.007486346560942777,0.007537954317959415
seed43_c0.4_l1,17505.786698097567,27505.786698097567,1.2407954521156026,0.2458112560021063,13590,"{'1': 13589, '2': 13588, '3': 13588, '4': 13588, '5': 13589, '6': 13590, '24': 10756, '48': 7146, '72': 6239, '96': 6279, '120': 9860, '144': 13590}",138,0,1103.1150431353885,1575.8786330505552,6186.044391939042,0,0.05,18379,E,6.901956035000012,6.904264400996908,43.0,0.4,1.0,conditional,0.0006832346895448426,0.0006840931471323319,0.0006847374530704223,0.0006838050842759558,0.0006861319957159519,0.0006778028945762085,0.007546085166001664,0.007528409053866629,0.007543887350387743,0.007342422481821888,0.007523835360726029,0.007560932172447366
seed44_c0.4_l1,71307.99476840293,81307.99476840293,2.447350752227282,0.18960624757925626,13590,"{'1': 13589, '2': 13588, '3': 13588, '4': 13588, '5': 13589, '6': 13590, '24': 10756, '48': 7146, '72': 6239, '96': 6279, '120': 9860, '144': 13590}",135,0,2292.049759469006,3274.3567992414373,13678.51004617993,0,0.05,18379,E,6.61646787899997,6.617316250005388,44.0,0.4,1.0,conditional,0.0006924081315457659,0.0006877880037614981,0.0006791401850015174,0.0006980880619044149,0.0006867858063604146,0.0006857723431188353,0.007543436151982064,0.0076253393781959096,0.007529765505082643,0.007609982519436275,0.007450846249486492,0.007467468917981736
seed42_c0.5_l1,4375.6522892295125,14375.652289229512,0.5429297507119467,0.4340724886360934,13590,"{'1': 13589, '2': 13588, '3': 13588, '4': 13588, '5': 13589, '6': 13590, '24': 10756, '48': 7146, '72': 6239, '96': 6279, '120': 9860, '144': 13590}",139,0,936.1087228102862,1337.298175443266,4845.424766617685,0,0.05,18379,E,6.963658366999994,6.964609677997942,42.0,0.5,1.0,conditional,0.0008564980409084278,0.0008609391121332081,0.0008548120548173068,0.0008627284243616751,0.0008503928701085568,0.0008545155003425599,0.007612072342003148,0.00758389846427606,0.00750719876754801,0.007607238556428606,0.007486346560942777,0.007537954317959415
seed43_c0.5_l1,23727.606117673917,33727.60611767392,1.4562146529643114,0.2454628766605833,13590,"{'1': 13589, '2': 13588, '3': 13588, '4': 13588, '5': 13589, '6': 13590, '24': 10756, '48': 7146, '72': 6239, '96': 6279, '120': 9860, '144': 13590}",130,0,1154.660464989763,1649.514949985376,6597.620040495113,0,0.05,18379,E,6.88848641900006,6.88944836200244,43.0,0.5,1.0,conditional,0.0008540433619310528,0.0008551164339154147,0.0008559218163380284,0.0008547563553449443,0.0008576649946449394,0.0008472536182202616,0.007546085166001664,0.007528409053866629,0.007543887350387743,0.007342422481821888,0.007523835360726029,0.007560932172447366
seed44_c0.5_l1,37246.393224188985,47246.393224188985,1.851556543665818,0.3526559559243537,13590,"{'1': 13589, '2': 13588, '3': 13588, '4': 13588, '5': 13589, '6': 13590, '24': 10756, '48': 7146, '72': 6239, '96': 6279, '120': 9860, '144': 13590}",118,0,1324.847113838568,1892.6387340550973,8856.245820717779,0,0.05,18379,E,6.62835712399999,6.629408114000398,44.0,0.5,1.0,conditional,0.0008655101644322072,0.000859735004701874,0.0008489252312518973,0.0008726100773805189,0.0008584822579505174,0.0008572154288985451,0.007543436151982064,0.0076253393781959096,0.007529765505082643,0.007609982519436275,0.007450846249486492,0.007467468917981736
seed42_c0.6_l1,21512.916466449056,31512.916466449056,1.4031390025041148,0.29450961964801803,13590,"{'1': 13589, '2': 13588, '3': 13588, '4': 13588, '5': 13589, '6': 13590, '24': 10756, '48': 7146, '72': 6239, '96': 6279, '120': 9860, '144': 13590}",153,0,1297.2953715777103,1853.279102253872,6173.6755893652125,0,0.05,18379,E,6.583935380999947,6.584890810001525,42.0,0.6,1.0,conditional,0.0010277976490901115,0.0010331269345598495,0.0010257744657807691,0.0010352741092340104,0.0010204714441302686,0.001025418600411073,0.007612072342003148,0.00758389846427606,0.00750719876754801,0.007607238556428606,0.007486346560942777,0.007537954317959415
seed43_c0.6_l1,23903.531043360395,33903.531043360395,1.4619280330302928,0.2454628766605833,13590,"{'1': 13589, '2': 13588, '3': 13588, '4': 13588, '5': 13589, '6': 13590, '24': 10756, '48': 7146, '72': 6239, '96': 6279, '120': 9860, '144': 13590}",130,0,1149.106574293835,1641.5808204197644,6571.530854314698,0,0.05,18379,E,6.648574353999948,6.649639569004648,43.0,0.6,1.0,conditional,0.0010248520343172636,0.001026139720698498,0.0010271061796056336,0.001025707626413933,0.0010291979935739284,0.0010167043418643138,0.007546085166001664,0.007528409053866629,0.007543887350387743,0.007342422481821888,0.007523835360726029,0.007560932172447366
seed44_c0.6_l1,32702.091367615503,42702.0913676155,1.7269811651685492,0.3526559559243534,13590,"{'1': 13589, '2': 13588, '3': 13588, '4': 13588, '5': 13589, '6': 13590, '24': 10756, '48': 7146, '72': 6239, '96': 6279, '120': 9860, '144': 13590}",116,0,1222.0559625842843,1745.7942322632632,8427.06862379983,0,0.05,18379,E,6.616350979999993,6.617171759004123,44.0,0.6,1.0,conditional,0.0010386121973186486,0.001031682005642248,0.0010187102775022782,0.0010471320928566229,0.0010301787095406219,0.001028658514678253,0.007543436151982064,0.0076253393781959096,0.007529765505082643,0.007609982519436275,0.007450846249486492,0.007467468917981736
seed42_c0.75_l1,31010.98101494806,41010.98101494806,1.6866664005520413,0.2945096196480206,13590,"{'1': 13589, '2': 13588, '3': 13588, '4': 13588, '5': 13589, '6': 13590, '24': 10756, '48': 7146, '72': 6239, '96': 6279, '120': 9860, '144': 13590}",141,0,1547.0900503108035,2210.128643301148,8063.075804155673,0,0.05,18379,E,6.721259358000111,6.722312789999705,42.0,0.75,1.0,conditional,0.0012847470613626397,0.0012914086681998123,0.0012822180822259618,0.0012940926365425144,0.001275589305162835,0.0012817732505138403,0.007612072342003148,0.00758389846427606,0.00750719876754801,0.007607238556428606,0.007486346560942777,0.007537954317959415
seed43_c0.75_l1,15324.14740943128,25324.14740943128,1.1464554980423374,0.2463811192601364,13590,"{'1': 13589, '2': 13588, '3': 13588, '4': 13588, '5': 13589, '6': 13590, '24': 10756, '48': 7146, '72': 6239, '96': 6279, '120': 9860, '144': 13590}",132,0,1254.3203973213538,1791.8862818876482,7134.56781151941,0,0.05,18379,E,6.5337587920000715,6.534604702996148,43.0,0.75,1.0,conditional,0.00128106504289658,0.0012826746508731225,0.001283882724507041,0.0012821345330174174,0.0012864974919674097,0.0012708804273303912,0.007546085166001664,0.007528409053866629,0.007543887350387743,0.007342422481821888,0.007523835360726029,0.007560932172447366
seed44_c0.75_l1,8382.668927910694,18382.668927910694,0.8184231386897416,0.35265595592435495,13590,"{'1': 13589, '2': 13588, '3': 13588, '4': 13588, '5': 13589, '6': 13590, '24': 10756, '48': 7146, '72': 6239, '96': 6279, '120': 9860, '144': 13590}",116,0,1043.3671081954376,1490.5244402791966,7001.852511355166,0,0.05,18379,E,6.619030345000056,6.620046648000425,44.0,0.75,1.0,conditional,0.0012982652466483103,0.0012896025070528085,0.0012733878468778467,0.0013089151160707796,0.0012877233869257763,0.0012858231433478173,0.007543436151982064,0.0076253393781959096,0.007529765505082643,0.007609982519436275,0.007450846249486492,0.007467468917981736
seed42_c0.9_l1,11187.731706940784,21187.731706940784,0.962595371531812,0.34619401285416807,13590,"{'1': 13589, '2': 13588, '3': 13588, '4': 13588, '5': 13589, '6': 13590, '24': 10756, '48': 7146, '72': 6239, '96': 6279, '120': 9860, '144': 13590}",125,0,975.3627006787851,1393.3752866839789,5786.9514264239215,0,0.05,18379,E,6.886457402000019,6.887126750996686,42.0,0.9,1.0,conditional,0.0015416964736351675,0.0015496904018397753,0.001538661698671154,0.001552911163851017,0.0015307071661954028,0.0015381279006166084,0.007612072342003148,0.00758389846427606,0.00750719876754801,0.007607238556428606,0.007486346560942777,0.007537954317959415
seed43_c0.9_l1,52422.702820131046,62422.702820131046,2.13383770811888,0.20924286703442352,13590,"{'1': 13589, '2': 13588, '3': 13588, '4': 13588, '5': 13589, '6': 13590, '24': 10756, '48': 7146, '72': 6239, '96': 6279, '120': 9860, '144': 13590}",142,0,2167.3178098213957,3096.168299744851,12143.915742142213,0,0.05,18379,E,6.552908013999968,6.553888841997832,43.0,0.9,1.0,conditional,0.0015372780514758943,0.0015392095810477463,0.00154065926940845,0.0015385614396209002,0.001543796990360891,0.00152505651279647,0.007546085166001664,0.007528409053866629,0.007543887350387743,0.007342422481821888,0.007523835360726029,0.007560932172447366
seed44_c0.9_l1,8770.81804840576,18770.81804840576,0.8202988354579593,0.44305883821561853,13590,"{'1': 13589, '2': 13588, '3': 13588, '4': 13588, '5': 13589, '6': 13590, '24': 10756, '48': 7146, '72': 6239, '96': 6279, '120': 9860, '144': 13590}",113,0,1192.6761249852173,1703.8230356931676,8174.0226047559445,0,0.05,18379,E,6.628675010000052,6.630054498004029,44.0,0.9,1.0,conditional,0.0015579182959779719,0.0015475230084633711,0.0015280654162534147,0.0015706981392849349,0.0015452680643109325,0.0015429877720173815,0.007543436151982064,0.0076253393781959096,0.007529765505082643,0.007609982519436275,0.007450846249486492,0.007467468917981736
seed42_c0.95_l1,6483.611693965737,16483.611693965737,0.6969588449838248,0.3965701858429097,13590,"{'1': 13589, '2': 13588, '3': 13588, '4': 13588, '5': 13589, '6': 13590, '24': 10756, '48': 7146, '72': 6239, '96': 6279, '120': 9860, '144': 13590}",129,0,835.1961210829129,1193.1373158327328,4616.48929304821,0,0.05,18379,E,6.858004775999916,6.858855894999579,42.0,0.95,1.0,conditional,0.0016273462777260104,0.0016357843130530953,0.0016241429041528841,0.0016391840062871842,0.0016157464532062574,0.001623579450650865,0.007612072342003148,0.00758389846427606,0.00750719876754801,0.007607238556428606,0.007486346560942777,0.007537954317959415
seed43_c0.95_l1,47834.06291090938,57834.06291090938,2.040446014267531,0.2092428670344233,13590,"{'1': 13589, '2': 13588, '3': 13588, '4': 13588, '5': 13589, '6': 13590, '24': 10756, '48': 7146, '72': 6239, '96': 6279, '120': 9860, '144': 13590}",142,0,2059.979180367347,2942.8274005247813,11506.013687048931,0,0.05,18379,E,6.621941621000019,6.6229480109977885,43.0,0.95,1.0,conditional,0.0016226823876689998,0.0016247212244392874,0.0016262514510422528,0.0016240370751553943,0.0016295634898253854,0.0016097818746184974,0.007546085166001664,0.007528409053866629,0.007543887350387743,0.007342422481821888,0.007523835360726029,0.007560932172447366
seed44_c0.95_l1,11267.633869295212,21267.633869295212,0.9574790757599889,0.44060005923234413,13590,"{'1': 13589, '2': 13588, '3': 13588, '4': 13588, '5': 13589, '6': 13590, '24': 10756, '48': 7146, '72': 6239, '96': 6279, '120': 9860, '144': 13590}",118,0,1333.599847170273,1905.1426388146758,8857.976620243007,0,0.05,18379,E,6.879777794000006,6.880415487998107,44.0,0.95,1.0,conditional,0.0016444693124211928,0.0016334965089335582,0.0016129579393786048,0.0016579591470229848,0.0016311162901059837,0.001628709314907236,0.007543436151982064,0.0076253393781959096,0.007529765505082643,0.007609982519436275,0.007450846249486492,0.007467468917981736
seed42_c1.05_l1,11151.009156751163,21151.009156751163,0.981024191435963,0.48432458410657053,13590,"{'1': 13589, '2': 13588, '3': 13588, '4': 13588, '5': 13589, '6': 13590, '24': 10756, '48': 7146, '72': 6239, '96': 6279, '120': 9860, '144': 13590}",151,0,1009.2911414687565,1441.8444878125092,4609.225139969881,0,0.05,18379,E,6.498168276000001,6.498863980996248,42.0,1.05,1.0,conditional,0.0017986458859076964,0.0018079721354797376,0.0017951053151163468,0.0018117296911595194,0.0017858250272279686,0.001794482550719377,0.007612072342003148,0.00758389846427606,0.00750719876754801,0.007607238556428606,0.007486346560942777,0.007537954317959415
seed43_c1.05_l1,40858.048795951734,50858.048795951734,1.893106663074779,0.20111101337827453,13590,"{'1': 13589, '2': 13588, '3': 13588, '4': 13588, '5': 13589, '6': 13590, '24': 10756, '48': 7146, '72': 6239, '96': 6279, '120': 9860, '144': 13590}",143,0,2033.012816304087,2904.304023291553,11531.682583606394,0,0.05,18379,E,6.71828524099999,6.719046915997751,43.0,1.05,1.0,conditional,0.001793491060055211,0.0017957445112223708,0.0017974358143098593,0.0017949883462243846,0.0018010964887543726,0.0017792325982625482,0.007546085166001664,0.007528409053866629,0.007543887350387743,0.007342422481821888,0.007523835360726029,0.007560932172447366
seed44_c1.05_l1,12293.286687778163,22293.286687778163,0.9954290742888474,0.42844800834530894,13590,"{'1': 13589, '2': 13588, '3': 13588, '4': 13588, '5': 13589, '6': 13590, '24': 10756, '48': 7146, '72': 6239, '96': 6279, '120': 9860, '144': 13590}",103,0,1096.7107246562473,1566.7296066517822,8262.834829118008,0,0.05,18379,E,6.863639577000072,6.864485202000651,44.0,1.05,1.0,conditional,0.0018175713453076345,0.001805443509873933,0.0017827429856289842,0.0018324811624990894,0.0018028127416960878,0.0018001524006869443,0.007543436151982064,0.0076253393781959096,0.007529765505082643,0.007609982519436275,0.007450846249486492,0.007467468917981736
seed42_c1.1_l1,31254.02426141242,41254.02426141242,1.657399051641381,0.2783072524980438,13590,"{'1': 13589, '2': 13588, '3': 13588, '4': 13588, '5': 13589, '6': 13590, '24': 10756, '48': 7146, '72': 6239, '96': 6279, '120': 9860, '144': 13590}",141,0,1608.372139743317,2297.6744853475957,8014.692951898774,0,0.05,18379,E,6.711853553999958,6.712815908998891,42.0,1.1,1.0,conditional,0.0018842956899985381,0.001894066046693058,0.0018805865205980762,0.0018980025335956867,0.0018708643142388228,0.001879934100753633,0.007612072342003148,0.00758389846427606,0.00750719876754801,0.007607238556428606,0.007486346560942777,0.007537954317959415
seed43_c1.1_l1,73233.88698593697,83233.88698593697,2.4708960391119654,0.20077986956641947,13590,"{'1': 13589, '2': 13588, '3': 13588, '4': 13588, '5': 13589, '6': 13590, '24': 10756, '48': 7146, '72': 6239, '96': 6279, '120': 9860, '144': 13590}",148,0,3520.0252113284664,5028.607444754953,17725.591368648475,0,0.05,18379,E,6.59957766399998,6.600550126997405,43.0,1.1,1.0,conditional,0.001878895396248316,0.0018812561546139122,0.0018830279959436624,0.0018804639817588788,0.0018868629882188676,0.0018639579600845742,0.007546085166001664,0.007528409053866629,0.007543887350387743,0.007342422481821888,0.007523835360726029,0.007560932172447366
seed44_c1.1_l1,12291.334663656118,22291.33466365612,0.995392716970327,0.4284480083453095,13590,"{'1': 13589, '2': 13588, '3': 13588, '4': 13588, '5': 13589, '6': 13590, '24': 10756, '48': 7146, '72': 6239, '96': 6279, '120': 9860, '144': 13590}",103,0,1096.625117998621,1566.6073114266012,8255.736588969503,0,0.05,18379,E,6.705841447000012,6.706658265000442,44.0,1.1,1.0,conditional,0.0019041223617508557,0.0018914170103441197,0.001867635508754174,0.0019197421702371426,0.00188866096749114,0.001885873943576799,0.007543436151982064,0.0076253393781959096,0.007529765505082643,0.007609982519436275,0.007450846249486492,0.007467468917981736
seed42_c1.25_l1,12952.2132640479,22952.2132640479,1.0349513309858158,0.32818348594246305,13590,"{'1': 13589, '2': 13588, '3': 13588, '4': 13588, '5': 13589, '6': 13590, '24': 10756, '48': 7146, '72': 6239, '96': 6279, '120': 9860, '144': 13590}",157,0,1564.4958668542472,2234.9940955060674,6747.645387515694,0,0.05,18379,E,6.464398587000005,6.465296515998489,42.0,1.25,1.0,conditional,0.002141245102271066,0.0021523477803330206,0.0021370301370432694,0.00215682106090419,0.002125982175271391,0.002136288750856401,0.007612072342003148,0.00758389846427606,0.00750719876754801,0.007607238556428606,0.007486346560942777,0.007537954317959415
seed43_c1.25_l1,40585.75936369906,50585.75936369906,1.9365422506807606,0.2818580857345121,13590,"{'1': 13589, '2': 13588, '3': 13588, '4': 13588, '5': 13589, '6': 13590, '24': 10756, '48': 7146, '72': 6239, '96': 6279, '120': 9860, '144': 13590}",162,0,2589.4427402349916,3699.203914621417,12224.814869926291,0,0.05,18379,E,6.60528436300001,6.606027114998142,43.0,1.25,1.0,conditional,0.002135108404827631,0.0021377910847885356,0.0021398045408450696,0.0021368908883623613,0.002144162486612349,0.002118134045550653,0.007546085166001664,0.007528409053866629,0.007543887350387743,0.007342422481821888,0.007523835360726029,0.007560932172447366
seed44_c1.25_l1,22745.0630158397,32745.0630158397,1.4294290063386237,0.25035355808088133,13590,"{'1': 13589, '2': 13588, '3': 13588, '4': 13588, '5': 13589, '6': 13590, '24': 10756, '48': 7146, '72': 6239, '96': 6279, '120': 9860, '144': 13590}",130,0,1636.1536424106087,2337.3623463008694,9518.414611503296,0,0.05,18379,E,6.839543291000041,6.85027912100486,44.0,1.25,1.0,conditional,0.0021637754110805174,0.002149337511754682,0.0021223130781297447,0.002181525193451297,0.0021462056448762947,0.0021430385722463626,0.007543436151982064,0.0076253393781959096,0.007529765505082643,0.007609982519436275,0.007450846249486492,0.007467468917981736
seed42_c1.5_l1,28945.274430182624,38945.274430182624,1.6814984945504505,0.3776765431041801,13590,"{'1': 13589, '2': 13588, '3': 13588, '4': 13588, '5': 13589, '6': 13590, '24': 10756, '48': 7146, '72': 6239, '96': 6279, '120': 9860, '144': 13590}",198,0,2170.843427503788,3101.204896433983,7561.157129302807,0,0.05,18379,E,6.388107330000025,6.388888800000132,42.0,1.5,1.0,conditional,0.0025694941227252803,0.002582817336399626,0.002564436164451922,0.0025881852730850275,0.002551178610325669,0.002563546501027682,0.007612072342003148,0.00758389846427606,0.00750719876754801,0.007607238556428606,0.007486346560942777,0.007537954317959415
seed43_c1.5_l1,51209.80705656397,61209.80705656397,2.1604292209911504,0.2082463884883633,13590,"{'1': 13589, '2': 13588, '3': 13588, '4': 13588, '5': 13589, '6': 13590, '24': 10756, '48': 7146, '72': 6239, '96': 6279, '120': 9860, '144': 13590}",165,0,3047.8751907539777,4354.107415362826,14261.949764339686,0,0.05,18379,E,6.422933648999901,6.42366072099685,43.0,1.5,1.0,conditional,0.0025621300857931583,0.0025653493017462445,0.002567765449014085,0.002564269066034833,0.0025729949839348194,0.002541760854660784,0.007546085166001664,0.007528409053866629,0.007543887350387743,0.007342422481821888,0.007523835360726029,0.007560932172447366
seed44_c1.5_l1,40772.75106485394,50772.75106485394,1.9022426028028858,0.2432791432471828,13590,"{'1': 13589, '2': 13588, '3': 13588, '4': 13588, '5': 13589, '6': 13590, '24': 10756, '48': 7146, '72': 6239, '96': 6279, '120': 9860, '144': 13590}",160,0,2650.366768199587,3786.2382402851244,12739.794075650298,0,0.05,18379,E,6.5489609160000555,6.549822870998469,44.0,1.5,1.0,conditional,0.0025965304932966207,0.0025792050141056205,0.0025467756937556925,0.002617830232141558,0.002575446773851554,0.002571646286695634,0.007543436151982064,0.0076253393781959096,0.007529765505082643,0.007609982519436275,0.007450846249486492,0.007467468917981736
seed42_c1.75_l1,16944.36268886888,26944.36268886888,1.2181422756185525,0.24365037983629123,13590,"{'1': 13589, '2': 13588, '3': 13588, '4': 13588, '5': 13589, '6': 13590, '24': 10756, '48': 7146, '72': 6239, '96': 6279, '120': 9860, '144': 13590}",154,0,1500.990960104112,2144.2728001487317,6819.9309427577045,0,0.05,18379,E,6.518564145000028,6.519349741996848,42.0,1.75,1.0,conditional,0.002997743143179492,0.0030132868924662294,0.0029918421918605762,0.003019549485265865,0.002976375045379947,0.0029908042511989615,0.007612072342003148,0.00758389846427606,0.00750719876754801,0.007607238556428606,0.007486346560942777,0.007537954317959415
seed43_c1.75_l1,18646.340576080613,28646.340576080613,1.3424609021755436,0.23343116336861114,13590,"{'1': 13589, '2': 13588, '3': 13588, '4': 13588, '5': 13589, '6': 13590, '24': 10756, '48': 7146, '72': 6239, '96': 6279, '120': 9860, '144': 13590}",174,0,1880.140381605828,2685.9148308654685,7776.698004224024,0,0.05,18379,E,6.434158417000049,6.434119428005943,43.0,1.75,1.0,conditional,0.0029891517667586845,0.002992907518703951,0.002995726357183099,0.0029916472437073057,0.003001827481257289,0.0029653876637709153,0.007546085166001664,0.007528409053866629,0.007543887350387743,0.007342422481821888,0.007523835360726029,0.007560932172447366
seed44_c1.75_l1,38605.86667921828,48605.86667921828,1.9044920486192565,0.219258062764496,13590,"{'1': 13589, '2': 13588, '3': 13588, '4': 13588, '5': 13589, '6': 13590, '24': 10756, '48': 7146, '72': 6239, '96': 6279, '120': 9860, '144': 13590}",132,0,1782.3934519506838,2546.2763599295486,10964.636646831452,0,0.05,18379,E,6.477463647999912,6.476732351002283,44.0,1.75,1.0,conditional,0.0030292855755127243,0.003009072516456555,0.0029712383093816416,0.003054135270831817,0.0030046879028268136,0.003000254001144907,0.007543436151982064,0.0076253393781959096,0.007529765505082643,0.007609982519436275,0.007450846249486492,0.007467468917981736
seed42_c2_l1,6208.510688611854,16208.510688611854,0.6892199646199364,0.32172206401097225,13590,"{'1': 13589, '2': 13588, '3': 13588, '4': 13588, '5': 13589, '6': 13590, '24': 10756, '48': 7146, '72': 6239, '96': 6279, '120': 9860, '144': 13590}",157,0,1121.8938609922598,1602.7055157032282,4856.908843134509,0,0.05,18379,E,6.410060907999991,6.409481741997297,42.0,2.0,1.0,conditional,0.0034259921636337056,0.0034437564485328338,0.0034192482192692297,0.003450913697446704,0.0034015714804342253,0.0034180620013702398,0.007612072342003148,0.00758389846427606,0.00750719876754801,0.007607238556428606,0.007486346560942777,0.007537954317959415
seed43_c2_l1,20948.380250193157,30948.380250193157,1.4486220941932377,0.20529887852574746,13590,"{'1': 13589, '2': 13588, '3': 13588, '4': 13588, '5': 13589, '6': 13590, '24': 10756, '48': 7146, '72': 6239, '96': 6279, '120': 9860, '144': 13590}",181,0,1849.0828833792218,2641.5469762560315,6852.751921504745,0,0.05,18379,E,6.40910158600002,6.408519671997055,43.0,2.0,1.0,conditional,0.0034161734477242103,0.003420465735661658,0.0034236872653521117,0.003419025421379779,0.0034306599785797597,0.0033890144728810447,0.007546085166001664,0.007528409053866629,0.007543887350387743,0.007342422481821888,0.007523835360726029,0.007560932172447366
seed44_c2_l1,41581.15089408874,51581.15089408874,1.9857121776242137,0.2192580627644929,13590,"{'1': 13589, '2': 13588, '3': 13588, '4': 13588, '5': 13589, '6': 13590, '24': 10756, '48': 7146, '72': 6239, '96': 6279, '120': 9860, '144': 13590}",144,0,1988.3980444812105,2840.568634973158,11373.40349915337,0,0.05,18379,E,6.462803162,6.462094253001851,44.0,2.0,1.0,conditional,0.003462040657728827,0.003438940018807492,0.00339570092500759,0.0034904403095220755,0.003433929031802072,0.003428861715594179,0.007543436151982064,0.0076253393781959096,0.007529765505082643,0.007609982519436275,0.007450846249486492,0.007467468917981736
seed42_c2.5_l1,12992.421787491225,22992.421787491225,1.097570170664157,0.31139761981299574,13590,"{'1': 13589, '2': 13588, '3': 13588, '4': 13588, '5': 13589, '6': 13590, '24': 10756, '48': 7146, '72': 6239, '96': 6279, '120': 9860, '144': 13590}",168,0,1432.658678386889,2046.655254838413,5937.25879754384,0,0.05,18379,E,6.577038823999942,6.57597774000169,42.0,2.5,1.0,conditional,0.004282490204542133,0.004304695560666041,0.004274060274086536,0.00431364212180838,0.004251964350542781,0.004272577501712801,0.007612072342003148,0.00758389846427606,0.00750719876754801,0.007607238556428606,0.007486346560942777,0.007537954317959415
seed43_c2.5_l1,15567.439110114607,25567.439110114607,1.1989255158284433,0.23983866446933255,13590,"{'1': 13589, '2': 13588, '3': 13588, '4': 13588, '5': 13589, '6': 13590, '24': 10756, '48': 7146, '72': 6239, '96': 6279, '120': 9860, '144': 13590}",176,0,1808.7509799015395,2583.9299712879138,7300.691957309586,0,0.05,18379,E,6.629492739000057,6.628866285005643,43.0,2.5,1.0,conditional,0.004270216809655264,0.004275582169577074,0.00427960908169014,0.004273781776724723,0.004288324973224698,0.004236268091101306,0.007546085166001664,0.007528409053866629,0.007543887350387743,0.007342422481821888,0.007523835360726029,0.007560932172447366
seed44_c2.5_l1,19364.411037999016,29364.411037999016,1.3677129110196138,0.3003587230830628,13590,"{'1': 13589, '2': 13588, '3': 13588, '4': 13588, '5': 13589, '6': 13590, '24': 10756, '48': 7146, '72': 6239, '96': 6279, '120': 9860, '144': 13590}",160,0,1663.985027304275,2377.121467577536,8029.463869388172,0,0.05,18379,E,6.405709970999965,6.405097058996034,44.0,2.5,1.0,conditional,0.004327550822161035,0.0042986750235093655,0.004244626156259487,0.004363050386902595,0.004292411289752589,0.0042860771444927235,0.007543436151982064,0.0076253393781959096,0.007529765505082643,0.007609982519436275,0.007450846249486492,0.007467468917981736
seed42_c3_l1,12719.522084411059,22719.52208441106,1.083997352272559,0.27266712158493944,13590,"{'1': 13589, '2': 13588, '3': 13588, '4': 13588, '5': 13589, '6': 13590, '24': 10756, '48': 7146, '72': 6239, '96': 6279, '120': 9860, '144': 13590}",203,0,1715.9792502707455,2451.398928958208,5382.372014790899,0,0.05,18379,E,6.2998313869999265,6.299394827998185,42.0,3.0,1.0,conditional,0.00513898824545056,0.005165634672799249,0.005128872328903845,0.005176370546170057,0.005102357220651338,0.005127093002055362,0.007612072342003148,0.00758389846427606,0.00750719876754801,0.007607238556428606,0.007486346560942777,0.007537954317959415
seed43_c3_l1,19771.09082268429,29771.09082268429,1.4426461118733158,0.25477438426384413,13590,"{'1': 13589, '2': 13588, '3': 13588, '4': 13588, '5': 13589, '6': 13590, '24': 10756, '48': 7146, '72': 6239, '96': 6279, '120': 9860, '144': 13590}",207,0,2561.6864619926687,3659.5520885609553,7947.468784179387,0,0.05,18379,E,6.26407588699999,6.263237351005955,43.0,3.0,1.0,conditional,0.005124260171586317,0.005130698603492487,0.00513553089802817,0.005128538132069666,0.00514598996786964,0.005083521709321568,0.007546085166001664,0.007528409053866629,0.007543887350387743,0.007342422481821888,0.007523835360726029,0.007560932172447366
seed44_c3_l1,13761.924607182951,23761.92460718295,1.127950625029663,0.2591513926862239,13590,"{'1': 13589, '2': 13588, '3': 13588, '4': 13588, '5': 13589, '6': 13590, '24': 10756, '48': 7146, '72': 6239, '96': 6279, '120': 9860, '144': 13590}",145,0,1477.3365060349297,2110.4807229070425,7817.358660462955,0,0.05,18379,E,6.357264028000031,6.356563623994589,44.0,3.0,1.0,conditional,0.005193060986593244,0.0051584100282112385,0.005093551387511385,0.005235660464283114,0.005150893547703108,0.005143292573391268,0.007543436151982064,0.0076253393781959096,0.007529765505082643,0.007609982519436275,0.007450846249486492,0.007467468917981736
seed42_c0_l0,604943.0496458036,614943.0496458036,6.160410506649013,0.07385802853476553,13590,"{'1': 13589, '2': 13588, '3': 13588, '4': 13588, '5': 13589, '6': 13590, '24': 10756, '48': 7146, '72': 6239, '96': 6279, '120': 9860, '144': 13590}",417,0,34432.88921389457,49189.841734135094,30347.716994994084,0,0.05,18379,E,5.519524727999965,5.519003479996172,42.0,0.0,0.0,conditional,0.0,0.0,0.0,0.0,0.0,0.0,0.0,0.0,0.0,0.0,0.0,0.0
seed43_c0_l0,604943.0496458036,614943.0496458036,6.160410506649013,0.07385802853476553,13590,"{'1': 13589, '2': 13588, '3': 13588, '4': 13588, '5': 13589, '6': 13590, '24': 10756, '48': 7146, '72': 6239, '96': 6279, '120': 9860, '144': 13590}",417,0,34432.88921389457,49189.841734135094,30347.716994994084,0,0.05,18379,E,5.52533074400003,5.524955651999335,43.0,0.0,0.0,conditional,0.0,0.0,0.0,0.0,0.0,0.0,0.0,0.0,0.0,0.0,0.0,0.0
seed44_c0_l0,604943.0496458036,614943.0496458036,6.160410506649013,0.07385802853476553,13590,"{'1': 13589, '2': 13588, '3': 13588, '4': 13588, '5': 13589, '6': 13590, '24': 10756, '48': 7146, '72': 6239, '96': 6279, '120': 9860, '144': 13590}",417,0,34432.88921389457,49189.841734135094,30347.716994994084,0,0.05,18379,E,5.618358679000039,5.61789719400258,44.0,0.0,0.0,conditional,0.0,0.0,0.0,0.0,0.0,0.0,0.0,0.0,0.0,0.0,0.0,0.0
seed42_c0_l0.05,470430.6366161884,480430.6366161884,5.637206899620847,0.06197040461240977,13590,"{'1': 13589, '2': 13588, '3': 13588, '4': 13588, '5': 13589, '6': 13590, '24': 10756, '48': 7146, '72': 6239, '96': 6279, '120': 9860, '144': 13590}",420,0,32428.324825308267,46326.17832186896,26993.83529772402,0,0.05,18379,E,5.457164765000016,5.456624881000607,42.0,0.0,0.05,conditional,0.0,0.0,0.0,0.0,0.0,0.0,0.0003806036171001577,0.0003791949232138029,0.0003753599383774008,0.00038036192782143,0.00037431732804713887,0.00037689771589797155
seed43_c0_l0.05,536070.0265957452,546070.0265957452,5.887952676918205,0.05378173522353258,13590,"{'1': 13589, '2': 13588, '3': 13588, '4': 13588, '5': 13589, '6': 13590, '24': 10756, '48': 7146, '72': 6239, '96': 6279, '120': 9860, '144': 13590}",410,0,33926.53014482928,48466.47163547041,27675.654599151734,0,0.05,18379,E,5.475741706000008,5.475140679998731,43.0,0.0,0.05,conditional,0.0,0.0,0.0,0.0,0.0,0.0,0.0003773042583000833,0.00037642045269333164,0.00037719436751938723,0.0003671211240910957,0.0003761917680363018,0.00037804660862236864
seed44_c0_l0.05,694128.7542417897,704128.7542417897,6.373796044980258,0.053781735223532356,13590,"{'1': 13589, '2': 13588, '3': 13588, '4': 13588, '5': 13589, '6': 13590, '24': 10756, '48': 7146, '72': 6239, '96': 6279, '120': 9860, '144': 13590}",409,0,34626.811122903564,49466.87303271938,33315.06300310655,0,0.05,18379,E,5.830361607999976,5.829846947999613,44.0,0.0,0.05,conditional,0.0,0.0,0.0,0.0,0.0,0.0,0.0003771718075991036,0.0003812669689097954,0.00037648827525413206,0.00038049912597181384,0.0003725423124743248,0.0003733734458990872
seed42_c0_l0.1,518071.6638007446,528071.6638007446,5.958558531253587,0.07078171556405743,13590,"{'1': 13589, '2': 13588, '3': 13588, '4': 13588, '5': 13589, '6': 13590, '24': 10756, '48': 7146, '72': 6239, '96': 6279, '120': 9860, '144': 13590}",413,0,33669.508261573734,48099.2975165339,27283.875588384675,0,0.05,18379,E,5.570780980999984,5.570459446003952,42.0,0.0,0.1,conditional,0.0,0.0,0.0,0.0,0.0,0.0,0.0007612072342003154,0.000758389846427606,0.0007507198767548008,0.0007607238556428617,0.0007486346560942781,0.000753795431795942
seed43_c0_l0.1,487046.5168474659,497046.5168474659,5.711266103934632,0.06637941845511786,13590,"{'1': 13589, '2': 13588, '3': 13588, '4': 13588, '5': 13589, '6': 13590, '24': 10756, '48': 7146, '72': 6239, '96': 6279, '120': 9860, '144': 13590}",403,0,29953.414845861815,42790.59263694545,31424.033724896595,0,0.05,18379,E,5.601497545000029,5.64365293100127,43.0,0.0,0.1,conditional,0.0,0.0,0.0,0.0,0.0,0.0,0.0007546085166001673,0.0007528409053866628,0.0007543887350387757,0.0007342422481821883,0.0007523835360726022,0.0007560932172447354
seed44_c0_l0.1,558891.7957446732,568891.7957446732,5.842709184309285,0.06164315909506746,13590,"{'1': 13589, '2': 13588, '3': 13588, '4': 13588, '5': 13589, '6': 13590, '24': 10756, '48': 7146, '72': 6239, '96': 6279, '120': 9860, '144': 13590}",397,0,31448.87508621571,44926.96440887958,29464.14111075212,0,0.05,18379,E,5.578231845000005,5.578038849998848,44.0,0.0,0.1,conditional,0.0,0.0,0.0,0.0,0.0,0.0,0.0007543436151982062,0.0007625339378195928,0.0007529765505082655,0.0007609982519436286,0.0007450846249486492,0.0007467468917981729
seed42_c0_l0.15,593948.412211974,603948.412211974,5.918017352531094,0.09225322763146304,13590,"{'1': 13589, '2': 13588, '3': 13588, '4': 13588, '5': 13589, '6': 13590, '24': 10756, '48': 7146, '72': 6239, '96': 6279, '120': 9860, '144': 13590}",399,0,32198.066335241612,45997.23762177373,31449.507897143263,0,0.05,18379,E,5.800311484999952,5.799979831004748,42.0,0.0,0.15,conditional,0.0,0.0,0.0,0.0,0.0,0.0,0.001141810851300472,0.0011375847696414108,0.0011260798151322019,0.00114108578346429,0.0011229519841414167,0.0011306931476939121
seed43_c0_l0.15,441049.3718534252,451049.3718534252,5.527499861580072,0.09138075941502843,13590,"{'1': 13589, '2': 13588, '3': 13588, '4': 13588, '5': 13589, '6': 13590, '24': 10756, '48': 7146, '72': 6239, '96': 6279, '120': 9860, '144': 13590}",405,0,27490.318804229515,39271.884006042164,27356.64403581934,0,0.05,18379,E,5.564897760000008,5.564604317005433,43.0,0.0,0.15,conditional,0.0,0.0,0.0,0.0,0.0,0.0,0.0011319127749002498,0.0011292613580799946,0.0011315831025581619,0.0011013633722732833,0.0011285753041089047,0.001134139825867106
seed44_c0_l0.15,501818.7871353334,511818.7871353334,5.746038176875732,0.060515614189432076,13590,"{'1': 13589, '2': 13588, '3': 13588, '4': 13588, '5': 13589, '6': 13590, '24': 10756, '48': 7146, '72': 6239, '96': 6279, '120': 9860, '144': 13590}",392,0,30357.751585691494,43368.216550987854,31253.012845669142,0,0.05,18379,E,5.781565619999924,5.781212125002639,44.0,0.0,0.15,conditional,0.0,0.0,0.0,0.0,0.0,0.0,0.0011315154227973104,0.001143800906729385,0.0011294648257623955,0.0011414973779154424,0.0011176269374229733,0.0011201203376972604
seed42_c0_l0.2,526357.7802613874,536357.7802613874,5.642829131959243,0.0760998975737538,13590,"{'1': 13589, '2': 13588, '3': 13588, '4': 13588, '5': 13589, '6': 13590, '24': 10756, '48': 7146, '72': 6239, '96': 6279, '120': 9860, '144': 13590}",385,0,28203.555682060123,40290.793831514464,36291.573902273,0,0.05,18379,E,5.944311979999952,5.9438370740026585,42.0,0.0,0.2,conditional,0.0,0.0,0.0,0.0,0.0,0.0,0.0015224144684006294,0.0015167796928552114,0.0015014397535096015,0.0015214477112857226,0.0014972693121885555,0.0015075908635918825
seed43_c0_l0.2,474040.14465976384,484040.14465976384,5.405081267398081,0.09775016409739345,13590,"{'1': 13589, '2': 13588, '3': 13588, '4': 13588, '5': 13589, '6': 13590, '24': 10756, '48': 7146, '72': 6239, '96': 6279, '120': 9860, '144': 13590}",381,0,29108.775950535513,41583.96564362216,33849.30341339378,0,0.05,18379,E,5.811966401999939,5.8116007130010985,43.0,0.0,0.2,conditional,0.0,0.0,0.0,0.0,0.0,0.0,0.0015092170332003327,0.0015056818107733246,0.001508777470077549,0.0014684844963643775,0.0015047670721452064,0.0015121864344894735
seed44_c0_l0.2,531427.5364274478,541427.5364274478,5.960069492806158,0.06240295653012096,13590,"{'1': 13589, '2': 13588, '3': 13588, '4': 13588, '5': 13589, '6': 13590, '24': 10756, '48': 7146, '72': 6239, '96': 6279, '120': 9860, '144': 13590}",378,0,29965.00618048854,42807.1516864122,34713.12773283731,0,0.05,18379,E,6.000685221000026,6.00059347700153,44.0,0.0,0.2,conditional,0.0,0.0,0.0,0.0,0.0,0.0,0.0015086872303964143,0.0015250678756391811,0.0015059531010165276,0.0015219965038872538,0.0014901692498972977,0.0014934937835963471
seed42_c0_l0.3,504982.1705160106,514982.1705160106,5.419497001028508,0.08232989353960918,13590,"{'1': 13589, '2': 13588, '3': 13588, '4': 13588, '5': 13589, '6': 13590, '24': 10756, '48': 7146, '72': 6239, '96': 6279, '120': 9860, '144': 13590}",313,0,23025.406118233823,32893.43731176261,39676.961205354884,0,0.05,18379,E,6.1972311460000356,6.196883628996147,42.0,0.0,0.3,conditional,0.0,0.0,0.0,0.0,0.0,0.0,0.0022836217026009427,0.002275169539282817,0.002252159630264404,0.002282171566928583,0.0022459039682828324,0.002261386295387825
seed43_c0_l0.3,388190.6587263279,398190.6587263279,5.070212565836481,0.085891381345926,13590,"{'1': 13589, '2': 13588, '3': 13588, '4': 13588, '5': 13589, '6': 13590, '24': 10756, '48': 7146, '72': 6239, '96': 6279, '120': 9860, '144': 13590}",349,0,22291.595484179707,31845.136405971007,34555.88678890651,0,0.05,18379,E,6.087440342000036,6.087319967002259,43.0,0.0,0.3,conditional,0.0,0.0,0.0,0.0,0.0,0.0,0.0022638255498004995,0.002258522716159987,0.002263166205116322,0.0022027267445465667,0.002257150608217809,0.0022682796517342094
seed44_c0_l0.3,426570.169180633,436570.169180633,5.272226488645104,0.1204925871838316,13590,"{'1': 13589, '2': 13588, '3': 13588, '4': 13588, '5': 13589, '6': 13590, '24': 10756, '48': 7146, '72': 6239, '96': 6279, '120': 9860, '144': 13590}",341,0,21783.037533428113,31118.62504775445,37049.982592984095,0,0.05,18379,E,6.145437418000029,6.145718437001051,44.0,0.0,0.3,conditional,0.0,0.0,0.0,0.0,0.0,0.0,0.002263030845594619,0.002287601813458774,0.0022589296515247935,0.002282994755830881,0.002235253874845947,0.0022402406753945225
seed42_c0_l0.4,457807.12465453555,467807.12465453555,5.101543858073294,0.09619756701909477,13590,"{'1': 13589, '2': 13588, '3': 13588, '4': 13588, '5': 13589, '6': 13590, '24': 10756, '48': 7146, '72': 6239, '96': 6279, '120': 9860, '144': 13590}",314,0,20730.408786475193,29614.86969496456,40133.14219257748,0,0.05,18379,E,6.221872497000049,6.221763656001713,42.0,0.0,0.4,conditional,0.0,0.0,0.0,0.0,0.0,0.0,0.003044828936801259,0.003033559385710426,0.0030028795070192044,0.0030428954225714413,0.002994538624377111,0.003015181727183766
seed43_c0_l0.4,233184.93264968618,243184.93264968618,4.053607550033812,0.11953674633706113,13590,"{'1': 13589, '2': 13588, '3': 13588, '4': 13588, '5': 13589, '6': 13590, '24': 10756, '48': 7146, '72': 6239, '96': 6279, '120': 9860, '144': 13590}",283,0,12725.293027676798,18178.990039538287,27439.030363894362,0,0.05,18379,E,6.103339655000013,6.103337978005584,43.0,0.0,0.4,conditional,0.0,0.0,0.0,0.0,0.0,0.0,0.0030184340664006653,0.0030113636215466514,0.003017554940155094,0.0029369689927287545,0.003009534144290411,0.003024372868978947
seed44_c0_l0.4,383596.9130176576,393596.9130176576,4.883154303465881,0.1261345138081318,13590,"{'1': 13589, '2': 13588, '3': 13588, '4': 13588, '5': 13589, '6': 13590, '24': 10756, '48': 7146, '72': 6239, '96': 6279, '120': 9860, '144': 13590}",304,0,21465.864224976456,30665.52032139494,39389.06827066533,0,0.05,18379,E,6.067446302000008,6.067335715000809,44.0,0.0,0.4,conditional,0.0,0.0,0.0,0.0,0.0,0.0,0.0030173744607928247,0.003050135751278364,0.0030119062020330586,0.0030439930077745107,0.0029803384997945967,0.002986987567192695
seed42_c0_l0.5,273994.1649899512,283994.1649899512,4.213666817880074,0.11794980210605999,13590,"{'1': 13589, '2': 13588, '3': 13588, '4': 13588, '5': 13589, '6': 13590, '24': 10756, '48': 7146, '72': 6239, '96': 6279, '120': 9860, '144': 13590}",277,0,12917.481150363586,18453.544500519412,29021.885852615975,0,0.05,18379,E,6.136378204000039,6.136286758002825,42.0,0.0,0.5,conditional,0.0,0.0,0.0,0.0,0.0,0.0,0.003806036171001574,0.0037919492321380303,0.003753599383774006,0.0038036192782143047,0.003743173280471389,0.003768977158979709
seed43_c0_l0.5,322139.3777271344,332139.3777271344,4.411143779290142,0.12590563671363253,13590,"{'1': 13589, '2': 13588, '3': 13588, '4': 13588, '5': 13589, '6': 13590, '24': 10756, '48': 7146, '72': 6239, '96': 6279, '120': 9860, '144': 13590}",250,0,15146.160242718552,21637.371775312215,39911.14224110586,0,0.05,18379,E,6.377790517999983,6.377692250003747,43.0,0.0,0.5,conditional,0.0,0.0,0.0,0.0,0.0,0.0,0.0037730425830008324,0.0037642045269333153,0.0037719436751938703,0.0036712112409109433,0.0037619176803630147,0.003780466086223683
seed44_c0_l0.5,358809.95812922437,368809.95812922437,4.658544420879066,0.09686823255039234,13590,"{'1': 13589, '2': 13588, '3': 13588, '4': 13588, '5': 13589, '6': 13590, '24': 10756, '48': 7146, '72': 6239, '96': 6279, '120': 9860, '144': 13590}",266,0,15962.677919212849,22803.825598875497,43648.12746324671,0,0.05,18379,E,6.288260147999949,6.288190027997189,44.0,0.0,0.5,conditional,0.0,0.0,0.0,0.0,0.0,0.0,0.003771718075991032,0.003812669689097956,0.0037648827525413233,0.003804991259718136,0.003725423124743245,0.003733734458990868
seed42_c0_l0.6,234582.61645298413,244582.61645298413,3.9175460096548873,0.12924938309593437,13590,"{'1': 13589, '2': 13588, '3': 13588, '4': 13588, '5': 13589, '6': 13590, '24': 10756, '48': 7146, '72': 6239, '96': 6279, '120': 9860, '144': 13590}",265,0,10955.568662404408,15650.81237486344,28133.037691742968,0,0.05,18379,E,6.329071569999996,6.32865291100461,42.0,0.0,0.6,conditional,0.0,0.0,0.0,0.0,0.0,0.0,0.004567243405201889,0.004550339078565634,0.004504319260528806,0.004564343133857164,0.004491807936565667,0.004522772590775649
seed43_c0_l0.6,162106.67476571738,172106.67476571738,3.4617681397065714,0.1262119700289498,13590,"{'1': 13589, '2': 13588, '3': 13588, '4': 13588, '5': 13589, '6': 13590, '24': 10756, '48': 7146, '72': 6239, '96': 6279, '120': 9860, '144': 13590}",225,0,9104.88422828533,13006.977468979043,26697.05090874832,0,0.05,18379,E,6.4349967079999715,6.43458784899849,43.0,0.0,0.6,conditional,0.0,0.0,0.0,0.0,0.0,0.0,0.004527651099600998,0.004517045432319977,0.004526332410232644,0.0044054534890931325,0.004514301216435619,0.00453655930346842
seed44_c0_l0.6,218094.52811772583,228094.52811772583,3.806255225704897,0.18990507903376364,13590,"{'1': 13589, '2': 13588, '3': 13588, '4': 13588, '5': 13589, '6': 13590, '24': 10756, '48': 7146, '72': 6239, '96': 6279, '120': 9860, '144': 13590}",227,0,10355.556250022193,14793.651785745991,36295.201804329714,0,0.05,18379,E,6.667294910999999,6.667010281998955,44.0,0.0,0.6,conditional,0.0,0.0,0.0,0.0,0.0,0.0,0.004526061691189238,0.0045752036269175456,0.004517859303049586,0.004565989511661764,0.004470507749691893,0.004480481350789042
seed42_c0_l0.75,64778.43597829013,74778.43597829013,2.4505099518781597,0.190142046587497,13590,"{'1': 13589, '2': 13588, '3': 13588, '4': 13588, '5': 13589, '6': 13590, '24': 10756, '48': 7146, '72': 6239, '96': 6279, '120': 9860, '144': 13590}",159,0,2788.407470242233,3983.4392432031905,14991.108123605522,0,0.05,18379,E,7.043636558999992,7.043323220001184,42.0,0.0,0.75,conditional,0.0,0.0,0.0,0.0,0.0,0.0,0.005709054256502361,0.005687923848207046,0.005630399075661009,0.005705428917321455,0.005614759920707085,0.005653465738469563
seed43_c0_l0.75,54769.32455593968,64769.32455593968,2.2298442123711903,0.15610441794858376,13590,"{'1': 13589, '2': 13588, '3': 13588, '4': 13588, '5': 13589, '6': 13590, '24': 10756, '48': 7146, '72': 6239, '96': 6279, '120': 9860, '144': 13590}",195,0,3909.0316549534964,5584.330935647852,14175.932684894522,0,0.05,18379,E,6.55066768100005,6.550430483002856,43.0,0.0,0.75,conditional,0.0,0.0,0.0,0.0,0.0,0.0,0.005659563874501248,0.0056463067903999705,0.005657915512790807,0.005506816861366415,0.005642876520544522,0.005670699129335524
seed44_c0_l0.75,92185.59151576732,102185.59151576732,2.7396990309343128,0.2714581619141916,13590,"{'1': 13589, '2': 13588, '3': 13588, '4': 13588, '5': 13589, '6': 13590, '24': 10756, '48': 7146, '72': 6239, '96': 6279, '120': 9860, '144': 13590}",174,0,3857.076722121393,5510.109603030562,17199.409614006436,0,0.05,18379,E,6.867774757999996,6.86756213499757,44.0,0.0,0.75,conditional,0.0,0.0,0.0,0.0,0.0,0.0,0.005657577113986548,0.005719004533646931,0.005647324128811982,0.005707486889577206,0.005588134687114868,0.005600601688486302
seed42_c0_l0.9,14452.206798180952,24452.206798180952,1.1184501088888124,0.36437871204175953,13590,"{'1': 13589, '2': 13588, '3': 13588, '4': 13588, '5': 13589, '6': 13590, '24': 10756, '48': 7146, '72': 6239, '96': 6279, '120': 9860, '144': 13590}",136,0,1304.1547250098356,1863.0781785854797,7121.20998960896,0,0.05,18379,E,6.960093753000024,6.9600034009999945,42.0,0.0,0.9,conditional,0.0,0.0,0.0,0.0,0.0,0.0,0.006850865107802835,0.006825508617848455,0.006756478890793209,0.006846514700785749,0.006737711904848501,0.006784158886163476
seed43_c0_l0.9,19250.39656271192,29250.39656271192,1.3581323601201036,0.2068825421682433,13590,"{'1': 13589, '2': 13588, '3': 13588, '4': 13588, '5': 13589, '6': 13590, '24': 10756, '48': 7146, '72': 6239, '96': 6279, '120': 9860, '144': 13590}",171,0,1716.4811406713263,2452.115915244752,7044.198676764653,0,0.05,18379,E,6.462462932999983,6.462334732997988,43.0,0.0,0.9,conditional,0.0,0.0,0.0,0.0,0.0,0.0,0.006791476649401499,0.006775568148479968,0.006789498615348968,0.0066081802336396996,0.006771451824653425,0.00680483895520263
seed44_c0_l0.9,51031.279835048,61031.279835048,2.1147457046088487,0.246530734686095,13590,"{'1': 13589, '2': 13588, '3': 13588, '4': 13588, '5': 13589, '6': 13590, '24': 10756, '48': 7146, '72': 6239, '96': 6279, '120': 9860, '144': 13590}",163,0,3640.163773188601,5200.233961698002,18891.982819811743,0,0.05,18379,E,6.762863864999986,6.762538413000584,44.0,0.0,0.9,conditional,0.0,0.0,0.0,0.0,0.0,0.0,0.006789092536783858,0.006862805440376321,0.00677678895457438,0.006848984267492647,0.006705761624537843,0.006720722026183564
seed42_c0_l0.95,5427.622771254495,15427.622771254495,0.6086889509705635,0.4775116925995663,13590,"{'1': 13589, '2': 13588, '3': 13588, '4': 13588, '5': 13589, '6': 13590, '24': 10756, '48': 7146, '72': 6239, '96': 6279, '120': 9860, '144': 13590}",104,0,698.4373690392218,997.7676700560313,4848.429545333809,0,0.05,18379,E,6.851387411000019,6.851173244001984,42.0,0.0,0.95,conditional,0.0,0.0,0.0,0.0,0.0,0.0,0.007231468724902989,0.007204703541062258,0.007131838829170609,0.007226876628607177,0.0071120292328956366,0.007161056602061445
seed43_c0_l0.95,20751.813026556283,30751.813026556283,1.3872598148894004,0.2283034045516673,13590,"{'1': 13589, '2': 13588, '3': 13588, '4': 13588, '5': 13589, '6': 13590, '24': 10756, '48': 7146, '72': 6239, '96': 6279, '120': 9860, '144': 13590}",164,0,1504.8287685872247,2149.755383696035,6452.618147080581,0,0.05,18379,E,6.557901420000007,6.557796621993475,43.0,0.0,0.95,conditional,0.0,0.0,0.0,0.0,0.0,0.0,0.007168780907701579,0.007151988601173295,0.007166692982868352,0.006975301357730793,0.007147643592689726,0.007182885563824997
seed44_c0_l0.95,96327.59854273841,106327.59854273841,2.743159768369977,0.2711197347112959,13590,"{'1': 13589, '2': 13588, '3': 13588, '4': 13588, '5': 13589, '6': 13590, '24': 10756, '48': 7146, '72': 6239, '96': 6279, '120': 9860, '144': 13590}",138,0,3348.9772541873253,4784.2532202676075,24484.23599222715,0,0.05,18379,E,6.666509959999985,6.666323052995722,44.0,0.0,0.95,conditional,0.0,0.0,0.0,0.0,0.0,0.0,0.007166264344382959,0.0072440724092861135,0.007153277229828511,0.00722948339346446,0.007078303937012163,0.007094095472082649
seed42_c0_l1.05,-1398.0543175751118,8601.945682424888,0.00422512815407744,0.4127296237783157,13590,"{'1': 13589, '2': 13588, '3': 13588, '4': 13588, '5': 13589, '6': 13590, '24': 10756, '48': 7146, '72': 6239, '96': 6279, '120': 9860, '144': 13590}",86,0,451.0975421774585,644.4250602535121,3760.7000755546305,0,0.05,18379,E,6.7262217110001075,6.726491908993921,42.0,0.0,1.05,conditional,0.0,0.0,0.0,0.0,0.0,0.0,0.007992675959103307,0.007963093387489866,0.007882558705925411,0.007987600484250037,0.007860663888989917,0.007914852033857387
seed43_c0_l1.05,7605.496974935064,17605.496974935064,0.7645557326766504,0.318150244281619,13590,"{'1': 13589, '2': 13588, '3': 13588, '4': 13588, '5': 13589, '6': 13590, '24': 10756, '48': 7146, '72': 6239, '96': 6279, '120': 9860, '144': 13590}",127,0,878.3387480491701,1254.769640070243,5673.6181622066,0,0.05,18379,E,6.757899296000005,6.758035821003432,43.0,0.0,1.05,conditional,0.0,0.0,0.0,0.0,0.0,0.0,0.00792338942430175,0.007904829506559961,0.007921081717907128,0.007709543605912985,0.007900027128762331,0.007938978781069736
seed44_c0_l1.05,28724.716297741506,38724.71629774151,1.5864741821602018,0.21164701271165676,13590,"{'1': 13589, '2': 13588, '3': 13588, '4': 13588, '5': 13589, '6': 13590, '24': 10756, '48': 7146, '72': 6239, '96': 6279, '120': 9860, '144': 13590}",93,0,1422.2267820402583,2031.7525457717975,11442.575213065622,0,0.05,18379,E,6.726093466000066,6.725935952999862,44.0,0.0,1.05,conditional,0.0,0.0,0.0,0.0,0.0,0.0,0.007920607959581168,0.008006606347105705,0.007906253780336778,0.00799048164540809,0.007823388561960815,0.007840842363880824
seed42_c0_l1.1,847.7673929766879,10847.767392976688,0.24598568130847526,0.3217775895901511,13590,"{'1': 13589, '2': 13588, '3': 13588, '4': 13588, '5': 13589, '6': 13590, '24': 10756, '48': 7146, '72': 6239, '96': 6279, '120': 9860, '144': 13590}",84,0,521.1348749471624,744.4783927816607,4684.411870786772,0,0.05,18379,E,6.858248271000093,6.8591990349959815,42.0,0.0,1.1,conditional,0.0,0.0,0.0,0.0,0.0,0.0,0.008373279576203463,0.008342288310703666,0.008257918644302812,0.008367962412071469,0.008234981217037057,0.008291749749755358
seed43_c0_l1.1,7781.031230140361,17781.03123014036,0.7717183925864649,0.22993426485464763,13590,"{'1': 13589, '2': 13588, '3': 13588, '4': 13588, '5': 13589, '6': 13590, '24': 10756, '48': 7146, '72': 6239, '96': 6279, '120': 9860, '144': 13590}",115,0,906.2867085594319,1294.6952979420455,6125.535185178817,0,0.05,18379,E,6.795137186999909,6.7951935669989325,43.0,0.0,1.1,conditional,0.0,0.0,0.0,0.0,0.0,0.0,0.00830069368260183,0.008281249959253292,0.008298276085426515,0.008076664730004077,0.008276218896798632,0.008317025389692104
seed44_c0_l1.1,26796.834967046183,36796.83496704618,1.5310054516099711,0.3440420744555561,13590,"{'1': 13589, '2': 13588, '3': 13588, '4': 13588, '5': 13589, '6': 13590, '24': 10756, '48': 7146, '72': 6239, '96': 6279, '120': 9860, '144': 13590}",91,0,1042.6474227338904,1489.496318191272,9397.228075630706,0,0.05,18379,E,6.680608964999919,6.680539637993206,44.0,0.0,1.1,conditional,0.0,0.0,0.0,0.0,0.0,0.0,0.00829777976718027,0.008387873316015499,0.00828274205559091,0.008370980771379901,0.008195930874435141,0.00821421580977991
seed42_c0_l1.25,9486.76540035136,19486.76540035136,0.857274082219875,0.3270373401838912,13590,"{'1': 13589, '2': 13588, '3': 13588, '4': 13588, '5': 13589, '6': 13590, '24': 10756, '48': 7146, '72': 6239, '96': 6279, '120': 9860, '144': 13590}",83,0,669.8369711428807,956.9099587755438,6849.528769378827,0,0.05,18379,E,6.790739192000046,6.7905324429957545,42.0,0.0,1.25,conditional,0.0,0.0,0.0,0.0,0.0,0.0,0.009515090427503935,0.009479873080345074,0.009383998459435012,0.009509048195535757,0.009357933201178472,0.009422442897449269
seed43_c0_l1.25,33727.863640086616,43727.863640086616,1.7105986527786359,0.2127562692708097,13590,"{'1': 13589, '2': 13588, '3': 13588, '4': 13588, '5': 13589, '6': 13590, '24': 10756, '48': 7146, '72': 6239, '96': 6279, '120': 9860, '144': 13590}",88,0,1094.661067073607,1563.8015243908674,9697.264088533466,0,0.05,18379,E,6.833631599,6.833518760999141,43.0,0.0,1.25,conditional,0.0,0.0,0.0,0.0,0.0,0.0,0.009432606457502081,0.009410511317333286,0.009429859187984677,0.009178028102277356,0.009404794200907536,0.009451165215559207
seed44_c0_l1.25,25432.10057432358,35432.10057432358,1.4816936903735631,0.3596353736698953,13590,"{'1': 13589, '2': 13588, '3': 13588, '4': 13588, '5': 13589, '6': 13590, '24': 10756, '48': 7146, '72': 6239, '96': 6279, '120': 9860, '144': 13590}",98,0,933.3348193322122,1333.3354561888746,6872.039886734647,0,0.05,18379,E,6.918011172999968,6.917684104999353,44.0,0.0,1.25,conditional,0.0,0.0,0.0,0.0,0.0,0.0,0.00942929518997758,0.009531674222744885,0.009412206881353304,0.009512478149295343,0.009313557811858112,0.00933433614747717
seed42_c0_l1.5,15194.010369994496,25194.010369994496,1.1532989295827307,0.32088999970713505,13590,"{'1': 13589, '2': 13588, '3': 13588, '4': 13588, '5': 13589, '6': 13590, '24': 10756, '48': 7146, '72': 6239, '96': 6279, '120': 9860, '144': 13590}",99,0,1197.572247132156,1710.81749590308,8289.50948190068,0,0.05,18379,E,6.936818072000051,6.937309916000231,42.0,0.0,1.5,conditional,0.0,0.0,0.0,0.0,0.0,0.0,0.01141810851300472,0.01137584769641409,0.011260798151322015,0.01141085783464291,0.01122951984141417,0.011306931476939125
seed43_c0_l1.5,1146.6474830759435,11146.647483075943,0.2735231147333551,0.37036374544604334,13590,"{'1': 13589, '2': 13588, '3': 13588, '4': 13588, '5': 13589, '6': 13590, '24': 10756, '48': 7146, '72': 6239, '96': 6279, '120': 9860, '144': 13590}",76,0,517.4879449933253,739.2684928476076,5466.06576098021,0,0.05,18379,E,6.77495960400006,6.775089581999055,43.0,0.0,1.5,conditional,0.0,0.0,0.0,0.0,0.0,0.0,0.011319127749002495,0.011292613580799945,0.011315831025581613,0.011013633722732832,0.011285753041089044,0.011341398258671047
seed44_c0_l1.5,-2171.2655161327575,7828.7344838672425,-0.07742431681540807,0.5089965448565201,13590,"{'1': 13589, '2': 13588, '3': 13588, '4': 13588, '5': 13589, '6': 13590, '24': 10756, '48': 7146, '72': 6239, '96': 6279, '120': 9860, '144': 13590}",46,0,235.29193135513972,336.1313305073425,3888.8265554687096,0,0.05,18379,E,6.807535164000001,6.807534809995559,44.0,0.0,1.5,conditional,0.0,0.0,0.0,0.0,0.0,0.0,0.011315154227973098,0.011438009067293866,0.011294648257623966,0.011414973779154408,0.011176269374229735,0.011201203376972604
seed42_c0_l1.75,-1590.0691562428256,8409.930843757174,-0.003675092253487996,0.6666083336724735,13590,"{'1': 13589, '2': 13588, '3': 13588, '4': 13588, '5': 13589, '6': 13590, '24': 10756, '48': 7146, '72': 6239, '96': 6279, '120': 9860, '144': 13590}",42,0,198.69902230991272,283.8557461570182,3108.1151823894897,0,0.05,18379,E,6.858754143999931,6.858690428001864,42.0,0.0,1.75,conditional,0.0,0.0,0.0,0.0,0.0,0.0,0.013321126598505508,0.013271822312483106,0.013137597843209016,0.013312667473750062,0.013101106481649862,0.01319142005642898
seed43_c0_l1.75,7687.795683719833,17687.795683719833,0.7435063660947365,0.45743728201907974,13590,"{'1': 13589, '2': 13588, '3': 13588, '4': 13588, '5': 13589, '6': 13590, '24': 10756, '48': 7146, '72': 6239, '96': 6279, '120': 9860, '144': 13590}",83,0,768.5132192441793,1097.8760274916847,9332.92395401833,0,0.05,18379,E,6.747756409999965,6.747841652002535,43.0,0.0,1.75,conditional,0.0,0.0,0.0,0.0,0.0,0.0,0.013205649040502913,0.0131747158442666,0.013201802863178546,0.012849239343188304,0.01316671188127055,0.013231631301782896
seed44_c0_l1.75,-3485.3263476776883,6514.673652322312,-0.2714843136952169,0.6211410790708717,13590,"{'1': 13589, '2': 13588, '3': 13588, '4': 13588, '5': 13589, '6': 13590, '24': 10756, '48': 7146, '72': 6239, '96': 6279, '120': 9860, '144': 13590}",65,0,266.15572055689887,380.222457938427,3270.86045578766,0,0.05,18379,E,6.802400915999897,6.802590228995541,44.0,0.0,1.75,conditional,0.0,0.0,0.0,0.0,0.0,0.0,0.013201013265968613,0.013344343911842842,0.013177089633894625,0.013317469409013481,0.01303898093660136,0.013068070606468038
seed42_c0_l2,195.46259165501579,10195.462591655016,0.18217365540538688,0.519558471039866,13590,"{'1': 13589, '2': 13588, '3': 13588, '4': 13588, '5': 13589, '6': 13590, '24': 10756, '48': 7146, '72': 6239, '96': 6279, '120': 9860, '144': 13590}",62,0,398.9356087086871,569.9080124409816,5041.422141671276,0,0.05,18379,E,6.708241032999922,6.708304325002246,42.0,0.0,2.0,conditional,0.0,0.0,0.0,0.0,0.0,0.0,0.015224144684006296,0.015167796928552121,0.015014397535096018,0.015214477112857212,0.014972693121885556,0.015075908635918836
seed43_c0_l2,3288.337714869247,13288.337714869247,0.45299990452318234,0.45076794545186216,13590,"{'1': 13589, '2': 13588, '3': 13588, '4': 13588, '5': 13589, '6': 13590, '24': 10756, '48': 7146, '72': 6239, '96': 6279, '120': 9860, '144': 13590}",47,0,347.075084238562,495.8215489122315,6570.158683138979,0,0.05,18379,E,6.827423788000033,6.82749822599726,43.0,0.0,2.0,conditional,0.0,0.0,0.0,0.0,0.0,0.0,0.01509217033200333,0.015056818107733258,0.015087774700775481,0.014684844963643775,0.015047670721452059,0.015121864344894735
seed44_c0_l2,-759.6358866873052,9240.364113312695,0.08629913535871386,0.4150168758493099,13590,"{'1': 13589, '2': 13588, '3': 13588, '4': 13588, '5': 13589, '6': 13590, '24': 10756, '48': 7146, '72': 6239, '96': 6279, '120': 9860, '144': 13590}",33,0,162.54633926661455,232.20905609516365,4300.738430868302,0,0.05,18379,E,6.922456483000133,6.9265890209935606,44.0,0.0,2.0,conditional,0.0,0.0,0.0,0.0,0.0,0.0,0.015086872303964128,0.015250678756391819,0.01505953101016529,0.015219965038872546,0.01490169249897298,0.014934937835963473
seed42_c0_l2.5,-2456.6774110886054,7543.322588911395,-0.13319947439376,0.3975542571744358,13590,"{'1': 13589, '2': 13588, '3': 13588, '4': 13588, '5': 13589, '6': 13590, '24': 10756, '48': 7146, '72': 6239, '96': 6279, '120': 9860, '144': 13590}",23,0,124.06068597227055,177.22955138895793,4075.378354454384,0,0.05,18379,E,6.803608133000125,6.803937754004437,42.0,0.0,2.5,conditional,0.0,0.0,0.0,0.0,0.0,0.0,0.019030180855007867,0.018959746160690148,0.018767996918870024,0.019018096391071517,0.01871586640235694,0.01884488579489854
seed43_c0_l2.5,8345.85968031229,18345.85968031229,0.795563240463424,0.33905803621038855,13590,"{'1': 13589, '2': 13588, '3': 13588, '4': 13588, '5': 13589, '6': 13590, '24': 10756, '48': 7146, '72': 6239, '96': 6279, '120': 9860, '144': 13590}",48,0,427.6669859522618,610.9528370746598,6990.728641529044,0,0.05,18379,E,6.862426446999962,6.86254112500319,43.0,0.0,2.5,conditional,0.0,0.0,0.0,0.0,0.0,0.0,0.018865212915004162,0.01882102263466657,0.01885971837596935,0.01835605620455472,0.018809588401815073,0.018902330431118417
seed44_c0_l2.5,-361.1352923954619,9638.864707604538,0.1250267089400296,0.5070453785981186,13590,"{'1': 13589, '2': 13588, '3': 13588, '4': 13588, '5': 13589, '6': 13590, '24': 10756, '48': 7146, '72': 6239, '96': 6279, '120': 9860, '144': 13590}",50,0,316.5917793589063,452.27397051272334,4392.01843879425,0,0.05,18379,E,6.89836916399986,6.898668016998272,44.0,0.0,2.5,conditional,0.0,0.0,0.0,0.0,0.0,0.0,0.01885859037995516,0.019063348445489774,0.018824413762706608,0.019024956298590683,0.018627115623716224,0.01866867229495434
seed42_c0_l3,4484.864636635748,14484.864636635748,0.5437931742675742,0.3915537478634865,13590,"{'1': 13589, '2': 13588, '3': 13588, '4': 13588, '5': 13589, '6': 13590, '24': 10756, '48': 7146, '72': 6239, '96': 6279, '120': 9860, '144': 13590}",34,0,275.18673579121014,393.1239082731574,6492.827415141257,0,0.05,18379,E,6.868178912999838,6.868599699002516,42.0,0.0,3.0,conditional,0.0,0.0,0.0,0.0,0.0,0.0,0.022836217026009444,0.02275169539282818,0.022521596302644033,0.02282171566928582,0.022459039682828332,0.02261386295387825
seed43_c0_l3,-4898.148970241458,5101.851029758542,-0.5146186659655074,0.6495730763414775,13590,"{'1': 13589, '2': 13588, '3': 13588, '4': 13588, '5': 13589, '6': 13590, '24': 10756, '48': 7146, '72': 6239, '96': 6279, '120': 9860, '144': 13590}",39,0,198.4382329531357,283.483189933051,3408.570255239756,0,0.05,18379,E,7.177296455000032,7.177934565996111,43.0,0.0,3.0,conditional,0.0,0.0,0.0,0.0,0.0,0.0,0.02263825549800499,0.02258522716159989,0.02263166205116322,0.02202726744546566,0.02257150608217809,0.022682796517342105
seed44_c0_l3,1669.3082244159705,11669.30822441597,0.3210805541162003,0.5404311366173908,13590,"{'1': 13589, '2': 13588, '3': 13588, '4': 13588, '5': 13589, '6': 13590, '24': 10756, '48': 7146, '72': 6239, '96': 6279, '120': 9860, '144': 13590}",30,0,268.48202562536125,383.5457508933732,6850.328214094203,0,0.05,18379,E,6.802620047999881,6.802614333995734,44.0,0.0,3.0,conditional,0.0,0.0,0.0,0.0,0.0,0.0,0.022630308455946192,0.02287601813458773,0.022589296515247933,0.02282994755830882,0.02235253874845947,0.022402406753945208
seed42_c0.05_l0,588252.5654448192,598252.5654448192,6.078915108930706,0.07385802853476542,13590,"{'1': 13589, '2': 13588, '3': 13588, '4': 13588, '5': 13589, '6': 13590, '24': 10756, '48': 7146, '72': 6239, '96': 6279, '120': 9860, '144': 13590}",417,0,34479.61345397086,49256.5906485298,29537.922343804836,0,0.05,18379,E,5.449680242999875,5.449571162003849,42.0,0.05,0.0,conditional,8.564980409084406e-05,8.609391121332152e-05,8.548120548173099e-05,8.627284243616764e-05,8.503928701085583e-05,8.545155003425689e-05,0.0,0.0,0.0,0.0,0.0,0.0
seed43_c0.05_l0,578973.407164077,588973.407164077,6.082121163065575,0.07385802853476586,13590,"{'1': 13589, '2': 13588, '3': 13588, '4': 13588, '5': 13589, '6': 13590, '24': 10756, '48': 7146, '72': 6239, '96': 6279, '120': 9860, '144': 13590}",417,0,34430.86754564449,49186.953636634986,29704.815226432,0,0.05,18379,E,5.560732672000086,5.5606692869987455,43.0,0.05,0.0,conditional,8.540433619310514e-05,8.551164339154133e-05,8.559218163380313e-05,8.54756355344935e-05,8.576649946449494e-05,8.472536182202579e-05,0.0,0.0,0.0,0.0,0.0,0.0
seed44_c0.05_l0,619357.7065235472,629357.7065235472,6.202015791644425,0.0782883934263634,13590,"{'1': 13589, '2': 13588, '3': 13588, '4': 13588, '5': 13589, '6': 13590, '24': 10756, '48': 7146, '72': 6239, '96': 6279, '120': 9860, '144': 13590}",417,0,34612.21393044369,49446.019900633844,30576.664277318396,0,0.05,18379,E,5.556717876999983,5.5568705149999005,44.0,0.05,0.0,conditional,8.65510164432211e-05,8.597350047018904e-05,8.489252312519052e-05,8.726100773805152e-05,8.5848225795052e-05,8.57215428898536e-05,0.0,0.0,0.0,0.0,0.0,0.0
seed42_c0.1_l0,590291.1718338579,600291.1718338579,6.085739703911441,0.06604737634018876,13590,"{'1': 13589, '2': 13588, '3': 13588, '4': 13588, '5': 13589, '6': 13590, '24': 10756, '48': 7146, '72': 6239, '96': 6279, '120': 9860, '144': 13590}",417,0,34551.218506355355,49358.88358050765,29552.88069437833,0,0.05,18379,E,5.511562022000135,5.511627952000708,42.0,0.1,0.0,conditional,0.000171299608181686,0.00017218782242664162,0.00017096241096346119,0.00017254568487233497,0.0001700785740217117,0.00017090310006851183,0.0,0.0,0.0,0.0,0.0,0.0
seed43_c0.1_l0,598615.1479138483,608615.1479138483,6.101847540317669,0.07828839342636407,13590,"{'1': 13589, '2': 13588, '3': 13588, '4': 13588, '5': 13589, '6': 13590, '24': 10756, '48': 7146, '72': 6239, '96': 6279, '120': 9860, '144': 13590}",416,0,34840.42457555379,49772.03510793399,30193.7844874455,0,0.05,18379,E,5.460223538999799,5.460334468996734,43.0,0.1,0.0,conditional,0.0001708086723862104,0.0001710232867830827,0.00017118436326760673,0.00017095127106898778,0.0001715329989289885,0.00016945072364405264,0.0,0.0,0.0,0.0,0.0,0.0
seed44_c0.1_l0,632249.2158035908,642249.2158035908,6.238068283835297,0.07828839342636418,13590,"{'1': 13589, '2': 13588, '3': 13588, '4': 13588, '5': 13589, '6': 13590, '24': 10756, '48': 7146, '72': 6239, '96': 6279, '120': 9860, '144': 13590}",415,0,34309.41805939908,49013.454370570114,31002.852562956206,0,0.05,18379,E,5.582908676999978,5.583165691001341,44.0,0.1,0.0,conditional,0.00017310203288644117,0.00017194700094037385,0.00016978504625037936,0.00017452201547610502,0.00017169645159010336,0.0001714430857797097,0.0,0.0,0.0,0.0,0.0,0.0
seed42_c0.15_l0,596620.5794125495,606620.5794125495,6.118297075957323,0.06604737634018942,13590,"{'1': 13589, '2': 13588, '3': 13588, '4': 13588, '5': 13589, '6': 13590, '24': 10756, '48': 7146, '72': 6239, '96': 6279, '120': 9860, '144': 13590}",416,0,34700.37929047714,49571.97041496734,29623.26970735828,0,0.05,18379,E,5.471703951000109,5.471929115999956,42.0,0.15,0.0,conditional,0.0002569494122725284,0.00025828173363996303,0.00025644361644519255,0.00025881852730850335,0.0002551178610325669,0.00025635465010276804,0.0,0.0,0.0,0.0,0.0,0.0
seed43_c0.15_l0,584537.8840969501,594537.8840969501,6.105736964982238,0.051429239883354905,13590,"{'1': 13589, '2': 13588, '3': 13588, '4': 13588, '5': 13589, '6': 13590, '24': 10756, '48': 7146, '72': 6239, '96': 6279, '120': 9860, '144': 13590}",417,0,34720.96670611167,49601.38100873096,28680.024367341626,0,0.05,18379,E,5.455490485999917,5.455613379002898,43.0,0.15,0.0,conditional,0.00025621300857931557,0.0002565349301746245,0.0002567765449014092,0.00025642690660348345,0.00025729949839348165,0.0002541760854660787,0.0,0.0,0.0,0.0,0.0,0.0
seed44_c0.15_l0,603544.176511072,613544.176511072,6.187255208572563,0.054463984731313864,13590,"{'1': 13589, '2': 13588, '3': 13588, '4': 13588, '5': 13589, '6': 13590, '24': 10756, '48': 7146, '72': 6239, '96': 6279, '120': 9860, '144': 13590}",414,0,33849.16670729,48355.95243898572,29058.780931879028,0,0.05,18379,E,5.536307036000153,5.536870878000627,44.0,0.15,0.0,conditional,0.0002596530493296634,0.0002579205014105628,0.00025467756937556945,0.0002617830232141549,0.00025754467738515633,0.00025716462866956394,0.0,0.0,0.0,0.0,0.0,0.0
seed42_c0.2_l0,583367.9857002754,593367.9857002754,6.116495540319384,0.06490950992781397,13590,"{'1': 13589, '2': 13588, '3': 13588, '4': 13588, '5': 13589, '6': 13590, '24': 10756, '48': 7146, '72': 6239, '96': 6279, '120': 9860, '144': 13590}",420,0,34906.72822719639,49866.75461028056,28770.65689822968,0,0.05,18379,E,5.550422383000068,5.550469194997277,42.0,0.2,0.0,conditional,0.00034259921636337114,0.0003443756448532831,0.00034192482192692313,0.00034509136974467054,0.00034015714804342274,0.0003418062001370244,0.0,0.0,0.0,0.0,0.0,0.0
seed43_c0.2_l0,593473.0032726647,603473.0032726647,6.125946720972171,0.051429239883354794,13590,"{'1': 13589, '2': 13588, '3': 13588, '4': 13588, '5': 13589, '6': 13590, '24': 10756, '48': 7146, '72': 6239, '96': 6279, '120': 9860, '144': 13590}",416,0,34661.03908567281,49515.77012238973,28725.220339647578,0,0.05,18379,E,5.5972921029999725,5.5973025530038285,43.0,0.2,0.0,conditional,0.0003416173447724209,0.00034204657356616606,0.0003423687265352107,0.00034190254213797887,0.000343065997857976,0.00033890144728810495,0.0,0.0,0.0,0.0,0.0,0.0
seed44_c0.2_l0,608370.2434515001,618370.2434515001,6.189914482208715,0.051429239883354905,13590,"{'1': 13589, '2': 13588, '3': 13588, '4': 13588, '5': 13589, '6': 13590, '24': 10756, '48': 7146, '72': 6239, '96': 6279, '120': 9860, '144': 13590}",414,0,33881.118204659935,48401.597435228476,28734.206736269552,0,0.05,18379,E,5.6524334799999,5.652763279002102,44.0,0.2,0.0,conditional,0.00034620406577288233,0.00034389400188074943,0.00033957009250075855,0.0003490440309522073,0.00034339290318020796,0.0003428861715594182,0.0,0.0,0.0,0.0,0.0,0.0
seed42_c0.3_l0,584952.0999004203,594952.0999004203,6.18876263188234,0.06490950992781463,13590,"{'1': 13589, '2': 13588, '3': 13588, '4': 13588, '5': 13589, '6': 13590, '24': 10756, '48': 7146, '72': 6239, '96': 6279, '120': 9860, '144': 13590}",422,0,35308.248483774834,50440.354976821196,27664.629001969515,0,0.05,18379,E,5.482624169000019,5.483001818000048,42.0,0.3,0.0,conditional,0.0005138988245450563,0.0005165634672799252,0.0005128872328903847,0.0005176370546170056,0.000510235722065133,0.0005127093002055356,0.0,0.0,0.0,0.0,0.0,0.0
seed43_c0.3_l0,567238.5184210065,577238.5184210065,6.062314337348515,0.06580309931919648,13590,"{'1': 13589, '2': 13588, '3': 13588, '4': 13588, '5': 13589, '6': 13590, '24': 10756, '48': 7146, '72': 6239, '96': 6279, '120': 9860, '144': 13590}",419,0,34388.29919720905,49126.141710298645,27406.917265162017,0,0.05,18379,E,5.584926259999975,5.584986180001579,43.0,0.3,0.0,conditional,0.000512426017158632,0.000513069860349249,0.0005135530898028166,0.0005128538132069665,0.0005145989967869642,0.0005083521709321565,0.0,0.0,0.0,0.0,0.0,0.0
seed44_c0.3_l0,575373.3825990832,585373.3825990832,6.1514255912409075,0.051429239883354794,13590,"{'1': 13589, '2': 13588, '3': 13588, '4': 13588, '5': 13589, '6': 13590, '24': 10756, '48': 7146, '72': 6239, '96': 6279, '120': 9860, '144': 13590}",418,0,34294.99150435219,48992.845006217416,26736.188434255615,0,0.05,18379,E,5.561671640999975,5.561696133001533,44.0,0.3,0.0,conditional,0.0005193060986593236,0.0005158410028211237,0.0005093551387511378,0.0005235660464283125,0.0005150893547703113,0.0005143292573391274,0.0,0.0,0.0,0.0,0.0,0.0
seed42_c0.4_l0,509519.9934182757,519519.9934182757,5.981600452219093,0.06490950992781441,13590,"{'1': 13589, '2': 13588, '3': 13588, '4': 13588, '5': 13589, '6': 13590, '24': 10756, '48': 7146, '72': 6239, '96': 6279, '120': 9860, '144': 13590}",428,0,35132.62314951389,50189.4616421627,24117.332326659813,0,0.05,18379,E,5.246002249999947,5.2463740299936035,42.0,0.4,0.0,conditional,0.0006851984327267407,0.0006887512897065667,0.0006838496438538459,0.0006901827394893412,0.0006803142960868444,0.0006836124002740478,0.0,0.0,0.0,0.0,0.0,0.0
seed43_c0.4_l0,471689.03490897873,481689.03490897873,5.876608045495437,0.0634794904172018,13590,"{'1': 13589, '2': 13588, '3': 13588, '4': 13588, '5': 13589, '6': 13590, '24': 10756, '48': 7146, '72': 6239, '96': 6279, '120': 9860, '144': 13590}",424,0,33300.75361883383,47572.50516976261,23674.621028482637,0,0.05,18379,E,5.265876783999829,5.2661758870017366,43.0,0.4,0.0,conditional,0.0006832346895448426,0.0006840931471323319,0.0006847374530704223,0.0006838050842759558,0.0006861319957159519,0.0006778028945762085,0.0,0.0,0.0,0.0,0.0,0.0
seed44_c0.4_l0,505185.85118620825,515185.85118620825,5.823975608658972,0.06347949041720147,13590,"{'1': 13589, '2': 13588, '3': 13588, '4': 13588, '5': 13589, '6': 13590, '24': 10756, '48': 7146, '72': 6239, '96': 6279, '120': 9860, '144': 13590}",422,0,34292.593042416745,48989.41863202393,25020.238572464223,0,0.05,18379,E,5.284314019000021,5.284776475004037,44.0,0.4,0.0,conditional,0.0006924081315457659,0.0006877880037614981,0.0006791401850015174,0.0006980880619044149,0.0006867858063604146,0.0006857723431188353,0.0,0.0,0.0,0.0,0.0,0.0
seed42_c0.5_l0,454687.90550811274,464687.90550811274,5.744879286625369,0.06009204239996502,13590,"{'1': 13589, '2': 13588, '3': 13588, '4': 13588, '5': 13589, '6': 13590, '24': 10756, '48': 7146, '72': 6239, '96': 6279, '120': 9860, '144': 13590}",432,0,33760.10420116708,48228.72028738155,21195.29479861343,0,0.05,18379,E,5.060471147000044,5.060587598003622,42.0,0.5,0.0,conditional,0.0008564980409084278,0.0008609391121332081,0.0008548120548173068,0.0008627284243616751,0.0008503928701085568,0.0008545155003425599,0.0,0.0,0.0,0.0,0.0,0.0
seed43_c0.5_l0,452525.4911744623,462525.4911744623,5.780608998153364,0.05533192047274316,13590,"{'1': 13589, '2': 13588, '3': 13588, '4': 13588, '5': 13589, '6': 13590, '24': 10756, '48': 7146, '72': 6239, '96': 6279, '120': 9860, '144': 13590}",432,0,33731.59761379386,48187.99659113409,21467.970311488934,0,0.05,18379,E,5.050129401000049,5.050428909999027,43.0,0.5,0.0,conditional,0.0008540433619310528,0.0008551164339154147,0.0008559218163380284,0.0008547563553449443,0.0008576649946449394,0.0008472536182202616,0.0,0.0,0.0,0.0,0.0,0.0
seed44_c0.5_l0,483497.4384997968,493497.4384997968,5.7792416709098005,0.054089373954151365,13590,"{'1': 13589, '2': 13588, '3': 13588, '4': 13588, '5': 13589, '6': 13590, '24': 10756, '48': 7146, '72': 6239, '96': 6279, '120': 9860, '144': 13590}",434,0,34133.23400440652,48761.762863437885,21968.600732476258,0,0.05,18379,E,5.182167649999883,5.182468177001283,44.0,0.5,0.0,conditional,0.0008655101644322072,0.000859735004701874,0.0008489252312518973,0.0008726100773805189,0.0008584822579505174,0.0008572154288985451,0.0,0.0,0.0,0.0,0.0,0.0
seed42_c0.6_l0,341948.1468858117,351948.1468858117,5.413623360466101,0.051429239883354794,13590,"{'1': 13589, '2': 13588, '3': 13588, '4': 13588, '5': 13589, '6': 13590, '24': 10756, '48': 7146, '72': 6239, '96': 6279, '120': 9860, '144': 13590}",443,0,31583.409137878083,45119.155911254406,17126.649659338378,0,0.05,18379,E,4.884660674000088,4.885187315005169,42.0,0.6,0.0,conditional,0.0010277976490901115,0.0010331269345598495,0.0010257744657807691,0.0010352741092340104,0.0010204714441302686,0.001025418600411073,0.0,0.0,0.0,0.0,0.0,0.0
seed43_c0.6_l0,332318.86435866915,342318.86435866915,5.315792891355566,0.0553319204727426,13590,"{'1': 13589, '2': 13588, '3': 13588, '4': 13588, '5': 13589, '6': 13590, '24': 10756, '48': 7146, '72': 6239, '96': 6279, '120': 9860, '144': 13590}",439,0,30755.95747554526,43937.0821079218,16799.068162046387,0,0.05,18379,E,4.970963702000063,4.971241183993698,43.0,0.6,0.0,conditional,0.0010248520343172636,0.001026139720698498,0.0010271061796056336,0.001025707626413933,0.0010291979935739284,0.0010167043418643138,0.0,0.0,0.0,0.0,0.0,0.0
seed44_c0.6_l0,394648.67447727924,404648.67447727924,5.539034223181836,0.051429239883354905,13590,"{'1': 13589, '2': 13588, '3': 13588, '4': 13588, '5': 13589, '6': 13590, '24': 10756, '48': 7146, '72': 6239, '96': 6279, '120': 9860, '144': 13590}",437,0,31964.068515059185,45662.955021513124,17947.015564801426,0,0.05,18379,E,5.093639223000082,5.093734500995197,44.0,0.6,0.0,conditional,0.0010386121973186486,0.001031682005642248,0.0010187102775022782,0.0010471320928566229,0.0010301787095406219,0.001028658514678253,0.0,0.0,0.0,0.0,0.0,0.0
seed42_c0.75_l0,237493.97739066306,247493.97739066306,4.9235117943269495,0.09694014959126451,13590,"{'1': 13589, '2': 13588, '3': 13588, '4': 13588, '5': 13589, '6': 13590, '24': 10756, '48': 7146, '72': 6239, '96': 6279, '120': 9860, '144': 13590}",443,0,26069.000978116335,37241.42996873762,12906.24041176743,0,0.05,18379,E,4.6695337179999115,4.669913385994732,42.0,0.75,0.0,conditional,0.0012847470613626397,0.0012914086681998123,0.0012822180822259618,0.0012940926365425144,0.001275589305162835,0.0012817732505138403,0.0,0.0,0.0,0.0,0.0,0.0
seed43_c0.75_l0,292396.5879436608,302396.5879436608,5.2078269567662385,0.06099654410609323,13590,"{'1': 13589, '2': 13588, '3': 13588, '4': 13588, '5': 13589, '6': 13590, '24': 10756, '48': 7146, '72': 6239, '96': 6279, '120': 9860, '144': 13590}",441,0,29862.962026637797,42661.37432376829,14347.952275255928,0,0.05,18379,E,4.938621387000012,4.938974446995417,43.0,0.75,0.0,conditional,0.00128106504289658,0.0012826746508731225,0.001283882724507041,0.0012821345330174174,0.0012864974919674097,0.0012708804273303912,0.0,0.0,0.0,0.0,0.0,0.0
seed44_c0.75_l0,178553.3989255591,188553.3989255591,4.613898109915421,0.05572485312377484,13590,"{'1': 13589, '2': 13588, '3': 13588, '4': 13588, '5': 13589, '6': 13590, '24': 10756, '48': 7146, '72': 6239, '96': 6279, '120': 9860, '144': 13590}",447,0,22889.707246216,32699.581780308574,9887.81047644467,0,0.05,18379,E,4.623067405000029,4.623391469001945,44.0,0.75,0.0,conditional,0.0012982652466483103,0.0012896025070528085,0.0012733878468778467,0.0013089151160707796,0.0012877233869257763,0.0012858231433478173,0.0,0.0,0.0,0.0,0.0,0.0
seed42_c0.9_l0,142321.7854697698,152321.7854697698,4.289026261500185,0.09699261556447814,13590,"{'1': 13589, '2': 13588, '3': 13588, '4': 13588, '5': 13589, '6': 13590, '24': 10756, '48': 7146, '72': 6239, '96': 6279, '120': 9860, '144': 13590}",452,0,21581.612795285397,30830.875421836285,8047.592753426667,0,0.05,18379,E,4.6534782159999395,4.653591328999028,42.0,0.9,0.0,conditional,0.0015416964736351675,0.0015496904018397753,0.001538661698671154,0.001552911163851017,0.0015307071661954028,0.0015381279006166084,0.0,0.0,0.0,0.0,0.0,0.0
seed43_c0.9_l0,201295.46712129543,211295.46712129543,4.779761680579792,0.052374030488880785,13590,"{'1': 13589, '2': 13588, '3': 13588, '4': 13588, '5': 13589, '6': 13590, '24': 10756, '48': 7146, '72': 6239, '96': 6279, '120': 9860, '144': 13590}",452,0,26635.347986180477,38050.49712311497,10849.657270436615,0,0.05,18379,E,4.605175793999933,4.605284607001522,43.0,0.9,0.0,conditional,0.0015372780514758943,0.0015392095810477463,0.00154065926940845,0.0015385614396209002,0.001543796990360891,0.00152505651279647,0.0,0.0,0.0,0.0,0.0,0.0
seed44_c0.9_l0,111818.79874877085,121818.79874877085,4.136790954909114,0.05963908341279123,13590,"{'1': 13589, '2': 13588, '3': 13588, '4': 13588, '5': 13589, '6': 13590, '24': 10756, '48': 7146, '72': 6239, '96': 6279, '120': 9860, '144': 13590}",449,0,16901.204580040638,24144.577971486626,6324.1915655743915,0,0.05,18379,E,4.419784616000015,4.420136779001041,44.0,0.9,0.0,conditional,0.0015579182959779719,0.0015475230084633711,0.0015280654162534147,0.0015706981392849349,0.0015452680643109325,0.0015429877720173815,0.0,0.0,0.0,0.0,0.0,0.0
seed42_c0.95_l0,151015.04340781347,161015.04340781347,4.386477685539907,0.06620873155899609,13590,"{'1': 13589, '2': 13588, '3': 13588, '4': 13588, '5': 13589, '6': 13590, '24': 10756, '48': 7146, '72': 6239, '96': 6279, '120': 9860, '144': 13590}",451,0,23136.857518678207,33052.65359811173,8679.636063134214,0,0.05,18379,E,4.613547000000153,4.613886475999607,42.0,0.95,0.0,conditional,0.0016273462777260104,0.0016357843130530953,0.0016241429041528841,0.0016391840062871842,0.0016157464532062574,0.001623579450650865,0.0,0.0,0.0,0.0,0.0,0.0
seed43_c0.95_l0,157725.70549637548,167725.70549637548,4.498597075500721,0.054116924292923474,13590,"{'1': 13589, '2': 13588, '3': 13588, '4': 13588, '5': 13589, '6': 13590, '24': 10756, '48': 7146, '72': 6239, '96': 6279, '120': 9860, '144': 13590}",452,0,22444.24616882518,32063.208812607398,8964.948361311766,0,0.05,18379,E,4.590692133000175,4.590888902006554,43.0,0.95,0.0,conditional,0.0016226823876689998,0.0016247212244392874,0.0016262514510422528,0.0016240370751553943,0.0016295634898253854,0.0016097818746184974,0.0,0.0,0.0,0.0,0.0,0.0
seed44_c0.95_l0,97742.02266477626,107742.02266477626,3.9890473262409114,0.07236756338446315,13590,"{'1': 13589, '2': 13588, '3': 13588, '4': 13588, '5': 13589, '6': 13590, '24': 10756, '48': 7146, '72': 6239, '96': 6279, '120': 9860, '144': 13590}",450,0,15865.689469226789,22665.270670323986,5666.3101374427215,0,0.05,18379,E,4.387332784999899,4.387554246000946,44.0,0.95,0.0,conditional,0.0016444693124211928,0.0016334965089335582,0.0016129579393786048,0.0016579591470229848,0.0016311162901059837,0.001628709314907236,0.0,0.0,0.0,0.0,0.0,0.0
seed42_c1.05_l0,68361.45027375042,78361.45027375042,3.494949820891288,0.09602072629373504,13590,"{'1': 13589, '2': 13588, '3': 13588, '4': 13588, '5': 13589, '6': 13590, '24': 10756, '48': 7146, '72': 6239, '96': 6279, '120': 9860, '144': 13590}",457,0,13056.904927908756,18652.721325583938,4232.000138517733,0,0.05,18379,E,4.221042168999929,4.221250624999811,42.0,1.05,0.0,conditional,0.0017986458859076964,0.0018079721354797376,0.0017951053151163468,0.0018117296911595194,0.0017858250272279686,0.001794482550719377,0.0,0.0,0.0,0.0,0.0,0.0
seed43_c1.05_l0,88651.2592314666,98651.2592314666,3.8072401108394054,0.06975874561718665,13590,"{'1': 13589, '2': 13588, '3': 13588, '4': 13588, '5': 13589, '6': 13590, '24': 10756, '48': 7146, '72': 6239, '96': 6279, '120': 9860, '144': 13590}",454,0,15587.326962495019,22267.609946421457,5458.809215542095,0,0.05,18379,E,4.3968760459999885,4.396800151000207,43.0,1.05,0.0,conditional,0.001793491060055211,0.0017957445112223708,0.0017974358143098593,0.0017949883462243846,0.0018010964887543726,0.0017792325982625482,0.0,0.0,0.0,0.0,0.0,0.0
seed44_c1.05_l0,67483.1014386295,77483.1014386295,3.5749474229777842,0.09029985180323163,13590,"{'1': 13589, '2': 13588, '3': 13588, '4': 13588, '5': 13589, '6': 13590, '24': 10756, '48': 7146, '72': 6239, '96': 6279, '120': 9860, '144': 13590}",452,0,12604.891328949394,18006.98761278485,4130.787317552545,0,0.05,18379,E,4.259264593000125,4.259557832003338,44.0,1.05,0.0,conditional,0.0018175713453076345,0.001805443509873933,0.0017827429856289842,0.0018324811624990894,0.0018028127416960878,0.0018001524006869443,0.0,0.0,0.0,0.0,0.0,0.0
seed42_c1.1_l0,59830.384716286484,69830.38471628648,3.3487972966784527,0.0998737084959822,13590,"{'1': 13589, '2': 13588, '3': 13588, '4': 13588, '5': 13589, '6': 13590, '24': 10756, '48': 7146, '72': 6239, '96': 6279, '120': 9860, '144': 13590}",457,0,11838.233434282967,16911.762048975666,3765.7702461804433,0,0.05,18379,E,4.224915681999846,4.225179932000174,42.0,1.1,0.0,conditional,0.0018842956899985381,0.001894066046693058,0.0018805865205980762,0.0018980025335956867,0.0018708643142388228,0.001879934100753633,0.0,0.0,0.0,0.0,0.0,0.0
seed43_c1.1_l0,80672.57592793323,90672.57592793323,3.6854128898524645,0.07291417376694076,13590,"{'1': 13589, '2': 13588, '3': 13588, '4': 13588, '5': 13589, '6': 13590, '24': 10756, '48': 7146, '72': 6239, '96': 6279, '120': 9860, '144': 13590}",454,0,14512.080069210844,20731.54295601549,5038.256393082499,0,0.05,18379,E,4.309872437999957,4.310026799001207,43.0,1.1,0.0,conditional,0.001878895396248316,0.0018812561546139122,0.0018830279959436624,0.0018804639817588788,0.0018868629882188676,0.0018639579600845742,0.0,0.0,0.0,0.0,0.0,0.0
seed44_c1.1_l0,58343.87329700544,68343.87329700544,3.4119193467901754,0.12343939676865079,13590,"{'1': 13589, '2': 13588, '3': 13588, '4': 13588, '5': 13589, '6': 13590, '24': 10756, '48': 7146, '72': 6239, '96': 6279, '120': 9860, '144': 13590}",452,0,11752.75369678955,16789.648138270786,3807.5962848916924,0,0.05,18379,E,4.184907998999961,4.184985431005771,44.0,1.1,0.0,conditional,0.0019041223617508557,0.0018914170103441197,0.001867635508754174,0.0019197421702371426,0.00188866096749114,0.001885873943576799,0.0,0.0,0.0,0.0,0.0,0.0
seed42_c1.25_l0,36131.488053473964,46131.488053473964,2.787804132186201,0.10840417950765369,13590,"{'1': 13589, '2': 13588, '3': 13588, '4': 13588, '5': 13589, '6': 13590, '24': 10756, '48': 7146, '72': 6239, '96': 6279, '120': 9860, '144': 13590}",460,0,8711.968639340721,12445.669484772458,2384.8670668387645,0,0.05,18379,E,4.144453161000001,4.144505411000864,42.0,1.25,0.0,conditional,0.002141245102271066,0.0021523477803330206,0.0021370301370432694,0.00215682106090419,0.002125982175271391,0.002136288750856401,0.0,0.0,0.0,0.0,0.0,0.0
seed43_c1.25_l0,46910.97013722919,56910.97013722919,3.06766773203443,0.09242935184700596,13590,"{'1': 13589, '2': 13588, '3': 13588, '4': 13588, '5': 13589, '6': 13590, '24': 10756, '48': 7146, '72': 6239, '96': 6279, '120': 9860, '144': 13590}",459,0,10408.51501457943,14869.3071636849,2903.8915656739396,0,0.05,18379,E,4.17890139799988,4.179005093996238,43.0,1.25,0.0,conditional,0.002135108404827631,0.0021377910847885356,0.0021398045408450696,0.0021368908883623613,0.002144162486612349,0.002118134045550653,0.0,0.0,0.0,0.0,0.0,0.0
seed44_c1.25_l0,48056.27860264545,58056.27860264545,3.145782401264515,0.13399739625184015,13590,"{'1': 13589, '2': 13588, '3': 13588, '4': 13588, '5': 13589, '6': 13590, '24': 10756, '48': 7146, '72': 6239, '96': 6279, '120': 9860, '144': 13590}",456,0,10725.060932763914,15321.515618234163,3264.913344067146,0,0.05,18379,E,4.19215589800001,4.192237928000395,44.0,1.25,0.0,conditional,0.0021637754110805174,0.002149337511754682,0.0021223130781297447,0.002181525193451297,0.0021462056448762947,0.0021430385722463626,0.0,0.0,0.0,0.0,0.0,0.0
seed42_c1.5_l0,12262.430158654945,22262.430158654945,1.7542692263489799,0.14082955696248733,13590,"{'1': 13589, '2': 13588, '3': 13588, '4': 13588, '5': 13589, '6': 13590, '24': 10756, '48': 7146, '72': 6239, '96': 6279, '120': 9860, '144': 13590}",462,0,5017.523269814801,7167.890385449716,1116.349891357623,0,0.05,18379,E,3.9414462270001422,3.941564778004249,42.0,1.5,0.0,conditional,0.0025694941227252803,0.002582817336399626,0.002564436164451922,0.0025881852730850275,0.002551178610325669,0.002563546501027682,0.0,0.0,0.0,0.0,0.0,0.0
seed43_c1.5_l0,20877.70533048231,30877.70533048231,2.2162812144496558,0.10651081872619572,13590,"{'1': 13589, '2': 13588, '3': 13588, '4': 13588, '5': 13589, '6': 13590, '24': 10756, '48': 7146, '72': 6239, '96': 6279, '120': 9860, '144': 13590}",462,0,6684.557001578343,9549.367145111919,1704.6132945531874,0,0.05,18379,E,3.911384845999919,3.9114510510044056,43.0,1.5,0.0,conditional,0.0025621300857931583,0.0025653493017462445,0.002567765449014085,0.002564269066034833,0.0025729949839348194,0.002541760854660784,0.0,0.0,0.0,0.0,0.0,0.0
seed44_c1.5_l0,15053.092275641779,25053.09227564178,1.9546493283043385,0.14669200983054542,13590,"{'1': 13589, '2': 13588, '3': 13588, '4': 13588, '5': 13589, '6': 13590, '24': 10756, '48': 7146, '72': 6239, '96': 6279, '120': 9860, '144': 13590}",461,0,5448.41066984078,7783.443814058259,1255.197760784912,0,0.05,18379,E,3.953683215999945,3.9540226770041045,44.0,1.5,0.0,conditional,0.0025965304932966207,0.0025792050141056205,0.0025467756937556925,0.002617830232141558,0.002575446773851554,0.002571646286695634,0.0,0.0,0.0,0.0,0.0,0.0
seed42_c1.75_l0,5057.3679306467,15057.3679306467,1.0526789851241307,0.21227576428057027,13590,"{'1': 13589, '2': 13588, '3': 13588, '4': 13588, '5': 13589, '6': 13590, '24': 10756, '48': 7146, '72': 6239, '96': 6279, '120': 9860, '144': 13590}",464,0,4023.604046518994,5748.00578074142,754.3154969066486,0,0.05,18379,E,3.6554473319999943,3.6554544259997783,42.0,1.75,0.0,conditional,0.002997743143179492,0.0030132868924662294,0.0029918421918605762,0.003019549485265865,0.002976375045379947,0.0029908042511989615,0.0,0.0,0.0,0.0,0.0,0.0
seed43_c1.75_l0,9514.003869742191,19514.00386974219,1.4842748943039836,0.24671094644483105,13590,"{'1': 13589, '2': 13588, '3': 13588, '4': 13588, '5': 13589, '6': 13590, '24': 10756, '48': 7146, '72': 6239, '96': 6279, '120': 9860, '144': 13590}",466,0,5032.160247032803,7188.800352904005,1084.8565545269698,0,0.05,18379,E,3.6911656409999978,3.691220403998159,43.0,1.75,0.0,conditional,0.0029891517667586845,0.002992907518703951,0.002995726357183099,0.0029916472437073057,0.003001827481257289,0.0029653876637709153,0.0,0.0,0.0,0.0,0.0,0.0
seed44_c1.75_l0,3948.6550609502847,13948.655060950285,0.8740928169892519,0.21132512338264342,13590,"{'1': 13589, '2': 13588, '3': 13588, '4': 13588, '5': 13589, '6': 13590, '24': 10756, '48': 7146, '72': 6239, '96': 6279, '120': 9860, '144': 13590}",465,0,3710.248531977852,5300.355045682646,725.1304976678426,0,0.05,18379,E,3.6297389690000728,3.6299641909936327,44.0,1.75,0.0,conditional,0.0030292855755127243,0.003009072516456555,0.0029712383093816416,0.003054135270831817,0.0030046879028268136,0.003000254001144907,0.0,0.0,0.0,0.0,0.0,0.0
seed42_c2_l0,1423.6839419622684,11423.683941962268,0.4050882749563647,0.32504138980354025,13590,"{'1': 13589, '2': 13588, '3': 13588, '4': 13588, '5': 13589, '6': 13590, '24': 10756, '48': 7146, '72': 6239, '96': 6279, '120': 9860, '144': 13590}",466,0,3517.50007387627,5025.000105537529,636.8133642554762,0,0.05,18379,E,3.536489022000069,3.53646708499582,42.0,2.0,0.0,conditional,0.0034259921636337056,0.0034437564485328338,0.0034192482192692297,0.003450913697446704,0.0034015714804342253,0.0034180620013702398,0.0,0.0,0.0,0.0,0.0,0.0
seed43_c2_l0,3585.09432876384,13585.09432876384,0.8122577827804904,0.24497549811437036,13590,"{'1': 13589, '2': 13588, '3': 13588, '4': 13588, '5': 13589, '6': 13590, '24': 10756, '48': 7146, '72': 6239, '96': 6279, '120': 9860, '144': 13590}",468,0,3781.742238543929,5402.488912205613,680.9975704184081,0,0.05,18379,E,3.621954985000002,3.6220128829954774,43.0,2.0,0.0,conditional,0.0034161734477242103,0.003420465735661658,0.0034236872653521117,0.003419025421379779,0.0034306599785797597,0.0033890144728810447,0.0,0.0,0.0,0.0,0.0,0.0
seed44_c2_l0,1015.6653973654848,11015.665397365485,0.32544559926536554,0.26924378337287147,13590,"{'1': 13589, '2': 13588, '3': 13588, '4': 13588, '5': 13589, '6': 13590, '24': 10756, '48': 7146, '72': 6239, '96': 6279, '120': 9860, '144': 13590}",468,0,3322.592391844178,4746.560559777397,563.0811352767554,0,0.05,18379,E,3.560160687000007,3.5605539829994086,44.0,2.0,0.0,conditional,0.003462040657728827,0.003438940018807492,0.00339570092500759,0.0034904403095220755,0.003433929031802072,0.003428861715594179,0.0,0.0,0.0,0.0,0.0,0.0
seed42_c2.5_l0,-727.1681587803923,9272.831841219608,-0.15827705568833342,0.2530631643169089,13590,"{'1': 13589, '2': 13588, '3': 13588, '4': 13588, '5': 13589, '6': 13590, '24': 10756, '48': 7146, '72': 6239, '96': 6279, '120': 9860, '144': 13590}",468,0,2900.518556002045,4143.597937145779,435.4852091520996,0,0.05,18379,E,3.501756276999913,3.501644440999371,42.0,2.5,0.0,conditional,0.004282490204542133,0.004304695560666041,0.004274060274086536,0.00431364212180838,0.004251964350542781,0.004272577501712801,0.0,0.0,0.0,0.0,0.0,0.0
seed43_c2.5_l0,739.9403053990263,10739.940305399026,0.2456240823521848,0.30356847329287495,13590,"{'1': 13589, '2': 13588, '3': 13588, '4': 13588, '5': 13589, '6': 13590, '24': 10756, '48': 7146, '72': 6239, '96': 6279, '120': 9860, '144': 13590}",468,0,3226.467090345427,4609.238700493467,518.7330957696461,0,0.05,18379,E,3.4855156269998133,3.4856991929991636,43.0,2.5,0.0,conditional,0.004270216809655264,0.004275582169577074,0.00427960908169014,0.004273781776724723,0.004288324973224698,0.004236268091101306,0.0,0.0,0.0,0.0,0.0,0.0
seed44_c2.5_l0,-2941.761850448127,7058.238149551873,-1.0779089319047237,0.40779660280696617,13590,"{'1': 13589, '2': 13588, '3': 13588, '4': 13588, '5': 13589, '6': 13590, '24': 10756, '48': 7146, '72': 6239, '96': 6279, '120': 9860, '144': 13590}",468,0,2658.4375003127193,3797.7678575895993,368.9184230964954,0,0.05,18379,E,3.3077019080001264,3.3079849860005197,44.0,2.5,0.0,conditional,0.004327550822161035,0.0042986750235093655,0.004244626156259487,0.004363050386902595,0.004292411289752589,0.0042860771444927235,0.0,0.0,0.0,0.0,0.0,0.0
seed42_c3_l0,-2941.6419802719884,7058.358019728012,-1.1324453756863349,0.4095021780172561,13590,"{'1': 13589, '2': 13588, '3': 13588, '4': 13588, '5': 13589, '6': 13590, '24': 10756, '48': 7146, '72': 6239, '96': 6279, '120': 9860, '144': 13590}",468,0,2679.8567090433025,3828.3667272047182,333.81093467054984,0,0.05,18379,E,3.440564962999815,3.440722054998332,42.0,3.0,0.0,conditional,0.00513898824545056,0.005165634672799249,0.005128872328903845,0.005176370546170057,0.005102357220651338,0.005127093002055362,0.0,0.0,0.0,0.0,0.0,0.0
seed43_c3_l0,-2634.6215592630415,7365.3784407369585,-1.1728679624653717,0.365840560201687,13590,"{'1': 13589, '2': 13588, '3': 13588, '4': 13588, '5': 13589, '6': 13590, '24': 10756, '48': 7146, '72': 6239, '96': 6279, '120': 9860, '144': 13590}",468,0,2495.9835716961447,3565.690816708778,324.6077937807944,0,0.05,18379,E,3.331240462000096,3.331458415996167,43.0,3.0,0.0,conditional,0.005124260171586317,0.005130698603492487,0.00513553089802817,0.005128538132069666,0.00514598996786964,0.005083521709321568,0.0,0.0,0.0,0.0,0.0,0.0
seed44_c3_l0,-2631.139231104992,7368.860768895008,-0.9398663399117684,0.38529781349391845,13590,"{'1': 13589, '2': 13588, '3': 13588, '4': 13588, '5': 13589, '6': 13590, '24': 10756, '48': 7146, '72': 6239, '96': 6279, '120': 9860, '144': 13590}",468,0,2725.446506829436,3893.4950097563374,342.7387701728435,0,0.05,18379,E,3.350720067000111,3.351157647004584,44.0,3.0,0.0,conditional,0.005193060986593244,0.0051584100282112385,0.005093551387511385,0.005235660464283114,0.005150893547703108,0.005143292573391268,0.0,0.0,0.0,0.0,0.0,0.0
persistence,0.0,10000.0,,0.0,13590,"{'1': 13589, '2': 13588, '3': 13588, '4': 13588, '5': 13589, '6': 13590, '24': 10756, '48': 7146, '72': 6239, '96': 6279, '120': 9860, '144': 13590}",0,0,0.0,0.0,0.0,0,0.05,18379,E,3.3514322480000374,3.351540721996571,,,,persistence,0.0006574884097431748,0.000939156608772446,0.0011625051516043563,0.0013616978216072994,0.001538528957244829,0.0017059896983075775,0.0036340172926738546,0.005277969493422892,0.005311266228562268,0.005406427775123426,0.006517609533468559,0.007522118469462839
