DATE_TIME,test_CLOSE,Target_H1,Prediction_H1,Target_H2,Prediction_H2,Target_H3,Prediction_H3,Target_H4,Prediction_H4,Target_H5,Prediction_H5,Target_H6,Prediction_H6
2017-05-15 02:00:00,1.09708,1.09718,1.0971948,1.09933,1.0993431,1.09834,1.0983957,1.09557,1.0953593,1.09558,1.0953406,1.09378,1.0933009
2017-05-15 03:00:00,1.09718,1.09933,1.0993186,1.09834,1.0982789,1.09557,1.0955257,1.09558,1.095501,1.09378,1.0937583,1.095,1.0950081
2017-05-15 04:00:00,1.09933,1.09834,1.098287,1.09557,1.0957968,1.09558,1.0958282,1.09378,1.0935669,1.095,1.0951271,1.09378,1.093566
2017-05-15 05:00:00,1.09834,1.09557,1.0956696,1.09558,1.0955523,1.09378,1.0939667,1.095,1.0948042,1.09378,1.0937368,1.09466,1.0942951
2017-05-15 06:00:00,1.09557,1.09558,1.0956571,1.09378,1.0936881,1.095,1.0951904,1.09378,1.0936197,1.09466,1.0946078,1.09429,1.0940233
2017-05-15 07:00:00,1.09558,1.09378,1.093865,1.095,1.0949486,1.09378,1.0937848,1.09466,1.0945814,1.09429,1.0940624,1.09307,1.092625
2017-05-15 08:00:00,1.09378,1.095,1.0951183,1.09378,1.0937353,1.09466,1.0946888,1.09429,1.0942054,1.09307,1.0929912,1.09275,1.0925754
2017-05-15 09:00:00,1.095,1.09378,1.0935985,1.09466,1.0946441,1.09429,1.0942837,1.09307,1.092907,1.09275,1.0925994,1.09316,1.0928202
2017-05-15 10:00:00,1.09378,1.09466,1.0946652,1.09429,1.0942211,1.09307,1.0930928,1.09275,1.0927114,1.09316,1.0930135,1.09279,1.0925529
2017-05-15 11:00:00,1.09466,1.09429,1.0942231,1.09307,1.0930597,1.09275,1.0927051,1.09316,1.0930978,1.09279,1.0926358,1.09327,1.0930756
2017-05-15 12:00:00,1.09429,1.09307,1.0931673,1.09275,1.0926138,1.09316,1.0932146,1.09279,1.0925503,1.09327,1.0931011,1.09297,1.0927122
2017-05-15 13:00:00,1.09307,1.09275,1.092773,1.09316,1.0930597,1.09279,1.0927696,1.09327,1.0930789,1.09297,1.0926906,1.09228,1.0919466
2017-05-15 14:00:00,1.09275,1.09316,1.0932071,1.09279,1.0927258,1.09327,1.0932846,1.09297,1.0927761,1.09228,1.0920572,1.09213,1.0917703
2017-05-15 15:00:00,1.09316,1.09279,1.0928179,1.09327,1.0932255,1.09297,1.0930084,1.09228,1.0921535,1.09213,1.0919328,1.0925,1.0922099
2017-05-15 16:00:00,1.09279,1.09327,1.0932986,1.09297,1.0929095,1.09228,1.092279,1.09213,1.0919689,1.0925,1.092474,1.0926,1.0924772
2017-05-15 17:00:00,1.09327,1.09297,1.0929607,1.09228,1.0922812,1.09213,1.0921037,1.0925,1.0924113,1.0926,1.0924572,1.09244,1.0923017
2017-05-15 18:00:00,1.09297,1.09228,1.0922298,1.09213,1.0920392,1.0925,1.0925556,1.0926,1.0924778,1.09244,1.0922562,1.09277,1.0925784
2017-05-15 19:00:00,1.09228,1.09213,1.0921974,1.0925,1.0924265,1.0926,1.092592,1.09244,1.0922774,1.09277,1.0926051,1.09264,1.092394
2017-05-15 20:00:00,1.09213,1.0925,1.092587,1.0926,1.0925512,1.09244,1.092454,1.09277,1.0926974,1.09264,1.0924904,1.09285,1.0926883
2017-05-15 21:00:00,1.0925,1.0926,1.0926182,1.09244,1.092382,1.09277,1.0927876,1.09264,1.0925179,1.09285,1.0927494,1.0929999,1.0927981
2017-05-15 22:00:00,1.0926,1.09244,1.0924231,1.09277,1.0927237,1.09264,1.092633,1.09285,1.0927052,1.0929999,1.0927844,1.09224,1.0919349
2017-05-15 23:00:00,1.09244,1.09277,1.09278,1.09264,1.0925688,1.09285,1.0928669,1.0929999,1.0928285,1.09224,1.0920441,1.09058,1.0903004
2017-05-16 00:00:00,1.09277,1.09264,1.0926723,1.09285,1.0927956,1.0929999,1.0929674,1.09224,1.0921143,1.09058,1.0905131,1.09232,1.0921205
2017-05-16 01:00:00,1.09264,1.09285,1.0928731,1.0929999,1.0929759,1.09224,1.0922549,1.09058,1.090495,1.09232,1.0921922,1.09057,1.0901927
2017-05-16 02:00:00,1.09285,1.0929999,1.0929608,1.09224,1.0921546,1.09058,1.0905441,1.09232,1.0922916,1.09057,1.0904069,1.0905,1.0902954
2017-05-16 03:00:00,1.0929999,1.09224,1.0922719,1.09058,1.0904393,1.09232,1.0923932,1.09057,1.0904064,1.0905,1.0904104,1.08958,1.0892346
2017-05-16 04:00:00,1.09224,1.09058,1.0906434,1.09232,1.0922714,1.09057,1.0903841,1.0905,1.0902044,1.08958,1.0891573,1.08858,1.0881692
2017-05-16 05:00:00,1.09058,1.09232,1.0923488,1.09057,1.090538,1.0905,1.0905875,1.08958,1.0893677,1.08858,1.0885963,1.08836,1.0882393
2017-05-16 06:00:00,1.09232,1.09057,1.0905722,1.0905,1.0905057,1.08958,1.0895092,1.08858,1.0885038,1.08836,1.0882084,1.08958,1.0893515
2017-05-16 07:00:00,1.09057,1.0905,1.0905854,1.08958,1.0895545,1.08858,1.0886416,1.08836,1.0881749,1.08958,1.0894991,1.08897,1.0888667
2017-05-16 08:00:00,1.0905,1.08958,1.0895017,1.08858,1.0885415,1.08836,1.088413,1.08958,1.089545,1.08897,1.0887914,1.08737,1.0870126
2017-05-16 09:00:00,1.08958,1.08858,1.0887245,1.08836,1.0883316,1.08958,1.0896595,1.08897,1.0888518,1.08737,1.0872955,1.08952,1.0893043
2017-05-16 10:00:00,1.08858,1.08836,1.0883714,1.08958,1.0894784,1.08897,1.0890055,1.08737,1.0871602,1.08952,1.0892873,1.08843,1.0880547
2017-05-16 11:00:00,1.08836,1.08958,1.0896387,1.08897,1.0889347,1.08737,1.0872817,1.08952,1.0894111,1.08843,1.0881995,1.08676,1.0865828
2017-05-16 12:00:00,1.08958,1.08897,1.0890366,1.08737,1.0874058,1.08952,1.0896164,1.08843,1.088438,1.08676,1.0866615,1.0873,1.087037
2017-05-16 13:00:00,1.08897,1.08737,1.0874013,1.08952,1.0894719,1.08843,1.0884012,1.08676,1.086602,1.0873,1.086968,1.08733,1.0869142
2017-05-16 14:00:00,1.08737,1.08952,1.0896319,1.08843,1.0883569,1.08676,1.0867928,1.0873,1.0871844,1.08733,1.0872123,1.0876,1.0874841
2017-05-16 15:00:00,1.08952,1.08843,1.088364,1.08676,1.086572,1.0873,1.087485,1.08733,1.0872442,1.0876,1.0875049,1.08815,1.0878923
2017-05-16 16:00:00,1.08843,1.08676,1.0868442,1.0873,1.0872253,1.08733,1.0873333,1.0876,1.0874472,1.08815,1.0878942,1.08857,1.0882825
2017-05-16 17:00:00,1.08676,1.0873,1.0873504,1.08733,1.087214,1.0876,1.0875576,1.08815,1.0879707,1.08857,1.0883137,1.08941,1.0891331
2017-05-16 18:00:00,1.0873,1.08733,1.0873935,1.0876,1.0875652,1.08815,1.0881795,1.08857,1.0884686,1.08941,1.0892745,1.08942,1.0890216
2017-05-16 19:00:00,1.08733,1.0876,1.0876409,1.08815,1.0880972,1.08857,1.0886068,1.08941,1.0892901,1.08942,1.0892216,1.08924,1.0889785
2017-05-16 20:00:00,1.0876,1.08815,1.0881424,1.08857,1.0884991,1.08941,1.0893342,1.08942,1.0891786,1.08924,1.0890241,1.08929,1.0890535
2017-05-16 21:00:00,1.08815,1.08857,1.0886093,1.08941,1.0893987,1.08942,1.0894344,1.08924,1.0890521,1.08929,1.0890547,1.08907,1.0887803
2017-05-16 22:00:00,1.08857,1.08941,1.089508,1.08942,1.0893651,1.08924,1.0892236,1.08929,1.0891498,1.08907,1.0889572,1.08908,1.0888827
2017-05-16 23:00:00,1.08941,1.08942,1.0894251,1.08924,1.0891721,1.08929,1.089308,1.08907,1.0889213,1.08908,1.0889889,1.08873,1.0884997
2017-05-17 00:00:00,1.08942,1.08924,1.0892594,1.08929,1.0892102,1.08907,1.0890667,1.08908,1.0889024,1.08873,1.0885262,1.08906,1.0888295
2017-05-17 01:00:00,1.08924,1.08929,1.0893089,1.08907,1.0890148,1.08908,1.0891454,1.08873,1.0886068,1.08906,1.088949,1.08703,1.086681
2017-05-17 02:00:00,1.08929,1.08907,1.0891486,1.08908,1.0890192,1.08873,1.0886269,1.08906,1.0889542,1.08703,1.0868009,1.08671,1.0864165
2017-05-17 03:00:00,1.08907,1.08908,1.0891963,1.08873,1.0886825,1.08906,1.0891671,1.08703,1.0868559,1.08671,1.0865792,1.08682,1.0865762
2017-05-17 04:00:00,1.08908,1.08873,1.0887077,1.08906,1.0890443,1.08703,1.0870637,1.08671,1.0864207,1.08682,1.0866847,1.0876,1.0874202
2017-05-17 05:00:00,1.08873,1.08906,1.0891199,1.08703,1.0869848,1.08671,1.086717,1.08682,1.0867183,1.0876,1.0875646,1.08794,1.0878361
2017-05-17 06:00:00,1.08906,1.08703,1.0870329,1.08671,1.0865395,1.08682,1.0870278,1.0876,1.0874491,1.08794,1.0877486,1.08709,1.086708
2017-05-17 07:00:00,1.08703,1.08671,1.0868385,1.08682,1.0867444,1.0876,1.0876198,1.08794,1.0878088,1.08709,1.0868349,1.08691,1.0866315
2017-05-17 08:00:00,1.08671,1.08682,1.0868847,1.0876,1.0875459,1.08794,1.0879384,1.08709,1.0869199,1.08691,1.0867671,1.08716,1.0868685
2017-05-17 09:00:00,1.08682,1.0876,1.0876518,1.08794,1.0878854,1.08709,1.0870305,1.08691,1.0866987,1.08716,1.0869219,1.08669,1.0863456
2017-05-17 10:00:00,1.0876,1.08794,1.0878896,1.08709,1.0870488,1.08691,1.0869861,1.08716,1.0870421,1.08669,1.0865302,1.08581,1.0854387
2017-05-17 11:00:00,1.08794,1.08709,1.0871346,1.08691,1.0868391,1.08716,1.0871444,1.08669,1.0864286,1.08581,1.0856813,1.08606,1.0857118
2017-05-17 12:00:00,1.08709,1.08691,1.0869888,1.08716,1.0870917,1.08669,1.0867428,1.08581,1.0856279,1.08606,1.0858582,1.08655,1.0862895
2017-05-17 13:00:00,1.08691,1.08716,1.0871292,1.08669,1.0865992,1.08581,1.0858252,1.08606,1.085869,1.08655,1.0863802,1.08666,1.0864829
2017-05-17 14:00:00,1.08716,1.08669,1.0867045,1.08581,1.0856351,1.08606,1.0860821,1.08655,1.0864434,1.08666,1.0865077,1.08666,1.0864426
2017-05-17 15:00:00,1.08669,1.08581,1.0859504,1.08606,1.0860143,1.08655,1.0865952,1.08666,1.0865092,1.08666,1.0864742,1.08658,1.0863101
2017-05-17 16:00:00,1.08581,1.08606,1.0861192,1.08655,1.0865178,1.08666,1.0866792,1.08666,1.0864979,1.08658,1.0863793,1.08666,1.0864112
2017-05-17 17:00:00,1.08606,1.08655,1.0865487,1.08666,1.0866009,1.08666,1.0866805,1.08658,1.0864381,1.08666,1.0864848,1.08735,1.0871295
2017-05-17 18:00:00,1.08655,1.08666,1.086698,1.08666,1.086592,1.08658,1.086585,1.08666,1.0865117,1.08735,1.0871794,1.08711,1.0868657
2017-05-17 19:00:00,1.08666,1.08666,1.0866841,1.08658,1.0864694,1.08666,1.0866292,1.08735,1.0872331,1.08711,1.0869511,1.08772,1.0874907
2017-05-17 20:00:00,1.08666,1.08658,1.0865979,1.08666,1.0865885,1.08735,1.0873996,1.08711,1.0869306,1.08772,1.0875249,1.0872,1.0868995
2017-05-17 21:00:00,1.08658,1.08666,1.0866997,1.08735,1.087292,1.08711,1.0871124,1.08772,1.0875715,1.0872,1.0869648,1.08696,1.086698
2017-05-17 22:00:00,1.08666,1.08735,1.087342,1.08711,1.0870799,1.08772,1.0877595,1.0872,1.0870548,1.08696,1.0867964,1.08751,1.0872735
2017-05-17 23:00:00,1.08735,1.08711,1.0871485,1.08772,1.0876678,1.0872,1.087184,1.08696,1.0868001,1.08751,1.0873181,1.08784,1.0875789
2017-05-18 00:00:00,1.08711,1.08772,1.0878674,1.0872,1.0871397,1.08696,1.0869523,1.08751,1.0874085,1.08784,1.0877262,1.08865,1.0884954
2017-05-18 01:00:00,1.08772,1.0872,1.0872122,1.08696,1.0869398,1.08751,1.0875503,1.08784,1.0877483,1.08865,1.0885141,1.08777,1.0875564
2017-05-18 02:00:00,1.0872,1.08696,1.087054,1.08751,1.0874207,1.08784,1.0878522,1.08865,1.0885172,1.08777,1.0875608,1.08692,1.086658
2017-05-18 03:00:00,1.08696,1.08751,1.0875353,1.08784,1.0877973,1.08865,1.0886956,1.08777,1.0876105,1.08692,1.0867432,1.08693,1.0866467
2017-05-18 04:00:00,1.08751,1.08784,1.0878676,1.08865,1.0886598,1.08777,1.0877566,1.08692,1.0867102,1.08693,1.086714,1.08562,1.0853455
2017-05-18 05:00:00,1.08784,1.08865,1.0886928,1.08777,1.0877346,1.08692,1.0869042,1.08693,1.086792,1.08562,1.0854744,1.08514,1.084839
2017-05-18 06:00:00,1.08865,1.08777,1.0877312,1.08692,1.0868037,1.08693,1.0870848,1.08562,1.0854632,1.08514,1.0850304,1.08672,1.0865444
2017-05-18 07:00:00,1.08777,1.08692,1.0869617,1.08693,1.086909,1.08562,1.0856379,1.08514,1.0850008,1.08672,1.0865461,1.08666,1.0863972
2017-05-18 08:00:00,1.08692,1.08693,1.0869316,1.08562,1.0854529,1.08514,1.085077,1.08672,1.0866252,1.08666,1.0864514,1.08686,1.0867236
2017-05-18 09:00:00,1.08693,1.08562,1.0857023,1.08514,1.0850639,1.08672,1.0868069,1.08666,1.0865268,1.08686,1.0867248,1.08663,1.0864177
2017-05-18 10:00:00,1.08562,1.08514,1.085298,1.08672,1.0865746,1.08666,1.0866542,1.08686,1.086666,1.08663,1.0864007,1.08698,1.0867307
2017-05-18 11:00:00,1.08514,1.08672,1.0866477,1.08666,1.086705,1.08686,1.0869347,1.08663,1.0865011,1.08698,1.0868397,1.0866,1.0863185
2017-05-18 12:00:00,1.08672,1.08666,1.0866283,1.08686,1.0868162,1.08663,1.0866271,1.08698,1.0868284,1.0866,1.0864058,1.08629,1.0860331
2017-05-18 13:00:00,1.08666,1.08686,1.0869118,1.08663,1.0865513,1.08698,1.0869755,1.0866,1.0864162,1.08629,1.0860978,1.08599,1.0856504
2017-05-18 14:00:00,1.08686,1.08663,1.0866537,1.08698,1.0869186,1.0866,1.0865923,1.08629,1.0860527,1.08599,1.0857813,1.0859799,1.0857038
2017-05-18 15:00:00,1.08663,1.08698,1.0870085,1.0866,1.0865263,1.08629,1.0863245,1.08599,1.0858306,1.0859799,1.0858372,1.0863,1.0860435
2017-05-18 16:00:00,1.08698,1.0866,1.0865924,1.08629,1.0862248,1.08599,1.0859859,1.0859799,1.0857861,1.0863,1.0861368,1.08638,1.0861075
2017-05-18 17:00:00,1.0866,1.08629,1.086369,1.08599,1.0859286,1.0859799,1.0859942,1.0863,1.0861577,1.08638,1.0862058,1.08645,1.0862303
2017-05-18 18:00:00,1.08629,1.08599,1.0860369,1.0859799,1.085938,1.0863,1.0863421,1.08638,1.086258,1.08645,1.086272,1.08697,1.0867516
2017-05-18 19:00:00,1.08599,1.0859799,1.086054,1.0863,1.0862485,1.08638,1.0863934,1.08645,1.086294,1.08697,1.0868034,1.08712,1.0868615
2017-05-18 20:00:00,1.0859799,1.0863,1.086349,1.08638,1.0863357,1.08645,1.0864861,1.08697,1.0868694,1.08712,1.0870262,1.0869,1.0866964
2017-05-18 21:00:00,1.0863,1.08638,1.0864048,1.08645,1.0864012,1.08697,1.0870323,1.08712,1.0869861,1.0869,1.0867301,1.08705,1.0868359
2017-05-18 22:00:00,1.08638,1.08645,1.0864925,1.08697,1.0869131,1.08712,1.087119,1.0869,1.0867429,1.08705,1.0868605,1.08708,1.0867985
2017-05-18 23:00:00,1.08645,1.08697,1.0869676,1.08712,1.0870694,1.0869,1.0869038,1.08705,1.0869038,1.08708,1.0868801,1.08591,1.0855799
2017-05-19 00:00:00,1.08697,1.08712,1.0871422,1.0869,1.0868552,1.08705,1.0870402,1.08708,1.0869508,1.08591,1.0856825,1.08627,1.0860499
2017-05-19 01:00:00,1.08712,1.0869,1.0869564,1.08705,1.0870012,1.08708,1.0871223,1.08591,1.0857341,1.08627,1.0861235,1.08649,1.0861592
2017-05-19 02:00:00,1.0869,1.08705,1.0870887,1.08708,1.0870186,1.08591,1.0858926,1.08627,1.0861106,1.08649,1.0863261,1.08724,1.0870466
2017-05-19 03:00:00,1.08705,1.08708,1.087104,1.08591,1.0858519,1.08627,1.0863218,1.08649,1.0863812,1.08724,1.0871426,1.0875599,1.08739
2017-05-19 04:00:00,1.08708,1.08591,1.085905,1.08627,1.0861653,1.08649,1.0865111,1.08724,1.0871238,1.0875599,1.0873936,1.08703,1.0867848
2017-05-19 05:00:00,1.08591,1.08627,1.0864071,1.08649,1.0864149,1.08724,1.0872622,1.0875599,1.087483,1.08703,1.0868746,1.09055,1.0903621
2017-05-19 06:00:00,1.08627,1.08649,1.0865277,1.08724,1.0872122,1.0875599,1.0876406,1.08703,1.08682,1.09055,1.0902698,1.09209,1.0918573
2017-05-19 07:00:00,1.08649,1.08724,1.087228,1.0875599,1.087569,1.08703,1.0869281,1.09055,1.0906403,1.09209,1.0919145,1.09206,1.092122
2017-05-19 08:00:00,1.08724,1.0875599,1.08765,1.08703,1.0869691,1.09055,1.0906056,1.09209,1.0918547,1.09206,1.0920104,1.09252,1.0925075
2017-05-19 09:00:00,1.0875599,1.08703,1.0871447,1.09055,1.090524,1.09209,1.0919498,1.09206,1.0919061,1.09252,1.0921472,1.09181,1.0914085
2017-05-19 10:00:00,1.08703,1.09055,1.0905516,1.09209,1.0919002,1.09206,1.0920578,1.09252,1.0921674,1.09181,1.0917201,1.09223,1.0920942
2017-05-19 11:00:00,1.09055,1.09209,1.0920147,1.09206,1.0921538,1.09252,1.0924598,1.09181,1.0916474,1.09223,1.0921197,1.09236,1.0921483
2017-05-19 12:00:00,1.09209,1.09206,1.0920968,1.09252,1.092436,1.09181,1.0916789,1.09223,1.0921096,1.09236,1.0921475,1.09292,1.0927072
2017-05-19 13:00:00,1.09206,1.09252,1.0924674,1.09181,1.0917653,1.09223,1.092232,1.09236,1.092247,1.09292,1.0927633,1.09278,1.0926249
2017-05-19 14:00:00,1.09252,1.09181,1.0918725,1.09223,1.0921621,1.09236,1.0923373,1.09292,1.0928186,1.09278,1.0925794,1.09308,1.0928988
2017-05-19 15:00:00,1.09181,1.09223,1.0923156,1.09236,1.0922835,1.09292,1.0928917,1.09278,1.092663,1.09308,1.0928915,1.09251,1.0922921
2017-05-19 16:00:00,1.09223,1.09236,1.0924183,1.09292,1.0929383,1.09278,1.0927275,1.09308,1.0930357,1.09251,1.0923462,1.09275,1.0926055
2017-05-19 17:00:00,1.09236,1.09292,1.0929708,1.09278,1.092785,1.09308,1.0931417,1.09251,1.0924401,1.09275,1.0926509,1.09239,1.0922064
2017-05-19 18:00:00,1.09292,1.09278,1.0927964,1.09308,1.0930823,1.09251,1.0924498,1.09275,1.0926871,1.09239,1.0922344,1.09267,1.0925093
2017-05-19 19:00:00,1.09278,1.09308,1.0931308,1.09251,1.0924922,1.09275,1.092795,1.09239,1.0922952,1.09267,1.0925771,1.09268,1.0924965
2017-05-19 20:00:00,1.09308,1.09251,1.0925553,1.09275,1.0927116,1.09239,1.0923737,1.09267,1.0925596,1.09268,1.0925257,1.09288,1.0926616
2017-05-21 21:00:00,1.09251,1.09275,1.0928142,1.09239,1.0923485,1.09267,1.0926903,1.09268,1.092556,1.09288,1.0927202,1.09295,1.0927433
2017-05-21 22:00:00,1.09275,1.09239,1.0924078,1.09267,1.0926359,1.09268,1.0926921,1.09288,1.092789,1.09295,1.0927632,1.09286,1.0926361
2017-05-21 23:00:00,1.09239,1.09267,1.0927292,1.09268,1.0926497,1.09288,1.0928919,1.09295,1.0928602,1.09286,1.0927371,1.0935,1.0933182
2017-05-22 00:00:00,1.09267,1.09268,1.0926974,1.09288,1.0928671,1.09295,1.0929706,1.09286,1.0927705,1.0935,1.0933856,1.09411,1.0939282
2017-05-22 01:00:00,1.09268,1.09288,1.0929203,1.09295,1.0929203,1.09286,1.0928661,1.0935,1.0933993,1.09411,1.0939679,1.09446,1.0943271
2017-05-22 02:00:00,1.09288,1.09295,1.0929877,1.09286,1.0928156,1.0935,1.0934933,1.09411,1.0940616,1.09446,1.0942963,1.09534,1.095305
2017-05-22 03:00:00,1.09295,1.09286,1.0929292,1.0935,1.0934722,1.09411,1.0942051,1.09446,1.0942978,1.09534,1.0950902,1.09691,1.0966637
2017-05-22 04:00:00,1.09286,1.0935,1.0935569,1.09411,1.0940517,1.09446,1.0944781,1.09534,1.095311,1.09691,1.0969825,1.09653,1.0963212
2017-05-22 05:00:00,1.0935,1.09411,1.0941069,1.09446,1.0943956,1.09534,1.0953357,1.09691,1.096863,1.09653,1.0963178,1.09778,1.097575
2017-05-22 06:00:00,1.09411,1.09446,1.0944723,1.09534,1.0953248,1.09691,1.0972192,1.09653,1.0963377,1.09778,1.0976276,1.09785,1.0976397
2017-05-22 07:00:00,1.09446,1.09534,1.095402,1.09691,1.0967137,1.09653,1.0964372,1.09778,1.0976665,1.09785,1.0977222,1.09775,1.0975108
2017-05-22 08:00:00,1.09534,1.09691,1.0967928,1.09653,1.0964899,1.09778,1.0976921,1.09785,1.09771,1.09775,1.0977842,1.09784,1.0976572
2017-05-22 09:00:00,1.09691,1.09653,1.0964646,1.09778,1.0976688,1.09785,1.0977561,1.09775,1.0976145,1.09784,1.0976845,1.09736,1.0971229
2017-05-22 10:00:00,1.09653,1.09778,1.0977409,1.09785,1.0977755,1.09775,1.0977845,1.09784,1.0977082,1.09736,1.0972614,1.09692,1.0967647
2017-05-22 11:00:00,1.09778,1.09785,1.0978363,1.09775,1.0977111,1.09784,1.0978703,1.09736,1.097317,1.09692,1.0968298,1.09775,1.0976372
2017-05-22 12:00:00,1.09785,1.09775,1.0978215,1.09784,1.0978028,1.09736,1.0973951,1.09692,1.0968069,1.09775,1.0976402,1.09771,1.0975828
2017-05-22 13:00:00,1.09775,1.09784,1.0978543,1.09736,1.0973592,1.09692,1.0969038,1.09775,1.0977457,1.09771,1.0976105,1.09741,1.097337
2017-05-22 14:00:00,1.09784,1.09736,1.0974178,1.09692,1.0968959,1.09775,1.0978073,1.09771,1.0976863,1.09741,1.0973296,1.09754,1.097377
2017-05-22 15:00:00,1.09736,1.09692,1.096997,1.09775,1.0977536,1.09771,1.0977412,1.09741,1.0973366,1.09754,1.0974146,1.09804,1.0978703
2017-05-22 16:00:00,1.09692,1.09775,1.0978452,1.09771,1.0977172,1.09741,1.0974307,1.09754,1.097464,1.09804,1.0980356,1.09793,1.097785
2017-05-22 17:00:00,1.09775,1.09771,1.0977159,1.09741,1.0974021,1.09754,1.0975806,1.09804,1.0980278,1.09793,1.0978321,1.09828,1.0981655
2017-05-22 18:00:00,1.09771,1.09741,1.097435,1.09754,1.0975207,1.09804,1.098053,1.09793,1.0978234,1.09828,1.0981431,1.09863,1.0984806
2017-05-22 19:00:00,1.09741,1.09754,1.0975679,1.09804,1.097961,1.09793,1.0979208,1.09828,1.0981978,1.09863,1.0984721,1.09877,1.0985273
2017-05-22 20:00:00,1.09754,1.09804,1.0980976,1.09793,1.0978837,1.09828,1.0983129,1.09863,1.0985537,1.09877,1.098545,1.09886,1.0986956
2017-05-22 21:00:00,1.09804,1.09793,1.0979319,1.09828,1.0982385,1.09863,1.0986135,1.09877,1.0986518,1.09886,1.0987126,1.09913,1.0989414
2017-05-22 22:00:00,1.09793,1.09828,1.0983179,1.09863,1.0985821,1.09877,1.0987414,1.09886,1.0987779,1.09913,1.0989934,1.09913,1.0989504
2017-05-22 23:00:00,1.09828,1.09863,1.098651,1.09877,1.0987301,1.09886,1.0988357,1.09913,1.0990514,1.09913,1.099013,1.10135,1.1011703
2017-05-23 00:00:00,1.09863,1.09877,1.09881,1.09886,1.0988512,1.09913,1.0991968,1.09913,1.0990341,1.10135,1.1012539,1.10284,1.1027758
2017-05-23 01:00:00,1.09877,1.09886,1.0988839,1.09913,1.0990876,1.09913,1.0990915,1.10135,1.1010909,1.10284,1.1027066,1.10446,1.1046184
2017-05-23 02:00:00,1.09886,1.09913,1.099202,1.09913,1.0990835,1.10135,1.1013355,1.10284,1.1027899,1.10446,1.1045092,1.10439,1.1043222
2017-05-23 03:00:00,1.09913,1.09913,1.0991819,1.10135,1.1013148,1.10284,1.1027944,1.10446,1.1042957,1.10439,1.1041508,1.10528,1.1050913
2017-05-23 04:00:00,1.09913,1.10135,1.1013731,1.10284,1.1028891,1.10446,1.1045914,1.10439,1.1044123,1.10528,1.1050282,1.10523,1.1049626
2017-05-23 05:00:00,1.10135,1.10284,1.102868,1.10446,1.1045218,1.10439,1.1043905,1.10528,1.1052593,1.10523,1.1048557,1.10772,1.1077563
2017-05-23 06:00:00,1.10284,1.10446,1.1044365,1.10439,1.1043017,1.10528,1.1052042,1.10523,1.1051003,1.10772,1.1078722,1.10669,1.1063998
2017-05-23 07:00:00,1.10446,1.10439,1.1043475,1.10528,1.1052462,1.10523,1.1050782,1.10772,1.1076316,1.10669,1.1064504,1.10816,1.1080757
2017-05-23 08:00:00,1.10439,1.10528,1.105358,1.10523,1.1052157,1.10772,1.1077607,1.10669,1.1066306,1.10816,1.1081225,1.1071,1.1068919
2017-05-23 09:00:00,1.10528,1.10523,1.1052346,1.10772,1.1077172,1.10669,1.1064589,1.10816,1.1080467,1.1071,1.1068202,1.1075,1.107406
2017-05-23 10:00:00,1.10523,1.10772,1.1078929,1.10669,1.1066697,1.10816,1.1081247,1.1071,1.1070801,1.1075,1.1074442,1.10896,1.1089559
2017-05-23 11:00:00,1.10772,1.10669,1.1065522,1.10816,1.1081955,1.1071,1.1070058,1.1075,1.1074811,1.10896,1.1088089,1.10946,1.1093984
2017-05-23 12:00:00,1.10669,1.10816,1.1082611,1.1071,1.1070547,1.1075,1.1074781,1.10896,1.1088905,1.10946,1.1092895,1.10843,1.1083807
2017-05-23 13:00:00,1.10816,1.1071,1.1070445,1.1075,1.1075113,1.10896,1.1089044,1.10946,1.1094122,1.10843,1.1083112,1.10809,1.1079757
2017-05-23 14:00:00,1.1071,1.1075,1.1076317,1.10896,1.1089023,1.10946,1.1094124,1.10843,1.1083531,1.10809,1.1078959,1.108,1.1077824
2017-05-23 15:00:00,1.1075,1.10896,1.1089481,1.10946,1.1094493,1.10843,1.1083715,1.10809,1.1080619,1.108,1.1078786,1.10942,1.1093595
2017-05-23 16:00:00,1.10896,1.10946,1.1094599,1.10843,1.1084578,1.10809,1.1080859,1.108,1.1080537,1.10942,1.1094041,1.10928,1.1092049
2017-05-23 17:00:00,1.10946,1.10843,1.1083584,1.10809,1.1081692,1.108,1.1079997,1.10942,1.1094447,1.10928,1.1091521,1.10951,1.1094419
2017-05-23 18:00:00,1.10843,1.10809,1.1081383,1.108,1.1079979,1.10942,1.1094651,1.10928,1.1092162,1.10951,1.1093934,1.1096799,1.1095154
2017-05-23 19:00:00,1.10809,1.108,1.1080198,1.10942,1.10946,1.10928,1.109215,1.10951,1.1093837,1.1096799,1.1095567,1.11092,1.1108012
2017-05-23 20:00:00,1.108,1.10942,1.1094921,1.10928,1.1092122,1.10951,1.1094649,1.1096799,1.109541,1.11092,1.1108744,1.11125,1.1112144
2017-05-23 21:00:00,1.10942,1.10928,1.1092575,1.10951,1.1094985,1.1096799,1.1096355,1.11092,1.1108863,1.11125,1.111081,1.11055,1.1104909
2017-05-23 22:00:00,1.10928,1.10951,1.1095339,1.1096799,1.1096287,1.11092,1.1109731,1.11125,1.1111481,1.11055,1.11044,1.11082,1.1106856
2017-05-23 23:00:00,1.10951,1.1096799,1.1096882,1.11092,1.1109349,1.11125,1.1112773,1.11055,1.110367,1.11082,1.1107098,1.1108,1.1105435
2017-05-24 00:00:00,1.1096799,1.11092,1.1109629,1.11125,1.1111888,1.11055,1.1105034,1.11082,1.1107144,1.1108,1.1106441,1.10883,1.108651
2017-05-24 01:00:00,1.11092,1.11125,1.1111825,1.11055,1.1105253,1.11082,1.1108066,1.1108,1.1107546,1.10883,1.1087317,1.10848,1.1081907
2017-05-24 02:00:00,1.11125,1.11055,1.1106312,1.11082,1.1108235,1.1108,1.1108567,1.10883,1.1087123,1.10848,1.1086416,1.1095,1.1093571
2017-05-24 03:00:00,1.11055,1.11082,1.1108222,1.1108,1.1108143,1.10883,1.1088233,1.10848,1.1085147,1.1095,1.1094767,1.11083,1.1108303
2017-05-24 04:00:00,1.11082,1.1108,1.1107992,1.10883,1.1089051,1.10848,1.1085807,1.1095,1.1094868,1.11083,1.1108488,1.11115,1.1111976
2017-05-24 05:00:00,1.1108,1.10883,1.1088462,1.10848,1.1084807,1.1095,1.109531,1.11083,1.1108387,1.11115,1.1110158,1.11226,1.112203
2017-05-24 06:00:00,1.10883,1.10848,1.1086183,1.1095,1.1094198,1.11083,1.1110421,1.11115,1.1110941,1.11226,1.1121675,1.11253,1.1124005
2017-05-24 07:00:00,1.10848,1.1095,1.1095643,1.11083,1.1109148,1.11115,1.1111093,1.11226,1.1119808,1.11253,1.1125549,1.11462,1.114219
2017-05-24 08:00:00,1.1095,1.11083,1.110807,1.11115,1.111191,1.11226,1.1123561,1.11253,1.1125841,1.11462,1.1148355,1.11325,1.1131516
2017-05-24 09:00:00,1.11083,1.11115,1.1110997,1.11226,1.112232,1.11253,1.1124158,1.11462,1.1145686,1.11325,1.1131259,1.11375,1.1136525
2017-05-24 10:00:00,1.11115,1.11226,1.1122539,1.11253,1.1125212,1.11462,1.1148355,1.11325,1.11313,1.11375,1.1136854,1.11544,1.1153545
2017-05-24 11:00:00,1.11226,1.11253,1.1124961,1.11462,1.1144544,1.11325,1.1132001,1.11375,1.1135777,1.11544,1.1153984,1.1147,1.1144507
2017-05-24 12:00:00,1.11253,1.11462,1.1146215,1.11325,1.1131821,1.11375,1.1136892,1.11544,1.1154808,1.1147,1.1147195,1.11519,1.1151265
2017-05-24 13:00:00,1.11462,1.11325,1.1131433,1.11375,1.1137172,1.11544,1.1154904,1.1147,1.1146492,1.11519,1.1151073,1.11592,1.1157781
2017-05-24 14:00:00,1.11325,1.11375,1.1138188,1.11544,1.1154367,1.1147,1.1145953,1.11519,1.1150124,1.11592,1.1157364,1.11631,1.1162518
2017-05-24 15:00:00,1.11375,1.11544,1.1153378,1.1147,1.1146932,1.11519,1.1151588,1.11592,1.1158514,1.11631,1.1162798,1.11611,1.1160808
2017-05-24 16:00:00,1.11544,1.1147,1.1147455,1.11519,1.115186,1.11592,1.1159493,1.11631,1.1163121,1.11611,1.116011,1.11537,1.1152462
2017-05-24 17:00:00,1.1147,1.11519,1.1152564,1.11592,1.1158848,1.11631,1.1163706,1.11611,1.1160747,1.11537,1.1152834,1.1164,1.1163734
2017-05-24 18:00:00,1.11519,1.11592,1.1159556,1.11631,1.1163651,1.11611,1.1160765,1.11537,1.1153396,1.1164,1.1163969,1.11543,1.1153065
2017-05-24 19:00:00,1.11592,1.11631,1.1163118,1.11611,1.1161004,1.11537,1.1153786,1.1164,1.1164405,1.11543,1.1152962,1.11553,1.1154656
2017-05-24 20:00:00,1.11631,1.11611,1.1161242,1.11537,1.1153562,1.1164,1.1164275,1.11543,1.1153538,1.11553,1.115443,1.11605,1.1159075
2017-05-24 21:00:00,1.11611,1.11537,1.1153913,1.1164,1.1163707,1.11543,1.1153932,1.11553,1.1155021,1.11605,1.1159402,1.11434,1.1142281
2017-05-24 22:00:00,1.11537,1.1164,1.116428,1.11543,1.1154044,1.11553,1.1154966,1.11605,1.1160023,1.11434,1.1142825,1.11383,1.1137308
2017-05-24 23:00:00,1.1164,1.11543,1.1154691,1.11553,1.115546,1.11605,1.1161064,1.11434,1.1143255,1.11383,1.1139047,1.11299,1.1128924
2017-05-25 00:00:00,1.11543,1.11553,1.1155936,1.11605,1.1160438,1.11434,1.1143281,1.11383,1.1139058,1.11299,1.1129181,1.11327,1.1132337
2017-05-25 01:00:00,1.11553,1.11605,1.1160399,1.11434,1.1143671,1.11383,1.113809,1.11299,1.1129775,1.11327,1.1133211,1.11265,1.1126128
2017-05-25 02:00:00,1.11605,1.11434,1.1143999,1.11383,1.1137427,1.11299,1.11315,1.11327,1.113226,1.11265,1.1123147,1.11193,1.1121016
2017-05-25 03:00:00,1.11434,1.11383,1.113891,1.11299,1.1129569,1.11327,1.1133959,1.11265,1.1127317,1.11193,1.1119331,1.11357,1.1135663
2017-05-25 04:00:00,1.11383,1.11299,1.1130275,1.11327,1.113272,1.11265,1.1126617,1.11193,1.1117972,1.11357,1.113504,1.11203,1.111837
2017-05-25 05:00:00,1.11299,1.11327,1.1133177,1.11265,1.1126411,1.11193,1.111907,1.11357,1.1135799,1.11203,1.1119462,1.11082,1.1106467
2017-05-25 06:00:00,1.11327,1.11265,1.1127119,1.11193,1.1119092,1.11357,1.1136447,1.11203,1.1120882,1.11082,1.1106863,1.1112599,1.1110724
2017-05-25 07:00:00,1.11265,1.11193,1.1119565,1.11357,1.1135713,1.11203,1.112054,1.11082,1.110645,1.1112599,1.1110433,1.11263,1.1124076
2017-05-25 08:00:00,1.11193,1.11357,1.113476,1.11203,1.1120396,1.11082,1.1108937,1.1112599,1.1112394,1.11263,1.1126393,1.1129,1.1129113
2017-05-25 09:00:00,1.11357,1.11203,1.1119789,1.11082,1.110826,1.1112599,1.1113071,1.11263,1.1125964,1.1129,1.112803,1.1124899,1.1123862
2017-05-25 10:00:00,1.11203,1.11082,1.1108879,1.1112599,1.1111227,1.11263,1.112683,1.1129,1.1127809,1.1124899,1.1122605,1.10888,1.1085439
2017-05-25 11:00:00,1.11082,1.1112599,1.1113083,1.11263,1.11257,1.1129,1.1128693,1.1124899,1.1123242,1.10888,1.108742,1.11023,1.1100396
2017-05-25 12:00:00,1.1112599,1.11263,1.1127008,1.1129,1.1129334,1.1124899,1.1125683,1.10888,1.1086923,1.11023,1.1101822,1.11123,1.1110338
2017-05-25 13:00:00,1.11263,1.1129,1.1128423,1.1124899,1.1125093,1.10888,1.1091583,1.11023,1.1103197,1.11123,1.1112818,1.11016,1.1103044
2017-05-25 14:00:00,1.1129,1.1124899,1.1124913,1.10888,1.1088673,1.11023,1.1102781,1.11123,1.1112913,1.11016,1.1101975,1.10992,1.1099706
2017-05-25 15:00:00,1.1124899,1.10888,1.1087683,1.11023,1.1101967,1.11123,1.1112263,1.11016,1.1101148,1.10992,1.1097823,1.11071,1.110434
2017-05-25 16:00:00,1.10888,1.11023,1.110434,1.11123,1.1110915,1.11016,1.1102511,1.10992,1.109833,1.11071,1.1106501,1.11097,1.1109403
2017-05-25 17:00:00,1.11023,1.11123,1.1111331,1.11016,1.110161,1.10992,1.1099541,1.11071,1.1107191,1.11097,1.110914,1.11082,1.1107274
2017-05-25 18:00:00,1.11123,1.11016,1.1102394,1.10992,1.1099131,1.11071,1.110796,1.11097,1.1109182,1.11082,1.1107631,1.11069,1.1105527
2017-05-25 19:00:00,1.11016,1.10992,1.1099555,1.11071,1.1106752,1.11097,1.1109478,1.11082,1.1106794,1.11069,1.1105679,1.11019,1.1099999
2017-05-25 20:00:00,1.10992,1.11071,1.1107135,1.11097,1.1109332,1.11082,1.1108305,1.11069,1.1106181,1.11019,1.1100302,1.11084,1.11072
2017-05-25 21:00:00,1.11071,1.11097,1.1109513,1.11082,1.1107628,1.11069,1.1107433,1.11019,1.1101692,1.11084,1.1107934,1.11113,1.1110121
2017-05-25 22:00:00,1.11097,1.11082,1.1108431,1.11069,1.1106586,1.11019,1.1101444,1.11084,1.1107975,1.11113,1.1110601,1.1113,1.1111926
2017-05-25 23:00:00,1.11082,1.11069,1.1107583,1.11019,1.1101481,1.11084,1.1109095,1.11113,1.1111208,1.1113,1.1112387,1.11221,1.1121216
2017-05-26 00:00:00,1.11069,1.11019,1.1102438,1.11084,1.1108115,1.11113,1.1111218,1.1113,1.1112372,1.11221,1.1121242,1.11383,1.1136765
2017-05-26 01:00:00,1.11019,1.11084,1.1109679,1.11113,1.1111437,1.1113,1.1113447,1.11221,1.1120894,1.11383,1.1137538,1.11487,1.1149725
2017-05-26 02:00:00,1.11084,1.11113,1.111162,1.1113,1.1112888,1.11221,1.112125,1.11383,1.1137763,1.11487,1.1150262,1.11579,1.1157719
2017-05-26 03:00:00,1.11113,1.1113,1.1113565,1.11221,1.1121334,1.11383,1.1137419,1.11487,1.1148682,1.11579,1.1156586,1.11627,1.1160642
2017-05-26 04:00:00,1.1113,1.11221,1.1122386,1.11383,1.113767,1.11487,1.1146832,1.11579,1.1161464,1.11627,1.116029,1.11774,1.1177356
2017-05-26 05:00:00,1.11221,1.11383,1.1138687,1.11487,1.1148962,1.11579,1.1157417,1.11627,1.1164306,1.11774,1.1174879,1.11788,1.1177411
2017-05-26 06:00:00,1.11383,1.11487,1.1149116,1.11579,1.1158834,1.11627,1.1159983,1.11774,1.117698,1.11788,1.117813,1.11882,1.118786
2017-05-26 07:00:00,1.11487,1.11579,1.1158227,1.11627,1.1162083,1.11774,1.1177343,1.11788,1.117848,1.11882,1.1188102,1.11948,1.1194282
2017-05-26 08:00:00,1.11579,1.11627,1.1162903,1.11774,1.1175979,1.11788,1.117824,1.11882,1.1185579,1.11948,1.1193973,1.11887,1.1185967
2017-05-26 09:00:00,1.11627,1.11774,1.1178643,1.11788,1.1177827,1.11882,1.1187418,1.11948,1.1194185,1.11887,1.1187032,1.11902,1.1188065
2017-05-26 10:00:00,1.11774,1.11788,1.117924,1.11882,1.1188233,1.11948,1.1194344,1.11887,1.118801,1.11902,1.1189939,1.121,1.1210208
2017-05-26 11:00:00,1.11788,1.11882,1.118891,1.11948,1.1195506,1.11887,1.1187155,1.11902,1.1189997,1.121,1.1209897,1.12038,1.1203088
2017-05-26 12:00:00,1.11882,1.11948,1.119488,1.11887,1.1188465,1.11902,1.1189321,1.121,1.120985,1.12038,1.1203642,1.12037,1.1203486
2017-05-26 13:00:00,1.11948,1.11887,1.1189532,1.11902,1.119056,1.121,1.1210461,1.12038,1.1203976,1.12037,1.1203169,1.12028,1.1202004
2017-05-26 14:00:00,1.11887,1.11902,1.1191043,1.121,1.1210755,1.12038,1.1203105,1.12037,1.1202984,1.12028,1.1201334,1.11996,1.1198442
2017-05-26 15:00:00,1.11902,1.121,1.1209825,1.12038,1.1203727,1.12037,1.1203332,1.12028,1.1203561,1.11996,1.1199213,1.1206,1.1204971
2017-05-26 16:00:00,1.121,1.12038,1.1203831,1.12037,1.120425,1.12028,1.1202228,1.11996,1.1200447,1.1206,1.1206204,1.12027,1.1202276
2017-05-26 17:00:00,1.12038,1.12037,1.1204622,1.12028,1.1202856,1.11996,1.1199602,1.1206,1.120629,1.12027,1.120205,1.1186,1.1185961
2017-05-26 18:00:00,1.12037,1.12028,1.1202967,1.11996,1.120023,1.1206,1.1206079,1.12027,1.1203259,1.1186,1.1185727,1.1192499,1.119278
2017-05-26 19:00:00,1.12028,1.11996,1.1200333,1.1206,1.1206367,1.12027,1.1203119,1.1186,1.118565,1.1192499,1.1191759,1.11913,1.1190774
2017-05-26 20:00:00,1.11996,1.1206,1.1205821,1.12027,1.1202494,1.1186,1.1185696,1.1192499,1.1192453,1.11913,1.1190566,1.11911,1.1190822
2017-05-28 21:00:00,1.1206,1.12027,1.1203439,1.1186,1.1186502,1.1192499,1.1192545,1.11913,1.1193056,1.11911,1.1190692,1.1188099,1.118715
2017-05-28 22:00:00,1.12027,1.1186,1.1187773,1.1192499,1.1192596,1.11913,1.1191912,1.11911,1.1191562,1.1188099,1.1187217,1.11933,1.1192719
2017-05-28 23:00:00,1.1186,1.1192499,1.1193168,1.11913,1.1191324,1.11911,1.119169,1.1188099,1.1188004,1.11933,1.1192863,1.11841,1.1183188
2017-05-29 00:00:00,1.1192499,1.11913,1.1191103,1.11911,1.119096,1.1188099,1.1188467,1.11933,1.1193109,1.11841,1.1183017,1.11711,1.1169145
2017-05-29 01:00:00,1.11913,1.11911,1.1191382,1.1188099,1.1188043,1.11933,1.1193831,1.11841,1.1183798,1.11711,1.1170931,1.11675,1.1165714
2017-05-29 02:00:00,1.11911,1.1188099,1.1188549,1.11933,1.1193678,1.11841,1.1183974,1.11711,1.1170855,1.11675,1.1168165,1.12003,1.1200011
2017-05-29 03:00:00,1.1188099,1.11933,1.1193187,1.11841,1.1184002,1.11711,1.1172273,1.11675,1.1166528,1.12003,1.1201082,1.12267,1.1227407
2017-05-29 04:00:00,1.11933,1.11841,1.1183337,1.11711,1.1170657,1.11675,1.1168073,1.12003,1.1200924,1.12267,1.1225734,1.12344,1.1235341
2017-05-29 05:00:00,1.11841,1.11711,1.1170769,1.11675,1.1166836,1.12003,1.1202017,1.12267,1.1227723,1.12344,1.1230204,1.12448,1.1245233
2017-05-29 06:00:00,1.11711,1.11675,1.116864,1.12003,1.1198509,1.12267,1.1227487,1.12344,1.1232989,1.12448,1.1241701,1.12568,1.1256925
2017-05-29 07:00:00,1.11675,1.12003,1.1201679,1.12267,1.1226386,1.12344,1.123327,1.12448,1.124177,1.12568,1.1256522,1.12462,1.1243366
2017-05-29 08:00:00,1.12003,1.12267,1.1226232,1.12344,1.12365,1.12448,1.1239432,1.12568,1.1255662,1.12462,1.1244642,1.12344,1.1231917
2017-05-29 09:00:00,1.12267,1.12344,1.1234089,1.12448,1.1243296,1.12568,1.1254532,1.12462,1.1245878,1.12344,1.1233685,1.12333,1.1231515
2017-05-29 10:00:00,1.12344,1.12448,1.124481,1.12568,1.125588,1.12462,1.1246047,1.12344,1.1233149,1.12333,1.1231651,1.12412,1.1239754
2017-05-29 11:00:00,1.12448,1.12568,1.1257132,1.12462,1.1245975,1.12344,1.123489,1.12333,1.1233248,1.12412,1.1241196,1.12352,1.12348
2017-05-29 12:00:00,1.12568,1.12462,1.1246945,1.12344,1.1234626,1.12333,1.1233289,1.12412,1.1241134,1.12352,1.1234734,1.12369,1.123652
2017-05-29 13:00:00,1.12462,1.12344,1.1235224,1.12333,1.1233944,1.12412,1.1241872,1.12352,1.1235504,1.12369,1.1236033,1.12363,1.1236029
2017-05-29 14:00:00,1.12344,1.12333,1.1233495,1.12412,1.1240921,1.12352,1.1235366,1.12369,1.1237302,1.12363,1.1236025,1.12359,1.1235895
2017-05-29 15:00:00,1.12333,1.12412,1.1241162,1.12352,1.1235467,1.12369,1.1236655,1.12363,1.1236664,1.12359,1.123592,1.12379,1.123781
2017-05-29 16:00:00,1.12412,1.12352,1.1235588,1.12369,1.1237447,1.12363,1.1236511,1.12359,1.123624,1.12379,1.1237636,1.12368,1.1236508
2017-05-29 17:00:00,1.12352,1.12369,1.1237106,1.12363,1.1236371,1.12359,1.1235886,1.12379,1.1238124,1.12368,1.1236651,1.1238999,1.1238728
2017-05-29 18:00:00,1.12369,1.12363,1.1236354,1.12359,1.1236188,1.12379,1.1237845,1.12368,1.1236658,1.1238999,1.1238503,1.12489,1.1248174
2017-05-29 19:00:00,1.12363,1.12359,1.1236167,1.12379,1.1237807,1.12368,1.1237125,1.1238999,1.1238697,1.12489,1.1247371,1.12512,1.1250681
2017-05-29 20:00:00,1.12359,1.12379,1.1238053,1.12368,1.1236591,1.1238999,1.1238776,1.12489,1.1248746,1.12512,1.1250179,1.12451,1.1244193
2017-05-29 21:00:00,1.12379,1.12368,1.1237369,1.1238999,1.1239015,1.12489,1.1248044,1.12512,1.1250778,1.12451,1.1244017,1.12499,1.1249093
2017-05-29 22:00:00,1.12368,1.1238999,1.1239296,1.12489,1.1248739,1.12512,1.125103,1.12451,1.1243869,1.12499,1.124906,1.12438,1.1242229
2017-05-29 23:00:00,1.1238999,1.12489,1.1248372,1.12512,1.125141,1.12451,1.1244487,1.12499,1.1249565,1.12438,1.1243179,1.12245,1.1223388
2017-05-30 00:00:00,1.12489,1.12512,1.1251744,1.12451,1.1245239,1.12499,1.1250029,1.12438,1.1244291,1.12245,1.1225481,1.12508,1.1251279
2017-05-30 01:00:00,1.12512,1.12451,1.1245416,1.12499,1.1250228,1.12438,1.124393,1.12245,1.12222,1.12508,1.1250808,1.12477,1.1247408
2017-05-30 02:00:00,1.12451,1.12499,1.1250125,1.12438,1.1243944,1.12245,1.1224309,1.12508,1.1251622,1.12477,1.1246445,1.12576,1.1258698
2017-05-30 03:00:00,1.12499,1.12438,1.1244211,1.12245,1.1223837,1.12508,1.1251838,1.12477,1.1247697,1.12576,1.1257019,1.12381,1.1235368
2017-05-30 04:00:00,1.12438,1.12245,1.1226208,1.12508,1.1250291,1.12477,1.1246779,1.12576,1.1255971,1.12381,1.1235243,1.12172,1.1214025
2017-05-30 05:00:00,1.12245,1.12508,1.1249108,1.12477,1.124895,1.12576,1.1257204,1.12381,1.1237583,1.12172,1.1216432,1.12333,1.1231742
2017-05-30 06:00:00,1.12508,1.12477,1.1246486,1.12576,1.125865,1.12381,1.1238544,1.12172,1.1217707,1.12333,1.1232672,1.12251,1.122423
2017-05-30 07:00:00,1.12477,1.12576,1.1257248,1.12381,1.1238123,1.12172,1.121639,1.12333,1.1233885,1.12251,1.1225257,1.12282,1.1228834
2017-05-30 08:00:00,1.12576,1.12381,1.1237754,1.12172,1.1218634,1.12333,1.1234443,1.12251,1.1225421,1.12282,1.1228667,1.11962,1.1193733
2017-05-30 09:00:00,1.12381,1.12172,1.1219994,1.12333,1.1232488,1.12251,1.1224536,1.12282,1.122722,1.11962,1.1192224,1.11917,1.1188791
2017-05-30 10:00:00,1.12172,1.12333,1.1233399,1.12251,1.1225309,1.12282,1.1228906,1.11962,1.1196486,1.11917,1.1191351,1.11959,1.1195922
2017-05-30 11:00:00,1.12333,1.12251,1.1224469,1.12282,1.1228945,1.11962,1.1197196,1.11917,1.119085,1.11959,1.1194309,1.11843,1.1181837
2017-05-30 12:00:00,1.12251,1.12282,1.1228706,1.11962,1.1195823,1.11917,1.1189642,1.11959,1.1197654,1.11843,1.1183316,1.11823,1.1183892
2017-05-30 13:00:00,1.12282,1.11962,1.1196635,1.11917,1.1191492,1.11959,1.1195226,1.11843,1.1185368,1.11823,1.1181505,1.11811,1.1178057
2017-05-30 14:00:00,1.11962,1.11917,1.1193014,1.11959,1.1195825,1.11843,1.1185713,1.11823,1.118264,1.11811,1.1180226,1.11832,1.1183197
2017-05-30 15:00:00,1.11917,1.11959,1.1195343,1.11843,1.1184222,1.11823,1.118314,1.11811,1.1181555,1.11832,1.1182956,1.11867,1.1185989
2017-05-30 16:00:00,1.11959,1.11843,1.1184787,1.11823,1.1182704,1.11811,1.1181684,1.11832,1.1182563,1.11867,1.1186286,1.11783,1.1176659
2017-05-30 17:00:00,1.11843,1.11823,1.1182503,1.11811,1.1180662,1.11832,1.1183419,1.11867,1.1186208,1.11783,1.1177272,1.11862,1.1184865
2017-05-30 18:00:00,1.11823,1.11811,1.1181396,1.11832,1.1183044,1.11867,1.1187457,1.11783,1.1177058,1.11862,1.1185373,1.11845,1.1182566
2017-05-30 19:00:00,1.11811,1.11832,1.1183265,1.11867,1.1186419,1.11783,1.1178244,1.11862,1.1185616,1.11845,1.1182984,1.11849,1.118358
2017-05-30 20:00:00,1.11832,1.11867,1.1186755,1.11783,1.1177915,1.11862,1.1186732,1.11845,1.1183691,1.11849,1.1184607,1.11801,1.117843
2017-05-30 21:00:00,1.11867,1.11783,1.1178818,1.11862,1.11856,1.11845,1.1184329,1.11849,1.1183822,1.11801,1.1178523,1.11794,1.1177349
2017-05-30 22:00:00,1.11783,1.11862,1.1185957,1.11845,1.118415,1.11849,1.1185764,1.11801,1.1179789,1.11794,1.1178865,1.11776,1.1176374
2017-05-30 23:00:00,1.11862,1.11845,1.1184366,1.11849,1.1184908,1.11801,1.1180866,1.11794,1.1179352,1.11776,1.1177348,1.11769,1.1176203
2017-05-31 00:00:00,1.11845,1.11849,1.1185371,1.11801,1.1180003,1.11794,1.118006,1.11776,1.1177005,1.11769,1.1175163,1.11752,1.117362
2017-05-31 01:00:00,1.11849,1.11801,1.1179703,1.11794,1.1179208,1.11776,1.1177962,1.11769,1.1176286,1.11752,1.1174681,1.1185,1.1184096
2017-05-31 02:00:00,1.11801,1.11794,1.1180052,1.11776,1.1177219,1.11769,1.1176844,1.11752,1.1174252,1.1185,1.1184608,1.11758,1.1174113
2017-05-31 03:00:00,1.11794,1.11776,1.1178061,1.11769,1.1176631,1.11752,1.1174886,1.1185,1.1184878,1.11758,1.1174839,1.11904,1.1190271
2017-05-31 04:00:00,1.11776,1.11769,1.1177087,1.11752,1.1174831,1.1185,1.118543,1.11758,1.1175561,1.11904,1.118989,1.11871,1.1186187
2017-05-31 05:00:00,1.11769,1.11752,1.1175249,1.1185,1.1184808,1.11758,1.1174973,1.11904,1.118974,1.11871,1.1185045,1.11973,1.119705
2017-05-31 06:00:00,1.11752,1.1185,1.1185663,1.11758,1.1175596,1.11904,1.1191347,1.11871,1.1186569,1.11973,1.1196966,1.11864,1.1185547
2017-05-31 07:00:00,1.1185,1.11758,1.1176739,1.11904,1.1189892,1.11871,1.118589,1.11973,1.119668,1.11864,1.1184106,1.11834,1.1181394
2017-05-31 08:00:00,1.11758,1.11904,1.1192181,1.11871,1.1187617,1.11973,1.119804,1.11864,1.1185745,1.11834,1.118331,1.11741,1.1172616
2017-05-31 09:00:00,1.11904,1.11871,1.1186277,1.11973,1.1197438,1.11864,1.1185585,1.11834,1.1182299,1.11741,1.1172583,1.11771,1.1175915
2017-05-31 10:00:00,1.11871,1.11973,1.1197901,1.11864,1.1186457,1.11834,1.1183945,1.11741,1.1174011,1.11771,1.1176344,1.11848,1.1183951
2017-05-31 11:00:00,1.11973,1.11864,1.1186609,1.11834,1.1183494,1.11741,1.1174135,1.11771,1.117693,1.11848,1.1184174,1.11968,1.1196585
2017-05-31 12:00:00,1.11864,1.11834,1.118468,1.11741,1.1174301,1.11771,1.117739,1.11848,1.1184758,1.11968,1.1196145,1.12145,1.1215402
2017-05-31 13:00:00,1.11834,1.11741,1.1174651,1.11771,1.1176641,1.11848,1.1184825,1.11968,1.119594,1.12145,1.1214502,1.12177,1.1217101
2017-05-31 14:00:00,1.11741,1.11771,1.1177977,1.11848,1.1184419,1.11968,1.1196332,1.12145,1.1214658,1.12177,1.1216989,1.12125,1.1209302
2017-05-31 15:00:00,1.11771,1.11848,1.1184846,1.11968,1.119674,1.12145,1.121304,1.12177,1.121527,1.12125,1.1210287,1.12165,1.1215882
2017-05-31 16:00:00,1.11848,1.11968,1.119689,1.12145,1.1215718,1.12177,1.121471,1.12125,1.1212255,1.12165,1.1216,1.12299,1.1229193
2017-05-31 17:00:00,1.11968,1.12145,1.121305,1.12177,1.1217961,1.12125,1.1212593,1.12165,1.1216933,1.12299,1.1230447,1.12225,1.1220737
2017-05-31 18:00:00,1.12145,1.12177,1.1217686,1.12125,1.1211988,1.12165,1.1215775,1.12299,1.1229246,1.12225,1.1221681,1.12231,1.1221644
2017-05-31 19:00:00,1.12177,1.12125,1.1212767,1.12165,1.1216247,1.12299,1.1230491,1.12225,1.1222119,1.12231,1.1222208,1.12386,1.1237218
2017-05-31 20:00:00,1.12125,1.12165,1.1217189,1.12299,1.1229047,1.12225,1.1221778,1.12231,1.122231,1.12386,1.1239039,1.12383,1.123721
2017-05-31 21:00:00,1.12165,1.12299,1.1229827,1.12225,1.1222405,1.12231,1.1222878,1.12386,1.1239237,1.12383,1.1238525,1.12403,1.1240737
2017-05-31 22:00:00,1.12299,1.12225,1.1223366,1.12231,1.1223671,1.12386,1.1238788,1.12383,1.1238812,1.12403,1.123955,1.1243,1.1242151
2017-05-31 23:00:00,1.12225,1.12231,1.1223838,1.12386,1.123899,1.12383,1.1237998,1.12403,1.1240636,1.1243,1.1241959,1.12291,1.1227777
2017-06-01 00:00:00,1.12231,1.12386,1.1237986,1.12383,1.1238903,1.12403,1.1240332,1.1243,1.1243577,1.12291,1.1228367,1.12427,1.124326
2017-06-01 01:00:00,1.12386,1.12383,1.1238322,1.12403,1.1240346,1.1243,1.124367,1.12291,1.1229429,1.12427,1.1242415,1.12414,1.1240162
2017-06-01 02:00:00,1.12383,1.12403,1.124038,1.1243,1.1242633,1.12291,1.122794,1.12427,1.1243247,1.12414,1.1240655,1.12244,1.1224654
2017-06-01 03:00:00,1.12403,1.1243,1.1243018,1.12291,1.1229703,1.12427,1.1242583,1.12414,1.12413,1.12244,1.1223989,1.12164,1.1215909
2017-06-01 04:00:00,1.1243,1.12291,1.1228906,1.12427,1.1242772,1.12414,1.1241974,1.12244,1.1223465,1.12164,1.1215404,1.12137,1.1211083
2017-06-01 05:00:00,1.12291,1.12427,1.1243342,1.12414,1.1241565,1.12244,1.1224225,1.12164,1.121608,1.12137,1.1213115,1.12021,1.1201081
2017-06-01 06:00:00,1.12427,1.12414,1.1241502,1.12244,1.1225693,1.12164,1.1217079,1.12137,1.1215402,1.12021,1.1203263,1.12136,1.1216486
2017-06-01 07:00:00,1.12414,1.12244,1.122411,1.12164,1.1218483,1.12137,1.1214792,1.12021,1.1199716,1.12136,1.1212581,1.12126,1.1213335
2017-06-01 08:00:00,1.12244,1.12164,1.1216922,1.12137,1.1213158,1.12021,1.1202761,1.12136,1.121431,1.12126,1.1211668,1.12169,1.1217356
2017-06-01 09:00:00,1.12164,1.12137,1.1214182,1.12021,1.1201372,1.12136,1.121485,1.12126,1.121321,1.12169,1.1217045,1.12175,1.1217201
2017-06-01 10:00:00,1.12137,1.12021,1.1202842,1.12136,1.1213305,1.12126,1.1212642,1.12169,1.1216419,1.12175,1.1216174,1.12075,1.1205827
2017-06-01 11:00:00,1.12021,1.12136,1.1214727,1.12126,1.1212366,1.12169,1.1216216,1.12175,1.1217275,1.12075,1.120666,1.12041,1.1203008
2017-06-01 12:00:00,1.12136,1.12126,1.121253,1.12169,1.1217198,1.12175,1.1217657,1.12075,1.120665,1.12041,1.1203114,1.12104,1.1208844
2017-06-01 13:00:00,1.12126,1.12169,1.1217575,1.12175,1.1217413,1.12075,1.1207693,1.12041,1.1203212,1.12104,1.1209835,1.12094,1.1208457
2017-06-01 14:00:00,1.12169,1.12175,1.1217263,1.12075,1.1207508,1.12041,1.120472,1.12104,1.1210611,1.12094,1.1209233,1.12071,1.1206347
2017-06-01 15:00:00,1.12175,1.12075,1.1207544,1.12041,1.1204108,1.12104,1.1211104,1.12094,1.1209404,1.12071,1.1206483,1.1212,1.1210928
2017-06-01 16:00:00,1.12075,1.12041,1.1204389,1.12104,1.1209707,1.12094,1.1209646,1.12071,1.1206625,1.1212,1.1210763,1.12095,1.1207907
2017-06-01 17:00:00,1.12041,1.12104,1.1210417,1.12094,1.1209445,1.12071,1.1207483,1.1212,1.1211836,1.12095,1.1209453,1.12054,1.1204648
2017-06-01 18:00:00,1.12104,1.12094,1.1209601,1.12071,1.1206986,1.1212,1.1212538,1.12095,1.1209407,1.12054,1.1205273,1.1188,1.1186633
2017-06-01 19:00:00,1.12094,1.12071,1.1207513,1.1212,1.121176,1.12095,1.1209514,1.12054,1.120493,1.1188,1.1187547,1.11985,1.1197183
2017-06-01 20:00:00,1.12071,1.1212,1.1211708,1.12095,1.1209593,1.12054,1.1206176,1.1188,1.1187843,1.11985,1.1198672,1.12006,1.1199702
2017-06-01 21:00:00,1.1212,1.12095,1.1209472,1.12054,1.1205658,1.1188,1.1188846,1.11985,1.119847,1.12006,1.1200275,1.11996,1.1199071
2017-06-01 22:00:00,1.12095,1.12054,1.120575,1.1188,1.1187259,1.11985,1.1199752,1.12006,1.1200974,1.11996,1.1199504,1.11944,1.1193533
2017-06-01 23:00:00,1.12054,1.1188,1.1187828,1.11985,1.1198437,1.12006,1.1200783,1.11996,1.1199746,1.11944,1.1193018,1.12106,1.1209728
2017-06-02 00:00:00,1.1188,1.11985,1.1199249,1.12006,1.1200298,1.11996,1.1199625,1.11944,1.1193812,1.12106,1.1210423,1.12181,1.1217514
2017-06-02 01:00:00,1.11985,1.12006,1.1200659,1.11996,1.1199661,1.11944,1.1194469,1.12106,1.1211532,1.12181,1.1217817,1.12234,1.1223434
2017-06-02 02:00:00,1.12006,1.11996,1.1200168,1.11944,1.119412,1.12106,1.1211088,1.12181,1.12181,1.12234,1.122405,1.12168,1.1216121
2017-06-02 03:00:00,1.11996,1.11944,1.119485,1.12106,1.1210029,1.12181,1.1217221,1.12234,1.1221896,1.12168,1.1215153,1.12211,1.122016
2017-06-02 04:00:00,1.11944,1.12106,1.1211058,1.12181,1.1217306,1.12234,1.1223192,1.12168,1.1215609,1.12211,1.1220359,1.11906,1.1188067
2017-06-02 05:00:00,1.12106,1.12181,1.1217518,1.12234,1.1222485,1.12168,1.1215594,1.12211,1.1221215,1.11906,1.1189262,1.11798,1.1178322
2017-06-02 06:00:00,1.12181,1.12234,1.1223633,1.12168,1.121702,1.12211,1.1222167,1.11906,1.1188859,1.11798,1.1177843,1.11672,1.1162716
2017-06-02 07:00:00,1.12234,1.12168,1.1216539,1.12211,1.1221219,1.11906,1.1191034,1.11798,1.1179539,1.11672,1.1165327,1.11844,1.118484
2017-06-02 08:00:00,1.12168,1.12211,1.1221354,1.11906,1.1190555,1.11798,1.1179991,1.11672,1.1168334,1.11844,1.1186388,1.11684,1.1169864
2017-06-02 09:00:00,1.12211,1.11906,1.1190833,1.11798,1.1180401,1.11672,1.1166399,1.11844,1.1185371,1.11684,1.1168394,1.11768,1.1177107
2017-06-02 10:00:00,1.11906,1.11798,1.1181271,1.11672,1.1165375,1.11844,1.1185925,1.11684,1.1166704,1.11768,1.1176904,1.11763,1.1175035
2017-06-02 11:00:00,1.11798,1.11672,1.1168373,1.11844,1.1184417,1.11684,1.1168066,1.11768,1.1176165,1.11763,1.1174332,1.11757,1.1174124
2017-06-02 12:00:00,1.11672,1.11844,1.1184173,1.11684,1.1168342,1.11768,1.1177402,1.11763,1.117675,1.11757,1.1175637,1.11706,1.1169856
2017-06-02 13:00:00,1.11844,1.11684,1.1167995,1.11768,1.1176106,1.11763,1.1176487,1.11757,1.1175447,1.11706,1.1169542,1.11763,1.1174693
2017-06-02 14:00:00,1.11684,1.11768,1.1177154,1.11763,1.117649,1.11757,1.1176437,1.11706,1.116975,1.11763,1.1175323,1.11745,1.1173134
2017-06-02 15:00:00,1.11768,1.11763,1.1175712,1.11757,1.1175344,1.11706,1.117004,1.11763,1.1175487,1.11745,1.1173114,1.11821,1.1180569
2017-06-02 16:00:00,1.11763,1.11757,1.1176401,1.11706,1.1170051,1.11763,1.1176794,1.11745,1.1173975,1.11821,1.1181531,1.11755,1.1173719
2017-06-02 17:00:00,1.11757,1.11706,1.11702,1.11763,1.1175777,1.11745,1.1174215,1.11821,1.1180997,1.11755,1.1173913,1.11718,1.1169816
2017-06-02 18:00:00,1.11706,1.11763,1.1176649,1.11745,1.1174414,1.11821,1.1183251,1.11755,1.1174988,1.11718,1.1171433,1.11668,1.116561
2017-06-02 19:00:00,1.11763,1.11745,1.1174212,1.11821,1.1181788,1.11755,1.1175383,1.11718,1.1171427,1.11668,1.1165965,1.11633,1.1161906
2017-06-02 20:00:00,1.11745,1.11821,1.1182514,1.11755,1.1175135,1.11718,1.1171857,1.11668,1.116615,1.11633,1.1162162,1.11641,1.116287
2017-06-04 21:00:00,1.11821,1.11755,1.1175567,1.11718,1.1171819,1.11668,1.1167891,1.11633,1.1162584,1.11641,1.1163841,1.1163,1.1162525
2017-06-04 22:00:00,1.11755,1.11718,1.1172913,1.11668,1.1167173,1.11633,1.1164435,1.11641,1.116414,1.1163,1.1162513,1.11649,1.1164217
2017-06-04 23:00:00,1.11718,1.11668,1.1167525,1.11633,1.1163579,1.11641,1.1164589,1.1163,1.1162435,1.11649,1.1164258,1.11707,1.1169536
2017-06-05 00:00:00,1.11668,1.11633,1.1163702,1.11641,1.1163985,1.1163,1.116355,1.11649,1.1164571,1.11707,1.1169547,1.11782,1.1177009
2017-06-05 01:00:00,1.11633,1.11641,1.1164672,1.1163,1.1163046,1.11649,1.1164925,1.11707,1.1170498,1.11782,1.1177237,1.11829,1.118189
2017-06-05 02:00:00,1.11641,1.1163,1.1163318,1.11649,1.1164668,1.11707,1.1170484,1.11782,1.1178153,1.11829,1.1181699,1.11867,1.1184534
2017-06-05 03:00:00,1.1163,1.11649,1.116516,1.11707,1.117011,1.11782,1.1177385,1.11829,1.118187,1.11867,1.1184483,1.11834,1.1181331
2017-06-05 04:00:00,1.11649,1.11707,1.1170251,1.11782,1.1177937,1.11829,1.1183264,1.11867,1.1185037,1.11834,1.1182079,1.11863,1.118527
2017-06-05 05:00:00,1.11707,1.11782,1.1178178,1.11829,1.118252,1.11867,1.1187234,1.11834,1.1182646,1.11863,1.1185086,1.11844,1.1182508
2017-06-05 06:00:00,1.11782,1.11829,1.1182709,1.11867,1.118657,1.11834,1.1183119,1.11863,1.1185309,1.11844,1.1183327,1.11711,1.11692
2017-06-05 07:00:00,1.11829,1.11867,1.1186922,1.11834,1.1183175,1.11863,1.1186004,1.11844,1.1183531,1.11711,1.1170267,1.11755,1.1174022
2017-06-05 08:00:00,1.11867,1.11834,1.1184012,1.11863,1.1186483,1.11844,1.118487,1.11711,1.1171023,1.11755,1.1174452,1.11792,1.1177973
2017-06-05 09:00:00,1.11834,1.11863,1.1186234,1.11844,1.1184324,1.11711,1.1170666,1.11755,1.117535,1.11792,1.1178572,1.11733,1.1172426
2017-06-05 10:00:00,1.11863,1.11844,1.1184679,1.11711,1.1170866,1.11755,1.1175959,1.11792,1.1178662,1.11733,1.1172495,1.11701,1.1169736
2017-06-05 11:00:00,1.11844,1.11711,1.1172397,1.11755,1.117537,1.11792,1.1179925,1.11733,1.1173044,1.11701,1.116961,1.11702,1.1168755
2017-06-05 12:00:00,1.11711,1.11755,1.1176107,1.11792,1.1179084,1.11733,1.1173059,1.11701,1.1169678,1.11702,1.1169274,1.1171,1.1169804
2017-06-05 13:00:00,1.11755,1.11792,1.1179467,1.11733,1.1173489,1.11701,1.1170012,1.11702,1.1170322,1.1171,1.1170294,1.11615,1.1159886
2017-06-05 14:00:00,1.11792,1.11733,1.1173562,1.11701,1.1170357,1.11702,1.1170408,1.1171,1.1170675,1.11615,1.1160785,1.11508,1.1150354
2017-06-05 15:00:00,1.11733,1.11701,1.1170578,1.11702,1.1170058,1.1171,1.117118,1.11615,1.1161109,1.11508,1.1149732,1.11379,1.1135646
2017-06-05 16:00:00,1.11701,1.11702,1.1170206,1.1171,1.1170772,1.11615,1.1161635,1.11508,1.1151222,1.11379,1.1137233,1.11284,1.1125124
2017-06-05 17:00:00,1.11702,1.1171,1.1171194,1.11615,1.116141,1.11508,1.1150901,1.11379,1.1137526,1.11284,1.1129323,1.11329,1.1132439
2017-06-05 18:00:00,1.1171,1.11615,1.116154,1.11508,1.1150821,1.11379,1.1139692,1.11284,1.1127826,1.11329,1.1132017,1.1123099,1.112152
2017-06-05 19:00:00,1.11615,1.11508,1.1151016,1.11379,1.1136806,1.11284,1.1130035,1.11329,1.113202,1.1123099,1.112271,1.11287,1.1127408
2017-06-05 20:00:00,1.11508,1.11379,1.11381,1.11284,1.1127404,1.11329,1.1134173,1.1123099,1.1121528,1.11287,1.1128606,1.1125,1.1122546
2017-06-05 21:00:00,1.11379,1.11284,1.1129031,1.11329,1.1133003,1.1123099,1.1123794,1.11287,1.1128412,1.1125,1.112419,1.1127,1.1126211
2017-06-05 22:00:00,1.11284,1.11329,1.1133202,1.1123099,1.1122942,1.11287,1.1129822,1.1125,1.1124961,1.1127,1.1126833,1.11155,1.1113479
2017-06-05 23:00:00,1.11329,1.1123099,1.1123425,1.11287,1.1129086,1.1125,1.1125501,1.1127,1.1126654,1.11155,1.1113571,1.11302,1.1128936
2017-06-06 00:00:00,1.1123099,1.11287,1.1129363,1.1125,1.1124986,1.1127,1.1128247,1.11155,1.1114945,1.11302,1.1130087,1.11402,1.1138991
2017-06-06 01:00:00,1.11287,1.1125,1.11245,1.1127,1.1126763,1.11155,1.1114997,1.11302,1.1129712,1.11402,1.1139102,1.11395,1.113856
2017-06-06 02:00:00,1.1125,1.1127,1.112729,1.11155,1.1114876,1.11302,1.113084,1.11402,1.1140598,1.11395,1.1138893,1.11642,1.1162496
2017-06-06 03:00:00,1.1127,1.11155,1.1115559,1.11302,1.1129507,1.11402,1.1140623,1.11395,1.1137676,1.11642,1.1163535,1.11532,1.1150014
2017-06-06 04:00:00,1.11155,1.11302,1.1131394,1.11402,1.1138049,1.11395,1.1136879,1.11642,1.1164477,1.11532,1.1149976,1.11733,1.1172009
2017-06-06 05:00:00,1.11302,1.11402,1.1140171,1.11395,1.1139286,1.11642,1.1165632,1.11532,1.1151476,1.11733,1.1172174,1.11617,1.1159518
2017-06-06 06:00:00,1.11402,1.11395,1.1139941,1.11642,1.1163121,1.11532,1.1151308,1.11733,1.1172309,1.11617,1.1159929,1.11901,1.1189196
2017-06-06 07:00:00,1.11395,1.11642,1.1165462,1.11532,1.1153498,1.11733,1.1173387,1.11617,1.116162,1.11901,1.1189388,1.1177,1.1175566
2017-06-06 08:00:00,1.11642,1.11532,1.1153066,1.11733,1.1172701,1.11617,1.1159815,1.11901,1.1190354,1.1177,1.1174426,1.11819,1.118078
2017-06-06 09:00:00,1.11532,1.11733,1.1174319,1.11617,1.1160933,1.11901,1.1193049,1.1177,1.1176472,1.11819,1.1181755,1.11738,1.1173162
2017-06-06 10:00:00,1.11733,1.11617,1.1161209,1.11901,1.1189926,1.1177,1.1175553,1.11819,1.1181551,1.11738,1.11715,1.11798,1.1177945
2017-06-06 11:00:00,1.11617,1.11901,1.1194255,1.1177,1.1176977,1.11819,1.1183149,1.11738,1.117383,1.11798,1.1179225,1.1188,1.118737
2017-06-06 12:00:00,1.11901,1.1177,1.117616,1.11819,1.1182088,1.11738,1.1172676,1.11798,1.118013,1.1188,1.1187075,1.11879,1.1187282
2017-06-06 13:00:00,1.1177,1.11819,1.1183665,1.11738,1.1173203,1.11798,1.1179743,1.1188,1.1187667,1.11879,1.1187274,1.11842,1.1183659
2017-06-06 14:00:00,1.11819,1.11738,1.117339,1.11798,1.1179577,1.1188,1.118743,1.11879,1.1187785,1.11842,1.1182911,1.1178,1.1176443
2017-06-06 15:00:00,1.11738,1.11798,1.1181078,1.1188,1.118838,1.11879,1.1188151,1.11842,1.11828,1.1178,1.117722,1.11727,1.1171297
2017-06-06 16:00:00,1.11798,1.1188,1.1187712,1.11879,1.1187913,1.11842,1.1183659,1.1178,1.117813,1.11727,1.1172231,1.1172299,1.1171104
2017-06-06 17:00:00,1.1188,1.11879,1.1188346,1.11842,1.1184868,1.1178,1.1177723,1.11727,1.1172779,1.1172299,1.1171278,1.11704,1.1169411
2017-06-06 18:00:00,1.11879,1.11842,1.1184045,1.1178,1.1178501,1.11727,1.1173438,1.1172299,1.1171905,1.11704,1.1169333,1.11744,1.1174023
2017-06-06 19:00:00,1.11842,1.1178,1.1178592,1.11727,1.1171981,1.1172299,1.1173148,1.11704,1.1171082,1.11744,1.1173549,1.1175,1.1174058
2017-06-06 20:00:00,1.1178,1.11727,1.1173381,1.1172299,1.1172096,1.11704,1.1170458,1.11744,1.1174427,1.1175,1.117384,1.11759,1.1174611
2017-06-06 21:00:00,1.11727,1.1172299,1.1172599,1.11704,1.117029,1.11744,1.1174374,1.1175,1.117464,1.11759,1.1174843,1.11721,1.1170976
2017-06-06 22:00:00,1.1172299,1.11704,1.1170965,1.11744,1.1174382,1.1175,1.1175343,1.11759,1.1175467,1.11721,1.1171578,1.11675,1.116681
2017-06-06 23:00:00,1.11704,1.11744,1.1174245,1.1175,1.1175053,1.11759,1.1175447,1.11721,1.1171815,1.11675,1.1166652,1.11876,1.118677
2017-06-07 00:00:00,1.11744,1.1175,1.1174958,1.11759,1.1176046,1.11721,1.1172674,1.11675,1.1167241,1.11876,1.1187102,1.11845,1.1183866
2017-06-07 01:00:00,1.1175,1.11759,1.1175988,1.11721,1.1172026,1.11675,1.1167089,1.11876,1.1187106,1.11845,1.1184056,1.11739,1.1173394
2017-06-07 02:00:00,1.11759,1.11721,1.1172779,1.11675,1.1167638,1.11876,1.1187949,1.11845,1.1183993,1.11739,1.1172466,1.11897,1.1188024
2017-06-07 03:00:00,1.11721,1.11675,1.116835,1.11876,1.118748,1.11845,1.1184351,1.11739,1.1172776,1.11897,1.1188893,1.12121,1.1210253
2017-06-07 04:00:00,1.11675,1.11876,1.1187416,1.11845,1.1183696,1.11739,1.1173311,1.11897,1.1189435,1.12121,1.1212684,1.12211,1.1220709
2017-06-07 05:00:00,1.11876,1.11845,1.118429,1.11739,1.1172991,1.11897,1.1190138,1.12121,1.1212459,1.12211,1.1219994,1.12216,1.1220908
2017-06-07 06:00:00,1.11845,1.11739,1.1174831,1.11897,1.1188483,1.12121,1.1211302,1.12211,1.1220006,1.12216,1.121816,1.12329,1.123098
2017-06-07 07:00:00,1.11739,1.11897,1.1191379,1.12121,1.1212003,1.12211,1.1222177,1.12216,1.1219668,1.12329,1.1230414,1.12451,1.1243652
2017-06-07 08:00:00,1.11897,1.12121,1.121214,1.12211,1.121988,1.12216,1.1219642,1.12329,1.1231905,1.12451,1.1244276,1.12363,1.1236159
2017-06-07 09:00:00,1.12121,1.12211,1.1220698,1.12216,1.1221594,1.12329,1.1231285,1.12451,1.1244903,1.12363,1.1235329,1.12363,1.1236347
2017-06-07 10:00:00,1.12211,1.12216,1.122174,1.12329,1.1232305,1.12451,1.1245015,1.12363,1.1235273,1.12363,1.1235833,1.12389,1.1237203
2017-06-07 11:00:00,1.12216,1.12329,1.1232226,1.12451,1.1244591,1.12363,1.1236383,1.12363,1.1234996,1.12389,1.1237082,1.12451,1.1244644
2017-06-07 12:00:00,1.12329,1.12451,1.1245177,1.12363,1.1236231,1.12363,1.1236664,1.12389,1.1239219,1.12451,1.124513,1.12331,1.123289
2017-06-07 13:00:00,1.12451,1.12363,1.1236534,1.12363,1.1236011,1.12389,1.1238903,1.12451,1.1245747,1.12331,1.1232796,1.12424,1.1242505
2017-06-07 14:00:00,1.12363,1.12363,1.1237117,1.12389,1.1239258,1.12451,1.1246569,1.12331,1.1233304,1.12424,1.1242384,1.1242,1.1241345
2017-06-07 15:00:00,1.12363,1.12389,1.123885,1.12451,1.124503,1.12331,1.1232438,1.12424,1.1242603,1.1242,1.1241255,1.12378,1.1237748
2017-06-07 16:00:00,1.12389,1.12451,1.1246068,1.12331,1.123344,1.12424,1.1242889,1.1242,1.1242652,1.12378,1.1237947,1.12385,1.1238322
2017-06-07 17:00:00,1.12451,1.12331,1.1233449,1.12424,1.1242493,1.1242,1.124193,1.12378,1.1237357,1.12385,1.1237618,1.12339,1.1232733
2017-06-07 18:00:00,1.12331,1.12424,1.1242883,1.1242,1.1242332,1.12378,1.123763,1.12385,1.1238937,1.12339,1.1232893,1.12463,1.1245563
2017-06-07 19:00:00,1.12424,1.1242,1.1241689,1.12378,1.1238194,1.12385,1.1238781,1.12339,1.123361,1.12463,1.1246283,1.12415,1.1240739
2017-06-07 20:00:00,1.1242,1.12378,1.12385,1.12385,1.1238439,1.12339,1.123388,1.12463,1.1246139,1.12415,1.1240467,1.12462,1.1245962
2017-06-07 21:00:00,1.12378,1.12385,1.1238616,1.12339,1.1233833,1.12463,1.1246783,1.12415,1.1241252,1.12462,1.1245348,1.12459,1.1244533
2017-06-07 22:00:00,1.12385,1.12339,1.1233932,1.12463,1.1245918,1.12415,1.1240921,1.12462,1.1245512,1.12459,1.1244433,1.1237,1.1235487
2017-06-07 23:00:00,1.12339,1.12463,1.1245742,1.12415,1.1241373,1.12462,1.1246216,1.12459,1.1245351,1.1237,1.1235948,1.12433,1.1242672
2017-06-08 00:00:00,1.12463,1.12415,1.1241728,1.12462,1.124659,1.12459,1.1246214,1.1237,1.1237243,1.12433,1.1242783,1.12318,1.122982
2017-06-08 01:00:00,1.12415,1.12462,1.1246663,1.12459,1.124622,1.1237,1.123697,1.12433,1.1243407,1.12318,1.1231354,1.12256,1.1225271
2017-06-08 02:00:00,1.12462,1.12459,1.1246254,1.1237,1.1237772,1.12433,1.1243824,1.12318,1.1232755,1.12256,1.1225779,1.1235,1.1234688
2017-06-08 03:00:00,1.12459,1.1237,1.1236916,1.12433,1.1243149,1.12318,1.1231842,1.12256,1.1226054,1.1235,1.1233416,1.12272,1.1225264
2017-06-08 04:00:00,1.1237,1.12433,1.1243789,1.12318,1.1231241,1.12256,1.1225433,1.1235,1.1235358,1.12272,1.122661,1.12177,1.1217808
2017-06-08 05:00:00,1.12433,1.12318,1.1232363,1.12256,1.1226526,1.1235,1.1235106,1.12272,1.1227108,1.12177,1.1217152,1.12142,1.1210666
2017-06-08 06:00:00,1.12318,1.12256,1.1226248,1.1235,1.1234905,1.12272,1.122777,1.12177,1.1217676,1.12142,1.121304,1.1220601,1.1219128
2017-06-08 07:00:00,1.12256,1.1235,1.1234663,1.12272,1.122724,1.12177,1.1218029,1.12142,1.1213447,1.1220601,1.1219919,1.12249,1.1224207
2017-06-08 08:00:00,1.1235,1.12272,1.1227182,1.12177,1.1217238,1.12142,1.1214799,1.1220601,1.1220981,1.12249,1.1225235,1.12129,1.1212786
2017-06-08 09:00:00,1.12272,1.12177,1.1218877,1.12142,1.1213055,1.1220601,1.1221243,1.12249,1.1224906,1.12129,1.1212065,1.1209,1.1208231
2017-06-08 10:00:00,1.12177,1.12142,1.1214623,1.1220601,1.1220288,1.12249,1.1225348,1.12129,1.1211964,1.1209,1.1208031,1.12105,1.1208888
2017-06-08 11:00:00,1.12142,1.1220601,1.1220685,1.12249,1.122551,1.12129,1.1213498,1.1209,1.1209308,1.12105,1.1210173,1.1214,1.1213319
2017-06-08 12:00:00,1.1220601,1.12249,1.1225059,1.12129,1.1212863,1.1209,1.1209676,1.12105,1.1210624,1.1214,1.121451,1.1214,1.1213833
2017-06-08 13:00:00,1.12249,1.12129,1.1213129,1.1209,1.1209321,1.12105,1.1209885,1.1214,1.1213596,1.1214,1.1213012,1.12117,1.1210665
2017-06-08 14:00:00,1.12129,1.1209,1.1209557,1.12105,1.1210041,1.1214,1.1214556,1.1214,1.1213441,1.12117,1.1210501,1.1213,1.1211865
2017-06-08 15:00:00,1.1209,1.12105,1.1210866,1.1214,1.1213669,1.1214,1.1214336,1.12117,1.1211348,1.1213,1.1212289,1.12183,1.1217577
2017-06-08 16:00:00,1.12105,1.1214,1.1214477,1.1214,1.1213778,1.12117,1.1211733,1.1213,1.1212798,1.12183,1.1217885,1.12123,1.121101
2017-06-08 17:00:00,1.1214,1.1214,1.1213882,1.12117,1.1211222,1.1213,1.121316,1.12183,1.1218323,1.12123,1.1211684,1.1216199,1.1215512
2017-06-08 18:00:00,1.1214,1.12117,1.1211808,1.1213,1.1212965,1.12183,1.1218591,1.12123,1.1211439,1.1216199,1.1215193,1.12165,1.1214999
2017-06-08 19:00:00,1.12117,1.1213,1.1213266,1.12183,1.1217904,1.12123,1.121225,1.1216199,1.1215953,1.12165,1.1215527,1.12165,1.1215492
2017-06-08 20:00:00,1.1213,1.12183,1.1218727,1.12123,1.121212,1.1216199,1.1216353,1.12165,1.121618,1.12165,1.1215694,1.1218,1.1217092
2017-06-08 21:00:00,1.12183,1.12123,1.1212224,1.1216199,1.121603,1.12165,1.1216435,1.12165,1.1215868,1.1218,1.1216863,1.12189,1.1217512
2017-06-08 22:00:00,1.12123,1.1216199,1.1216955,1.12165,1.1216011,1.12165,1.1216497,1.1218,1.1217667,1.12189,1.1218184,1.12169,1.121607
2017-06-08 23:00:00,1.1216199,1.12165,1.1216642,1.12165,1.1216327,1.1218,1.1218123,1.12189,1.1218649,1.12169,1.1216012,1.12178,1.1216705
2017-06-09 00:00:00,1.12165,1.12165,1.1216837,1.1218,1.1217908,1.12189,1.1219189,1.12169,1.1216607,1.12178,1.121722,1.12145,1.1213495
2017-06-09 01:00:00,1.12165,1.1218,1.1218085,1.12189,1.1218698,1.12169,1.1216687,1.12178,1.1217268,1.12145,1.1213324,1.12204,1.121964
2017-06-09 02:00:00,1.1218,1.12189,1.1219212,1.12169,1.1216818,1.12178,1.1217846,1.12145,1.1213813,1.12204,1.1219475,1.1220601,1.1219444
2017-06-09 03:00:00,1.12189,1.12169,1.1217213,1.12178,1.121757,1.12145,1.1214466,1.12204,1.1220077,1.1220601,1.121973,1.12178,1.1216825
2017-06-09 04:00:00,1.12169,1.12178,1.1218195,1.12145,1.1214261,1.12204,1.1220845,1.1220601,1.1220291,1.12178,1.1217266,1.12056,1.1204842
2017-06-09 05:00:00,1.12178,1.12145,1.1215098,1.12204,1.1220424,1.1220601,1.1219717,1.12178,1.1217889,1.12056,1.1204523,1.12689,1.1271836
2017-06-09 06:00:00,1.12145,1.12204,1.1220672,1.1220601,1.1220685,1.12178,1.1218004,1.12056,1.1204886,1.12689,1.1267518,1.12754,1.1276051
2017-06-09 07:00:00,1.12204,1.1220601,1.1220767,1.12178,1.1217935,1.12056,1.1203111,1.12689,1.1267949,1.12754,1.1271383,1.12747,1.1275492
2017-06-09 08:00:00,1.1220601,1.12178,1.1219001,1.12056,1.1205893,1.12689,1.1267669,1.12754,1.1274676,1.12747,1.1273797,1.12692,1.1268904
2017-06-09 09:00:00,1.12178,1.12056,1.1205323,1.12689,1.1270015,1.12754,1.1270852,1.12747,1.1273106,1.12692,1.1263165,1.12693,1.1267853
2017-06-09 10:00:00,1.12056,1.12689,1.1268817,1.12754,1.1274925,1.12747,1.1276997,1.12692,1.1266916,1.12693,1.1266009,1.12751,1.1273458
2017-06-09 11:00:00,1.12689,1.12754,1.1273907,1.12747,1.1275511,1.12692,1.1268834,1.12693,1.1269579,1.12751,1.1275052,1.12763,1.1275686
2017-06-09 12:00:00,1.12754,1.12747,1.1275718,1.12692,1.1268598,1.12693,1.1268805,1.12751,1.1274741,1.12763,1.127519,1.12815,1.1280799
2017-06-09 13:00:00,1.12747,1.12692,1.1268785,1.12693,1.1269078,1.12751,1.1275036,1.12763,1.1276158,1.12815,1.1280442,1.12798,1.127918
2017-06-09 14:00:00,1.12692,1.12693,1.126953,1.12751,1.1274115,1.12763,1.1275879,1.12815,1.128021,1.12798,1.1278155,1.12766,1.1275716
2017-06-09 15:00:00,1.12693,1.12751,1.127513,1.12763,1.1275522,1.12815,1.1281221,1.12798,1.1279175,1.12766,1.1276034,1.12782,1.1277549
2017-06-09 16:00:00,1.12751,1.12763,1.1276898,1.12815,1.1281621,1.12798,1.1279212,1.12766,1.1277466,1.12782,1.1278654,1.12767,1.1276716
2017-06-09 17:00:00,1.12763,1.12815,1.1281753,1.12798,1.1280113,1.12766,1.1276747,1.12782,1.1279005,1.12767,1.1276697,1.12719,1.1271733
2017-06-09 18:00:00,1.12815,1.12798,1.127996,1.12766,1.1277885,1.12782,1.1278826,1.12767,1.1277796,1.12719,1.1271741,1.12688,1.1269474
2017-06-09 19:00:00,1.12798,1.12766,1.1277274,1.12782,1.1278542,1.12767,1.1276947,1.12719,1.1271975,1.12688,1.1268723,1.12731,1.1273024
2017-06-09 20:00:00,1.12766,1.12782,1.1278603,1.12767,1.1276556,1.12719,1.1271687,1.12688,1.1268166,1.12731,1.1272366,1.12702,1.1269054
2017-06-11 21:00:00,1.12782,1.12767,1.1276752,1.12719,1.1271698,1.12688,1.1268779,1.12731,1.1273396,1.12702,1.1269969,1.12658,1.1264515
2017-06-11 22:00:00,1.12767,1.12719,1.1272538,1.12688,1.1268415,1.12731,1.1273513,1.12702,1.1270593,1.12658,1.1264699,1.12642,1.1263187
2017-06-11 23:00:00,1.12719,1.12688,1.1269165,1.12731,1.1273553,1.12702,1.1270835,1.12658,1.1265839,1.12642,1.1263995,1.1263,1.1262416
2017-06-12 00:00:00,1.12688,1.12731,1.127339,1.12702,1.1270533,1.12658,1.1265799,1.12642,1.1264131,1.1263,1.1262578,1.12641,1.1263988
2017-06-12 01:00:00,1.12731,1.12702,1.1270453,1.12658,1.1266197,1.12642,1.1264616,1.1263,1.1263483,1.12641,1.1263472,1.12713,1.1270986
2017-06-12 02:00:00,1.12702,1.12658,1.1266171,1.12642,1.1264436,1.1263,1.1263154,1.12641,1.12642,1.12713,1.1271089,1.12641,1.1263574
2017-06-12 03:00:00,1.12658,1.12642,1.1264348,1.1263,1.1262757,1.12641,1.1264384,1.12713,1.127166,1.12641,1.1263864,1.12423,1.1241024
2017-06-12 04:00:00,1.12642,1.1263,1.1263379,1.12641,1.1264111,1.12713,1.1271765,1.12641,1.1264536,1.12423,1.1241237,1.12464,1.1246204
2017-06-12 05:00:00,1.1263,1.12641,1.1264076,1.12713,1.1271333,1.12641,1.1264827,1.12423,1.1240505,1.12464,1.1244656,1.12414,1.1238763
2017-06-12 06:00:00,1.12641,1.12713,1.127163,1.12641,1.1264582,1.12423,1.1243038,1.12464,1.1247742,1.12414,1.124172,1.12484,1.124838
2017-06-12 07:00:00,1.12713,1.12641,1.1264434,1.12423,1.124221,1.12464,1.1247373,1.12414,1.1243446,1.12484,1.1250781,1.12499,1.124831
2017-06-12 08:00:00,1.12641,1.12423,1.1244183,1.12464,1.1246085,1.12414,1.1240358,1.12484,1.1247599,1.12499,1.124793,1.12493,1.1247624
2017-06-12 09:00:00,1.12423,1.12464,1.1246678,1.12414,1.1240802,1.12484,1.1249402,1.12499,1.1249944,1.12493,1.1249189,1.12524,1.1252047
2017-06-12 10:00:00,1.12464,1.12414,1.124142,1.12484,1.124832,1.12499,1.1249932,1.12493,1.1248884,1.12524,1.125133,1.12569,1.1255791
2017-06-12 11:00:00,1.12414,1.12484,1.1249335,1.12499,1.125031,1.12493,1.1249828,1.12524,1.1252807,1.12569,1.1256937,1.12567,1.1256602
2017-06-12 12:00:00,1.12484,1.12499,1.1249626,1.12493,1.1249142,1.12524,1.1252334,1.12569,1.1256483,1.12567,1.1256005,1.1254799,1.1253803
2017-06-12 13:00:00,1.12499,1.12493,1.1249659,1.12524,1.1252475,1.12569,1.1257672,1.12567,1.125671,1.1254799,1.1254051,1.12536,1.125248
2017-06-12 14:00:00,1.12493,1.12524,1.1252505,1.12569,1.1256803,1.12567,1.1256762,1.1254799,1.1253936,1.12536,1.1252745,1.12531,1.1251916
2017-06-12 15:00:00,1.12524,1.12569,1.1257008,1.12567,1.125673,1.1254799,1.1254863,1.12536,1.1253221,1.12531,1.1252694,1.12575,1.1256918
2017-06-12 16:00:00,1.12569,1.12567,1.1256661,1.1254799,1.1254451,1.12536,1.125407,1.12531,1.1252884,1.12575,1.1257062,1.12567,1.1256
2017-06-12 17:00:00,1.12567,1.1254799,1.1255044,1.12536,1.1253234,1.12531,1.125327,1.12575,1.1257704,1.12567,1.1256511,1.12619,1.126182
2017-06-12 18:00:00,1.1254799,1.12536,1.1254016,1.12531,1.1253237,1.12575,1.1258287,1.12567,1.1256996,1.12619,1.1261655,1.1272,1.1272556
2017-06-12 19:00:00,1.12536,1.12531,1.1253415,1.12575,1.1257732,1.12567,1.1256775,1.12619,1.1261508,1.1272,1.1271168,1.12717,1.1271591
2017-06-12 20:00:00,1.12531,1.12575,1.1257848,1.12567,1.1256608,1.12619,1.1261942,1.1272,1.1272551,1.12717,1.1271213,1.12682,1.1267804
2017-06-12 21:00:00,1.12575,1.12567,1.125696,1.12619,1.1261983,1.1272,1.1271998,1.12717,1.1270548,1.12682,1.1266938,1.12674,1.1266212
2017-06-12 22:00:00,1.12567,1.12619,1.1262707,1.1272,1.1272436,1.12717,1.1271679,1.12682,1.12679,1.12674,1.12668,1.12727,1.127199
2017-06-12 23:00:00,1.12619,1.1272,1.1273041,1.12717,1.1272314,1.12682,1.1268065,1.12674,1.1267122,1.12727,1.1272422,1.12689,1.1268016
2017-06-13 00:00:00,1.1272,1.12717,1.1271006,1.12682,1.1267799,1.12674,1.1267002,1.12727,1.1272343,1.12689,1.1268221,1.12491,1.124747
2017-06-13 01:00:00,1.12717,1.12682,1.1268525,1.12674,1.1267173,1.12727,1.1272432,1.12689,1.1268355,1.12491,1.1248274,1.1251,1.1249217
2017-06-13 02:00:00,1.12682,1.12674,1.126769,1.12727,1.1272653,1.12689,1.1269093,1.12491,1.1248585,1.1251,1.1249744,1.12479,1.1246675
2017-06-13 03:00:00,1.12674,1.12727,1.1272552,1.12689,1.12689,1.12491,1.1248057,1.1251,1.1251034,1.12479,1.1248052,1.12494,1.1248918
2017-06-13 04:00:00,1.12727,1.12689,1.126895,1.12491,1.1249056,1.1251,1.1251943,1.12479,1.1246608,1.12494,1.1250232,1.1248,1.1247598
2017-06-13 05:00:00,1.12689,1.12491,1.1249896,1.1251,1.1250638,1.12479,1.1249939,1.12494,1.124964,1.1248,1.1247182,1.12547,1.1254857
2017-06-13 06:00:00,1.12491,1.1251,1.1252115,1.12479,1.1248006,1.12494,1.1249812,1.1248,1.1248082,1.12547,1.1254336,1.1267,1.1267585
2017-06-13 07:00:00,1.1251,1.12479,1.12483,1.12494,1.1249745,1.1248,1.1248504,1.12547,1.1254793,1.1267,1.1265998,1.12652,1.1264058
2017-06-13 08:00:00,1.12479,1.12494,1.1249639,1.1248,1.1247816,1.12547,1.1254653,1.1267,1.1267836,1.12652,1.1264822,1.12654,1.126517
2017-06-13 09:00:00,1.12494,1.1248,1.124842,1.12547,1.1254816,1.1267,1.1266549,1.12652,1.1264795,1.12654,1.1263423,1.12695,1.1267651
2017-06-13 10:00:00,1.1248,1.12547,1.1255159,1.1267,1.1265873,1.12652,1.1264689,1.12654,1.1263405,1.12695,1.1269237,1.12815,1.1280493
2017-06-13 11:00:00,1.12547,1.1267,1.126636,1.12652,1.1265243,1.12654,1.1264775,1.12695,1.126926,1.12815,1.1280352,1.12685,1.126697
2017-06-13 12:00:00,1.1267,1.12652,1.1265185,1.12654,1.1265322,1.12695,1.1268849,1.12815,1.1281302,1.12685,1.12674,1.12776,1.1277362
2017-06-13 13:00:00,1.12652,1.12654,1.1265748,1.12695,1.1268972,1.12815,1.1281815,1.12685,1.1267353,1.12776,1.1276324,1.12763,1.1274351
2017-06-13 14:00:00,1.12654,1.12695,1.1269346,1.12815,1.1281722,1.12685,1.1267511,1.12776,1.1277256,1.12763,1.1274768,1.12771,1.1276433
2017-06-13 15:00:00,1.12695,1.12815,1.1281995,1.12685,1.1268337,1.12776,1.1277705,1.12763,1.1276417,1.12771,1.1276996,1.12774,1.1276691
2017-06-13 16:00:00,1.12815,1.12685,1.1268938,1.12776,1.1277525,1.12763,1.1276016,1.12771,1.1276839,1.12774,1.1276336,1.12697,1.1268634
2017-06-13 17:00:00,1.12685,1.12776,1.1278143,1.12763,1.1276159,1.12771,1.1277282,1.12774,1.1277679,1.12697,1.1269097,1.1272,1.1271868
2017-06-13 18:00:00,1.12776,1.12763,1.1275959,1.12771,1.1277367,1.12774,1.1277548,1.12697,1.1269377,1.1272,1.1272023,1.12689,1.1268177
2017-06-13 19:00:00,1.12763,1.12771,1.1277655,1.12774,1.1277432,1.12697,1.1269485,1.1272,1.1272112,1.12689,1.1268427,1.12646,1.1264551
2017-06-13 20:00:00,1.12771,1.12774,1.1277438,1.12697,1.1269432,1.1272,1.1272111,1.12689,1.1269119,1.12646,1.126456,1.1264,1.1263415
2017-06-13 21:00:00,1.12774,1.12697,1.1269447,1.1272,1.127237,1.12689,1.1269078,1.12646,1.1264874,1.1264,1.1263374,1.12642,1.1262884
2017-06-13 22:00:00,1.12697,1.1272,1.1272141,1.12689,1.1268741,1.12646,1.1264962,1.1264,1.1264089,1.12642,1.1263876,1.12647,1.1264132
2017-06-13 23:00:00,1.1272,1.12689,1.1269163,1.12646,1.1264665,1.1264,1.1264405,1.12642,1.1264629,1.12647,1.1263946,1.12719,1.1271495
2017-06-14 00:00:00,1.12689,1.12646,1.126513,1.1264,1.1264215,1.12642,1.1264902,1.12647,1.1264427,1.12719,1.1271741,1.12534,1.1252282
2017-06-14 01:00:00,1.12646,1.1264,1.1264203,1.12642,1.1264068,1.12647,1.126438,1.12719,1.1272007,1.12534,1.1252624,1.12617,1.1261595
2017-06-14 02:00:00,1.1264,1.12642,1.1264602,1.12647,1.1265008,1.12719,1.1272848,1.12534,1.1253179,1.12617,1.1261752,1.12694,1.1268704
2017-06-14 03:00:00,1.12642,1.12647,1.1264305,1.12719,1.1271923,1.12534,1.1252255,1.12617,1.126127,1.12694,1.1268977,1.12116,1.1208339
2017-06-14 04:00:00,1.12647,1.12719,1.127203,1.12534,1.1253635,1.12617,1.1261339,1.12694,1.1269846,1.12116,1.1212769,1.12153,1.1215453
2017-06-14 05:00:00,1.12719,1.12534,1.1252967,1.12617,1.1262594,1.12694,1.1271168,1.12116,1.1209418,1.12153,1.1214745,1.12293,1.1228325
2017-06-14 06:00:00,1.12534,1.12617,1.1262066,1.12694,1.1270245,1.12116,1.1209174,1.12153,1.1216803,1.12293,1.1229347,1.1261,1.1261667
2017-06-14 07:00:00,1.12617,1.12694,1.1269157,1.12116,1.1211976,1.12153,1.1218083,1.12293,1.123129,1.1261,1.1262289,1.12624,1.1263125
2017-06-14 08:00:00,1.12694,1.12116,1.1212702,1.12153,1.1217806,1.12293,1.1229198,1.1261,1.1260535,1.12624,1.1259038,1.12369,1.1235524
2017-06-14 09:00:00,1.12116,1.12153,1.1217035,1.12293,1.122796,1.1261,1.1263613,1.12624,1.1263794,1.12369,1.1234986,1.12642,1.126602
2017-06-14 10:00:00,1.12153,1.12293,1.1229024,1.1261,1.1262485,1.12624,1.1261376,1.12369,1.1232573,1.12642,1.1262398,1.12648,1.1261356
2017-06-14 11:00:00,1.12293,1.1261,1.1262364,1.12624,1.1262707,1.12369,1.1235391,1.12642,1.1263715,1.12648,1.1261984,1.1253,1.1251824
2017-06-14 12:00:00,1.1261,1.12624,1.1261545,1.12369,1.1236384,1.12642,1.1263839,1.12648,1.1265044,1.1253,1.1253366,1.1267099,1.1266105
2017-06-14 13:00:00,1.12624,1.12369,1.123883,1.12642,1.1263696,1.12648,1.126548,1.1253,1.1250987,1.1267099,1.1265062,1.12551,1.1252323
2017-06-14 14:00:00,1.12369,1.12642,1.1263499,1.12648,1.1264008,1.1253,1.1251682,1.1267099,1.126707,1.12551,1.1253949,1.12581,1.1256855
2017-06-14 15:00:00,1.12642,1.12648,1.126481,1.1253,1.1253487,1.1267099,1.126783,1.12551,1.1254475,1.12581,1.125826,1.12574,1.1256012
2017-06-14 16:00:00,1.12648,1.1253,1.125348,1.1267099,1.1266476,1.12551,1.1254997,1.12581,1.1257902,1.12574,1.1255969,1.1255,1.1253703
2017-06-14 17:00:00,1.1253,1.1267099,1.126722,1.12551,1.1254994,1.12581,1.1258175,1.12574,1.125711,1.1255,1.1254752,1.125,1.1249399
2017-06-14 18:00:00,1.1267099,1.12551,1.1254805,1.12581,1.125826,1.12574,1.1257784,1.1255,1.125615,1.125,1.1249164,1.12545,1.1254022
2017-06-14 19:00:00,1.12551,1.12581,1.1258659,1.12574,1.1257325,1.1255,1.1255561,1.125,1.1249878,1.12545,1.12543,1.12606,1.1260762
2017-06-14 20:00:00,1.12581,1.12574,1.1257465,1.1255,1.1255338,1.125,1.1249822,1.12545,1.1254632,1.12606,1.1260731,1.12534,1.125288
2017-06-14 21:00:00,1.12574,1.1255,1.1255448,1.125,1.1249411,1.12545,1.1254809,1.12606,1.1260989,1.12534,1.1252767,1.12569,1.1256578
2017-06-14 22:00:00,1.1255,1.125,1.1250275,1.12545,1.1254275,1.12606,1.126079,1.12534,1.1252965,1.12569,1.1256081,1.12627,1.1261437
2017-06-14 23:00:00,1.125,1.12545,1.1254534,1.12606,1.126063,1.12534,1.1253479,1.12569,1.1256908,1.12627,1.1261716,1.12518,1.1250532
2017-06-15 00:00:00,1.12545,1.12606,1.126074,1.12534,1.1253484,1.12569,1.1257055,1.12627,1.1263012,1.12518,1.1251172,1.12589,1.1258398
2017-06-15 01:00:00,1.12606,1.12534,1.1253365,1.12569,1.125649,1.12627,1.1262864,1.12518,1.1250255,1.12589,1.125789,1.12484,1.1246306
2017-06-15 02:00:00,1.12534,1.12569,1.1257324,1.12627,1.1262171,1.12518,1.1250976,1.12589,1.1258307,1.12484,1.1246517,1.12323,1.1230365
2017-06-15 03:00:00,1.12569,1.12627,1.1262956,1.12518,1.1252222,1.12589,1.1259465,1.12484,1.12483,1.12323,1.1233215,1.12341,1.1233586
2017-06-15 04:00:00,1.12627,1.12518,1.1252402,1.12589,1.1259207,1.12484,1.1247946,1.12323,1.1229709,1.12341,1.1234004,1.1224,1.122249
2017-06-15 05:00:00,1.12518,1.12589,1.1259062,1.12484,1.1248469,1.12323,1.1233133,1.12341,1.1235285,1.1224,1.1223097,1.12255,1.1225741
2017-06-15 06:00:00,1.12589,1.12484,1.1248959,1.12323,1.1233431,1.12341,1.1235288,1.1224,1.1222786,1.12255,1.1226438,1.12181,1.1214914
2017-06-15 07:00:00,1.12484,1.12323,1.1233492,1.12341,1.1234984,1.1224,1.1224198,1.12255,1.1225448,1.12181,1.1214869,1.1220601,1.1217973
2017-06-15 08:00:00,1.12323,1.12341,1.1234901,1.1224,1.1223968,1.12255,1.1227027,1.12181,1.1218494,1.1220601,1.1221154,1.12163,1.12159
2017-06-15 09:00:00,1.12341,1.1224,1.122363,1.12255,1.1225525,1.12181,1.1218525,1.1220601,1.1220227,1.12163,1.1215023,1.1210899,1.1208993
2017-06-15 10:00:00,1.1224,1.12255,1.1225713,1.12181,1.1217921,1.1220601,1.1221795,1.12163,1.1216323,1.1210899,1.1211189,1.12112,1.1210293
2017-06-15 11:00:00,1.12255,1.12181,1.1218568,1.1220601,1.1220464,1.12163,1.121631,1.1210899,1.1210591,1.12112,1.1210804,1.12219,1.1220858
2017-06-15 12:00:00,1.12181,1.1220601,1.1221352,1.12163,1.1216391,1.1210899,1.1211498,1.12112,1.1211038,1.12219,1.1221159,1.12168,1.121557
2017-06-15 13:00:00,1.1220601,1.12163,1.1216033,1.1210899,1.1210383,1.12112,1.1211531,1.12219,1.1221925,1.12168,1.1216179,1.12112,1.1210703
2017-06-15 14:00:00,1.12163,1.1210899,1.1211109,1.12112,1.1211389,1.12219,1.1222336,1.12168,1.1216018,1.12112,1.1210028,1.1204,1.1201541
2017-06-15 15:00:00,1.1210899,1.12112,1.1211612,1.12219,1.1221592,1.12168,1.1216811,1.12112,1.1210297,1.1204,1.1202236,1.12028,1.1200826
2017-06-15 16:00:00,1.12112,1.12219,1.1222217,1.12168,1.1216766,1.12112,1.1211581,1.1204,1.1203277,1.12028,1.1202927,1.11879,1.1187158
2017-06-15 17:00:00,1.12219,1.12168,1.1216545,1.12112,1.1211022,1.1204,1.1203933,1.12028,1.1202893,1.11879,1.1188141,1.11819,1.1180214
2017-06-15 18:00:00,1.12168,1.12112,1.1211594,1.1204,1.1204407,1.12028,1.1203372,1.11879,1.1184916,1.11819,1.1181962,1.11984,1.119752
2017-06-15 19:00:00,1.12112,1.1204,1.1204692,1.12028,1.1202472,1.11879,1.118868,1.11819,1.1182239,1.11984,1.1197838,1.11952,1.1193852
2017-06-15 20:00:00,1.1204,1.12028,1.1203355,1.11879,1.1186614,1.11819,1.118217,1.11984,1.1199484,1.11952,1.1195177,1.11997,1.1200161
2017-06-15 21:00:00,1.12028,1.11879,1.1188812,1.11819,1.1182927,1.11984,1.1199368,1.11952,1.119458,1.11997,1.1199248,1.12032,1.1201617
2017-06-15 22:00:00,1.11879,1.11819,1.1182979,1.11984,1.1198324,1.11952,1.1194478,1.11997,1.1199085,1.12032,1.1201886,1.12032,1.1201103
2017-06-15 23:00:00,1.11819,1.11984,1.1198044,1.11952,1.1194966,1.11997,1.1200024,1.12032,1.1203738,1.12032,1.1202677,1.11887,1.118771
2017-06-16 00:00:00,1.11984,1.11952,1.119535,1.11997,1.1199628,1.12032,1.1203144,1.12032,1.1202661,1.11887,1.1187356,1.11892,1.118725
2017-06-16 01:00:00,1.11952,1.11997,1.1200231,1.12032,1.1202806,1.12032,1.1204088,1.11887,1.1187853,1.11892,1.1188527,1.11757,1.1174699
2017-06-16 02:00:00,1.11997,1.12032,1.1203007,1.12032,1.120291,1.11887,1.1187855,1.11892,1.1188949,1.11757,1.1175215,1.1172299,1.1171
2017-06-16 03:00:00,1.12032,1.12032,1.1203734,1.11887,1.1189196,1.11892,1.1189871,1.11757,1.1175485,1.1172299,1.1171421,1.11804,1.1179385
2017-06-16 04:00:00,1.12032,1.11887,1.1189142,1.11892,1.118935,1.11757,1.1176469,1.1172299,1.1172081,1.11804,1.1179577,1.11789,1.1178111
2017-06-16 05:00:00,1.11887,1.11892,1.1189864,1.11757,1.1175758,1.1172299,1.1172235,1.11804,1.1180922,1.11789,1.1179043,1.11685,1.1167778
2017-06-16 06:00:00,1.11892,1.11757,1.1176505,1.1172299,1.1172605,1.11804,1.1180735,1.11789,1.1179006,1.11685,1.116779,1.11737,1.1173036
2017-06-16 07:00:00,1.11757,1.1172299,1.1173139,1.11804,1.1180117,1.11789,1.1179655,1.11685,1.1167499,1.11737,1.1172625,1.11827,1.1181722
2017-06-16 08:00:00,1.1172299,1.11804,1.1180449,1.11789,1.1178758,1.11685,1.1168424,1.11737,1.1173345,1.11827,1.1181241,1.11886,1.1188232
2017-06-16 09:00:00,1.11804,1.11789,1.1179386,1.11685,1.1168692,1.11737,1.117416,1.11827,1.1182947,1.11886,1.1188515,1.11971,1.1197299
2017-06-16 10:00:00,1.11789,1.11685,1.1168497,1.11737,1.1173548,1.11827,1.1182591,1.11886,1.1187555,1.11971,1.1195656,1.11938,1.1192034
2017-06-16 11:00:00,1.11685,1.11737,1.1174322,1.11827,1.1181648,1.11886,1.118851,1.11971,1.1196387,1.11938,1.1190776,1.11958,1.119548
2017-06-16 12:00:00,1.11737,1.11827,1.1182123,1.11886,1.118774,1.11971,1.1197414,1.11938,1.119349,1.11958,1.1195234,1.11948,1.1192889
2017-06-16 13:00:00,1.11827,1.11886,1.1189255,1.11971,1.1197054,1.11938,1.1192997,1.11958,1.1195786,1.11948,1.1193384,1.11933,1.1191692
2017-06-16 14:00:00,1.11886,1.11971,1.1197888,1.11938,1.1193717,1.11958,1.1195495,1.11948,1.1194122,1.11933,1.1192776,1.12035,1.1202705
2017-06-16 15:00:00,1.11971,1.11938,1.1193489,1.11958,1.119575,1.11948,1.1194915,1.11933,1.1192634,1.12035,1.1202255,1.12032,1.1202124
2017-06-16 16:00:00,1.11938,1.11958,1.1196125,1.11948,1.1194613,1.11933,1.1193123,1.12035,1.1202779,1.12032,1.1202044,1.12012,1.1200238
2017-06-16 17:00:00,1.11958,1.11948,1.119521,1.11933,1.1193011,1.12035,1.1203464,1.12032,1.1202263,1.12012,1.1200241,1.12044,1.1203926
2017-06-16 18:00:00,1.11948,1.11933,1.1193974,1.12035,1.1202748,1.12032,1.1203104,1.12012,1.1200445,1.12044,1.1202785,1.11972,1.1195018
2017-06-16 19:00:00,1.11933,1.12035,1.1203688,1.12032,1.120322,1.12012,1.1200877,1.12044,1.120477,1.11972,1.1196115,1.12096,1.120941
2017-06-16 20:00:00,1.12035,1.12032,1.1203684,1.12012,1.1201934,1.12044,1.1204971,1.11972,1.1197076,1.12096,1.1209694,1.12061,1.1205162
2017-06-18 21:00:00,1.12032,1.12012,1.1201844,1.12044,1.1204382,1.11972,1.1196882,1.12096,1.1209638,1.12061,1.120496,1.1206,1.120538
2017-06-18 22:00:00,1.12012,1.12044,1.1204574,1.11972,1.1196904,1.12096,1.1210113,1.12061,1.1205662,1.1206,1.1205522,1.12116,1.1210904
2017-06-18 23:00:00,1.12044,1.11972,1.1197219,1.12096,1.1209292,1.12061,1.1205823,1.1206,1.1205319,1.12116,1.1210659,1.12104,1.1208819
2017-06-19 00:00:00,1.11972,1.12096,1.1210014,1.12061,1.1205772,1.1206,1.1205957,1.12116,1.1211863,1.12104,1.1209748,1.12205,1.1220695
2017-06-19 01:00:00,1.12096,1.12061,1.1206098,1.1206,1.120622,1.12116,1.1212109,1.12104,1.1210281,1.12205,1.1220185,1.12248,1.1224331
2017-06-19 02:00:00,1.12061,1.1206,1.1206676,1.12116,1.1211702,1.12104,1.1210239,1.12205,1.1219943,1.12248,1.1224291,1.12159,1.1214639
2017-06-19 03:00:00,1.1206,1.12116,1.1212224,1.12104,1.121034,1.12205,1.1220516,1.12248,1.122239,1.12159,1.1214399,1.12159,1.1214961
2017-06-19 04:00:00,1.12116,1.12104,1.1210775,1.12205,1.1220485,1.12248,1.1225423,1.12159,1.1215054,1.12159,1.1215016,1.12185,1.1216968
2017-06-19 05:00:00,1.12104,1.12205,1.122055,1.12248,1.1224594,1.12159,1.121573,1.12159,1.1215682,1.12185,1.1218296,1.12142,1.1213405
2017-06-19 06:00:00,1.12205,1.12248,1.1225055,1.12159,1.1216085,1.12159,1.1216111,1.12185,1.1218412,1.12142,1.121416,1.1208,1.1207358
2017-06-19 07:00:00,1.12248,1.12159,1.1216338,1.12159,1.1216502,1.12185,1.1218976,1.12142,1.1214147,1.1208,1.1206899,1.12024,1.1200991
2017-06-19 08:00:00,1.12159,1.12159,1.1216276,1.12185,1.121831,1.12142,1.1214337,1.1208,1.1207619,1.12024,1.1201508,1.12024,1.1201285
2017-06-19 09:00:00,1.12159,1.12185,1.121886,1.12142,1.1214434,1.1208,1.1208057,1.12024,1.1201979,1.12024,1.1201401,1.11975,1.1197033
2017-06-19 10:00:00,1.12185,1.12142,1.1214871,1.1208,1.1207979,1.12024,1.1203699,1.12024,1.1202196,1.11975,1.1198045,1.12034,1.1203136
2017-06-19 11:00:00,1.12142,1.1208,1.1208942,1.12024,1.120201,1.12024,1.1202229,1.11975,1.1196939,1.12034,1.1203394,1.1207399,1.1206896
2017-06-19 12:00:00,1.1208,1.12024,1.120242,1.12024,1.1202747,1.11975,1.1198106,1.12034,1.1203756,1.1207399,1.1206896,1.12042,1.1203701
2017-06-19 13:00:00,1.12024,1.12024,1.1202903,1.11975,1.1197224,1.12034,1.1203882,1.1207399,1.1207674,1.12042,1.1203808,1.12027,1.1202081
2017-06-19 14:00:00,1.12024,1.11975,1.1197942,1.12034,1.1203294,1.1207399,1.1207864,1.12042,1.1203626,1.12027,1.1201501,1.12047,1.1203246
2017-06-19 15:00:00,1.11975,1.12034,1.1204154,1.1207399,1.1207181,1.12042,1.1204822,1.12027,1.1201988,1.12047,1.120381,1.12012,1.1199967
2017-06-19 16:00:00,1.12034,1.1207399,1.120695,1.12042,1.1204171,1.12027,1.1202722,1.12047,1.1204641,1.12012,1.1200666,1.1197,1.119586
2017-06-19 17:00:00,1.1207399,1.12042,1.120444,1.12027,1.1202604,1.12047,1.1205274,1.12012,1.1201096,1.1197,1.1196243,1.11939,1.1192204
2017-06-19 18:00:00,1.12042,1.12027,1.120296,1.12047,1.1204491,1.12012,1.1201761,1.1197,1.1197016,1.11939,1.1192938,1.11919,1.1190852
2017-06-19 19:00:00,1.12027,1.12047,1.1205056,1.12012,1.1200997,1.1197,1.1197158,1.11939,1.1193408,1.11919,1.1190844,1.11959,1.1194495
2017-06-19 20:00:00,1.12047,1.12012,1.1201532,1.1197,1.1196848,1.11939,1.1194832,1.11919,1.119241,1.11959,1.1195562,1.11898,1.118879
2017-06-19 21:00:00,1.12012,1.1197,1.1197188,1.11939,1.1193191,1.11919,1.1192092,1.11959,1.1195788,1.11898,1.1189221,1.1192499,1.1191746
2017-06-19 22:00:00,1.1197,1.11939,1.1194448,1.11919,1.119189,1.11959,1.1196669,1.11898,1.1189437,1.1192499,1.1191976,1.1187,1.1185718
2017-06-19 23:00:00,1.11939,1.11919,1.1192371,1.11959,1.1195748,1.11898,1.1190139,1.1192499,1.1192497,1.1187,1.1185642,1.11936,1.1192985
2017-06-20 00:00:00,1.11919,1.11959,1.1196153,1.11898,1.1189924,1.1192499,1.1193165,1.1187,1.1186979,1.11936,1.1193562,1.12166,1.1217189
2017-06-20 01:00:00,1.11959,1.11898,1.1190383,1.1192499,1.1192962,1.1187,1.118712,1.11936,1.1193385,1.12166,1.1216162,1.12111,1.1209555
2017-06-20 02:00:00,1.11898,1.1192499,1.1192843,1.1187,1.1186595,1.11936,1.1193682,1.12166,1.1216482,1.12111,1.1210322,1.12069,1.1206578
2017-06-20 03:00:00,1.1192499,1.1187,1.1187369,1.11936,1.1193323,1.12166,1.1215247,1.12111,1.1210983,1.12069,1.1205878,1.12062,1.1204028
2017-06-20 04:00:00,1.1187,1.11936,1.1193953,1.12166,1.1216493,1.12111,1.1210533,1.12069,1.1204463,1.12062,1.1204351,1.12172,1.1215817
2017-06-20 05:00:00,1.11936,1.12166,1.1216211,1.12111,1.1210434,1.12069,1.1207362,1.12062,1.1205957,1.12172,1.1216805,1.12066,1.12053
2017-06-20 06:00:00,1.12166,1.12111,1.1210817,1.12069,1.1206967,1.12062,1.1206493,1.12172,1.1217189,1.12066,1.120569,1.12073,1.1206903
2017-06-20 07:00:00,1.12111,1.12069,1.1207236,1.12062,1.1205682,1.12172,1.1218071,1.12066,1.120569,1.12073,1.1206673,1.12059,1.1204709
2017-06-20 08:00:00,1.12069,1.12062,1.1205795,1.12172,1.1216727,1.12066,1.1206361,1.12073,1.1206551,1.12059,1.1204901,1.11928,1.1191607
2017-06-20 09:00:00,1.12062,1.12172,1.1217844,1.12066,1.1206274,1.12073,1.1207564,1.12059,1.1206222,1.11928,1.1192778,1.12012,1.1201141
2017-06-20 10:00:00,1.12172,1.12066,1.1206455,1.12073,1.1208463,1.12059,1.120677,1.11928,1.1191388,1.12012,1.1200786,1.12015,1.1200721
2017-06-20 11:00:00,1.12066,1.12073,1.1208173,1.12059,1.120615,1.11928,1.1192812,1.12012,1.120184,1.12015,1.1200807,1.12108,1.1211034
2017-06-20 12:00:00,1.12073,1.12059,1.1206064,1.11928,1.1193488,1.12012,1.1202009,1.12015,1.1201808,1.12108,1.1211045,1.12064,1.1205686
2017-06-20 13:00:00,1.12059,1.11928,1.1194232,1.12012,1.1201289,1.12015,1.120113,1.12108,1.1210349,1.12064,1.1204834,1.12097,1.1208804
2017-06-20 14:00:00,1.11928,1.12012,1.1201724,1.12015,1.1200902,1.12108,1.121009,1.12064,1.1206455,1.12097,1.1209232,1.12069,1.1205972
2017-06-20 15:00:00,1.12012,1.12015,1.120131,1.12108,1.1210538,1.12064,1.1205584,1.12097,1.120896,1.12069,1.1205784,1.12076,1.1206594
2017-06-20 16:00:00,1.12015,1.12108,1.1211061,1.12064,1.1206037,1.12097,1.1209847,1.12069,1.120707,1.12076,1.1207495,1.12087,1.1208026
2017-06-20 17:00:00,1.12108,1.12064,1.1205912,1.12097,1.1209809,1.12069,1.120704,1.12076,1.1207619,1.12087,1.1207752,1.12132,1.1212392
2017-06-20 18:00:00,1.12064,1.12097,1.1210455,1.12069,1.120714,1.12076,1.1207961,1.12087,1.1208391,1.12132,1.1212913,1.1215,1.1214451
2017-06-20 19:00:00,1.12097,1.12069,1.1207021,1.12076,1.1207507,1.12087,1.1208616,1.12132,1.1212935,1.1215,1.1213961,1.12118,1.1210662
2017-06-20 20:00:00,1.12069,1.12076,1.1208291,1.12087,1.120837,1.12132,1.121323,1.1215,1.1214329,1.12118,1.1210833,1.1214399,1.1213437
2017-06-20 21:00:00,1.12076,1.12087,1.1208817,1.12132,1.1212901,1.1215,1.1215209,1.12118,1.1211088,1.1214399,1.121365,1.12145,1.1212976
2017-06-20 22:00:00,1.12087,1.12132,1.1213528,1.1215,1.1214613,1.12118,1.1211953,1.1214399,1.1214144,1.12145,1.1214073,1.12187,1.1218519
2017-06-20 23:00:00,1.12132,1.1215,1.1214987,1.12118,1.1211971,1.1214399,1.1214536,1.12145,1.1214311,1.12187,1.1218139,1.1221,1.12204
2017-06-21 00:00:00,1.1215,1.12118,1.121187,1.1214399,1.1214184,1.12145,1.1214317,1.12187,1.1217862,1.1221,1.1219472,1.12084,1.1206558
2017-06-21 01:00:00,1.12118,1.1214399,1.1214474,1.12145,1.1214323,1.12187,1.1219101,1.1221,1.1220795,1.12084,1.1207546,1.12064,1.1205808
2017-06-21 02:00:00,1.1214399,1.12145,1.1214739,1.12187,1.1218729,1.1221,1.1221026,1.12084,1.1207763,1.12064,1.1205543,1.12057,1.1204207
2017-06-21 03:00:00,1.12145,1.12187,1.1218888,1.1221,1.122066,1.12084,1.1208167,1.12064,1.1206391,1.12057,1.1205053,1.12042,1.1203189
2017-06-21 04:00:00,1.12187,1.1221,1.1220764,1.12084,1.1208394,1.12064,1.1207811,1.12057,1.1205381,1.12042,1.1203321,1.12009,1.1200048
2017-06-21 05:00:00,1.1221,1.12084,1.1208792,1.12064,1.120692,1.12057,1.1206046,1.12042,1.1205883,1.12009,1.1202005,1.12625,1.1263818
2017-06-21 06:00:00,1.12084,1.12064,1.1206989,1.12057,1.1205561,1.12042,1.1204684,1.12009,1.1200535,1.12625,1.1262803,1.12713,1.1273329
2017-06-21 07:00:00,1.12064,1.12057,1.120597,1.12042,1.1204054,1.12009,1.1199709,1.12625,1.126541,1.12713,1.1266443,1.12786,1.1276941
2017-06-21 08:00:00,1.12057,1.12042,1.1205269,1.12009,1.1200486,1.12625,1.1263816,1.12713,1.1275035,1.12786,1.1283923,1.12759,1.1276098
2017-06-21 09:00:00,1.12042,1.12009,1.1201499,1.12625,1.126021,1.12713,1.1269827,1.12786,1.127923,1.12759,1.1269431,1.12724,1.1267259
2017-06-21 10:00:00,1.12009,1.12625,1.1258038,1.12713,1.1271708,1.12786,1.127274,1.12759,1.1276296,1.12724,1.1271552,1.12681,1.1265031
2017-06-21 11:00:00,1.12625,1.12713,1.1269654,1.12786,1.1279734,1.12759,1.1274697,1.12724,1.1271185,1.12681,1.1268101,1.12148,1.1209683
2017-06-21 12:00:00,1.12713,1.12786,1.1279424,1.12759,1.1274649,1.12724,1.1270883,1.12681,1.1267333,1.12148,1.1214544,1.12178,1.1216593
2017-06-21 13:00:00,1.12786,1.12759,1.1275468,1.12724,1.1273105,1.12681,1.1268666,1.12148,1.1214317,1.12178,1.1216487,1.1217,1.1215357
2017-06-21 14:00:00,1.12759,1.12724,1.1272649,1.12681,1.126862,1.12148,1.1219136,1.12178,1.1219325,1.1217,1.1217498,1.12159,1.1218772
2017-06-21 15:00:00,1.12724,1.12681,1.1268197,1.12148,1.1217432,1.12178,1.1217861,1.1217,1.1216527,1.12159,1.1217283,1.12091,1.120465
2017-06-21 16:00:00,1.12681,1.12148,1.1218672,1.12178,1.1219493,1.1217,1.1217175,1.12159,1.121484,1.12091,1.1207803,1.12124,1.1213058
2017-06-21 17:00:00,1.12148,1.12178,1.1219124,1.1217,1.1217623,1.12159,1.1217346,1.12091,1.1209811,1.12124,1.1212332,1.1218,1.1218234
2017-06-21 18:00:00,1.12178,1.1217,1.1216972,1.12159,1.1216518,1.12091,1.120876,1.12124,1.1212964,1.1218,1.1217585,1.12194,1.1218882
2017-06-21 19:00:00,1.1217,1.12159,1.1216614,1.12091,1.1209453,1.12124,1.1212549,1.1218,1.1218449,1.12194,1.121935,1.12161,1.1215351
2017-06-21 20:00:00,1.12159,1.12091,1.1208612,1.12124,1.1211785,1.1218,1.1217275,1.12194,1.1218497,1.12161,1.121424,1.12225,1.1220474
2017-06-21 21:00:00,1.12091,1.12124,1.1212832,1.1218,1.1217682,1.12194,1.1219795,1.12161,1.1215107,1.12225,1.1221292,1.12208,1.1218616
2017-06-21 22:00:00,1.12124,1.1218,1.1217889,1.12194,1.1218833,1.12161,1.1215979,1.12225,1.1221483,1.12208,1.1219022,1.12174,1.1215608
2017-06-21 23:00:00,1.1218,1.12194,1.1219504,1.12161,1.1215824,1.12225,1.1222751,1.12208,1.1219711,1.12174,1.1216298,1.12118,1.1210072
2017-06-22 00:00:00,1.12194,1.12161,1.1216114,1.12225,1.1222023,1.12208,1.1220751,1.12174,1.1216797,1.12118,1.1210953,1.11933,1.1192032
2017-06-22 01:00:00,1.12161,1.12225,1.1222482,1.12208,1.1220633,1.12174,1.1217443,1.12118,1.1211402,1.11933,1.1192622,1.11791,1.1177486
2017-06-22 02:00:00,1.12225,1.12208,1.1220884,1.12174,1.1217277,1.12118,1.1213143,1.11933,1.1193742,1.11791,1.1178125,1.11596,1.115799
2017-06-22 03:00:00,1.12208,1.12174,1.1217746,1.12118,1.1211739,1.11933,1.1194973,1.11791,1.1180049,1.11596,1.1161697,1.11657,1.1166567
2017-06-22 04:00:00,1.12174,1.12118,1.1212789,1.11933,1.1194788,1.11791,1.1179858,1.11596,1.1157527,1.11657,1.1165738,1.1162,1.1163558
2017-06-22 05:00:00,1.12118,1.11933,1.119428,1.11791,1.1179926,1.11596,1.116267,1.11657,1.1165246,1.1162,1.1161516,1.11514,1.1150273
2017-06-22 06:00:00,1.11933,1.11791,1.1179836,1.11596,1.1159816,1.11657,1.1167078,1.1162,1.1163666,1.11514,1.1151112,1.11475,1.1142689
2017-06-22 07:00:00,1.11791,1.11596,1.1160597,1.11657,1.1166313,1.1162,1.1161883,1.11514,1.115029,1.11475,1.114682,1.11482,1.1145359
2017-06-22 08:00:00,1.11596,1.11657,1.1166604,1.1162,1.1162196,1.11514,1.1152117,1.11475,1.1147422,1.11482,1.1147376,1.11506,1.1147842
2017-06-22 09:00:00,1.11657,1.1162,1.1160791,1.11514,1.1151301,1.11475,1.1149683,1.11482,1.114836,1.11506,1.1150305,1.11476,1.1145878
2017-06-22 10:00:00,1.1162,1.11514,1.1151841,1.11475,1.1146343,1.11482,1.1147399,1.11506,1.1150153,1.11476,1.1146382,1.11423,1.1139804
2017-06-22 11:00:00,1.11514,1.11475,1.1148081,1.11482,1.1147674,1.11506,1.1151627,1.11476,1.1147617,1.11423,1.114264,1.11532,1.1152786
2017-06-22 12:00:00,1.11475,1.11482,1.1148276,1.11506,1.1149924,1.11476,1.1147945,1.11423,1.1140969,1.11532,1.115217,1.11449,1.1142759
2017-06-22 13:00:00,1.11482,1.11506,1.1150554,1.11476,1.1147307,1.11423,1.1143116,1.11532,1.1153249,1.11449,1.1143969,1.11439,1.1143277
2017-06-22 14:00:00,1.11506,1.11476,1.1148016,1.11423,1.1141821,1.11532,1.1154267,1.11449,1.1144196,1.11439,1.1143748,1.11453,1.1144018
2017-06-22 15:00:00,1.11476,1.11423,1.1143259,1.11532,1.1152956,1.11449,1.1144899,1.11439,1.1142921,1.11453,1.1143785,1.11456,1.1143813
2017-06-22 16:00:00,1.11423,1.11532,1.1153386,1.11449,1.1144891,1.11439,1.114471,1.11453,1.1145229,1.11456,1.1145549,1.11482,1.1147833
2017-06-22 17:00:00,1.11532,1.11449,1.1145498,1.11439,1.1143987,1.11453,1.1145514,1.11456,1.1145408,1.11482,1.1147432,1.11533,1.1152225
2017-06-22 18:00:00,1.11449,1.11439,1.1144626,1.11453,1.1144906,1.11456,1.1145985,1.11482,1.1147635,1.11533,1.1152159,1.11527,1.1151316
2017-06-22 19:00:00,1.11439,1.11453,1.114523,1.11456,1.1145065,1.11482,1.1147941,1.11533,1.1152627,1.11527,1.1151177,1.1150401,1.1148674
2017-06-22 20:00:00,1.11453,1.11456,1.1146123,1.11482,1.114785,1.11533,1.1152815,1.11527,1.1152021,1.1150401,1.1149004,1.11455,1.1143458
2017-06-22 21:00:00,1.11456,1.11482,1.1147888,1.11533,1.1152996,1.11527,1.1152292,1.1150401,1.1149606,1.11455,1.1143914,1.11436,1.1141461
2017-06-22 22:00:00,1.11482,1.11533,1.1153471,1.11527,1.1152443,1.1150401,1.1150041,1.11455,1.1144824,1.11436,1.1142657,1.11418,1.1139796
2017-06-22 23:00:00,1.11533,1.11527,1.1152802,1.1150401,1.1150407,1.11455,1.1145006,1.11436,1.1142572,1.11418,1.1140146,1.11532,1.1151894
2017-06-23 00:00:00,1.11527,1.1150401,1.115093,1.11455,1.1145029,1.11436,1.1143305,1.11418,1.1141464,1.11532,1.115236,1.11664,1.1165673
2017-06-23 01:00:00,1.1150401,1.11455,1.1145847,1.11436,1.1143024,1.11418,1.1142125,1.11532,1.1152753,1.11664,1.1165766,1.11717,1.1171204
2017-06-23 02:00:00,1.11455,1.11436,1.1144161,1.11418,1.114128,1.11532,1.1153556,1.11664,1.11655,1.11717,1.1171447,1.11697,1.1168964
2017-06-23 03:00:00,1.11436,1.11418,1.114235,1.11532,1.1152362,1.11664,1.1165996,1.11717,1.1171825,1.11697,1.1166388,1.11773,1.1175312
2017-06-23 04:00:00,1.11418,1.11532,1.1153992,1.11664,1.1166769,1.11717,1.1171832,1.11697,1.1168302,1.11773,1.1175265,1.11593,1.1156659
2017-06-23 05:00:00,1.11532,1.11664,1.1166389,1.11717,1.1170602,1.11697,1.1168143,1.11773,1.1176621,1.11593,1.1158074,1.11718,1.1171918
2017-06-23 06:00:00,1.11664,1.11717,1.1171756,1.11697,1.1169871,1.11773,1.117822,1.11593,1.1157732,1.11718,1.1171455,1.11758,1.1174097
2017-06-23 07:00:00,1.11717,1.11697,1.1169132,1.11773,1.1177233,1.11593,1.1158546,1.11718,1.1171535,1.11758,1.117389,1.11982,1.1198719
2017-06-23 08:00:00,1.11697,1.11773,1.1176883,1.11593,1.1158369,1.11718,1.117241,1.11758,1.1175479,1.11982,1.1198002,1.11926,1.1191481
2017-06-23 09:00:00,1.11773,1.11593,1.1160173,1.11718,1.117123,1.11758,1.1174697,1.11982,1.1197945,1.11926,1.1190548,1.1188,1.1186203
2017-06-23 10:00:00,1.11593,1.11718,1.117236,1.11758,1.1176119,1.11982,1.1199237,1.11926,1.1191881,1.1188,1.1187646,1.11949,1.1194671
2017-06-23 11:00:00,1.11718,1.11758,1.1175084,1.11982,1.1199857,1.11926,1.1193808,1.1188,1.1186022,1.11949,1.1192327,1.11931,1.1190306
2017-06-23 12:00:00,1.11758,1.11982,1.1197784,1.11926,1.1192853,1.1188,1.1187458,1.11949,1.1195602,1.11931,1.1191543,1.11999,1.1200749
2017-06-23 13:00:00,1.11982,1.11926,1.1192309,1.1188,1.1188258,1.11949,1.1194768,1.11931,1.1192981,1.11999,1.1199487,1.11942,1.1192963
2017-06-23 14:00:00,1.11926,1.1188,1.1188679,1.11949,1.1194448,1.11931,1.1192354,1.11999,1.1199199,1.11942,1.119275,1.11963,1.1195039
2017-06-23 15:00:00,1.1188,1.11949,1.1194774,1.11931,1.1192926,1.11999,1.1200616,1.11942,1.1193881,1.11963,1.1195333,1.1203,1.1202083
2017-06-23 16:00:00,1.11949,1.11931,1.1193348,1.11999,1.1199545,1.11942,1.1194166,1.11963,1.1195456,1.1203,1.1201603,1.12033,1.1202054
2017-06-23 17:00:00,1.11931,1.11999,1.1200086,1.11942,1.1193852,1.11963,1.1196183,1.1203,1.1203411,1.12033,1.1202563,1.11901,1.118899
2017-06-23 18:00:00,1.11999,1.11942,1.1194793,1.11963,1.1195601,1.1203,1.1202236,1.12033,1.1202965,1.11901,1.1188145,1.1197,1.119592
2017-06-23 19:00:00,1.11942,1.11963,1.1196638,1.1203,1.1203226,1.12033,1.1203578,1.11901,1.1189324,1.1197,1.119642,1.11968,1.1195536
2017-06-23 20:00:00,1.11963,1.1203,1.1202828,1.12033,1.120391,1.11901,1.1189991,1.1197,1.1197358,1.11968,1.1196401,1.11972,1.1197349
2017-06-25 21:00:00,1.1203,1.12033,1.1203562,1.11901,1.118983,1.1197,1.1198107,1.11968,1.1197026,1.11972,1.1197672,1.1193,1.1192499
2017-06-25 22:00:00,1.12033,1.11901,1.1189594,1.1197,1.1196845,1.11968,1.1197104,1.11972,1.1196944,1.1193,1.1192198,1.1192499,1.1191343
2017-06-25 23:00:00,1.11901,1.1197,1.1197519,1.11968,1.1197008,1.11972,1.1198092,1.1193,1.1192733,1.1192499,1.1191874,1.1203899,1.1203064
2017-06-26 00:00:00,1.1197,1.11968,1.1196557,1.11972,1.1197522,1.1193,1.1193413,1.1192499,1.1192281,1.1203899,1.120334,1.11937,1.1192273
2017-06-26 01:00:00,1.11968,1.11972,1.1197779,1.1193,1.1192924,1.1192499,1.119218,1.1203899,1.1203893,1.11937,1.1192684,1.11947,1.1193997
2017-06-26 02:00:00,1.11972,1.1193,1.1193123,1.1192499,1.1192411,1.1203899,1.1204197,1.11937,1.1193191,1.11947,1.1194195,1.11919,1.1190225
2017-06-26 03:00:00,1.1193,1.1192499,1.1192789,1.1203899,1.1204225,1.11937,1.1193341,1.11947,1.1194131,1.11919,1.1190672,1.12059,1.1205205
2017-06-26 04:00:00,1.1192499,1.1203899,1.1204315,1.11937,1.1193513,1.11947,1.1195436,1.11919,1.1192055,1.12059,1.1206471,1.11905,1.1189951
2017-06-26 05:00:00,1.1203899,1.11937,1.1194732,1.11947,1.1194042,1.11919,1.1191635,1.12059,1.120593,1.11905,1.118948,1.11814,1.1180228
2017-06-26 06:00:00,1.11937,1.11947,1.1195296,1.11919,1.1191448,1.12059,1.1207153,1.11905,1.1190343,1.11814,1.118111,1.11763,1.1174226
2017-06-26 07:00:00,1.11947,1.11919,1.1191714,1.12059,1.1205231,1.11905,1.1190004,1.11814,1.1180348,1.11763,1.1175293,1.11654,1.116314
2017-06-26 08:00:00,1.11919,1.12059,1.1206362,1.11905,1.1190686,1.11814,1.1182045,1.11763,1.1177648,1.11654,1.1165801,1.11594,1.1160553
2017-06-26 09:00:00,1.12059,1.11905,1.119009,1.11814,1.1180948,1.11763,1.1175834,1.11654,1.1164272,1.11594,1.116134,1.11583,1.1156442
2017-06-26 10:00:00,1.11905,1.11814,1.1181802,1.11763,1.1176411,1.11654,1.1166369,1.11594,1.1157385,1.11583,1.115693,1.1151,1.1151353
2017-06-26 11:00:00,1.11814,1.11763,1.1176258,1.11654,1.1164546,1.11594,1.1160632,1.11583,1.1159952,1.1151,1.1151893,1.11479,1.1147519
2017-06-26 12:00:00,1.11763,1.11654,1.1165204,1.11594,1.1159782,1.11583,1.1158586,1.1151,1.1151453,1.11479,1.114635,1.1148,1.1146661
2017-06-26 13:00:00,1.11654,1.11594,1.1159877,1.11583,1.1158189,1.1151,1.1151094,1.11479,1.1147131,1.1148,1.1147952,1.11472,1.1146469
2017-06-26 14:00:00,1.11594,1.11583,1.1158493,1.1151,1.1150976,1.11479,1.1148632,1.1148,1.1147065,1.11472,1.1147244,1.1148599,1.1147237
2017-06-26 15:00:00,1.11583,1.1151,1.1151215,1.11479,1.114812,1.1148,1.1148444,1.11472,1.1146858,1.1148599,1.1148202,1.11511,1.114927
2017-06-26 16:00:00,1.1151,1.11479,1.1148118,1.1148,1.1147859,1.11472,1.1147634,1.1148599,1.1148012,1.11511,1.1149852,1.11439,1.1142273
2017-06-26 17:00:00,1.11479,1.1148,1.1148274,1.11472,1.1146932,1.1148599,1.1149149,1.11511,1.1150424,1.11439,1.1142945,1.1144199,1.114296
2017-06-26 18:00:00,1.1148,1.11472,1.1147537,1.1148599,1.1148158,1.11511,1.1151646,1.11439,1.1142681,1.1144199,1.1143205,1.11549,1.1152881
2017-06-26 19:00:00,1.11472,1.1148599,1.114846,1.11511,1.1150672,1.11439,1.1144006,1.1144199,1.1143194,1.11549,1.1154089,1.11558,1.1154199
2017-06-26 20:00:00,1.1148599,1.11511,1.1151164,1.11439,1.1143864,1.1144199,1.1144239,1.11549,1.1154485,1.11558,1.1154715,1.11555,1.1154528
2017-06-26 21:00:00,1.11511,1.11439,1.1144474,1.1144199,1.1143693,1.11549,1.1154792,1.11558,1.1154718,1.11555,1.1154345,1.1155,1.1153055
2017-06-26 22:00:00,1.11439,1.1144199,1.1144687,1.11549,1.115502,1.11558,1.1155456,1.11555,1.1154445,1.1155,1.1153795,1.11583,1.1157092
2017-06-26 23:00:00,1.1144199,1.11549,1.1154417,1.11558,1.1155503,1.11555,1.1154945,1.1155,1.1154072,1.11583,1.1157011,1.1152,1.1150324
2017-06-27 00:00:00,1.11549,1.11558,1.1155983,1.11555,1.1155143,1.1155,1.1154944,1.11583,1.1157918,1.1152,1.1151451,1.11617,1.1160768
2017-06-27 01:00:00,1.11558,1.11555,1.1155595,1.1155,1.1154636,1.11583,1.1158656,1.1152,1.1151371,1.11617,1.1160915,1.11578,1.1156328
2017-06-27 02:00:00,1.11555,1.1155,1.1155065,1.11583,1.1158042,1.1152,1.1151453,1.11617,1.1161323,1.11578,1.1156132,1.11591,1.1158314
2017-06-27 03:00:00,1.1155,1.11583,1.11586,1.1152,1.1151681,1.11617,1.1162086,1.11578,1.1157054,1.11591,1.1158284,1.11523,1.1150367
2017-06-27 04:00:00,1.11583,1.1152,1.1152358,1.11617,1.1161659,1.11578,1.1157233,1.11591,1.1158309,1.11523,1.1150459,1.1147699,1.114608
2017-06-27 05:00:00,1.1152,1.11617,1.1162913,1.11578,1.1157274,1.11591,1.1158954,1.11523,1.1151719,1.1147699,1.1146965,1.11502,1.1149212
2017-06-27 06:00:00,1.11617,1.11578,1.1157461,1.11591,1.1159283,1.11523,1.1152474,1.1147699,1.1147709,1.11502,1.1150032,1.11355,1.1134096
2017-06-27 07:00:00,1.11578,1.11591,1.1159377,1.11523,1.1151935,1.1147699,1.1147367,1.11502,1.1150191,1.11355,1.1133685,1.1126,1.1124561
2017-06-27 08:00:00,1.11591,1.11523,1.1152267,1.1147699,1.114771,1.11502,1.1150972,1.11355,1.1133755,1.1126,1.1126078,1.11233,1.1121008
2017-06-27 09:00:00,1.11523,1.1147699,1.1148355,1.11502,1.1150274,1.11355,1.1135333,1.1126,1.1125125,1.11233,1.1123118,1.11242,1.1121163
2017-06-27 10:00:00,1.1147699,1.11502,1.1150545,1.11355,1.1135322,1.1126,1.1126356,1.11233,1.1123978,1.11242,1.1122892,1.11246,1.1123632
2017-06-27 11:00:00,1.11502,1.11355,1.1136441,1.1126,1.1127012,1.11233,1.1124282,1.11242,1.1125367,1.11246,1.1124765,1.11279,1.1128061
2017-06-27 12:00:00,1.11355,1.1126,1.1126764,1.11233,1.1123191,1.11242,1.1124891,1.11246,1.1124244,1.11279,1.1126876,1.11251,1.1123785
2017-06-27 13:00:00,1.1126,1.11233,1.1123761,1.11242,1.1124175,1.11246,1.112467,1.11279,1.1127284,1.11251,1.1123744,1.11333,1.1131963
2017-06-27 14:00:00,1.11233,1.11242,1.1124923,1.11246,1.1124535,1.11279,1.1128461,1.11251,1.1124185,1.11333,1.1132376,1.11334,1.1131637
2017-06-27 15:00:00,1.11242,1.11246,1.1124796,1.11279,1.1127504,1.11251,1.1124701,1.11333,1.1132562,1.11334,1.1132166,1.11344,1.1133031
2017-06-27 16:00:00,1.11246,1.11279,1.1128094,1.11251,1.1124845,1.11333,1.1133059,1.11334,1.1132377,1.11344,1.1133487,1.1136,1.113457
2017-06-27 17:00:00,1.11279,1.11251,1.1125394,1.11333,1.1132746,1.11334,1.113319,1.11344,1.1133474,1.1136,1.1134367,1.11349,1.1132965
2017-06-27 18:00:00,1.11251,1.11333,1.1134262,1.11334,1.1133403,1.11344,1.1134967,1.1136,1.1134901,1.11349,1.1133884,1.1134,1.1132354
2017-06-27 19:00:00,1.11333,1.11334,1.1133391,1.11344,1.1134069,1.1136,1.113617,1.11349,1.1134025,1.1134,1.1133033,1.1134,1.1132398
2017-06-27 20:00:00,1.11334,1.11344,1.1134821,1.1136,1.1135728,1.11349,1.1134756,1.1134,1.1133391,1.1134,1.1133124,1.11355,1.1134255
2017-06-27 21:00:00,1.11344,1.1136,1.1135982,1.11349,1.1134663,1.1134,1.1134065,1.1134,1.1133667,1.11355,1.1134659,1.11329,1.1131644
2017-06-27 22:00:00,1.1136,1.11349,1.1135128,1.1134,1.1133678,1.1134,1.1134164,1.11355,1.1135277,1.11329,1.1132028,1.11297,1.1128534
2017-06-27 23:00:00,1.11349,1.1134,1.113445,1.1134,1.1133802,1.11355,1.1135753,1.11329,1.1132643,1.11297,1.1128953,1.11308,1.112999
2017-06-28 00:00:00,1.1134,1.1134,1.1134441,1.11355,1.1135328,1.11329,1.1132972,1.11297,1.1128899,1.11308,1.1129794,1.11312,1.1129783
2017-06-28 01:00:00,1.1134,1.11355,1.1135865,1.11329,1.1132702,1.11297,1.1129842,1.11308,1.113056,1.11312,1.1130759,1.1142,1.1141319
2017-06-28 02:00:00,1.11355,1.11329,1.1133093,1.11297,1.1129216,1.11308,1.113086,1.11312,1.1130905,1.1142,1.1141953,1.11439,1.1143068
2017-06-28 03:00:00,1.11329,1.11297,1.113011,1.11308,1.1130588,1.11312,1.1131122,1.1142,1.1141747,1.11439,1.1142703,1.11489,1.1148319
2017-06-28 04:00:00,1.11297,1.11308,1.1131086,1.11312,1.1130768,1.1142,1.1142774,1.11439,1.1142431,1.11489,1.1147699,1.11411,1.1139692
2017-06-28 05:00:00,1.11308,1.11312,1.1131359,1.1142,1.1142514,1.11439,1.1143522,1.11489,1.1148679,1.11411,1.1139083,1.11474,1.1146158
2017-06-28 06:00:00,1.11312,1.1142,1.1142229,1.11439,1.1143138,1.11489,1.1149229,1.11411,1.1140301,1.11474,1.114673,1.11387,1.1137252
2017-06-28 07:00:00,1.1142,1.11439,1.1143713,1.11489,1.1148678,1.11411,1.1140333,1.11474,1.1146914,1.11387,1.1137743,1.11414,1.1140358
2017-06-28 08:00:00,1.11439,1.11489,1.114942,1.11411,1.114093,1.11474,1.1147811,1.11387,1.1138136,1.11414,1.1141006,1.11423,1.1141249
2017-06-28 09:00:00,1.11489,1.11411,1.114089,1.11474,1.1147189,1.11387,1.1137916,1.11414,1.1140838,1.11423,1.1141028,1.11466,1.1145513
2017-06-28 10:00:00,1.11411,1.11474,1.1148323,1.11387,1.1138554,1.11414,1.1141853,1.11423,1.1141922,1.11466,1.1145833,1.11507,1.1149967
2017-06-28 11:00:00,1.11474,1.11387,1.1138489,1.11414,1.1141567,1.11423,1.1142452,1.11466,1.1146433,1.11507,1.1149424,1.11619,1.1161202
2017-06-28 12:00:00,1.11387,1.11414,1.1142209,1.11423,1.1142095,1.11466,1.1146783,1.11507,1.114912,1.11619,1.1160263,1.11651,1.1163405
2017-06-28 13:00:00,1.11414,1.11423,1.1142334,1.11466,1.1146675,1.11507,1.1149547,1.11619,1.116168,1.11651,1.1163255,1.11673,1.1166568
2017-06-28 14:00:00,1.11423,1.11466,1.1147317,1.11507,1.1150101,1.11619,1.1162224,1.11651,1.1163666,1.11673,1.1166159,1.11667,1.1164905
2017-06-28 15:00:00,1.11466,1.11507,1.1150792,1.11619,1.1161356,1.11651,1.1164908,1.11673,1.11663,1.11667,1.116608,1.11662,1.1164602
2017-06-28 16:00:00,1.11507,1.11619,1.1163473,1.11651,1.1165221,1.11673,1.116831,1.11667,1.1165909,1.11662,1.1164954,1.11661,1.1164577
2017-06-28 17:00:00,1.11619,1.11651,1.1164933,1.11673,1.1167061,1.11667,1.1166517,1.11662,1.1165915,1.11661,1.116535,1.11627,1.1161298
2017-06-28 18:00:00,1.11651,1.11673,1.1167537,1.11667,1.116644,1.11662,1.1165988,1.11661,1.1165509,1.11627,1.1161681,1.11649,1.1163847
2017-06-28 19:00:00,1.11673,1.11667,1.1166923,1.11662,1.1166182,1.11661,1.1166471,1.11627,1.1162499,1.11649,1.1163987,1.11672,1.1166332
2017-06-28 20:00:00,1.11667,1.11662,1.1166606,1.11661,1.1165975,1.11627,1.116286,1.11649,1.1164755,1.11672,1.1166432,1.11679,1.1167271
2017-06-28 21:00:00,1.11662,1.11661,1.1166416,1.11627,1.1162375,1.11649,1.1165075,1.11672,1.1167293,1.11679,1.1167175,1.11703,1.1169792
2017-06-28 22:00:00,1.11661,1.11627,1.1163276,1.11649,1.1164873,1.11672,1.1167388,1.11679,1.1167891,1.11703,1.1169302,1.11756,1.1175168
2017-06-28 23:00:00,1.11627,1.11649,1.1164987,1.11672,1.1167008,1.11679,1.1167334,1.11703,1.117027,1.11756,1.1174905,1.11712,1.1170567
2017-06-29 00:00:00,1.11649,1.11672,1.1167355,1.11679,1.116799,1.11703,1.1170479,1.11756,1.1175637,1.11712,1.1170607,1.11617,1.1160504
2017-06-29 01:00:00,1.11672,1.11679,1.1168231,1.11703,1.11702,1.11756,1.1175678,1.11712,1.1170461,1.11617,1.116103,1.11676,1.1166209
2017-06-29 02:00:00,1.11679,1.11703,1.1170349,1.11756,1.1175363,1.11712,1.1171539,1.11617,1.116092,1.11676,1.1166741,1.11647,1.1163106
2017-06-29 03:00:00,1.11703,1.11756,1.1175486,1.11712,1.1171168,1.11617,1.1161336,1.11676,1.1167575,1.11647,1.1163943,1.1165,1.1164291
2017-06-29 04:00:00,1.11756,1.11712,1.1171222,1.11617,1.116189,1.11676,1.1168188,1.11647,1.116443,1.1165,1.1164439,1.11651,1.1165023
2017-06-29 05:00:00,1.11712,1.11617,1.1161869,1.11676,1.1167349,1.11647,1.1164653,1.1165,1.1164752,1.11651,1.1163898,1.11605,1.1158733
2017-06-29 06:00:00,1.11617,1.11676,1.1168222,1.11647,1.1164593,1.1165,1.1165448,1.11651,1.1164792,1.11605,1.1159691,1.11592,1.115809
2017-06-29 07:00:00,1.11676,1.11647,1.116481,1.1165,1.1165079,1.11651,1.11655,1.11605,1.116001,1.11592,1.1158187,1.11564,1.1155587
2017-06-29 08:00:00,1.11647,1.1165,1.1165401,1.11651,1.1164889,1.11605,1.1160766,1.11592,1.1158503,1.11564,1.1155939,1.11463,1.1144682
2017-06-29 09:00:00,1.1165,1.11651,1.1165191,1.11605,1.1160586,1.11592,1.1159427,1.11564,1.1155789,1.11463,1.1145254,1.1155,1.1154553
2017-06-29 10:00:00,1.11651,1.11605,1.1160759,1.11592,1.1159232,1.11564,1.1157167,1.11463,1.1146201,1.1155,1.1154726,1.11426,1.1141313
2017-06-29 11:00:00,1.11605,1.11592,1.1159458,1.11564,1.1156328,1.11463,1.1146455,1.1155,1.1155088,1.11426,1.1140915,1.11463,1.1145871
2017-06-29 12:00:00,1.11592,1.11564,1.1156354,1.11463,1.1145421,1.1155,1.1155796,1.11426,1.114238,1.11463,1.1146463,1.11509,1.1149828
2017-06-29 13:00:00,1.11564,1.11463,1.1146034,1.1155,1.1154768,1.11426,1.1142914,1.11463,1.1145716,1.11509,1.1150073,1.11506,1.114903
2017-06-29 14:00:00,1.11463,1.1155,1.1155398,1.11426,1.1142503,1.11463,1.1146736,1.11509,1.1150966,1.11506,1.1150378,1.11506,1.115006
2017-06-29 15:00:00,1.1155,1.11426,1.1142666,1.11463,1.1146344,1.11509,1.1151556,1.11506,1.1150539,1.11506,1.1149634,1.11493,1.1147519
2017-06-29 16:00:00,1.11426,1.11463,1.1147093,1.11509,1.1150548,1.11506,1.1151155,1.11506,1.1149716,1.11493,1.1148113,1.11491,1.1147771
2017-06-29 17:00:00,1.11463,1.11509,1.1150677,1.11506,1.1150782,1.11506,1.1150789,1.11493,1.1148679,1.11491,1.114842,1.11489,1.1147554
2017-06-29 18:00:00,1.11509,1.11506,1.1150889,1.11506,1.1150507,1.11493,1.1149435,1.11491,1.1148849,1.11489,1.1148121,1.11593,1.1157835
2017-06-29 19:00:00,1.11506,1.11506,1.1150672,1.11493,1.1148983,1.11491,1.1149508,1.11489,1.1148256,1.11593,1.1158651,1.11581,1.1156902
2017-06-29 20:00:00,1.11506,1.11493,1.1149553,1.11491,1.1148932,1.11489,1.1148871,1.11593,1.1159364,1.11581,1.1157192,1.11624,1.1161844
2017-06-29 21:00:00,1.11493,1.11491,1.1149431,1.11489,1.1148453,1.11593,1.1159728,1.11581,1.1157625,1.11624,1.116196,1.11612,1.1159322
2017-06-29 22:00:00,1.11491,1.11489,1.1149061,1.11593,1.1158472,1.11581,1.1157988,1.11624,1.116159,1.11612,1.1159388,1.11634,1.1161643
2017-06-29 23:00:00,1.11489,1.11593,1.1159569,1.11581,1.1158258,1.11624,1.1162536,1.11612,1.1160588,1.11634,1.1162778,1.11716,1.1170381
2017-06-30 00:00:00,1.11593,1.11581,1.1157956,1.11624,1.1162347,1.11612,1.1161059,1.11634,1.1162937,1.11716,1.1171421,1.11753,1.117392
2017-06-30 01:00:00,1.11581,1.11624,1.116295,1.11612,1.1160709,1.11634,1.1163847,1.11716,1.1171826,1.11753,1.1175613,1.1171,1.1170576
2017-06-30 02:00:00,1.11624,1.11612,1.116138,1.11634,1.1163163,1.11716,1.1172316,1.11753,1.1174946,1.1171,1.1169895,1.11699,1.1168755
2017-06-30 03:00:00,1.11612,1.11634,1.1163793,1.11716,1.1171379,1.11753,1.1175184,1.1171,1.1170287,1.11699,1.1169113,1.1166,1.1164341
2017-06-30 04:00:00,1.11634,1.11716,1.1171892,1.11753,1.1175942,1.1171,1.117086,1.11699,1.1169707,1.1166,1.1164665,1.11727,1.1171768
2017-06-30 05:00:00,1.11716,1.11753,1.1175674,1.1171,1.1171063,1.11699,1.1170113,1.1166,1.1166023,1.11727,1.1172354,1.11757,1.1174585
2017-06-30 06:00:00,1.11753,1.1171,1.1171604,1.11699,1.116994,1.1166,1.1165885,1.11727,1.1172494,1.11757,1.1174554,1.1195099,1.1194781
2017-06-30 07:00:00,1.1171,1.11699,1.1170169,1.1166,1.1165988,1.11727,1.1173031,1.11757,1.117544,1.1195099,1.1194725,1.11994,1.1198416
2017-06-30 08:00:00,1.11699,1.1166,1.1166123,1.11727,1.1172146,1.11757,1.1175166,1.1195099,1.1194896,1.11994,1.1198956,1.11957,1.1194506
2017-06-30 09:00:00,1.1166,1.11727,1.1173493,1.11757,1.1175053,1.1195099,1.1194726,1.11994,1.1197013,1.11957,1.1195581,1.11964,1.1196063
2017-06-30 10:00:00,1.11727,1.11757,1.1175779,1.1195099,1.1193812,1.11994,1.1200134,1.11957,1.1195426,1.11964,1.1194876,1.11975,1.1195579
2017-06-30 11:00:00,1.11757,1.1195099,1.119556,1.11994,1.120014,1.11957,1.1194834,1.11964,1.1195138,1.11975,1.1196759,1.11963,1.1195126
2017-06-30 12:00:00,1.1195099,1.11994,1.1199292,1.11957,1.1195911,1.11964,1.1196109,1.11975,1.1197257,1.11963,1.1195498,1.11967,1.1195662
2017-06-30 13:00:00,1.11994,1.11957,1.1196128,1.11964,1.1196185,1.11975,1.1197686,1.11963,1.1196169,1.11967,1.1195885,1.11914,1.1190499
2017-06-30 14:00:00,1.11957,1.11964,1.1196448,1.11975,1.1197399,1.11963,1.1196194,1.11967,1.1196393,1.11914,1.1190346,1.11923,1.1191466
2017-06-30 15:00:00,1.11964,1.11975,1.1198124,1.11963,1.119646,1.11967,1.1197124,1.11914,1.1191378,1.11923,1.1191682,1.11958,1.1195097
2017-06-30 16:00:00,1.11975,1.11963,1.1196522,1.11967,1.1196682,1.11914,1.1191154,1.11923,1.1192218,1.11958,1.1194912,1.11992,1.1198666
2017-06-30 17:00:00,1.11963,1.11967,1.1197112,1.11914,1.1191593,1.11923,1.1192383,1.11958,1.1195984,1.11992,1.1198444,1.1195999,1.1195308
2017-06-30 18:00:00,1.11967,1.11914,1.1191353,1.11923,1.1192089,1.11958,1.1195731,1.11992,1.1198982,1.1195999,1.1194664,1.11896,1.1188171
2017-06-30 19:00:00,1.11914,1.11923,1.1192609,1.11958,1.1195744,1.11992,1.1198944,1.1195999,1.1195905,1.11896,1.1188655,1.11945,1.1193166
2017-06-30 20:00:00,1.11923,1.11958,1.1195936,1.11992,1.1199312,1.1195999,1.1196097,1.11896,1.1189207,1.11945,1.1193876,1.11959,1.1194413
2017-07-02 21:00:00,1.11958,1.11992,1.1199248,1.1195999,1.1195896,1.11896,1.1189938,1.11945,1.1194247,1.11959,1.119519,1.11911,1.1189793
2017-07-02 22:00:00,1.11992,1.1195999,1.1196295,1.11896,1.1189896,1.11945,1.1194516,1.11959,1.1196042,1.11911,1.1190832,1.11922,1.1190759
2017-07-02 23:00:00,1.1195999,1.11896,1.1190071,1.11945,1.1194302,1.11959,1.1196007,1.11911,1.1190344,1.11922,1.119104,1.11912,1.1189492
2017-07-03 00:00:00,1.11896,1.11945,1.1194801,1.11959,1.1195505,1.11911,1.1191177,1.11922,1.1191872,1.11912,1.1190075,1.12003,1.1199608
2017-07-03 01:00:00,1.11945,1.11959,1.1195966,1.11911,1.119093,1.11922,1.1192466,1.11912,1.11909,1.12003,1.1200303,1.11852,1.1183828
2017-07-03 02:00:00,1.11959,1.11911,1.1191286,1.11922,1.1191676,1.11912,1.1190633,1.12003,1.1200593,1.11852,1.1183912,1.11766,1.1175526
2017-07-03 03:00:00,1.11911,1.11922,1.1192694,1.11912,1.1191146,1.12003,1.1201937,1.11852,1.1184896,1.11766,1.1176612,1.11792,1.1177742
2017-07-03 04:00:00,1.11922,1.11912,1.1191238,1.12003,1.1200236,1.11852,1.1185161,1.11766,1.1176176,1.11792,1.1178627,1.11811,1.1180646
2017-07-03 05:00:00,1.11912,1.12003,1.1200963,1.11852,1.1185498,1.11766,1.1178013,1.11792,1.118089,1.11811,1.1181388,1.12106,1.1211113
2017-07-03 06:00:00,1.12003,1.11852,1.1185124,1.11766,1.1177592,1.11792,1.1178814,1.11811,1.1181939,1.12106,1.1210077,1.12023,1.1201344
2017-07-03 07:00:00,1.11852,1.11766,1.1177558,1.11792,1.1178211,1.11811,1.118026,1.12106,1.1212616,1.12023,1.1199111,1.12024,1.1202074
2017-07-03 08:00:00,1.11766,1.11792,1.1179749,1.11811,1.1180931,1.12106,1.1211431,1.12023,1.1202004,1.12024,1.1200811,1.11955,1.1193696
2017-07-03 09:00:00,1.11792,1.11811,1.1181533,1.12106,1.1210917,1.12023,1.1199678,1.12024,1.1201845,1.11955,1.1193625,1.11871,1.1184067
2017-07-03 10:00:00,1.11811,1.12106,1.1211703,1.12023,1.1202922,1.12024,1.1203116,1.11955,1.1194721,1.11871,1.1186807,1.1191,1.1190077
2017-07-03 11:00:00,1.12106,1.12023,1.120143,1.12024,1.120301,1.11955,1.1194687,1.11871,1.1187721,1.1191,1.119098,1.11805,1.1178398
2017-07-03 12:00:00,1.12023,1.12024,1.1202976,1.11955,1.119475,1.11871,1.1186997,1.1191,1.1190615,1.11805,1.1180441,1.11798,1.1179144
2017-07-03 13:00:00,1.12024,1.11955,1.1195029,1.11871,1.1187147,1.1191,1.1192102,1.11805,1.1179724,1.11798,1.1178726,1.11809,1.1178837
2017-07-03 14:00:00,1.11955,1.11871,1.1187665,1.1191,1.1190598,1.11805,1.1181397,1.11798,1.1178554,1.11809,1.1180199,1.11815,1.1180532
2017-07-03 15:00:00,1.11871,1.1191,1.1191328,1.11805,1.1180116,1.11798,1.1180433,1.11809,1.1181798,1.11815,1.118083,1.11799,1.1179672
2017-07-03 16:00:00,1.1191,1.11805,1.1180688,1.11798,1.1180336,1.11809,1.1181868,1.11815,1.1181254,1.11799,1.1179627,1.11823,1.1180761
2017-07-03 17:00:00,1.11805,1.11798,1.1180391,1.11809,1.1180785,1.11815,1.1181681,1.11799,1.1179652,1.11823,1.11816,1.11835,1.1182632
2017-07-03 18:00:00,1.11798,1.11809,1.1181035,1.11815,1.1181473,1.11799,1.117991,1.11823,1.118234,1.11835,1.1182789,1.11821,1.1181349
2017-07-03 19:00:00,1.11809,1.11815,1.1181694,1.11799,1.1179639,1.11823,1.1182262,1.11835,1.1183171,1.11821,1.1181252,1.1187,1.1185668
2017-07-03 20:00:00,1.11815,1.11799,1.1179872,1.11823,1.1182011,1.11835,1.1183586,1.11821,1.118147,1.1187,1.1185803,1.11905,1.1189127
2017-07-03 21:00:00,1.11799,1.11823,1.1182976,1.11835,1.1183244,1.11821,1.1182157,1.1187,1.1186492,1.11905,1.1189643,1.11896,1.1188868
2017-07-03 22:00:00,1.11823,1.11835,1.1183792,1.11821,1.118199,1.1187,1.1186936,1.11905,1.1190226,1.11896,1.1188775,1.11952,1.1194482
2017-07-03 23:00:00,1.11835,1.11821,1.1182472,1.1187,1.1186789,1.11905,1.1191115,1.11896,1.1188695,1.11952,1.1193826,1.11906,1.1189084
2017-07-04 00:00:00,1.11821,1.1187,1.1187062,1.11905,1.1190656,1.11896,1.1188833,1.11952,1.1194016,1.11906,1.1188954,1.11865,1.1185085
2017-07-04 01:00:00,1.1187,1.11905,1.1190666,1.11896,1.1189436,1.11952,1.1194888,1.11906,1.119071,1.11865,1.1186366,1.12485,1.1247618
2017-07-04 02:00:00,1.11905,1.11896,1.1189483,1.11952,1.1194795,1.11906,1.1190369,1.11865,1.1185997,1.12485,1.1246989,1.12537,1.1251893
2017-07-04 03:00:00,1.11896,1.11952,1.1195468,1.11906,1.1190263,1.11865,1.1184814,1.12485,1.1249622,1.12537,1.1252702,1.12614,1.1258955
2017-07-04 04:00:00,1.11952,1.11906,1.1191156,1.11865,1.1186076,1.12485,1.1251522,1.12537,1.1252359,1.12614,1.1260002,1.12683,1.1268884
2017-07-04 05:00:00,1.11906,1.11865,1.1187837,1.12485,1.1248231,1.12537,1.125156,1.12614,1.1254903,1.12683,1.1266063,1.12765,1.1274769
2017-07-04 06:00:00,1.11865,1.12485,1.1247978,1.12537,1.1250765,1.12614,1.1260502,1.12683,1.1270996,1.12765,1.1273655,1.12875,1.1290225
2017-07-04 07:00:00,1.12485,1.12537,1.1252481,1.12614,1.1262054,1.12683,1.1267217,1.12765,1.1276774,1.12875,1.1287068,1.12857,1.1284708
2017-07-04 08:00:00,1.12537,1.12614,1.1261857,1.12683,1.1266773,1.12765,1.1274116,1.12875,1.1287259,1.12857,1.1282623,1.13261,1.1324413
2017-07-04 09:00:00,1.12614,1.12683,1.1268004,1.12765,1.1276178,1.12875,1.128795,1.12857,1.1284363,1.13261,1.1325101,1.13112,1.1309949
2017-07-04 10:00:00,1.12683,1.12765,1.1276228,1.12875,1.1286354,1.12857,1.1282417,1.13261,1.1325215,1.13112,1.1307554,1.13318,1.1333752
2017-07-04 11:00:00,1.12765,1.12875,1.1288702,1.12857,1.1286085,1.13261,1.1329281,1.13112,1.1312106,1.13318,1.1331265,1.13459,1.1343685
2017-07-04 12:00:00,1.12875,1.12857,1.1285881,1.13261,1.1324636,1.13112,1.1309458,1.13318,1.1332463,1.13459,1.1345055,1.13483,1.1349435
2017-07-04 13:00:00,1.12857,1.13261,1.1327635,1.13112,1.131119,1.13318,1.1331695,1.13459,1.1348724,1.13483,1.1348767,1.1337299,1.1336405
2017-07-04 14:00:00,1.13261,1.13112,1.1311615,1.13318,1.1332575,1.13459,1.1344244,1.13483,1.1347038,1.1337299,1.1336143,1.13334,1.133274
2017-07-04 15:00:00,1.13112,1.13318,1.133233,1.13459,1.1345882,1.13483,1.1348923,1.1337299,1.1336267,1.13334,1.1332489,1.13425,1.1342081
2017-07-04 16:00:00,1.13318,1.13459,1.1345571,1.13483,1.134911,1.1337299,1.1336647,1.13334,1.1333452,1.13425,1.1341939,1.13364,1.1335675
2017-07-04 17:00:00,1.13459,1.13483,1.1348897,1.1337299,1.1337346,1.13334,1.1332551,1.13425,1.1343024,1.13364,1.1336217,1.13392,1.1338972
2017-07-04 18:00:00,1.13483,1.1337299,1.1337612,1.13334,1.1332983,1.13425,1.1342498,1.13364,1.1336876,1.13392,1.1338422,1.13507,1.1350425
2017-07-04 19:00:00,1.1337299,1.13334,1.1334116,1.13425,1.134305,1.13364,1.1336279,1.13392,1.1339403,1.13507,1.1350222,1.13509,1.1351422
2017-07-04 20:00:00,1.13334,1.13425,1.1342778,1.13364,1.1336272,1.13392,1.1338772,1.13507,1.1350718,1.13509,1.1349951,1.13481,1.1349102
2017-07-04 21:00:00,1.13425,1.13364,1.1336799,1.13392,1.1339356,1.13507,1.1350197,1.13509,1.1351233,1.13481,1.1347519,1.13462,1.1345676
2017-07-04 22:00:00,1.13364,1.13392,1.1340102,1.13507,1.1351786,1.13509,1.1350237,1.13481,1.1348602,1.13462,1.1345103,1.1362,1.1360762
2017-07-04 23:00:00,1.13392,1.13507,1.1350195,1.13509,1.1351194,1.13481,1.1347547,1.13462,1.1346418,1.1362,1.1361911,1.13525,1.1352643
2017-07-05 00:00:00,1.13507,1.13509,1.1351001,1.13481,1.1348382,1.13462,1.1346176,1.1362,1.1363611,1.13525,1.135264,1.13779,1.1378851
2017-07-05 01:00:00,1.13509,1.13481,1.1348325,1.13462,1.1346463,1.1362,1.1362705,1.13525,1.1352012,1.13779,1.1375886,1.13599,1.1357993
2017-07-05 02:00:00,1.13481,1.13462,1.1346288,1.1362,1.1361347,1.13525,1.135161,1.13779,1.1376555,1.13599,1.135728,1.13603,1.1359844
2017-07-05 03:00:00,1.13462,1.1362,1.1363261,1.13525,1.1352906,1.13779,1.1378193,1.13599,1.1358333,1.13603,1.1359918,1.1358,1.1356024
2017-07-05 04:00:00,1.1362,1.13525,1.1353045,1.13779,1.1377856,1.13599,1.1358665,1.13603,1.136036,1.1358,1.1356663,1.13743,1.1372772
2017-07-05 05:00:00,1.13525,1.13779,1.1377898,1.13599,1.1359599,1.13603,1.1360534,1.1358,1.1358227,1.13743,1.1375395,1.13309,1.1330849
2017-07-05 06:00:00,1.13779,1.13599,1.1359174,1.13603,1.1360343,1.1358,1.1355911,1.13743,1.1375958,1.13309,1.1331915,1.13652,1.1366545
2017-07-05 07:00:00,1.13599,1.13603,1.136155,1.1358,1.1358275,1.13743,1.1376944,1.13309,1.1329101,1.13652,1.13658,1.13624,1.1362115
2017-07-05 08:00:00,1.13603,1.1358,1.1357192,1.13743,1.1373794,1.13309,1.1328502,1.13652,1.1365855,1.13624,1.1360787,1.13642,1.1364994
2017-07-05 09:00:00,1.1358,1.13743,1.1375308,1.13309,1.1332211,1.13652,1.1367092,1.13624,1.1363642,1.13642,1.1366001,1.13774,1.1377907
2017-07-05 10:00:00,1.13743,1.13309,1.1329861,1.13652,1.1364989,1.13624,1.1361768,1.13642,1.1363908,1.13774,1.1375124,1.13762,1.137398
2017-07-05 11:00:00,1.13309,1.13652,1.1366473,1.13624,1.1362959,1.13642,1.1364669,1.13774,1.1376603,1.13762,1.1375061,1.13794,1.1378907
2017-07-05 12:00:00,1.13652,1.13624,1.1360812,1.13642,1.1364318,1.13774,1.1378742,1.13762,1.1377003,1.13794,1.1378909,1.1381199,1.1380388
2017-07-05 13:00:00,1.13624,1.13642,1.1365099,1.13774,1.1376275,1.13762,1.1374934,1.13794,1.1378062,1.1381199,1.1380564,1.1376,1.1374638
2017-07-05 14:00:00,1.13642,1.13774,1.1375374,1.13762,1.1375521,1.13794,1.1379896,1.1381199,1.1382182,1.1376,1.1375406,1.13746,1.137426
2017-07-05 15:00:00,1.13774,1.13762,1.1375695,1.13794,1.1378943,1.1381199,1.1380948,1.1376,1.1375566,1.13746,1.1373805,1.13769,1.1375856
2017-07-05 16:00:00,1.13762,1.13794,1.1379056,1.1381199,1.1381004,1.1376,1.1376405,1.13746,1.1374935,1.13769,1.1376784,1.1377699,1.1377779
2017-07-05 17:00:00,1.13794,1.1381199,1.1381524,1.1376,1.1376113,1.13746,1.1374627,1.13769,1.1377206,1.1377699,1.1377732,1.13867,1.1387178
2017-07-05 18:00:00,1.1381199,1.1376,1.137687,1.13746,1.1374696,1.13769,1.1377685,1.1377699,1.1378076,1.13867,1.1386038,1.14047,1.1404811
2017-07-05 19:00:00,1.1376,1.13746,1.1374707,1.13769,1.1376861,1.1377699,1.1377571,1.13867,1.1386448,1.14047,1.140472,1.14047,1.1404357
2017-07-05 20:00:00,1.13746,1.13769,1.1377376,1.1377699,1.1377908,1.13867,1.1386613,1.14047,1.140532,1.14047,1.1404506,1.14053,1.1405753
2017-07-05 21:00:00,1.13769,1.1377699,1.1378046,1.13867,1.1386484,1.14047,1.1404715,1.14047,1.1404191,1.14053,1.1404774,1.14012,1.1399724
2017-07-05 22:00:00,1.1377699,1.13867,1.1386558,1.14047,1.1403584,1.14047,1.1404567,1.14053,1.1402881,1.14012,1.1399593,1.14068,1.1405661
2017-07-05 23:00:00,1.13867,1.14047,1.1405171,1.14047,1.1405092,1.14053,1.1404424,1.14012,1.1401421,1.14068,1.1407138,1.14055,1.1405395
2017-07-06 00:00:00,1.14047,1.14047,1.1404555,1.14053,1.1405275,1.14012,1.1400341,1.14068,1.1406896,1.14055,1.1404457,1.14262,1.1427084
2017-07-06 01:00:00,1.14047,1.14053,1.1405516,1.14012,1.1401252,1.14068,1.1407229,1.14055,1.1405778,1.14262,1.1426007,1.14249,1.142522
2017-07-06 02:00:00,1.14053,1.14012,1.1400939,1.14068,1.140655,1.14055,1.1404473,1.14262,1.1427059,1.14249,1.1424853,1.14131,1.1413305
2017-07-06 03:00:00,1.14012,1.14068,1.1406975,1.14055,1.1405096,1.14262,1.1426198,1.14249,1.1424295,1.14131,1.1411961,1.14056,1.1404516
2017-07-06 04:00:00,1.14068,1.14055,1.1405331,1.14262,1.1426792,1.14249,1.1425115,1.14131,1.1412427,1.14056,1.140468,1.14057,1.1404793
2017-07-06 05:00:00,1.14055,1.14262,1.1426011,1.14249,1.1424246,1.14131,1.141277,1.14056,1.1406294,1.14057,1.140656,1.14002,1.1400658
2017-07-06 06:00:00,1.14262,1.14249,1.1424689,1.14131,1.1414144,1.14056,1.1404444,1.14057,1.1405838,1.14002,1.140064,1.13993,1.1398759
2017-07-06 07:00:00,1.14249,1.14131,1.1413538,1.14056,1.1406027,1.14057,1.1406753,1.14002,1.1401232,1.13993,1.1398438,1.14237,1.1424361
2017-07-06 08:00:00,1.14131,1.14056,1.1406046,1.14057,1.1406006,1.14002,1.1400765,1.13993,1.1400062,1.14237,1.1424251,1.14202,1.1420813
2017-07-06 09:00:00,1.14056,1.14057,1.1406598,1.14002,1.1400084,1.13993,1.1398251,1.14237,1.1424336,1.14202,1.1418225,1.14294,1.1429328
2017-07-06 10:00:00,1.14057,1.14002,1.1400621,1.13993,1.139964,1.14237,1.1424732,1.14202,1.1420424,1.14294,1.142937,1.14418,1.1440216
2017-07-06 11:00:00,1.14002,1.13993,1.139952,1.14237,1.1423002,1.14202,1.1419094,1.14294,1.1427336,1.14418,1.1440948,1.14322,1.1430439
2017-07-06 12:00:00,1.13993,1.14237,1.1424145,1.14202,1.141946,1.14294,1.1429126,1.14418,1.1441414,1.14322,1.1430043,1.14387,1.1440039
2017-07-06 13:00:00,1.14237,1.14202,1.1419492,1.14294,1.1429634,1.14418,1.1441966,1.14322,1.1431875,1.14387,1.1437392,1.14396,1.1439301
2017-07-06 14:00:00,1.14202,1.14294,1.1429605,1.14418,1.1441836,1.14322,1.1430844,1.14387,1.1438875,1.14396,1.1438146,1.14394,1.1438453
2017-07-06 15:00:00,1.14294,1.14418,1.1441574,1.14322,1.1432126,1.14387,1.1438121,1.14396,1.1439748,1.14394,1.1438993,1.14421,1.1441723
2017-07-06 16:00:00,1.14418,1.14322,1.143241,1.14387,1.1438679,1.14396,1.1439602,1.14394,1.143945,1.14421,1.1441528,1.14388,1.1437883
2017-07-06 17:00:00,1.14322,1.14387,1.1438544,1.14396,1.1439402,1.14394,1.1439408,1.14421,1.144243,1.14388,1.1438041,1.14279,1.1427503
2017-07-06 18:00:00,1.14387,1.14396,1.1439755,1.14394,1.1439583,1.14421,1.1441687,1.14388,1.1439297,1.14279,1.142789,1.14404,1.1440527
2017-07-06 19:00:00,1.14396,1.14394,1.1439832,1.14421,1.1442525,1.14388,1.1439118,1.14279,1.1428283,1.14404,1.1440785,1.14356,1.1435143
2017-07-06 20:00:00,1.14394,1.14421,1.1442056,1.14388,1.1439085,1.14279,1.1427262,1.14404,1.1441404,1.14356,1.1435428,1.14399,1.1440656
2017-07-06 21:00:00,1.14421,1.14388,1.143902,1.14279,1.1428577,1.14404,1.1440936,1.14356,1.1435931,1.14399,1.1440418,1.14398,1.1439893
2017-07-06 22:00:00,1.14388,1.14279,1.1427791,1.14404,1.1440449,1.14356,1.1435694,1.14399,1.1440388,1.14398,1.1439282,1.14295,1.1428936
2017-07-06 23:00:00,1.14279,1.14404,1.1440569,1.14356,1.1435779,1.14399,1.1440585,1.14398,1.1440377,1.14295,1.1429499,1.14226,1.1422398
2017-07-07 00:00:00,1.14404,1.14356,1.1435397,1.14399,1.1440102,1.14398,1.1440144,1.14295,1.1429576,1.14226,1.1422964,1.14115,1.1411465
2017-07-07 01:00:00,1.14356,1.14399,1.1440369,1.14398,1.1439884,1.14295,1.1429332,1.14226,1.1423534,1.14115,1.1412315,1.14014,1.1401223
2017-07-07 02:00:00,1.14399,1.14398,1.1439617,1.14295,1.1430285,1.14226,1.1424152,1.14115,1.1411462,1.14014,1.1402898,1.14091,1.1408716
2017-07-07 03:00:00,1.14398,1.14295,1.1429781,1.14226,1.1423138,1.14115,1.1411014,1.14014,1.1402482,1.14091,1.1408165,1.14022,1.1404382
2017-07-07 04:00:00,1.14295,1.14226,1.142281,1.14115,1.141142,1.14014,1.1401422,1.14091,1.1410114,1.14022,1.1402888,1.14035,1.1403835
2017-07-07 05:00:00,1.14226,1.14115,1.1412393,1.14014,1.1401331,1.14091,1.1410685,1.14022,1.1402223,1.14035,1.1402458,1.14122,1.1411933
2017-07-07 06:00:00,1.14115,1.14014,1.1402643,1.14091,1.1409194,1.14022,1.1402782,1.14035,1.140441,1.14122,1.1411918,1.14189,1.1419152
2017-07-07 07:00:00,1.14014,1.14091,1.1409696,1.14022,1.1402563,1.14035,1.1403514,1.14122,1.1412668,1.14189,1.141845,1.14037,1.1403184
2017-07-07 08:00:00,1.14091,1.14022,1.1402055,1.14035,1.140398,1.14122,1.141265,1.14189,1.1419605,1.14037,1.1403025,1.14105,1.1410336
2017-07-07 09:00:00,1.14022,1.14035,1.1403815,1.14122,1.141231,1.14189,1.1418786,1.14037,1.1403042,1.14105,1.141009,1.1412,1.1410662
2017-07-07 10:00:00,1.14035,1.14122,1.1412199,1.14189,1.1418891,1.14037,1.1402911,1.14105,1.1410255,1.1412,1.1410995,1.14142,1.1413279
2017-07-07 11:00:00,1.14122,1.14189,1.1419235,1.14037,1.1403768,1.14105,1.1411326,1.1412,1.1412551,1.14142,1.1414286,1.14188,1.1418881
2017-07-07 12:00:00,1.14189,1.14037,1.1403223,1.14105,1.141082,1.1412,1.141159,1.14142,1.1414231,1.14188,1.1417553,1.1421,1.1419845
2017-07-07 13:00:00,1.14037,1.14105,1.1411002,1.1412,1.1411374,1.14142,1.1414609,1.14188,1.1418489,1.1421,1.1420866,1.14211,1.1421105
2017-07-07 14:00:00,1.14105,1.1412,1.1411562,1.14142,1.1413915,1.14188,1.1418897,1.1421,1.1420695,1.14211,1.1420531,1.14205,1.1420156
2017-07-07 15:00:00,1.1412,1.14142,1.1414348,1.14188,1.1418734,1.1421,1.1420625,1.14211,1.142057,1.14205,1.1419982,1.14245,1.1423945
2017-07-07 16:00:00,1.14142,1.14188,1.1418606,1.1421,1.1421092,1.14211,1.1420679,1.14205,1.1420993,1.14245,1.142446,1.14228,1.1422763
2017-07-07 17:00:00,1.14188,1.1421,1.1421121,1.14211,1.1421152,1.14205,1.1420859,1.14245,1.142507,1.14228,1.1422998,1.14166,1.1416535
2017-07-07 18:00:00,1.1421,1.14211,1.1421088,1.14205,1.1420864,1.14245,1.1424848,1.14228,1.1423337,1.14166,1.1416488,1.14158,1.1415722
2017-07-07 19:00:00,1.14211,1.14205,1.1420661,1.14245,1.1424633,1.14228,1.1423055,1.14166,1.1416953,1.14158,1.141547,1.14133,1.141308
2017-07-07 20:00:00,1.14205,1.14245,1.1424863,1.14228,1.1422786,1.14166,1.141613,1.14158,1.1416162,1.14133,1.1412855,1.14037,1.1403341
2017-07-09 21:00:00,1.14245,1.14228,1.1423132,1.14166,1.141651,1.14158,1.1415572,1.14133,1.1413774,1.14037,1.1403372,1.14125,1.1412239
2017-07-09 22:00:00,1.14228,1.14166,1.1417,1.14158,1.1416091,1.14133,1.1414013,1.14037,1.1403142,1.14125,1.1412638,1.14072,1.1407278
2017-07-09 23:00:00,1.14166,1.14158,1.1416072,1.14133,1.1413432,1.14037,1.1403681,1.14125,1.1413155,1.14072,1.1407017,1.14111,1.1411388
2017-07-10 00:00:00,1.14158,1.14133,1.1413438,1.14037,1.1403543,1.14125,1.1413203,1.14072,1.1408118,1.14111,1.1411903,1.13941,1.1393007
2017-07-10 01:00:00,1.14133,1.14037,1.1403856,1.14125,1.141245,1.14072,1.1406945,1.14111,1.1411382,1.13941,1.1392896,1.13786,1.1378577
2017-07-10 02:00:00,1.14037,1.14125,1.1413054,1.14072,1.1407332,1.14111,1.1411741,1.13941,1.1394236,1.13786,1.1379126,1.13727,1.1372526
2017-07-10 03:00:00,1.14125,1.14072,1.1407084,1.14111,1.1411843,1.13941,1.1394886,1.13786,1.1377887,1.13727,1.1372792,1.13743,1.1374247
2017-07-10 04:00:00,1.14072,1.14111,1.1411605,1.13941,1.1394402,1.13786,1.1379551,1.13727,1.1374385,1.13743,1.1375835,1.13641,1.1362001
2017-07-10 05:00:00,1.14111,1.13941,1.139477,1.13786,1.1380547,1.13727,1.1371677,1.13743,1.1376891,1.13641,1.1362951,1.13673,1.1365995
2017-07-10 06:00:00,1.13941,1.13786,1.1380011,1.13727,1.1373982,1.13743,1.1374733,1.13641,1.1362673,1.13673,1.136754,1.13708,1.1370296
2017-07-10 07:00:00,1.13786,1.13727,1.1373078,1.13743,1.1373994,1.13641,1.1364439,1.13673,1.1367171,1.13708,1.137028,1.13675,1.1366841
2017-07-10 08:00:00,1.13727,1.13743,1.1374683,1.13641,1.1363986,1.13673,1.1367638,1.13708,1.1370976,1.13675,1.1367147,1.13662,1.1365933
2017-07-10 09:00:00,1.13743,1.13641,1.136415,1.13673,1.1367545,1.13708,1.1371522,1.13675,1.1367602,1.13662,1.1365392,1.13567,1.135469
2017-07-10 10:00:00,1.13641,1.13673,1.1367319,1.13708,1.1370553,1.13675,1.1367477,1.13662,1.1366032,1.13567,1.1356225,1.13607,1.1360203
2017-07-10 11:00:00,1.13673,1.13708,1.137118,1.13675,1.1367811,1.13662,1.1366762,1.13567,1.1356869,1.13607,1.1360564,1.13578,1.1356416
2017-07-10 12:00:00,1.13708,1.13675,1.1367573,1.13662,1.1365979,1.13567,1.135721,1.13607,1.136114,1.13578,1.135768,1.13624,1.1362156
2017-07-10 13:00:00,1.13675,1.13662,1.1366298,1.13567,1.135694,1.13607,1.1361634,1.13578,1.1357492,1.13624,1.1362178,1.13632,1.1362271
2017-07-10 14:00:00,1.13662,1.13567,1.1357161,1.13607,1.13605,1.13578,1.1358477,1.13624,1.1362627,1.13632,1.1362674,1.13616,1.1361089
2017-07-10 15:00:00,1.13567,1.13607,1.1360767,1.13578,1.1357493,1.13624,1.136256,1.13632,1.1363101,1.13616,1.136118,1.13664,1.1365597
2017-07-10 16:00:00,1.13607,1.13578,1.1358007,1.13624,1.1362548,1.13632,1.136339,1.13616,1.1361562,1.13664,1.1365565,1.13718,1.1370796
2017-07-10 17:00:00,1.13578,1.13624,1.1363026,1.13632,1.1363052,1.13616,1.1361694,1.13664,1.1366146,1.13718,1.1371329,1.13733,1.1372076
2017-07-10 18:00:00,1.13624,1.13632,1.1363145,1.13616,1.1361526,1.13664,1.1366364,1.13718,1.1372294,1.13733,1.1373035,1.13683,1.1367724
2017-07-10 19:00:00,1.13632,1.13616,1.1361997,1.13664,1.1366231,1.13718,1.1371893,1.13733,1.1373043,1.13683,1.1367749,1.13655,1.1364439
2017-07-10 20:00:00,1.13616,1.13664,1.1366453,1.13718,1.1372539,1.13733,1.1373187,1.13683,1.1368243,1.13655,1.1364765,1.13719,1.1371518
2017-07-10 21:00:00,1.13664,1.13718,1.1372001,1.13733,1.1373358,1.13683,1.1368417,1.13655,1.1365219,1.13719,1.1371312,1.13715,1.1370717
2017-07-10 22:00:00,1.13718,1.13733,1.1373298,1.13683,1.1367928,1.13655,1.1365635,1.13719,1.1372117,1.13715,1.1371326,1.13478,1.1347632
2017-07-10 23:00:00,1.13733,1.13683,1.1368701,1.13655,1.1365156,1.13719,1.1371287,1.13715,1.1371771,1.13478,1.1345875,1.13718,1.137206
2017-07-11 00:00:00,1.13683,1.13655,1.1365964,1.13719,1.1372248,1.13715,1.137205,1.13478,1.1348301,1.13718,1.1371639,1.1361,1.1359543
2017-07-11 01:00:00,1.13655,1.13719,1.1372455,1.13715,1.1371807,1.13478,1.1346363,1.13718,1.1372236,1.1361,1.1360799,1.13532,1.135366
2017-07-11 02:00:00,1.13719,1.13715,1.1371894,1.13478,1.1347865,1.13718,1.1372737,1.1361,1.136131,1.13532,1.1354702,1.13492,1.1348383
2017-07-11 03:00:00,1.13715,1.13478,1.1348779,1.13718,1.1371968,1.1361,1.1361035,1.13532,1.1353918,1.13492,1.1347072,1.13511,1.1348624
2017-07-11 04:00:00,1.13478,1.13718,1.1371224,1.1361,1.1360352,1.13532,1.1353624,1.13492,1.1349851,1.13511,1.1351099,1.13499,1.1350018
2017-07-11 05:00:00,1.13718,1.1361,1.1361454,1.13532,1.1353828,1.13492,1.135021,1.13511,1.1352935,1.13499,1.1350712,1.13423,1.1342624
2017-07-11 06:00:00,1.1361,1.13532,1.1354083,1.13492,1.1348704,1.13511,1.1351287,1.13499,1.1350033,1.13423,1.1341645,1.1344,1.1342453
2017-07-11 07:00:00,1.13532,1.13492,1.1349351,1.13511,1.1351233,1.13499,1.1350169,1.13423,1.1342142,1.1344,1.1342918,1.13512,1.1350155
2017-07-11 08:00:00,1.13492,1.13511,1.1351537,1.13499,1.1349871,1.13423,1.1342102,1.1344,1.1343923,1.13512,1.1350596,1.1347001,1.1346097
2017-07-11 09:00:00,1.13511,1.13499,1.1350013,1.13423,1.1341711,1.1344,1.1344141,1.13512,1.1351527,1.1347001,1.134642,1.13504,1.1350065
2017-07-11 10:00:00,1.13499,1.13423,1.1343176,1.1344,1.1343989,1.13512,1.1351537,1.1347001,1.1346548,1.13504,1.1349628,1.13507,1.1349486
2017-07-11 11:00:00,1.13423,1.1344,1.1344316,1.13512,1.1350452,1.1347001,1.1347111,1.13504,1.135074,1.13507,1.1349936,1.13498,1.1348891
2017-07-11 12:00:00,1.1344,1.13512,1.1351067,1.1347001,1.134707,1.13504,1.135068,1.13507,1.1350123,1.13498,1.1349148,1.13456,1.1344644
2017-07-11 13:00:00,1.13512,1.1347001,1.1347351,1.13504,1.1350651,1.13507,1.1350894,1.13498,1.1349752,1.13456,1.1344901,1.13437,1.1342477
2017-07-11 14:00:00,1.1347001,1.13504,1.1350865,1.13507,1.135056,1.13498,1.135039,1.13456,1.1345346,1.13437,1.134324,1.13462,1.1345627
2017-07-11 15:00:00,1.13504,1.13507,1.1350735,1.13498,1.134994,1.13456,1.1345735,1.13437,1.1343398,1.13462,1.1345729,1.13527,1.1352069
2017-07-11 16:00:00,1.13507,1.13498,1.1350205,1.13456,1.1345621,1.13437,1.1344044,1.13462,1.1346531,1.13527,1.1352332,1.1359,1.1358504
2017-07-11 17:00:00,1.13498,1.13456,1.1345946,1.13437,1.1343658,1.13462,1.1346335,1.13527,1.1352698,1.1359,1.1358645,1.13583,1.1358
2017-07-11 18:00:00,1.13456,1.13437,1.1344078,1.13462,1.1346158,1.13527,1.1352615,1.1359,1.1359782,1.13583,1.1357278,1.13664,1.136729
2017-07-11 19:00:00,1.13437,1.13462,1.13464,1.13527,1.135266,1.1359,1.1359029,1.13583,1.1357625,1.13664,1.1365627,1.13622,1.1361356
2017-07-11 20:00:00,1.13462,1.13527,1.1352732,1.1359,1.1358687,1.13583,1.1357777,1.13664,1.1366898,1.13622,1.1360574,1.13582,1.1358043
2017-07-11 21:00:00,1.13527,1.1359,1.1359135,1.13583,1.1358254,1.13664,1.1366107,1.13622,1.1362365,1.13582,1.1357654,1.13539,1.1352867
2017-07-11 22:00:00,1.1359,1.13583,1.1358567,1.13664,1.1366597,1.13622,1.1362069,1.13582,1.1358129,1.13539,1.1353747,1.13528,1.1352148
2017-07-11 23:00:00,1.13583,1.13664,1.1366872,1.13622,1.1362329,1.13582,1.135822,1.13539,1.1353909,1.13528,1.1352215,1.13595,1.1359096
2017-07-12 00:00:00,1.13664,1.13622,1.136209,1.13582,1.1358366,1.13539,1.1354963,1.13528,1.1352983,1.13595,1.1359298,1.13627,1.1362487
2017-07-12 01:00:00,1.13622,1.13582,1.1359086,1.13539,1.135358,1.13528,1.1352937,1.13595,1.1359723,1.13627,1.1362605,1.13412,1.1340284
2017-07-12 02:00:00,1.13582,1.13539,1.1354719,1.13528,1.1352856,1.13595,1.1359359,1.13627,1.1363088,1.13412,1.1340085,1.13235,1.132121
2017-07-12 03:00:00,1.13539,1.13528,1.1353168,1.13595,1.1359812,1.13627,1.1363884,1.13412,1.1341864,1.13235,1.1323003,1.13207,1.1320684
2017-07-12 04:00:00,1.13528,1.13595,1.1359992,1.13627,1.1363072,1.13412,1.1340859,1.13235,1.1323727,1.13207,1.132016,1.13317,1.1330297
2017-07-12 05:00:00,1.13595,1.13627,1.1363,1.13412,1.1341567,1.13235,1.1326001,1.13207,1.1322914,1.13317,1.1331967,1.132,1.1319953
2017-07-12 06:00:00,1.13627,1.13412,1.1341552,1.13235,1.1323608,1.13207,1.132203,1.13317,1.1333339,1.132,1.1319854,1.13291,1.1328378
2017-07-12 07:00:00,1.13412,1.13235,1.1324755,1.13207,1.1320559,1.13317,1.1333001,1.132,1.1320449,1.13291,1.1328629,1.13285,1.1327353
2017-07-12 08:00:00,1.13235,1.13207,1.1321082,1.13317,1.1331052,1.132,1.1319641,1.13291,1.1329203,1.13285,1.1327273,1.1335,1.1334655
2017-07-12 09:00:00,1.13207,1.13317,1.1331677,1.132,1.131984,1.13291,1.1329606,1.13285,1.132835,1.1335,1.1334498,1.13378,1.1335975
2017-07-12 10:00:00,1.13317,1.132,1.1320738,1.13291,1.1328821,1.13285,1.132848,1.1335,1.1334985,1.13378,1.1336752,1.13401,1.133888
2017-07-12 11:00:00,1.132,1.13291,1.1329715,1.13285,1.1327767,1.1335,1.1334925,1.13378,1.1336567,1.13401,1.1339505,1.13405,1.1338485
2017-07-12 12:00:00,1.13291,1.13285,1.1328297,1.1335,1.1335061,1.13378,1.1337357,1.13401,1.1339182,1.13405,1.1339152,1.13415,1.1340182
2017-07-12 13:00:00,1.13285,1.1335,1.1334833,1.13378,1.1337557,1.13401,1.1340219,1.13405,1.1340477,1.13415,1.134068,1.13506,1.1348889
2017-07-12 14:00:00,1.1335,1.13378,1.1337641,1.13401,1.1339945,1.13405,1.1340551,1.13415,1.1340853,1.13506,1.1350418,1.13498,1.1348906
2017-07-12 15:00:00,1.13378,1.13401,1.134032,1.13405,1.1340128,1.13415,1.1341115,1.13506,1.1350341,1.13498,1.1348926,1.13526,1.1351446
2017-07-12 16:00:00,1.13401,1.13405,1.1340578,1.13415,1.1341318,1.13506,1.1350384,1.13498,1.1349412,1.13526,1.1351866,1.13457,1.1344314
2017-07-12 17:00:00,1.13405,1.13415,1.1341802,1.13506,1.1350187,1.13498,1.1349858,1.13526,1.135214,1.13457,1.1344466,1.13411,1.1340265
2017-07-12 18:00:00,1.13415,1.13506,1.1350336,1.13498,1.1349367,1.13526,1.1353303,1.13457,1.1345292,1.13411,1.134062,1.13315,1.1329502
2017-07-12 19:00:00,1.13506,1.13498,1.1349819,1.13526,1.1352607,1.13457,1.1345577,1.13411,1.1341158,1.13315,1.1331133,1.1337,1.1336249
2017-07-12 20:00:00,1.13498,1.13526,1.1353074,1.13457,1.1345764,1.13411,1.1341649,1.13315,1.1330875,1.1337,1.1337869,1.13376,1.1337522
2017-07-12 21:00:00,1.13526,1.13457,1.1346282,1.13411,1.1341176,1.13315,1.1331336,1.1337,1.1337935,1.13376,1.1337851,1.13386,1.1338595
2017-07-12 22:00:00,1.13457,1.13411,1.1341857,1.13315,1.1331182,1.1337,1.1337247,1.13376,1.133762,1.13386,1.1338019,1.13376,1.133709
2017-07-12 23:00:00,1.13411,1.13315,1.1331801,1.1337,1.1336793,1.13376,1.1337509,1.13386,1.1338519,1.13376,1.1336601,1.13414,1.1340332
2017-07-13 00:00:00,1.13315,1.1337,1.1337471,1.13376,1.1337761,1.13386,1.1338807,1.13376,1.1337472,1.13414,1.1340947,1.13513,1.1351236
2017-07-13 01:00:00,1.1337,1.13376,1.1337572,1.13386,1.1338661,1.13376,1.1337432,1.13414,1.134141,1.13513,1.1350708,1.13486,1.1347553
2017-07-13 02:00:00,1.13376,1.13386,1.1338848,1.13376,1.1337476,1.13414,1.1340919,1.13513,1.1352115,1.13486,1.1348794,1.13636,1.1363522
2017-07-13 03:00:00,1.13386,1.13376,1.1337628,1.13414,1.1341449,1.13513,1.1351814,1.13486,1.1348194,1.13636,1.1361799,1.13652,1.1362484
2017-07-13 04:00:00,1.13376,1.13414,1.1341366,1.13513,1.1350948,1.13486,1.1347934,1.13636,1.1361992,1.13652,1.1364458,1.13861,1.1384875
2017-07-13 05:00:00,1.13414,1.13513,1.1351266,1.13486,1.1347992,1.13636,1.1364933,1.13652,1.1365492,1.13861,1.1388233,1.13899,1.1389126
2017-07-13 06:00:00,1.13513,1.13486,1.1348878,1.13636,1.1363285,1.13652,1.1364362,1.13861,1.138385,1.13899,1.138905,1.13993,1.13957
2017-07-13 07:00:00,1.13486,1.13636,1.1365125,1.13652,1.1364858,1.13861,1.138741,1.13899,1.1391844,1.13993,1.1400146,1.14049,1.140628
2017-07-13 08:00:00,1.13636,1.13652,1.136488,1.13861,1.1386582,1.13899,1.1389688,1.13993,1.1400986,1.14049,1.1402466,1.14062,1.1402053
2017-07-13 09:00:00,1.13652,1.13861,1.1388334,1.13899,1.1390328,1.13993,1.1401037,1.14049,1.1406418,1.14062,1.1403614,1.1419,1.1418072
2017-07-13 10:00:00,1.13861,1.13899,1.1389428,1.13993,1.139851,1.14049,1.14046,1.14062,1.1404935,1.1419,1.1418998,1.14227,1.1423697
2017-07-13 11:00:00,1.13899,1.13993,1.1399473,1.14049,1.1404293,1.14062,1.1405647,1.1419,1.141873,1.14227,1.1422105,1.14219,1.1423101
2017-07-13 12:00:00,1.13993,1.14049,1.1404481,1.14062,1.1406057,1.1419,1.1418543,1.14227,1.1422846,1.14219,1.142159,1.14194,1.1417885
2017-07-13 13:00:00,1.14049,1.14062,1.1406409,1.1419,1.1418669,1.14227,1.1421475,1.14219,1.142077,1.14194,1.1418092,1.14223,1.1421767
2017-07-13 14:00:00,1.14062,1.1419,1.1419722,1.14227,1.142219,1.14219,1.1421134,1.14194,1.1419147,1.14223,1.1420956,1.14209,1.1419957
2017-07-13 15:00:00,1.1419,1.14227,1.1422713,1.14219,1.142201,1.14194,1.1418753,1.14223,1.1422675,1.14209,1.142067,1.1421599,1.1421534
2017-07-13 16:00:00,1.14227,1.14219,1.1422268,1.14194,1.1419768,1.14223,1.1422352,1.14209,1.1421496,1.1421599,1.1421466,1.14208,1.1420761
2017-07-13 17:00:00,1.14219,1.14194,1.141956,1.14223,1.1422542,1.14209,1.1420672,1.1421599,1.1422236,1.14208,1.142047,1.14149,1.1414921
2017-07-13 18:00:00,1.14194,1.14223,1.142239,1.14209,1.1420991,1.1421599,1.142149,1.14208,1.1421479,1.14149,1.1414789,1.14111,1.1411163
2017-07-13 19:00:00,1.14223,1.14209,1.1421096,1.1421599,1.142161,1.14208,1.1420869,1.14149,1.1415888,1.14111,1.1410842,1.14134,1.1413503
2017-07-13 20:00:00,1.14209,1.1421599,1.1421832,1.14208,1.1421157,1.14149,1.1415176,1.14111,1.1410856,1.14134,1.141293,1.1413,1.1413138
2017-07-13 21:00:00,1.1421599,1.14208,1.1421083,1.14149,1.141522,1.14111,1.1411448,1.14134,1.1414294,1.1413,1.1412306,1.14145,1.1414458
2017-07-13 22:00:00,1.14208,1.14149,1.1415206,1.14111,1.141131,1.14134,1.1413666,1.1413,1.1413035,1.14145,1.1413937,1.1407,1.1405447
2017-07-13 23:00:00,1.14149,1.14111,1.1411576,1.14134,1.1413482,1.1413,1.1413078,1.14145,1.141471,1.1407,1.1406201,1.14142,1.1413982
2017-07-14 00:00:00,1.14111,1.14134,1.1413332,1.1413,1.1413136,1.14145,1.1414831,1.1407,1.1406803,1.14142,1.141365,1.14189,1.1417909
2017-07-14 01:00:00,1.14134,1.1413,1.1413125,1.14145,1.1414485,1.1407,1.1407171,1.14142,1.1414621,1.14189,1.1418238,1.14213,1.142129
2017-07-14 02:00:00,1.1413,1.14145,1.1414522,1.1407,1.1406474,1.14142,1.141434,1.14189,1.1418786,1.14213,1.1420739,1.1414,1.141296
2017-07-14 03:00:00,1.14145,1.1407,1.1407405,1.14142,1.1414152,1.14189,1.1419007,1.14213,1.1421171,1.1414,1.1413018,1.14106,1.1409502
2017-07-14 04:00:00,1.1407,1.14142,1.1414981,1.14189,1.1418631,1.14213,1.1421567,1.1414,1.1413333,1.14106,1.1409856,1.14073,1.140597
2017-07-14 05:00:00,1.14142,1.14189,1.1419064,1.14213,1.1421506,1.1414,1.1414136,1.14106,1.1410774,1.14073,1.1406865,1.14012,1.1399891
2017-07-14 06:00:00,1.14189,1.14213,1.1421151,1.1414,1.1413723,1.14106,1.1410409,1.14073,1.1407701,1.14012,1.1401203,1.13972,1.1396651
2017-07-14 07:00:00,1.14213,1.1414,1.1414273,1.14106,1.1410697,1.14073,1.140798,1.14012,1.1401414,1.13972,1.1396928,1.13911,1.138798
2017-07-14 08:00:00,1.1414,1.14106,1.14111,1.14073,1.1407819,1.14012,1.1402063,1.13972,1.1397223,1.13911,1.1391021,1.13955,1.1394655
2017-07-14 09:00:00,1.14106,1.14073,1.140703,1.14012,1.140107,1.13972,1.1398419,1.13911,1.1392764,1.13955,1.1394874,1.14076,1.1407408
2017-07-14 10:00:00,1.14073,1.14012,1.1401647,1.13972,1.1397533,1.13911,1.139174,1.13955,1.1396337,1.14076,1.1407484,1.14034,1.1403193
2017-07-14 11:00:00,1.14012,1.13972,1.139775,1.13911,1.1390785,1.13955,1.1395875,1.14076,1.1408325,1.14034,1.1402899,1.14025,1.1402352
2017-07-14 12:00:00,1.13972,1.13911,1.1391808,1.13955,1.1395569,1.14076,1.140807,1.14034,1.1403267,1.14025,1.1401534,1.14042,1.1403437
2017-07-14 13:00:00,1.13911,1.13955,1.139553,1.14076,1.1407397,1.14034,1.1402594,1.14025,1.1402388,1.14042,1.1403576,1.13951,1.1394083
2017-07-14 14:00:00,1.13955,1.14076,1.14069,1.14034,1.1403402,1.14025,1.1402558,1.14042,1.140474,1.13951,1.139509,1.13981,1.1398034
2017-07-14 15:00:00,1.14076,1.14034,1.1403301,1.14025,1.1402488,1.14042,1.1404773,1.13951,1.1395144,1.13981,1.1398649,1.13994,1.139883
2017-07-14 16:00:00,1.14034,1.14025,1.140275,1.14042,1.1404116,1.13951,1.1395048,1.13981,1.1397886,1.13994,1.1398875,1.14028,1.1402583
2017-07-14 17:00:00,1.14025,1.14042,1.1404264,1.13951,1.139499,1.13981,1.1398816,1.13994,1.1399809,1.14028,1.1402801,1.14,1.1399648
2017-07-14 18:00:00,1.14042,1.13951,1.1396058,1.13981,1.1397675,1.13994,1.13994,1.14028,1.1402935,1.14,1.1399037,1.14076,1.1407225
2017-07-14 19:00:00,1.13951,1.13981,1.1398327,1.13994,1.1399183,1.14028,1.1403311,1.14,1.1399903,1.14076,1.1406864,1.14045,1.1403854
2017-07-14 20:00:00,1.13981,1.13994,1.1399146,1.14028,1.1402693,1.14,1.1399618,1.14076,1.1407173,1.14045,1.1403571,1.14041,1.1403804
2017-07-16 21:00:00,1.13994,1.14028,1.1403018,1.14,1.1399999,1.14076,1.140749,1.14045,1.1404812,1.14041,1.140406,1.14032,1.1402525
2017-07-16 22:00:00,1.14028,1.14,1.1399987,1.14076,1.1407725,1.14045,1.1404333,1.14041,1.1404212,1.14032,1.1402464,1.14086,1.1407936
2017-07-16 23:00:00,1.14,1.14076,1.1408144,1.14045,1.1404467,1.14041,1.1403965,1.14032,1.1403096,1.14086,1.1408031,1.13983,1.1397183
2017-07-17 00:00:00,1.14076,1.14045,1.1404237,1.14041,1.1404246,1.14032,1.1402907,1.14086,1.1408837,1.13983,1.1397198,1.14155,1.1415186
2017-07-17 01:00:00,1.14045,1.14041,1.140445,1.14032,1.1403241,1.14086,1.1408952,1.13983,1.1397372,1.14155,1.141528,1.13951,1.1393995
2017-07-17 02:00:00,1.14041,1.14032,1.1403066,1.14086,1.1408364,1.13983,1.1397153,1.14155,1.1416469,1.13951,1.1394131,1.13848,1.1385072
2017-07-17 03:00:00,1.14032,1.14086,1.140872,1.13983,1.1398184,1.14155,1.1415328,1.13951,1.139477,1.13848,1.1386285,1.13906,1.1390035
2017-07-17 04:00:00,1.14086,1.13983,1.1398691,1.14155,1.1416011,1.13951,1.1393771,1.13848,1.1385419,1.13906,1.1389194,1.13879,1.1386709
2017-07-17 05:00:00,1.13983,1.14155,1.1416771,1.13951,1.139541,1.13848,1.1385723,1.13906,1.139166,1.13879,1.1388046,1.13915,1.1392779
2017-07-17 06:00:00,1.14155,1.13951,1.1394398,1.13848,1.1388063,1.13906,1.1392128,1.13879,1.138833,1.13915,1.1391921,1.13911,1.1390324
2017-07-17 07:00:00,1.13951,1.13848,1.1386992,1.13906,1.1390657,1.13879,1.1388278,1.13915,1.1391884,1.13911,1.1390384,1.13875,1.1386923
2017-07-17 08:00:00,1.13848,1.13906,1.1390737,1.13879,1.1388195,1.13915,1.139146,1.13911,1.139109,1.13875,1.1386615,1.1395,1.1395221
2017-07-17 09:00:00,1.13906,1.13879,1.1388061,1.13915,1.1391599,1.13911,1.1391333,1.13875,1.1387283,1.1395,1.1394359,1.1395,1.1394093
2017-07-17 10:00:00,1.13879,1.13915,1.1391371,1.13911,1.1390928,1.13875,1.1387084,1.1395,1.1394882,1.1395,1.1394627,1.14054,1.1404896
2017-07-17 11:00:00,1.13915,1.13911,1.1390928,1.13875,1.1387703,1.1395,1.1394784,1.1395,1.1394724,1.14054,1.1404895,1.14025,1.1401465
2017-07-17 12:00:00,1.13911,1.13875,1.1387312,1.1395,1.139452,1.1395,1.1394733,1.14054,1.1405268,1.14025,1.1400584,1.13995,1.1398501
2017-07-17 13:00:00,1.13875,1.1395,1.1394693,1.1395,1.1394765,1.14054,1.1404324,1.14025,1.1402057,1.13995,1.1398364,1.13984,1.1397696
2017-07-17 14:00:00,1.1395,1.1395,1.1394998,1.14054,1.1405176,1.14025,1.1402313,1.13995,1.1398863,1.13984,1.139749,1.13961,1.1394788
2017-07-17 15:00:00,1.1395,1.14054,1.1405218,1.14025,1.1402289,1.13995,1.139937,1.13984,1.1398448,1.13961,1.1395574,1.13959,1.1395614
2017-07-17 16:00:00,1.14054,1.14025,1.1402313,1.13995,1.1399708,1.13984,1.1398584,1.13961,1.1396275,1.13959,1.1395909,1.13957,1.1395184
2017-07-17 17:00:00,1.14025,1.13995,1.140005,1.13984,1.1398873,1.13961,1.1396743,1.13959,1.1396246,1.13957,1.1395628,1.1394401,1.1394571
2017-07-17 18:00:00,1.13995,1.13984,1.1398511,1.13961,1.1396291,1.13959,1.1395992,1.13957,1.1395675,1.1394401,1.1394244,1.13926,1.1391926
2017-07-17 19:00:00,1.13984,1.13961,1.1396432,1.13959,1.1396005,1.13957,1.1395915,1.1394401,1.1394705,1.13926,1.1392454,1.13929,1.1391919
2017-07-17 20:00:00,1.13961,1.13959,1.1396123,1.13957,1.1395643,1.1394401,1.139457,1.13926,1.1392632,1.13929,1.1392562,1.13938,1.1393273
2017-07-17 21:00:00,1.13959,1.13957,1.1395848,1.1394401,1.1394461,1.13926,1.1392652,1.13929,1.1393124,1.13938,1.1393557,1.13879,1.1387624
2017-07-17 22:00:00,1.13957,1.1394401,1.1394347,1.13926,1.139263,1.13929,1.1393269,1.13938,1.1394259,1.13879,1.1387787,1.13828,1.1381716
2017-07-17 23:00:00,1.1394401,1.13926,1.1392752,1.13929,1.1393028,1.13938,1.1394006,1.13879,1.1387944,1.13828,1.1382333,1.13901,1.1389794
2017-07-18 00:00:00,1.13926,1.13929,1.1393124,1.13938,1.1393899,1.13879,1.1387831,1.13828,1.1382723,1.13901,1.1389605,1.13897,1.1389053
2017-07-18 01:00:00,1.13929,1.13938,1.1393913,1.13879,1.1388326,1.13828,1.138297,1.13901,1.1390611,1.13897,1.1389531,1.13956,1.1395947
2017-07-18 02:00:00,1.13938,1.13879,1.1388669,1.13828,1.1383227,1.13901,1.1390468,1.13897,1.1390024,1.13956,1.139568,1.13945,1.1394007
2017-07-18 03:00:00,1.13879,1.13828,1.1383448,1.13901,1.139001,1.13897,1.1389327,1.13956,1.1395019,1.13945,1.1393151,1.13953,1.1394585
2017-07-18 04:00:00,1.13828,1.13901,1.1389798,1.13897,1.1389567,1.13956,1.139551,1.13945,1.1394109,1.13953,1.139508,1.13938,1.1393694
2017-07-18 05:00:00,1.13901,1.13897,1.1389728,1.13956,1.1395707,1.13945,1.1394225,1.13953,1.1394838,1.13938,1.1392959,1.14013,1.1400797
2017-07-18 06:00:00,1.13897,1.13956,1.1396309,1.13945,1.1394722,1.13953,1.1395841,1.13938,1.1393917,1.14013,1.140166,1.1407499,1.1407851
2017-07-18 07:00:00,1.13956,1.13945,1.1394243,1.13953,1.1395239,1.13938,1.1393558,1.14013,1.1401566,1.1407499,1.1406785,1.1419,1.1420082
2017-07-18 08:00:00,1.13945,1.13953,1.1395673,1.13938,1.1393667,1.14013,1.1401516,1.1407499,1.140726,1.1419,1.1418413,1.14294,1.1430919
2017-07-18 09:00:00,1.13953,1.13938,1.1393977,1.14013,1.1400849,1.1407499,1.1407145,1.1419,1.1418798,1.14294,1.1428268,1.14389,1.1439404
2017-07-18 10:00:00,1.13938,1.14013,1.140203,1.1407499,1.1406064,1.1419,1.1418396,1.14294,1.1427968,1.14389,1.1435384,1.14662,1.1464696
2017-07-18 11:00:00,1.14013,1.1407499,1.140751,1.1419,1.1419154,1.14294,1.1430156,1.14389,1.1437781,1.14662,1.1466086,1.14759,1.1469334
2017-07-18 12:00:00,1.1407499,1.1419,1.1419935,1.14294,1.1428676,1.14389,1.1433982,1.14662,1.1465243,1.14759,1.1473951,1.14629,1.1462766
2017-07-18 13:00:00,1.1419,1.14294,1.1429816,1.14389,1.1439242,1.14662,1.1463695,1.14759,1.147348,1.14629,1.1459506,1.14661,1.1464739
2017-07-18 14:00:00,1.14294,1.14389,1.1438823,1.14662,1.1464779,1.14759,1.1472567,1.14629,1.146297,1.14661,1.1464832,1.14637,1.1462475
2017-07-18 15:00:00,1.14389,1.14662,1.1463865,1.14759,1.1474622,1.14629,1.1461663,1.14661,1.1467253,1.14637,1.1463339,1.14688,1.1469225
2017-07-18 16:00:00,1.14662,1.14759,1.1476754,1.14629,1.1463224,1.14661,1.1466007,1.14637,1.1464424,1.14688,1.1469036,1.1473399,1.1473621
2017-07-18 17:00:00,1.14759,1.14629,1.1463261,1.14661,1.1466391,1.14637,1.1463491,1.14688,1.1469443,1.1473399,1.1472872,1.14758,1.147582
2017-07-18 18:00:00,1.14629,1.14661,1.1466659,1.14637,1.1463968,1.14688,1.1468889,1.1473399,1.147411,1.14758,1.1475155,1.14708,1.1470306
2017-07-18 19:00:00,1.14661,1.14637,1.1463835,1.14688,1.1468965,1.1473399,1.1472565,1.14758,1.1475711,1.14708,1.1469876,1.14811,1.1481189
2017-07-18 20:00:00,1.14637,1.14688,1.1469871,1.1473399,1.147326,1.14758,1.1475832,1.14708,1.1471018,1.14811,1.148119,1.148,1.1479502
2017-07-18 21:00:00,1.14688,1.1473399,1.1472585,1.14758,1.1475785,1.14708,1.1469827,1.14811,1.1481795,1.148,1.147887,1.14851,1.1484421
2017-07-18 22:00:00,1.1473399,1.14758,1.1476104,1.14708,1.147089,1.14811,1.1480978,1.148,1.1480408,1.14851,1.1485184,1.14716,1.1471075
2017-07-18 23:00:00,1.14758,1.14708,1.147008,1.14811,1.1480877,1.148,1.1479595,1.14851,1.148467,1.14716,1.1470333,1.14585,1.1457827
2017-07-19 00:00:00,1.14708,1.14811,1.1480634,1.148,1.1479446,1.14851,1.1485054,1.14716,1.1471565,1.14585,1.1458796,1.14477,1.1448183
2017-07-19 01:00:00,1.14811,1.148,1.14798,1.14851,1.1485444,1.14716,1.1470935,1.14585,1.1458774,1.14477,1.1447992,1.14569,1.145585
2017-07-19 02:00:00,1.148,1.14851,1.1485304,1.14716,1.1472363,1.14585,1.1458758,1.14477,1.1448061,1.14569,1.1457098,1.1454,1.1453841
2017-07-19 03:00:00,1.14851,1.14716,1.1471323,1.14585,1.1459392,1.14477,1.1448774,1.14569,1.1458083,1.1454,1.1453229,1.14526,1.145381
2017-07-19 04:00:00,1.14716,1.14585,1.1459486,1.14477,1.1449444,1.14569,1.1457655,1.1454,1.145496,1.14526,1.1451668,1.14529,1.1452575
2017-07-19 05:00:00,1.14585,1.14477,1.1447598,1.14569,1.1456947,1.1454,1.1454394,1.14526,1.1452836,1.14529,1.1452496,1.14669,1.1466678
2017-07-19 06:00:00,1.14477,1.14569,1.1457183,1.1454,1.1453958,1.14526,1.145207,1.14529,1.1453351,1.14669,1.1468204,1.14136,1.1413327
2017-07-19 07:00:00,1.14569,1.1454,1.145377,1.14526,1.1452465,1.14529,1.145147,1.14669,1.1467831,1.14136,1.141325,1.14182,1.1417913
2017-07-19 08:00:00,1.1454,1.14526,1.1453267,1.14529,1.1453829,1.14669,1.1468315,1.14136,1.1411145,1.14182,1.1420368,1.14096,1.1409472
2017-07-19 09:00:00,1.14526,1.14529,1.1452477,1.14669,1.146847,1.14136,1.141262,1.14182,1.141978,1.14096,1.140871,1.14202,1.1420835
2017-07-19 10:00:00,1.14529,1.14669,1.1467589,1.14136,1.1412998,1.14182,1.1417925,1.14096,1.1408755,1.14202,1.1418575,1.1418099,1.1417592
2017-07-19 11:00:00,1.14669,1.14136,1.1415987,1.14182,1.141875,1.14096,1.141125,1.14202,1.1421099,1.1418099,1.141358,1.14145,1.141322
2017-07-19 12:00:00,1.14136,1.14182,1.1419424,1.14096,1.1409402,1.14202,1.1421295,1.1418099,1.1418617,1.14145,1.1414272,1.14198,1.1419859
2017-07-19 13:00:00,1.14182,1.14096,1.1408613,1.14202,1.1420016,1.1418099,1.1418082,1.14145,1.1414288,1.14198,1.1418966,1.14107,1.1408967
2017-07-19 14:00:00,1.14096,1.14202,1.1420597,1.1418099,1.1417658,1.14145,1.1415088,1.14198,1.1420143,1.14107,1.1410514,1.14117,1.1411676
2017-07-19 15:00:00,1.14202,1.1418099,1.1417065,1.14145,1.1414162,1.14198,1.1420118,1.14107,1.1410466,1.14117,1.141134,1.14153,1.1414598
2017-07-19 16:00:00,1.1418099,1.14145,1.141474,1.14198,1.1419806,1.14107,1.1410654,1.14117,1.1411268,1.14153,1.1414709,1.14179,1.1417027
2017-07-19 17:00:00,1.14145,1.14198,1.1419393,1.14107,1.1410351,1.14117,1.1412473,1.14153,1.1415657,1.14179,1.1417623,1.14291,1.1428863
2017-07-19 18:00:00,1.14198,1.14107,1.1410674,1.14117,1.1411631,1.14153,1.1415867,1.14179,1.1417718,1.14291,1.1428612,1.1433899,1.1433477
2017-07-19 19:00:00,1.14107,1.14117,1.1411853,1.14153,1.1414874,1.14179,1.1418157,1.14291,1.142864,1.1433899,1.1434425,1.14365,1.1435437
2017-07-19 20:00:00,1.14117,1.14153,1.1415098,1.14179,1.1417254,1.14291,1.1429431,1.1433899,1.1433488,1.14365,1.1435537,1.14335,1.143151
2017-07-19 21:00:00,1.14153,1.14179,1.141808,1.14291,1.1428368,1.1433899,1.1433338,1.14365,1.1436365,1.14335,1.1432936,1.1437,1.1435282
2017-07-19 22:00:00,1.14179,1.14291,1.1429135,1.1433899,1.1432713,1.14365,1.1436403,1.14335,1.1432962,1.1437,1.1436634,1.14466,1.1446445
2017-07-19 23:00:00,1.14291,1.1433899,1.1434059,1.14365,1.1436743,1.14335,1.1432883,1.1437,1.1436663,1.14466,1.1446553,1.14462,1.1445625
2017-07-20 00:00:00,1.1433899,1.14365,1.1436169,1.14335,1.1433128,1.1437,1.1436591,1.14466,1.1445917,1.14462,1.1446387,1.1421,1.1420139
2017-07-20 01:00:00,1.14365,1.14335,1.143343,1.1437,1.1436598,1.14466,1.1447021,1.14462,1.1445858,1.1421,1.1419826,1.14031,1.1399062
2017-07-20 02:00:00,1.14335,1.1437,1.1437174,1.14466,1.1445858,1.14462,1.1446154,1.1421,1.142029,1.14031,1.1402637,1.13954,1.139435
2017-07-20 03:00:00,1.1437,1.14466,1.1446664,1.14462,1.1446311,1.1421,1.142135,1.14031,1.1403646,1.13954,1.1395113,1.13875,1.1386973
2017-07-20 04:00:00,1.14466,1.14462,1.1446445,1.1421,1.1422497,1.14031,1.1401148,1.13954,1.1394565,1.13875,1.1389147,1.14099,1.141144
2017-07-20 05:00:00,1.14462,1.1421,1.1422042,1.14031,1.1402348,1.13954,1.1396515,1.13875,1.1390874,1.14099,1.1407957,1.14157,1.1414062
2017-07-20 06:00:00,1.1421,1.14031,1.14032,1.13954,1.1396439,1.13875,1.1387101,1.14099,1.141141,1.14157,1.1415585,1.13983,1.1399243
2017-07-20 07:00:00,1.14031,1.13954,1.1395963,1.13875,1.1387469,1.14099,1.1409745,1.14157,1.1415966,1.13983,1.1397207,1.14032,1.1402357
2017-07-20 08:00:00,1.13954,1.13875,1.1387644,1.14099,1.1410258,1.14157,1.141727,1.13983,1.1397333,1.14032,1.1402268,1.13834,1.1381634
2017-07-20 09:00:00,1.13875,1.14099,1.1408983,1.14157,1.1414318,1.13983,1.1396517,1.14032,1.1403551,1.13834,1.1382921,1.13901,1.1389867
2017-07-20 10:00:00,1.14099,1.14157,1.1415861,1.13983,1.1399463,1.14032,1.1403617,1.13834,1.1383191,1.13901,1.1390088,1.13968,1.1395506
2017-07-20 11:00:00,1.14157,1.13983,1.1397697,1.14032,1.1402985,1.13834,1.138074,1.13901,1.1389847,1.13968,1.1395763,1.14038,1.1403686
2017-07-20 12:00:00,1.13983,1.14032,1.1402807,1.13834,1.1384289,1.13901,1.1390461,1.13968,1.1396483,1.14038,1.1402671,1.14063,1.140586
2017-07-20 13:00:00,1.14032,1.13834,1.138227,1.13901,1.1390353,1.13968,1.139682,1.14038,1.1403223,1.14063,1.1405082,1.13971,1.139492
2017-07-20 14:00:00,1.13834,1.13901,1.1391485,1.13968,1.1396242,1.14038,1.1402888,1.14063,1.1404458,1.13971,1.1395743,1.13982,1.1397238
2017-07-20 15:00:00,1.13901,1.13968,1.1396563,1.14038,1.1402884,1.14063,1.1406682,1.13971,1.139663,1.13982,1.1397719,1.13948,1.139326
2017-07-20 16:00:00,1.13968,1.14038,1.1403154,1.14063,1.1406476,1.13971,1.1396714,1.13982,1.1398312,1.13948,1.1394103,1.14038,1.1403425
2017-07-20 17:00:00,1.14038,1.14063,1.1406041,1.13971,1.1397256,1.13982,1.1398515,1.13948,1.1395262,1.14038,1.1403548,1.14012,1.1400391
2017-07-20 18:00:00,1.14063,1.13971,1.1397421,1.13982,1.139815,1.13948,1.1393951,1.14038,1.1403955,1.14012,1.1399786,1.14013,1.1400338
2017-07-20 19:00:00,1.13971,1.13982,1.1398447,1.13948,1.139419,1.14038,1.1403909,1.14012,1.140068,1.14013,1.1400449,1.14076,1.1406183
2017-07-20 20:00:00,1.13982,1.13948,1.1394825,1.14038,1.140352,1.14012,1.1401094,1.14013,1.1400896,1.14076,1.1406704,1.14098,1.1408985
2017-07-20 21:00:00,1.13948,1.14038,1.1403651,1.14012,1.14008,1.14013,1.1401049,1.14076,1.1407198,1.14098,1.140959,1.14001,1.1399099
2017-07-20 22:00:00,1.14038,1.14012,1.1401105,1.14013,1.1401469,1.14076,1.1407219,1.14098,1.140967,1.14001,1.1398894,1.14092,1.1408399
2017-07-20 23:00:00,1.14012,1.14013,1.1402013,1.14076,1.1408014,1.14098,1.14101,1.14001,1.1399597,1.14092,1.1408632,1.14152,1.1414108
2017-07-21 00:00:00,1.14013,1.14076,1.1407635,1.14098,1.1409429,1.14001,1.1399385,1.14092,1.1409937,1.14152,1.141516,1.14162,1.1416432
2017-07-21 01:00:00,1.14076,1.14098,1.1410003,1.14001,1.1399819,1.14092,1.1409009,1.14152,1.1415385,1.14162,1.1416528,1.14073,1.1406878
2017-07-21 02:00:00,1.14098,1.14001,1.1399783,1.14092,1.1408845,1.14152,1.1415542,1.14162,1.1416216,1.14073,1.140619,1.14141,1.141371
2017-07-21 03:00:00,1.14001,1.14092,1.1409084,1.14152,1.1416013,1.14162,1.14168,1.14073,1.1407287,1.14141,1.1414694,1.14135,1.1412497
2017-07-21 04:00:00,1.14092,1.14152,1.1415118,1.14162,1.1416436,1.14073,1.1406975,1.14141,1.1414717,1.14135,1.1412685,1.14163,1.1416383
2017-07-21 05:00:00,1.14152,1.14162,1.1416913,1.14073,1.140743,1.14141,1.1414355,1.14135,1.141428,1.14163,1.1415999,1.14611,1.1462444
2017-07-21 06:00:00,1.14162,1.14073,1.1407726,1.14141,1.1414431,1.14135,1.1413474,1.14163,1.1416266,1.14611,1.1461557,1.14582,1.1457539
2017-07-21 07:00:00,1.14073,1.14141,1.1414436,1.14135,1.1413423,1.14163,1.1414714,1.14611,1.145975,1.14582,1.14591,1.14438,1.1444032
2017-07-21 08:00:00,1.14141,1.14135,1.1413493,1.14163,1.1415974,1.14611,1.1459128,1.14582,1.1458092,1.14438,1.1442316,1.14511,1.1449404
2017-07-21 09:00:00,1.14135,1.14163,1.1416239,1.14611,1.1460593,1.14582,1.1455278,1.14438,1.1442851,1.14511,1.1448536,1.14586,1.1456188
2017-07-21 10:00:00,1.14163,1.14611,1.1461141,1.14582,1.1457678,1.14438,1.144229,1.14511,1.1451361,1.14586,1.1457236,1.14666,1.1463974
2017-07-21 11:00:00,1.14611,1.14582,1.1457922,1.14438,1.144353,1.14511,1.1450791,1.14586,1.1459354,1.14666,1.1466404,1.14653,1.1464814
2017-07-21 12:00:00,1.14582,1.14438,1.144518,1.14511,1.1450399,1.14586,1.1458247,1.14666,1.1466339,1.14653,1.146387,1.14702,1.1469449
2017-07-21 13:00:00,1.14438,1.14511,1.1450641,1.14586,1.1458098,1.14666,1.1466372,1.14653,1.1464415,1.14702,1.1469393,1.14667,1.1465071
2017-07-21 14:00:00,1.14511,1.14586,1.1458842,1.14666,1.1465725,1.14653,1.1464456,1.14702,1.1469454,1.14667,1.1465706,1.1468,1.1467695
2017-07-21 15:00:00,1.14586,1.14666,1.1466817,1.14653,1.1465414,1.14702,1.1469936,1.14667,1.1466963,1.1468,1.1467886,1.14693,1.1469085
2017-07-21 16:00:00,1.14666,1.14653,1.146522,1.14702,1.1470566,1.14667,1.1466292,1.1468,1.1468309,1.14693,1.146863,1.14733,1.1472968
2017-07-21 17:00:00,1.14653,1.14702,1.1470257,1.14667,1.1466872,1.1468,1.1467837,1.14693,1.1469871,1.14733,1.1473469,1.14643,1.1464226
2017-07-21 18:00:00,1.14702,1.14667,1.146704,1.1468,1.1468016,1.14693,1.1468555,1.14733,1.1473693,1.14643,1.1463926,1.14612,1.1460812
2017-07-21 19:00:00,1.14667,1.1468,1.1468163,1.14693,1.1469309,1.14733,1.1473277,1.14643,1.1464227,1.14612,1.1460869,1.14605,1.1459606
2017-07-21 20:00:00,1.1468,1.14693,1.1469334,1.14733,1.1473353,1.14643,1.1464394,1.14612,1.1461345,1.14605,1.1459901,1.14626,1.1462461
2017-07-23 21:00:00,1.14693,1.14733,1.1473706,1.14643,1.1464784,1.14612,1.1461399,1.14605,1.1461419,1.14626,1.146313,1.14608,1.1460847
2017-07-23 22:00:00,1.14733,1.14643,1.146392,1.14612,1.1462423,1.14605,1.146061,1.14626,1.1463659,1.14608,1.146058,1.14609,1.1461079
2017-07-23 23:00:00,1.14643,1.14612,1.1461715,1.14605,1.1460583,1.14626,1.1463068,1.14608,1.1461145,1.14609,1.1460516,1.1453199,1.1452146
2017-07-24 00:00:00,1.14612,1.14605,1.1460476,1.14626,1.1462667,1.14608,1.1460811,1.14609,1.146117,1.1453199,1.1452821,1.14403,1.1440125
2017-07-24 01:00:00,1.14605,1.14626,1.1462954,1.14608,1.1461021,1.14609,1.1460956,1.1453199,1.1453958,1.14403,1.1440339,1.14472,1.1447091
2017-07-24 02:00:00,1.14626,1.14608,1.1460967,1.14609,1.1461207,1.1453199,1.1453439,1.14403,1.1440747,1.14472,1.1447036,1.14587,1.1458524
2017-07-24 03:00:00,1.14608,1.14609,1.1461065,1.1453199,1.1453955,1.14403,1.144017,1.14472,1.1447989,1.14587,1.1459243,1.14584,1.1459024
2017-07-24 04:00:00,1.14609,1.1453199,1.14537,1.14403,1.1439284,1.14472,1.1446788,1.14587,1.1460015,1.14584,1.1458938,1.14632,1.1463895
2017-07-24 05:00:00,1.1453199,1.14403,1.1440986,1.14472,1.1447209,1.14587,1.1458502,1.14584,1.1457945,1.14632,1.146132,1.14674,1.146588
2017-07-24 06:00:00,1.14403,1.14472,1.1447142,1.14587,1.1458551,1.14584,1.1458664,1.14632,1.1461641,1.14674,1.1466806,1.14668,1.1466633
2017-07-24 07:00:00,1.14472,1.14587,1.1457937,1.14584,1.1457797,1.14632,1.1462014,1.14674,1.1466695,1.14668,1.1465889,1.14703,1.1470581
2017-07-24 08:00:00,1.14587,1.14584,1.1458553,1.14632,1.1463217,1.14674,1.1467412,1.14668,1.1466495,1.14703,1.1469182,1.14687,1.1467793
2017-07-24 09:00:00,1.14584,1.14632,1.1462829,1.14674,1.146748,1.14668,1.1466984,1.14703,1.1470146,1.14687,1.1468117,1.14717,1.1471614
2017-07-24 10:00:00,1.14632,1.14674,1.146743,1.14668,1.1466526,1.14703,1.1470716,1.14687,1.146877,1.14717,1.147143,1.14774,1.1476433
2017-07-24 11:00:00,1.14674,1.14668,1.1467205,1.14703,1.1470188,1.14687,1.1468534,1.14717,1.1471922,1.14774,1.1476911,1.148,1.1479791
2017-07-24 12:00:00,1.14668,1.14703,1.1470326,1.14687,1.1468436,1.14717,1.1471555,1.14774,1.1478544,1.148,1.1479836,1.14819,1.1482146
2017-07-24 13:00:00,1.14703,1.14687,1.1468594,1.14717,1.1471775,1.14774,1.1477834,1.148,1.1480402,1.14819,1.1482054,1.14774,1.1476717
2017-07-24 14:00:00,1.14687,1.14717,1.1472012,1.14774,1.1477746,1.148,1.1479822,1.14819,1.1481678,1.14774,1.1476761,1.14776,1.1478016
2017-07-24 15:00:00,1.14717,1.14774,1.1476997,1.148,1.1480858,1.14819,1.1481428,1.14774,1.147754,1.14776,1.1477563,1.14762,1.1475728
2017-07-24 16:00:00,1.14774,1.148,1.1479924,1.14819,1.148181,1.14774,1.1477343,1.14776,1.1477925,1.14762,1.1476151,1.14727,1.1472598
2017-07-24 17:00:00,1.148,1.14819,1.1481953,1.14774,1.1477406,1.14776,1.1477607,1.14762,1.1476558,1.14727,1.1472596,1.14846,1.1485027
2017-07-24 18:00:00,1.14819,1.14774,1.1477718,1.14776,1.1477914,1.14762,1.147648,1.14727,1.1473163,1.14846,1.1484714,1.15286,1.1529624
2017-07-24 19:00:00,1.14774,1.14776,1.1477753,1.14762,1.1476468,1.14727,1.1472771,1.14846,1.1485146,1.15286,1.1526656,1.15283,1.1531084
2017-07-24 20:00:00,1.14776,1.14762,1.1476424,1.14727,1.147239,1.14846,1.1483659,1.15286,1.1526735,1.15283,1.152724,1.15273,1.1526273
2017-07-24 21:00:00,1.14762,1.14727,1.1473383,1.14846,1.148496,1.15286,1.1525105,1.15283,1.152728,1.15273,1.1526996,1.1526899,1.1526709
2017-07-24 22:00:00,1.14727,1.14846,1.1485635,1.15286,1.1528894,1.15283,1.1528116,1.15273,1.1524116,1.1526899,1.1522589,1.15218,1.1521107
2017-07-24 23:00:00,1.14846,1.15286,1.1529139,1.15283,1.1528823,1.15273,1.1526718,1.1526899,1.1528615,1.15218,1.1523701,1.15261,1.1525651
2017-07-25 00:00:00,1.15286,1.15283,1.1527435,1.15273,1.1527798,1.1526899,1.1526672,1.15218,1.1522174,1.15261,1.1526328,1.1528,1.1527677
2017-07-25 01:00:00,1.15283,1.15273,1.1527476,1.1526899,1.1526526,1.15218,1.1521482,1.15261,1.152608,1.1528,1.1526951,1.15246,1.152454
2017-07-25 02:00:00,1.15273,1.1526899,1.1526663,1.15218,1.1521736,1.15261,1.152578,1.1528,1.1528206,1.15246,1.1523649,1.1551499,1.1553315
2017-07-25 03:00:00,1.1526899,1.15218,1.1522522,1.15261,1.1525878,1.1528,1.1527895,1.15246,1.1524563,1.1551499,1.1551406,1.15571,1.1556144
2017-07-25 04:00:00,1.15218,1.15261,1.1526096,1.1528,1.1528019,1.15246,1.1523281,1.1551499,1.1552694,1.15571,1.1556511,1.15492,1.1550146
2017-07-25 05:00:00,1.15261,1.1528,1.1528211,1.15246,1.1524757,1.1551499,1.1553537,1.15571,1.1557397,1.15492,1.1548474,1.15555,1.155431
2017-07-25 06:00:00,1.1528,1.15246,1.1524589,1.1551499,1.1551682,1.15571,1.1556286,1.15492,1.154833,1.15555,1.1554857,1.15791,1.1577772
2017-07-25 07:00:00,1.15246,1.1551499,1.155324,1.15571,1.1557335,1.15492,1.1548665,1.15555,1.1556271,1.15791,1.1576856,1.15801,1.1576232
2017-07-25 08:00:00,1.1551499,1.15571,1.1556395,1.15492,1.1549355,1.15555,1.1554415,1.15791,1.158041,1.15801,1.1579409,1.15774,1.1577268
2017-07-25 09:00:00,1.15571,1.15492,1.1549342,1.15555,1.15554,1.15791,1.1579278,1.15801,1.1579891,1.15774,1.1576314,1.15626,1.1561041
2017-07-25 10:00:00,1.15492,1.15555,1.155565,1.15791,1.1580621,1.15801,1.1580985,1.15774,1.1574996,1.15626,1.1561638,1.15619,1.1561078
2017-07-25 11:00:00,1.15555,1.15791,1.1579694,1.15801,1.1579924,1.15774,1.1577704,1.15626,1.1562575,1.15619,1.1561512,1.15604,1.1559794
2017-07-25 12:00:00,1.15791,1.15801,1.1579951,1.15774,1.15777,1.15626,1.156315,1.15619,1.1563265,1.15604,1.1560465,1.15568,1.1557269
2017-07-25 13:00:00,1.15801,1.15774,1.1578034,1.15626,1.1563108,1.15619,1.1561985,1.15604,1.1561725,1.15568,1.1557873,1.15528,1.1554025
2017-07-25 14:00:00,1.15774,1.15626,1.1563663,1.15619,1.1562171,1.15604,1.1560873,1.15568,1.1558404,1.15528,1.15522,1.15526,1.1553121
2017-07-25 15:00:00,1.15626,1.15619,1.1562337,1.15604,1.1560606,1.15568,1.1557099,1.15528,1.1553583,1.15526,1.1553239,1.15499,1.1550283
2017-07-25 16:00:00,1.15619,1.15604,1.1560564,1.15568,1.155775,1.15528,1.1553485,1.15526,1.1553289,1.15499,1.1550512,1.15473,1.1547762
2017-07-25 17:00:00,1.15604,1.15568,1.1556816,1.15528,1.1553456,1.15526,1.1552373,1.15499,1.1550492,1.15473,1.1546769,1.15441,1.1544553
2017-07-25 18:00:00,1.15568,1.15528,1.1552944,1.15526,1.155313,1.15499,1.1550043,1.15473,1.1547816,1.15441,1.1543373,1.15416,1.1541569
2017-07-25 19:00:00,1.15528,1.15526,1.1552674,1.15499,1.1550581,1.15473,1.1547674,1.15441,1.1544745,1.15416,1.1541886,1.15385,1.1538854
2017-07-25 20:00:00,1.15526,1.15499,1.1550025,1.15473,1.1547854,1.15441,1.1544288,1.15416,1.1542206,1.15385,1.1539066,1.15384,1.1537901
2017-07-25 21:00:00,1.15499,1.15473,1.1547228,1.15441,1.1543931,1.15416,1.1542077,1.15385,1.1538894,1.15384,1.1538055,1.15372,1.1536679
2017-07-25 22:00:00,1.15473,1.15441,1.154362,1.15416,1.1541476,1.15385,1.1538851,1.15384,1.1538668,1.15372,1.1537728,1.15321,1.1533185
2017-07-25 23:00:00,1.15441,1.15416,1.1541795,1.15385,1.153893,1.15384,1.1538986,1.15372,1.1537976,1.15321,1.1531732,1.15289,1.1528631
2017-07-26 00:00:00,1.15416,1.15385,1.1538734,1.15384,1.1538626,1.15372,1.1537898,1.15321,1.1531966,1.15289,1.1529291,1.15195,1.1518812
2017-07-26 01:00:00,1.15385,1.15384,1.1538326,1.15372,1.1537577,1.15321,1.1532831,1.15289,1.1529831,1.15195,1.1519918,1.1526,1.1526583
2017-07-26 02:00:00,1.15384,1.15372,1.1537783,1.15321,1.153286,1.15289,1.152987,1.15195,1.1519928,1.1526,1.1526362,1.15293,1.152944
2017-07-26 03:00:00,1.15372,1.15321,1.1532375,1.15289,1.152957,1.15195,1.1520222,1.1526,1.1527336,1.15293,1.1529727,1.15249,1.1525433
2017-07-26 04:00:00,1.15321,1.15289,1.1529895,1.15195,1.1520083,1.1526,1.1526757,1.15293,1.153047,1.15249,1.1525378,1.15293,1.1529899
2017-07-26 05:00:00,1.15289,1.15195,1.1519206,1.1526,1.1526246,1.15293,1.152962,1.15249,1.152525,1.15293,1.1528853,1.1525,1.1524436
2017-07-26 06:00:00,1.15195,1.1526,1.1526202,1.15293,1.1529139,1.15249,1.1524924,1.15293,1.1529616,1.1525,1.1524127,1.15232,1.152282
2017-07-26 07:00:00,1.1526,1.15293,1.1528863,1.15249,1.1524937,1.15293,1.1529565,1.1525,1.1525176,1.15232,1.1523249,1.15173,1.1516652
2017-07-26 08:00:00,1.15293,1.15249,1.1525439,1.15293,1.1529351,1.1525,1.1524634,1.15232,1.1523222,1.15173,1.1517372,1.15171,1.1516374
2017-07-26 09:00:00,1.15249,1.15293,1.1528907,1.1525,1.1525002,1.15232,1.152347,1.15173,1.1517519,1.15171,1.151695,1.15204,1.1520169
2017-07-26 10:00:00,1.15293,1.1525,1.1524751,1.15232,1.152319,1.15173,1.1518084,1.15171,1.1518464,1.15204,1.1520153,1.15166,1.1516299
2017-07-26 11:00:00,1.1525,1.15232,1.1523231,1.15173,1.1517252,1.15171,1.1517401,1.15204,1.1520935,1.15166,1.1516192,1.15176,1.1517236
2017-07-26 12:00:00,1.15232,1.15173,1.1517764,1.15171,1.1517034,1.15204,1.1520666,1.15166,1.1516734,1.15176,1.1517608,1.15168,1.1516446
2017-07-26 13:00:00,1.15173,1.15171,1.1517313,1.15204,1.1520233,1.15166,1.1516558,1.15176,1.1517849,1.15168,1.1516315,1.15143,1.1513968
2017-07-26 14:00:00,1.15171,1.15204,1.1520345,1.15166,1.1516908,1.15176,1.1517782,1.15168,1.1517237,1.15143,1.1514318,1.15167,1.1516691
2017-07-26 15:00:00,1.15204,1.15166,1.1516756,1.15176,1.1517799,1.15168,1.1516669,1.15143,1.1514429,1.15167,1.1516141,1.1526899,1.1526824
2017-07-26 16:00:00,1.15166,1.15176,1.1517855,1.15168,1.1516852,1.15143,1.1514375,1.15167,1.1517005,1.1526899,1.1525278,1.15282,1.1527643
2017-07-26 17:00:00,1.15176,1.15168,1.1516765,1.15143,1.1514022,1.15167,1.1516571,1.1526899,1.1527195,1.15282,1.1528364,1.15224,1.152208
2017-07-26 18:00:00,1.15168,1.15143,1.1514447,1.15167,1.1516614,1.1526899,1.1526803,1.15282,1.1528653,1.15224,1.1521788,1.15159,1.1515776
2017-07-26 19:00:00,1.15143,1.15167,1.1516571,1.1526899,1.1526867,1.15282,1.1527896,1.15224,1.1522552,1.15159,1.1515069,1.15226,1.1522002
2017-07-26 20:00:00,1.15167,1.1526899,1.152634,1.15282,1.1528087,1.15224,1.152242,1.15159,1.1515911,1.15226,1.1522522,1.15062,1.1504974
2017-07-26 21:00:00,1.1526899,1.15282,1.1527957,1.15224,1.1522583,1.15159,1.1515276,1.15226,1.1522883,1.15062,1.150527,1.15116,1.1511468
2017-07-26 22:00:00,1.15282,1.15224,1.1522706,1.15159,1.1516985,1.15226,1.1523253,1.15062,1.1505178,1.15116,1.1511736,1.15108,1.1509706
2017-07-26 23:00:00,1.15224,1.15159,1.1516063,1.15226,1.1522918,1.15062,1.150496,1.15116,1.1512281,1.15108,1.1510062,1.1522,1.1522151
2017-07-27 00:00:00,1.15159,1.15226,1.1522431,1.15062,1.1506548,1.15116,1.1512039,1.15108,1.151133,1.1522,1.1522685,1.14996,1.1499109
2017-07-27 01:00:00,1.15226,1.15062,1.1507566,1.15116,1.1511853,1.15108,1.1509857,1.1522,1.1522449,1.14996,1.1497709,1.15042,1.1504226
2017-07-27 02:00:00,1.15062,1.15116,1.1512272,1.15108,1.1511036,1.1522,1.152313,1.14996,1.1499774,1.15042,1.1504214,1.15032,1.1502746
2017-07-27 03:00:00,1.15116,1.15108,1.1510369,1.1522,1.1521763,1.14996,1.1498238,1.15042,1.1504825,1.15032,1.1502324,1.15057,1.1505842
2017-07-27 04:00:00,1.15108,1.1522,1.1522487,1.14996,1.1499432,1.15042,1.1504544,1.15032,1.1503596,1.15057,1.1505929,1.14842,1.148264
2017-07-27 05:00:00,1.1522,1.14996,1.1498563,1.15042,1.1504867,1.15032,1.1501657,1.15057,1.1507448,1.14842,1.1485844,1.15613,1.156057
2017-07-27 06:00:00,1.14996,1.15042,1.1504352,1.15032,1.1503501,1.15057,1.1506277,1.14842,1.1483793,1.15613,1.1563869,1.15612,1.1561526
2017-07-27 07:00:00,1.15042,1.15032,1.1503083,1.15057,1.1506178,1.14842,1.1482456,1.15613,1.1561259,1.15612,1.155804,1.1633999,1.1637806
2017-07-27 08:00:00,1.15032,1.15057,1.1506717,1.14842,1.1484636,1.15613,1.1565273,1.15612,1.1560781,1.1633999,1.1639233,1.16331,1.1628155
2017-07-27 09:00:00,1.15057,1.14842,1.1486106,1.15613,1.1559372,1.15612,1.1555068,1.1633999,1.1621811,1.16331,1.1625485,1.16338,1.1632074
2017-07-27 10:00:00,1.14842,1.15613,1.1557467,1.15612,1.1564138,1.1633999,1.1631988,1.16331,1.1627012,1.16338,1.1626028,1.16286,1.1623305
2017-07-27 11:00:00,1.15613,1.15612,1.1558796,1.1633999,1.1634355,1.16331,1.1629463,1.16338,1.1637434,1.16286,1.1624364,1.16241,1.1618192
2017-07-27 12:00:00,1.15612,1.1633999,1.1635647,1.16331,1.1634498,1.16338,1.1630075,1.16286,1.1627096,1.16241,1.1622387,1.1627901,1.1628147
2017-07-27 13:00:00,1.1633999,1.16331,1.1630816,1.16338,1.1634315,1.16286,1.1628578,1.16241,1.1624799,1.1627901,1.1627822,1.16304,1.1630194
2017-07-27 14:00:00,1.16331,1.16338,1.1634325,1.16286,1.1627951,1.16241,1.1623075,1.1627901,1.1627607,1.16304,1.1628845,1.16319,1.1631562
2017-07-27 15:00:00,1.16338,1.16286,1.1627802,1.16241,1.1624749,1.1627901,1.1627896,1.16304,1.1631453,1.16319,1.1631368,1.16269,1.1627367
2017-07-27 16:00:00,1.16286,1.16241,1.1624544,1.1627901,1.1627843,1.16304,1.1629555,1.16319,1.1632074,1.16269,1.1626116,1.16281,1.1628146
2017-07-27 17:00:00,1.16241,1.1627901,1.1627905,1.16304,1.163031,1.16319,1.1631585,1.16269,1.1628191,1.16281,1.1628226,1.16256,1.1625748
2017-07-27 18:00:00,1.1627901,1.16304,1.1630509,1.16319,1.1632514,1.16269,1.1625612,1.16281,1.1629183,1.16256,1.1625515,1.1627901,1.1628647
2017-07-27 19:00:00,1.16304,1.16319,1.1631935,1.16269,1.1627133,1.16281,1.162801,1.16256,1.162697,1.1627901,1.1628178,1.16245,1.1624881
2017-07-27 20:00:00,1.16319,1.16269,1.1626781,1.16281,1.1628331,1.16256,1.1624925,1.1627901,1.162889,1.16245,1.1624439,1.16278,1.162825
2017-07-27 21:00:00,1.16269,1.16281,1.1628135,1.16256,1.1625925,1.1627901,1.1627436,1.16245,1.1624982,1.16278,1.1627648,1.16277,1.1627252
2017-07-27 22:00:00,1.16281,1.16256,1.1625662,1.1627901,1.1628058,1.16245,1.162383,1.16278,1.1628463,1.16277,1.1626867,1.16394,1.1639462
2017-07-27 23:00:00,1.16256,1.1627901,1.1628027,1.16245,1.1624784,1.16278,1.1627659,1.16277,1.162804,1.16394,1.1639154,1.16617,1.1660385
2017-07-28 00:00:00,1.1627901,1.16245,1.16242,1.16278,1.1628354,1.16277,1.1627091,1.16394,1.1640421,1.16617,1.166076,1.16381,1.1637847
2017-07-28 01:00:00,1.16245,1.16278,1.1627617,1.16277,1.1627381,1.16394,1.163798,1.16617,1.1659651,1.16381,1.1636802,1.16489,1.165007
2017-07-28 02:00:00,1.16278,1.16277,1.1627882,1.16394,1.1639353,1.16617,1.1660163,1.16381,1.1637383,1.16489,1.1648488,1.16458,1.1644258
2017-07-28 03:00:00,1.16277,1.16394,1.1638346,1.16617,1.1659902,1.16381,1.1636622,1.16489,1.1649221,1.16458,1.1644956,1.16441,1.1643984
2017-07-28 04:00:00,1.16394,1.16617,1.1661308,1.16381,1.163822,1.16489,1.1649665,1.16458,1.1646705,1.16441,1.1645216,1.16409,1.1641699
2017-07-28 05:00:00,1.16617,1.16381,1.1639522,1.16489,1.1649116,1.16458,1.1646744,1.16441,1.1644173,1.16409,1.1639904,1.16397,1.1639974
2017-07-28 06:00:00,1.16381,1.16489,1.164937,1.16458,1.1645765,1.16441,1.1645111,1.16409,1.1642132,1.16397,1.1639466,1.16459,1.1646929
2017-07-28 07:00:00,1.16489,1.16458,1.1645762,1.16441,1.1644707,1.16409,1.1640664,1.16397,1.1640106,1.16459,1.1645075,1.16541,1.1653136
2017-07-28 08:00:00,1.16458,1.16441,1.1644804,1.16409,1.1640826,1.16397,1.1639782,1.16459,1.1646745,1.16541,1.1653512,1.16545,1.165385
2017-07-28 09:00:00,1.16441,1.16409,1.1640328,1.16397,1.1639364,1.16459,1.1645329,1.16541,1.1654314,1.16545,1.1654552,1.16658,1.1666814
2017-07-28 10:00:00,1.16409,1.16397,1.1639621,1.16459,1.1645813,1.16541,1.1654267,1.16545,1.165411,1.16658,1.1664447,1.1675,1.1673279
2017-07-28 11:00:00,1.16397,1.16459,1.1645113,1.16541,1.1653095,1.16545,1.1654165,1.16658,1.1665823,1.1675,1.1672351,1.1677899,1.1679025
2017-07-28 12:00:00,1.16459,1.16541,1.1653796,1.16545,1.1654143,1.16658,1.1664405,1.1675,1.1673253,1.1677899,1.1678226,1.16679,1.1668503
2017-07-28 13:00:00,1.16541,1.16545,1.1654361,1.16658,1.1666019,1.1675,1.1674888,1.1677899,1.1678547,1.16679,1.1666964,1.16606,1.1660035
2017-07-28 14:00:00,1.16545,1.16658,1.1665833,1.1675,1.1674736,1.1677899,1.167825,1.16679,1.1667124,1.16606,1.1660349,1.16645,1.1664171
2017-07-28 15:00:00,1.16658,1.1675,1.1674271,1.1677899,1.1679193,1.16679,1.1668174,1.16606,1.1661501,1.16645,1.1665312,1.16721,1.1672747
2017-07-28 16:00:00,1.1675,1.1677899,1.1677711,1.16679,1.1668522,1.16606,1.1661606,1.16645,1.1666288,1.16721,1.1672664,1.16809,1.1682062
2017-07-28 17:00:00,1.1677899,1.16679,1.1667337,1.16606,1.1660773,1.16645,1.1666075,1.16721,1.1673356,1.16809,1.168117,1.16706,1.16709
2017-07-28 18:00:00,1.16679,1.16606,1.1661407,1.16645,1.1665088,1.16721,1.1672033,1.16809,1.1681781,1.16706,1.1670104,1.16681,1.1668267
2017-07-28 19:00:00,1.16606,1.16645,1.1664877,1.16721,1.1671478,1.16809,1.1681967,1.16706,1.1671095,1.16681,1.1668319,1.16678,1.1667475
2017-07-28 20:00:00,1.16645,1.16721,1.167134,1.16809,1.1681604,1.16706,1.1669606,1.16681,1.1668234,1.16678,1.1667331,1.1671,1.167029
2017-07-30 21:00:00,1.16721,1.16809,1.1680526,1.16706,1.1671069,1.16681,1.1667813,1.16678,1.166892,1.1671,1.1671597,1.16705,1.1670598
2017-07-30 22:00:00,1.16809,1.16706,1.1670089,1.16681,1.1668301,1.16678,1.1667355,1.1671,1.1672118,1.16705,1.1670468,1.16697,1.1669937
2017-07-30 23:00:00,1.16706,1.16681,1.1668175,1.16678,1.1667958,1.1671,1.1671082,1.16705,1.1670803,1.16697,1.1669273,1.16453,1.164521
2017-07-31 00:00:00,1.16681,1.16678,1.1667705,1.1671,1.1670996,1.16705,1.1670489,1.16697,1.1670456,1.16453,1.1645153,1.16394,1.1640297
2017-07-31 01:00:00,1.16678,1.1671,1.1670836,1.16705,1.1670752,1.16697,1.1669798,1.16453,1.1644754,1.16394,1.1638132,1.16526,1.1651995
2017-07-31 02:00:00,1.1671,1.16705,1.1670419,1.16697,1.1670339,1.16453,1.1646272,1.16394,1.1640112,1.16526,1.1652939,1.16561,1.165614
2017-07-31 03:00:00,1.16705,1.16697,1.1669888,1.16453,1.1647772,1.16394,1.1640503,1.16526,1.1653285,1.16561,1.1657629,1.16481,1.1649204
2017-07-31 04:00:00,1.16697,1.16453,1.1647815,1.16394,1.1640772,1.16526,1.1653397,1.16561,1.1657033,1.16481,1.1647706,1.16442,1.164472
2017-07-31 05:00:00,1.16453,1.16394,1.164027,1.16526,1.1652737,1.16561,1.1656027,1.16481,1.1648728,1.16442,1.1644242,1.1655,1.165557
2017-07-31 06:00:00,1.16394,1.16526,1.1651832,1.16561,1.1656055,1.16481,1.1647642,1.16442,1.164412,1.1655,1.1655787,1.16374,1.1636798
2017-07-31 07:00:00,1.16526,1.16561,1.1655558,1.16481,1.1648221,1.16442,1.1644163,1.1655,1.1656182,1.16374,1.163787,1.1642799,1.1643829
2017-07-31 08:00:00,1.16561,1.16481,1.1647817,1.16442,1.1644756,1.1655,1.165575,1.16374,1.1638404,1.1642799,1.1644071,1.16419,1.1641247
2017-07-31 09:00:00,1.16481,1.16442,1.164445,1.1655,1.1655412,1.16374,1.1637487,1.1642799,1.1643152,1.16419,1.1640859,1.16372,1.163644
2017-07-31 10:00:00,1.16442,1.1655,1.1654593,1.16374,1.1637576,1.1642799,1.1643487,1.16419,1.1642262,1.16372,1.1637217,1.16401,1.1640185
2017-07-31 11:00:00,1.1655,1.16374,1.1637977,1.1642799,1.1643432,1.16419,1.1641784,1.16372,1.1637892,1.16401,1.1639216,1.16425,1.1641104
2017-07-31 12:00:00,1.16374,1.1642799,1.1643388,1.16419,1.164195,1.16372,1.1637286,1.16401,1.1640642,1.16425,1.1642463,1.1643,1.1643012
2017-07-31 13:00:00,1.1642799,1.16419,1.1641529,1.16372,1.163721,1.16401,1.1640129,1.16425,1.1642953,1.1643,1.164276,1.16392,1.1639041
2017-07-31 14:00:00,1.16419,1.16372,1.1637,1.16401,1.1640013,1.16425,1.1642618,1.1643,1.1643311,1.16392,1.1638824,1.16363,1.1636213
2017-07-31 15:00:00,1.16372,1.16401,1.1639833,1.16425,1.1642333,1.1643,1.1642369,1.16392,1.163949,1.16363,1.1635628,1.16371,1.1636684
2017-07-31 16:00:00,1.16401,1.16425,1.1642513,1.1643,1.1643279,1.16392,1.1639031,1.16363,1.1636587,1.16371,1.1636543,1.16379,1.163753
2017-07-31 17:00:00,1.16425,1.1643,1.1642818,1.16392,1.1639543,1.16363,1.1636555,1.16371,1.1637655,1.16379,1.1637769,1.16371,1.1636527
2017-07-31 18:00:00,1.1643,1.16392,1.1639544,1.16363,1.1636527,1.16371,1.1636977,1.16379,1.1638418,1.16371,1.1636758,1.164,1.1639684
2017-07-31 19:00:00,1.16392,1.16363,1.1636368,1.16371,1.1637337,1.16379,1.1637944,1.16371,1.1637201,1.164,1.1639502,1.16528,1.1653161
2017-07-31 20:00:00,1.16363,1.16371,1.1636742,1.16379,1.1637957,1.16371,1.1636904,1.164,1.1639893,1.16528,1.1651998,1.16561,1.1655185
2017-07-31 21:00:00,1.16371,1.16379,1.163804,1.16371,1.163713,1.164,1.163955,1.16528,1.1652564,1.16561,1.1654778,1.16614,1.1661708
2017-07-31 22:00:00,1.16379,1.16371,1.1637222,1.164,1.1640048,1.16528,1.1653471,1.16561,1.1656063,1.16614,1.1660832,1.16625,1.1661699
2017-07-31 23:00:00,1.16371,1.164,1.1639894,1.16528,1.1652483,1.16561,1.1655059,1.16614,1.1660099,1.16625,1.1661934,1.16609,1.1661079
2017-08-01 00:00:00,1.164,1.16528,1.1651933,1.16561,1.1656114,1.16614,1.1660523,1.16625,1.166303,1.16609,1.1660931,1.1649799,1.1649358
2017-08-01 01:00:00,1.16528,1.16561,1.1655719,1.16614,1.1660957,1.16625,1.1663029,1.16609,1.166142,1.1649799,1.1649256,1.16531,1.1653087
2017-08-01 02:00:00,1.16561,1.16614,1.1660908,1.16625,1.1662056,1.16609,1.1660899,1.1649799,1.1649768,1.16531,1.1652875,1.16538,1.1653377
2017-08-01 03:00:00,1.16614,1.16625,1.1662481,1.16609,1.1661278,1.1649799,1.1649905,1.16531,1.1653541,1.16538,1.165384,1.16508,1.1650428
2017-08-01 04:00:00,1.16625,1.16609,1.1661278,1.1649799,1.1650755,1.16531,1.16533,1.16538,1.1655294,1.16508,1.1651486,1.16662,1.1666422
2017-08-01 05:00:00,1.16609,1.1649799,1.1650022,1.16531,1.1653767,1.16538,1.1653984,1.16508,1.1650614,1.16662,1.1665152,1.16877,1.1685863
2017-08-01 06:00:00,1.1649799,1.16531,1.1653459,1.16538,1.1653572,1.16508,1.165013,1.16662,1.1665589,1.16877,1.1686978,1.16947,1.169446
2017-08-01 07:00:00,1.16531,1.16538,1.165375,1.16508,1.1650842,1.16662,1.1664876,1.16877,1.1687219,1.16947,1.1694751,1.16609,1.1660203
2017-08-01 08:00:00,1.16538,1.16508,1.1651006,1.16662,1.1665201,1.16877,1.1687361,1.16947,1.1693087,1.16609,1.1658916,1.1654,1.1652848
2017-08-01 09:00:00,1.16508,1.16662,1.1666849,1.16877,1.1684368,1.16947,1.1691825,1.16609,1.1660479,1.1654,1.1653527,1.16532,1.1652219
2017-08-01 10:00:00,1.16662,1.16877,1.1688457,1.16947,1.1694229,1.16609,1.1659505,1.1654,1.1654962,1.16532,1.1653919,1.16571,1.1656327
2017-08-01 11:00:00,1.16877,1.16947,1.1694803,1.16609,1.166129,1.1654,1.1652758,1.16532,1.1655542,1.16571,1.1657455,1.165,1.1648464
2017-08-01 12:00:00,1.16947,1.16609,1.1663597,1.1654,1.1655767,1.16532,1.165299,1.16571,1.165818,1.165,1.1649046,1.16468,1.1648009
2017-08-01 13:00:00,1.16609,1.1654,1.1655145,1.16532,1.1653752,1.16571,1.1658058,1.165,1.1650778,1.16468,1.1646554,1.16461,1.164564
2017-08-01 14:00:00,1.1654,1.16532,1.1652999,1.16571,1.1657102,1.165,1.1650155,1.16468,1.1647359,1.16461,1.1646016,1.16474,1.164728
2017-08-01 15:00:00,1.16532,1.16571,1.1657035,1.165,1.1649914,1.16468,1.1646507,1.16461,1.1647167,1.16474,1.1647985,1.16456,1.164561
2017-08-01 16:00:00,1.16571,1.165,1.1649877,1.16468,1.1647253,1.16461,1.1646016,1.16474,1.1648282,1.16456,1.1645017,1.1643701,1.1643845
2017-08-01 17:00:00,1.165,1.16468,1.1646975,1.16461,1.1646445,1.16474,1.1647487,1.16456,1.164614,1.1643701,1.1643423,1.1640999,1.1640785
2017-08-01 18:00:00,1.16468,1.16461,1.1645958,1.16474,1.164747,1.16456,1.1645695,1.1643701,1.1644127,1.1640999,1.1640682,1.16451,1.1645008
2017-08-01 19:00:00,1.16461,1.16474,1.1647396,1.16456,1.1645623,1.1643701,1.1643592,1.1640999,1.1641327,1.16451,1.1644417,1.1652,1.1651419
2017-08-01 20:00:00,1.16474,1.16456,1.1645474,1.1643701,1.1643672,1.1640999,1.1641082,1.16451,1.1645519,1.1652,1.1651806,1.16429,1.1642594
2017-08-01 21:00:00,1.16456,1.1643701,1.1643744,1.1640999,1.1641191,1.16451,1.1645036,1.1652,1.1652653,1.16429,1.1642566,1.1638,1.1637816
2017-08-01 22:00:00,1.1643701,1.1640999,1.1641049,1.16451,1.1645197,1.1652,1.1652904,1.16429,1.1642984,1.1638,1.1637559,1.16386,1.163837
2017-08-01 23:00:00,1.1640999,1.16451,1.1645025,1.1652,1.1652588,1.16429,1.1642894,1.1638,1.1638452,1.16386,1.1638478,1.1636701,1.1636679
2017-08-02 00:00:00,1.16451,1.1652,1.1651525,1.16429,1.1643169,1.1638,1.1638339,1.16386,1.163928,1.1636701,1.1637532,1.16295,1.1630305
2017-08-02 01:00:00,1.1652,1.16429,1.1643701,1.1638,1.1637936,1.16386,1.1638945,1.1636701,1.1638843,1.16295,1.1630065,1.16225,1.1623638
2017-08-02 02:00:00,1.16429,1.1638,1.1638637,1.16386,1.1638964,1.1636701,1.1637032,1.16295,1.1629716,1.16225,1.1622599,1.16316,1.163154
2017-08-02 03:00:00,1.1638,1.16386,1.1638563,1.1636701,1.1637156,1.16295,1.1630348,1.16225,1.1623521,1.16316,1.1632088,1.16416,1.164196
2017-08-02 04:00:00,1.16386,1.1636701,1.1636772,1.16295,1.1630111,1.16225,1.1623111,1.16316,1.1632133,1.16416,1.1641495,1.16426,1.1642691
2017-08-02 05:00:00,1.1636701,1.16295,1.1629378,1.16225,1.1622905,1.16316,1.1631916,1.16416,1.1642264,1.16426,1.1641878,1.16404,1.1639907
2017-08-02 06:00:00,1.16295,1.16225,1.1622652,1.16316,1.1631681,1.16416,1.1641026,1.16426,1.1642325,1.16404,1.1639588,1.16324,1.1630814
2017-08-02 07:00:00,1.16225,1.16316,1.163176,1.16416,1.1640989,1.16426,1.1642302,1.16404,1.164097,1.16324,1.1632764,1.16292,1.1628393
2017-08-02 08:00:00,1.16316,1.16416,1.1641964,1.16426,1.1643076,1.16404,1.1640469,1.16324,1.1632519,1.16292,1.1629252,1.16317,1.1631395
2017-08-02 09:00:00,1.16416,1.16426,1.1642061,1.16404,1.1640337,1.16324,1.1632489,1.16292,1.1629642,1.16317,1.1631913,1.16262,1.1626232
2017-08-02 10:00:00,1.16426,1.16404,1.1640148,1.16324,1.1631994,1.16292,1.1629021,1.16317,1.1632435,1.16262,1.1626439,1.16452,1.1645812
2017-08-02 11:00:00,1.16404,1.16324,1.1632917,1.16292,1.1629604,1.16317,1.1632019,1.16262,1.162679,1.16452,1.1644905,1.17039,1.1704161
2017-08-02 12:00:00,1.16324,1.16292,1.1629493,1.16317,1.1631639,1.16262,1.1626076,1.16452,1.1646093,1.17039,1.1703255,1.17215,1.1720307
2017-08-02 13:00:00,1.16292,1.16317,1.1632001,1.16262,1.1626127,1.16452,1.1644899,1.17039,1.170585,1.17215,1.1721215,1.17332,1.1727893
2017-08-02 14:00:00,1.16317,1.16262,1.1626608,1.16452,1.1645098,1.17039,1.1706028,1.17215,1.1718129,1.17332,1.1730579,1.17458,1.1747965
2017-08-02 15:00:00,1.16262,1.16452,1.1644809,1.17039,1.1703119,1.17215,1.1721287,1.17332,1.172641,1.17458,1.1742383,1.17333,1.1733918
2017-08-02 16:00:00,1.16452,1.17039,1.170216,1.17215,1.1719193,1.17332,1.17295,1.17458,1.1737155,1.17333,1.1737505,1.17311,1.1729023
2017-08-02 17:00:00,1.17039,1.17215,1.1720278,1.17332,1.1734458,1.17458,1.1745996,1.17333,1.1731465,1.17311,1.1730399,1.1728799,1.1725428
2017-08-02 18:00:00,1.17215,1.17332,1.1732736,1.17458,1.1745015,1.17333,1.1731298,1.17311,1.1730839,1.1728799,1.1727158,1.17398,1.1737844
2017-08-02 19:00:00,1.17332,1.17458,1.1746095,1.17333,1.1733125,1.17311,1.1730548,1.1728799,1.1728907,1.17398,1.1738439,1.17455,1.1744721
2017-08-02 20:00:00,1.17458,1.17333,1.1733468,1.17311,1.1732043,1.1728799,1.172759,1.17398,1.1740326,1.17455,1.1744491,1.17556,1.1755977
2017-08-02 21:00:00,1.17333,1.17311,1.1731638,1.1728799,1.1728687,1.17398,1.1738985,1.17455,1.1746025,1.17556,1.1755174,1.17485,1.174788
2017-08-02 22:00:00,1.17311,1.1728799,1.1728998,1.17398,1.1739714,1.17455,1.1743098,1.17556,1.1755522,1.17485,1.1747963,1.17387,1.1738749
2017-08-02 23:00:00,1.1728799,1.17398,1.1740072,1.17455,1.1745478,1.17556,1.1754891,1.17485,1.174772,1.17387,1.1738143,1.17286,1.1728294
2017-08-03 00:00:00,1.17398,1.17455,1.174524,1.17556,1.1756353,1.17485,1.1747204,1.17387,1.173943,1.17286,1.1728604,1.17229,1.1723003
2017-08-03 01:00:00,1.17455,1.17556,1.1755872,1.17485,1.174884,1.17387,1.1738584,1.17286,1.1729251,1.17229,1.1723515,1.17278,1.1728103
2017-08-03 02:00:00,1.17556,1.17485,1.1748315,1.17387,1.1738625,1.17286,1.1730223,1.17229,1.1722633,1.17278,1.172908,1.17195,1.1718771
2017-08-03 03:00:00,1.17485,1.17387,1.1739877,1.17286,1.1728685,1.17229,1.1721776,1.17278,1.1729025,1.17195,1.1719819,1.1704199,1.1702411
2017-08-03 04:00:00,1.17387,1.17286,1.1727426,1.17229,1.172348,1.17278,1.1729275,1.17195,1.1719704,1.1704199,1.1704808,1.16928,1.1693594
2017-08-03 05:00:00,1.17286,1.17229,1.1722934,1.17278,1.1728172,1.17195,1.1719292,1.1704199,1.1704488,1.16928,1.1692892,1.16962,1.1697147
2017-08-03 06:00:00,1.17229,1.17278,1.1727729,1.17195,1.1719985,1.1704199,1.1702988,1.16928,1.1693708,1.16962,1.1698343,1.17046,1.170493
2017-08-03 07:00:00,1.17278,1.17195,1.1719148,1.1704199,1.1705912,1.16928,1.1691599,1.16962,1.169752,1.17046,1.1705832,1.16646,1.1665949
2017-08-03 08:00:00,1.17195,1.1704199,1.170457,1.16928,1.1694262,1.16962,1.1696972,1.17046,1.1705785,1.16646,1.1666625,1.16548,1.1657977
2017-08-03 09:00:00,1.1704199,1.16928,1.1692979,1.16962,1.1697246,1.17046,1.1705971,1.16646,1.1665874,1.16548,1.1656582,1.1663799,1.1663474
2017-08-03 10:00:00,1.16928,1.16962,1.1696503,1.17046,1.1704981,1.16646,1.1665202,1.16548,1.1657162,1.1663799,1.1664938,1.16739,1.1673877
2017-08-03 11:00:00,1.16962,1.17046,1.1704137,1.16646,1.1666701,1.16548,1.1657857,1.1663799,1.1666123,1.16739,1.1673956,1.16827,1.1683208
2017-08-03 12:00:00,1.17046,1.16646,1.1663351,1.16548,1.1652884,1.1663799,1.1664051,1.16739,1.1674664,1.16827,1.1682526,1.16757,1.1674721
2017-08-03 13:00:00,1.16646,1.16548,1.1656284,1.1663799,1.1663691,1.16739,1.1673317,1.16827,1.1681837,1.16757,1.1674554,1.16751,1.1673934
2017-08-03 14:00:00,1.16548,1.1663799,1.1663659,1.16739,1.1672457,1.16827,1.1681197,1.16757,1.1674296,1.16751,1.1672542,1.16743,1.1673181
2017-08-03 15:00:00,1.1663799,1.16739,1.1672833,1.16827,1.1682144,1.16757,1.1675491,1.16751,1.1675572,1.16743,1.1674135,1.16833,1.1683632
2017-08-03 16:00:00,1.16739,1.16827,1.1681025,1.16757,1.1675352,1.16751,1.1675124,1.16743,1.167469,1.16833,1.1683325,1.16893,1.168867
2017-08-03 17:00:00,1.16827,1.16757,1.1674762,1.16751,1.1674565,1.16743,1.1674184,1.16833,1.1683838,1.16893,1.1689398,1.16757,1.1675576
2017-08-03 18:00:00,1.16757,1.16751,1.1674924,1.16743,1.1673853,1.16833,1.1683977,1.16893,1.1689928,1.16757,1.1674984,1.1684101,1.1684265
2017-08-03 19:00:00,1.16751,1.16743,1.1674603,1.16833,1.1683043,1.16893,1.1690549,1.16757,1.1675469,1.1684101,1.1683764,1.16924,1.1690416
2017-08-03 20:00:00,1.16743,1.16833,1.1682929,1.16893,1.168945,1.16757,1.1675354,1.1684101,1.1684829,1.16924,1.1693089,1.16829,1.1683033
2017-08-03 21:00:00,1.16833,1.16893,1.1688678,1.16757,1.1676009,1.1684101,1.1684312,1.16924,1.1693506,1.16829,1.1683239,1.16844,1.168484
2017-08-03 22:00:00,1.16893,1.16757,1.1675214,1.1684101,1.1684637,1.16924,1.1692897,1.16829,1.1682801,1.16844,1.1684345,1.16935,1.1693459
2017-08-03 23:00:00,1.16757,1.1684101,1.1684015,1.16924,1.1692652,1.16829,1.168287,1.16844,1.1685071,1.16935,1.1692964,1.16967,1.1697643
2017-08-04 00:00:00,1.1684101,1.16924,1.1691967,1.16829,1.1682813,1.16844,1.1684214,1.16935,1.1693791,1.16967,1.1696979,1.16958,1.1696075
2017-08-04 01:00:00,1.16924,1.16829,1.1683443,1.16844,1.1684237,1.16935,1.1693302,1.16967,1.1696942,1.16958,1.1694762,1.17056,1.1705167
2017-08-04 02:00:00,1.16829,1.16844,1.1684847,1.16935,1.1693451,1.16967,1.1696963,1.16958,1.1695939,1.17056,1.1704876,1.17153,1.171212
2017-08-04 03:00:00,1.16844,1.16935,1.1693592,1.16967,1.1696999,1.16958,1.1695284,1.17056,1.1705235,1.17153,1.1714256,1.17066,1.1705697
2017-08-04 04:00:00,1.16935,1.16967,1.169657,1.16958,1.1695973,1.17056,1.1705078,1.17153,1.1715493,1.17066,1.1705873,1.17184,1.1717615
2017-08-04 05:00:00,1.16967,1.16958,1.169588,1.17056,1.170571,1.17153,1.1713324,1.17066,1.1706133,1.17184,1.1718302,1.17156,1.1714079
2017-08-04 06:00:00,1.16958,1.17056,1.1705793,1.17153,1.1714231,1.17066,1.1705476,1.17184,1.1719521,1.17156,1.1714568,1.17278,1.17285
2017-08-04 07:00:00,1.17056,1.17153,1.1715126,1.17066,1.1706808,1.17184,1.1717649,1.17156,1.1715794,1.17278,1.172621,1.1747,1.174719
2017-08-04 08:00:00,1.17153,1.17066,1.1707027,1.17184,1.1718738,1.17156,1.1714954,1.17278,1.1728497,1.1747,1.1746109,1.17547,1.1752824
2017-08-04 09:00:00,1.17066,1.17184,1.1717993,1.17156,1.1715673,1.17278,1.1727467,1.1747,1.1748496,1.17547,1.1754346,1.17397,1.1739552
2017-08-04 10:00:00,1.17184,1.17156,1.1715157,1.17278,1.1727666,1.1747,1.1746215,1.17547,1.1755015,1.17397,1.1738008,1.17463,1.1745257
2017-08-04 11:00:00,1.17156,1.17278,1.1727556,1.1747,1.1747663,1.17547,1.1756616,1.17397,1.1738057,1.17463,1.174316,1.17607,1.1759402
2017-08-04 12:00:00,1.17278,1.1747,1.1744998,1.17547,1.1753154,1.17397,1.173816,1.17463,1.1746355,1.17607,1.1760173,1.17584,1.1757979
2017-08-04 13:00:00,1.1747,1.17547,1.1754711,1.17397,1.173953,1.17463,1.1745181,1.17607,1.1759943,1.17584,1.1758446,1.17448,1.1744561
2017-08-04 14:00:00,1.17547,1.17397,1.1740444,1.17463,1.1746697,1.17607,1.1760134,1.17584,1.1758479,1.17448,1.1743617,1.17523,1.1751928
2017-08-04 15:00:00,1.17397,1.17463,1.1746026,1.17607,1.1761001,1.17584,1.175595,1.17448,1.1744549,1.17523,1.1751356,1.17586,1.1758072
2017-08-04 16:00:00,1.17463,1.17607,1.176049,1.17584,1.175805,1.17448,1.1743901,1.17523,1.1752955,1.17586,1.1758043,1.17463,1.1746138
2017-08-04 17:00:00,1.17607,1.17584,1.175876,1.17448,1.1746112,1.17523,1.1751926,1.17586,1.1759484,1.17463,1.1746143,1.17419,1.1742121
2017-08-04 18:00:00,1.17584,1.17448,1.1745412,1.17523,1.1753318,1.17586,1.1758881,1.17463,1.1746985,1.17419,1.1741335,1.1739,1.1738275
2017-08-04 19:00:00,1.17448,1.17523,1.1752287,1.17586,1.1758324,1.17463,1.1745703,1.17419,1.1742432,1.1739,1.1738195,1.17349,1.1734596
2017-08-04 20:00:00,1.17523,1.17586,1.1758248,1.17463,1.1746587,1.17419,1.1741829,1.1739,1.1739614,1.17349,1.1735299,1.1732,1.1732988
2017-08-06 21:00:00,1.17586,1.17463,1.1747891,1.17419,1.174169,1.1739,1.1739213,1.17349,1.1735741,1.1732,1.1731477,1.17355,1.1736587
2017-08-06 22:00:00,1.17463,1.17419,1.1741958,1.1739,1.1739006,1.17349,1.1735237,1.1732,1.1732903,1.17355,1.1734867,1.17449,1.174512
2017-08-06 23:00:00,1.17419,1.1739,1.1738945,1.17349,1.1735102,1.1732,1.1732203,1.17355,1.1736542,1.17449,1.1744976,1.17368,1.173694
2017-08-07 00:00:00,1.1739,1.17349,1.1734849,1.1732,1.173193,1.17355,1.1735144,1.17449,1.1745626,1.17368,1.1736883,1.17242,1.172433
2017-08-07 01:00:00,1.17349,1.1732,1.1732191,1.17355,1.1735803,1.17449,1.1744733,1.17368,1.1736988,1.17242,1.1724217,1.1732,1.1732259
2017-08-07 02:00:00,1.1732,1.17355,1.1735351,1.17449,1.1744726,1.17368,1.1737132,1.17242,1.1724594,1.1732,1.1732048,1.17333,1.1733382
2017-08-07 03:00:00,1.17355,1.17449,1.174482,1.17368,1.1736999,1.17242,1.1724373,1.1732,1.173345,1.17333,1.1733994,1.1730599,1.1731342
2017-08-07 04:00:00,1.17449,1.17368,1.1736946,1.17242,1.1725602,1.1732,1.1732363,1.17333,1.1735011,1.1730599,1.1731181,1.17275,1.1728219
2017-08-07 05:00:00,1.17368,1.17242,1.1724733,1.1732,1.1732543,1.17333,1.1734196,1.1730599,1.1731548,1.17275,1.1726627,1.17328,1.1732448
2017-08-07 06:00:00,1.17242,1.1732,1.1732304,1.17333,1.173296,1.1730599,1.1730949,1.17275,1.1727757,1.17328,1.1732346,1.17472,1.1746467
2017-08-07 07:00:00,1.1732,1.17333,1.1733185,1.1730599,1.173069,1.17275,1.1727259,1.17328,1.1732974,1.17472,1.1745452,1.17887,1.178675
2017-08-07 08:00:00,1.17333,1.1730599,1.1730268,1.17275,1.1726851,1.17328,1.1732652,1.17472,1.1747439,1.17887,1.1787229,1.18249,1.1826404
2017-08-07 09:00:00,1.1730599,1.17275,1.1727471,1.17328,1.1732342,1.17472,1.1745551,1.17887,1.1788298,1.18249,1.1819966,1.18104,1.1807085
2017-08-07 10:00:00,1.17275,1.17328,1.1732689,1.17472,1.1745261,1.17887,1.1788627,1.18249,1.1819416,1.18104,1.1802613,1.18135,1.1811005
2017-08-07 11:00:00,1.17328,1.17472,1.1746962,1.17887,1.1785928,1.18249,1.1823931,1.18104,1.1805108,1.18135,1.1809326,1.18303,1.1828222
2017-08-07 12:00:00,1.17472,1.17887,1.179024,1.18249,1.1824262,1.18104,1.1802149,1.18135,1.180921,1.18303,1.1831886,1.18358,1.1834555
2017-08-07 13:00:00,1.17887,1.18249,1.1824021,1.18104,1.1811213,1.18135,1.1811831,1.18303,1.1829591,1.18358,1.1835487,1.18409,1.1837984
2017-08-07 14:00:00,1.18249,1.18104,1.1810464,1.18135,1.1812747,1.18303,1.1830575,1.18358,1.1836796,1.18409,1.1840184,1.18354,1.1835048
2017-08-07 15:00:00,1.18104,1.18135,1.1813499,1.18303,1.1831348,1.18358,1.183363,1.18409,1.1841148,1.18354,1.1834519,1.183,1.1830065
2017-08-07 16:00:00,1.18135,1.18303,1.182898,1.18358,1.1835377,1.18409,1.1840099,1.18354,1.1835433,1.183,1.1830097,1.182,1.182004
2017-08-07 17:00:00,1.18303,1.18358,1.1835418,1.18409,1.1840979,1.18354,1.1834195,1.183,1.1830947,1.182,1.1820047,1.1826301,1.1826584
2017-08-07 18:00:00,1.18358,1.18409,1.1840746,1.18354,1.1836059,1.183,1.1829895,1.182,1.1821496,1.1826301,1.1826907,1.1828899,1.1829271
2017-08-07 19:00:00,1.18409,1.18354,1.1835257,1.183,1.1830626,1.182,1.1820852,1.1826301,1.1827868,1.1828899,1.1829324,1.18272,1.1828374
2017-08-07 20:00:00,1.18354,1.183,1.1830475,1.182,1.1820291,1.1826301,1.1826047,1.1828899,1.1830184,1.18272,1.1826853,1.18258,1.1826088
2017-08-07 21:00:00,1.183,1.182,1.1820079,1.1826301,1.1826581,1.1828899,1.1828461,1.18272,1.1827868,1.18258,1.1825052,1.18299,1.1829807
2017-08-07 22:00:00,1.182,1.1826301,1.1826273,1.1828899,1.1828785,1.18272,1.1826656,1.18258,1.1825744,1.18299,1.1829283,1.18195,1.1818529
2017-08-07 23:00:00,1.1826301,1.1828899,1.1828429,1.18272,1.1827259,1.18258,1.1824703,1.18299,1.1830646,1.18195,1.1818712,1.1820099,1.181997
2017-08-08 00:00:00,1.1828899,1.18272,1.1827176,1.18258,1.182637,1.18299,1.1829902,1.18195,1.1819863,1.1820099,1.181991,1.18188,1.1818889
2017-08-08 01:00:00,1.18272,1.18258,1.1825154,1.18299,1.1829933,1.18195,1.1819472,1.1820099,1.18208,1.18188,1.1818738,1.18208,1.1821244
2017-08-08 02:00:00,1.18258,1.18299,1.1829984,1.18195,1.1819811,1.1820099,1.1819983,1.18188,1.1819594,1.18208,1.1821115,1.18142,1.1815122
2017-08-08 03:00:00,1.18299,1.18195,1.1820579,1.1820099,1.1821,1.18188,1.1818945,1.18208,1.1821786,1.18142,1.1814928,1.18115,1.1812152
2017-08-08 04:00:00,1.18195,1.1820099,1.1820616,1.18188,1.1819309,1.18208,1.1821077,1.18142,1.1815233,1.18115,1.1811727,1.18101,1.1810621
2017-08-08 05:00:00,1.1820099,1.18188,1.181865,1.18208,1.1821319,1.18142,1.1814342,1.18115,1.1812752,1.18101,1.1810263,1.18173,1.1817875
2017-08-08 06:00:00,1.18188,1.18208,1.1820886,1.18142,1.1814823,1.18115,1.1812052,1.18101,1.1811534,1.18173,1.1817546,1.18234,1.1823974
2017-08-08 07:00:00,1.18208,1.18142,1.1813766,1.18115,1.1811962,1.18101,1.1810311,1.18173,1.18183,1.18234,1.1823264,1.18094,1.1808869
2017-08-08 08:00:00,1.18142,1.18115,1.1811471,1.18101,1.1810086,1.18173,1.1816827,1.18234,1.1823306,1.18094,1.1808519,1.17978,1.1796656
2017-08-08 09:00:00,1.18115,1.18101,1.1809882,1.18173,1.1817164,1.18234,1.182262,1.18094,1.1809694,1.17978,1.1797146,1.18044,1.1803966
2017-08-08 10:00:00,1.18101,1.18173,1.1817018,1.18234,1.1822768,1.18094,1.1809151,1.17978,1.1798345,1.18044,1.1804694,1.18168,1.1816499
2017-08-08 11:00:00,1.18173,1.18234,1.1822634,1.18094,1.1809812,1.17978,1.1798848,1.18044,1.1805964,1.18168,1.1817495,1.1803,1.1803784
2017-08-08 12:00:00,1.18234,1.18094,1.1808448,1.17978,1.1798944,1.18044,1.1804762,1.18168,1.1817384,1.1803,1.1802524,1.17999,1.1800954
2017-08-08 13:00:00,1.18094,1.17978,1.1798856,1.18044,1.1804687,1.18168,1.1816849,1.1803,1.1803532,1.17999,1.1799443,1.18014,1.1801313
2017-08-08 14:00:00,1.17978,1.18044,1.1804516,1.18168,1.1817873,1.1803,1.1802926,1.17999,1.1800581,1.18014,1.1801357,1.18054,1.1805519
2017-08-08 15:00:00,1.18044,1.18168,1.1816459,1.1803,1.1803498,1.17999,1.1800259,1.18014,1.1802833,1.18054,1.1806546,1.18053,1.1806028
2017-08-08 16:00:00,1.18168,1.1803,1.1802528,1.17999,1.1801239,1.18014,1.1802213,1.18054,1.1806545,1.18053,1.1806396,1.18102,1.1810875
2017-08-08 17:00:00,1.1803,1.17999,1.1799966,1.18014,1.1801531,1.18054,1.1805587,1.18053,1.1806053,1.18102,1.180972,1.18125,1.1813023
2017-08-08 18:00:00,1.17999,1.18014,1.1800872,1.18054,1.180567,1.18053,1.180515,1.18102,1.1810589,1.18125,1.1812077,1.17994,1.179935
2017-08-08 19:00:00,1.18014,1.18054,1.1805563,1.18053,1.1805313,1.18102,1.1809748,1.18125,1.1813017,1.17994,1.1798987,1.18074,1.180786
2017-08-08 20:00:00,1.18054,1.18053,1.1805223,1.18102,1.181077,1.18125,1.1812081,1.17994,1.1799631,1.18074,1.1807159,1.18101,1.1809752
2017-08-08 21:00:00,1.18053,1.18102,1.181001,1.18125,1.1812559,1.17994,1.1799306,1.18074,1.1807961,1.18101,1.1809764,1.18246,1.1824653
2017-08-08 22:00:00,1.18102,1.18125,1.1812376,1.17994,1.1800239,1.18074,1.1807604,1.18101,1.1810863,1.18246,1.1823907,1.18229,1.1823092
2017-08-08 23:00:00,1.18125,1.17994,1.179889,1.18074,1.1807643,1.18101,1.1809715,1.18246,1.182523,1.18229,1.1821856,1.18388,1.18382
2017-08-09 00:00:00,1.17994,1.18074,1.1806986,1.18101,1.1810099,1.18246,1.1823612,1.18229,1.1824285,1.18388,1.1837388,1.18332,1.1831896
2017-08-09 01:00:00,1.18074,1.18101,1.1809709,1.18246,1.1824012,1.18229,1.1821446,1.18388,1.1838636,1.18332,1.18311,1.1854,1.1854285
2017-08-09 02:00:00,1.18101,1.18246,1.1824064,1.18229,1.1823236,1.18388,1.1837333,1.18332,1.1832485,1.1854,1.1854001,1.18369,1.1836116
2017-08-09 03:00:00,1.18246,1.18229,1.1822093,1.18388,1.183865,1.18332,1.1831515,1.1854,1.1853882,1.18369,1.1836278,1.18319,1.183171
2017-08-09 04:00:00,1.18229,1.18388,1.1837454,1.18332,1.18331,1.1854,1.1856602,1.18369,1.183581,1.18319,1.1831298,1.18267,1.182582
2017-08-09 05:00:00,1.18388,1.18332,1.1832218,1.1854,1.1854099,1.18369,1.1836213,1.18319,1.1832151,1.18267,1.1826043,1.18243,1.1823589
2017-08-09 06:00:00,1.18332,1.1854,1.1855011,1.18369,1.1836745,1.18319,1.1831551,1.18267,1.1827412,1.18243,1.1823472,1.18323,1.1832457
2017-08-09 07:00:00,1.1854,1.18369,1.1836822,1.18319,1.1832035,1.18267,1.1825014,1.18243,1.1825095,1.18323,1.1832163,1.18558,1.1856242
2017-08-09 08:00:00,1.18369,1.18319,1.1832536,1.18267,1.1826558,1.18243,1.1824262,1.18323,1.1833344,1.18558,1.185545,1.186,1.186028
2017-08-09 09:00:00,1.18319,1.18267,1.1826767,1.18243,1.1824383,1.18323,1.1831319,1.18558,1.1855273,1.186,1.1857158,1.18672,1.1867706
2017-08-09 10:00:00,1.18267,1.18243,1.1824273,1.18323,1.1831905,1.18558,1.185489,1.186,1.18588,1.18672,1.1867714,1.18826,1.18835
2017-08-09 11:00:00,1.18243,1.18323,1.1831571,1.18558,1.1853745,1.186,1.1856432,1.18672,1.1867361,1.18826,1.1881044,1.18593,1.1855289
2017-08-09 12:00:00,1.18323,1.18558,1.1856842,1.186,1.1860068,1.18672,1.1864805,1.18826,1.1880302,1.18593,1.1857835,1.18534,1.18541
2017-08-09 13:00:00,1.18558,1.186,1.1859113,1.18672,1.1866857,1.18826,1.1881227,1.18593,1.1859193,1.18534,1.185308,1.18548,1.1853979
2017-08-09 14:00:00,1.186,1.18672,1.1866233,1.18826,1.1882129,1.18593,1.185846,1.18534,1.18537,1.18548,1.1854367,1.18541,1.1854372
2017-08-09 15:00:00,1.18672,1.18826,1.1883074,1.18593,1.1859709,1.18534,1.1852876,1.18548,1.1855577,1.18541,1.185407,1.18507,1.1851181
2017-08-09 16:00:00,1.18826,1.18593,1.1860279,1.18534,1.1852688,1.18548,1.1856217,1.18541,1.1854792,1.18507,1.1849877,1.1851,1.1852369
2017-08-09 17:00:00,1.18593,1.18534,1.1854134,1.18548,1.1855276,1.18541,1.1854076,1.18507,1.1851237,1.1851,1.1851128,1.18356,1.1835244
2017-08-09 18:00:00,1.18534,1.18548,1.185451,1.18541,1.1854491,1.18507,1.1850259,1.1851,1.1852081,1.18356,1.183525,1.18363,1.1837082
2017-08-09 19:00:00,1.18548,1.18541,1.1854072,1.18507,1.185095,1.1851,1.1851283,1.18356,1.1836585,1.18363,1.1837447,1.18431,1.1842977
2017-08-09 20:00:00,1.18541,1.18507,1.1850604,1.1851,1.1851373,1.18356,1.1834983,1.18363,1.1837871,1.18431,1.1843565,1.18408,1.1841719
2017-08-09 21:00:00,1.18507,1.1851,1.1851165,1.18356,1.1836342,1.18363,1.1835566,1.18431,1.1844282,1.18408,1.1840487,1.18461,1.1847084
2017-08-09 22:00:00,1.1851,1.18356,1.1835909,1.18363,1.1836729,1.18431,1.1843672,1.18408,1.1841435,1.18461,1.1845702,1.18435,1.1843555
2017-08-09 23:00:00,1.18356,1.18363,1.1836506,1.18431,1.1842872,1.18408,1.184083,1.18461,1.1847254,1.18435,1.1842988,1.1851,1.1850914
2017-08-10 00:00:00,1.18363,1.18431,1.184257,1.18408,1.1840875,1.18461,1.1845688,1.18435,1.1844158,1.1851,1.1850462,1.18402,1.1839738
2017-08-10 01:00:00,1.18431,1.18408,1.1840503,1.18461,1.1845942,1.18435,1.1843103,1.1851,1.1851413,1.18402,1.1839501,1.18426,1.1842691
2017-08-10 02:00:00,1.18408,1.18461,1.1845323,1.18435,1.1843526,1.1851,1.1851096,1.18402,1.18409,1.18426,1.1842613,1.18444,1.1844561
2017-08-10 03:00:00,1.18461,1.18435,1.1843154,1.1851,1.1851057,1.18402,1.1840175,1.18426,1.1843249,1.18444,1.1844641,1.18367,1.1836702
2017-08-10 04:00:00,1.18435,1.1851,1.1850435,1.18402,1.1840588,1.18426,1.1842535,1.18444,1.1844937,1.18367,1.1836442,1.1852701,1.1853788
2017-08-10 05:00:00,1.1851,1.18402,1.1840272,1.18426,1.1842976,1.18444,1.1844814,1.18367,1.1837133,1.1852701,1.1853112,1.18591,1.1859003
2017-08-10 06:00:00,1.18402,1.18426,1.1842246,1.18444,1.1844007,1.18367,1.1835997,1.1852701,1.1853139,1.18591,1.185801,1.18495,1.184983
2017-08-10 07:00:00,1.18426,1.18444,1.1844369,1.18367,1.1836922,1.1852701,1.1852947,1.18591,1.1859685,1.18495,1.1848547,1.18781,1.1877707
2017-08-10 08:00:00,1.18444,1.18367,1.1837157,1.1852701,1.1852497,1.18591,1.1859065,1.18495,1.1849254,1.18781,1.1876603,1.18783,1.187585
2017-08-10 09:00:00,1.18367,1.1852701,1.1852392,1.18591,1.1857207,1.18495,1.1847912,1.18781,1.1880089,1.18783,1.188063,1.18681,1.1867923
2017-08-10 10:00:00,1.1852701,1.18591,1.1859133,1.18495,1.1849512,1.18781,1.1876718,1.18783,1.187768,1.18681,1.1868212,1.1870999,1.1869979
2017-08-10 11:00:00,1.18591,1.18495,1.1849091,1.18781,1.1877877,1.18783,1.1879162,1.18681,1.1868192,1.1870999,1.1869432,1.1866701,1.18658
2017-08-10 12:00:00,1.18495,1.18781,1.1877695,1.18783,1.1877085,1.18681,1.1868081,1.1870999,1.187053,1.1866701,1.1867002,1.18749,1.1874133
2017-08-10 13:00:00,1.18781,1.18783,1.1877722,1.18681,1.1868638,1.1870999,1.1870742,1.1866701,1.1867692,1.18749,1.1875383,1.18684,1.1868687
2017-08-10 14:00:00,1.18783,1.18681,1.1867273,1.1870999,1.1871166,1.1866701,1.1866163,1.18749,1.1876092,1.18684,1.1868079,1.187,1.1870451
2017-08-10 15:00:00,1.18681,1.1870999,1.1871014,1.1866701,1.1867049,1.18749,1.187519,1.18684,1.1868877,1.187,1.1869508,1.18766,1.187621
2017-08-10 16:00:00,1.1870999,1.1866701,1.1866512,1.18749,1.1875075,1.18684,1.1868024,1.187,1.1870669,1.18766,1.1875916,1.18816,1.1881346
2017-08-10 17:00:00,1.1866701,1.18749,1.1874782,1.18684,1.1868356,1.187,1.1869358,1.18766,1.1876838,1.18816,1.1881628,1.18761,1.1876285
2017-08-10 18:00:00,1.18749,1.18684,1.1868491,1.187,1.1870377,1.18766,1.1876094,1.18816,1.1881936,1.18761,1.187545,1.18761,1.1875856
2017-08-10 19:00:00,1.18684,1.187,1.1869988,1.18766,1.1876538,1.18816,1.1880381,1.18761,1.1876788,1.18761,1.1875516,1.1874499,1.1873899
2017-08-10 20:00:00,1.187,1.18766,1.1875517,1.18816,1.1881608,1.18761,1.1875215,1.18761,1.1876041,1.1874499,1.1874076,1.18786,1.1878359
2017-08-10 21:00:00,1.18766,1.18816,1.1881616,1.18761,1.1876482,1.18761,1.1875759,1.1874499,1.1875241,1.18786,1.1878555,1.18794,1.1879166
2017-08-10 22:00:00,1.18816,1.18761,1.1876029,1.18761,1.1876168,1.1874499,1.1874034,1.18786,1.187936,1.18794,1.1878833,1.18831,1.1882865
2017-08-10 23:00:00,1.18761,1.18761,1.1876128,1.1874499,1.1874744,1.18786,1.1878318,1.18794,1.1879709,1.18831,1.1882341,1.18843,1.188397
2017-08-11 00:00:00,1.18761,1.1874499,1.1874324,1.18786,1.1878762,1.18794,1.1879039,1.18831,1.1883532,1.18843,1.1883824,1.18813,1.1881003
2017-08-11 01:00:00,1.1874499,1.18786,1.1878939,1.18794,1.18794,1.18831,1.1882493,1.18843,1.1884906,1.18813,1.188117,1.18819,1.1882097
2017-08-11 02:00:00,1.18786,1.18794,1.1879162,1.18831,1.1883248,1.18843,1.1883757,1.18813,1.1881543,1.18819,1.1881328,1.1881499,1.1880901
2017-08-11 03:00:00,1.18794,1.18831,1.1882986,1.18843,1.1884387,1.18813,1.1880809,1.18819,1.1882416,1.1881499,1.1881717,1.18696,1.186987
2017-08-11 04:00:00,1.18831,1.18843,1.1884073,1.18813,1.1881704,1.18819,1.1881365,1.1881499,1.18821,1.18696,1.1869639,1.1876299,1.1876438
2017-08-11 05:00:00,1.18843,1.18813,1.1880995,1.18819,1.1882094,1.1881499,1.1881742,1.18696,1.1870127,1.1876299,1.187771,1.18296,1.1829199
2017-08-11 06:00:00,1.18813,1.18819,1.1881322,1.1881499,1.1881052,1.18696,1.1870189,1.1876299,1.1877259,1.18296,1.1830361,1.1793,1.1796954
2017-08-11 07:00:00,1.18819,1.1881499,1.188131,1.18696,1.187098,1.1876299,1.1878157,1.18296,1.183171,1.1793,1.1801085,1.17493,1.1750498
2017-08-11 08:00:00,1.1881499,1.18696,1.1869302,1.1876299,1.1876987,1.18296,1.1831783,1.1793,1.1794332,1.17493,1.175228,1.1753,1.1756405
2017-08-11 09:00:00,1.18696,1.1876299,1.1876941,1.18296,1.183366,1.1793,1.1796592,1.17493,1.1753755,1.1753,1.1758097,1.17538,1.1758802
2017-08-11 10:00:00,1.1876299,1.18296,1.1829476,1.1793,1.1794215,1.17493,1.1752423,1.1753,1.1757276,1.17538,1.1759356,1.17536,1.1753018
2017-08-11 11:00:00,1.18296,1.1793,1.179563,1.17493,1.1749717,1.1753,1.1755494,1.17538,1.176001,1.17536,1.1755785,1.1763899,1.1765046
2017-08-11 12:00:00,1.1793,1.17493,1.1750956,1.1753,1.1751144,1.17538,1.1755904,1.17536,1.1755719,1.1763899,1.1763948,1.1779699,1.1777956
2017-08-11 13:00:00,1.17493,1.1753,1.1753974,1.17538,1.1753341,1.17536,1.1753701,1.1763899,1.1763659,1.1779699,1.1778269,1.17697,1.1769705
2017-08-11 14:00:00,1.1753,1.17538,1.1753248,1.17536,1.1753631,1.1763899,1.1762568,1.1779699,1.1780208,1.17697,1.1768751,1.17728,1.1771328
2017-08-11 15:00:00,1.17538,1.17536,1.1753666,1.1763899,1.1763502,1.1779699,1.177855,1.17697,1.1768675,1.17728,1.1772103,1.17852,1.1782922
2017-08-11 16:00:00,1.17536,1.1763899,1.1762104,1.1779699,1.1778895,1.17697,1.1769879,1.17728,1.1771822,1.17852,1.1783501,1.17761,1.1773891
2017-08-11 17:00:00,1.1763899,1.1779699,1.1779759,1.17697,1.1769483,1.17728,1.1773026,1.17852,1.1783168,1.17761,1.1774199,1.17851,1.1784781
2017-08-11 18:00:00,1.1779699,1.17697,1.176994,1.17728,1.1772768,1.17852,1.178539,1.17761,1.1775864,1.17851,1.1784029,1.1791999,1.1790211
2017-08-11 19:00:00,1.17697,1.17728,1.1772703,1.17852,1.1784897,1.17761,1.1775917,1.17851,1.1784719,1.1791999,1.1790257,1.17927,1.1791704
2017-08-11 20:00:00,1.17728,1.17852,1.1785245,1.17761,1.1776175,1.17851,1.1785464,1.1791999,1.1791449,1.17927,1.1792415,1.17983,1.1798453
2017-08-13 21:00:00,1.17852,1.17761,1.1776493,1.17851,1.1785014,1.1791999,1.1791704,1.17927,1.1792967,1.17983,1.1798322,1.17945,1.1793813
2017-08-13 22:00:00,1.17761,1.17851,1.17848,1.1791999,1.1791905,1.17927,1.179349,1.17983,1.1798398,1.17945,1.17943,1.17837,1.1783329
2017-08-13 23:00:00,1.17851,1.1791999,1.1791737,1.17927,1.1792547,1.17983,1.1796674,1.17945,1.1794845,1.17837,1.178345,1.17843,1.1784017
2017-08-14 00:00:00,1.1791999,1.17927,1.1792641,1.17983,1.1798497,1.17945,1.1794165,1.17837,1.17844,1.17843,1.1783483,1.18097,1.1809359
2017-08-14 01:00:00,1.17927,1.17983,1.1798192,1.17945,1.1794486,1.17837,1.1783104,1.17843,1.178449,1.18097,1.1809757,1.1798,1.1797398
2017-08-14 02:00:00,1.17983,1.17945,1.1794503,1.17837,1.1784325,1.17843,1.1783392,1.18097,1.1809995,1.1798,1.1797101,1.18017,1.1801853
2017-08-14 03:00:00,1.17945,1.17837,1.178378,1.17843,1.1784266,1.18097,1.1811107,1.1798,1.1797643,1.18017,1.1800513,1.17974,1.179595
2017-08-14 04:00:00,1.17837,1.17843,1.1783723,1.18097,1.1810863,1.1798,1.1796125,1.18017,1.1801038,1.17974,1.1795946,1.18021,1.1800795
2017-08-14 05:00:00,1.17843,1.18097,1.1809169,1.1798,1.179755,1.18017,1.1800915,1.17974,1.1797031,1.18021,1.1802493,1.17859,1.1785312
2017-08-14 06:00:00,1.18097,1.1798,1.1798102,1.18017,1.1802335,1.17974,1.1797135,1.18021,1.1803119,1.17859,1.1785359,1.17912,1.1790872
2017-08-14 07:00:00,1.1798,1.18017,1.1802003,1.17974,1.1797639,1.18021,1.1802081,1.17859,1.1786067,1.17912,1.1791255,1.1794,1.1794641
2017-08-14 08:00:00,1.18017,1.17974,1.1797203,1.18021,1.1802224,1.17859,1.1785489,1.17912,1.1791887,1.1794,1.179343,1.17871,1.1787562
2017-08-14 09:00:00,1.17974,1.18021,1.1803004,1.17859,1.1785886,1.17912,1.1790885,1.1794,1.1794491,1.17871,1.1786106,1.17884,1.1788442
2017-08-14 10:00:00,1.18021,1.17859,1.1785247,1.17912,1.1791654,1.1794,1.1794235,1.17871,1.1787567,1.17884,1.1787393,1.1791,1.1790001
2017-08-14 11:00:00,1.17859,1.17912,1.1791372,1.1794,1.179431,1.17871,1.1786487,1.17884,1.1788597,1.1791,1.1789768,1.17941,1.1793238
2017-08-14 12:00:00,1.17912,1.1794,1.1793978,1.17871,1.1787604,1.17884,1.1788085,1.1791,1.1791489,1.17941,1.1793425,1.17932,1.1792619
2017-08-14 13:00:00,1.1794,1.17871,1.1786746,1.17884,1.178833,1.1791,1.1790178,1.17941,1.179401,1.17932,1.1791931,1.1794,1.1793193
2017-08-14 14:00:00,1.17871,1.17884,1.1788028,1.1791,1.1790781,1.17941,1.1793377,1.17932,1.1792568,1.1794,1.1792667,1.17947,1.1793573
2017-08-14 15:00:00,1.17884,1.1791,1.1790249,1.17941,1.1793656,1.17932,1.1792743,1.1794,1.1793458,1.17947,1.1793282,1.17913,1.1790037
2017-08-14 16:00:00,1.1791,1.17941,1.1793644,1.17932,1.1792947,1.1794,1.1793419,1.17947,1.1794766,1.17913,1.179049,1.17994,1.1799287
2017-08-14 17:00:00,1.17941,1.17932,1.179313,1.1794,1.1793981,1.17947,1.179443,1.17913,1.1791549,1.17994,1.1798499,1.18019,1.1801103
2017-08-14 18:00:00,1.17932,1.1794,1.179388,1.17947,1.1794715,1.17913,1.17908,1.17994,1.1799371,1.18019,1.1800863,1.18154,1.1815677
2017-08-14 19:00:00,1.1794,1.17947,1.1794591,1.17913,1.1791492,1.17994,1.1798966,1.18019,1.180208,1.18154,1.1815267,1.18129,1.1812111
2017-08-14 20:00:00,1.17947,1.17913,1.1790863,1.17994,1.1799347,1.18019,1.1801133,1.18154,1.1815279,1.18129,1.181103,1.18063,1.180588
2017-08-14 21:00:00,1.17913,1.17994,1.1799012,1.18019,1.1802485,1.18154,1.1815873,1.18129,1.1813325,1.18063,1.180493,1.18108,1.1811125
2017-08-14 22:00:00,1.17994,1.18019,1.1801437,1.18154,1.1814791,1.18129,1.1812693,1.18063,1.1806545,1.18108,1.1809993,1.1808,1.1807259
2017-08-14 23:00:00,1.18019,1.18154,1.1815013,1.18129,1.1812167,1.18063,1.1805718,1.18108,1.1811583,1.1808,1.1807761,1.18043,1.1804454
2017-08-15 00:00:00,1.18154,1.18129,1.1812632,1.18063,1.1805955,1.18108,1.1810797,1.1808,1.1808964,1.18043,1.1803806,1.1807001,1.1806909
2017-08-15 01:00:00,1.18129,1.18063,1.1807191,1.18108,1.1811026,1.1808,1.1808041,1.18043,1.1805211,1.1807001,1.1807247,1.18077,1.1808114
2017-08-15 02:00:00,1.18063,1.18108,1.1810892,1.1808,1.1808059,1.18043,1.1803944,1.1807001,1.1807708,1.18077,1.1807716,1.18102,1.1810284
2017-08-15 03:00:00,1.18108,1.1808,1.1807956,1.18043,1.1804595,1.1807001,1.1807235,1.18077,1.1808519,1.18102,1.1810045,1.18149,1.1815282
2017-08-15 04:00:00,1.1808,1.18043,1.1804175,1.1807001,1.1807084,1.18077,1.1807771,1.18102,1.1810976,1.18149,1.1814773,1.18084,1.1808597
2017-08-15 05:00:00,1.18043,1.1807001,1.1807075,1.18077,1.1808138,1.18102,1.1809895,1.18149,1.1815255,1.18084,1.1808431,1.18138,1.1813517
2017-08-15 06:00:00,1.1807001,1.18077,1.1807811,1.18102,1.1810474,1.18149,1.181568,1.18084,1.1808999,1.18138,1.1814126,1.181,1.1809577
2017-08-15 07:00:00,1.18077,1.18102,1.1809499,1.18149,1.1814843,1.18084,1.1807436,1.18138,1.181416,1.181,1.1810949,1.1738,1.1734658
2017-08-15 08:00:00,1.18102,1.18149,1.181455,1.18084,1.1808037,1.18138,1.1812944,1.181,1.1810701,1.1738,1.1742008,1.17239,1.1724625
2017-08-15 09:00:00,1.18149,1.18084,1.1808352,1.18138,1.1814752,1.181,1.1811091,1.1738,1.1742295,1.17239,1.1726577,1.17515,1.175158
2017-08-15 10:00:00,1.18084,1.18138,1.1813297,1.181,1.1810737,1.1738,1.1734319,1.17239,1.1724572,1.17515,1.1753696,1.17632,1.1760911
2017-08-15 11:00:00,1.18138,1.181,1.1810966,1.1738,1.173785,1.17239,1.1724305,1.17515,1.1753361,1.17632,1.1766009,1.17513,1.17504
2017-08-15 12:00:00,1.181,1.1738,1.174376,1.17239,1.1725459,1.17515,1.1753278,1.17632,1.1767085,1.17513,1.1750076,1.17489,1.1747766
2017-08-15 13:00:00,1.1738,1.17239,1.1725146,1.17515,1.1751386,1.17632,1.1764579,1.17513,1.1751298,1.17489,1.1747007,1.1751,1.1748861
2017-08-15 14:00:00,1.17239,1.17515,1.1748855,1.17632,1.1760995,1.17513,1.1749835,1.17489,1.1747519,1.1751,1.1751072,1.17486,1.1747386
2017-08-15 15:00:00,1.17515,1.17632,1.176263,1.17513,1.1751499,1.17489,1.1748761,1.1751,1.1751943,1.17486,1.1749591,1.17582,1.175865
2017-08-15 16:00:00,1.17632,1.17513,1.1751248,1.17489,1.1749678,1.1751,1.1751096,1.17486,1.1748247,1.17582,1.1757889,1.17539,1.1753407
2017-08-15 17:00:00,1.17513,1.17489,1.1748173,1.1751,1.1750734,1.17486,1.1749043,1.17582,1.1758343,1.17539,1.175338,1.1743,1.1742556
2017-08-15 18:00:00,1.17489,1.1751,1.1750726,1.17486,1.1748492,1.17582,1.1759024,1.17539,1.1753601,1.1743,1.174272,1.17351,1.1733848
2017-08-15 19:00:00,1.1751,1.17486,1.1748604,1.17582,1.1758282,1.17539,1.1753912,1.1743,1.1742878,1.17351,1.17342,1.17336,1.1731939
2017-08-15 20:00:00,1.17486,1.17582,1.1758162,1.17539,1.1753786,1.1743,1.1743243,1.17351,1.1735975,1.17336,1.173401,1.17325,1.1732036
2017-08-15 21:00:00,1.17582,1.17539,1.1753949,1.1743,1.1744058,1.17351,1.1734927,1.17336,1.1734961,1.17325,1.1732576,1.17369,1.173653
2017-08-15 22:00:00,1.17539,1.1743,1.1743258,1.17351,1.1735053,1.17336,1.1735158,1.17325,1.173357,1.17369,1.1735924,1.17399,1.1740978
2017-08-15 23:00:00,1.1743,1.17351,1.1735337,1.17336,1.1732978,1.17325,1.1732448,1.17369,1.1736835,1.17399,1.1739318,1.17447,1.1744828
2017-08-16 00:00:00,1.17351,1.17336,1.1733732,1.17325,1.1732243,1.17369,1.1736917,1.17399,1.1739959,1.17447,1.1744643,1.17425,1.1741993
2017-08-16 01:00:00,1.17336,1.17325,1.1732328,1.17369,1.1736587,1.17399,1.1739769,1.17447,1.1744545,1.17425,1.1741672,1.17317,1.1731076
2017-08-16 02:00:00,1.17325,1.17369,1.1736768,1.17399,1.1739986,1.17447,1.1744225,1.17425,1.1743054,1.17317,1.1731218,1.17399,1.173993
2017-08-16 03:00:00,1.17369,1.17399,1.1739359,1.17447,1.1745095,1.17425,1.1742676,1.17317,1.1731617,1.17399,1.1739966,1.17353,1.173484
2017-08-16 04:00:00,1.17399,1.17447,1.1744285,1.17425,1.174263,1.17317,1.1730903,1.17399,1.174074,1.17353,1.173515,1.17391,1.173953
2017-08-16 05:00:00,1.17447,1.17425,1.1742327,1.17317,1.1732012,1.17399,1.1740098,1.17353,1.1735638,1.17391,1.1738262,1.17442,1.1743484
2017-08-16 06:00:00,1.17425,1.17317,1.1731182,1.17399,1.1739756,1.17353,1.1735196,1.17391,1.1739173,1.17442,1.1744022,1.17105,1.1708751
2017-08-16 07:00:00,1.17317,1.17399,1.1740814,1.17353,1.1735519,1.17391,1.1738933,1.17442,1.1745136,1.17105,1.1712338,1.17425,1.1745245
2017-08-16 08:00:00,1.17399,1.17353,1.1735432,1.17391,1.1739743,1.17442,1.1745121,1.17105,1.1709042,1.17425,1.1742918,1.17478,1.1747593
2017-08-16 09:00:00,1.17353,1.17391,1.1738435,1.17442,1.1744562,1.17105,1.170923,1.17425,1.1743561,1.17478,1.1746571,1.1744,1.1745656
2017-08-16 10:00:00,1.17391,1.17442,1.1744778,1.17105,1.1709038,1.17425,1.1742445,1.17478,1.1748252,1.1744,1.1743878,1.1752,1.1751688
2017-08-16 11:00:00,1.17442,1.17105,1.1712918,1.17425,1.1743065,1.17478,1.1747822,1.1744,1.1743656,1.1752,1.1750493,1.1751599,1.1749523
2017-08-16 12:00:00,1.17105,1.17425,1.174334,1.17478,1.1748954,1.1744,1.1743248,1.1752,1.1752901,1.1751599,1.1750852,1.1755099,1.1753178
2017-08-16 13:00:00,1.17425,1.17478,1.174705,1.1744,1.1744671,1.1752,1.1752305,1.1751599,1.1751711,1.1755099,1.1754763,1.17584,1.1758127
2017-08-16 14:00:00,1.17478,1.1744,1.1743731,1.1752,1.1751487,1.1751599,1.1751089,1.1755099,1.1754943,1.17584,1.1757811,1.17587,1.1758082
2017-08-16 15:00:00,1.1744,1.1752,1.1751812,1.1751599,1.1751132,1.1755099,1.1754239,1.17584,1.1758033,1.17587,1.1757493,1.17616,1.1763016
2017-08-16 16:00:00,1.1752,1.1751599,1.1751271,1.1755099,1.1754968,1.17584,1.1757886,1.17587,1.1758723,1.17616,1.1761025,1.17629,1.1763008
2017-08-16 17:00:00,1.1751599,1.1755099,1.1754936,1.17584,1.1758305,1.17587,1.1758431,1.17616,1.176205,1.17629,1.1762438,1.17564,1.1756098
2017-08-16 18:00:00,1.1755099,1.17584,1.1758587,1.17587,1.1759183,1.17616,1.1761607,1.17629,1.176348,1.17564,1.1756182,1.17527,1.1752881
2017-08-16 19:00:00,1.17584,1.17587,1.1758516,1.17616,1.1761667,1.17629,1.1763282,1.17564,1.1756943,1.17527,1.1752614,1.17479,1.1748226
2017-08-16 20:00:00,1.17587,1.17616,1.1761553,1.17629,1.1763307,1.17564,1.175598,1.17527,1.1752789,1.17479,1.1747957,1.17381,1.1738801
2017-08-16 21:00:00,1.17616,1.17629,1.1762972,1.17564,1.1756983,1.17527,1.1752856,1.17479,1.17487,1.17381,1.1738693,1.17355,1.1735551
2017-08-16 22:00:00,1.17629,1.17564,1.17563,1.17527,1.1753061,1.17479,1.1747882,1.17381,1.1739264,1.17355,1.1735511,1.1733,1.1732837
2017-08-16 23:00:00,1.17564,1.17527,1.1752844,1.17479,1.1748582,1.17381,1.173866,1.17355,1.1736606,1.1733,1.1734165,1.17314,1.1729232
2017-08-17 00:00:00,1.17527,1.17479,1.1748264,1.17381,1.1738492,1.17355,1.173554,1.1733,1.1734686,1.17314,1.1731052,1.172,1.1719432
2017-08-17 01:00:00,1.17479,1.17381,1.1739151,1.17355,1.1735274,1.1733,1.1733592,1.17314,1.1732471,1.172,1.1718966,1.17222,1.172283
2017-08-17 02:00:00,1.17381,1.17355,1.1735944,1.1733,1.1733326,1.17314,1.173159,1.172,1.1721647,1.17222,1.1722053,1.17107,1.1710759
2017-08-17 03:00:00,1.17355,1.1733,1.1732595,1.17314,1.1731453,1.172,1.1720515,1.17222,1.1723236,1.17107,1.1712172,1.17234,1.1724124
2017-08-17 04:00:00,1.1733,1.17314,1.1731622,1.172,1.17208,1.17222,1.1723102,1.17107,1.1710651,1.17234,1.1724278,1.17252,1.17244
2017-08-17 05:00:00,1.17314,1.172,1.1719402,1.17222,1.172284,1.17107,1.1711341,1.17234,1.1724846,1.17252,1.172455,1.17409,1.1740881
2017-08-17 06:00:00,1.172,1.17222,1.1722705,1.17107,1.1711777,1.17234,1.1724155,1.17252,1.1725931,1.17409,1.1741681,1.17354,1.1736281
2017-08-17 07:00:00,1.17222,1.17107,1.1709841,1.17234,1.1723378,1.17252,1.1724477,1.17409,1.1740277,1.17354,1.1733161,1.17495,1.1747884
2017-08-17 08:00:00,1.17107,1.17234,1.1724272,1.17252,1.1725496,1.17409,1.1740379,1.17354,1.1734357,1.17495,1.1749473,1.17503,1.1748327
2017-08-17 09:00:00,1.17234,1.17252,1.1724585,1.17409,1.1739426,1.17354,1.1733552,1.17495,1.1750063,1.17503,1.174977,1.17562,1.1754286
2017-08-17 10:00:00,1.17252,1.17409,1.1741929,1.17354,1.1735685,1.17495,1.174936,1.17503,1.1749191,1.17562,1.1755321,1.1755,1.175426
2017-08-17 11:00:00,1.17409,1.17354,1.1734302,1.17495,1.1748455,1.17503,1.1750001,1.17562,1.1755927,1.1755,1.1753877,1.1769199,1.1768539
2017-08-17 12:00:00,1.17354,1.17495,1.1749135,1.17503,1.1750195,1.17562,1.1755513,1.1755,1.1753867,1.1769199,1.1769185,1.1773,1.1772181
2017-08-17 13:00:00,1.17495,1.17503,1.1750097,1.17562,1.1756066,1.1755,1.175434,1.1769199,1.1770782,1.1773,1.1772313,1.17717,1.1770427
2017-08-17 14:00:00,1.17503,1.17562,1.1756129,1.1755,1.1754339,1.1769199,1.176894,1.1773,1.1774068,1.17717,1.1771235,1.17708,1.1770295
2017-08-17 15:00:00,1.17562,1.1755,1.1754642,1.1769199,1.1769261,1.1773,1.1773255,1.17717,1.177123,1.17708,1.1769949,1.17648,1.1764371
2017-08-17 16:00:00,1.1755,1.1769199,1.1770365,1.1773,1.1773782,1.17717,1.1770504,1.17708,1.1770794,1.17648,1.17648,1.17698,1.1770085
2017-08-17 17:00:00,1.1769199,1.1773,1.1772608,1.17717,1.177227,1.17708,1.1771073,1.17648,1.1765728,1.17698,1.1770157,1.17714,1.1771971
2017-08-17 18:00:00,1.1773,1.17717,1.1771555,1.17708,1.1771115,1.17648,1.1764637,1.17698,1.1770688,1.17714,1.177146,1.17697,1.1770316
2017-08-17 19:00:00,1.17717,1.17708,1.1770768,1.17648,1.1765035,1.17698,1.1769947,1.17714,1.1772312,1.17697,1.1769872,1.1768,1.1768069
2017-08-17 20:00:00,1.17708,1.17648,1.176537,1.17698,1.1770198,1.17714,1.177129,1.17697,1.177044,1.1768,1.1767564,1.17747,1.1774926
2017-08-17 21:00:00,1.17648,1.17698,1.1769919,1.17714,1.1771164,1.17697,1.1769377,1.1768,1.1768571,1.17747,1.1774433,1.17739,1.1774073
2017-08-17 22:00:00,1.17698,1.17714,1.1771083,1.17697,1.1769944,1.1768,1.1767548,1.17747,1.1775112,1.17739,1.1773674,1.17638,1.1763928
2017-08-17 23:00:00,1.17714,1.17697,1.1769838,1.1768,1.1768115,1.17747,1.1774439,1.17739,1.1774311,1.17638,1.1763614,1.17589,1.1759079
2017-08-18 00:00:00,1.17697,1.1768,1.1767917,1.17747,1.1774803,1.17739,1.1773777,1.17638,1.1764108,1.17589,1.1758456,1.17529,1.1752727
2017-08-18 01:00:00,1.1768,1.17747,1.1774846,1.17739,1.1774241,1.17638,1.1763439,1.17589,1.1759696,1.17529,1.175265,1.1755,1.1754841
2017-08-18 02:00:00,1.17747,1.17739,1.1774019,1.17638,1.1763656,1.17589,1.1759015,1.17529,1.1755605,1.1755,1.1755753,1.17576,1.1758369
2017-08-18 03:00:00,1.17739,1.17638,1.176394,1.17589,1.1759634,1.17529,1.1750914,1.1755,1.1756446,1.17576,1.175881,1.17596,1.175999
2017-08-18 04:00:00,1.17638,1.17589,1.1759163,1.17529,1.1753261,1.1755,1.1756176,1.17576,1.1759095,1.17596,1.1759496,1.17583,1.175867
2017-08-18 05:00:00,1.17589,1.17529,1.1753542,1.1755,1.175561,1.17576,1.1757424,1.17596,1.1760715,1.17583,1.1757739,1.18156,1.1820031
2017-08-18 06:00:00,1.17529,1.1755,1.1755061,1.17576,1.1758182,1.17596,1.1759039,1.17583,1.1758752,1.18156,1.1818762,1.17974,1.1794221
2017-08-18 07:00:00,1.1755,1.17576,1.1757318,1.17596,1.1759813,1.17583,1.1756104,1.18156,1.1814673,1.17974,1.1797384,1.17917,1.1789966
2017-08-18 08:00:00,1.17576,1.17596,1.1759844,1.17583,1.1758454,1.18156,1.1814151,1.17974,1.1795214,1.17917,1.1788353,1.18097,1.1809317
2017-08-18 09:00:00,1.17596,1.17583,1.175782,1.18156,1.181553,1.17974,1.1795739,1.17917,1.179063,1.18097,1.180512,1.18202,1.1819224
2017-08-18 10:00:00,1.17583,1.18156,1.1812041,1.17974,1.1795238,1.17917,1.1791291,1.18097,1.1809871,1.18202,1.1820066,1.18366,1.1837931
2017-08-18 11:00:00,1.18156,1.17974,1.1796832,1.17917,1.179142,1.18097,1.1809889,1.18202,1.1820972,1.18366,1.1836749,1.18226,1.1821761
2017-08-18 12:00:00,1.17974,1.17917,1.1792488,1.18097,1.1808201,1.18202,1.1820418,1.18366,1.1838757,1.18226,1.1819551,1.18245,1.1824119
2017-08-18 13:00:00,1.17917,1.18097,1.1808126,1.18202,1.1818844,1.18366,1.1838807,1.18226,1.182148,1.18245,1.1821561,1.182,1.1821356
2017-08-18 14:00:00,1.18097,1.18202,1.1819321,1.18366,1.1834326,1.18226,1.1820678,1.18245,1.1824511,1.182,1.1819401,1.18226,1.1822151
2017-08-18 15:00:00,1.18202,1.18366,1.1836736,1.18226,1.1822598,1.18245,1.1824402,1.182,1.1821091,1.18226,1.1823063,1.18209,1.182148
2017-08-18 16:00:00,1.18366,1.18226,1.182301,1.18245,1.1824961,1.182,1.1819823,1.18226,1.1824201,1.18209,1.1820831,1.18246,1.1825358
2017-08-18 17:00:00,1.18226,1.18245,1.1824694,1.182,1.1820139,1.18226,1.1823168,1.18209,1.1822236,1.18246,1.1824764,1.18183,1.1818761
2017-08-18 18:00:00,1.18245,1.182,1.1819605,1.18226,1.1823171,1.18209,1.1820558,1.18246,1.1825612,1.18183,1.1817477,1.18297,1.1830654
2017-08-18 19:00:00,1.182,1.18226,1.1822978,1.18209,1.1821232,1.18246,1.1824837,1.18183,1.1818948,1.18297,1.1829913,1.18265,1.1826009
2017-08-18 20:00:00,1.18226,1.18209,1.182052,1.18246,1.182483,1.18183,1.1817781,1.18297,1.1830337,1.18265,1.1825879,1.18265,1.1826639
2017-08-20 21:00:00,1.18209,1.18246,1.1824712,1.18183,1.1818702,1.18297,1.182986,1.18265,1.1827161,1.18265,1.1826694,1.18178,1.181772
2017-08-20 22:00:00,1.18246,1.18183,1.1818619,1.18297,1.1830124,1.18265,1.1826252,1.18265,1.1827279,1.18178,1.1817497,1.1819,1.1819649
2017-08-20 23:00:00,1.18183,1.18297,1.1829288,1.18265,1.1827058,1.18265,1.182681,1.18178,1.1817979,1.1819,1.1818937,1.18301,1.1830193
2017-08-21 00:00:00,1.18297,1.18265,1.182613,1.18265,1.1826875,1.18178,1.1816783,1.1819,1.1819808,1.18301,1.1830858,1.18074,1.1807992
2017-08-21 01:00:00,1.18265,1.18265,1.1826602,1.18178,1.181787,1.1819,1.1818563,1.18301,1.1831038,1.18074,1.1806793,1.18025,1.1803664
2017-08-21 02:00:00,1.18265,1.18178,1.1818107,1.1819,1.1819546,1.18301,1.1831076,1.18074,1.1807803,1.18025,1.1803621,1.1797299,1.1797599
2017-08-21 03:00:00,1.18178,1.1819,1.1819005,1.18301,1.1830267,1.18074,1.1807675,1.18025,1.1804706,1.1797299,1.1798284,1.17983,1.1798726
2017-08-21 04:00:00,1.1819,1.18301,1.1830335,1.18074,1.1808611,1.18025,1.1802876,1.1797299,1.1798769,1.17983,1.1799407,1.1791999,1.1791141
2017-08-21 05:00:00,1.18301,1.18074,1.1808739,1.18025,1.1802267,1.1797299,1.1795729,1.17983,1.1798798,1.1791999,1.1790013,1.17953,1.1797299
2017-08-21 06:00:00,1.18074,1.18025,1.1802881,1.1797299,1.1797507,1.17983,1.1799438,1.1791999,1.1793847,1.17953,1.1795574,1.17903,1.1790776
2017-08-21 07:00:00,1.18025,1.1797299,1.179769,1.17983,1.1798604,1.1791999,1.1791534,1.17953,1.1796247,1.17903,1.1790794,1.17819,1.1782985
2017-08-21 08:00:00,1.1797299,1.17983,1.1798359,1.1791999,1.179279,1.17953,1.179586,1.17903,1.1791388,1.17819,1.178211,1.17852,1.1784999
2017-08-21 09:00:00,1.17983,1.1791999,1.1791221,1.17953,1.179518,1.17903,1.1790643,1.17819,1.1784053,1.17852,1.1784766,1.17922,1.1792347
2017-08-21 10:00:00,1.1791999,1.17953,1.1795133,1.17903,1.179062,1.17819,1.1782396,1.17852,1.1786067,1.17922,1.179255,1.17732,1.1772828
2017-08-21 11:00:00,1.17953,1.17903,1.1790208,1.17819,1.178241,1.17852,1.1785715,1.17922,1.1793643,1.17732,1.1774064,1.17825,1.1784707
2017-08-21 12:00:00,1.17903,1.17819,1.1782339,1.17852,1.1785605,1.17922,1.1793402,1.17732,1.1773837,1.17825,1.1783187,1.17846,1.1784437
2017-08-21 13:00:00,1.17819,1.17852,1.1784934,1.17922,1.1792392,1.17732,1.1773182,1.17825,1.17836,1.17846,1.1784583,1.17793,1.1779805
2017-08-21 14:00:00,1.17852,1.17922,1.1791964,1.17732,1.1773552,1.17825,1.1783255,1.17846,1.1785793,1.17793,1.1780177,1.17752,1.1775435
2017-08-21 15:00:00,1.17922,1.17732,1.1773286,1.17825,1.1782888,1.17846,1.1785461,1.17793,1.1780217,1.17752,1.1775926,1.17777,1.1777868
2017-08-21 16:00:00,1.17732,1.17825,1.1783063,1.17846,1.178583,1.17793,1.1779964,1.17752,1.1776054,1.17777,1.1778197,1.17753,1.1775916
2017-08-21 17:00:00,1.17825,1.17846,1.1784239,1.17793,1.177939,1.17752,1.1775099,1.17777,1.1778704,1.17753,1.1776134,1.17804,1.1781465
2017-08-21 18:00:00,1.17846,1.17793,1.1779308,1.17752,1.1776016,1.17777,1.1778221,1.17753,1.1775757,1.17804,1.1781174,1.17847,1.1785171
2017-08-21 19:00:00,1.17793,1.17752,1.1775305,1.17777,1.1777954,1.17753,1.1775259,1.17804,1.1780878,1.17847,1.1784573,1.17821,1.1782402
2017-08-21 20:00:00,1.17752,1.17777,1.1777723,1.17753,1.1775447,1.17804,1.1780658,1.17847,1.178545,1.17821,1.1782272,1.17817,1.178186
2017-08-21 21:00:00,1.17777,1.17753,1.1775211,1.17804,1.1780592,1.17847,1.1785101,1.17821,1.1782516,1.17817,1.1781485,1.17769,1.1776624
2017-08-21 22:00:00,1.17753,1.17804,1.1780401,1.17847,1.1784712,1.17821,1.1782014,1.17817,1.1782315,1.17769,1.1776774,1.17602,1.176074
2017-08-21 23:00:00,1.17804,1.17847,1.1783969,1.17821,1.1782047,1.17817,1.1781673,1.17769,1.1777287,1.17602,1.1760639,1.17428,1.174212
2017-08-22 00:00:00,1.17847,1.17821,1.1781733,1.17817,1.1782061,1.17769,1.177695,1.17602,1.1760833,1.17428,1.1744293,1.17458,1.1745061
2017-08-22 01:00:00,1.17821,1.17817,1.1781764,1.17769,1.1777602,1.17602,1.1761863,1.17428,1.1745226,1.17458,1.1747239,1.17556,1.1754367
2017-08-22 02:00:00,1.17817,1.17769,1.1777562,1.17602,1.1761054,1.17428,1.1743246,1.17458,1.1746529,1.17556,1.1754518,1.17492,1.1748574
2017-08-22 03:00:00,1.17769,1.17602,1.1760092,1.17428,1.1742965,1.17458,1.1747719,1.17556,1.175707,1.17492,1.1749314,1.17496,1.174927
2017-08-22 04:00:00,1.17602,1.17428,1.1744379,1.17458,1.17464,1.17556,1.1755881,1.17492,1.1748302,1.17496,1.1749196,1.1739299,1.1738565
2017-08-22 05:00:00,1.17428,1.17458,1.17457,1.17556,1.1755519,1.17492,1.1748513,1.17496,1.1750087,1.1739299,1.1740183,1.16917,1.1691406
2017-08-22 06:00:00,1.17458,1.17556,1.1755359,1.17492,1.174915,1.17496,1.1748623,1.1739299,1.17395,1.16917,1.1691278,1.17068,1.1708716
2017-08-22 07:00:00,1.17556,1.17492,1.1749291,1.17496,1.1750554,1.1739299,1.1740211,1.16917,1.1690998,1.17068,1.1705145,1.17185,1.1716805
2017-08-22 08:00:00,1.17492,1.17496,1.1749966,1.1739299,1.1739999,1.16917,1.1691716,1.17068,1.1707699,1.17185,1.172089,1.17352,1.1736261
2017-08-22 09:00:00,1.17496,1.1739299,1.1740199,1.16917,1.1691034,1.17068,1.1708624,1.17185,1.1719717,1.17352,1.1735781,1.17367,1.1736411
2017-08-22 10:00:00,1.1739299,1.16917,1.1696497,1.17068,1.1708809,1.17185,1.1719958,1.17352,1.1735779,1.17367,1.1735426,1.17382,1.1737292
2017-08-22 11:00:00,1.16917,1.17068,1.1707356,1.17185,1.1717585,1.17352,1.1732023,1.17367,1.1733607,1.17382,1.1738032,1.17332,1.1733019
2017-08-22 12:00:00,1.17068,1.17185,1.1717614,1.17352,1.1734495,1.17367,1.1735828,1.17382,1.1737549,1.17332,1.1732035,1.17386,1.17384
2017-08-22 13:00:00,1.17185,1.17352,1.1734641,1.17367,1.1736054,1.17382,1.1737443,1.17332,1.1732408,1.17386,1.1738737,1.1733,1.1732666
2017-08-22 14:00:00,1.17352,1.17367,1.1735953,1.17382,1.17384,1.17332,1.1732357,1.17386,1.1739067,1.1733,1.17324,1.17343,1.1733965
2017-08-22 15:00:00,1.17367,1.17382,1.1738183,1.17332,1.1732993,1.17386,1.1738803,1.1733,1.1732502,1.17343,1.1733963,1.17367,1.1736251
2017-08-22 16:00:00,1.17382,1.17332,1.1732383,1.17386,1.173834,1.1733,1.1733263,1.17343,1.1733998,1.17367,1.1735793,1.17399,1.1739458
2017-08-22 17:00:00,1.17332,1.17386,1.1738969,1.1733,1.1732788,1.17343,1.1734122,1.17367,1.1736888,1.17399,1.1739633,1.17371,1.1736771
2017-08-22 18:00:00,1.17386,1.1733,1.17327,1.17343,1.1734549,1.17367,1.1736537,1.17399,1.1740506,1.17371,1.1736579,1.17382,1.1738082
2017-08-22 19:00:00,1.1733,1.17343,1.1734499,1.17367,1.1737349,1.17399,1.1739547,1.17371,1.1737174,1.17382,1.1738265,1.1735799,1.1736099
2017-08-22 20:00:00,1.17343,1.17367,1.1736465,1.17399,1.1740588,1.17371,1.1736836,1.17382,1.1738988,1.1735799,1.1735507,1.17389,1.173933
2017-08-22 21:00:00,1.17367,1.17399,1.1740072,1.17371,1.1737078,1.17382,1.1738057,1.1735799,1.1736408,1.17389,1.1738849,1.17422,1.1742699
2017-08-22 22:00:00,1.17399,1.17371,1.1736813,1.17382,1.1738304,1.1735799,1.1735933,1.17389,1.17398,1.17422,1.1742257,1.1741099,1.1741227
2017-08-22 23:00:00,1.17371,1.17382,1.173835,1.1735799,1.1735796,1.17389,1.1738812,1.17422,1.1743453,1.1741099,1.1741811,1.17299,1.1729863
2017-08-23 00:00:00,1.17382,1.1735799,1.1735399,1.17389,1.173904,1.17422,1.17425,1.1741099,1.1741502,1.17299,1.1729378,1.17149,1.1714321
2017-08-23 01:00:00,1.1735799,1.17389,1.1738669,1.17422,1.1743081,1.1741099,1.1741202,1.17299,1.1730173,1.17149,1.1714917,1.1725,1.1725521
2017-08-23 02:00:00,1.17389,1.17422,1.1742052,1.1741099,1.1741709,1.17299,1.1730345,1.17149,1.1715719,1.1725,1.1725457,1.17228,1.172354
2017-08-23 03:00:00,1.17422,1.1741099,1.1741498,1.17299,1.173044,1.17149,1.1712958,1.1725,1.1725762,1.17228,1.1722909,1.17011,1.1698824
2017-08-23 04:00:00,1.1741099,1.17299,1.1730293,1.17149,1.1714904,1.1725,1.1726074,1.17228,1.172347,1.17011,1.1703022,1.17107,1.1712939
2017-08-23 05:00:00,1.17299,1.17149,1.1715178,1.1725,1.1725534,1.17228,1.1724188,1.17011,1.1700511,1.17107,1.171202,1.17023,1.1701827
2017-08-23 06:00:00,1.17149,1.1725,1.1725678,1.17228,1.1722628,1.17011,1.1700786,1.17107,1.171171,1.17023,1.1702253,1.1694,1.1694957
2017-08-23 07:00:00,1.1725,1.17228,1.1722988,1.17011,1.1700674,1.17107,1.1710676,1.17023,1.1703349,1.1694,1.1696609,1.17022,1.170241
2017-08-23 08:00:00,1.17228,1.17011,1.1701784,1.17107,1.171132,1.17023,1.1703511,1.1694,1.1695904,1.17022,1.1702998,1.17012,1.1700402
2017-08-23 09:00:00,1.17011,1.17107,1.1710192,1.17023,1.1702943,1.1694,1.1694254,1.17022,1.1702898,1.17012,1.1701006,1.17014,1.1701665
2017-08-23 10:00:00,1.17107,1.17023,1.1702517,1.1694,1.1694717,1.17022,1.1702739,1.17012,1.1701877,1.17014,1.1701342,1.17327,1.1733432
2017-08-23 11:00:00,1.17023,1.1694,1.1694443,1.17022,1.1701896,1.17012,1.1701356,1.17014,1.1701312,1.17327,1.1732736,1.17677,1.1766691
2017-08-23 12:00:00,1.1694,1.17022,1.1702304,1.17012,1.1700822,1.17014,1.1699913,1.17327,1.173321,1.17677,1.1770881,1.17688,1.1768696
2017-08-23 13:00:00,1.17022,1.17012,1.1701072,1.17014,1.1700982,1.17327,1.173274,1.17677,1.1767557,1.17688,1.1769649,1.17654,1.1762656
2017-08-23 14:00:00,1.17012,1.17014,1.1701422,1.17327,1.173282,1.17677,1.1772691,1.17688,1.1766387,1.17654,1.1764263,1.17697,1.1768912
2017-08-23 15:00:00,1.17014,1.17327,1.1732774,1.17677,1.1764479,1.17688,1.1764934,1.17654,1.1761615,1.17697,1.1766347,1.1776,1.177496
2017-08-23 16:00:00,1.17327,1.17677,1.1767682,1.17688,1.1768386,1.17654,1.176347,1.17697,1.1768243,1.1776,1.1775788,1.17732,1.1772356
2017-08-23 17:00:00,1.17677,1.17688,1.1768389,1.17654,1.1765112,1.17697,1.1769105,1.1776,1.17767,1.17732,1.1773074,1.17675,1.1767514
2017-08-23 18:00:00,1.17688,1.17654,1.176544,1.17697,1.1769849,1.1776,1.1776087,1.17732,1.1773933,1.17675,1.176703,1.17877,1.1788708
2017-08-23 19:00:00,1.17654,1.17697,1.1769087,1.1776,1.1775581,1.17732,1.1773617,1.17675,1.1767969,1.17877,1.1787615,1.1782,1.1781688
2017-08-23 20:00:00,1.17697,1.1776,1.1775503,1.17732,1.1773084,1.17675,1.1766795,1.17877,1.1788872,1.1782,1.1781595,1.17772,1.1778274
2017-08-23 21:00:00,1.1776,1.17732,1.1773347,1.17675,1.176781,1.17877,1.1787157,1.1782,1.1782906,1.17772,1.1777377,1.17785,1.1778529
2017-08-23 22:00:00,1.17732,1.17675,1.1767792,1.17877,1.178877,1.1782,1.178151,1.17772,1.1778065,1.17785,1.1777983,1.17786,1.1778471
2017-08-23 23:00:00,1.17675,1.17877,1.1787946,1.1782,1.1781718,1.17772,1.1776233,1.17785,1.177913,1.17786,1.177834,1.17629,1.1762848
2017-08-24 00:00:00,1.17877,1.1782,1.178216,1.17772,1.177737,1.17785,1.1778694,1.17786,1.1779324,1.17629,1.1763598,1.17557,1.1755211
2017-08-24 01:00:00,1.1782,1.17772,1.1777102,1.17785,1.177878,1.17786,1.1778864,1.17629,1.1763581,1.17557,1.1755462,1.1732299,1.1731803
2017-08-24 02:00:00,1.17772,1.17785,1.1777911,1.17786,1.1778642,1.17629,1.1763932,1.17557,1.1757627,1.1732299,1.1733322,1.17063,1.1704968
2017-08-24 03:00:00,1.17785,1.17786,1.1778632,1.17629,1.17644,1.17557,1.17559,1.1732299,1.173333,1.17063,1.1705716,1.16973,1.1700987
2017-08-24 04:00:00,1.17786,1.17629,1.1763685,1.17557,1.1755897,1.1732299,1.1731102,1.17063,1.1709347,1.16973,1.1697425,1.16992,1.1699685
2017-08-24 05:00:00,1.17629,1.17557,1.1755509,1.1732299,1.1733841,1.17063,1.1708686,1.16973,1.1698835,1.16992,1.1695073,1.16927,1.1694497
2017-08-24 06:00:00,1.17557,1.1732299,1.1734073,1.17063,1.170673,1.16973,1.1698449,1.16992,1.1703205,1.16927,1.1691164,1.17267,1.1730347
2017-08-24 07:00:00,1.1732299,1.17063,1.1707672,1.16973,1.1698685,1.16992,1.1702225,1.16927,1.1694901,1.17267,1.1726717,1.17445,1.1744785
2017-08-24 08:00:00,1.17063,1.16973,1.1697881,1.16992,1.1699618,1.16927,1.1692098,1.17267,1.1728452,1.17445,1.1743989,1.17344,1.1733146
2017-08-24 09:00:00,1.16973,1.16992,1.1699513,1.16927,1.169314,1.17267,1.1725487,1.17445,1.1743803,1.17344,1.1733195,1.17408,1.1738055
2017-08-24 10:00:00,1.16992,1.16927,1.169281,1.17267,1.1726086,1.17445,1.1743691,1.17344,1.1732692,1.17408,1.173701,1.17405,1.1736319
2017-08-24 11:00:00,1.16927,1.17267,1.1725502,1.17445,1.1745441,1.17344,1.1731205,1.17408,1.1737063,1.17405,1.1736767,1.17394,1.1737221
2017-08-24 12:00:00,1.17267,1.17445,1.1742332,1.17344,1.1734201,1.17408,1.1740279,1.17405,1.1739373,1.17394,1.1738662,1.17273,1.172589
2017-08-24 13:00:00,1.17445,1.17344,1.1733553,1.17408,1.1740086,1.17405,1.1739966,1.17394,1.1738467,1.17273,1.1725477,1.1723,1.1721987
2017-08-24 14:00:00,1.17344,1.17408,1.1740292,1.17405,1.173984,1.17394,1.1739683,1.17273,1.1726873,1.1723,1.1721945,1.17248,1.1724558
2017-08-24 15:00:00,1.17408,1.17405,1.1739721,1.17394,1.1739179,1.17273,1.1727875,1.1723,1.1724386,1.17248,1.1723846,1.17259,1.1725276
2017-08-24 16:00:00,1.17405,1.17394,1.1739678,1.17273,1.1727349,1.1723,1.1723313,1.17248,1.172702,1.17259,1.1726528,1.17155,1.171589
2017-08-24 17:00:00,1.17394,1.17273,1.1727794,1.1723,1.1722586,1.17248,1.1725413,1.17259,1.17271,1.17155,1.1716399,1.17274,1.1728199
2017-08-24 18:00:00,1.17273,1.1723,1.1723323,1.17248,1.172533,1.17259,1.1726499,1.17155,1.1716107,1.17274,1.1727293,1.17317,1.1731825
2017-08-24 19:00:00,1.1723,1.17248,1.1724839,1.17259,1.1726353,1.17155,1.1715429,1.17274,1.1728836,1.17317,1.1731907,1.17283,1.1728897
2017-08-24 20:00:00,1.17248,1.17259,1.1726177,1.17155,1.171643,1.17274,1.1727235,1.17317,1.173246,1.17283,1.1728348,1.173,1.1729594
2017-08-24 21:00:00,1.17259,1.17155,1.1715587,1.17274,1.1727579,1.17317,1.1731046,1.17283,1.172808,1.173,1.172892,1.17367,1.1735276
2017-08-24 22:00:00,1.17155,1.17274,1.1727774,1.17317,1.1730425,1.17283,1.1726837,1.173,1.1730525,1.17367,1.1737697,1.17319,1.1731619
2017-08-24 23:00:00,1.17274,1.17317,1.1731478,1.17283,1.1728469,1.173,1.1729717,1.17367,1.1736482,1.17319,1.17313,1.17366,1.1736373
2017-08-25 00:00:00,1.17317,1.17283,1.1728535,1.173,1.1729826,1.17367,1.1736258,1.17319,1.1731726,1.17366,1.1736107,1.17261,1.1725236
2017-08-25 01:00:00,1.17283,1.173,1.1729885,1.17367,1.1736791,1.17319,1.1731219,1.17366,1.1736839,1.17261,1.1725501,1.17469,1.1747215
2017-08-25 02:00:00,1.173,1.17367,1.1737132,1.17319,1.1731983,1.17366,1.1736921,1.17261,1.1726367,1.17469,1.1748297,1.1734099,1.1734141
2017-08-25 03:00:00,1.17367,1.17319,1.1731648,1.17366,1.17368,1.17261,1.1725565,1.17469,1.17478,1.1734099,1.1733128,1.1748099,1.1749254
2017-08-25 04:00:00,1.17319,1.17366,1.1737075,1.17261,1.1726782,1.17469,1.1748034,1.1734099,1.1734548,1.1748099,1.1748568,1.17344,1.1734183
2017-08-25 05:00:00,1.17366,1.17261,1.1726067,1.17469,1.1747016,1.1734099,1.1732849,1.1748099,1.1748796,1.17344,1.1733241,1.17478,1.174845
2017-08-25 06:00:00,1.17261,1.17469,1.1744835,1.1734099,1.1734124,1.1748099,1.1748488,1.17344,1.1734511,1.17478,1.1748214,1.17412,1.1740761
2017-08-25 07:00:00,1.17469,1.1734099,1.1733855,1.1748099,1.1748526,1.17344,1.173393,1.17478,1.1748409,1.17412,1.1739748,1.17488,1.1748629
2017-08-25 08:00:00,1.1734099,1.1748099,1.1747954,1.17344,1.1734469,1.17478,1.174761,1.17412,1.1741525,1.17488,1.1748424,1.1747,1.1746519
2017-08-25 09:00:00,1.1748099,1.17344,1.17343,1.17478,1.1748099,1.17412,1.1740189,1.17488,1.1749129,1.1747,1.174549,1.1749,1.1748097
2017-08-25 10:00:00,1.17344,1.17478,1.1747307,1.17412,1.174037,1.17488,1.1748333,1.1747,1.1747239,1.1749,1.1748096,1.17524,1.1751623
2017-08-25 11:00:00,1.17478,1.17412,1.1740451,1.17488,1.1748554,1.1747,1.1746304,1.1749,1.174934,1.17524,1.1751866,1.17579,1.1757196
2017-08-25 12:00:00,1.17412,1.17488,1.1748564,1.1747,1.1746541,1.1749,1.1748415,1.17524,1.1752052,1.17579,1.1756518,1.17624,1.1763271
2017-08-25 13:00:00,1.17488,1.1747,1.1746373,1.1749,1.1749095,1.17524,1.1751876,1.17579,1.1758456,1.17624,1.1762033,1.17577,1.1757596
2017-08-25 14:00:00,1.1747,1.1749,1.1749325,1.17524,1.1752541,1.17579,1.1756551,1.17624,1.1762273,1.17577,1.1756054,1.17578,1.1757525
2017-08-25 15:00:00,1.1749,1.17524,1.1752126,1.17579,1.1758848,1.17624,1.1762085,1.17577,1.1758114,1.17578,1.1757737,1.17532,1.1752716
2017-08-25 16:00:00,1.17524,1.17579,1.1757374,1.17624,1.1761869,1.17577,1.1757034,1.17578,1.175894,1.17532,1.1753237,1.17555,1.1755853
2017-08-25 17:00:00,1.17579,1.17624,1.1762409,1.17577,1.1757984,1.17578,1.1758046,1.17532,1.1753823,1.17555,1.1755817,1.17512,1.1750702
2017-08-25 18:00:00,1.17624,1.17577,1.1757782,1.17578,1.1758617,1.17532,1.1753259,1.17555,1.175649,1.17512,1.1751368,1.17578,1.1758482
2017-08-25 19:00:00,1.17577,1.17578,1.1758218,1.17532,1.1753485,1.17555,1.175586,1.17512,1.1751839,1.17578,1.1757768,1.17594,1.1759496
2017-08-25 20:00:00,1.17578,1.17532,1.1753373,1.17555,1.1755435,1.17512,1.1750171,1.17578,1.1758056,1.17594,1.1758586,1.17543,1.175368
2017-08-27 21:00:00,1.17532,1.17555,1.1755402,1.17512,1.1750947,1.17578,1.1757773,1.17594,1.1759397,1.17543,1.175391,1.17504,1.1750077
2017-08-27 22:00:00,1.17555,1.17512,1.1751096,1.17578,1.1758101,1.17594,1.1759186,1.17543,1.1754574,1.17504,1.17501,1.17456,1.1745058
2017-08-27 23:00:00,1.17512,1.17578,1.1757249,1.17594,1.1759282,1.17543,1.1754154,1.17504,1.1750852,1.17456,1.1745856,1.1737599,1.173774
2017-08-28 00:00:00,1.17578,1.17594,1.1759217,1.17543,1.1754496,1.17504,1.1750562,1.17456,1.1746564,1.1737599,1.1736821,1.17391,1.1740167
2017-08-28 01:00:00,1.17594,1.17543,1.1754775,1.17504,1.1750691,1.17456,1.17453,1.1737599,1.1739326,1.17391,1.1739392,1.17402,1.173993
2017-08-28 02:00:00,1.17543,1.17504,1.1750717,1.17456,1.1746138,1.1737599,1.1738431,1.17391,1.1739866,1.17402,1.1739498,1.17389,1.1739315
2017-08-28 03:00:00,1.17504,1.17456,1.1746302,1.1737599,1.1738129,1.17391,1.1739086,1.17402,1.1740757,1.17389,1.1738198,1.17575,1.1757648
2017-08-28 04:00:00,1.17456,1.1737599,1.1738603,1.17391,1.1740083,1.17402,1.1740664,1.17389,1.1739564,1.17575,1.1756837,1.17641,1.1764009
2017-08-28 05:00:00,1.1737599,1.17391,1.1739177,1.17402,1.1740125,1.17389,1.1738354,1.17575,1.175835,1.17641,1.1762886,1.17798,1.1780078
2017-08-28 06:00:00,1.17391,1.17402,1.1740122,1.17389,1.1738982,1.17575,1.175703,1.17641,1.1765099,1.17798,1.1778718,1.17877,1.178475
2017-08-28 07:00:00,1.17402,1.17389,1.1738846,1.17575,1.1756516,1.17641,1.1763197,1.17798,1.1778822,1.17877,1.1783556,1.18139,1.1813158
2017-08-28 08:00:00,1.17389,1.17575,1.1757076,1.17641,1.1762639,1.17798,1.1781152,1.17877,1.178682,1.18139,1.1816839,1.18124,1.1811453
2017-08-28 09:00:00,1.17575,1.17641,1.176352,1.17798,1.177965,1.17877,1.1786314,1.18139,1.1815293,1.18124,1.1809095,1.18234,1.1821059
2017-08-28 10:00:00,1.17641,1.17798,1.178026,1.17877,1.1785885,1.18139,1.1814185,1.18124,1.1813262,1.18234,1.1818433,1.18183,1.1818403
2017-08-28 11:00:00,1.17798,1.17877,1.178709,1.18139,1.1811706,1.18124,1.1810236,1.18234,1.1821119,1.18183,1.1816146,1.18121,1.1811215
2017-08-28 12:00:00,1.17877,1.18139,1.1812248,1.18124,1.1811284,1.18234,1.1822506,1.18183,1.1817362,1.18121,1.1810396,1.18093,1.1808203
2017-08-28 13:00:00,1.18139,1.18124,1.1811638,1.18234,1.1823027,1.18183,1.1818166,1.18121,1.1812937,1.18093,1.180948,1.18135,1.1813673
2017-08-28 14:00:00,1.18124,1.18234,1.1823905,1.18183,1.1818346,1.18121,1.1811812,1.18093,1.1810108,1.18135,1.1813538,1.18122,1.1812589
2017-08-28 15:00:00,1.18234,1.18183,1.1818377,1.18121,1.1812197,1.18093,1.1808934,1.18135,1.1814827,1.18122,1.181233,1.18086,1.1809211
2017-08-28 16:00:00,1.18183,1.18121,1.1812793,1.18093,1.1809405,1.18135,1.1813376,1.18122,1.1813272,1.18086,1.1808469,1.18107,1.1810994
2017-08-28 17:00:00,1.18121,1.18093,1.1809354,1.18135,1.1813761,1.18122,1.1811944,1.18086,1.1809708,1.18107,1.1810343,1.1814001,1.1813945
2017-08-28 18:00:00,1.18093,1.18135,1.1813796,1.18122,1.1812469,1.18086,1.1808004,1.18107,1.1811554,1.1814001,1.1813748,1.1812,1.1811947
2017-08-28 19:00:00,1.18135,1.18122,1.1812029,1.18086,1.1809025,1.18107,1.181016,1.1814001,1.1814696,1.1812,1.1811805,1.18047,1.180488
2017-08-28 20:00:00,1.18122,1.18086,1.1808537,1.18107,1.1810889,1.1814001,1.181356,1.1812,1.181249,1.18047,1.1804149,1.18079,1.180799
2017-08-28 21:00:00,1.18086,1.18107,1.181047,1.1814001,1.181403,1.1812,1.1811705,1.18047,1.1805061,1.18079,1.180764,1.18061,1.1805944
2017-08-28 22:00:00,1.18107,1.1814001,1.1813534,1.1812,1.18121,1.18047,1.180419,1.18079,1.1808571,1.18061,1.1805651,1.18012,1.1801475
2017-08-28 23:00:00,1.1814001,1.1812,1.1811913,1.18047,1.1804447,1.18079,1.1807989,1.18061,1.180667,1.18012,1.1801599,1.17896,1.1789136
2017-08-29 00:00:00,1.1812,1.18047,1.1805058,1.18079,1.1808579,1.18061,1.1806375,1.18012,1.1802126,1.17896,1.1788632,1.17928,1.1794205
2017-08-29 01:00:00,1.18047,1.18079,1.1807693,1.18061,1.1806536,1.18012,1.180162,1.17896,1.1789839,1.17928,1.1793793,1.17693,1.1770465
2017-08-29 02:00:00,1.18079,1.18061,1.1805688,1.18012,1.1801934,1.17896,1.1790576,1.17928,1.1794583,1.17693,1.1769085,1.17548,1.1757168
2017-08-29 03:00:00,1.18061,1.18012,1.1801819,1.17896,1.1790867,1.17928,1.1793886,1.17693,1.1769707,1.17548,1.1756018,1.17525,1.175221
2017-08-29 04:00:00,1.18012,1.17896,1.1790365,1.17928,1.1793408,1.17693,1.1768688,1.17548,1.1754907,1.17525,1.1752644,1.17675,1.1767719
2017-08-29 05:00:00,1.17896,1.17928,1.1792879,1.17693,1.176995,1.17548,1.1754555,1.17525,1.175662,1.17675,1.1768396,1.17611,1.1761479
2017-08-29 06:00:00,1.17928,1.17693,1.1769062,1.17548,1.1755601,1.17525,1.1752577,1.17675,1.1770139,1.17611,1.1761103,1.1753,1.175407
2017-08-29 07:00:00,1.17693,1.17548,1.1755409,1.17525,1.1752462,1.17675,1.1768093,1.17611,1.1761461,1.1753,1.175283,1.17625,1.1761713
2017-08-29 08:00:00,1.17548,1.17525,1.1752425,1.17675,1.1767552,1.17611,1.1760802,1.1753,1.175278,1.17625,1.1761627,1.17611,1.176008
2017-08-29 09:00:00,1.17525,1.17675,1.1766905,1.17611,1.1760933,1.1753,1.1752591,1.17625,1.176279,1.17611,1.1760411,1.17638,1.1763601
2017-08-29 10:00:00,1.17675,1.17611,1.1761053,1.1753,1.1752843,1.17625,1.1762931,1.17611,1.1761925,1.17638,1.1764033,1.17527,1.1752248
2017-08-29 11:00:00,1.17611,1.1753,1.1752405,1.17625,1.1762357,1.17611,1.1761214,1.17638,1.1764269,1.17527,1.1752388,1.17512,1.1751126
2017-08-29 12:00:00,1.1753,1.17625,1.1762571,1.17611,1.1760695,1.17638,1.1763831,1.17527,1.1752884,1.17512,1.1751192,1.17592,1.1758947
2017-08-29 13:00:00,1.17625,1.17611,1.1760772,1.17638,1.1763906,1.17527,1.1753261,1.17512,1.175214,1.17592,1.1759453,1.17602,1.1760393
2017-08-29 14:00:00,1.17611,1.17638,1.1763796,1.17527,1.1753021,1.17512,1.1751739,1.17592,1.1760463,1.17602,1.1760458,1.17646,1.1765486
2017-08-29 15:00:00,1.17638,1.17527,1.1752665,1.17512,1.175262,1.17592,1.1759894,1.17602,1.1761165,1.17646,1.1764672,1.17641,1.1764225
2017-08-29 16:00:00,1.17527,1.17512,1.1751451,1.17592,1.1759536,1.17602,1.1760386,1.17646,1.1765528,1.17641,1.1763127,1.17612,1.1761066
2017-08-29 17:00:00,1.17512,1.17592,1.1757747,1.17602,1.1760068,1.17646,1.1764235,1.17641,1.176404,1.17612,1.1760801,1.17487,1.1748304
2017-08-29 18:00:00,1.17592,1.17602,1.1759942,1.17646,1.1764269,1.17641,1.1763717,1.17612,1.1761503,1.17487,1.1748068,1.17571,1.1757369
2017-08-29 19:00:00,1.17602,1.17646,1.1764264,1.17641,1.1764151,1.17612,1.1761173,1.17487,1.17495,1.17571,1.1757276,1.17641,1.1763835
2017-08-29 20:00:00,1.17646,1.17641,1.1763724,1.17612,1.1761656,1.17487,1.1748878,1.17571,1.1757983,1.17641,1.176413,1.17599,1.175999
2017-08-29 21:00:00,1.17641,1.17612,1.1761117,1.17487,1.174992,1.17571,1.1757298,1.17641,1.1764971,1.17599,1.1759747,1.17577,1.1758028
2017-08-29 22:00:00,1.17612,1.17487,1.1748998,1.17571,1.1757399,1.17641,1.1764095,1.17599,1.1760069,1.17577,1.1756871,1.17583,1.1757417
2017-08-29 23:00:00,1.17487,1.17571,1.1757324,1.17641,1.1763817,1.17599,1.1758937,1.17577,1.1757705,1.17583,1.1757653,1.17559,1.1755352
2017-08-30 00:00:00,1.17571,1.17641,1.176393,1.17599,1.1760188,1.17577,1.1757064,1.17583,1.1758901,1.17559,1.1755197,1.17808,1.1780272
2017-08-30 01:00:00,1.17641,1.17599,1.1759999,1.17577,1.1758039,1.17583,1.1758531,1.17559,1.1756631,1.17808,1.1780549,1.17897,1.1789709
2017-08-30 02:00:00,1.17599,1.17577,1.1757632,1.17583,1.1758531,1.17559,1.1754931,1.17808,1.1780435,1.17897,1.1789241,1.17787,1.1778723
2017-08-30 03:00:00,1.17577,1.17583,1.1758537,1.17559,1.1755817,1.17808,1.1779189,1.17897,1.1791208,1.17787,1.1778228,1.17813,1.1779852
2017-08-30 04:00:00,1.17583,1.17559,1.1755719,1.17808,1.1781442,1.17897,1.1789805,1.17787,1.1777439,1.17813,1.1778706,1.17991,1.1799343
2017-08-30 05:00:00,1.17559,1.17808,1.1780852,1.17897,1.1787885,1.17787,1.177645,1.17813,1.1780542,1.17991,1.1797218,1.17944,1.1794605
2017-08-30 06:00:00,1.17808,1.17897,1.1789278,1.17787,1.1778717,1.17813,1.1780294,1.17991,1.1799603,1.17944,1.1794112,1.1797,1.179649
2017-08-30 07:00:00,1.17897,1.17787,1.1779412,1.17813,1.1781777,1.17991,1.1799332,1.17944,1.1794437,1.1797,1.179583,1.18149,1.1813987
2017-08-30 08:00:00,1.17787,1.17813,1.1780957,1.17991,1.1798091,1.17944,1.1792969,1.1797,1.1797147,1.18149,1.1812255,1.1801,1.1799607
2017-08-30 09:00:00,1.17813,1.17991,1.1797926,1.17944,1.1793902,1.1797,1.1794596,1.18149,1.181525,1.1801,1.1799215,1.1800799,1.1799598
2017-08-30 10:00:00,1.17991,1.17944,1.1794578,1.1797,1.1797215,1.18149,1.1814294,1.1801,1.1801215,1.1800799,1.1800331,1.18119,1.1811007
2017-08-30 11:00:00,1.17944,1.1797,1.1797234,1.18149,1.1815808,1.1801,1.1799717,1.1800799,1.1801624,1.18119,1.1810086,1.18196,1.1820381
2017-08-30 12:00:00,1.1797,1.18149,1.1814841,1.1801,1.1801407,1.1800799,1.1800212,1.18119,1.181253,1.18196,1.1819606,1.18173,1.1817477
2017-08-30 13:00:00,1.18149,1.1801,1.1801221,1.1800799,1.1801459,1.18119,1.1811502,1.18196,1.1820228,1.18173,1.181703,1.1806,1.180598
2017-08-30 14:00:00,1.1801,1.1800799,1.1801018,1.18119,1.1811676,1.18196,1.1818523,1.18173,1.1817288,1.1806,1.1804726,1.18083,1.1807687
2017-08-30 15:00:00,1.1800799,1.18119,1.1811739,1.18196,1.1820301,1.18173,1.1816498,1.1806,1.1805782,1.18083,1.1807654,1.18106,1.1810114
2017-08-30 16:00:00,1.18119,1.18196,1.1819224,1.18173,1.1817019,1.1806,1.1805402,1.18083,1.1809113,1.18106,1.1810373,1.18153,1.1815467
2017-08-30 17:00:00,1.18196,1.18173,1.1817582,1.1806,1.1806664,1.18083,1.1807597,1.18106,1.1811823,1.18153,1.1815639,1.18084,1.1808752
2017-08-30 18:00:00,1.18173,1.1806,1.1806539,1.18083,1.1808698,1.18106,1.181023,1.18153,1.1815763,1.18084,1.1808308,1.18009,1.1800939
2017-08-30 19:00:00,1.1806,1.18083,1.1808031,1.18106,1.1810782,1.18153,1.1814753,1.18084,1.1808734,1.18009,1.1799647,1.18048,1.1804519
2017-08-30 20:00:00,1.18083,1.18106,1.1810477,1.18153,1.1815794,1.18084,1.1808207,1.18009,1.1801718,1.18048,1.1805253,1.18017,1.180155
2017-08-30 21:00:00,1.18106,1.18153,1.1815317,1.18084,1.180868,1.18009,1.180012,1.18048,1.1805805,1.18017,1.180182,1.18017,1.1801957
2017-08-30 22:00:00,1.18153,1.18084,1.1808571,1.18009,1.1802183,1.18048,1.1805819,1.18017,1.1802123,1.18017,1.1802521,1.18043,1.180515
2017-08-30 23:00:00,1.18084,1.18009,1.1800823,1.18048,1.180531,1.18017,1.180185,1.18017,1.1802388,1.18043,1.1804153,1.17908,1.1790233
2017-08-31 00:00:00,1.18009,1.18048,1.1804566,1.18017,1.1801888,1.18017,1.1801397,1.18043,1.1804932,1.17908,1.1789743,1.17929,1.179313
2017-08-31 01:00:00,1.18048,1.18017,1.1801807,1.18017,1.1801963,1.18043,1.1804597,1.17908,1.1791599,1.17929,1.1792758,1.17868,1.178682
2017-08-31 02:00:00,1.18017,1.18017,1.1801605,1.18043,1.1804521,1.17908,1.1790276,1.17929,1.17942,1.17868,1.1787088,1.17909,1.1791793
2017-08-31 03:00:00,1.18017,1.18043,1.1804305,1.17908,1.1791925,1.17929,1.1793108,1.17868,1.1787713,1.17909,1.1791672,1.17912,1.1791995
2017-08-31 04:00:00,1.18043,1.17908,1.1790763,1.17929,1.1792876,1.17868,1.1787481,1.17909,1.1792486,1.17912,1.1790559,1.18069,1.1807427
2017-08-31 05:00:00,1.17908,1.17929,1.1792699,1.17868,1.1787009,1.17909,1.179148,1.17912,1.1791968,1.18069,1.1807559,1.17989,1.179894
2017-08-31 06:00:00,1.17929,1.17868,1.1786953,1.17909,1.1791121,1.17912,1.1790639,1.18069,1.1807544,1.17989,1.1798573,1.18006,1.1800123
2017-08-31 07:00:00,1.17868,1.17909,1.1791365,1.17912,1.1791443,1.18069,1.1807001,1.17989,1.1799495,1.18006,1.18,1.18041,1.180274
2017-08-31 08:00:00,1.17909,1.17912,1.179064,1.18069,1.180696,1.17989,1.1798906,1.18006,1.1800581,1.18041,1.1803529,1.18009,1.1800967
2017-08-31 09:00:00,1.17912,1.18069,1.1806474,1.17989,1.1798958,1.18006,1.1800482,1.18041,1.1805434,1.18009,1.1800497,1.18041,1.1803987
2017-08-31 10:00:00,1.18069,1.17989,1.179841,1.18006,1.1801293,1.18041,1.180418,1.18009,1.1801893,1.18041,1.1803919,1.18108,1.1810825
2017-08-31 11:00:00,1.17989,1.18006,1.1800476,1.18041,1.1804178,1.18009,1.1800839,1.18041,1.1804278,1.18108,1.181067,1.1805,1.180482
2017-08-31 12:00:00,1.18006,1.18041,1.1803722,1.18009,1.1801068,1.18041,1.1803906,1.18108,1.1811557,1.1805,1.1804883,1.1801,1.180105
2017-08-31 13:00:00,1.18041,1.18009,1.180113,1.18041,1.180429,1.18108,1.1811199,1.1805,1.1805434,1.1801,1.1801126,1.17993,1.1798974
2017-08-31 14:00:00,1.18009,1.18041,1.1803705,1.18108,1.1811341,1.1805,1.1804678,1.1801,1.1801591,1.17993,1.1799139,1.17991,1.1799165
2017-08-31 15:00:00,1.18041,1.18108,1.1810517,1.1805,1.1805189,1.1801,1.1800945,1.17993,1.1799898,1.17991,1.179925,1.18028,1.1803194
2017-08-31 16:00:00,1.18108,1.1805,1.1805313,1.1801,1.1801066,1.17993,1.179942,1.17991,1.1799669,1.18028,1.1803168,1.17969,1.1796308
2017-08-31 17:00:00,1.1805,1.1801,1.1800898,1.17993,1.1799475,1.17991,1.1798947,1.18028,1.1803629,1.17969,1.1796257,1.17958,1.179605
2017-08-31 18:00:00,1.1801,1.17993,1.1799111,1.17991,1.179922,1.18028,1.180301,1.17969,1.1797466,1.17958,1.1796039,1.17895,1.1789265
2017-08-31 19:00:00,1.17993,1.17991,1.1799,1.18028,1.1803305,1.17969,1.1796551,1.17958,1.1796839,1.17895,1.1789606,1.1793799,1.1793944
2017-08-31 20:00:00,1.17991,1.18028,1.1802678,1.17969,1.1797156,1.17958,1.1796288,1.17895,1.1790653,1.1793799,1.179409,1.17965,1.1796663
2017-08-31 21:00:00,1.18028,1.17969,1.179704,1.17958,1.1796099,1.17895,1.1789973,1.1793799,1.1794672,1.17965,1.1795881,1.17971,1.1796808
2017-08-31 22:00:00,1.17969,1.17958,1.1796018,1.17895,1.1790029,1.1793799,1.1793873,1.17965,1.1796939,1.17971,1.1796421,1.17966,1.1796298
2017-08-31 23:00:00,1.17958,1.17895,1.1789644,1.1793799,1.179383,1.17965,1.1796224,1.17971,1.1797276,1.17966,1.1795815,1.17911,1.1790662
2017-09-01 00:00:00,1.17895,1.1793799,1.1793427,1.17965,1.1795688,1.17971,1.1796596,1.17966,1.1797016,1.17911,1.1790876,1.17792,1.1778123
2017-09-01 01:00:00,1.1793799,1.17965,1.1796045,1.17971,1.1797026,1.17966,1.1796174,1.17911,1.1791581,1.17792,1.177905,1.1795499,1.1795585
2017-09-01 02:00:00,1.17965,1.17971,1.179702,1.17966,1.179673,1.17911,1.1791283,1.17792,1.1779231,1.1795499,1.1795373,1.18036,1.1803215
2017-09-01 03:00:00,1.17971,1.17966,1.1796428,1.17911,1.1791519,1.17792,1.1779479,1.1795499,1.1796863,1.18036,1.1803321,1.18167,1.1817809
2017-09-01 04:00:00,1.17966,1.17911,1.1791701,1.17792,1.1780176,1.1795499,1.179558,1.18036,1.1804615,1.18167,1.1817297,1.18147,1.1814462
2017-09-01 05:00:00,1.17911,1.17792,1.1779991,1.1795499,1.179548,1.18036,1.1803334,1.18167,1.1815884,1.18147,1.1814134,1.18049,1.1804345
2017-09-01 06:00:00,1.17792,1.1795499,1.1796294,1.18036,1.1804172,1.18167,1.181739,1.18147,1.1813726,1.18049,1.1804893,1.17965,1.1795835
2017-09-01 07:00:00,1.1795499,1.18036,1.180228,1.18167,1.181612,1.18147,1.1812695,1.18049,1.1805434,1.17965,1.1795936,1.18705,1.1873605
2017-09-01 08:00:00,1.18036,1.18167,1.1816077,1.18147,1.1814913,1.18049,1.1804162,1.17965,1.1797117,1.18705,1.1868563,1.18725,1.1873842
2017-09-01 09:00:00,1.18167,1.18147,1.181465,1.18049,1.1805633,1.17965,1.1796379,1.18705,1.1869462,1.18725,1.1872239,1.18862,1.1886679
2017-09-01 10:00:00,1.18147,1.18049,1.1805795,1.17965,1.1797565,1.18705,1.1867052,1.18725,1.1870248,1.18862,1.1883825,1.18819,1.1877084
2017-09-01 11:00:00,1.18049,1.17965,1.1796842,1.18705,1.1869206,1.18725,1.1870391,1.18862,1.1882504,1.18819,1.1876858,1.18778,1.1873313
2017-09-01 12:00:00,1.17965,1.18705,1.1868603,1.18725,1.1869966,1.18862,1.1887361,1.18819,1.1881455,1.18778,1.1870549,1.19241,1.1922233
2017-09-01 13:00:00,1.18705,1.18725,1.1870579,1.18862,1.188634,1.18819,1.1880571,1.18778,1.1878326,1.19241,1.1923401,1.19195,1.1918246
2017-09-01 14:00:00,1.18725,1.18862,1.1885811,1.18819,1.1881061,1.18778,1.1874799,1.19241,1.1925471,1.19195,1.1916269,1.19425,1.1943979
2017-09-01 15:00:00,1.18862,1.18819,1.1881458,1.18778,1.1878186,1.19241,1.1924361,1.19195,1.1919494,1.19425,1.1940875,1.1951001,1.1953098
2017-09-01 16:00:00,1.18819,1.18778,1.1877277,1.19241,1.1920705,1.19195,1.1916974,1.19425,1.1940825,1.1951001,1.1943603,1.19505,1.1947187
2017-09-01 17:00:00,1.18778,1.19241,1.1923614,1.19195,1.191537,1.19425,1.1942123,1.1951001,1.1951537,1.19505,1.195017,1.1929,1.1926484
2017-09-01 18:00:00,1.19241,1.19195,1.1919218,1.19425,1.1941705,1.1951001,1.1947762,1.19505,1.1950321,1.1929,1.1926961,1.19262,1.1924776
2017-09-01 19:00:00,1.19195,1.19425,1.1940382,1.1951001,1.195051,1.19505,1.1950284,1.1929,1.1928512,1.19262,1.1924974,1.1925,1.1923401
2017-09-01 20:00:00,1.19425,1.1951001,1.1950678,1.19505,1.1951816,1.1929,1.192966,1.19262,1.1928773,1.1925,1.1925523,1.19212,1.1922009
2017-09-03 21:00:00,1.1951001,1.19505,1.1951175,1.1929,1.1929629,1.19262,1.1926044,1.1925,1.1927521,1.19212,1.1922835,1.19198,1.1920522
2017-09-03 22:00:00,1.19505,1.1929,1.1929721,1.19262,1.1927918,1.1925,1.1923388,1.19212,1.1924088,1.19198,1.191893,1.19335,1.1933881
2017-09-03 23:00:00,1.1929,1.19262,1.1926517,1.1925,1.192515,1.19212,1.1920573,1.19198,1.1921327,1.19335,1.1933458,1.1932,1.193208
2017-09-04 00:00:00,1.19262,1.1925,1.1924562,1.19212,1.1921502,1.19198,1.1919185,1.19335,1.1934798,1.1932,1.1931709,1.19251,1.1926063
2017-09-04 01:00:00,1.1925,1.19212,1.1921761,1.19198,1.1920557,1.19335,1.1933029,1.1932,1.1932976,1.19251,1.1925027,1.19302,1.1930952
2017-09-04 02:00:00,1.19212,1.19198,1.1919384,1.19335,1.1933262,1.1932,1.1931424,1.19251,1.192575,1.19302,1.1929487,1.19328,1.1932174
2017-09-04 03:00:00,1.19198,1.19335,1.1933894,1.1932,1.1932261,1.19251,1.1924193,1.19302,1.19308,1.19328,1.1932882,1.19365,1.1936896
2017-09-04 04:00:00,1.19335,1.1932,1.1932073,1.19251,1.1925772,1.19302,1.19301,1.19328,1.1933917,1.19365,1.1936907,1.1925,1.192584
2017-09-04 05:00:00,1.1932,1.19251,1.192467,1.19302,1.1930655,1.19328,1.1932801,1.19365,1.1937641,1.1925,1.1924763,1.1934,1.1934724
2017-09-04 06:00:00,1.19251,1.19302,1.1929805,1.19328,1.193262,1.19365,1.1936879,1.1925,1.1925447,1.1934,1.1934057,1.19356,1.1935601
2017-09-04 07:00:00,1.19302,1.19328,1.1932087,1.19365,1.1936574,1.1925,1.1923864,1.1934,1.193428,1.19356,1.1934217,1.19541,1.1953967
2017-09-04 08:00:00,1.19328,1.19365,1.1936395,1.1925,1.1925,1.1934,1.1934118,1.19356,1.1936342,1.19541,1.1952901,1.19716,1.1971498
2017-09-04 09:00:00,1.19365,1.1925,1.1925164,1.1934,1.1934152,1.19356,1.1934519,1.19541,1.1954333,1.19716,1.1970631,1.19757,1.1974931
2017-09-04 10:00:00,1.1925,1.1934,1.1934457,1.19356,1.1935028,1.19541,1.195277,1.19716,1.1970965,1.19757,1.1973568,1.19771,1.1974874
2017-09-04 11:00:00,1.1934,1.19356,1.1934494,1.19541,1.1954019,1.19716,1.1967998,1.19757,1.1973526,1.19771,1.197443,1.19782,1.197754
2017-09-04 12:00:00,1.19356,1.19541,1.1953424,1.19716,1.1970806,1.19757,1.1974103,1.19771,1.1975062,1.19782,1.1977807,1.1972799,1.1971233
2017-09-04 13:00:00,1.19541,1.19716,1.1970359,1.19757,1.1975942,1.19771,1.1977491,1.19782,1.1978598,1.1972799,1.1973095,1.19767,1.197669
2017-09-04 14:00:00,1.19716,1.19757,1.1975261,1.19771,1.1977038,1.19782,1.1978006,1.1972799,1.1973307,1.19767,1.1976548,1.19775,1.1977178
2017-09-04 15:00:00,1.19757,1.19771,1.1976943,1.19782,1.1978388,1.1972799,1.1972867,1.19767,1.1977966,1.19775,1.1977413,1.1967599,1.1967599
2017-09-04 16:00:00,1.19771,1.19782,1.1977849,1.1972799,1.1972941,1.19767,1.197661,1.19775,1.1978472,1.1967599,1.196767,1.19632,1.1964587
2017-09-04 17:00:00,1.19782,1.1972799,1.1972473,1.19767,1.1977131,1.19775,1.1977692,1.1967599,1.1968404,1.19632,1.1963214,1.19638,1.1964462
2017-09-04 18:00:00,1.1972799,1.19767,1.1976655,1.19775,1.1977565,1.1967599,1.1967392,1.19632,1.1964068,1.19638,1.196451,1.19677,1.1968817
2017-09-04 19:00:00,1.19767,1.19775,1.1977344,1.1967599,1.1968167,1.19632,1.1963357,1.19638,1.1965595,1.19677,1.1968098,1.19692,1.197014
2017-09-04 20:00:00,1.19775,1.1967599,1.1967672,1.19632,1.196374,1.19638,1.1963832,1.19677,1.1969526,1.19692,1.19695,1.19686,1.1969182
2017-09-04 21:00:00,1.1967599,1.19632,1.1963563,1.19638,1.1964436,1.19677,1.1967568,1.19692,1.197019,1.19686,1.196835,1.19741,1.1974082
2017-09-04 22:00:00,1.19632,1.19638,1.1963636,1.19677,1.1968038,1.19692,1.1968977,1.19686,1.1968901,1.19741,1.1973536,1.1981,1.1981267
2017-09-04 23:00:00,1.19638,1.19677,1.1967303,1.19692,1.196955,1.19686,1.196785,1.19741,1.1974764,1.1981,1.1980492,1.20158,1.2015429
2017-09-05 00:00:00,1.19677,1.19692,1.1969141,1.19686,1.1968797,1.19741,1.197384,1.1981,1.1982046,1.20158,1.201794,1.2045801,1.2039165
2017-09-05 01:00:00,1.19692,1.19686,1.1968396,1.19741,1.1973803,1.1981,1.1980556,1.20158,1.2013357,1.2045801,1.2042944,1.20595,1.2060657
2017-09-05 02:00:00,1.19686,1.19741,1.1973556,1.1981,1.1980639,1.20158,1.201525,1.2045801,1.204552,1.20595,1.2057381,1.20387,1.2037617
2017-09-05 03:00:00,1.19741,1.1981,1.1980313,1.20158,1.2015222,1.2045801,1.2044085,1.20595,1.2061129,1.20387,1.2035071,1.20344,1.2032757
2017-09-05 04:00:00,1.1981,1.20158,1.2015656,1.2045801,1.2045504,1.20595,1.2060549,1.20387,1.203815,1.20344,1.2033205,1.20418,1.2039322
2017-09-05 05:00:00,1.20158,1.2045801,1.2042773,1.20595,1.2061509,1.20387,1.203562,1.20344,1.2034976,1.20418,1.2041681,1.20285,1.2027022
2017-09-05 06:00:00,1.2045801,1.20595,1.2059963,1.20387,1.2038575,1.20344,1.2033657,1.20418,1.2042899,1.20285,1.2029334,1.20252,1.2026453
2017-09-05 07:00:00,1.20595,1.20387,1.2039068,1.20344,1.2036917,1.20418,1.2043686,1.20285,1.2028241,1.20252,1.2026402,1.20249,1.2027336
2017-09-05 08:00:00,1.20387,1.20344,1.2034448,1.20418,1.2042084,1.20285,1.202817,1.20252,1.2026044,1.20249,1.2024673,1.20246,1.2025207
2017-09-05 09:00:00,1.20344,1.20418,1.2040913,1.20285,1.2028464,1.20252,1.2024895,1.20249,1.2025796,1.20246,1.2024454,1.20153,1.2014557
2017-09-05 10:00:00,1.20418,1.20285,1.2029171,1.20252,1.2025045,1.20249,1.2024326,1.20246,1.2025713,1.20153,1.2016397,1.20006,1.2001408
2017-09-05 11:00:00,1.20285,1.20252,1.2025394,1.20249,1.2025583,1.20246,1.202412,1.20153,1.2016715,1.20006,1.200078,1.19911,1.1990423
2017-09-05 12:00:00,1.20252,1.20249,1.2024549,1.20246,1.2025065,1.20153,1.2015581,1.20006,1.200233,1.19911,1.1994687,1.19678,1.1968023
2017-09-05 13:00:00,1.20249,1.20246,1.2024201,1.20153,1.2015792,1.20006,1.2000079,1.19911,1.199408,1.19678,1.196937,1.19709,1.1972052
2017-09-05 14:00:00,1.20246,1.20153,1.2015182,1.20006,1.2001866,1.19911,1.1991599,1.19678,1.1970881,1.19709,1.1975533,1.19674,1.196809
2017-09-05 15:00:00,1.20153,1.20006,1.2001027,1.19911,1.1992722,1.19678,1.1968408,1.19709,1.1972815,1.19674,1.1968349,1.1974,1.1975754
2017-09-05 16:00:00,1.20006,1.19911,1.1991324,1.19678,1.1970394,1.19709,1.1974535,1.19674,1.1970053,1.1974,1.1975042,1.19692,1.1970996
2017-09-05 17:00:00,1.19911,1.19678,1.1968787,1.19709,1.1970781,1.19674,1.1968509,1.1974,1.1975524,1.19692,1.1969032,1.19745,1.1975352
2017-09-05 18:00:00,1.19678,1.19709,1.1970869,1.19674,1.1967827,1.1974,1.1974957,1.19692,1.19697,1.19745,1.1973808,1.19745,1.1974074
2017-09-05 19:00:00,1.19709,1.19674,1.1967034,1.1974,1.1974292,1.19692,1.1968758,1.19745,1.1975194,1.19745,1.1974151,1.19758,1.1975372
2017-09-05 20:00:00,1.19674,1.1974,1.197421,1.19692,1.1969359,1.19745,1.1974341,1.19745,1.1974775,1.19758,1.1975372,1.19819,1.1981407
2017-09-05 21:00:00,1.1974,1.19692,1.1968571,1.19745,1.1974624,1.19745,1.1974387,1.19758,1.197594,1.19819,1.1981404,1.1972799,1.197266
2017-09-05 22:00:00,1.19692,1.19745,1.197425,1.19745,1.1974248,1.19758,1.1975565,1.19819,1.1981626,1.1972799,1.1972566,1.19646,1.1964962
2017-09-05 23:00:00,1.19745,1.19745,1.1973748,1.19758,1.1975727,1.19819,1.1981599,1.1972799,1.1972811,1.19646,1.1964841,1.19539,1.1953734
2017-09-06 00:00:00,1.19745,1.19758,1.1975424,1.19819,1.1981559,1.1972799,1.1972877,1.19646,1.196548,1.19539,1.1954415,1.19557,1.195638
2017-09-06 01:00:00,1.19758,1.19819,1.1981058,1.1972799,1.1973339,1.19646,1.1964848,1.19539,1.1955107,1.19557,1.1956893,1.19436,1.1943731
2017-09-06 02:00:00,1.19819,1.1972799,1.1973493,1.19646,1.1965979,1.19539,1.1953441,1.19557,1.1957674,1.19436,1.1941899,1.19503,1.1952558
2017-09-06 03:00:00,1.1972799,1.19646,1.1964589,1.19539,1.1955456,1.19557,1.1956229,1.19436,1.1944399,1.19503,1.1951265,1.19482,1.1949195
2017-09-06 04:00:00,1.19646,1.19539,1.195383,1.19557,1.1955701,1.19436,1.1944388,1.19503,1.1951954,1.19482,1.1948514,1.1925399,1.1925237
2017-09-06 05:00:00,1.19539,1.19557,1.19556,1.19436,1.1943978,1.19503,1.1950881,1.19482,1.1949373,1.1925399,1.1926636,1.19177,1.1917952
2017-09-06 06:00:00,1.19557,1.19436,1.1943713,1.19503,1.1950917,1.19482,1.194897,1.1925399,1.1926098,1.19177,1.1918539,1.1912,1.1912453
2017-09-06 07:00:00,1.19436,1.19503,1.1950654,1.19482,1.1949023,1.1925399,1.1925898,1.19177,1.191995,1.1912,1.1912675,1.19117,1.1911433
2017-09-06 08:00:00,1.19503,1.19482,1.1948247,1.1925399,1.192667,1.19177,1.1917493,1.1912,1.191477,1.19117,1.1913241,1.19259,1.1927303
2017-09-06 09:00:00,1.19482,1.1925399,1.1924996,1.19177,1.1918913,1.1912,1.1911728,1.19117,1.1912078,1.19259,1.1928287,1.19041,1.1904311
2017-09-06 10:00:00,1.1925399,1.19177,1.1917732,1.1912,1.1912622,1.19117,1.1912241,1.19259,1.1926769,1.19041,1.1904906,1.1898301,1.1899819
2017-09-06 11:00:00,1.19177,1.1912,1.191216,1.19117,1.1911955,1.19259,1.1926945,1.19041,1.1904562,1.1898301,1.1898992,1.18899,1.1888839
2017-09-06 12:00:00,1.1912,1.19117,1.1911498,1.19259,1.1926373,1.19041,1.1904174,1.1898301,1.1898832,1.18899,1.1889697,1.18897,1.1891433
2017-09-06 13:00:00,1.19117,1.19259,1.1925358,1.19041,1.1904793,1.1898301,1.1899065,1.18899,1.1889893,1.18897,1.1889634,1.18828,1.1883639
2017-09-06 14:00:00,1.19259,1.19041,1.1905192,1.1898301,1.189729,1.18899,1.189059,1.18897,1.1891875,1.18828,1.1882402,1.18933,1.1896229
2017-09-06 15:00:00,1.19041,1.1898301,1.1899139,1.18899,1.1890745,1.18897,1.189027,1.18828,1.18833,1.18933,1.1893952,1.18948,1.1895396
2017-09-06 16:00:00,1.1898301,1.18899,1.1890544,1.18897,1.1890705,1.18828,1.1883277,1.18933,1.1893675,1.18948,1.1894398,1.18897,1.1889435
2017-09-06 17:00:00,1.18899,1.18897,1.188979,1.18828,1.1882735,1.18933,1.1893126,1.18948,1.1895258,1.18897,1.1889018,1.18928,1.1892154
2017-09-06 18:00:00,1.18897,1.18828,1.1882324,1.18933,1.1893218,1.18948,1.1894542,1.18897,1.1889712,1.18928,1.1891985,1.18769,1.1875567
2017-09-06 19:00:00,1.18828,1.18933,1.1891669,1.18948,1.1894702,1.18897,1.1888975,1.18928,1.1892684,1.18769,1.1876252,1.1877,1.1876919
2017-09-06 20:00:00,1.18933,1.18948,1.1894208,1.18897,1.1890092,1.18928,1.1892926,1.18769,1.1876869,1.1877,1.1877891,1.18733,1.1871855
2017-09-06 21:00:00,1.18948,1.18897,1.1889666,1.18928,1.1892861,1.18769,1.1877129,1.1877,1.1877098,1.18733,1.1872809,1.1877999,1.1877282
2017-09-06 22:00:00,1.18897,1.18928,1.1892538,1.18769,1.187759,1.1877,1.1877106,1.18733,1.1873804,1.1877999,1.187736,1.18727,1.1872096
2017-09-06 23:00:00,1.18928,1.18769,1.1876296,1.1877,1.1877662,1.18733,1.1873237,1.1877999,1.1879076,1.18727,1.1873152,1.189,1.189019
2017-09-07 00:00:00,1.18769,1.1877,1.1877416,1.18733,1.187343,1.1877999,1.1878407,1.18727,1.1873195,1.189,1.1889188,1.18905,1.1890326
2017-09-07 01:00:00,1.1877,1.18733,1.1872702,1.1877999,1.1878159,1.18727,1.1871936,1.189,1.1890454,1.18905,1.1889236,1.18958,1.1896113
2017-09-07 02:00:00,1.18733,1.1877999,1.1878184,1.18727,1.1872789,1.189,1.1890312,1.18905,1.1890899,1.18958,1.1896245,1.18769,1.1875764
2017-09-07 03:00:00,1.1877999,1.18727,1.1872597,1.189,1.1889997,1.18905,1.188945,1.18958,1.1896164,1.18769,1.1875842,1.18596,1.1858139
2017-09-07 04:00:00,1.18727,1.189,1.1890757,1.18905,1.1889571,1.18958,1.1896744,1.18769,1.1876827,1.18596,1.1860479,1.18371,1.1836138
2017-09-07 05:00:00,1.189,1.18905,1.1889693,1.18958,1.1895689,1.18769,1.1876525,1.18596,1.186044,1.18371,1.1837767,1.18425,1.1845126
2017-09-07 06:00:00,1.18905,1.18958,1.1895502,1.18769,1.187695,1.18596,1.185948,1.18371,1.183928,1.18425,1.1840827,1.18534,1.1852138
2017-09-07 07:00:00,1.18958,1.18769,1.1877701,1.18596,1.1861914,1.18371,1.1838903,1.18425,1.184213,1.18534,1.1850286,1.18895,1.1890942
2017-09-07 08:00:00,1.18769,1.18596,1.1861697,1.18371,1.1836553,1.18425,1.1842707,1.18534,1.1855162,1.18895,1.1887963,1.18927,1.1892064
2017-09-07 09:00:00,1.18596,1.18371,1.1836532,1.18425,1.1843325,1.18534,1.185279,1.18895,1.1887764,1.18927,1.1892062,1.18802,1.1879181
2017-09-07 10:00:00,1.18371,1.18425,1.1842661,1.18534,1.1852762,1.18895,1.1887519,1.18927,1.1894449,1.18802,1.187733,1.1891,1.1892842
2017-09-07 11:00:00,1.18425,1.18534,1.1851727,1.18895,1.1885386,1.18927,1.1891389,1.18802,1.1877432,1.1891,1.1888738,1.1903,1.1902908
2017-09-07 12:00:00,1.18534,1.18895,1.1887114,1.18927,1.1892507,1.18802,1.1879578,1.1891,1.1891929,1.1903,1.1900367,1.19047,1.1902522
2017-09-07 13:00:00,1.18895,1.18927,1.1892093,1.18802,1.1880139,1.1891,1.1890279,1.1903,1.1903076,1.19047,1.1904438,1.1908,1.1907151
2017-09-07 14:00:00,1.18927,1.18802,1.1879187,1.1891,1.1891017,1.1903,1.190225,1.19047,1.1904999,1.1908,1.1905998,1.19198,1.1920215
2017-09-07 15:00:00,1.18802,1.1891,1.189091,1.1903,1.190249,1.19047,1.1902231,1.1908,1.1908364,1.19198,1.1916543,1.19119,1.1911383
2017-09-07 16:00:00,1.1891,1.1903,1.1902975,1.19047,1.1905093,1.1908,1.1907216,1.19198,1.1919374,1.19119,1.1911356,1.19085,1.1907318
2017-09-07 17:00:00,1.1903,1.19047,1.1904438,1.1908,1.1907841,1.19198,1.191933,1.19119,1.19117,1.19085,1.1907654,1.1909,1.1908054
2017-09-07 18:00:00,1.19047,1.1908,1.1907747,1.19198,1.1920305,1.19119,1.191133,1.19085,1.1909565,1.1909,1.1908536,1.1907101,1.1907215
2017-09-07 19:00:00,1.1908,1.19198,1.1919312,1.19119,1.191226,1.19085,1.1908048,1.1909,1.1910009,1.1907101,1.190719,1.1904399,1.1904874
2017-09-07 20:00:00,1.19198,1.19119,1.1911887,1.19085,1.1908445,1.1909,1.190871,1.1907101,1.190747,1.1904399,1.1904206,1.19004,1.1902117
2017-09-07 21:00:00,1.19119,1.19085,1.190857,1.1909,1.1909242,1.1907101,1.190659,1.1904399,1.1905379,1.19004,1.1899503,1.18968,1.1897497
2017-09-07 22:00:00,1.19085,1.1909,1.1908845,1.1907101,1.1907302,1.1904399,1.190426,1.19004,1.1901336,1.18968,1.1896694,1.18939,1.1894124
2017-09-07 23:00:00,1.1909,1.1907101,1.1907064,1.1904399,1.1904815,1.19004,1.1900539,1.18968,1.1897119,1.18939,1.1894329,1.18843,1.1883522
2017-09-08 00:00:00,1.1907101,1.1904399,1.1904342,1.19004,1.1900901,1.18968,1.1896523,1.18939,1.1894661,1.18843,1.1884394,1.18848,1.1884558
2017-09-08 01:00:00,1.1904399,1.19004,1.1900555,1.18968,1.1897111,1.18939,1.1893802,1.18843,1.1885397,1.18848,1.1885662,1.18922,1.1892637
2017-09-08 02:00:00,1.19004,1.18968,1.1896592,1.18939,1.189415,1.18843,1.1883601,1.18848,1.1885647,1.18922,1.1892178,1.1894,1.1894432
2017-09-08 03:00:00,1.18968,1.18939,1.189379,1.18843,1.1885079,1.18848,1.1884413,1.18922,1.1893132,1.1894,1.1894015,1.19139,1.1914778
2017-09-08 04:00:00,1.18939,1.18843,1.1884726,1.18848,1.1885405,1.18922,1.189225,1.1894,1.1894556,1.19139,1.1913878,1.19156,1.1915752
2017-09-08 05:00:00,1.18843,1.18848,1.1884506,1.18922,1.1891898,1.1894,1.189345,1.19139,1.191423,1.19156,1.1914237,1.19057,1.1905853
2017-09-08 06:00:00,1.18848,1.18922,1.1892169,1.1894,1.1894265,1.19139,1.1912922,1.19156,1.1915808,1.19057,1.190599,1.18653,1.1863662
2017-09-08 07:00:00,1.18922,1.1894,1.1893634,1.19139,1.1912771,1.19156,1.1915628,1.19057,1.19057,1.18653,1.1863395,1.1877201,1.1876118
2017-09-08 08:00:00,1.1894,1.19139,1.1912957,1.19156,1.1914644,1.19057,1.1906984,1.18653,1.1866218,1.1877201,1.1877719,1.1877201,1.1876967
2017-09-08 09:00:00,1.19139,1.19156,1.1915026,1.19057,1.1906574,1.18653,1.1867063,1.1877201,1.1877974,1.1877201,1.1878878,1.18571,1.1857643
2017-09-08 10:00:00,1.19156,1.19057,1.1907218,1.18653,1.1868571,1.1877201,1.1882412,1.1877201,1.1879836,1.18571,1.18596,1.1867499,1.1869831
2017-09-08 11:00:00,1.19057,1.18653,1.1862655,1.1877201,1.1878889,1.1877201,1.1879956,1.18571,1.1856256,1.1867499,1.1869485,1.18662,1.1866373
2017-09-08 12:00:00,1.18653,1.1877201,1.187719,1.1877201,1.1876826,1.18571,1.1856707,1.1867499,1.1868258,1.18662,1.1865745,1.18641,1.1864305
2017-09-08 13:00:00,1.1877201,1.1877201,1.1877034,1.18571,1.185786,1.1867499,1.1867324,1.18662,1.186745,1.18641,1.186511,1.18572,1.1857302
2017-09-08 14:00:00,1.1877201,1.18571,1.1857591,1.1867499,1.1868432,1.18662,1.1866165,1.18641,1.1864924,1.18572,1.1857666,1.18769,1.1876308
2017-09-08 15:00:00,1.18571,1.1867499,1.1866531,1.18662,1.1866086,1.18641,1.1863961,1.18572,1.185777,1.18769,1.1876346,1.18775,1.1876949
2017-09-08 16:00:00,1.1867499,1.18662,1.186548,1.18641,1.1864302,1.18572,1.1856788,1.18769,1.1875619,1.18775,1.1875956,1.18809,1.1880089
2017-09-08 17:00:00,1.18662,1.18641,1.1863906,1.18572,1.185733,1.18769,1.1875916,1.18775,1.1876981,1.18809,1.188047,1.18799,1.1879617
2017-09-08 18:00:00,1.18641,1.18572,1.1857547,1.18769,1.1875132,1.18775,1.1875528,1.18809,1.1878902,1.18799,1.187683,1.18826,1.1880057
2017-09-08 19:00:00,1.18572,1.18769,1.1876129,1.18775,1.1876959,1.18809,1.187912,1.18799,1.1877645,1.18826,1.1882876,1.18826,1.1880314
2017-09-08 20:00:00,1.18769,1.18775,1.1877153,1.18809,1.1881856,1.18799,1.1880261,1.18826,1.1883136,1.18826,1.1883032,1.18793,1.1879697
2017-09-10 21:00:00,1.18775,1.18809,1.1881071,1.18799,1.1880281,1.18826,1.1882929,1.18826,1.1883019,1.18793,1.187915,1.18813,1.1881351
2017-09-10 22:00:00,1.18809,1.18799,1.1879314,1.18826,1.1882498,1.18826,1.1882541,1.18793,1.1879568,1.18813,1.1880805,1.18844,1.1884018
2017-09-10 23:00:00,1.18799,1.18826,1.1882328,1.18826,1.1882237,1.18793,1.187907,1.18813,1.18818,1.18844,1.1884111,1.18944,1.1894342
2017-09-11 00:00:00,1.18826,1.18826,1.1882688,1.18793,1.18795,1.18813,1.1881249,1.18844,1.1885357,1.18944,1.189411,1.18984,1.1897779
2017-09-11 01:00:00,1.18826,1.18793,1.1879308,1.18813,1.1881486,1.18844,1.1884283,1.18944,1.1895094,1.18984,1.1897001,1.19175,1.1917355
2017-09-11 02:00:00,1.18793,1.18813,1.188084,1.18844,1.1884227,1.18944,1.1896024,1.18984,1.1899534,1.19175,1.191449,1.19145,1.1912606
2017-09-11 03:00:00,1.18813,1.18844,1.1883963,1.18944,1.189414,1.18984,1.1896801,1.19175,1.1915163,1.19145,1.1911714,1.19105,1.1909662
2017-09-11 04:00:00,1.18844,1.18944,1.1894312,1.18984,1.1897645,1.19175,1.1916058,1.19145,1.1913961,1.19105,1.190934,1.19091,1.190655
2017-09-11 05:00:00,1.18944,1.18984,1.1898082,1.19175,1.1915783,1.19145,1.1914201,1.19105,1.1910703,1.19091,1.1908168,1.18964,1.1895267
2017-09-11 06:00:00,1.18984,1.19175,1.1916474,1.19145,1.1915096,1.19105,1.1909461,1.19091,1.1909095,1.18964,1.1896107,1.19031,1.190295
2017-09-11 07:00:00,1.19175,1.19145,1.1914017,1.19105,1.1910809,1.19091,1.1908569,1.18964,1.1897494,1.19031,1.1902453,1.19119,1.1911789
2017-09-11 08:00:00,1.19145,1.19105,1.1910672,1.19091,1.1909316,1.18964,1.1895518,1.19031,1.190383,1.19119,1.1911373,1.19155,1.1915675
2017-09-11 09:00:00,1.19105,1.19091,1.1909264,1.18964,1.1896744,1.19031,1.1902914,1.19119,1.1912807,1.19155,1.1915718,1.18888,1.188848
2017-09-11 10:00:00,1.19091,1.18964,1.1896824,1.19031,1.1903275,1.19119,1.1910977,1.19155,1.1915951,1.18888,1.1886612,1.19007,1.190056
2017-09-11 11:00:00,1.18964,1.19031,1.1903026,1.19119,1.1911899,1.19155,1.1916491,1.18888,1.188899,1.19007,1.190032,1.18996,1.1898947
2017-09-11 12:00:00,1.19031,1.19119,1.1912142,1.19155,1.1915581,1.18888,1.1887656,1.19007,1.1901659,1.18996,1.1899277,1.18963,1.1896844
2017-09-11 13:00:00,1.19119,1.19155,1.1915944,1.18888,1.1888585,1.19007,1.1901265,1.18996,1.1900983,1.18963,1.1896244,1.18914,1.1891
2017-09-11 14:00:00,1.19155,1.18888,1.1890265,1.19007,1.1900355,1.18996,1.1899258,1.18963,1.189613,1.18914,1.1889981,1.18942,1.1893548
2017-09-11 15:00:00,1.18888,1.19007,1.1900855,1.18996,1.1899325,1.18963,1.189597,1.18914,1.1891438,1.18942,1.1893284,1.18972,1.1896614
2017-09-11 16:00:00,1.19007,1.18996,1.1898936,1.18963,1.1896671,1.18914,1.1891084,1.18942,1.1894499,1.18972,1.1896888,1.18919,1.1891028
2017-09-11 17:00:00,1.18996,1.18963,1.189651,1.18914,1.1892074,1.18942,1.18937,1.18972,1.1897581,1.18919,1.1891415,1.18996,1.1899406
2017-09-11 18:00:00,1.18963,1.18914,1.1890922,1.18942,1.1894348,1.18972,1.1897019,1.18919,1.1892197,1.18996,1.1898935,1.18966,1.1895947
2017-09-11 19:00:00,1.18914,1.18942,1.1893655,1.18972,1.1897134,1.18919,1.189112,1.18996,1.18998,1.18966,1.1895496,1.19057,1.1905674
2017-09-11 20:00:00,1.18942,1.18972,1.1896966,1.18919,1.189195,1.18996,1.1899697,1.18966,1.1897253,1.19057,1.190536,1.19058,1.1904938
2017-09-11 21:00:00,1.18972,1.18919,1.1891809,1.18996,1.1899736,1.18966,1.1895949,1.19057,1.190562,1.19058,1.1904476,1.19049,1.1904657
2017-09-11 22:00:00,1.18919,1.18996,1.1899047,1.18966,1.1896319,1.19057,1.1905582,1.19058,1.1905775,1.19049,1.1904205,1.1904,1.1904045
2017-09-11 23:00:00,1.18996,1.18966,1.1896232,1.19057,1.190584,1.19058,1.1905227,1.19049,1.1905062,1.1904,1.1903371,1.19019,1.1901239
2017-09-12 00:00:00,1.18966,1.19057,1.1905333,1.19058,1.1905837,1.19049,1.1905209,1.1904,1.1904628,1.19019,1.1901805,1.18788,1.1878524
2017-09-12 01:00:00,1.19057,1.19058,1.190545,1.19049,1.190507,1.1904,1.190353,1.19019,1.190239,1.18788,1.1878417,1.18841,1.1884094
2017-09-12 02:00:00,1.19058,1.19049,1.1905059,1.1904,1.1904285,1.19019,1.1902422,1.18788,1.1878828,1.18841,1.1884737,1.18814,1.1882182
2017-09-12 03:00:00,1.19049,1.1904,1.1903747,1.19019,1.1902204,1.18788,1.1880041,1.18841,1.1886876,1.18814,1.1881975,1.18968,1.1898057
2017-09-12 04:00:00,1.1904,1.19019,1.1902047,1.18788,1.1879292,1.18841,1.1884822,1.18814,1.1883326,1.18968,1.1897597,1.1888599,1.188979
2017-09-12 05:00:00,1.19019,1.18788,1.1878705,1.18841,1.1885127,1.18814,1.1881676,1.18968,1.1898214,1.1888599,1.188754,1.18999,1.1900716
2017-09-12 06:00:00,1.18788,1.18841,1.1884347,1.18814,1.1881367,1.18968,1.1896875,1.1888599,1.1889087,1.18999,1.1898637,1.18879,1.1887351
2017-09-12 07:00:00,1.18841,1.18814,1.1881025,1.18968,1.1896807,1.1888599,1.1887423,1.18999,1.190132,1.18879,1.1886529,1.19179,1.1919901
2017-09-12 08:00:00,1.18814,1.18968,1.1896145,1.1888599,1.188887,1.18999,1.1900705,1.18879,1.1887915,1.19179,1.1918384,1.19107,1.1909494
2017-09-12 09:00:00,1.18968,1.1888599,1.1887399,1.18999,1.1900295,1.18879,1.1886276,1.19179,1.1917294,1.19107,1.1910326,1.19029,1.1903211
2017-09-12 10:00:00,1.1888599,1.18999,1.1899732,1.18879,1.1887554,1.19179,1.1918166,1.19107,1.1910965,1.19029,1.1902075,1.18956,1.1894906
2017-09-12 11:00:00,1.18999,1.18879,1.1886207,1.19179,1.1917577,1.19107,1.1910112,1.19029,1.1902492,1.18956,1.1893739,1.19191,1.1918459
2017-09-12 12:00:00,1.18879,1.19179,1.1917162,1.19107,1.191078,1.19029,1.1902825,1.18956,1.1895704,1.19191,1.1920737,1.19177,1.1917615
2017-09-12 13:00:00,1.19179,1.19107,1.1910248,1.19029,1.1903911,1.18956,1.1895399,1.19191,1.1920602,1.19177,1.1917436,1.19128,1.1913116
2017-09-12 14:00:00,1.19107,1.19029,1.1903807,1.18956,1.1896117,1.19191,1.1919503,1.19177,1.1918564,1.19128,1.1912314,1.19128,1.1912688
2017-09-12 15:00:00,1.19029,1.18956,1.1894763,1.19191,1.1919374,1.19177,1.1917586,1.19128,1.1912247,1.19128,1.1911119,1.19198,1.1919672
2017-09-12 16:00:00,1.18956,1.19191,1.1919217,1.19177,1.1916227,1.19128,1.1912242,1.19128,1.1913546,1.19198,1.1920521,1.1923,1.1923633
2017-09-12 17:00:00,1.19191,1.19177,1.191704,1.19128,1.1913505,1.19128,1.1912479,1.19198,1.1921006,1.1923,1.1923183,1.19208,1.1921139
2017-09-12 18:00:00,1.19177,1.19128,1.1912985,1.19128,1.1913085,1.19198,1.191975,1.1923,1.1923925,1.19208,1.19209,1.19077,1.1907521
2017-09-12 19:00:00,1.19128,1.19128,1.1912465,1.19198,1.1920228,1.1923,1.1922921,1.19208,1.1921482,1.19077,1.1907074,1.19117,1.1911604
2017-09-12 20:00:00,1.19128,1.19198,1.1919619,1.1923,1.1923462,1.19208,1.1920824,1.19077,1.1908208,1.19117,1.1911343,1.19099,1.1909697
2017-09-12 21:00:00,1.19198,1.1923,1.1923053,1.19208,1.192112,1.19077,1.1907192,1.19117,1.1912402,1.19099,1.1909807,1.19135,1.1913601
2017-09-12 22:00:00,1.1923,1.19208,1.1920944,1.19077,1.1908735,1.19117,1.1910801,1.19099,1.191115,1.19135,1.1913583,1.19252,1.1925306
2017-09-12 23:00:00,1.19208,1.19077,1.1907419,1.19117,1.1912291,1.19099,1.1910038,1.19135,1.1914339,1.19252,1.1925147,1.19215,1.192142
2017-09-13 00:00:00,1.19077,1.19117,1.1911945,1.19099,1.191005,1.19135,1.1912636,1.19252,1.1925654,1.19215,1.1920019,1.19337,1.1934719
2017-09-13 01:00:00,1.19117,1.19099,1.1909575,1.19135,1.191381,1.19252,1.1925465,1.19215,1.1922326,1.19337,1.1932721,1.19435,1.1944225
2017-09-13 02:00:00,1.19099,1.19135,1.1913474,1.19252,1.1925076,1.19215,1.1920406,1.19337,1.1933477,1.19435,1.1941748,1.19349,1.1934594
2017-09-13 03:00:00,1.19135,1.19252,1.1925249,1.19215,1.1921196,1.19337,1.1932515,1.19435,1.1944175,1.19349,1.1934427,1.19283,1.1928183
2017-09-13 04:00:00,1.19252,1.19215,1.1921221,1.19337,1.1933846,1.19435,1.1942831,1.19349,1.1934656,1.19283,1.1927685,1.19309,1.1930827
2017-09-13 05:00:00,1.19215,1.19337,1.1933683,1.19435,1.1943754,1.19349,1.1934404,1.19283,1.192853,1.19309,1.1930317,1.19314,1.1931643
2017-09-13 06:00:00,1.19337,1.19435,1.1943539,1.19349,1.1934992,1.19283,1.1928027,1.19309,1.1931894,1.19314,1.1931776,1.19229,1.1922197
2017-09-13 07:00:00,1.19435,1.19349,1.1934972,1.19283,1.1928781,1.19309,1.1931651,1.19314,1.193176,1.19229,1.1922723,1.19388,1.1939238
2017-09-13 08:00:00,1.19349,1.19283,1.19289,1.19309,1.1931705,1.19314,1.1931763,1.19229,1.1923323,1.19388,1.193839,1.19399,1.1939629
2017-09-13 09:00:00,1.19283,1.19309,1.1930732,1.19314,1.1931559,1.19229,1.192214,1.19388,1.1939929,1.19399,1.194006,1.19263,1.192673
2017-09-13 10:00:00,1.19309,1.19314,1.1931144,1.19229,1.192287,1.19388,1.1938503,1.19399,1.1941199,1.19263,1.1926234,1.19178,1.1918087
2017-09-13 11:00:00,1.19314,1.19229,1.1922531,1.19388,1.1938802,1.19399,1.1940008,1.19263,1.1926764,1.19178,1.1917853,1.19119,1.191234
2017-09-13 12:00:00,1.19229,1.19388,1.1938361,1.19399,1.1940297,1.19263,1.192583,1.19178,1.1918792,1.19119,1.1911782,1.19146,1.191543
2017-09-13 13:00:00,1.19388,1.19399,1.1940045,1.19263,1.192701,1.19178,1.1918067,1.19119,1.1913619,1.19146,1.1915644,1.19165,1.1917409
2017-09-13 14:00:00,1.19399,1.19263,1.1926163,1.19178,1.192003,1.19119,1.1910487,1.19146,1.1916347,1.19165,1.1916554,1.19201,1.1920677
2017-09-13 15:00:00,1.19263,1.19178,1.1917922,1.19119,1.1912286,1.19146,1.1915461,1.19165,1.191719,1.19201,1.192042,1.1924601,1.1925378
2017-09-13 16:00:00,1.19178,1.19119,1.1911899,1.19146,1.1914715,1.19165,1.1916603,1.19201,1.1920823,1.1924601,1.1924314,1.19256,1.1925838
2017-09-13 17:00:00,1.19119,1.19146,1.191467,1.19165,1.191656,1.19201,1.1920192,1.1924601,1.1925772,1.19256,1.1925554,1.19224,1.1922973
2017-09-13 18:00:00,1.19146,1.19165,1.1916766,1.19201,1.1920322,1.1924601,1.1923585,1.19256,1.1927185,1.19224,1.1922288,1.19232,1.192398
2017-09-13 19:00:00,1.19165,1.19201,1.1920022,1.1924601,1.1924767,1.19256,1.192646,1.19224,1.1922884,1.19232,1.1923922,1.19245,1.1925185
2017-09-13 20:00:00,1.19201,1.1924601,1.1924385,1.19256,1.1926081,1.19224,1.1922318,1.19232,1.1924068,1.19245,1.1924565,1.19252,1.1926192
2017-09-13 21:00:00,1.1924601,1.19256,1.1925449,1.19224,1.1922758,1.19232,1.1923399,1.19245,1.1925471,1.19252,1.1925211,1.19239,1.1924359
2017-09-13 22:00:00,1.19256,1.19224,1.1922648,1.19232,1.1923662,1.19245,1.1924796,1.19252,1.192605,1.19239,1.1923658,1.19216,1.192163
2017-09-13 23:00:00,1.19224,1.19232,1.1923207,1.19245,1.1924855,1.19252,1.1925472,1.19239,1.1924691,1.19216,1.1921672,1.1927,1.1927553
2017-09-14 00:00:00,1.19232,1.19245,1.1924548,1.19252,1.1925802,1.19239,1.192386,1.19216,1.1922262,1.1927,1.1926605,1.19529,1.1953106
2017-09-14 01:00:00,1.19245,1.19252,1.1925094,1.19239,1.1924075,1.19216,1.1921209,1.1927,1.192755,1.19529,1.1951017,1.19589,1.1958001
2017-09-14 02:00:00,1.19252,1.19239,1.1923474,1.19216,1.1921828,1.1927,1.1926068,1.19529,1.195406,1.19589,1.1957308,1.19796,1.1978937
2017-09-14 03:00:00,1.19239,1.19216,1.192162,1.1927,1.1926844,1.19529,1.1951344,1.19589,1.1958158,1.19796,1.1981055,1.19858,1.1978854
2017-09-14 04:00:00,1.19216,1.1927,1.1926353,1.19529,1.1953309,1.19589,1.1955878,1.19796,1.1981428,1.19858,1.1987263,1.19734,1.1975245
2017-09-14 05:00:00,1.1927,1.19529,1.195282,1.19589,1.1958586,1.19796,1.1978339,1.19858,1.1986716,1.19734,1.1972245,1.20419,1.2038916
2017-09-14 06:00:00,1.19529,1.19589,1.1957831,1.19796,1.1980629,1.19858,1.1984261,1.19734,1.1974154,1.20419,1.2045376,1.19994,1.1996949
2017-09-14 07:00:00,1.19589,1.19796,1.1980283,1.19858,1.1986579,1.19734,1.1969113,1.20419,1.2042768,1.19994,1.1997265,1.20098,1.2012045
2017-09-14 08:00:00,1.19796,1.19858,1.1986239,1.19734,1.197413,1.20419,1.204009,1.19994,1.1999217,1.20098,1.2008227,1.20263,1.2023647
2017-09-14 09:00:00,1.19858,1.19734,1.1974167,1.20419,1.2038066,1.19994,1.1997479,1.20098,1.2010275,1.20263,1.2025938,1.19888,1.1987493
2017-09-14 10:00:00,1.19734,1.20419,1.2041569,1.19994,1.1998546,1.20098,1.2007477,1.20263,1.2028118,1.19888,1.1986556,1.19993,1.1998532
2017-09-14 11:00:00,1.20419,1.19994,1.1998551,1.20098,1.2010465,1.20263,1.2028888,1.19888,1.1993924,1.19993,1.2000096,1.20031,1.2001692
2017-09-14 12:00:00,1.19994,1.20098,1.2010906,1.20263,1.2024852,1.19888,1.1987584,1.19993,1.2000865,1.20031,1.200206,1.20196,1.202115
2017-09-14 13:00:00,1.20098,1.20263,1.202603,1.19888,1.1988769,1.19993,1.200018,1.20031,1.2004901,1.20196,1.2018919,1.20211,1.2020698
2017-09-14 14:00:00,1.20263,1.19888,1.198715,1.19993,1.1999614,1.20031,1.2002609,1.20196,1.2020676,1.20211,1.2020261,1.20178,1.2018337
2017-09-14 15:00:00,1.19888,1.19993,1.1999416,1.20031,1.2002953,1.20196,1.2018007,1.20211,1.2022688,1.20178,1.2014856,1.20179,1.2017732
2017-09-14 16:00:00,1.19993,1.20031,1.2002453,1.20196,1.201957,1.20211,1.2019768,1.20178,1.2018284,1.20179,1.2016472,1.20269,1.2028081
2017-09-14 17:00:00,1.20031,1.20196,1.2018884,1.20211,1.2020565,1.20178,1.2017419,1.20179,1.2017576,1.20269,1.2026,1.20345,1.2034302
2017-09-14 18:00:00,1.20196,1.20211,1.2020576,1.20178,1.2018304,1.20179,1.2016681,1.20269,1.2026993,1.20345,1.2033708,1.20234,1.2023376
2017-09-14 19:00:00,1.20211,1.20178,1.201785,1.20179,1.2017859,1.20269,1.2025633,1.20345,1.203495,1.20234,1.2021925,1.2071099,1.2072744
2017-09-14 20:00:00,1.20178,1.20179,1.2017437,1.20269,1.2026439,1.20345,1.2033676,1.20234,1.2023381,1.2071099,1.2070235,1.2071,1.2070509
2017-09-14 21:00:00,1.20179,1.20269,1.202667,1.20345,1.2034527,1.20234,1.2020915,1.2071099,1.2072335,1.2071,1.2069402,1.20689,1.2068044
2017-09-14 22:00:00,1.20269,1.20345,1.2034045,1.20234,1.202359,1.2071099,1.2068732,1.2071,1.2068982,1.20689,1.2066149,1.2078199,1.2079177
2017-09-14 23:00:00,1.20345,1.20234,1.2023485,1.2071099,1.2069705,1.2071,1.207101,1.20689,1.2067114,1.2078199,1.2075756,1.20645,1.206354
2017-09-15 00:00:00,1.20234,1.2071099,1.2071857,1.2071,1.2067262,1.20689,1.2067735,1.2078199,1.2077842,1.20645,1.2061679,1.20478,1.2047741
2017-09-15 01:00:00,1.2071099,1.2071,1.2070174,1.20689,1.2069601,1.2078199,1.2077625,1.20645,1.2065469,1.20478,1.204809,1.2062399,1.2062905
2017-09-15 02:00:00,1.2071,1.20689,1.2069119,1.2078199,1.207808,1.20645,1.206418,1.20478,1.2047255,1.2062399,1.206212,1.20593,1.2058636
2017-09-15 03:00:00,1.20689,1.2078199,1.207776,1.20645,1.2065052,1.20478,1.2048578,1.2062399,1.2064388,1.20593,1.2058849,1.20687,1.2070054
2017-09-15 04:00:00,1.2078199,1.20645,1.2065102,1.20478,1.2048391,1.2062399,1.206361,1.20593,1.2061036,1.20687,1.2069247,1.20655,1.2065376
2017-09-15 05:00:00,1.20645,1.20478,1.2047914,1.2062399,1.2062355,1.20593,1.2058665,1.20687,1.2069265,1.20655,1.206463,1.20416,1.203999
2017-09-15 06:00:00,1.20478,1.2062399,1.2061737,1.20593,1.2059819,1.20687,1.2069398,1.20655,1.206528,1.20416,1.2042179,1.20266,1.2027918
2017-09-15 07:00:00,1.2062399,1.20593,1.2058507,1.20687,1.2068377,1.20655,1.2065202,1.20416,1.2041838,1.20266,1.2027875,1.2016,1.2017515
2017-09-15 08:00:00,1.20593,1.20687,1.206895,1.20655,1.2065989,1.20416,1.2041888,1.20266,1.2028923,1.2016,1.2019411,1.20387,1.2038852
2017-09-15 09:00:00,1.20687,1.20655,1.2065508,1.20416,1.2042476,1.20266,1.2028906,1.2016,1.2020979,1.20387,1.2040579,1.20256,1.2029743
2017-09-15 10:00:00,1.20655,1.20416,1.2041339,1.20266,1.2026262,1.2016,1.2014488,1.20387,1.2040058,1.20256,1.2024899,1.2030699,1.2031571
2017-09-15 11:00:00,1.20416,1.20266,1.2027872,1.2016,1.201656,1.20387,1.2040524,1.20256,1.2027128,1.2030699,1.2030717,1.20266,1.2026682
2017-09-15 12:00:00,1.20266,1.2016,1.2016456,1.20387,1.2038509,1.20256,1.2025144,1.2030699,1.2031388,1.20266,1.2025715,1.20259,1.2025678
2017-09-15 13:00:00,1.2016,1.20387,1.2037656,1.20256,1.2026159,1.2030699,1.202941,1.20266,1.2027172,1.20259,1.2026091,1.20326,1.2033327
2017-09-15 14:00:00,1.20387,1.20256,1.2025766,1.2030699,1.2031633,1.20266,1.2026458,1.20259,1.2026765,1.20326,1.2032678,1.20215,1.2022809
2017-09-15 15:00:00,1.20256,1.2030699,1.2030334,1.20266,1.2026582,1.20259,1.202551,1.20326,1.2033068,1.20215,1.2022059,1.20176,1.2019058
2017-09-15 16:00:00,1.2030699,1.20266,1.2026436,1.20259,1.2026024,1.20326,1.2032677,1.20215,1.202277,1.20176,1.2018883,1.2016,1.2016828
2017-09-15 17:00:00,1.20266,1.20259,1.2025633,1.20326,1.2032373,1.20215,1.2022648,1.20176,1.201818,1.2016,1.2016176,1.20112,1.2012211
2017-09-15 18:00:00,1.20259,1.20326,1.2032182,1.20215,1.2022545,1.20176,1.201864,1.2016,1.2017484,1.20112,1.2013518,1.20053,1.2007092
2017-09-15 19:00:00,1.20326,1.20215,1.2022296,1.20176,1.2018998,1.2016,1.2016641,1.20112,1.2012961,1.20053,1.2005004,1.20161,1.2017515
2017-09-15 20:00:00,1.20215,1.20176,1.2017531,1.2016,1.201606,1.20112,1.20113,1.20053,1.2005644,1.20161,1.2016072,1.20131,1.2012918
2017-09-17 21:00:00,1.20176,1.2016,1.2015676,1.20112,1.2011832,1.20053,1.2004997,1.20161,1.2016824,1.20131,1.201293,1.20066,1.2006919
2017-09-17 22:00:00,1.2016,1.20112,1.2011697,1.20053,1.2006581,1.20161,1.2016172,1.20131,1.2013758,1.20066,1.2006185,1.2014999,1.2014761
2017-09-17 23:00:00,1.20112,1.20053,1.2004664,1.20161,1.201626,1.20131,1.201328,1.20066,1.2007219,1.2014999,1.2014871,1.20072,1.2006986
2017-09-18 00:00:00,1.20053,1.20161,1.2015226,1.20131,1.2013386,1.20066,1.200573,1.2014999,1.2015738,1.20072,1.2007297,1.20141,1.201475
2017-09-18 01:00:00,1.20161,1.20131,1.201299,1.20066,1.2007324,1.2014999,1.2015303,1.20072,1.2007836,1.20141,1.2014211,1.20208,1.2020911
2017-09-18 02:00:00,1.20131,1.20066,1.2006668,1.2014999,1.2015142,1.20072,1.2007161,1.20141,1.2014773,1.20208,1.202081,1.20123,1.201288
2017-09-18 03:00:00,1.20066,1.2014999,1.2014723,1.20072,1.2007372,1.20141,1.2013011,1.20208,1.202166,1.20123,1.2012222,1.20103,1.2010639
2017-09-18 04:00:00,1.2014999,1.20072,1.2007043,1.20141,1.2014484,1.20208,1.2020848,1.20123,1.2012628,1.20103,1.2009966,1.19971,1.1996335
2017-09-18 05:00:00,1.20072,1.20141,1.2014095,1.20208,1.2020663,1.20123,1.2012471,1.20103,1.2011652,1.19971,1.1998227,1.19842,1.198573
2017-09-18 06:00:00,1.20141,1.20208,1.2020227,1.20123,1.2013191,1.20103,1.201027,1.19971,1.199801,1.19842,1.1984723,1.19872,1.1988144
2017-09-18 07:00:00,1.20208,1.20123,1.2012544,1.20103,1.2011188,1.19971,1.1997875,1.19842,1.1986138,1.19872,1.1989113,1.19823,1.1984867
2017-09-18 08:00:00,1.20123,1.20103,1.2010192,1.19971,1.1997715,1.19842,1.1984712,1.19872,1.1988671,1.19823,1.198267,1.19627,1.1965964
2017-09-18 09:00:00,1.20103,1.19971,1.1997919,1.19842,1.198538,1.19872,1.1987147,1.19823,1.1983428,1.19627,1.1963481,1.19694,1.1970301
2017-09-18 10:00:00,1.19971,1.19842,1.198346,1.19872,1.1987903,1.19823,1.1984111,1.19627,1.196349,1.19694,1.1968848,1.19624,1.1960788
2017-09-18 11:00:00,1.19842,1.19872,1.1986837,1.19823,1.1982902,1.19627,1.196325,1.19694,1.1971437,1.19624,1.1961952,1.19622,1.1963559
2017-09-18 12:00:00,1.19872,1.19823,1.1982545,1.19627,1.1963452,1.19694,1.1970165,1.19624,1.1963056,1.19622,1.1963047,1.1951799,1.195538
2017-09-18 13:00:00,1.19823,1.19627,1.1963866,1.19694,1.1970363,1.19624,1.196199,1.19622,1.1961957,1.1951799,1.1951697,1.19525,1.195116
2017-09-18 14:00:00,1.19627,1.19694,1.1969564,1.19624,1.1962793,1.19622,1.1962568,1.1951799,1.1952432,1.19525,1.1952587,1.19536,1.1953341
2017-09-18 15:00:00,1.19694,1.19624,1.1962005,1.19622,1.1962435,1.1951799,1.1951686,1.19525,1.1954117,1.19536,1.1952796,1.19621,1.1961659
2017-09-18 16:00:00,1.19624,1.19622,1.1962403,1.1951799,1.195188,1.19525,1.1953344,1.19536,1.1954491,1.19621,1.19621,1.19569,1.1956874
2017-09-18 17:00:00,1.19622,1.1951799,1.1951215,1.19525,1.1952742,1.19536,1.1953353,1.19621,1.1962662,1.19569,1.1956701,1.19468,1.1946281
2017-09-18 18:00:00,1.1951799,1.19525,1.19527,1.19536,1.1953673,1.19621,1.1961908,1.19569,1.19572,1.19468,1.1946428,1.19538,1.195386
2017-09-18 19:00:00,1.19525,1.19536,1.1953148,1.19621,1.1961732,1.19569,1.1957322,1.19468,1.1947266,1.19538,1.1953651,1.19604,1.1960372
2017-09-18 20:00:00,1.19536,1.19621,1.1961377,1.19569,1.1957197,1.19468,1.1946673,1.19538,1.1954675,1.19604,1.1960876,1.19539,1.1954414
2017-09-18 21:00:00,1.19621,1.19569,1.1956877,1.19468,1.1947155,1.19538,1.1954275,1.19604,1.1961488,1.19539,1.195412,1.1955,1.1955488
2017-09-18 22:00:00,1.19569,1.19468,1.1946818,1.19538,1.1954327,1.19604,1.1960725,1.19539,1.195432,1.1955,1.1954784,1.1958001,1.1957827
2017-09-18 23:00:00,1.19468,1.19538,1.1953992,1.19604,1.1960766,1.19539,1.1954005,1.1955,1.1954932,1.1958001,1.1957011,1.19752,1.197406
2017-09-19 00:00:00,1.19538,1.19604,1.1960533,1.19539,1.1954119,1.1955,1.1954615,1.1958001,1.1958636,1.19752,1.1974119,1.1974,1.1972388
2017-09-19 01:00:00,1.19604,1.19539,1.1953821,1.1955,1.195513,1.1958001,1.1957626,1.19752,1.1976036,1.1974,1.1973429,1.19574,1.1956587
2017-09-19 02:00:00,1.19539,1.1955,1.1954997,1.1958001,1.1957892,1.19752,1.1973339,1.1974,1.1972946,1.19574,1.1956222,1.19607,1.1960019
2017-09-19 03:00:00,1.1955,1.1958001,1.1957088,1.19752,1.1975302,1.1974,1.197266,1.19574,1.1957033,1.19607,1.196064,1.1935999,1.1934731
2017-09-19 04:00:00,1.1958001,1.19752,1.1973805,1.1974,1.1974012,1.19574,1.1956288,1.19607,1.196146,1.1935999,1.1936196,1.19313,1.1931498
2017-09-19 05:00:00,1.19752,1.1974,1.1973974,1.19574,1.1957726,1.19607,1.1961919,1.1935999,1.1936458,1.19313,1.1932585,1.19291,1.1929533
2017-09-19 06:00:00,1.1974,1.19574,1.1959168,1.19607,1.1961159,1.1935999,1.1937073,1.19313,1.193303,1.19291,1.1929524,1.1946,1.194823
2017-09-19 07:00:00,1.19574,1.19607,1.1961493,1.1935999,1.1936795,1.19313,1.1931964,1.19291,1.1932234,1.1946,1.1946425,1.19529,1.1953251
2017-09-19 08:00:00,1.19607,1.1935999,1.1936209,1.19313,1.1932704,1.19291,1.1928555,1.1946,1.194809,1.19529,1.195233,1.1967,1.1967452
2017-09-19 09:00:00,1.1935999,1.19313,1.1932564,1.19291,1.1929548,1.1946,1.194591,1.19529,1.1953627,1.1967,1.1966358,1.19619,1.1962677
2017-09-19 10:00:00,1.19313,1.19291,1.19287,1.1946,1.1945713,1.19529,1.1952018,1.1967,1.1965964,1.19619,1.1960578,1.19597,1.1959636
2017-09-19 11:00:00,1.19291,1.1946,1.1945692,1.19529,1.1952373,1.1967,1.1965003,1.19619,1.1960415,1.19597,1.1958338,1.19692,1.1967247
2017-09-19 12:00:00,1.1946,1.19529,1.1951921,1.1967,1.1966914,1.19619,1.1961397,1.19597,1.1958883,1.19692,1.1968851,1.19663,1.19649
2017-09-19 13:00:00,1.19529,1.1967,1.1967452,1.19619,1.1961153,1.19597,1.1958753,1.19692,1.1969903,1.19663,1.1966106,1.19646,1.1964601
2017-09-19 14:00:00,1.1967,1.19619,1.1961927,1.19597,1.1959759,1.19692,1.1969045,1.19663,1.1966435,1.19646,1.1964226,1.1964,1.1963232
2017-09-19 15:00:00,1.19619,1.19597,1.195994,1.19692,1.1968889,1.19663,1.1965938,1.19646,1.1964488,1.1964,1.1963059,1.1971,1.1970623
2017-09-19 16:00:00,1.19597,1.19692,1.1968441,1.19663,1.1966298,1.19646,1.1964236,1.1964,1.1964386,1.1971,1.1970383,1.19708,1.1970683
2017-09-19 17:00:00,1.19692,1.19663,1.1966271,1.19646,1.1964973,1.1964,1.1963772,1.1971,1.1972022,1.19708,1.19706,1.19692,1.1969553
2017-09-19 18:00:00,1.19663,1.19646,1.1964884,1.1964,1.1964256,1.1971,1.1970421,1.19708,1.1971354,1.19692,1.1968511,1.19841,1.1983283
2017-09-19 19:00:00,1.19646,1.1964,1.1963924,1.1971,1.1971272,1.19708,1.1970557,1.19692,1.197044,1.19841,1.198429,1.19847,1.1984353
2017-09-19 20:00:00,1.1964,1.1971,1.1971235,1.19708,1.1971049,1.19692,1.1968184,1.19841,1.198537,1.19847,1.1983263,1.19818,1.1983243
2017-09-19 21:00:00,1.1971,1.19708,1.1970946,1.19692,1.1969408,1.19841,1.1984037,1.19847,1.1985431,1.19818,1.1980851,1.19827,1.1982415
2017-09-19 22:00:00,1.19708,1.19692,1.1968468,1.19841,1.1984888,1.19847,1.1984138,1.19818,1.198208,1.19827,1.198242,1.19784,1.1978229
2017-09-19 23:00:00,1.19692,1.19841,1.1983402,1.19847,1.1984081,1.19818,1.1981131,1.19827,1.1982818,1.19784,1.1977599,1.19731,1.1972749
2017-09-20 00:00:00,1.19841,1.19847,1.1984469,1.19818,1.1982085,1.19827,1.198247,1.19784,1.1979078,1.19731,1.1972897,1.19844,1.1984626
2017-09-20 01:00:00,1.19847,1.19818,1.1981671,1.19827,1.1982847,1.19784,1.1978475,1.19731,1.1973912,1.19844,1.1984526,1.19788,1.1978734
2017-09-20 02:00:00,1.19818,1.19827,1.1982648,1.19784,1.197882,1.19731,1.1972497,1.19844,1.1985098,1.19788,1.1978607,1.1972001,1.1971962
2017-09-20 03:00:00,1.19827,1.19784,1.1978424,1.19731,1.1973577,1.19844,1.1984686,1.19788,1.1979568,1.1972001,1.1972576,1.19859,1.1986554
2017-09-20 04:00:00,1.19784,1.19731,1.197287,1.19844,1.1984774,1.19788,1.1978853,1.1972001,1.1972816,1.19859,1.198551,1.19847,1.1984484
2017-09-20 05:00:00,1.19731,1.19844,1.198385,1.19788,1.1979419,1.1972001,1.1971565,1.19859,1.1986836,1.19847,1.1984382,1.1973,1.1973376
2017-09-20 06:00:00,1.19844,1.19788,1.1978844,1.1972001,1.1972572,1.19859,1.1986177,1.19847,1.1985583,1.1973,1.1973519,1.19372,1.1936128
2017-09-20 07:00:00,1.19788,1.1972001,1.1972309,1.19859,1.1986393,1.19847,1.1984757,1.1973,1.1973339,1.19372,1.1933385,1.19154,1.1917071
2017-09-20 08:00:00,1.1972001,1.19859,1.1985626,1.19847,1.1984631,1.1973,1.1973532,1.19372,1.1939344,1.19154,1.1917664,1.18979,1.1896687
2017-09-20 09:00:00,1.19859,1.19847,1.1983924,1.1973,1.1973628,1.19372,1.1940137,1.19154,1.1914676,1.18979,1.189938,1.18804,1.1887258
2017-09-20 10:00:00,1.19847,1.1973,1.1974465,1.19372,1.1939583,1.19154,1.1913484,1.18979,1.1901529,1.18804,1.188097,1.18857,1.1888696
2017-09-20 11:00:00,1.1973,1.19372,1.1939409,1.19154,1.1916972,1.18979,1.1901321,1.18804,1.1882813,1.18857,1.1889834,1.18739,1.1880981
2017-09-20 12:00:00,1.19372,1.19154,1.1916733,1.18979,1.1899922,1.18804,1.188137,1.18857,1.1888003,1.18739,1.1874616,1.18841,1.1887015
2017-09-20 13:00:00,1.19154,1.18979,1.1899912,1.18804,1.188232,1.18857,1.1887523,1.18739,1.1874826,1.18841,1.1884273,1.18846,1.1884743
2017-09-20 14:00:00,1.18979,1.18804,1.1881734,1.18857,1.1886345,1.18739,1.1874096,1.18841,1.188505,1.18846,1.1883637,1.1887,1.1886716
2017-09-20 15:00:00,1.18804,1.18857,1.1885242,1.18739,1.1874318,1.18841,1.188475,1.18846,1.1885139,1.1887,1.1886863,1.1893,1.1893055
2017-09-20 16:00:00,1.18857,1.18739,1.1874298,1.18841,1.1884582,1.18846,1.1884797,1.1887,1.1887046,1.1893,1.1892272,1.18876,1.1886507
2017-09-20 17:00:00,1.18739,1.18841,1.1883968,1.18846,1.1884568,1.1887,1.1887732,1.1893,1.1892917,1.18876,1.1887128,1.18825,1.1881909
2017-09-20 18:00:00,1.18841,1.18846,1.1884013,1.1887,1.1886748,1.1893,1.1892918,1.18876,1.1886829,1.18825,1.1881686,1.18751,1.187386
2017-09-20 19:00:00,1.18846,1.1887,1.1886678,1.1893,1.1892421,1.18876,1.1887437,1.18825,1.1881905,1.18751,1.1874564,1.18749,1.1874228
2017-09-20 20:00:00,1.1887,1.1893,1.1892663,1.18876,1.1887443,1.18825,1.1882577,1.18751,1.1875216,1.18749,1.1874672,1.18747,1.1874379
2017-09-20 21:00:00,1.1893,1.18876,1.1887393,1.18825,1.1882435,1.18751,1.1875451,1.18749,1.1875957,1.18747,1.1874863,1.1877201,1.1877512
2017-09-20 22:00:00,1.18876,1.18825,1.1882236,1.18751,1.1875285,1.18749,1.1875863,1.18747,1.1874424,1.1877201,1.1877397,1.18751,1.1875759
2017-09-20 23:00:00,1.18825,1.18751,1.187574,1.18749,1.1875383,1.18747,1.1874655,1.1877201,1.1878223,1.18751,1.1874893,1.18838,1.1884208
2017-09-21 00:00:00,1.18751,1.18749,1.1875134,1.18747,1.1874683,1.1877201,1.1877311,1.18751,1.1875733,1.18838,1.1883231,1.1905,1.1904569
2017-09-21 01:00:00,1.18749,1.18747,1.1874509,1.1877201,1.1877475,1.18751,1.1874908,1.18838,1.1884388,1.1905,1.1905959,1.1904,1.1904597
2017-09-21 02:00:00,1.18747,1.1877201,1.1877381,1.18751,1.1875364,1.18838,1.1883098,1.1905,1.1902966,1.1904,1.190386,1.18948,1.1895248
2017-09-21 03:00:00,1.1877201,1.18751,1.1874912,1.18838,1.1883868,1.1905,1.1904857,1.1904,1.1903632,1.18948,1.1892942,1.19003,1.18983
2017-09-21 04:00:00,1.18751,1.18838,1.1883286,1.1905,1.1903895,1.1904,1.1903608,1.18948,1.1895695,1.19003,1.1898756,1.18918,1.18899
2017-09-21 05:00:00,1.18838,1.1905,1.1903719,1.1904,1.1904403,1.18948,1.1892945,1.19003,1.190089,1.18918,1.1890947,1.18919,1.1891344
2017-09-21 06:00:00,1.1905,1.1904,1.1903762,1.18948,1.1894348,1.19003,1.1900333,1.18918,1.1892027,1.18919,1.1892022,1.18822,1.1882027
2017-09-21 07:00:00,1.1904,1.18948,1.1894069,1.19003,1.1900356,1.18918,1.1891489,1.18919,1.1892846,1.18822,1.1881534,1.18722,1.1873235
2017-09-21 08:00:00,1.18948,1.19003,1.1900187,1.18918,1.1891884,1.18919,1.1891816,1.18822,1.188295,1.18722,1.1871434,1.18853,1.1885632
2017-09-21 09:00:00,1.19003,1.18918,1.1891048,1.18919,1.1892381,1.18822,1.1882898,1.18722,1.1872764,1.18853,1.1885797,1.18836,1.1884776
2017-09-21 10:00:00,1.18918,1.18919,1.1892617,1.18822,1.1883157,1.18722,1.1871573,1.18853,1.1887034,1.18836,1.1882486,1.19175,1.1918793
2017-09-21 11:00:00,1.18919,1.18822,1.1883496,1.18722,1.1873397,1.18853,1.1885648,1.18836,1.1884601,1.19175,1.1918467,1.19123,1.191214
2017-09-21 12:00:00,1.18822,1.18722,1.1873446,1.18853,1.1885585,1.18836,1.1882046,1.19175,1.1915377,1.19123,1.1910709,1.19049,1.1904676
2017-09-21 13:00:00,1.18722,1.18853,1.1884867,1.18836,1.1883779,1.19175,1.191627,1.19123,1.1910808,1.19049,1.1901605,1.1918,1.1915944
2017-09-21 14:00:00,1.18853,1.18836,1.1882606,1.19175,1.1915982,1.19123,1.1908591,1.19049,1.1903895,1.1918,1.1915002,1.19127,1.1911135
2017-09-21 15:00:00,1.18836,1.19175,1.1916479,1.19123,1.1910558,1.19049,1.1902964,1.1918,1.1917698,1.19127,1.1911962,1.1918399,1.1918768
2017-09-21 16:00:00,1.19175,1.19123,1.1912011,1.19049,1.1905029,1.1918,1.191773,1.19127,1.1912947,1.1918399,1.1917901,1.1920199,1.1919595
2017-09-21 17:00:00,1.19123,1.19049,1.1904701,1.1918,1.1917497,1.19127,1.1911889,1.1918399,1.1917987,1.1920199,1.1918803,1.19078,1.1907219
2017-09-21 18:00:00,1.19049,1.1918,1.1916709,1.19127,1.1911993,1.1918399,1.191839,1.1920199,1.1920732,1.19078,1.1906737,1.19051,1.1904937
2017-09-21 19:00:00,1.1918,1.19127,1.1912309,1.1918399,1.1918387,1.1920199,1.1919928,1.19078,1.1907854,1.19051,1.1904277,1.1914899,1.1914597
2017-09-21 20:00:00,1.19127,1.1918399,1.1918328,1.1920199,1.1920319,1.19078,1.190755,1.19051,1.1906035,1.1914899,1.1914823,1.19076,1.1907845
2017-09-21 21:00:00,1.1918399,1.1920199,1.192061,1.19078,1.1908909,1.19051,1.1904765,1.1914899,1.1916009,1.19076,1.1907142,1.19115,1.1912189
2017-09-21 22:00:00,1.1920199,1.19078,1.1908406,1.19051,1.190624,1.1914899,1.191564,1.19076,1.1908392,1.19115,1.1911156,1.19195,1.1919692
2017-09-21 23:00:00,1.19078,1.19051,1.1905077,1.1914899,1.1915183,1.19076,1.1907109,1.19115,1.1912233,1.19195,1.1918242,1.19229,1.192332
2017-09-22 00:00:00,1.19051,1.1914899,1.1915113,1.19076,1.1907566,1.19115,1.19109,1.19195,1.1920007,1.19229,1.1922313,1.19204,1.1919504
2017-09-22 01:00:00,1.1914899,1.19076,1.1907223,1.19115,1.1911458,1.19195,1.191931,1.19229,1.1923211,1.19204,1.1919389,1.19287,1.1928418
2017-09-22 02:00:00,1.19076,1.19115,1.1911747,1.19195,1.1919838,1.19229,1.1922909,1.19204,1.1920551,1.19287,1.192692,1.19376,1.1935046
2017-09-22 03:00:00,1.19115,1.19195,1.1918318,1.19229,1.1922328,1.19204,1.1919734,1.19287,1.1929746,1.19376,1.1936562,1.19501,1.1948487
2017-09-22 04:00:00,1.19195,1.19229,1.1922684,1.19204,1.1920202,1.19287,1.1928461,1.19376,1.1938452,1.19501,1.1949979,1.19481,1.1946561
2017-09-22 05:00:00,1.19229,1.19204,1.1920092,1.19287,1.1928627,1.19376,1.193707,1.19501,1.1950339,1.19481,1.1946497,1.19734,1.1973784
2017-09-22 06:00:00,1.19204,1.19287,1.1929017,1.19376,1.1937516,1.19501,1.1950239,1.19481,1.1949952,1.19734,1.1972309,1.19756,1.197259
2017-09-22 07:00:00,1.19287,1.19376,1.1937363,1.19501,1.1949046,1.19481,1.1946201,1.19734,1.1974708,1.19756,1.1972617,1.19627,1.1964005
2017-09-22 08:00:00,1.19376,1.19501,1.1949221,1.19481,1.1947616,1.19734,1.1973401,1.19756,1.1975152,1.19627,1.1961955,1.19577,1.1957054
2017-09-22 09:00:00,1.19501,1.19481,1.1947407,1.19734,1.1972452,1.19756,1.1973786,1.19627,1.196299,1.19577,1.1957171,1.1945,1.1944366
2017-09-22 10:00:00,1.19481,1.19734,1.19717,1.19756,1.1975048,1.19627,1.1961277,1.19577,1.1957917,1.1945,1.1944646,1.1935999,1.1935656
2017-09-22 11:00:00,1.19734,1.19756,1.1975507,1.19627,1.1962906,1.19577,1.1958898,1.1945,1.1946468,1.1935999,1.193766,1.19405,1.1941144
2017-09-22 12:00:00,1.19756,1.19627,1.1962878,1.19577,1.195774,1.1945,1.1945407,1.1935999,1.1935655,1.19405,1.1942537,1.19446,1.1945778
2017-09-22 13:00:00,1.19627,1.19577,1.19579,1.1945,1.1946151,1.1935999,1.1936983,1.19405,1.194267,1.19446,1.1944997,1.19439,1.1944423
2017-09-22 14:00:00,1.19577,1.1945,1.1944132,1.1935999,1.1936514,1.19405,1.1940681,1.19446,1.1945119,1.19439,1.1942885,1.19338,1.1934322
2017-09-22 15:00:00,1.1945,1.1935999,1.1936738,1.19405,1.1940488,1.19446,1.1943967,1.19439,1.1944362,1.19338,1.1933668,1.19421,1.1942668
2017-09-22 16:00:00,1.1935999,1.19405,1.1940961,1.19446,1.1944875,1.19439,1.1943313,1.19338,1.1935976,1.19421,1.1943103,1.19367,1.1937252
2017-09-22 17:00:00,1.19405,1.19446,1.1943822,1.19439,1.1943935,1.19338,1.1933911,1.19421,1.1943654,1.19367,1.19374,1.19434,1.1944606
2017-09-22 18:00:00,1.19446,1.19439,1.1943687,1.19338,1.1935626,1.19421,1.1943451,1.19367,1.1938173,1.19434,1.1945033,1.19479,1.194935
2017-09-22 19:00:00,1.19439,1.19338,1.1934388,1.19421,1.1942775,1.19367,1.1937479,1.19434,1.1944499,1.19479,1.1948084,1.19448,1.194557
2017-09-22 20:00:00,1.19338,1.19421,1.1942226,1.19367,1.1935866,1.19434,1.1942526,1.19479,1.1948173,1.19448,1.1943675,1.19432,1.1942589
2017-09-24 21:00:00,1.19421,1.19367,1.193665,1.19434,1.1943408,1.19479,1.1947768,1.19448,1.1945101,1.19432,1.1942914,1.19402,1.1940099
2017-09-24 22:00:00,1.19367,1.19434,1.1944051,1.19479,1.1948223,1.19448,1.1944337,1.19432,1.194371,1.19402,1.1939859,1.1943,1.1943307
2017-09-24 23:00:00,1.19434,1.19479,1.1947274,1.19448,1.19452,1.19432,1.1943309,1.19402,1.1941065,1.1943,1.194315,1.19477,1.1948023
2017-09-25 00:00:00,1.19479,1.19448,1.1944673,1.19432,1.1943355,1.19402,1.193999,1.1943,1.194374,1.19477,1.1948026,1.1924601,1.192487
2017-09-25 01:00:00,1.19448,1.19432,1.1943073,1.19402,1.1940396,1.1943,1.1942828,1.19477,1.194843,1.1924601,1.1922984,1.1938,1.1938766
2017-09-25 02:00:00,1.19432,1.19402,1.1940005,1.1943,1.1943156,1.19477,1.194839,1.1924601,1.1924119,1.1938,1.1938001,1.19505,1.1950185
2017-09-25 03:00:00,1.19402,1.1943,1.194271,1.19477,1.1948004,1.1924601,1.1924452,1.1938,1.1938839,1.19505,1.1949885,1.19573,1.1957399
2017-09-25 04:00:00,1.1943,1.19477,1.1947949,1.1924601,1.1925517,1.1938,1.193825,1.19505,1.1951455,1.19573,1.1957604,1.1942899,1.1942674
2017-09-25 05:00:00,1.19477,1.1924601,1.1924558,1.1938,1.1937957,1.19505,1.1950237,1.19573,1.1957346,1.1942899,1.1941077,1.19607,1.1960034
2017-09-25 06:00:00,1.1924601,1.1938,1.1938576,1.19505,1.1947919,1.19573,1.1954969,1.1942899,1.1942699,1.19607,1.1961175,1.19594,1.1957773
2017-09-25 07:00:00,1.1938,1.19505,1.1949468,1.19573,1.1957425,1.1942899,1.1941097,1.19607,1.1960037,1.19594,1.1958693,1.19555,1.1955692
2017-09-25 08:00:00,1.19505,1.19573,1.1957101,1.1942899,1.1942483,1.19607,1.1960276,1.19594,1.1959703,1.19555,1.1955941,1.1939,1.1938787
2017-09-25 09:00:00,1.19573,1.1942899,1.1942133,1.19607,1.1960685,1.19594,1.1959324,1.19555,1.1956146,1.1939,1.1938924,1.19341,1.1934776
2017-09-25 10:00:00,1.1942899,1.19607,1.1960151,1.19594,1.1959034,1.19555,1.1956007,1.1939,1.1939721,1.19341,1.1934416,1.1935899,1.1936475
2017-09-25 11:00:00,1.19607,1.19594,1.1959097,1.19555,1.195627,1.1939,1.19398,1.19341,1.193465,1.1935899,1.1936959,1.19495,1.1950929
2017-09-25 12:00:00,1.19594,1.19555,1.1956418,1.1939,1.1941023,1.19341,1.1933508,1.1935899,1.1937033,1.19495,1.1949528,1.19521,1.1953238
2017-09-25 13:00:00,1.19555,1.1939,1.1937847,1.19341,1.193501,1.1935899,1.1936235,1.19495,1.1951044,1.19521,1.1952231,1.19523,1.1953108
2017-09-25 14:00:00,1.1939,1.19341,1.1934927,1.1935899,1.19363,1.19495,1.1949921,1.19521,1.1952736,1.19523,1.1951871,1.19495,1.1949551
2017-09-25 15:00:00,1.19341,1.1935899,1.1935682,1.19495,1.195023,1.19521,1.1951926,1.19523,1.1953092,1.19495,1.1948566,1.19558,1.1954193
2017-09-25 16:00:00,1.1935899,1.19495,1.194812,1.19521,1.1951209,1.19523,1.1950883,1.19495,1.1949711,1.19558,1.1955829,1.19596,1.19611
2017-09-25 17:00:00,1.19495,1.19521,1.1951427,1.19523,1.195259,1.19495,1.1948842,1.19558,1.1956133,1.19596,1.1959176,1.19635,1.1962593
2017-09-25 18:00:00,1.19521,1.19523,1.1952376,1.19495,1.1949651,1.19558,1.1955564,1.19596,1.1960728,1.19635,1.1963184,1.1967599,1.196731
2017-09-25 19:00:00,1.19523,1.19495,1.1949197,1.19558,1.1955727,1.19596,1.1959021,1.19635,1.1963792,1.1967599,1.1967188,1.1966,1.1965063
2017-09-25 20:00:00,1.19495,1.19558,1.1955446,1.19596,1.1959584,1.19635,1.1962785,1.1967599,1.1967463,1.1966,1.196451,1.19698,1.1968858
2017-09-25 21:00:00,1.19558,1.19596,1.1959072,1.19635,1.1963702,1.1967599,1.1966821,1.1966,1.1967243,1.19698,1.1968924,1.19751,1.1974536
2017-09-25 22:00:00,1.19596,1.19635,1.1963242,1.1967599,1.1967793,1.1966,1.1964912,1.19698,1.1970012,1.19751,1.1974065,1.19822,1.1982319
2017-09-25 23:00:00,1.19635,1.1967599,1.1967665,1.1966,1.1966271,1.19698,1.1969298,1.19751,1.1975546,1.19822,1.1981361,1.19942,1.1994687
2017-09-26 00:00:00,1.1967599,1.1966,1.1965685,1.19698,1.197019,1.19751,1.1975273,1.19822,1.1983249,1.19942,1.1993105,1.19933,1.199294
2017-09-26 01:00:00,1.1966,1.19698,1.1969754,1.19751,1.1975285,1.19822,1.1981194,1.19942,1.1994714,1.19933,1.1991831,1.19829,1.1980927
2017-09-26 02:00:00,1.19698,1.19751,1.1974893,1.19822,1.1981449,1.19942,1.19927,1.19933,1.199381,1.19829,1.1981637,1.19885,1.1989038
2017-09-26 03:00:00,1.19751,1.19822,1.1981537,1.19942,1.1993147,1.19933,1.199149,1.19829,1.1982282,1.19885,1.1988143,1.19899,1.1989405
2017-09-26 04:00:00,1.19822,1.19942,1.1994692,1.19933,1.1993537,1.19829,1.1982069,1.19885,1.1989053,1.19899,1.199074,1.19722,1.1972735
2017-09-26 05:00:00,1.19942,1.19933,1.1993155,1.19829,1.1983292,1.19885,1.1988537,1.19899,1.1990961,1.19722,1.1971571,1.1984,1.1984966
2017-09-26 06:00:00,1.19933,1.19829,1.1982411,1.19885,1.198858,1.19899,1.1990104,1.19722,1.1973222,1.1984,1.1983638,1.19849,1.1985017
2017-09-26 07:00:00,1.19829,1.19885,1.1988572,1.19899,1.1990049,1.19722,1.197126,1.1984,1.1985214,1.19849,1.198483,1.19772,1.197798
2017-09-26 08:00:00,1.19885,1.19899,1.1989768,1.19722,1.1972647,1.1984,1.1983993,1.19849,1.1985674,1.19772,1.1977544,1.1979799,1.1980027
2017-09-26 09:00:00,1.19899,1.19722,1.1971968,1.1984,1.1984766,1.19849,1.1985393,1.19772,1.1978312,1.1979799,1.1979971,1.19735,1.1974298
2017-09-26 10:00:00,1.19722,1.1984,1.1983621,1.19849,1.1984674,1.19772,1.1976421,1.1979799,1.1980146,1.19735,1.1972764,1.19946,1.1995195
2017-09-26 11:00:00,1.1984,1.19849,1.1984504,1.19772,1.1977266,1.1979799,1.1979748,1.19735,1.1974549,1.19946,1.1994776,1.19947,1.1994901
2017-09-26 12:00:00,1.19849,1.19772,1.1977333,1.1979799,1.1979885,1.19735,1.1973028,1.19946,1.1995225,1.19947,1.1993668,1.1997,1.1996868
2017-09-26 13:00:00,1.19772,1.1979799,1.1979629,1.19735,1.1973907,1.19946,1.1993797,1.19947,1.1994337,1.1997,1.1995808,1.19941,1.1992707
2017-09-26 14:00:00,1.1979799,1.19735,1.1972975,1.19946,1.19939,1.19947,1.1993152,1.1997,1.199722,1.19941,1.1992733,1.19943,1.1993488
2017-09-26 15:00:00,1.19735,1.19946,1.199515,1.19947,1.19951,1.1997,1.1997175,1.19941,1.1994054,1.19943,1.1992968,1.19936,1.1993946
2017-09-26 16:00:00,1.19946,1.19947,1.1993995,1.1997,1.1997414,1.19941,1.1993626,1.19943,1.1994942,1.19936,1.1993494,1.1992,1.1992027
2017-09-26 17:00:00,1.19947,1.1997,1.1996745,1.19941,1.1994282,1.19943,1.1994262,1.19936,1.1994376,1.1992,1.1991847,1.19916,1.1992098
2017-09-26 18:00:00,1.1997,1.19941,1.1993921,1.19943,1.1994648,1.19936,1.1993539,1.1992,1.1992879,1.19916,1.1991216,1.20131,1.2013199
2017-09-26 19:00:00,1.19941,1.19943,1.1994342,1.19936,1.1993821,1.1992,1.1991984,1.19916,1.1992526,1.20131,1.2013023,1.20066,1.2006135
2017-09-26 20:00:00,1.19943,1.19936,1.1993479,1.1992,1.1992023,1.19916,1.1990842,1.20131,1.2014015,1.20066,1.2006174,1.20071,1.2007791
2017-09-26 21:00:00,1.19936,1.1992,1.1992121,1.19916,1.1992136,1.20131,1.2012537,1.20066,1.2007154,1.20071,1.2006643,1.20059,1.2004921
2017-09-26 22:00:00,1.1992,1.19916,1.199101,1.20131,1.2011914,1.20066,1.200509,1.20071,1.2008195,1.20059,1.2004607,1.2008901,1.2008436
2017-09-26 23:00:00,1.19916,1.20131,1.2012858,1.20066,1.2006675,1.20071,1.2006388,1.20059,1.2006284,1.2008901,1.2009054,1.1999,1.1998863
2017-09-27 00:00:00,1.20131,1.20066,1.2005368,1.20071,1.2008151,1.20059,1.200556,1.2008901,1.2009376,1.1999,1.1998303,1.19989,1.1998434
2017-09-27 01:00:00,1.20066,1.20071,1.2007155,1.20059,1.2006005,1.2008901,1.2008567,1.1999,1.1999096,1.19989,1.1998653,1.2006199,1.2006192
2017-09-27 02:00:00,1.20071,1.20059,1.2005568,1.2008901,1.2009162,1.1999,1.1998488,1.19989,1.199979,1.2006199,1.2005849,1.20119,1.2011794
2017-09-27 03:00:00,1.20059,1.2008901,1.2008781,1.1999,1.1998913,1.19989,1.1998655,1.2006199,1.2007111,1.20119,1.2011825,1.20052,1.2005419
2017-09-27 04:00:00,1.2008901,1.1999,1.1998798,1.19989,1.1999545,1.2006199,1.2006233,1.20119,1.201272,1.20052,1.2005168,1.20041,1.2004422
2017-09-27 05:00:00,1.1999,1.19989,1.1999241,1.2006199,1.2006148,1.20119,1.2012093,1.20052,1.200545,1.20041,1.200403,1.19916,1.1991591
2017-09-27 06:00:00,1.19989,1.2006199,1.2005409,1.20119,1.2011964,1.20052,1.2004505,1.20041,1.2004714,1.19916,1.199183,1.19952,1.1995888
2017-09-27 07:00:00,1.2006199,1.20119,1.2012206,1.20052,1.2005659,1.20041,1.2004392,1.19916,1.1992422,1.19952,1.1995656,1.1994901,1.1995659
2017-09-27 08:00:00,1.20119,1.20052,1.2005129,1.20041,1.2004791,1.19916,1.1990722,1.19952,1.1996965,1.1994901,1.1995403,1.19968,1.1997128
2017-09-27 09:00:00,1.20052,1.20041,1.2004423,1.19916,1.1992522,1.19952,1.1995633,1.1994901,1.1995739,1.19968,1.1996763,1.20038,1.200429
2017-09-27 10:00:00,1.20041,1.19916,1.199115,1.19952,1.1995492,1.1994901,1.199528,1.19968,1.1997733,1.20038,1.2003307,1.20109,1.2010717
2017-09-27 11:00:00,1.19916,1.19952,1.1994653,1.1994901,1.1994292,1.19968,1.1994475,1.20038,1.2004082,1.20109,1.2013894,1.18895,1.189462
2017-09-27 12:00:00,1.19952,1.1994901,1.1993688,1.19968,1.1995629,1.20038,1.2000595,1.20109,1.2010782,1.18895,1.1894357,1.18909,1.1892396
2017-09-27 13:00:00,1.1994901,1.19968,1.1996813,1.20038,1.2005258,1.20109,1.2012439,1.18895,1.1888423,1.18909,1.1894026,1.18901,1.189417
2017-09-27 14:00:00,1.19968,1.20038,1.2002972,1.20109,1.2012303,1.18895,1.1881385,1.18909,1.1895437,1.18901,1.1895953,1.18932,1.1897082
2017-09-27 15:00:00,1.20038,1.20109,1.2012469,1.18895,1.1900283,1.18909,1.1900837,1.18901,1.1897497,1.18932,1.189736,1.18893,1.1887604
2017-09-27 16:00:00,1.20109,1.18895,1.1891894,1.18909,1.1893156,1.18901,1.1891055,1.18932,1.1893885,1.18893,1.1892945,1.1873701,1.1870944
2017-09-27 17:00:00,1.18895,1.18909,1.1892625,1.18901,1.1891315,1.18932,1.1895473,1.18893,1.1890924,1.1873701,1.1873146,1.1877201,1.1878066
2017-09-27 18:00:00,1.18909,1.18901,1.188915,1.18932,1.1892674,1.18893,1.1889291,1.1873701,1.1873598,1.1877201,1.1877166,1.18748,1.1873648
2017-09-27 19:00:00,1.18901,1.18932,1.1892862,1.18893,1.1888753,1.1873701,1.1874108,1.1877201,1.1877999,1.18748,1.1874996,1.18846,1.1884687
2017-09-27 20:00:00,1.18932,1.18893,1.1888546,1.1873701,1.1873786,1.1877201,1.1876981,1.18748,1.1875597,1.18846,1.1884599,1.18851,1.1884141
2017-09-27 21:00:00,1.18893,1.1873701,1.1873224,1.1877201,1.1877217,1.18748,1.1875556,1.18846,1.1884547,1.18851,1.1883824,1.1883,1.1882112
2017-09-27 22:00:00,1.1873701,1.1877201,1.1876299,1.18748,1.1874173,1.18846,1.1885493,1.18851,1.1884129,1.1883,1.1882833,1.18825,1.1881853
2017-09-27 23:00:00,1.1877201,1.18748,1.1874815,1.18846,1.1884085,1.18851,1.1885821,1.1883,1.1882231,1.18825,1.1881875,1.18959,1.1895406
2017-09-28 00:00:00,1.18748,1.18846,1.188336,1.18851,1.1884884,1.1883,1.188437,1.18825,1.1882682,1.18959,1.1895837,1.19014,1.1902881
2017-09-28 01:00:00,1.18846,1.18851,1.1884657,1.1883,1.188312,1.18825,1.1882411,1.18959,1.1896888,1.19014,1.1901181,1.19125,1.1911516
2017-09-28 02:00:00,1.18851,1.1883,1.1883388,1.18825,1.1883047,1.18959,1.1896778,1.19014,1.1901895,1.19125,1.1911705,1.1913,1.1911849
2017-09-28 03:00:00,1.1883,1.18825,1.1882256,1.18959,1.1895686,1.19014,1.1900799,1.19125,1.1913676,1.1913,1.1912535,1.1902,1.1901603
2017-09-28 04:00:00,1.18825,1.18959,1.1896513,1.19014,1.1901518,1.19125,1.1912949,1.1913,1.1911151,1.1902,1.190158,1.19017,1.1901848
2017-09-28 05:00:00,1.18959,1.19014,1.1900736,1.19125,1.1913126,1.1913,1.1912922,1.1902,1.190274,1.19017,1.1901467,1.1916,1.191659
2017-09-28 06:00:00,1.19014,1.19125,1.1912104,1.1913,1.1913248,1.1902,1.1901846,1.19017,1.1902447,1.1916,1.1916027,1.19236,1.1922218
2017-09-28 07:00:00,1.19125,1.1913,1.1912757,1.1902,1.1902186,1.19017,1.1900866,1.1916,1.1916875,1.19236,1.1922867,1.19218,1.1921645
2017-09-28 08:00:00,1.1913,1.1902,1.1902465,1.19017,1.1901073,1.1916,1.1915725,1.19236,1.1924888,1.19218,1.1920742,1.19458,1.194593
2017-09-28 09:00:00,1.1902,1.19017,1.1901516,1.1916,1.1915668,1.19236,1.1923615,1.19218,1.1921848,1.19458,1.1944155,1.19319,1.1928279
2017-09-28 10:00:00,1.19017,1.1916,1.1915649,1.19236,1.192228,1.19218,1.1919793,1.19458,1.194607,1.19319,1.193153,1.19344,1.1934032
2017-09-28 11:00:00,1.1916,1.19236,1.1923149,1.19218,1.1921997,1.19458,1.1946405,1.19319,1.1931942,1.19344,1.1935984,1.19299,1.1929505
2017-09-28 12:00:00,1.19236,1.19218,1.1921527,1.19458,1.1946069,1.19319,1.1930972,1.19344,1.193522,1.19299,1.1929692,1.19305,1.193109
2017-09-28 13:00:00,1.19218,1.19458,1.1947145,1.19319,1.1932197,1.19344,1.1933169,1.19299,1.1930476,1.19305,1.1929942,1.19404,1.1941676
2017-09-28 14:00:00,1.19458,1.19319,1.1931568,1.19344,1.1935436,1.19299,1.1930777,1.19305,1.1930964,1.19404,1.1940626,1.1939399,1.1939586
2017-09-28 15:00:00,1.19319,1.19344,1.1935745,1.19299,1.1930591,1.19305,1.1929717,1.19404,1.1940929,1.1939399,1.1938204,1.19402,1.1940172
2017-09-28 16:00:00,1.19344,1.19299,1.1929908,1.19305,1.1931101,1.19404,1.1940484,1.1939399,1.1940252,1.19402,1.1939845,1.19436,1.194309
2017-09-28 17:00:00,1.19299,1.19305,1.1930225,1.19404,1.1940095,1.1939399,1.1938725,1.19402,1.1940081,1.19436,1.1941662,1.19413,1.1941065
2017-09-28 18:00:00,1.19305,1.19404,1.1940694,1.1939399,1.1939176,1.19402,1.193891,1.19436,1.1943812,1.19413,1.1940662,1.19536,1.1953869
2017-09-28 19:00:00,1.19404,1.1939399,1.1939229,1.19402,1.1940223,1.19436,1.1942562,1.19413,1.1941458,1.19536,1.1953216,1.19555,1.1954807
2017-09-28 20:00:00,1.1939399,1.19402,1.1939831,1.19436,1.1943679,1.19413,1.1940298,1.19536,1.1954106,1.19555,1.1953932,1.19569,1.1956261
2017-09-28 21:00:00,1.19402,1.19436,1.194375,1.19413,1.1941384,1.19536,1.1952709,1.19555,1.1955147,1.19569,1.195648,1.19597,1.1959126
2017-09-28 22:00:00,1.19436,1.19413,1.1941257,1.19536,1.1953603,1.19555,1.1955388,1.19569,1.1956587,1.19597,1.1958507,1.19672,1.1966717
2017-09-28 23:00:00,1.19413,1.19536,1.1953478,1.19555,1.1956031,1.19569,1.1956921,1.19597,1.1959337,1.19672,1.1964631,1.19692,1.1969143
2017-09-29 00:00:00,1.19536,1.19555,1.1955264,1.19569,1.1956956,1.19597,1.1958755,1.19672,1.1967493,1.19692,1.1968337,1.19915,1.1991378
2017-09-29 01:00:00,1.19555,1.19569,1.1956831,1.19597,1.1959859,1.19672,1.1967617,1.19692,1.1969126,1.19915,1.199147,1.19896,1.1989675
2017-09-29 02:00:00,1.19569,1.19597,1.1959239,1.19672,1.1966877,1.19692,1.1968247,1.19915,1.1992763,1.19896,1.1988043,1.19948,1.1994709
2017-09-29 03:00:00,1.19597,1.19672,1.1966674,1.19692,1.1969188,1.19915,1.1990619,1.19896,1.198906,1.19948,1.199435,1.19655,1.1963855
2017-09-29 04:00:00,1.19672,1.19692,1.1968507,1.19915,1.1990783,1.19896,1.1986679,1.19948,1.199263,1.19655,1.1963934,1.19624,1.1962552
2017-09-29 05:00:00,1.19692,1.19915,1.1990222,1.19896,1.1988773,1.19948,1.199435,1.19655,1.196512,1.19624,1.1962025,1.19713,1.1971022
2017-09-29 06:00:00,1.19915,1.19896,1.1988865,1.19948,1.199504,1.19655,1.1965597,1.19624,1.1964372,1.19713,1.1970762,1.1967599,1.1968931
2017-09-29 07:00:00,1.19896,1.19948,1.1995268,1.19655,1.1965892,1.19624,1.1962137,1.19713,1.1972661,1.1967599,1.196777,1.19675,1.1969281
2017-09-29 08:00:00,1.19948,1.19655,1.1967539,1.19624,1.1964163,1.19713,1.1971834,1.1967599,1.1968656,1.19675,1.1966298,1.1968,1.1968126
2017-09-29 09:00:00,1.19655,1.19624,1.1962767,1.19713,1.1971306,1.1967599,1.1968035,1.19675,1.1968426,1.1968,1.1968595,1.19438,1.1943902
2017-09-29 10:00:00,1.19624,1.19713,1.1971294,1.1967599,1.1967803,1.19675,1.1967272,1.1968,1.1969312,1.19438,1.1943625,1.19462,1.1947391
2017-09-29 11:00:00,1.19713,1.1967599,1.1967428,1.19675,1.1967936,1.1968,1.1968274,1.19438,1.1944332,1.19462,1.194583,1.19421,1.1939433
2017-09-29 12:00:00,1.1967599,1.19675,1.1966954,1.1968,1.1968286,1.19438,1.1944526,1.19462,1.1946864,1.19421,1.1943434,1.19437,1.194502
2017-09-29 13:00:00,1.19675,1.1968,1.196841,1.19438,1.1944592,1.19462,1.1946352,1.19421,1.1941413,1.19437,1.1942911,1.19404,1.1940222
2017-09-29 14:00:00,1.1968,1.19438,1.1942536,1.19462,1.1946894,1.19421,1.1943203,1.19437,1.1944135,1.19404,1.1938944,1.19127,1.1917843
2017-09-29 15:00:00,1.19438,1.19462,1.1945767,1.19421,1.1941617,1.19437,1.1943269,1.19404,1.1940414,1.19127,1.1912224,1.1922,1.1924045
2017-09-29 16:00:00,1.19462,1.19421,1.194215,1.19437,1.1943977,1.19404,1.1940447,1.19127,1.1914988,1.1922,1.192443,1.1926,1.1927445
2017-09-29 17:00:00,1.19421,1.19437,1.1943704,1.19404,1.194063,1.19127,1.1913846,1.1922,1.192546,1.1926,1.1928475,1.19276,1.1929505
2017-09-29 18:00:00,1.19437,1.19404,1.1939988,1.19127,1.1917337,1.1922,1.1924368,1.1926,1.1928786,1.19276,1.1930815,1.19294,1.1932032
2017-09-29 19:00:00,1.19404,1.19127,1.1915436,1.1922,1.1924156,1.1926,1.192694,1.19276,1.1928948,1.19294,1.1930567,1.1930699,1.1932312
2017-09-29 20:00:00,1.19127,1.1922,1.1921067,1.1926,1.1924039,1.19276,1.1925879,1.19294,1.1929606,1.1930699,1.1929437,1.19322,1.193114
2017-10-01 21:00:00,1.1922,1.1926,1.192543,1.19276,1.192725,1.19294,1.1929111,1.1930699,1.1930685,1.19322,1.1931518,1.19327,1.1932514
2017-10-01 22:00:00,1.1926,1.19276,1.1928147,1.19294,1.1929723,1.1930699,1.1930815,1.19322,1.1933225,1.19327,1.1932838,1.19274,1.1927382
2017-10-01 23:00:00,1.19276,1.19294,1.1928872,1.1930699,1.1931127,1.19322,1.1932566,1.19327,1.1932938,1.19274,1.1927572,1.19089,1.1909041
2017-10-02 00:00:00,1.19294,1.1930699,1.1930249,1.19322,1.1932108,1.19327,1.1932813,1.19274,1.1927685,1.19089,1.1908307,1.19093,1.1910617
2017-10-02 01:00:00,1.1930699,1.19322,1.1931717,1.19327,1.1932735,1.19274,1.1928124,1.19089,1.1908135,1.19093,1.1909257,1.19047,1.1903925
2017-10-02 02:00:00,1.19322,1.19327,1.19326,1.19274,1.1927634,1.19089,1.1910424,1.19093,1.1909513,1.19047,1.1904591,1.18857,1.1886375
2017-10-02 03:00:00,1.19327,1.19274,1.1926942,1.19089,1.1909201,1.19093,1.1910242,1.19047,1.1904628,1.18857,1.1886579,1.18755,1.1878368
2017-10-02 04:00:00,1.19274,1.19089,1.190896,1.19093,1.1911614,1.19047,1.1906464,1.18857,1.1886234,1.18755,1.187901,1.1870201,1.1868529
2017-10-02 05:00:00,1.19089,1.19093,1.1909587,1.19047,1.190533,1.18857,1.1886251,1.18755,1.1876864,1.1870201,1.187144,1.18722,1.18726
2017-10-02 06:00:00,1.19093,1.19047,1.1904919,1.18857,1.1885746,1.18755,1.1875982,1.1870201,1.1871579,1.18722,1.1874471,1.18789,1.1880789
2017-10-02 07:00:00,1.19047,1.18857,1.1886709,1.18755,1.1876715,1.1870201,1.1870096,1.18722,1.187377,1.18789,1.1879677,1.18657,1.1865208
2017-10-02 08:00:00,1.18857,1.18755,1.1875631,1.1870201,1.187089,1.18722,1.1872917,1.18789,1.1880037,1.18657,1.1866395,1.18508,1.1850605
2017-10-02 09:00:00,1.18755,1.1870201,1.1870269,1.18722,1.1872566,1.18789,1.1879175,1.18657,1.1866045,1.18508,1.18507,1.18444,1.1845129
2017-10-02 10:00:00,1.1870201,1.18722,1.1871738,1.18789,1.1878909,1.18657,1.1865851,1.18508,1.1851301,1.18444,1.1843204,1.18397,1.1838663
2017-10-02 11:00:00,1.18722,1.18789,1.1878233,1.18657,1.1865842,1.18508,1.1850307,1.18444,1.1845794,1.18397,1.1841445,1.18442,1.1844027
2017-10-02 12:00:00,1.18789,1.18657,1.1866188,1.18508,1.1852152,1.18444,1.1845405,1.18397,1.1841414,1.18442,1.1844527,1.18476,1.1845404
2017-10-02 13:00:00,1.18657,1.18508,1.1851428,1.18444,1.184534,1.18397,1.1839226,1.18442,1.1843555,1.18476,1.1846685,1.18473,1.1847283
2017-10-02 14:00:00,1.18508,1.18444,1.1844493,1.18397,1.1840019,1.18442,1.1844358,1.18476,1.1848123,1.18473,1.1847138,1.18452,1.1845012
2017-10-02 15:00:00,1.18444,1.18397,1.183987,1.18442,1.1844182,1.18476,1.1847773,1.18473,1.1847146,1.18452,1.1844006,1.1855,1.1854278
2017-10-02 16:00:00,1.18397,1.18442,1.1844221,1.18476,1.1847517,1.18473,1.1847556,1.18452,1.1844643,1.1855,1.1854254,1.18554,1.1854929
2017-10-02 17:00:00,1.18442,1.18476,1.1847137,1.18473,1.184723,1.18452,1.1844493,1.1855,1.1854827,1.18554,1.1855265,1.18536,1.1853029
2017-10-02 18:00:00,1.18476,1.18473,1.1847379,1.18452,1.1845118,1.1855,1.1854519,1.18554,1.1855905,1.18536,1.1852865,1.18581,1.185756
2017-10-02 19:00:00,1.18473,1.18452,1.1844932,1.1855,1.185498,1.18554,1.1855253,1.18536,1.1853043,1.18581,1.1858131,1.18572,1.1856351
2017-10-02 20:00:00,1.18452,1.1855,1.1854582,1.18554,1.1855233,1.18536,1.1853616,1.18581,1.1858253,1.18572,1.1856185,1.18603,1.1860987
2017-10-02 21:00:00,1.1855,1.18554,1.1855103,1.18536,1.1853458,1.18581,1.1857957,1.18572,1.1857405,1.18603,1.1859995,1.18531,1.1852587
2017-10-02 22:00:00,1.18554,1.18536,1.1853344,1.18581,1.1858047,1.18572,1.1856995,1.18603,1.1860744,1.18531,1.1852762,1.18405,1.1840823
2017-10-02 23:00:00,1.18536,1.18581,1.1858293,1.18572,1.1857418,1.18603,1.1860173,1.18531,1.1853867,1.18405,1.1841062,1.18451,1.1845913
2017-10-03 00:00:00,1.18581,1.18572,1.1856687,1.18603,1.1860707,1.18531,1.18536,1.18405,1.184179,1.18451,1.184638,1.18121,1.1810406
2017-10-03 01:00:00,1.18572,1.18603,1.1860275,1.18531,1.1853361,1.18405,1.1840615,1.18451,1.184647,1.18121,1.1814387,1.1816599,1.1817995
2017-10-03 02:00:00,1.18603,1.18531,1.1853776,1.18405,1.1841172,1.18451,1.184648,1.18121,1.1813731,1.1816599,1.1817479,1.18145,1.1816531
2017-10-03 03:00:00,1.18531,1.18405,1.1840899,1.18451,1.1845995,1.18121,1.1812875,1.1816599,1.1818105,1.18145,1.1814818,1.17894,1.1789685
2017-10-03 04:00:00,1.18405,1.18451,1.184603,1.18121,1.1812184,1.1816599,1.1817317,1.18145,1.1816124,1.17894,1.1788447,1.1788,1.1788001
2017-10-03 05:00:00,1.18451,1.18121,1.1810088,1.1816599,1.1818657,1.18145,1.1816224,1.17894,1.1789982,1.1788,1.1788867,1.17912,1.1791171
2017-10-03 06:00:00,1.18121,1.1816599,1.1817553,1.18145,1.1815076,1.17894,1.1789701,1.1788,1.1787963,1.17912,1.1790557,1.17795,1.1779515
2017-10-03 07:00:00,1.1816599,1.18145,1.1814525,1.17894,1.1788789,1.1788,1.1789641,1.17912,1.1791626,1.17795,1.1781274,1.17653,1.1763775
2017-10-03 08:00:00,1.18145,1.17894,1.1792305,1.1788,1.1788485,1.17912,1.1792234,1.17795,1.1777757,1.17653,1.1767069,1.17694,1.1768461
2017-10-03 09:00:00,1.17894,1.1788,1.1788218,1.17912,1.1791546,1.17795,1.1780031,1.17653,1.1765112,1.17694,1.176821,1.17818,1.1781758
2017-10-03 10:00:00,1.1788,1.17912,1.179097,1.17795,1.1779566,1.17653,1.1767653,1.17694,1.1770642,1.17818,1.1781709,1.1809,1.1811051
2017-10-03 11:00:00,1.17912,1.17795,1.1779124,1.17653,1.1765404,1.17694,1.1769996,1.17818,1.1782126,1.1809,1.1809427,1.17984,1.1798348
2017-10-03 12:00:00,1.17795,1.17653,1.1766368,1.17694,1.1769851,1.17818,1.1781127,1.1809,1.1810541,1.17984,1.179767,1.17925,1.1792475
2017-10-03 13:00:00,1.17653,1.17694,1.1769817,1.17818,1.178103,1.1809,1.1810662,1.17984,1.1796998,1.17925,1.1791359,1.1791,1.1789
2017-10-03 14:00:00,1.17694,1.17818,1.1782135,1.1809,1.180858,1.17984,1.1798046,1.17925,1.1791382,1.1791,1.178906,1.17904,1.1790717
2017-10-03 15:00:00,1.17818,1.1809,1.1808724,1.17984,1.1798512,1.17925,1.1792526,1.1791,1.1791253,1.17904,1.1790341,1.17889,1.1788982
2017-10-03 16:00:00,1.1809,1.17984,1.1798728,1.17925,1.1792928,1.1791,1.1791096,1.17904,1.1790568,1.17889,1.1788877,1.17833,1.1783409
2017-10-03 17:00:00,1.17984,1.17925,1.179228,1.1791,1.1791523,1.17904,1.1790695,1.17889,1.1789284,1.17833,1.1783252,1.17875,1.1788589
2017-10-03 18:00:00,1.17925,1.1791,1.1791022,1.17904,1.1790645,1.17889,1.1789504,1.17833,1.1783806,1.17875,1.1787218,1.17888,1.178876
2017-10-03 19:00:00,1.1791,1.17904,1.1790367,1.17889,1.1788793,1.17833,1.1783094,1.17875,1.1788211,1.17888,1.1788675,1.17882,1.1788292
2017-10-03 20:00:00,1.17904,1.17889,1.1789145,1.17833,1.1783217,1.17875,1.1787298,1.17888,1.178968,1.17882,1.1788131,1.17903,1.1790329
2017-10-03 21:00:00,1.17889,1.17833,1.178345,1.17875,1.178811,1.17888,1.1788768,1.17882,1.1789222,1.17903,1.1790746,1.17785,1.1778493
2017-10-03 22:00:00,1.17833,1.17875,1.1787369,1.17888,1.1788896,1.17882,1.1788207,1.17903,1.1791345,1.17785,1.1778378,1.17736,1.1774098
2017-10-03 23:00:00,1.17875,1.17888,1.1788627,1.17882,1.1788571,1.17903,1.1790433,1.17785,1.1779035,1.17736,1.1773845,1.17584,1.1758367
2017-10-04 00:00:00,1.17888,1.17882,1.1788089,1.17903,1.1790463,1.17785,1.1778384,1.17736,1.1774973,1.17584,1.1757913,1.17565,1.175709
2017-10-04 01:00:00,1.17882,1.17903,1.1790181,1.17785,1.177833,1.17736,1.1775061,1.17584,1.1758255,1.17565,1.1756561,1.17354,1.1733677
2017-10-04 02:00:00,1.17903,1.17785,1.177847,1.17736,1.1774656,1.17584,1.1759889,1.17565,1.1755049,1.17354,1.1735611,1.17476,1.174605
2017-10-04 03:00:00,1.17785,1.17736,1.1774104,1.17584,1.1760116,1.17565,1.1757244,1.17354,1.1737132,1.17476,1.1749824,1.17458,1.1745536
2017-10-04 04:00:00,1.17736,1.17584,1.1758528,1.17565,1.1756835,1.17354,1.1736805,1.17476,1.1747302,1.17458,1.1745332,1.17442,1.1743393
2017-10-04 05:00:00,1.17584,1.17565,1.1757022,1.17354,1.173574,1.17476,1.1747751,1.17458,1.1746722,1.17442,1.1744809,1.17196,1.1718853
2017-10-04 06:00:00,1.17565,1.17354,1.1735945,1.17476,1.1747454,1.17458,1.1746112,1.17442,1.1744428,1.17196,1.1720771,1.17247,1.172493
2017-10-04 07:00:00,1.17354,1.17476,1.174826,1.17458,1.1746031,1.17442,1.1744685,1.17196,1.1719788,1.17247,1.1725564,1.17314,1.1731557
2017-10-04 08:00:00,1.17476,1.17458,1.1745027,1.17442,1.1744767,1.17196,1.1720275,1.17247,1.1725385,1.17314,1.1731052,1.17459,1.174654
2017-10-04 09:00:00,1.17458,1.17442,1.1744416,1.17196,1.1720788,1.17247,1.1724387,1.17314,1.1732411,1.17459,1.17461,1.17518,1.1751996
2017-10-04 10:00:00,1.17442,1.17196,1.1719924,1.17247,1.1725607,1.17314,1.1732299,1.17459,1.1746043,1.17518,1.1749967,1.17577,1.1756122
2017-10-04 11:00:00,1.17196,1.17247,1.1725497,1.17314,1.1731783,1.17459,1.1747065,1.17518,1.1751086,1.17577,1.1757061,1.1756899,1.1756154
2017-10-04 12:00:00,1.17247,1.17314,1.1730728,1.17459,1.1746,1.17518,1.1749818,1.17577,1.1756841,1.1756899,1.1754538,1.17497,1.1748829
2017-10-04 13:00:00,1.17314,1.17459,1.1745529,1.17518,1.1751536,1.17577,1.1756104,1.1756899,1.1755989,1.17497,1.1749976,1.17423,1.1741729
2017-10-04 14:00:00,1.17459,1.17518,1.1751019,1.17577,1.1757469,1.1756899,1.1756171,1.17497,1.1749747,1.17423,1.17423,1.17434,1.1743362
2017-10-04 15:00:00,1.17518,1.17577,1.1757278,1.1756899,1.1756997,1.17497,1.1749682,1.17423,1.1742821,1.17434,1.1743134,1.17414,1.1741853
2017-10-04 16:00:00,1.17577,1.1756899,1.1756984,1.17497,1.1749793,1.17423,1.1741861,1.17434,1.1744158,1.17414,1.1741927,1.17491,1.175023
2017-10-04 17:00:00,1.1756899,1.17497,1.1750226,1.17423,1.1742548,1.17434,1.1745056,1.17414,1.1741747,1.17491,1.1749173,1.17474,1.1747726
2017-10-04 18:00:00,1.17497,1.17423,1.174245,1.17434,1.174373,1.17414,1.1741982,1.17491,1.1749743,1.17474,1.1747577,1.17377,1.1737105
2017-10-04 19:00:00,1.17423,1.17434,1.1743678,1.17414,1.1741673,1.17491,1.1749294,1.17474,1.1748097,1.17377,1.1737418,1.17391,1.1739334
2017-10-04 20:00:00,1.17434,1.17414,1.1741452,1.17491,1.1749437,1.17474,1.1747684,1.17377,1.1738099,1.17391,1.1739435,1.17299,1.1730063
2017-10-04 21:00:00,1.17414,1.17491,1.1748971,1.17474,1.1748004,1.17377,1.1737202,1.17391,1.1740046,1.17299,1.1729225,1.17313,1.1731671
2017-10-04 22:00:00,1.17491,1.17474,1.1747403,1.17377,1.1737697,1.17391,1.174015,1.17299,1.1730405,1.17313,1.173153,1.17249,1.1723516
2017-10-04 23:00:00,1.17474,1.17377,1.1738186,1.17391,1.1739408,1.17299,1.1730058,1.17313,1.1732582,1.17249,1.1725363,1.17414,1.1741877
2017-10-05 00:00:00,1.17377,1.17391,1.1739583,1.17299,1.1730099,1.17313,1.1731589,1.17249,1.1725324,1.17414,1.1741313,1.17545,1.1755378
2017-10-05 01:00:00,1.17391,1.17299,1.1729941,1.17313,1.1731831,1.17249,1.1724963,1.17414,1.1742482,1.17545,1.1754593,1.17656,1.1767871
2017-10-05 02:00:00,1.17299,1.17313,1.173161,1.17249,1.1724818,1.17414,1.1741005,1.17545,1.1754295,1.17656,1.1767039,1.17661,1.1767774
2017-10-05 03:00:00,1.17313,1.17249,1.1724551,1.17414,1.1741594,1.17545,1.175392,1.17656,1.176739,1.17661,1.176292,1.17784,1.1775864
2017-10-05 04:00:00,1.17249,1.17414,1.174188,1.17545,1.175341,1.17656,1.1766661,1.17661,1.1768142,1.17784,1.1779425,1.1773,1.1771727
2017-10-05 05:00:00,1.17414,1.17545,1.1753862,1.17656,1.1765282,1.17661,1.1764138,1.17784,1.1778063,1.1773,1.1773169,1.17664,1.1767089
2017-10-05 06:00:00,1.17545,1.17656,1.1765816,1.17661,1.1765501,1.17784,1.1778398,1.1773,1.1773647,1.17664,1.1765714,1.17946,1.179291
2017-10-05 07:00:00,1.17656,1.17661,1.1765404,1.17784,1.17788,1.1773,1.1773001,1.17664,1.1766464,1.17946,1.1793985,1.17833,1.1782779
2017-10-05 08:00:00,1.17661,1.17784,1.1779472,1.1773,1.1772649,1.17664,1.1765296,1.17946,1.1794536,1.17833,1.1782546,1.17761,1.1776607
2017-10-05 09:00:00,1.17784,1.1773,1.1773878,1.17664,1.1766498,1.17946,1.1794136,1.17833,1.17837,1.17761,1.1775762,1.17835,1.1783307
2017-10-05 10:00:00,1.1773,1.17664,1.1766857,1.17946,1.1794168,1.17833,1.1783305,1.17761,1.1776394,1.17835,1.1782576,1.1788499,1.1787442
2017-10-05 11:00:00,1.17664,1.17946,1.1791797,1.17833,1.1783485,1.17761,1.1774755,1.17835,1.1784251,1.1788499,1.1787624,1.17907,1.179066
2017-10-05 12:00:00,1.17946,1.17833,1.1783161,1.17761,1.1777496,1.17835,1.1783428,1.1788499,1.1789967,1.17907,1.1791198,1.17781,1.1779495
2017-10-05 13:00:00,1.17833,1.17761,1.1777053,1.17835,1.1783353,1.1788499,1.1788144,1.17907,1.1791663,1.17781,1.1777438,1.17837,1.1784374
2017-10-05 14:00:00,1.17761,1.17835,1.1782628,1.1788499,1.1787905,1.17907,1.1791689,1.17781,1.1778662,1.17837,1.1783167,1.1782,1.1781689
2017-10-05 15:00:00,1.17835,1.1788499,1.1788212,1.17907,1.1790824,1.17781,1.177794,1.17837,1.1784759,1.1782,1.1781893,1.17804,1.1780778
2017-10-05 16:00:00,1.1788499,1.17907,1.1790892,1.17781,1.1778561,1.17837,1.1783626,1.1782,1.1782899,1.17804,1.1780158,1.17801,1.1780374
2017-10-05 17:00:00,1.17907,1.17781,1.1777024,1.17837,1.1784704,1.1782,1.1782157,1.17804,1.1781182,1.17801,1.1779547,1.17859,1.1785984
2017-10-05 18:00:00,1.17781,1.17837,1.1783695,1.1782,1.1781967,1.17804,1.1780269,1.17801,1.1780826,1.17859,1.178608,1.17794,1.1779809
2017-10-05 19:00:00,1.17837,1.1782,1.1781732,1.17804,1.1780719,1.17801,1.1779448,1.17859,1.1786648,1.17794,1.1779611,1.17751,1.1775312
2017-10-05 20:00:00,1.1782,1.17804,1.1780534,1.17801,1.1780246,1.17859,1.1786101,1.17794,1.1780157,1.17751,1.177552,1.17838,1.178451
2017-10-05 21:00:00,1.17804,1.17801,1.1779761,1.17859,1.1786277,1.17794,1.1779209,1.17751,1.1776115,1.17838,1.1783977,1.17782,1.1778395
2017-10-05 22:00:00,1.17801,1.17859,1.1785859,1.17794,1.1779801,1.17751,1.1774876,1.17838,1.178487,1.17782,1.1778666,1.17733,1.1773924
2017-10-05 23:00:00,1.17859,1.17794,1.1779522,1.17751,1.1775311,1.17838,1.1784142,1.17782,1.1779029,1.17733,1.1773102,1.17957,1.1796414
2017-10-06 00:00:00,1.17794,1.17751,1.1775198,1.17838,1.1784472,1.17782,1.1778556,1.17733,1.1773891,1.17957,1.1795439,1.1793699,1.1793823
2017-10-06 01:00:00,1.17751,1.17838,1.1783932,1.17782,1.1778382,1.17733,1.1772993,1.17957,1.179629,1.1793699,1.1794084,1.17983,1.1799878
2017-10-06 02:00:00,1.17838,1.17782,1.1778021,1.17733,1.1773949,1.17957,1.1796768,1.1793699,1.1793553,1.17983,1.179838,1.1800699,1.1799886
2017-10-06 03:00:00,1.17782,1.17733,1.1773247,1.17957,1.1795701,1.1793699,1.1792582,1.17983,1.1798751,1.1800699,1.1799644,1.18118,1.1811173
2017-10-08 21:00:00,1.17733,1.17957,1.179349,1.1793699,1.1793766,1.17983,1.1798484,1.1800699,1.180162,1.18118,1.1813221,1.18121,1.181215
2017-10-08 22:00:00,1.17957,1.1793699,1.1793023,1.17983,1.1798311,1.1800699,1.1799867,1.18118,1.1811178,1.18121,1.1810739,1.18291,1.1828785
2017-10-08 23:00:00,1.1793699,1.17983,1.1798372,1.1800699,1.1800408,1.18118,1.1811131,1.18121,1.1811858,1.18291,1.1827446,1.17947,1.1792272
2017-10-09 00:00:00,1.17983,1.1800699,1.1800121,1.18118,1.1811637,1.18121,1.1810023,1.18291,1.1830603,1.17947,1.179252,1.1820099,1.1819532
2017-10-09 01:00:00,1.1800699,1.18118,1.181141,1.18121,1.1811974,1.18291,1.1827505,1.17947,1.1793641,1.1820099,1.1820111,1.18124,1.1810997
2017-10-09 02:00:00,1.18118,1.18121,1.1811393,1.18291,1.1829189,1.17947,1.1791728,1.1820099,1.1821172,1.18124,1.1811575,1.18024,1.1802694
2017-10-09 03:00:00,1.18121,1.18291,1.1830114,1.17947,1.1794183,1.1820099,1.1820126,1.18124,1.1812264,1.18024,1.1802189,1.18036,1.1802605
2017-10-09 04:00:00,1.18291,1.17947,1.1794281,1.1820099,1.1820478,1.18124,1.1811829,1.18024,1.1801653,1.18036,1.1802595,1.18114,1.1811018
2017-10-09 05:00:00,1.17947,1.1820099,1.1821204,1.18124,1.181344,1.18024,1.1802435,1.18036,1.1804363,1.18114,1.181093,1.18186,1.1818275
2017-10-09 06:00:00,1.1820099,1.18124,1.181165,1.18024,1.1802871,1.18036,1.1803031,1.18114,1.181218,1.18186,1.1818436,1.181,1.1809453
2017-10-09 07:00:00,1.18124,1.18024,1.1803104,1.18036,1.1803775,1.18114,1.1811528,1.18186,1.1818364,1.181,1.1808002,1.18039,1.1804105
2017-10-09 08:00:00,1.18024,1.18036,1.1802368,1.18114,1.1811441,1.18186,1.1817343,1.181,1.1809059,1.18039,1.1803168,1.18102,1.1809707
2017-10-09 09:00:00,1.18036,1.18114,1.1812439,1.18186,1.1818266,1.181,1.180901,1.18039,1.1805401,1.18102,1.1811029,1.18069,1.1807683
2017-10-09 10:00:00,1.18114,1.18186,1.1818044,1.181,1.1809279,1.18039,1.1804534,1.18102,1.1811297,1.18069,1.1807348,1.17887,1.178886
2017-10-09 11:00:00,1.18186,1.181,1.1809142,1.18039,1.1805296,1.18102,1.181162,1.18069,1.1807986,1.17887,1.1789947,1.17739,1.1777182
2017-10-09 12:00:00,1.181,1.18039,1.1804454,1.18102,1.1810992,1.18069,1.1807815,1.17887,1.1789455,1.17739,1.1774069,1.1775401,1.1776607
2017-10-09 13:00:00,1.18039,1.18102,1.1810375,1.18069,1.180675,1.17887,1.1788306,1.17739,1.1774635,1.1775401,1.1774893,1.17779,1.1775059
2017-10-09 14:00:00,1.18102,1.18069,1.1807142,1.17887,1.1789503,1.17739,1.1773651,1.1775401,1.1775877,1.17779,1.178033,1.17757,1.1776912
2017-10-09 15:00:00,1.18069,1.17887,1.1788436,1.17739,1.1774559,1.1775401,1.1778076,1.17779,1.178045,1.17757,1.1776993,1.17629,1.1762418
2017-10-09 16:00:00,1.17887,1.17739,1.1774008,1.1775401,1.1776438,1.17779,1.1778607,1.17757,1.1776057,1.17629,1.1761351,1.17636,1.1762449
2017-10-09 17:00:00,1.17739,1.1775401,1.1775326,1.17779,1.177777,1.17757,1.1776218,1.17629,1.1763554,1.17636,1.1764219,1.17417,1.1741496
2017-10-09 18:00:00,1.1775401,1.17779,1.1777534,1.17757,1.177588,1.17629,1.1762209,1.17636,1.1764693,1.17417,1.1742604,1.17443,1.1745605
2017-10-09 19:00:00,1.17779,1.17757,1.17756,1.17629,1.1764578,1.17636,1.1764824,1.17417,1.1741043,1.17443,1.1745515,1.1731,1.1731128
2017-10-09 20:00:00,1.17757,1.17629,1.1763997,1.17636,1.1763403,1.17417,1.1741586,1.17443,1.1746064,1.1731,1.172756,1.17448,1.1747645
2017-10-09 21:00:00,1.17629,1.17636,1.1764064,1.17417,1.1742221,1.17443,1.1745611,1.1731,1.1733297,1.17448,1.1746426,1.17378,1.173662
2017-10-09 22:00:00,1.17636,1.17417,1.174293,1.17443,1.1744022,1.1731,1.1730944,1.17448,1.1747348,1.17378,1.1736977,1.17574,1.1757139
2017-10-09 23:00:00,1.17417,1.17443,1.1744832,1.1731,1.1731321,1.17448,1.1746213,1.17378,1.173874,1.17574,1.1758665,1.17507,1.1751075
2017-10-10 00:00:00,1.17443,1.1731,1.1731962,1.17448,1.1744927,1.17378,1.1737278,1.17574,1.1757559,1.17507,1.1749358,1.17348,1.1734086
2017-10-10 01:00:00,1.1731,1.17448,1.1744947,1.17378,1.1737988,1.17574,1.1758921,1.17507,1.1750486,1.17348,1.1734478,1.17439,1.174433
2017-10-10 02:00:00,1.17448,1.17378,1.1737311,1.17574,1.1758441,1.17507,1.1750574,1.17348,1.1735216,1.17439,1.1744124,1.17425,1.1742147
2017-10-10 03:00:00,1.17378,1.17574,1.1759163,1.17507,1.1751168,1.17348,1.1734223,1.17439,1.1743983,1.17425,1.1742215,1.17388,1.1739106
2017-10-10 04:00:00,1.17574,1.17507,1.1750197,1.17348,1.1734085,1.17439,1.1745415,1.17425,1.174411,1.17388,1.1739562,1.17427,1.1743796
2017-10-10 05:00:00,1.17507,1.17348,1.1734984,1.17439,1.1743842,1.17425,1.1743194,1.17388,1.1738986,1.17427,1.1742306,1.17348,1.1733835
2017-10-10 06:00:00,1.17348,1.17439,1.1744092,1.17425,1.1743236,1.17388,1.1739349,1.17427,1.1743661,1.17348,1.1734847,1.17301,1.1730348
2017-10-10 07:00:00,1.17439,1.17425,1.17426,1.17388,1.1739336,1.17427,1.1742989,1.17348,1.1734984,1.17301,1.1729732,1.17333,1.1733512
2017-10-10 08:00:00,1.17425,1.17388,1.1738676,1.17427,1.1743003,1.17348,1.173541,1.17301,1.1731153,1.17333,1.1733518,1.17378,1.1738138
2017-10-10 09:00:00,1.17388,1.17427,1.1742784,1.17348,1.1735123,1.17301,1.173016,1.17333,1.1734447,1.17378,1.1738178,1.17307,1.1731248
2017-10-10 10:00:00,1.17427,1.17348,1.1735088,1.17301,1.173098,1.17333,1.1733398,1.17378,1.1738975,1.17307,1.1731403,1.17189,1.1721113
2017-10-10 11:00:00,1.17348,1.17301,1.1730385,1.17333,1.1733487,1.17378,1.17383,1.17307,1.1731235,1.17189,1.1719514,1.17049,1.1704823
2017-10-10 12:00:00,1.17301,1.17333,1.173346,1.17378,1.1738497,1.17307,1.1731021,1.17189,1.1719913,1.17049,1.1704533,1.1712,1.1712589
2017-10-10 13:00:00,1.17333,1.17378,1.1737676,1.17307,1.173141,1.17189,1.1719731,1.17049,1.1707011,1.1712,1.1712565,1.17039,1.1705062
2017-10-10 14:00:00,1.17378,1.17307,1.1731392,1.17189,1.1719389,1.17049,1.1702912,1.1712,1.1712509,1.17039,1.1703608,1.1705999,1.1707942
2017-10-10 15:00:00,1.17307,1.17189,1.1718698,1.17049,1.1705761,1.1712,1.1713085,1.17039,1.1705008,1.1705999,1.1705006,1.1705,1.170566
2017-10-10 16:00:00,1.17189,1.17049,1.1706425,1.1712,1.1712533,1.17039,1.1704365,1.1705999,1.1706331,1.1705,1.1703715,1.17228,1.1723099
2017-10-10 17:00:00,1.17049,1.1712,1.1712439,1.17039,1.1704085,1.1705999,1.1706331,1.1705,1.1705608,1.17228,1.1722355,1.17425,1.174224
2017-10-10 18:00:00,1.1712,1.17039,1.1703787,1.1705999,1.170652,1.1705,1.1704348,1.17228,1.1723568,1.17425,1.1741769,1.1732,1.1731826
2017-10-10 19:00:00,1.17039,1.1705999,1.1706247,1.1705,1.1704788,1.17228,1.172146,1.17425,1.1741935,1.1732,1.1731402,1.17353,1.1735258
2017-10-10 20:00:00,1.1705999,1.1705,1.1704757,1.17228,1.1722869,1.17425,1.1742728,1.1732,1.1729989,1.17353,1.1734164,1.17559,1.1755655
2017-10-10 21:00:00,1.1705,1.17228,1.1722544,1.17425,1.1742935,1.1732,1.1731675,1.17353,1.1735748,1.17559,1.1754596,1.17488,1.1746409
2017-10-10 22:00:00,1.17228,1.17425,1.1742148,1.1732,1.1731839,1.17353,1.173406,1.17559,1.1757436,1.17488,1.174793,1.1748099,1.1747273
2017-10-10 23:00:00,1.17425,1.1732,1.173301,1.17353,1.17359,1.17559,1.1757135,1.17488,1.1748523,1.1748099,1.1747346,1.17543,1.1753209
2017-10-11 00:00:00,1.1732,1.17353,1.1735156,1.17559,1.1755506,1.17488,1.1749022,1.1748099,1.174848,1.17543,1.1753399,1.17528,1.175277
2017-10-11 01:00:00,1.17353,1.17559,1.1756022,1.17488,1.1749829,1.1748099,1.174711,1.17543,1.1752697,1.17528,1.1752121,1.17582,1.1758035
2017-10-11 02:00:00,1.17559,1.17488,1.1748753,1.1748099,1.1747973,1.17543,1.1754512,1.17528,1.1753497,1.17582,1.1758071,1.17526,1.1752328
2017-10-11 03:00:00,1.17488,1.1748099,1.1748137,1.17543,1.1754129,1.17528,1.1752381,1.17582,1.1758686,1.17526,1.1752229,1.17457,1.1745626
2017-10-11 04:00:00,1.1748099,1.17543,1.1754521,1.17528,1.1753289,1.17582,1.1758974,1.17526,1.1753075,1.17457,1.1745795,1.17494,1.1749609
2017-10-11 05:00:00,1.17543,1.17528,1.1752884,1.17582,1.1758444,1.17526,1.1752739,1.17457,1.1745923,1.17494,1.1749715,1.1749,1.1749438
2017-10-11 06:00:00,1.17528,1.17582,1.175767,1.17526,1.1752783,1.17457,1.1744838,1.17494,1.1750282,1.1749,1.1749259,1.17418,1.1742262
2017-10-11 07:00:00,1.17582,1.17526,1.1752331,1.17457,1.1745971,1.17494,1.1749414,1.1749,1.1750109,1.17418,1.1741899,1.17354,1.1736553
2017-10-11 08:00:00,1.17526,1.17457,1.1745551,1.17494,1.1749593,1.1749,1.1749036,1.17418,1.174204,1.17354,1.1734997,1.17425,1.1742513
2017-10-11 09:00:00,1.17457,1.17494,1.1749356,1.1749,1.1749458,1.17418,1.1741877,1.17354,1.1736096,1.17425,1.1742631,1.17472,1.1747504
2017-10-11 10:00:00,1.17494,1.1749,1.1749127,1.17418,1.1742623,1.17354,1.1735481,1.17425,1.1743556,1.17472,1.1746703,1.17743,1.177541
2017-10-11 11:00:00,1.1749,1.17418,1.1742669,1.17354,1.1735632,1.17425,1.1742992,1.17472,1.1748036,1.17743,1.177229,1.17721,1.1773119
2017-10-11 12:00:00,1.17418,1.17354,1.1735603,1.17425,1.1742675,1.17472,1.1745948,1.17743,1.1774783,1.17721,1.1770905,1.17675,1.1767657
2017-10-11 13:00:00,1.17354,1.17425,1.1741644,1.17472,1.1747389,1.17743,1.1773453,1.17721,1.1770835,1.17675,1.1765972,1.1767,1.1765774
2017-10-11 14:00:00,1.17425,1.17472,1.1746799,1.17743,1.1774031,1.17721,1.1773288,1.17675,1.1767269,1.1767,1.1765728,1.17669,1.1766236
2017-10-11 15:00:00,1.17472,1.17743,1.1774403,1.17721,1.1773149,1.17675,1.1768308,1.1767,1.1767951,1.17669,1.1766304,1.17701,1.1771204
2017-10-11 16:00:00,1.17743,1.17721,1.1771348,1.17675,1.1767877,1.1767,1.176678,1.17669,1.1767082,1.17701,1.1769927,1.1763,1.17628
2017-10-11 17:00:00,1.17721,1.17675,1.1767801,1.1767,1.1767216,1.17669,1.1766958,1.17701,1.1770312,1.1763,1.1762166,1.17568,1.1756148
2017-10-11 18:00:00,1.17675,1.1767,1.1767217,1.17669,1.1767309,1.17701,1.1770777,1.1763,1.1763921,1.17568,1.175683,1.17558,1.1756675
2017-10-11 19:00:00,1.1767,1.17669,1.1766863,1.17701,1.1770248,1.1763,1.1762787,1.17568,1.1757334,1.17558,1.1755718,1.17585,1.1758628
2017-10-11 20:00:00,1.17669,1.17701,1.1769841,1.1763,1.1763194,1.17568,1.1756434,1.17558,1.1756843,1.17585,1.175835,1.1774,1.1774338
2017-10-11 21:00:00,1.17701,1.1763,1.1763449,1.17568,1.1756887,1.17558,1.1755714,1.17585,1.1760471,1.1774,1.1774375,1.17791,1.1778977
2017-10-11 22:00:00,1.1763,1.17568,1.1757184,1.17558,1.1756091,1.17585,1.1758306,1.1774,1.1774821,1.17791,1.1778718,1.17711,1.177137
2017-10-11 23:00:00,1.17568,1.17558,1.175597,1.17585,1.1758595,1.1774,1.1774341,1.17791,1.1778839,1.17711,1.1770312,1.1763899,1.1763442
2017-10-12 00:00:00,1.17558,1.17585,1.1758072,1.1774,1.1772497,1.17791,1.177862,1.17711,1.1771332,1.1763899,1.1763406,1.17593,1.1758735
2017-10-12 01:00:00,1.17585,1.1774,1.1773022,1.17791,1.1778996,1.17711,1.1771057,1.1763899,1.176419,1.17593,1.1759478,1.17606,1.1760663
2017-10-12 02:00:00,1.1774,1.17791,1.1778867,1.17711,1.1771543,1.1763899,1.1764785,1.17593,1.1760087,1.17606,1.1761284,1.17627,1.1763169
2017-10-12 03:00:00,1.17791,1.17711,1.1771083,1.1763899,1.1763803,1.17593,1.1759796,1.17606,1.176152,1.17627,1.1763293,1.17632,1.17641
2017-10-12 04:00:00,1.17711,1.1763899,1.1764249,1.17593,1.1759807,1.17606,1.1761081,1.17627,1.1764253,1.17632,1.1763133,1.17638,1.176491
2017-10-12 05:00:00,1.1763899,1.17593,1.1759518,1.17606,1.1760925,1.17627,1.1763132,1.17632,1.1763769,1.17638,1.1763577,1.17623,1.1762403
2017-10-12 06:00:00,1.17593,1.17606,1.1760914,1.17627,1.1762953,1.17632,1.1763287,1.17638,1.176437,1.17623,1.1762049,1.17573,1.1757547
2017-10-12 07:00:00,1.17606,1.17627,1.1762668,1.17632,1.1763407,1.17638,1.1763755,1.17623,1.1763097,1.17573,1.1757467,1.17559,1.17563
2017-10-12 08:00:00,1.17627,1.17632,1.1763027,1.17638,1.1764008,1.17623,1.1762321,1.17573,1.1758044,1.17559,1.1756021,1.17602,1.1760685
2017-10-12 09:00:00,1.17632,1.17638,1.1763539,1.17623,1.1762588,1.17573,1.1757311,1.17559,1.175699,1.17602,1.1760604,1.17563,1.1756732
2017-10-12 10:00:00,1.17638,1.17623,1.1762053,1.17573,1.1757799,1.17559,1.1755632,1.17602,1.1760907,1.17563,1.1755394,1.17535,1.1752994
2017-10-12 11:00:00,1.17623,1.17573,1.1757802,1.17559,1.1756666,1.17602,1.1760471,1.17563,1.1756492,1.17535,1.1753188,1.17568,1.175614
2017-10-12 12:00:00,1.17573,1.17559,1.1756055,1.17602,1.1760489,1.17563,1.1756207,1.17535,1.1753492,1.17568,1.1756433,1.17571,1.1756582
2017-10-12 13:00:00,1.17559,1.17602,1.1759881,1.17563,1.1756439,1.17535,1.175357,1.17568,1.1757224,1.17571,1.1756765,1.17544,1.1754142
2017-10-12 14:00:00,1.17602,1.17563,1.1756169,1.17535,1.175391,1.17568,1.1757101,1.17571,1.1757691,1.17544,1.1753691,1.17582,1.1758047
2017-10-12 15:00:00,1.17563,1.17535,1.1753476,1.17568,1.1756816,1.17571,1.175682,1.17544,1.1754644,1.17582,1.1757615,1.17538,1.1752989
2017-10-12 16:00:00,1.17535,1.17568,1.1756864,1.17571,1.1757064,1.17544,1.1754155,1.17582,1.1758636,1.17538,1.1753395,1.17629,1.1762716
2017-10-12 17:00:00,1.17568,1.17571,1.1757209,1.17544,1.1754464,1.17582,1.1758384,1.17538,1.1754317,1.17629,1.1762955,1.17709,1.1771655
2017-10-12 18:00:00,1.17571,1.17544,1.1754067,1.17582,1.1758264,1.17538,1.1753613,1.17629,1.1763332,1.17709,1.1770711,1.17749,1.1774415
2017-10-12 19:00:00,1.17544,1.17582,1.1757987,1.17538,1.1753895,1.17629,1.176314,1.17709,1.1771514,1.17749,1.1773584,1.17629,1.1762877
2017-10-12 20:00:00,1.17582,1.17538,1.1753248,1.17629,1.1762855,1.17709,1.1771121,1.17749,1.1774747,1.17629,1.1762106,1.1746,1.1744909
2017-10-12 21:00:00,1.17538,1.17629,1.1763384,1.17709,1.1770306,1.17749,1.1774766,1.17629,1.1762427,1.1746,1.17457,1.17362,1.1736293
2017-10-12 22:00:00,1.17629,1.17709,1.1770555,1.17749,1.1774839,1.17629,1.1763083,1.1746,1.1746769,1.17362,1.1737946,1.173,1.1732877
2017-10-12 23:00:00,1.17709,1.17749,1.1774839,1.17629,1.176351,1.1746,1.1745738,1.17362,1.1736828,1.173,1.1731066,1.17217,1.1722164
2017-10-13 00:00:00,1.17749,1.17629,1.1763003,1.1746,1.1747601,1.17362,1.1738594,1.173,1.173385,1.17217,1.172431,1.17139,1.1715125
2017-10-13 01:00:00,1.17629,1.1746,1.1747501,1.17362,1.1735755,1.173,1.1729407,1.17217,1.1723268,1.17139,1.1714228,1.17049,1.170107
2017-10-13 02:00:00,1.1746,1.17362,1.1736759,1.173,1.1731145,1.17217,1.1720538,1.17139,1.1713812,1.17049,1.170631,1.1709,1.170901
2017-10-13 03:00:00,1.17362,1.173,1.173097,1.17217,1.1722294,1.17139,1.1714168,1.17049,1.1705415,1.1709,1.1709898,1.17046,1.1704129
2017-10-13 04:00:00,1.173,1.17217,1.1721554,1.17139,1.1714997,1.17049,1.170637,1.1709,1.1711442,1.17046,1.170541,1.17038,1.1705449
2017-10-13 05:00:00,1.17217,1.17139,1.1714218,1.17049,1.1705852,1.1709,1.1708525,1.17046,1.1705136,1.17038,1.1703756,1.17048,1.1704203
2017-10-13 06:00:00,1.17139,1.17049,1.1705405,1.1709,1.1709069,1.17046,1.1704592,1.17038,1.1703975,1.17048,1.170427,1.1707699,1.170733
2017-10-13 07:00:00,1.17049,1.1709,1.1709044,1.17046,1.1704632,1.17038,1.1703943,1.17048,1.1704981,1.1707699,1.1707019,1.17099,1.1709448
2017-10-13 08:00:00,1.1709,1.17046,1.1704199,1.17038,1.1703933,1.17048,1.170484,1.1707699,1.170787,1.17099,1.1709232,1.17101,1.1709313
2017-10-13 09:00:00,1.17046,1.17038,1.1703897,1.17048,1.1704844,1.1707699,1.1707653,1.17099,1.1709852,1.17101,1.170975,1.17131,1.1711833
2017-10-13 10:00:00,1.17038,1.17048,1.1704571,1.1707699,1.1707842,1.17099,1.1709313,1.17101,1.1709905,1.17131,1.1713073,1.17105,1.1709292
2017-10-13 11:00:00,1.17048,1.1707699,1.1707578,1.17099,1.1709454,1.17101,1.1710119,1.17131,1.1712946,1.17105,1.1709491,1.17089,1.1708219
2017-10-13 12:00:00,1.1707699,1.17099,1.1709546,1.17101,1.1709864,1.17131,1.1713173,1.17105,1.1710683,1.17089,1.1708393,1.17074,1.1706948
2017-10-13 13:00:00,1.17099,1.17101,1.1710069,1.17131,1.1713133,1.17105,1.1710576,1.17089,1.1709123,1.17074,1.1707366,1.16959,1.1695032
2017-10-13 14:00:00,1.17101,1.17131,1.1713172,1.17105,1.1710835,1.17089,1.1708202,1.17074,1.1708951,1.16959,1.1695799,1.17349,1.1735266
2017-10-13 15:00:00,1.17131,1.17105,1.1710871,1.17089,1.1709285,1.17074,1.1707872,1.16959,1.169618,1.17349,1.1733615,1.17384,1.1739255
2017-10-13 16:00:00,1.17105,1.17089,1.1708586,1.17074,1.1707604,1.16959,1.1694852,1.17349,1.173375,1.17384,1.1736562,1.17418,1.1743072
2017-10-13 17:00:00,1.17089,1.17074,1.1707398,1.16959,1.169672,1.17349,1.1734205,1.17384,1.1737814,1.17418,1.1740807,1.17362,1.1735771
2017-10-13 18:00:00,1.17074,1.16959,1.1695876,1.17349,1.1732829,1.17384,1.1734812,1.17418,1.1739352,1.17362,1.1732866,1.17351,1.1730307
2017-10-13 19:00:00,1.16959,1.17349,1.1735028,1.17384,1.173568,1.17418,1.174107,1.17362,1.173624,1.17351,1.1733893,1.17407,1.1738981
2017-10-13 20:00:00,1.17349,1.17384,1.173767,1.17418,1.1743226,1.17362,1.1736506,1.17351,1.1736267,1.17407,1.1741718,1.1735799,1.1736472
2017-10-15 21:00:00,1.17384,1.17418,1.1742,1.17362,1.1736022,1.17351,1.1734776,1.17407,1.1741186,1.1735799,1.1735559,1.17346,1.1734984
2017-10-15 22:00:00,1.17418,1.17362,1.1734982,1.17351,1.1734773,1.17407,1.1740583,1.1735799,1.1736127,1.17346,1.173401,1.17359,1.1735439
2017-10-15 23:00:00,1.17362,1.17351,1.173526,1.17407,1.1740013,1.1735799,1.1735481,1.17346,1.1734741,1.17359,1.173525,1.17267,1.1726011
2017-10-16 00:00:00,1.17351,1.17407,1.1740696,1.1735799,1.173606,1.17346,1.1734537,1.17359,1.1736878,1.17267,1.1726654,1.17275,1.1728004
2017-10-16 01:00:00,1.17407,1.1735799,1.1736465,1.17346,1.1735201,1.17359,1.1735673,1.17267,1.1727891,1.17275,1.1728135,1.1735001,1.1735044
2017-10-16 02:00:00,1.1735799,1.17346,1.1734443,1.17359,1.1736304,1.17267,1.1726615,1.17275,1.1727723,1.1735001,1.1734636,1.17431,1.1743476
2017-10-16 03:00:00,1.17346,1.17359,1.1735979,1.17267,1.1727418,1.17275,1.1726899,1.1735001,1.1735905,1.17431,1.1743137,1.17447,1.1745136
2017-10-16 04:00:00,1.17359,1.17267,1.1726809,1.17275,1.1727648,1.1735001,1.1734617,1.17431,1.1743639,1.17447,1.1744132,1.1746,1.1745511
2017-10-16 05:00:00,1.17267,1.17275,1.1727341,1.1735001,1.173506,1.17431,1.1741413,1.17447,1.1743948,1.1746,1.1745031,1.17379,1.1736665
2017-10-16 06:00:00,1.17275,1.1735001,1.1734699,1.17431,1.1743109,1.17447,1.1743346,1.1746,1.174556,1.17379,1.1736711,1.17305,1.1729447
2017-10-16 07:00:00,1.1735001,1.17431,1.1742585,1.17447,1.1744727,1.1746,1.1745617,1.17379,1.1738069,1.17305,1.172978,1.17377,1.1737018
2017-10-16 08:00:00,1.17431,1.17447,1.1744778,1.1746,1.1746255,1.17379,1.1737714,1.17305,1.1730199,1.17377,1.173718,1.17422,1.174176
2017-10-16 09:00:00,1.17447,1.1746,1.1745967,1.17379,1.1738348,1.17305,1.172956,1.17377,1.1738303,1.17422,1.1741883,1.17489,1.1749065
2017-10-16 10:00:00,1.1746,1.17379,1.1738,1.17305,1.1730027,1.17377,1.1737661,1.17422,1.1743084,1.17489,1.1748477,1.17504,1.1750326
2017-10-16 11:00:00,1.17379,1.17305,1.173093,1.17377,1.1737739,1.17422,1.1741878,1.17489,1.1749842,1.17504,1.1749952,1.17488,1.174907
2017-10-16 12:00:00,1.17305,1.17377,1.1737345,1.17422,1.174156,1.17489,1.1747996,1.17504,1.1751647,1.17488,1.174869,1.17503,1.1750493
2017-10-16 13:00:00,1.17377,1.17422,1.1742305,1.17489,1.174919,1.17504,1.1750327,1.17488,1.1749736,1.17503,1.1750604,1.17379,1.1737915
2017-10-16 14:00:00,1.17422,1.17489,1.1749308,1.17504,1.1750963,1.17488,1.1747913,1.17503,1.1750542,1.17379,1.1737356,1.17403,1.1740584
2017-10-16 15:00:00,1.17489,1.17504,1.1750376,1.17488,1.174918,1.17503,1.1750846,1.17379,1.1738677,1.17403,1.1740384,1.17407,1.1740502
2017-10-16 16:00:00,1.17504,1.17488,1.1748846,1.17503,1.1750605,1.17379,1.1738216,1.17403,1.1741272,1.17407,1.1740932,1.17401,1.1740601
2017-10-16 17:00:00,1.17488,1.17503,1.1750746,1.17379,1.1738803,1.17403,1.1741363,1.17407,1.1742213,1.17401,1.1740614,1.17479,1.1748356
2017-10-16 18:00:00,1.17503,1.17379,1.1737843,1.17403,1.1740865,1.17407,1.1740859,1.17401,1.1741196,1.17479,1.1747792,1.17764,1.1777542
2017-10-16 19:00:00,1.17379,1.17403,1.1740351,1.17407,1.1740685,1.17401,1.1739572,1.17479,1.1748424,1.17764,1.177474,1.17711,1.1770638
2017-10-16 20:00:00,1.17403,1.17407,1.1740692,1.17401,1.1739988,1.17479,1.1746792,1.17764,1.1778139,1.17711,1.1769171,1.17664,1.1768199
2017-10-16 21:00:00,1.17407,1.17401,1.1740329,1.17479,1.174756,1.17764,1.1774724,1.17711,1.1771858,1.17664,1.176607,1.17695,1.1768897
2017-10-16 22:00:00,1.17401,1.17479,1.1747721,1.17764,1.1775874,1.17711,1.1769335,1.17664,1.1767448,1.17695,1.1768631,1.17706,1.1769416
2017-10-16 23:00:00,1.17479,1.17764,1.1777762,1.17711,1.1770151,1.17664,1.1765593,1.17695,1.1769981,1.17706,1.1770346,1.17771,1.1776185
2017-10-17 00:00:00,1.17764,1.17711,1.1770794,1.17664,1.1766708,1.17695,1.1769503,1.17706,1.1771377,1.17771,1.1777465,1.17647,1.1764518
2017-10-17 01:00:00,1.17711,1.17664,1.176668,1.17695,1.1769421,1.17706,1.177012,1.17771,1.1777278,1.17647,1.1763791,1.17778,1.1777923
2017-10-17 02:00:00,1.17664,1.17695,1.1769387,1.17706,1.177082,1.17771,1.1777668,1.17647,1.1764997,1.17778,1.1777368,1.18011,1.1799918
2017-10-17 03:00:00,1.17695,1.17706,1.1770581,1.17771,1.1777116,1.17647,1.1763585,1.17778,1.1778735,1.18011,1.1801285,1.17811,1.1780686
2017-10-17 04:00:00,1.17706,1.17771,1.1777382,1.17647,1.176467,1.17778,1.1776118,1.18011,1.1801206,1.17811,1.1780083,1.17957,1.179609
2017-10-17 05:00:00,1.17771,1.17647,1.1764349,1.17778,1.1778219,1.18011,1.1802298,1.17811,1.1780925,1.17957,1.1796123,1.17868,1.178524
2017-10-17 06:00:00,1.17647,1.17778,1.1776226,1.18011,1.1802342,1.17811,1.1779703,1.17957,1.1796019,1.17868,1.1785811,1.18025,1.1804476
2017-10-17 07:00:00,1.17778,1.18011,1.1799442,1.17811,1.1781557,1.17957,1.179657,1.17868,1.1787202,1.18025,1.1801614,1.18168,1.1816692
2017-10-17 08:00:00,1.18011,1.17811,1.1782092,1.17957,1.179602,1.17868,1.178625,1.18025,1.1803429,1.18168,1.1816378,1.18031,1.1802897
2017-10-17 09:00:00,1.17811,1.17957,1.1795216,1.17868,1.1786809,1.18025,1.1803333,1.18168,1.1816368,1.18031,1.1802853,1.18022,1.1803056
2017-10-17 10:00:00,1.17957,1.17868,1.178577,1.18025,1.180277,1.18168,1.1817032,1.18031,1.1803573,1.18022,1.1801623,1.1803,1.1802323
2017-10-17 11:00:00,1.17868,1.18025,1.180143,1.18168,1.1817031,1.18031,1.1800367,1.18022,1.1801965,1.1803,1.180216,1.18029,1.1803066
2017-10-17 12:00:00,1.18025,1.18168,1.1816794,1.18031,1.1803461,1.18022,1.1801614,1.1803,1.1803625,1.18029,1.1802956,1.1815,1.1815484
2017-10-17 13:00:00,1.18168,1.18031,1.1803387,1.18022,1.1803243,1.1803,1.1803346,1.18029,1.1803782,1.1815,1.1815504,1.1806,1.1806626
2017-10-17 14:00:00,1.18031,1.18022,1.1802213,1.1803,1.1803194,1.18029,1.1802374,1.1815,1.1816728,1.1806,1.1805568,1.18072,1.1808164
2017-10-17 15:00:00,1.18022,1.1803,1.1803015,1.18029,1.1803381,1.1815,1.18151,1.1806,1.1806346,1.18072,1.1807098,1.181,1.1809933
2017-10-17 16:00:00,1.1803,1.18029,1.180269,1.1815,1.1815112,1.1806,1.1805654,1.18072,1.1808066,1.181,1.1809518,1.18125,1.1812967
2017-10-17 17:00:00,1.18029,1.1815,1.1814733,1.1806,1.1806271,1.18072,1.1806918,1.181,1.1810886,1.18125,1.1811638,1.18189,1.1819712
2017-10-17 18:00:00,1.1815,1.1806,1.1806917,1.18072,1.1807915,1.181,1.1809796,1.18125,1.1813338,1.18189,1.1818651,1.18108,1.1810226
2017-10-17 19:00:00,1.1806,1.18072,1.1807208,1.181,1.1809808,1.18125,1.1812209,1.18189,1.1819515,1.18108,1.1810145,1.18021,1.180188
2017-10-17 20:00:00,1.18072,1.181,1.180959,1.18125,1.1812598,1.18189,1.1818124,1.18108,1.1810731,1.18021,1.1801804,1.1807001,1.1806855
2017-10-17 21:00:00,1.181,1.18125,1.1811997,1.18189,1.1819222,1.18108,1.1810639,1.18021,1.1802404,1.1807001,1.1806608,1.18128,1.1812754
2017-10-17 22:00:00,1.18125,1.18189,1.1818603,1.18108,1.1810663,1.18021,1.1802024,1.1807001,1.1808063,1.18128,1.181277,1.1815801,1.1816589
2017-10-17 23:00:00,1.18189,1.18108,1.1810774,1.18021,1.1802129,1.1807001,1.1808077,1.18128,1.1814005,1.1815801,1.1815522,1.18215,1.1821897
2017-10-18 00:00:00,1.18108,1.18021,1.1802111,1.1807001,1.1807222,1.18128,1.1813107,1.1815801,1.1816566,1.18215,1.1821569,1.18261,1.1826006
2017-10-18 01:00:00,1.18021,1.1807001,1.1807132,1.18128,1.1812499,1.1815801,1.1814921,1.18215,1.1821232,1.18261,1.1825228,1.18264,1.1826634
2017-10-18 02:00:00,1.1807001,1.18128,1.1811558,1.1815801,1.1815758,1.18215,1.1821275,1.18261,1.1826153,1.18264,1.1825597,1.18059,1.1805053
2017-10-18 03:00:00,1.18128,1.1815801,1.1815655,1.18215,1.1820711,1.18261,1.1825104,1.18264,1.182648,1.18059,1.1805807,1.18224,1.182252
2017-10-18 04:00:00,1.1815801,1.18215,1.1821395,1.18261,1.1826333,1.18264,1.182643,1.18059,1.1805044,1.18224,1.1822422,1.18284,1.1828233
2017-10-18 05:00:00,1.18215,1.18261,1.1825544,1.18264,1.1826557,1.18059,1.180584,1.18224,1.1823674,1.18284,1.1828393,1.18436,1.1845036
2017-10-18 06:00:00,1.18261,1.18264,1.1826378,1.18059,1.1806402,1.18224,1.1822603,1.18284,1.1829348,1.18436,1.1842566,1.18545,1.1853988
2017-10-18 07:00:00,1.18264,1.18059,1.1805499,1.18224,1.1822565,1.18284,1.1827877,1.18436,1.184376,1.18545,1.1852131,1.18436,1.1842356
2017-10-18 08:00:00,1.18059,1.18224,1.1822386,1.18284,1.182777,1.18436,1.1844486,1.18545,1.1855704,1.18436,1.1841882,1.1846399,1.1847026
2017-10-18 09:00:00,1.18224,1.18284,1.1827118,1.18436,1.1842247,1.18545,1.1851768,1.18436,1.184366,1.1846399,1.1845819,1.18451,1.1844174
2017-10-18 10:00:00,1.18284,1.18436,1.1843532,1.18545,1.1853758,1.18436,1.18417,1.1846399,1.1846635,1.18451,1.1844921,1.18415,1.1841673
2017-10-18 11:00:00,1.18436,1.18545,1.1853966,1.18436,1.1843563,1.1846399,1.1845784,1.18451,1.1845884,1.18415,1.184115,1.1853,1.1853058
2017-10-18 12:00:00,1.18545,1.18436,1.1843891,1.1846399,1.1846876,1.18451,1.1845298,1.18415,1.184237,1.1853,1.1852314,1.1866,1.1866484
2017-10-18 13:00:00,1.18436,1.1846399,1.1846559,1.18451,1.1845244,1.18415,1.1841261,1.1853,1.1853435,1.1866,1.1865833,1.18564,1.1856377
2017-10-18 14:00:00,1.1846399,1.18451,1.1844811,1.18415,1.1841584,1.1853,1.185267,1.1866,1.1866363,1.18564,1.1855867,1.18596,1.1860418
2017-10-18 15:00:00,1.18451,1.18415,1.1841586,1.1853,1.1853006,1.1866,1.1865218,1.18564,1.1856424,1.18596,1.1858193,1.18622,1.1860728
2017-10-18 16:00:00,1.18415,1.1853,1.1852472,1.1866,1.1865802,1.18564,1.1854941,1.18596,1.1860218,1.18622,1.1861585,1.18637,1.1863611
2017-10-18 17:00:00,1.1853,1.1866,1.1865034,1.18564,1.1856683,1.18596,1.1858754,1.18622,1.1862543,1.18637,1.1863842,1.1863201,1.1863136
2017-10-18 18:00:00,1.1866,1.18564,1.1857386,1.18596,1.1859872,1.18622,1.1861949,1.18637,1.1864578,1.1863201,1.1862776,1.18692,1.1869555
2017-10-18 19:00:00,1.18564,1.18596,1.1859533,1.18622,1.1862597,1.18637,1.1863477,1.1863201,1.1863785,1.18692,1.1868447,1.18735,1.187337
2017-10-18 20:00:00,1.18596,1.18622,1.1861697,1.18637,1.1863778,1.1863201,1.1862566,1.18692,1.1869843,1.18735,1.1872169,1.1874499,1.1874449
2017-10-18 21:00:00,1.18622,1.18637,1.1863511,1.1863201,1.1863099,1.18692,1.1868932,1.18735,1.1873624,1.1874499,1.1874266,1.18755,1.1874578
2017-10-18 22:00:00,1.18637,1.1863201,1.1863244,1.18692,1.1869607,1.18735,1.1872488,1.1874499,1.1874795,1.18755,1.187505,1.1877,1.187653
2017-10-18 23:00:00,1.1863201,1.18692,1.1868886,1.18735,1.1874386,1.1874499,1.1873963,1.18755,1.1875923,1.1877,1.1877005,1.18663,1.1866084
2017-10-19 00:00:00,1.18692,1.18735,1.187311,1.1874499,1.1874577,1.18755,1.187447,1.1877,1.1877618,1.18663,1.1865654,1.18665,1.1866349
2017-10-19 01:00:00,1.18735,1.1874499,1.1874064,1.18755,1.1875738,1.1877,1.1876932,1.18663,1.1867037,1.18665,1.1866364,1.18618,1.1861496
2017-10-19 02:00:00,1.1874499,1.18755,1.187553,1.1877,1.1877259,1.18663,1.1865805,1.18665,1.1867496,1.18618,1.1862375,1.1852,1.1852593
2017-10-19 03:00:00,1.18755,1.1877,1.1876997,1.18663,1.1866945,1.18665,1.1867027,1.18618,1.186255,1.1852,1.1851603,1.18529,1.185285
2017-10-19 04:00:00,1.1877,1.18663,1.1866201,1.18665,1.186738,1.18618,1.1862088,1.1852,1.1853904,1.18529,1.1853281,1.1854,1.1854284
2017-10-19 05:00:00,1.18663,1.18665,1.1866635,1.18618,1.186195,1.1852,1.1852567,1.18529,1.1854355,1.1854,1.1854641,1.1847,1.1847619
2017-10-19 06:00:00,1.18665,1.18618,1.1862183,1.1852,1.1852696,1.18529,1.1853408,1.1854,1.1855102,1.1847,1.18471,1.18325,1.1831356
2017-10-19 07:00:00,1.18618,1.1852,1.1852735,1.18529,1.1853933,1.1854,1.1854364,1.1847,1.1847925,1.18325,1.1832526,1.18462,1.1847854
2017-10-19 08:00:00,1.1852,1.18529,1.1852638,1.1854,1.185437,1.1847,1.1846951,1.18325,1.183202,1.18462,1.1846147,1.18397,1.1838915
2017-10-19 09:00:00,1.18529,1.1854,1.1853653,1.1847,1.1847444,1.18325,1.18341,1.18462,1.1847389,1.18397,1.1839881,1.18343,1.1835139
2017-10-19 10:00:00,1.1854,1.1847,1.1847076,1.18325,1.1832662,1.18462,1.1846886,1.18397,1.1840742,1.18343,1.1835909,1.1846,1.184638
2017-10-19 11:00:00,1.1847,1.18325,1.183241,1.18462,1.184672,1.18397,1.1840001,1.18343,1.1835115,1.1846,1.18455,1.18348,1.1834414
2017-10-19 12:00:00,1.18325,1.18462,1.1846151,1.18397,1.1839653,1.18343,1.183423,1.1846,1.1845952,1.18348,1.1834438,1.18346,1.1835091
2017-10-19 13:00:00,1.18462,1.18397,1.1839211,1.18343,1.1835277,1.1846,1.1846551,1.18348,1.1835439,1.18346,1.1834745,1.18276,1.1828122
2017-10-19 14:00:00,1.18397,1.18343,1.1834707,1.1846,1.1846207,1.18348,1.1834847,1.18346,1.1835053,1.18276,1.1827277,1.18299,1.183049
2017-10-19 15:00:00,1.18343,1.1846,1.1844821,1.18348,1.1834795,1.18346,1.1834981,1.18276,1.182822,1.18299,1.1830204,1.18342,1.1834753
2017-10-19 16:00:00,1.1846,1.18348,1.1835017,1.18346,1.1834484,1.18276,1.1828151,1.18299,1.1830655,1.18342,1.1833847,1.18305,1.1830535
2017-10-19 17:00:00,1.18348,1.18346,1.183491,1.18276,1.1828058,1.18299,1.1830236,1.18342,1.1835217,1.18305,1.1830298,1.18436,1.1844262
2017-10-19 18:00:00,1.18346,1.18276,1.1827163,1.18299,1.1830478,1.18342,1.1834615,1.18305,1.1831119,1.18436,1.1842958,1.18435,1.1843107
2017-10-19 19:00:00,1.18276,1.18299,1.1829937,1.18342,1.1833878,1.18305,1.1829983,1.18436,1.1844307,1.18435,1.1841546,1.1848099,1.1848171
2017-10-19 20:00:00,1.18299,1.18342,1.1833745,1.18305,1.1830627,1.18436,1.1842917,1.18435,1.1843468,1.1848099,1.1846561,1.18469,1.1845827
2017-10-19 21:00:00,1.18342,1.18305,1.1830326,1.18436,1.1843737,1.18435,1.1842993,1.1848099,1.1847826,1.18469,1.1846285,1.18452,1.1844299
2017-10-19 22:00:00,1.18305,1.18436,1.184347,1.18435,1.184257,1.1848099,1.1847681,1.18469,1.1847306,1.18452,1.184406,1.1846,1.1844499
2017-10-19 23:00:00,1.18436,1.18435,1.184308,1.1848099,1.1848338,1.18469,1.1846561,1.18452,1.1845448,1.1846,1.1845858,1.18381,1.1837671
2017-10-20 00:00:00,1.18435,1.1848099,1.184796,1.18469,1.1846713,1.18452,1.1844682,1.1846,1.184617,1.18381,1.1838285,1.18286,1.1828272
2017-10-20 01:00:00,1.1848099,1.18469,1.1846609,1.18452,1.1845406,1.1846,1.1845934,1.18381,1.1838065,1.18286,1.1829019,1.18307,1.1831341
2017-10-20 02:00:00,1.18469,1.18452,1.1845081,1.1846,1.1846294,1.18381,1.1838154,1.18286,1.1829795,1.18307,1.1831063,1.18293,1.1830374
2017-10-20 03:00:00,1.18452,1.1846,1.1845862,1.18381,1.183814,1.18286,1.1828951,1.18307,1.1830987,1.18293,1.1829927,1.18259,1.1826787
2017-10-20 04:00:00,1.1846,1.18381,1.1838332,1.18286,1.1828718,1.18307,1.1831787,1.18293,1.1830313,1.18259,1.1825482,1.18065,1.1807337
2017-10-20 05:00:00,1.18381,1.18286,1.1828928,1.18307,1.1831534,1.18293,1.1828897,1.18259,1.1827079,1.18065,1.18062,1.18561,1.1857064
2017-10-20 06:00:00,1.18286,1.18307,1.1830645,1.18293,1.1829748,1.18259,1.1826268,1.18065,1.1807103,1.18561,1.185654,1.1866,1.1867172
2017-10-20 07:00:00,1.18307,1.18293,1.1829029,1.18259,1.182614,1.18065,1.1805134,1.18561,1.1857128,1.1866,1.1866724,1.18351,1.1835912
2017-10-20 08:00:00,1.18293,1.18259,1.18262,1.18065,1.1805633,1.18561,1.1855752,1.1866,1.1866403,1.18351,1.1833873,1.18363,1.1835809
2017-10-20 09:00:00,1.18259,1.18065,1.1805046,1.18561,1.185527,1.1866,1.1865133,1.18351,1.1833519,1.18363,1.1834447,1.18267,1.182405
2017-10-20 10:00:00,1.18065,1.18561,1.1855794,1.1866,1.1867619,1.18351,1.1831939,1.18363,1.1833745,1.18267,1.1825321,1.18242,1.1824118
2017-10-20 11:00:00,1.18561,1.1866,1.1864876,1.18351,1.183533,1.18363,1.1836606,1.18267,1.1826185,1.18242,1.1825352,1.18174,1.1817698
2017-10-20 12:00:00,1.1866,1.18351,1.1835473,1.18363,1.1835471,1.18267,1.1829915,1.18242,1.1825315,1.18174,1.1816027,1.18184,1.1820929
2017-10-20 13:00:00,1.18351,1.18363,1.183638,1.18267,1.1826818,1.18242,1.1825593,1.18174,1.1819274,1.18184,1.181829,1.18137,1.1814014
2017-10-20 14:00:00,1.18363,1.18267,1.1826036,1.18242,1.1823268,1.18174,1.1817299,1.18184,1.1818455,1.18137,1.1813838,1.18097,1.1810759
2017-10-20 15:00:00,1.18267,1.18242,1.1824532,1.18174,1.1817728,1.18184,1.1818417,1.18137,1.1814673,1.18097,1.1810025,1.18061,1.1805661
2017-10-20 16:00:00,1.18242,1.18174,1.1817701,1.18184,1.1819417,1.18137,1.1813284,1.18097,1.1810915,1.18061,1.1806281,1.1814001,1.1814317
2017-10-20 17:00:00,1.18174,1.18184,1.1818312,1.18137,1.1814063,1.18097,1.1809931,1.18061,1.1807455,1.1814001,1.1814376,1.18117,1.1811764
2017-10-20 18:00:00,1.18184,1.18137,1.1813285,1.18097,1.1810443,1.18061,1.1806043,1.1814001,1.1815424,1.18117,1.1812015,1.18024,1.1803377
2017-10-20 19:00:00,1.18137,1.18097,1.1810293,1.18061,1.1806439,1.1814001,1.181438,1.18117,1.1812098,1.18024,1.1801857,1.18068,1.180619
2017-10-20 20:00:00,1.18097,1.18061,1.180573,1.1814001,1.1813843,1.18117,1.1811575,1.18024,1.1802108,1.18068,1.180588,1.18053,1.1803874
2017-10-22 21:00:00,1.18061,1.1814001,1.1814126,1.18117,1.181178,1.18024,1.1801816,1.18068,1.1807011,1.18053,1.1805097,1.18082,1.1808244
2017-10-22 22:00:00,1.1814001,1.18117,1.181176,1.18024,1.1803348,1.18068,1.1807579,1.18053,1.1806086,1.18082,1.1808726,1.17957,1.1797374
2017-10-22 23:00:00,1.18117,1.18024,1.1801867,1.18068,1.1807036,1.18053,1.1805636,1.18082,1.1808635,1.17957,1.1794655,1.17837,1.1784093
2017-10-23 00:00:00,1.18024,1.18068,1.1806613,1.18053,1.1805345,1.18082,1.180805,1.17957,1.1796466,1.17837,1.1783864,1.17923,1.1792916
2017-10-23 01:00:00,1.18068,1.18053,1.180521,1.18082,1.1808699,1.17957,1.1795983,1.17837,1.1785169,1.17923,1.179261,1.17894,1.1788976
2017-10-23 02:00:00,1.18053,1.18082,1.1808434,1.17957,1.1796155,1.17837,1.1784469,1.17923,1.1793629,1.17894,1.1789161,1.17891,1.1790036
2017-10-23 03:00:00,1.18082,1.17957,1.1796572,1.17837,1.1785823,1.17923,1.179313,1.17894,1.1791503,1.17891,1.1789899,1.18012,1.1801844
2017-10-23 04:00:00,1.17957,1.17837,1.178481,1.17923,1.1792934,1.17894,1.1789732,1.17891,1.1789825,1.18012,1.1801332,1.18055,1.1804942
2017-10-23 05:00:00,1.17837,1.17923,1.1792494,1.17894,1.1789224,1.17891,1.1788838,1.18012,1.180234,1.18055,1.1805234,1.18064,1.1805451
2017-10-23 06:00:00,1.17923,1.17894,1.1789334,1.17891,1.1789192,1.18012,1.1801034,1.18055,1.1806092,1.18064,1.180538,1.18017,1.1800729
2017-10-23 07:00:00,1.17894,1.17891,1.1789204,1.18012,1.1800841,1.18055,1.1804786,1.18064,1.180618,1.18017,1.180178,1.17961,1.179535
2017-10-23 08:00:00,1.17891,1.18012,1.180143,1.18055,1.1805862,1.18064,1.1805761,1.18017,1.1801908,1.17961,1.1795045,1.18087,1.1808428
2017-10-23 09:00:00,1.18012,1.18055,1.1804696,1.18064,1.1806073,1.18017,1.1801881,1.17961,1.1796684,1.18087,1.180897,1.181,1.1810349
2017-10-23 10:00:00,1.18055,1.18064,1.1805928,1.18017,1.1801305,1.17961,1.1795619,1.18087,1.1809394,1.181,1.1810076,1.18049,1.1805298
2017-10-23 11:00:00,1.18064,1.18017,1.1801865,1.17961,1.1797079,1.18087,1.1809013,1.181,1.1810521,1.18049,1.1805011,1.17914,1.1791284
2017-10-23 12:00:00,1.18017,1.17961,1.1796601,1.18087,1.1808661,1.181,1.1809672,1.18049,1.1805526,1.17914,1.1791017,1.17919,1.1791832
2017-10-23 13:00:00,1.17961,1.18087,1.1808352,1.181,1.1811112,1.18049,1.1805294,1.17914,1.1792058,1.17919,1.1792004,1.17942,1.1794379
2017-10-23 14:00:00,1.18087,1.181,1.1809987,1.18049,1.1805605,1.17914,1.1791753,1.17919,1.1793488,1.17942,1.1795077,1.17957,1.1795565
2017-10-23 15:00:00,1.181,1.18049,1.1804769,1.17914,1.1792377,1.17919,1.1792352,1.17942,1.1795309,1.17957,1.1795404,1.17915,1.1790988
2017-10-23 16:00:00,1.18049,1.17914,1.1791079,1.17919,1.179249,1.17942,1.1794195,1.17957,1.1795996,1.17915,1.179014,1.1793799,1.1793661
2017-10-23 17:00:00,1.17914,1.17919,1.1792064,1.17942,1.1794327,1.17957,1.1796055,1.17915,1.1791776,1.1793799,1.1793234,1.17854,1.1784745
2017-10-23 18:00:00,1.17919,1.17942,1.1793736,1.17957,1.1795514,1.17915,1.1790648,1.1793799,1.1793962,1.17854,1.1784909,1.17759,1.1774954
2017-10-23 19:00:00,1.17942,1.17957,1.1795737,1.17915,1.1791431,1.1793799,1.1793365,1.17854,1.1785424,1.17759,1.1775677,1.17822,1.1782361
2017-10-23 20:00:00,1.17957,1.17915,1.1791035,1.1793799,1.1794035,1.17854,1.1785638,1.17759,1.1776383,1.17822,1.1782286,1.17788,1.1778665
2017-10-23 21:00:00,1.17915,1.1793799,1.1793896,1.17854,1.1785777,1.17759,1.1775942,1.17822,1.1782734,1.17788,1.1778543,1.17771,1.1777699
2017-10-23 22:00:00,1.1793799,1.17854,1.1785469,1.17759,1.1775994,1.17822,1.178286,1.17788,1.1779495,1.17771,1.1777201,1.17687,1.1767902
2017-10-23 23:00:00,1.17854,1.17759,1.1776309,1.17822,1.1782457,1.17788,1.1778482,1.17771,1.1777452,1.17687,1.1767855,1.1757,1.1755521
2017-10-24 00:00:00,1.17759,1.17822,1.1782187,1.17788,1.1778704,1.17771,1.1776998,1.17687,1.1769332,1.1757,1.1756866,1.17717,1.1771698
2017-10-24 01:00:00,1.17822,1.17788,1.1778721,1.17771,1.1777425,1.17687,1.1769425,1.1757,1.1758871,1.17717,1.1772512,1.17637,1.1764714
2017-10-24 02:00:00,1.17788,1.17771,1.1777503,1.17687,1.1769065,1.1757,1.1757092,1.17717,1.1772896,1.17637,1.1763028,1.17582,1.1758776
2017-10-24 03:00:00,1.17771,1.17687,1.1769154,1.1757,1.1758327,1.17717,1.1772349,1.17637,1.1764002,1.17582,1.1758085,1.17596,1.1757534
2017-10-24 04:00:00,1.17687,1.1757,1.1757764,1.17717,1.1771619,1.17637,1.1763586,1.17582,1.1758513,1.17596,1.1758384,1.17625,1.1761702
2017-10-24 05:00:00,1.1757,1.17717,1.1771376,1.17637,1.1763446,1.17582,1.1758122,1.17596,1.1760132,1.17625,1.1762434,1.17509,1.1750942
2017-10-24 06:00:00,1.17717,1.17637,1.1763294,1.17582,1.1758415,1.17596,1.1759368,1.17625,1.1763134,1.17509,1.1752476,1.17455,1.1745484
2017-10-24 07:00:00,1.17637,1.17582,1.1758215,1.17596,1.1759589,1.17625,1.1762847,1.17509,1.1750714,1.17455,1.1745765,1.17504,1.1750022
2017-10-24 08:00:00,1.17582,1.17596,1.1759244,1.17625,1.1762593,1.17509,1.1750493,1.17455,1.1746292,1.17504,1.1750107,1.17529,1.1752825
2017-10-24 09:00:00,1.17596,1.17625,1.1762682,1.17509,1.175147,1.17455,1.1746258,1.17504,1.1750796,1.17529,1.1753198,1.17456,1.1745064
2017-10-24 10:00:00,1.17625,1.17509,1.175135,1.17455,1.1746454,1.17504,1.1750276,1.17529,1.175359,1.17456,1.174498,1.17635,1.1763663
2017-10-24 11:00:00,1.17509,1.17455,1.1746014,1.17504,1.1750678,1.17529,1.1753087,1.17456,1.1746047,1.17635,1.1763481,1.17706,1.1770865
2017-10-24 12:00:00,1.17455,1.17504,1.1749929,1.17529,1.1752818,1.17456,1.1745,1.17635,1.1764731,1.17706,1.1769857,1.17679,1.1766713
2017-10-24 13:00:00,1.17504,1.17529,1.1752797,1.17456,1.1745458,1.17635,1.1762993,1.17706,1.1772261,1.17679,1.1766995,1.17631,1.1762305
2017-10-24 14:00:00,1.17529,1.17456,1.1745846,1.17635,1.1763718,1.17706,1.1770437,1.17679,1.176678,1.17631,1.1761947,1.17652,1.1763982
2017-10-24 15:00:00,1.17456,1.17635,1.1763397,1.17706,1.1768996,1.17679,1.1768768,1.17631,1.176423,1.17652,1.1763433,1.17679,1.1768147
2017-10-24 16:00:00,1.17635,1.17706,1.1770178,1.17679,1.176794,1.17631,1.1762397,1.17652,1.1765404,1.17679,1.1767704,1.17708,1.1770431
2017-10-24 17:00:00,1.17706,1.17679,1.1768056,1.17631,1.1763442,1.17652,1.1765107,1.17679,1.1768179,1.17708,1.1770549,1.17718,1.177172
2017-10-24 18:00:00,1.17679,1.17631,1.1763146,1.17652,1.1765165,1.17679,1.1767747,1.17708,1.1770899,1.17718,1.1771288,1.17687,1.1768502
2017-10-24 19:00:00,1.17631,1.17652,1.1765294,1.17679,1.1768041,1.17708,1.1770259,1.17718,1.1772108,1.17687,1.1767851,1.17714,1.1771039
2017-10-24 20:00:00,1.17652,1.17679,1.1767875,1.17708,1.1770729,1.17718,1.1771572,1.17687,1.1769259,1.17714,1.1771163,1.1769,1.1768924
2017-10-24 21:00:00,1.17679,1.17708,1.1770816,1.17718,1.1772026,1.17687,1.1768389,1.17714,1.1772366,1.1769,1.1768726,1.17634,1.17637
2017-10-24 22:00:00,1.17708,1.17718,1.1771988,1.17687,1.1769185,1.17714,1.1771309,1.1769,1.1769778,1.17634,1.176356,1.17645,1.1764604
2017-10-24 23:00:00,1.17718,1.17687,1.1768423,1.17714,1.177173,1.1769,1.1768938,1.17634,1.1763736,1.17645,1.1764507,1.17531,1.1752621
2017-10-25 00:00:00,1.17687,1.17714,1.1771479,1.1769,1.1769228,1.17634,1.1763155,1.17645,1.1765202,1.17531,1.175259,1.17605,1.1761019
2017-10-25 01:00:00,1.17714,1.1769,1.1769049,1.17634,1.1763623,1.17645,1.1764976,1.17531,1.1754189,1.17605,1.1760685,1.1745,1.1743307
2017-10-25 02:00:00,1.1769,1.17634,1.176324,1.17645,1.1764896,1.17531,1.175244,1.17605,1.1761404,1.1745,1.1745783,1.17415,1.1741972
2017-10-25 03:00:00,1.17634,1.17645,1.1765002,1.17531,1.1753654,1.17605,1.176107,1.1745,1.1745219,1.17415,1.1739836,1.17518,1.1751202
2017-10-25 04:00:00,1.17645,1.17531,1.1752548,1.17605,1.1760869,1.1745,1.1746602,1.17415,1.1741927,1.17518,1.1751142,1.17443,1.174516
2017-10-25 05:00:00,1.17531,1.17605,1.176063,1.1745,1.1744874,1.17415,1.1741602,1.17518,1.1752877,1.17443,1.1743479,1.17642,1.1765531
2017-10-25 06:00:00,1.17605,1.1745,1.174564,1.17415,1.174259,1.17518,1.175225,1.17443,1.1745453,1.17642,1.1764178,1.17644,1.1763763
2017-10-25 07:00:00,1.1745,1.17415,1.1741939,1.17518,1.1751444,1.17443,1.1743395,1.17642,1.1764643,1.17644,1.1762437,1.17767,1.177698
2017-10-25 08:00:00,1.17415,1.17518,1.1751775,1.17443,1.1744571,1.17642,1.1762701,1.17644,1.1763815,1.17767,1.177608,1.1772699,1.1771204
2017-10-25 09:00:00,1.17518,1.17443,1.1744293,1.17642,1.1763858,1.17644,1.1762952,1.17767,1.1776818,1.1772699,1.1770529,1.17866,1.1784506
2017-10-25 10:00:00,1.17443,1.17642,1.1762863,1.17644,1.1763747,1.17767,1.1777116,1.1772699,1.1771575,1.17866,1.1785944,1.17849,1.1784364
2017-10-25 11:00:00,1.17642,1.17644,1.1763525,1.17767,1.1775908,1.1772699,1.1771333,1.17866,1.178497,1.17849,1.1782609,1.18023,1.1800274
2017-10-25 12:00:00,1.17644,1.17767,1.1776491,1.1772699,1.177232,1.17866,1.178677,1.17849,1.1783634,1.18023,1.1799977,1.17936,1.1791015
2017-10-25 13:00:00,1.17767,1.1772699,1.1772134,1.17866,1.1786132,1.17849,1.1783483,1.18023,1.1803222,1.17936,1.1793107,1.17839,1.1783425
2017-10-25 14:00:00,1.1772699,1.17866,1.1785818,1.17849,1.1784135,1.18023,1.1803966,1.17936,1.1793485,1.17839,1.1782875,1.17905,1.1789334
2017-10-25 15:00:00,1.17866,1.17849,1.1783822,1.18023,1.1802241,1.17936,1.1793213,1.17839,1.1784279,1.17905,1.1789715,1.17943,1.1793782
2017-10-25 16:00:00,1.17849,1.18023,1.180188,1.17936,1.1793314,1.17839,1.1783377,1.17905,1.179095,1.17943,1.1793882,1.17941,1.179412
2017-10-25 17:00:00,1.18023,1.17936,1.1793501,1.17839,1.1785498,1.17905,1.1790572,1.17943,1.1795607,1.17941,1.1794162,1.18104,1.1811117
2017-10-25 18:00:00,1.17936,1.17839,1.1784363,1.17905,1.179068,1.17943,1.179429,1.17941,1.1794401,1.18104,1.1809803,1.18043,1.1803552
2017-10-25 19:00:00,1.17839,1.17905,1.1789525,1.17943,1.1794555,1.17941,1.1792803,1.18104,1.1812226,1.18043,1.1802454,1.1798,1.1798018
2017-10-25 20:00:00,1.17905,1.17943,1.1794193,1.17941,1.1794066,1.18104,1.1810575,1.18043,1.1803753,1.1798,1.1797885,1.17992,1.1798894
2017-10-25 21:00:00,1.17943,1.17941,1.1793845,1.18104,1.1810288,1.18043,1.1803801,1.1798,1.179816,1.17992,1.1798567,1.18016,1.1800735
2017-10-25 22:00:00,1.17941,1.18104,1.1810162,1.18043,1.1804186,1.1798,1.1797514,1.17992,1.179987,1.18016,1.1801816,1.17974,1.1797599
2017-10-25 23:00:00,1.18104,1.18043,1.1804122,1.1798,1.179894,1.17992,1.1798612,1.18016,1.180294,1.17974,1.1797161,1.18204,1.1820612
2017-10-26 00:00:00,1.18043,1.1798,1.1798489,1.17992,1.1799392,1.18016,1.1801734,1.17974,1.1797558,1.18204,1.1819468,1.18134,1.1812404
2017-10-26 01:00:00,1.1798,1.17992,1.1799239,1.18016,1.1801772,1.17974,1.1796434,1.18204,1.1821032,1.18134,1.1812662,1.18057,1.1805812
2017-10-26 02:00:00,1.17992,1.18016,1.1801568,1.17974,1.1797384,1.18204,1.1819403,1.18134,1.1813939,1.18057,1.1805035,1.18128,1.1812068
2017-10-26 03:00:00,1.18016,1.17974,1.1796944,1.18204,1.1819572,1.18134,1.1813323,1.18057,1.1805558,1.18128,1.1811537,1.18231,1.1822668
2017-10-26 04:00:00,1.17974,1.18204,1.1820912,1.18134,1.1813947,1.18057,1.1805507,1.18128,1.1814054,1.18231,1.1823753,1.18343,1.1834102
2017-10-26 05:00:00,1.18204,1.18134,1.181352,1.18057,1.1805735,1.18128,1.1812289,1.18231,1.1823558,1.18343,1.1833599,1.18294,1.182944
2017-10-26 06:00:00,1.18134,1.18057,1.1805943,1.18128,1.1812892,1.18231,1.1822536,1.18343,1.1835428,1.18294,1.1827769,1.18441,1.1845095
2017-10-26 07:00:00,1.18057,1.18128,1.1812748,1.18231,1.1823759,1.18343,1.1833547,1.18294,1.1829188,1.18441,1.1842217,1.18518,1.1852285
2017-10-26 08:00:00,1.18128,1.18231,1.1822538,1.18343,1.1833885,1.18294,1.1827855,1.18441,1.1843423,1.18518,1.1853387,1.18416,1.1841068
2017-10-26 09:00:00,1.18231,1.18343,1.1834168,1.18294,1.1829227,1.18441,1.1843635,1.18518,1.1851509,1.18416,1.1841224,1.18345,1.1833113
2017-10-26 10:00:00,1.18343,1.18294,1.182924,1.18441,1.1843853,1.18518,1.1850998,1.18416,1.1841624,1.18345,1.18338,1.1836,1.1835549
2017-10-26 11:00:00,1.18294,1.18441,1.1843746,1.18518,1.1850924,1.18416,1.1841186,1.18345,1.1834546,1.1836,1.1835512,1.18286,1.1828369
2017-10-26 12:00:00,1.18441,1.18518,1.1851411,1.18416,1.1841984,1.18345,1.1834544,1.1836,1.1836967,1.18286,1.1827954,1.18396,1.1840441
2017-10-26 13:00:00,1.18518,1.18416,1.1842523,1.18345,1.1835214,1.1836,1.1836046,1.18286,1.1829425,1.18396,1.1839786,1.18486,1.1848948
2017-10-26 14:00:00,1.18416,1.18345,1.183473,1.1836,1.1836208,1.18286,1.1828084,1.18396,1.1840818,1.18486,1.184804,1.18459,1.1845983
2017-10-26 15:00:00,1.18345,1.1836,1.1836133,1.18286,1.1828576,1.18396,1.1839573,1.18486,1.1849535,1.18459,1.1845812,1.1846,1.1846216
2017-10-26 16:00:00,1.1836,1.18286,1.1829191,1.18396,1.1839659,1.18486,1.1848289,1.18459,1.1846582,1.1846,1.1844759,1.18478,1.1847237
2017-10-26 17:00:00,1.18286,1.18396,1.1839423,1.18486,1.1848098,1.18459,1.1845505,1.1846,1.1844974,1.18478,1.1845733,1.18492,1.1848845
2017-10-26 18:00:00,1.18396,1.18486,1.1847875,1.18459,1.1846325,1.1846,1.184561,1.18478,1.1848276,1.18492,1.1849205,1.18223,1.1821475
2017-10-26 19:00:00,1.18486,1.18459,1.1845472,1.1846,1.1846063,1.18478,1.1847417,1.18492,1.1849732,1.18223,1.1822515,1.18086,1.1811731
2017-10-26 20:00:00,1.18459,1.1846,1.1845872,1.18478,1.1847961,1.18492,1.1849599,1.18223,1.1821675,1.18086,1.1808617,1.18177,1.181834
2017-10-26 21:00:00,1.1846,1.18478,1.1847395,1.18492,1.1849728,1.18223,1.182297,1.18086,1.1810881,1.18177,1.1818452,1.18144,1.1815507
2017-10-26 22:00:00,1.18478,1.18492,1.1849247,1.18223,1.1823434,1.18086,1.1809425,1.18177,1.1820164,1.18144,1.1814859,1.18082,1.1810064
2017-10-26 23:00:00,1.18492,1.18223,1.1823556,1.18086,1.1808494,1.18177,1.1819651,1.18144,1.1816168,1.18082,1.1808815,1.1816,1.1814829
2017-10-27 00:00:00,1.18223,1.18086,1.1809998,1.18177,1.1818243,1.18144,1.1815072,1.18082,1.1809198,1.1816,1.1816266,1.18046,1.1804483
2017-10-27 01:00:00,1.18086,1.18177,1.1817284,1.18144,1.1814439,1.18082,1.1807803,1.1816,1.1817232,1.18046,1.1804984,1.18029,1.1803555
2017-10-27 02:00:00,1.18177,1.18144,1.1814402,1.18082,1.1809133,1.1816,1.1816664,1.18046,1.1805123,1.18029,1.1802999,1.18109,1.1811023
2017-10-27 03:00:00,1.18144,1.18082,1.1808314,1.1816,1.1816247,1.18046,1.1804801,1.18029,1.1804205,1.18109,1.1811044,1.1806,1.1805654
2017-10-27 04:00:00,1.18082,1.1816,1.1815417,1.18046,1.180503,1.18029,1.1803017,1.18109,1.1811583,1.1806,1.1805506,1.18149,1.1815165
2017-10-27 05:00:00,1.1816,1.18046,1.1805406,1.18029,1.1803482,1.18109,1.1812183,1.1806,1.1807061,1.18149,1.1815362,1.18005,1.1799457
2017-10-27 06:00:00,1.18046,1.18029,1.1802773,1.18109,1.1810845,1.1806,1.1805454,1.18149,1.1814733,1.18005,1.1799799,1.17868,1.1786939
2017-10-27 07:00:00,1.18029,1.18109,1.1810274,1.1806,1.1806182,1.18149,1.1815022,1.18005,1.1800721,1.17868,1.1787575,1.1786,1.1786286
2017-10-27 08:00:00,1.18109,1.1806,1.180566,1.18149,1.1815077,1.18005,1.1800823,1.17868,1.1787286,1.1786,1.1786889,1.17691,1.1773062
2017-10-27 09:00:00,1.1806,1.18149,1.1814754,1.18005,1.1801,1.17868,1.1787057,1.1786,1.1787804,1.17691,1.1769512,1.17829,1.1785176
2017-10-27 10:00:00,1.18149,1.18005,1.1801906,1.17868,1.1787947,1.1786,1.1788071,1.17691,1.1769866,1.17829,1.1783748,1.17855,1.1786284
2017-10-27 11:00:00,1.18005,1.17868,1.1787313,1.1786,1.1786876,1.17691,1.1769687,1.17829,1.1784515,1.17855,1.1785883,1.17774,1.17791
2017-10-27 12:00:00,1.17868,1.1786,1.1786566,1.17691,1.177043,1.17829,1.1783766,1.17855,1.1786553,1.17774,1.1777751,1.17725,1.1772386
2017-10-27 13:00:00,1.1786,1.17691,1.1770663,1.17829,1.1783378,1.17855,1.1785996,1.17774,1.1777469,1.17725,1.1771512,1.1777,1.1776688
2017-10-27 14:00:00,1.17691,1.17829,1.1783619,1.17855,1.1785262,1.17774,1.177752,1.17725,1.1772549,1.1777,1.1776752,1.17696,1.1770035
2017-10-27 15:00:00,1.17829,1.17855,1.1784952,1.17774,1.1778281,1.17725,1.1771908,1.1777,1.1777375,1.17696,1.177036,1.17613,1.176054
2017-10-27 16:00:00,1.17855,1.17774,1.1777891,1.17725,1.1773118,1.1777,1.1777697,1.17696,1.1771569,1.17613,1.1761678,1.17542,1.1753674
2017-10-27 17:00:00,1.17774,1.17725,1.1772516,1.1777,1.1777031,1.17696,1.1770029,1.17613,1.1761856,1.17542,1.1753663,1.17597,1.1760069
2017-10-27 18:00:00,1.17725,1.1777,1.177665,1.17696,1.177066,1.17613,1.176311,1.17542,1.1754662,1.17597,1.1761334,1.17646,1.1765816
2017-10-27 19:00:00,1.1777,1.17696,1.1769905,1.17613,1.1761913,1.17542,1.1754911,1.17597,1.1761203,1.17646,1.1765327,1.17688,1.1770059
2017-10-27 20:00:00,1.17696,1.17613,1.1761304,1.17542,1.1754,1.17597,1.1759485,1.17646,1.1764925,1.17688,1.1768186,1.17693,1.1768917
2017-10-29 21:00:00,1.17613,1.17542,1.1754953,1.17597,1.1759796,1.17646,1.176469,1.17688,1.176914,1.17693,1.1768538,1.17691,1.1768761
2017-10-29 22:00:00,1.17542,1.17597,1.1759924,1.17646,1.1764766,1.17688,1.1769233,1.17693,1.1769671,1.17691,1.1768525,1.1771901,1.1772206
2017-10-29 23:00:00,1.17597,1.17646,1.1764394,1.17688,1.176922,1.17693,1.1769454,1.17691,1.176956,1.1771901,1.1772288,1.17591,1.1758618
2017-10-30 00:00:00,1.17646,1.17688,1.1768372,1.17693,1.1769413,1.17691,1.1768624,1.1771901,1.1772239,1.17591,1.1759104,1.17556,1.1755521
2017-10-30 01:00:00,1.17688,1.17693,1.176894,1.17691,1.1769389,1.1771901,1.1772358,1.17591,1.1759636,1.17556,1.1755586,1.17456,1.1745368
2017-10-30 02:00:00,1.17693,1.17691,1.1768819,1.1771901,1.1772014,1.17591,1.1758856,1.17556,1.17559,1.17456,1.1745648,1.17348,1.1734277
2017-10-30 03:00:00,1.17691,1.1771901,1.1771882,1.17591,1.1759394,1.17556,1.175604,1.17456,1.174522,1.17348,1.1734548,1.1743801,1.1744856
2017-10-30 04:00:00,1.1771901,1.17591,1.1759503,1.17556,1.1756191,1.17456,1.1746552,1.17348,1.1736318,1.1743801,1.1743059,1.17387,1.1739724
2017-10-30 05:00:00,1.17591,1.17556,1.1755775,1.17456,1.1746225,1.17348,1.1735935,1.1743801,1.1745052,1.17387,1.173809,1.17348,1.1734966
2017-10-30 06:00:00,1.17556,1.17456,1.1745771,1.17348,1.173468,1.1743801,1.1744616,1.17387,1.1739324,1.17348,1.1735785,1.17468,1.1747328
2017-10-30 07:00:00,1.17456,1.17348,1.1734877,1.1743801,1.1744224,1.17387,1.1738803,1.17348,1.1735029,1.17468,1.1746314,1.17451,1.1744516
2017-10-30 08:00:00,1.17348,1.1743801,1.1744092,1.17387,1.1738801,1.17348,1.1734347,1.17468,1.1747944,1.17451,1.1744514,1.17599,1.1759595
2017-10-30 09:00:00,1.1743801,1.17387,1.1738205,1.17348,1.1735107,1.17468,1.1746955,1.17451,1.1745182,1.17599,1.1760597,1.17435,1.1742412
2017-10-30 10:00:00,1.17387,1.17348,1.1735266,1.17468,1.1747174,1.17451,1.1743872,1.17599,1.1758698,1.17435,1.1741934,1.17369,1.1736362
2017-10-30 11:00:00,1.17348,1.17468,1.1746348,1.17451,1.1744618,1.17599,1.1760175,1.17435,1.1742923,1.17369,1.1736383,1.17371,1.1736336
2017-10-30 12:00:00,1.17468,1.17451,1.1744354,1.17599,1.176071,1.17435,1.1742787,1.17369,1.1736954,1.17371,1.1736418,1.17483,1.1747915
2017-10-30 13:00:00,1.17451,1.17599,1.1758635,1.17435,1.1743472,1.17369,1.1737736,1.17371,1.1738195,1.17483,1.1748601,1.1747,1.1747432
2017-10-30 14:00:00,1.17599,1.17435,1.1743236,1.17369,1.1737182,1.17371,1.1738632,1.17483,1.1749272,1.1747,1.1747441,1.17484,1.1748745
2017-10-30 15:00:00,1.17435,1.17369,1.1737747,1.17371,1.173744,1.17483,1.1748803,1.1747,1.1747316,1.17484,1.1747937,1.17491,1.1749173
2017-10-30 16:00:00,1.17369,1.17371,1.1736987,1.17483,1.1748023,1.1747,1.1746672,1.17484,1.1749102,1.17491,1.1748341,1.17542,1.1753992
2017-10-30 17:00:00,1.17371,1.17483,1.174853,1.1747,1.1747246,1.17484,1.1747605,1.17491,1.1749907,1.17542,1.1753917,1.17597,1.1759467
2017-10-30 18:00:00,1.17483,1.1747,1.1746788,1.17484,1.1748655,1.17491,1.1748872,1.17542,1.1754738,1.17597,1.1759021,1.17606,1.176023
2017-10-30 19:00:00,1.1747,1.17484,1.1748619,1.17491,1.1749202,1.17542,1.1753342,1.17597,1.17599,1.17606,1.1759931,1.176,1.1758969
2017-10-30 20:00:00,1.17484,1.17491,1.1748935,1.17542,1.1754382,1.17597,1.1759264,1.17606,1.176104,1.176,1.1759017,1.17654,1.1764308
2017-10-30 21:00:00,1.17491,1.17542,1.1754024,1.17597,1.1760286,1.17606,1.1760303,1.176,1.1759955,1.17654,1.1764505,1.17608,1.1759726
2017-10-30 22:00:00,1.17542,1.17597,1.1758895,1.17606,1.1760352,1.176,1.1759503,1.17654,1.1766084,1.17608,1.1760384,1.17549,1.1754377
2017-10-30 23:00:00,1.17597,1.17606,1.1760726,1.176,1.1760186,1.17654,1.1765708,1.17608,1.1761384,1.17549,1.1754969,1.17562,1.17563
2017-10-31 00:00:00,1.17606,1.176,1.1760062,1.17654,1.1765575,1.17608,1.1760682,1.17549,1.1755502,1.17562,1.175613,1.17543,1.1753972
2017-10-31 01:00:00,1.176,1.17654,1.1765397,1.17608,1.1761045,1.17549,1.175486,1.17562,1.1757143,1.17543,1.1754316,1.17638,1.1764494
2017-10-31 02:00:00,1.17654,1.17608,1.1760731,1.17549,1.1755648,1.17562,1.1756091,1.17543,1.1754974,1.17638,1.1764336,1.17623,1.1762437
2017-10-31 03:00:00,1.17608,1.17549,1.1755332,1.17562,1.175661,1.17543,1.1753999,1.17638,1.1764649,1.17623,1.1761428,1.17589,1.1758658
2017-10-31 04:00:00,1.17549,1.17562,1.1756411,1.17543,1.1754546,1.17638,1.1763945,1.17623,1.1762804,1.17589,1.1758528,1.17567,1.1756653
2017-10-31 05:00:00,1.17562,1.17543,1.1754404,1.17638,1.1764079,1.17623,1.1762055,1.17589,1.1759028,1.17567,1.1756077,1.17601,1.1759796
2017-10-31 06:00:00,1.17543,1.17638,1.1763546,1.17623,1.1762865,1.17589,1.1758491,1.17567,1.1756918,1.17601,1.1759597,1.17584,1.175797
2017-10-31 07:00:00,1.17638,1.17623,1.1761649,1.17589,1.1758924,1.17567,1.175732,1.17601,1.1760927,1.17584,1.1757946,1.17615,1.1761869
2017-10-31 08:00:00,1.17623,1.17589,1.1758785,1.17567,1.1756728,1.17601,1.175978,1.17584,1.1758564,1.17615,1.1760775,1.17651,1.1764443
2017-10-31 09:00:00,1.17589,1.17567,1.1756849,1.17601,1.1760144,1.17584,1.17583,1.17615,1.1762015,1.17651,1.1764598,1.1763,1.1762707
2017-10-31 10:00:00,1.17567,1.17601,1.1759914,1.17584,1.1758192,1.17615,1.176105,1.17651,1.1765313,1.1763,1.1762671,1.17581,1.1757963
2017-10-31 11:00:00,1.17601,1.17584,1.1758066,1.17615,1.1761738,1.17651,1.1764572,1.1763,1.1763254,1.17581,1.175707,1.17844,1.1785672
2017-10-31 12:00:00,1.17584,1.17615,1.1761214,1.17651,1.1765487,1.1763,1.1763072,1.17581,1.1758538,1.17844,1.1784974,1.17594,1.1758964
2017-10-31 13:00:00,1.17615,1.17651,1.1765152,1.1763,1.1762937,1.17581,1.1756421,1.17844,1.178565,1.17594,1.1758244,1.17583,1.1759062
2017-10-31 14:00:00,1.17651,1.1763,1.176329,1.17581,1.1758742,1.17844,1.178597,1.17594,1.1759136,1.17583,1.1758478,1.17625,1.1761965
2017-10-31 15:00:00,1.1763,1.17581,1.1757894,1.17844,1.1783574,1.17594,1.1758428,1.17583,1.1758916,1.17625,1.1761634,1.17638,1.1763266
2017-10-31 16:00:00,1.17581,1.17844,1.1783662,1.17594,1.1759394,1.17583,1.1758515,1.17625,1.1762573,1.17638,1.1763729,1.1759,1.1759012
2017-10-31 17:00:00,1.17844,1.17594,1.1758372,1.17583,1.1759554,1.17625,1.1763144,1.17638,1.1764427,1.1759,1.1757985,1.17576,1.1757629
2017-10-31 18:00:00,1.17594,1.17583,1.1759063,1.17625,1.1762514,1.17638,1.1764276,1.1759,1.17594,1.17576,1.1757019,1.17595,1.175944
2017-10-31 19:00:00,1.17583,1.17625,1.1761811,1.17638,1.1763709,1.1759,1.17586,1.17576,1.1757956,1.17595,1.17594,1.17593,1.175911
2017-10-31 20:00:00,1.17625,1.17638,1.1763617,1.1759,1.1758887,1.17576,1.175745,1.17595,1.1759921,1.17593,1.1759417,1.17549,1.1754868
2017-10-31 21:00:00,1.17638,1.1759,1.1758578,1.17576,1.1758152,1.17595,1.1759541,1.17593,1.1759913,1.17549,1.1754951,1.17568,1.1756996
2017-10-31 22:00:00,1.1759,1.17576,1.1757737,1.17595,1.1759769,1.17593,1.1759359,1.17549,1.1755406,1.17568,1.1756961,1.17654,1.1765584
2017-10-31 23:00:00,1.17576,1.17595,1.175911,1.17593,1.1759423,1.17549,1.1755137,1.17568,1.1757357,1.17654,1.1765443,1.17605,1.1760557
2017-11-01 00:00:00,1.17595,1.17593,1.1759341,1.17549,1.1754901,1.17568,1.1757061,1.17654,1.1765572,1.17605,1.1760536,1.17606,1.1761003
2017-11-01 01:00:00,1.17593,1.17549,1.1754721,1.17568,1.1756915,1.17654,1.1765767,1.17605,1.1760591,1.17606,1.1759807,1.17669,1.1766332
2017-11-01 02:00:00,1.17549,1.17568,1.1756834,1.17654,1.1765193,1.17605,1.1760225,1.17606,1.1760577,1.17669,1.1766014,1.17675,1.1767678
2017-11-01 03:00:00,1.17568,1.17654,1.1766119,1.17605,1.176043,1.17606,1.1760596,1.17669,1.1767133,1.17675,1.1766964,1.17764,1.1776451
2017-11-01 04:00:00,1.17654,1.17605,1.176038,1.17606,1.1760834,1.17669,1.1766686,1.17675,1.176796,1.17764,1.1776134,1.17787,1.1778747
2017-11-01 05:00:00,1.17605,1.17606,1.1760471,1.17669,1.1766802,1.17675,1.1766963,1.17764,1.1776359,1.17787,1.1777786,1.17763,1.1775289
2017-11-01 06:00:00,1.17606,1.17669,1.1766856,1.17675,1.1767577,1.17764,1.1774967,1.17787,1.177939,1.17763,1.1775564,1.17964,1.1795373
2017-11-01 07:00:00,1.17669,1.17675,1.1767365,1.17764,1.1776471,1.17787,1.1778668,1.17763,1.1776757,1.17964,1.1797013,1.18104,1.1811554
2017-11-01 08:00:00,1.17675,1.17764,1.1775866,1.17787,1.1778202,1.17763,1.1775569,1.17964,1.179666,1.18104,1.1810561,1.18019,1.180091
2017-11-01 09:00:00,1.17764,1.17787,1.1778475,1.17763,1.17764,1.17964,1.1795211,1.18104,1.1811417,1.18019,1.1800808,1.1812,1.1810868
2017-11-01 10:00:00,1.17787,1.17763,1.1776259,1.17964,1.179631,1.18104,1.1809878,1.18019,1.1801254,1.1812,1.1810229,1.18082,1.1806675
2017-11-01 11:00:00,1.17763,1.17964,1.1795342,1.18104,1.1808115,1.18019,1.1798955,1.1812,1.1811359,1.18082,1.1806383,1.18053,1.1805738
2017-11-01 12:00:00,1.17964,1.18104,1.1810033,1.18019,1.1802151,1.1812,1.1811323,1.18082,1.1808956,1.18053,1.1805456,1.18034,1.1803185
2017-11-01 13:00:00,1.18104,1.18019,1.1802065,1.1812,1.1812233,1.18082,1.1807685,1.18053,1.1805701,1.18034,1.1802664,1.181,1.1809844
2017-11-01 14:00:00,1.18019,1.1812,1.1812465,1.18082,1.1807932,1.18053,1.180507,1.18034,1.1804172,1.181,1.1809512,1.18141,1.181463
2017-11-01 15:00:00,1.1812,1.18082,1.1807927,1.18053,1.1805452,1.18034,1.1803242,1.181,1.1811028,1.18141,1.18139,1.18146,1.1815035
2017-11-01 16:00:00,1.18082,1.18053,1.1805642,1.18034,1.1803421,1.181,1.1809493,1.18141,1.1814729,1.18146,1.1813724,1.18186,1.181734
2017-11-01 17:00:00,1.18053,1.18034,1.1803628,1.181,1.1810143,1.18141,1.1812366,1.18146,1.1814764,1.18186,1.1818091,1.18172,1.1816387
2017-11-01 18:00:00,1.18034,1.181,1.1809072,1.18141,1.181391,1.18146,1.1813064,1.18186,1.1818361,1.18172,1.181606,1.18279,1.1826478
2017-11-01 19:00:00,1.181,1.18141,1.1813209,1.18146,1.1815194,1.18186,1.1817844,1.18172,1.1817244,1.18279,1.1827937,1.18238,1.1822816
2017-11-01 20:00:00,1.18141,1.18146,1.1814456,1.18186,1.1818686,1.18172,1.1816367,1.18279,1.1827817,1.18238,1.1823025,1.18242,1.1825039
2017-11-01 21:00:00,1.18146,1.18186,1.1818677,1.18172,1.1817257,1.18279,1.1827048,1.18238,1.1823535,1.18242,1.1823378,1.1825399,1.1824621
2017-11-01 22:00:00,1.18186,1.18172,1.1816882,1.18279,1.1828127,1.18238,1.1822846,1.18242,1.1824094,1.1825399,1.1824383,1.18287,1.1828487
2017-11-01 23:00:00,1.18172,1.18279,1.1828605,1.18238,1.1823673,1.18242,1.1823609,1.1825399,1.1826143,1.18287,1.1827888,1.18221,1.1821864
2017-11-02 00:00:00,1.18279,1.18238,1.1823815,1.18242,1.1824346,1.1825399,1.1824927,1.18287,1.1829112,1.18221,1.1822333,1.18176,1.1817598
2017-11-02 01:00:00,1.18238,1.18242,1.1824292,1.1825399,1.1825495,1.18287,1.1828628,1.18221,1.1822432,1.18176,1.1817192,1.18135,1.1813167
2017-11-02 02:00:00,1.18242,1.1825399,1.1824844,1.18287,1.1828941,1.18221,1.1821752,1.18176,1.1818473,1.18135,1.1813631,1.18082,1.180765
2017-11-02 03:00:00,1.1825399,1.18287,1.1828855,1.18221,1.1822246,1.18176,1.1817737,1.18135,1.1814275,1.18082,1.1808311,1.18121,1.1813034
2017-11-02 04:00:00,1.18287,1.18221,1.1821886,1.18176,1.1818047,1.18135,1.1813089,1.18082,1.1808546,1.18121,1.1813203,1.17677,1.1769996
2017-11-02 05:00:00,1.18221,1.18176,1.1817906,1.18135,1.1813846,1.18082,1.180818,1.18121,1.1813532,1.17677,1.1769838,1.1769199,1.17719
2017-11-02 06:00:00,1.18176,1.18135,1.1813661,1.18082,1.1809096,1.18121,1.1813895,1.17677,1.1769626,1.1769199,1.1771417,1.17184,1.1716558
2017-11-02 07:00:00,1.18135,1.18082,1.1807871,1.18121,1.1812469,1.17677,1.1770021,1.1769199,1.17695,1.17184,1.1720846,1.17026,1.1706121
2017-11-02 08:00:00,1.18082,1.18121,1.1812922,1.17677,1.1769229,1.1769199,1.1773767,1.17184,1.1721382,1.17026,1.1711037,1.16988,1.1702586
2017-11-02 09:00:00,1.18121,1.17677,1.1770759,1.1769199,1.1773908,1.17184,1.1716615,1.17026,1.1702996,1.16988,1.1701441,1.16815,1.168859
2017-11-02 10:00:00,1.17677,1.1769199,1.1769519,1.17184,1.171981,1.17026,1.1702414,1.16988,1.1702371,1.16815,1.1686122,1.16629,1.1667584
2017-11-02 11:00:00,1.1769199,1.17184,1.1714605,1.17026,1.1704575,1.16988,1.1700803,1.16815,1.1683582,1.16629,1.1663661,1.16582,1.1663059
2017-11-02 12:00:00,1.17184,1.17026,1.1704465,1.16988,1.1700685,1.16815,1.1685456,1.16629,1.1663878,1.16582,1.165791,1.16468,1.1644582
2017-11-02 13:00:00,1.17026,1.16988,1.1698179,1.16815,1.1682837,1.16629,1.1667124,1.16582,1.1660972,1.16468,1.1647652,1.16494,1.1648968
2017-11-02 14:00:00,1.16988,1.16815,1.1681166,1.16629,1.1665727,1.16582,1.1660382,1.16468,1.1646299,1.16494,1.1650752,1.1653,1.1655912
2017-11-02 15:00:00,1.16815,1.16629,1.1664605,1.16582,1.1658835,1.16468,1.1647843,1.16494,1.1649275,1.1653,1.1652901,1.16448,1.1646509
2017-11-02 16:00:00,1.16629,1.16582,1.1658496,1.16468,1.164794,1.16494,1.1649437,1.1653,1.165307,1.16448,1.1644303,1.16369,1.1636268
2017-11-02 17:00:00,1.16582,1.16468,1.1647209,1.16494,1.1649657,1.1653,1.165462,1.16448,1.1643285,1.16369,1.1636101,1.16301,1.1628433
2017-11-02 18:00:00,1.16468,1.16494,1.1649456,1.1653,1.1652513,1.16448,1.1645283,1.16369,1.16354,1.16301,1.1629283,1.16316,1.1629859
2017-11-02 19:00:00,1.16494,1.1653,1.1652452,1.16448,1.1644905,1.16369,1.1638498,1.16301,1.1630633,1.16316,1.1632266,1.1635,1.1633782
2017-11-02 20:00:00,1.1653,1.16448,1.1644672,1.16369,1.163679,1.16301,1.1631685,1.16316,1.1632895,1.1635,1.1634651,1.16383,1.1637667
2017-11-02 21:00:00,1.16448,1.16369,1.1637455,1.16301,1.1630306,1.16316,1.1632131,1.1635,1.1635066,1.16383,1.1637872,1.16342,1.163363
2017-11-02 22:00:00,1.16369,1.16301,1.1630439,1.16316,1.1631193,1.1635,1.1635561,1.16383,1.1638137,1.16342,1.1633521,1.16423,1.1641735
2017-11-02 23:00:00,1.16301,1.16316,1.1631659,1.1635,1.1634549,1.16383,1.1638445,1.16342,1.1633439,1.16423,1.1642951,1.16231,1.1621552
2017-11-03 00:00:00,1.16316,1.1635,1.1634871,1.16383,1.1638097,1.16342,1.163346,1.16423,1.164296,1.16231,1.162211,1.16336,1.1633755
2017-11-03 01:00:00,1.1635,1.16383,1.163815,1.16342,1.1634283,1.16423,1.1643358,1.16231,1.1623381,1.16336,1.1634079,1.16264,1.162495
2017-11-03 02:00:00,1.16383,1.16342,1.1633986,1.16423,1.1642039,1.16231,1.1622658,1.16336,1.1633859,1.16264,1.1625443,1.1633201,1.1633301
2017-11-03 03:00:00,1.16342,1.16423,1.1642272,1.16231,1.1623552,1.16336,1.1634208,1.16264,1.1626569,1.1633201,1.1633193,1.16258,1.1624907
2017-11-03 04:00:00,1.16423,1.16231,1.1622179,1.16336,1.1633277,1.16264,1.1627187,1.1633201,1.1633637,1.16258,1.1625569,1.16069,1.1605939
2017-11-03 05:00:00,1.16231,1.16336,1.1634051,1.16264,1.1626186,1.1633201,1.1632831,1.16258,1.162562,1.16069,1.1605991,1.15987,1.1597718
2017-11-03 06:00:00,1.16336,1.16264,1.1626089,1.1633201,1.1633466,1.16258,1.1626343,1.16069,1.160784,1.15987,1.1598185,1.15798,1.1580062
2017-11-03 07:00:00,1.16264,1.1633201,1.1633303,1.16258,1.16258,1.16069,1.160678,1.15987,1.1599276,1.15798,1.1580358,1.158,1.1580116
2017-11-03 08:00:00,1.1633201,1.16258,1.1626122,1.16069,1.1607956,1.15987,1.1599545,1.15798,1.1579951,1.158,1.1579403,1.15802,1.157839
2017-11-03 09:00:00,1.16258,1.16069,1.1608192,1.15987,1.1598365,1.15798,1.1580014,1.158,1.1583357,1.15802,1.1578252,1.15897,1.1591004
2017-11-03 10:00:00,1.16069,1.15987,1.1598958,1.15798,1.1580254,1.158,1.1579918,1.15802,1.1582342,1.15897,1.1590663,1.15861,1.1586306
2017-11-03 11:00:00,1.15987,1.15798,1.15805,1.158,1.1580154,1.15802,1.1581655,1.15897,1.1589814,1.15861,1.15854,1.15972,1.1596819
2017-11-03 12:00:00,1.15798,1.158,1.15805,1.15802,1.1580287,1.15897,1.158996,1.15861,1.1585934,1.15972,1.1596175,1.15973,1.1597134
2017-11-03 13:00:00,1.158,1.15802,1.1580157,1.15897,1.1590014,1.15861,1.1584874,1.15972,1.1596684,1.15973,1.159596,1.1602,1.1599853
2017-11-03 14:00:00,1.15802,1.15897,1.1590044,1.15861,1.1586019,1.15972,1.1596963,1.15973,1.1597422,1.1602,1.1601558,1.16048,1.1604244
2017-11-03 15:00:00,1.15897,1.15861,1.1585457,1.15972,1.1597109,1.15973,1.1596661,1.1602,1.1601218,1.16048,1.1603948,1.15939,1.159215
2017-11-03 16:00:00,1.15861,1.15972,1.1597013,1.15973,1.1597056,1.1602,1.1601162,1.16048,1.1603642,1.15939,1.1592114,1.1605,1.1604333
2017-11-03 17:00:00,1.15972,1.15973,1.159694,1.1602,1.160188,1.16048,1.1604593,1.15939,1.1593214,1.1605,1.1604347,1.16048,1.160329
2017-11-03 18:00:00,1.15973,1.1602,1.1601825,1.16048,1.1604555,1.15939,1.1592822,1.1605,1.1604787,1.16048,1.160344,1.16098,1.1609733
2017-11-03 19:00:00,1.1602,1.16048,1.160484,1.15939,1.1594316,1.1605,1.1605177,1.16048,1.1604946,1.16098,1.160949,1.16082,1.1608082
2017-11-03 20:00:00,1.16048,1.15939,1.1594962,1.1605,1.1605259,1.16048,1.1604619,1.16098,1.1610281,1.16082,1.1607325,1.16136,1.1613247
2017-11-05 22:00:00,1.15939,1.1605,1.1605715,1.16048,1.1605638,1.16098,1.1610304,1.16082,1.1608682,1.16136,1.1613452,1.16165,1.161648
2017-11-05 23:00:00,1.1605,1.16048,1.1604718,1.16098,1.1610134,1.16082,1.1607621,1.16136,1.1613808,1.16165,1.1615841,1.16159,1.1615952
2017-11-06 00:00:00,1.16048,1.16098,1.1609917,1.16082,1.1608205,1.16136,1.1613533,1.16165,1.1617322,1.16159,1.1616137,1.16157,1.1615944
2017-11-06 01:00:00,1.16098,1.16082,1.1607995,1.16136,1.1613832,1.16165,1.1616386,1.16159,1.1616178,1.16157,1.1615167,1.16178,1.161732
2017-11-06 02:00:00,1.16082,1.16136,1.1613483,1.16165,1.1616352,1.16159,1.1615738,1.16157,1.1616383,1.16178,1.1617658,1.16331,1.1633255
2017-11-06 03:00:00,1.16136,1.16165,1.1616446,1.16159,1.161602,1.16157,1.1615624,1.16178,1.1618563,1.16331,1.163325,1.16383,1.1638436
2017-11-06 04:00:00,1.16165,1.16159,1.1616373,1.16157,1.1615908,1.16178,1.1617213,1.16331,1.1633936,1.16383,1.1638781,1.16372,1.1638066
2017-11-06 05:00:00,1.16159,1.16157,1.1615885,1.16178,1.1617763,1.16331,1.1632497,1.16383,1.1638718,1.16372,1.1637322,1.1632,1.163208
2017-11-06 06:00:00,1.16157,1.16178,1.161777,1.16331,1.1633291,1.16383,1.1638546,1.16372,1.1635803,1.1632,1.1631424,1.16135,1.1612668
2017-11-06 07:00:00,1.16178,1.16331,1.1634187,1.16383,1.1637458,1.16372,1.1636149,1.1632,1.1632907,1.16135,1.1613386,1.16191,1.1619534
2017-11-06 08:00:00,1.16331,1.16383,1.1638361,1.16372,1.163757,1.1632,1.1632524,1.16135,1.1614039,1.16191,1.161975,1.16169,1.1618465
2017-11-06 09:00:00,1.16383,1.16372,1.1637403,1.1632,1.1632618,1.16135,1.161329,1.16191,1.1620288,1.16169,1.1617783,1.16265,1.162828
2017-11-06 10:00:00,1.16372,1.1632,1.1632789,1.16135,1.1615362,1.16191,1.1620289,1.16169,1.1619539,1.16265,1.1626817,1.16385,1.163919
2017-11-06 11:00:00,1.1632,1.16135,1.161313,1.16191,1.1619564,1.16169,1.1617631,1.16265,1.1627679,1.16385,1.1638454,1.163,1.162983
2017-11-06 12:00:00,1.16135,1.16191,1.1619672,1.16169,1.1617,1.16265,1.1626705,1.16385,1.1640025,1.163,1.1628568,1.16381,1.1638411
2017-11-06 13:00:00,1.16191,1.16169,1.1617193,1.16265,1.1626686,1.16385,1.1639005,1.163,1.1629844,1.16381,1.1638441,1.16557,1.1654366
2017-11-06 14:00:00,1.16169,1.16265,1.1626439,1.16385,1.1638414,1.163,1.1628485,1.16381,1.1637571,1.16557,1.1654785,1.16491,1.1647161
2017-11-06 15:00:00,1.16265,1.16385,1.1638149,1.163,1.1629807,1.16381,1.1637422,1.16557,1.1656665,1.16491,1.1648402,1.16486,1.1648034
2017-11-06 16:00:00,1.16385,1.163,1.1630021,1.16381,1.1637933,1.16557,1.1655167,1.16491,1.164968,1.16486,1.164819,1.1642799,1.1641933
2017-11-06 17:00:00,1.163,1.16381,1.163818,1.16557,1.1655202,1.16491,1.1649029,1.16486,1.1649561,1.1642799,1.1641545,1.1651,1.1650095
2017-11-06 18:00:00,1.16381,1.16557,1.16558,1.16491,1.1649171,1.16486,1.1648573,1.1642799,1.1642995,1.1651,1.1650906,1.16469,1.1647025
2017-11-06 19:00:00,1.16557,1.16491,1.16486,1.16486,1.1648377,1.1642799,1.1642665,1.1651,1.1652066,1.16469,1.1647191,1.16341,1.163465
2017-11-06 20:00:00,1.16491,1.16486,1.1649227,1.1642799,1.164355,1.1651,1.1651276,1.16469,1.1647892,1.16341,1.1633476,1.1637499,1.1638653
2017-11-06 21:00:00,1.16486,1.1642799,1.1643142,1.1651,1.1651677,1.16469,1.1647431,1.16341,1.1633904,1.1637499,1.1637814,1.16361,1.1635242
2017-11-06 22:00:00,1.1642799,1.1651,1.1651051,1.16469,1.164706,1.16341,1.163428,1.1637499,1.1638571,1.16361,1.1636534,1.16254,1.1626623
2017-11-06 23:00:00,1.1651,1.16469,1.1646774,1.16341,1.1634009,1.1637499,1.1638526,1.16361,1.1637219,1.16254,1.1625956,1.16352,1.1635435
2017-11-07 00:00:00,1.16469,1.16341,1.1634698,1.1637499,1.1637732,1.16361,1.1636537,1.16254,1.1626649,1.16352,1.1635265,1.1643,1.1642851
2017-11-07 01:00:00,1.16341,1.1637499,1.1637264,1.16361,1.1636028,1.16254,1.162532,1.16352,1.163616,1.1643,1.1643,1.1644,1.1644472
2017-11-07 02:00:00,1.1637499,1.16361,1.1635941,1.16254,1.162554,1.16352,1.1635319,1.1643,1.164374,1.1644,1.1643639,1.16409,1.1640561
2017-11-07 03:00:00,1.16361,1.16254,1.1625347,1.16352,1.1635312,1.1643,1.1643575,1.1644,1.1644082,1.16409,1.1639802,1.16326,1.1631739
2017-11-07 04:00:00,1.16254,1.16352,1.1634778,1.1643,1.1642921,1.1644,1.164334,1.16409,1.1640582,1.16326,1.163201,1.16298,1.1629113
2017-11-07 05:00:00,1.16352,1.1643,1.1642662,1.1644,1.1644008,1.16409,1.1641294,1.16326,1.1632712,1.16298,1.1629685,1.1639,1.1638483
2017-11-07 06:00:00,1.1643,1.1644,1.164367,1.16409,1.1640793,1.16326,1.1632493,1.16298,1.1629925,1.1639,1.1639504,1.1635,1.1635096
2017-11-07 07:00:00,1.1644,1.16409,1.1640817,1.16326,1.1633303,1.16298,1.1629782,1.1639,1.1639521,1.1635,1.1634372,1.1639,1.1639298
2017-11-07 08:00:00,1.16409,1.16326,1.1632911,1.16298,1.1630785,1.1639,1.1639879,1.1635,1.1635573,1.1639,1.1638736,1.16373,1.1637037
2017-11-07 09:00:00,1.16326,1.16298,1.1630292,1.1639,1.1638837,1.1635,1.1634812,1.1639,1.1639017,1.16373,1.1636286,1.16477,1.164647
2017-11-07 10:00:00,1.16298,1.1639,1.1638572,1.1635,1.1635172,1.1639,1.1638857,1.16373,1.1637853,1.16477,1.1647866,1.16582,1.165807
2017-11-07 11:00:00,1.1639,1.1635,1.1634787,1.1639,1.1639163,1.16373,1.1636955,1.16477,1.164826,1.16582,1.1658759,1.16472,1.1646625
2017-11-07 12:00:00,1.1635,1.1639,1.1639051,1.16373,1.1637197,1.16477,1.1648009,1.16582,1.1658847,1.16472,1.164652,1.16505,1.1649609
2017-11-07 13:00:00,1.1639,1.16373,1.1636848,1.16477,1.1647447,1.16582,1.1659023,1.16472,1.1646537,1.16505,1.1649373,1.16491,1.1647782
2017-11-07 14:00:00,1.16373,1.16477,1.1646826,1.16582,1.1657133,1.16472,1.1646773,1.16505,1.1651311,1.16491,1.1647927,1.16432,1.1643364
2017-11-07 15:00:00,1.16477,1.16582,1.1658179,1.16472,1.1647452,1.16505,1.1650279,1.16491,1.1649548,1.16432,1.1643248,1.16454,1.1645266
2017-11-07 16:00:00,1.16582,1.16472,1.1647351,1.16505,1.1650445,1.16491,1.1649159,1.16432,1.1643591,1.16454,1.1645043,1.16491,1.1649175
2017-11-07 17:00:00,1.16472,1.16505,1.1650158,1.16491,1.1649034,1.16432,1.1643507,1.16454,1.1645807,1.16491,1.1648562,1.16513,1.1651332
2017-11-07 18:00:00,1.16505,1.16491,1.1649007,1.16432,1.1643649,1.16454,1.1645586,1.16491,1.1649766,1.16513,1.1651177,1.16391,1.1638291
2017-11-07 19:00:00,1.16491,1.16432,1.1643227,1.16454,1.1645591,1.16491,1.1649023,1.16513,1.1651783,1.16391,1.1638441,1.16362,1.1636208
2017-11-07 20:00:00,1.16432,1.16454,1.1645349,1.16491,1.1649414,1.16513,1.1651578,1.16391,1.1638944,1.16362,1.1635666,1.16316,1.1630511
2017-11-07 21:00:00,1.16454,1.16491,1.164896,1.16513,1.1651691,1.16391,1.1639175,1.16362,1.1636659,1.16316,1.1632028,1.16308,1.1630851
2017-11-07 22:00:00,1.16491,1.16513,1.1651525,1.16391,1.1639254,1.16362,1.1636238,1.16316,1.1632438,1.16308,1.1632407,1.1630499,1.1631131
2017-11-07 23:00:00,1.16513,1.16391,1.1638438,1.16362,1.1637797,1.16316,1.1631502,1.16308,1.163212,1.1630499,1.1629992,1.16285,1.1627065
2017-11-08 00:00:00,1.16391,1.16362,1.163622,1.16316,1.1632297,1.16308,1.1631364,1.1630499,1.1631596,1.16285,1.1627686,1.16399,1.1639915
2017-11-08 01:00:00,1.16362,1.16316,1.1631862,1.16308,1.1631079,1.1630499,1.1630627,1.16285,1.1628721,1.16399,1.1639352,1.16516,1.1651142
2017-11-08 02:00:00,1.16316,1.16308,1.1631161,1.1630499,1.1630741,1.16285,1.1628027,1.16399,1.1640341,1.16516,1.1651043,1.16397,1.1639149
2017-11-08 03:00:00,1.16308,1.1630499,1.1630474,1.16285,1.1628714,1.16399,1.1639562,1.16516,1.165203,1.16397,1.1639088,1.16318,1.1631559
2017-11-08 04:00:00,1.1630499,1.16285,1.1628428,1.16399,1.1639729,1.16516,1.165087,1.16397,1.1639774,1.16318,1.1631217,1.16407,1.1640004
2017-11-08 05:00:00,1.16285,1.16399,1.1640193,1.16516,1.1650281,1.16397,1.163861,1.16318,1.1631695,1.16407,1.1639917,1.16376,1.1637232
2017-11-08 06:00:00,1.16399,1.16516,1.1651869,1.16397,1.1639766,1.16318,1.1631113,1.16407,1.1641194,1.16376,1.1637688,1.16168,1.1616409
2017-11-08 07:00:00,1.16516,1.16397,1.1639404,1.16318,1.1632304,1.16407,1.1641145,1.16376,1.1638486,1.16168,1.1617332,1.16106,1.1610228
2017-11-08 08:00:00,1.16397,1.16318,1.1632472,1.16407,1.1640866,1.16376,1.1638161,1.16168,1.1616554,1.16106,1.1609323,1.16315,1.1631157
2017-11-08 09:00:00,1.16318,1.16407,1.1640457,1.16376,1.1637917,1.16168,1.1617239,1.16106,1.1610515,1.16315,1.1631933,1.16172,1.1617898
2017-11-08 10:00:00,1.16407,1.16376,1.1637663,1.16168,1.1615256,1.16106,1.1609552,1.16315,1.163272,1.16172,1.1617812,1.16253,1.1626521
2017-11-08 11:00:00,1.16376,1.16168,1.1618456,1.16106,1.161211,1.16315,1.1632396,1.16172,1.1617724,1.16253,1.1625469,1.1622,1.1622183
2017-11-08 12:00:00,1.16168,1.16106,1.1610596,1.16315,1.1631365,1.16172,1.1616547,1.16253,1.1625187,1.1622,1.1620672,1.16184,1.1617845
2017-11-08 13:00:00,1.16106,1.16315,1.1632153,1.16172,1.161745,1.16253,1.1626129,1.1622,1.1622043,1.16184,1.1618788,1.16194,1.161989
2017-11-08 14:00:00,1.16315,1.16172,1.1616089,1.16253,1.1625881,1.1622,1.1622356,1.16184,1.1618836,1.16194,1.1619474,1.16162,1.1616068
2017-11-08 15:00:00,1.16172,1.16253,1.1624994,1.1622,1.1621871,1.16184,1.1618339,1.16194,1.1619864,1.16162,1.1615866,1.16211,1.1621157
2017-11-08 16:00:00,1.16253,1.1622,1.1621671,1.16184,1.1618418,1.16194,1.1619256,1.16162,1.1616383,1.16211,1.1620784,1.16183,1.161823
2017-11-08 17:00:00,1.1622,1.16184,1.1619136,1.16194,1.161933,1.16162,1.1616509,1.16211,1.1621403,1.16183,1.1617312,1.16278,1.1627755
2017-11-08 18:00:00,1.16184,1.16194,1.1619325,1.16162,1.1616482,1.16211,1.1621516,1.16183,1.1618438,1.16278,1.1627443,1.16339,1.1633713
2017-11-08 19:00:00,1.16194,1.16162,1.1616452,1.16211,1.1621338,1.16183,1.1617838,1.16278,1.1628469,1.16339,1.1633044,1.16598,1.1659046
2017-11-08 20:00:00,1.16162,1.16211,1.1621094,1.16183,1.1618203,1.16278,1.1627744,1.16339,1.163388,1.16598,1.1661932,1.16531,1.1653092
2017-11-08 21:00:00,1.16211,1.16183,1.1618316,1.16278,1.1627964,1.16339,1.163237,1.16598,1.1660851,1.16531,1.1651547,1.16549,1.1653758
2017-11-08 22:00:00,1.16183,1.16278,1.1627263,1.16339,1.1633819,1.16598,1.1656886,1.16531,1.1651785,1.16549,1.1652806,1.16566,1.1655242
2017-11-08 23:00:00,1.16278,1.16339,1.1633434,1.16598,1.1662273,1.16531,1.165206,1.16549,1.1654665,1.16566,1.1655227,1.16552,1.1653545
2017-11-09 00:00:00,1.16339,1.16598,1.1657485,1.16531,1.1652951,1.16549,1.1653821,1.16566,1.1656976,1.16552,1.1654402,1.1656799,1.165735
2017-11-09 01:00:00,1.16598,1.16531,1.1652198,1.16549,1.1655148,1.16566,1.1656557,1.16552,1.165568,1.1656799,1.1656666,1.1640999,1.1640153
2017-11-09 02:00:00,1.16531,1.16549,1.1655042,1.16566,1.1656398,1.16552,1.1654872,1.1656799,1.165712,1.1640999,1.1640958,1.16318,1.163232
2017-11-09 03:00:00,1.16549,1.16566,1.1656406,1.16552,1.1655505,1.1656799,1.1657126,1.1640999,1.1642185,1.16318,1.1633031,1.16414,1.1641804
2017-11-09 04:00:00,1.16566,1.16552,1.1655194,1.1656799,1.1656976,1.1640999,1.1640805,1.16318,1.1631193,1.16414,1.1640967,1.16477,1.1648041
2017-11-09 05:00:00,1.16552,1.1656799,1.1656631,1.1640999,1.164164,1.16318,1.1632211,1.16414,1.1642118,1.16477,1.1648003,1.16518,1.1652513
2017-11-09 06:00:00,1.1656799,1.1640999,1.1641185,1.16318,1.1631851,1.16414,1.1641505,1.16477,1.164872,1.16518,1.1652123,1.16517,1.1651866
2017-11-09 07:00:00,1.1640999,1.16318,1.1632298,1.16414,1.164177,1.16477,1.1647698,1.16518,1.1652569,1.16517,1.165064,1.165,1.165031
2017-11-09 08:00:00,1.16318,1.16414,1.1641414,1.16477,1.1648061,1.16518,1.165151,1.16517,1.1650913,1.165,1.1648874,1.16617,1.1661667
2017-11-09 09:00:00,1.16414,1.16477,1.1647159,1.16518,1.1652538,1.16517,1.165142,1.165,1.1650263,1.16617,1.166057,1.16713,1.1670519
2017-11-09 10:00:00,1.16477,1.16518,1.165186,1.16517,1.1651585,1.165,1.1649047,1.16617,1.1661199,1.16713,1.1670922,1.16625,1.1661395
2017-11-09 11:00:00,1.16518,1.16517,1.1651504,1.165,1.1650039,1.16617,1.1660964,1.16713,1.167106,1.16625,1.16618,1.1656001,1.1655582
2017-11-09 12:00:00,1.16517,1.165,1.1649653,1.16617,1.1661979,1.16713,1.1670158,1.16625,1.1661438,1.1656001,1.1655097,1.16588,1.1658341
2017-11-09 13:00:00,1.165,1.16617,1.1661227,1.16713,1.1671567,1.16625,1.1662426,1.1656001,1.1655762,1.16588,1.1658057,1.16608,1.1660331
2017-11-09 14:00:00,1.16617,1.16713,1.167081,1.16625,1.1662595,1.1656001,1.1655552,1.16588,1.1659479,1.16608,1.1661,1.16561,1.1656189
2017-11-09 15:00:00,1.16713,1.16625,1.1663551,1.1656001,1.165624,1.16588,1.1658882,1.16608,1.1662065,1.16561,1.1655957,1.16554,1.1655437
2017-11-09 16:00:00,1.16625,1.1656001,1.1656612,1.16588,1.1659443,1.16608,1.1661359,1.16561,1.1656902,1.16554,1.1655732,1.16562,1.1656408
2017-11-09 17:00:00,1.1656001,1.16588,1.1658738,1.16608,1.166102,1.16561,1.1656296,1.16554,1.1656457,1.16562,1.1656101,1.16581,1.1658443
2017-11-09 18:00:00,1.16588,1.16608,1.1660632,1.16561,1.1656394,1.16554,1.1655835,1.16562,1.1656746,1.16581,1.1658337,1.16564,1.1656398
2017-11-09 19:00:00,1.16608,1.16561,1.165582,1.16554,1.1655761,1.16562,1.1656129,1.16581,1.1658348,1.16564,1.1655825,1.1661,1.1660715
2017-11-09 20:00:00,1.16561,1.16554,1.1655574,1.16562,1.1656266,1.16581,1.16582,1.16564,1.1656724,1.1661,1.1661104,1.1658,1.165763
2017-11-09 21:00:00,1.16554,1.16562,1.1655878,1.16581,1.1658127,1.16564,1.1656265,1.1661,1.1661551,1.1658,1.1657677,1.16569,1.1656893
2017-11-09 22:00:00,1.16562,1.16581,1.1657897,1.16564,1.1656423,1.1661,1.166133,1.1658,1.1658205,1.16569,1.1656665,1.16611,1.1660998
2017-11-09 23:00:00,1.16581,1.16564,1.1655908,1.1661,1.1660788,1.1658,1.165782,1.16569,1.1657245,1.16611,1.1661065,1.16645,1.1664275
2017-11-10 00:00:00,1.16564,1.1661,1.1661375,1.1658,1.1657876,1.16569,1.1656648,1.16611,1.1661309,1.16645,1.1664863,1.166,1.1660367
2017-11-10 01:00:00,1.1661,1.1658,1.1657867,1.16569,1.1657249,1.16611,1.166133,1.16645,1.1665131,1.166,1.1660495,1.16461,1.1646454
2017-11-10 02:00:00,1.1658,1.16569,1.1657035,1.16611,1.1661074,1.16645,1.1664796,1.166,1.1660689,1.16461,1.1646224,1.16468,1.164713
2017-11-10 03:00:00,1.16569,1.16611,1.166062,1.16645,1.1665056,1.166,1.1660992,1.16461,1.1646287,1.16468,1.1647238,1.16462,1.1646291
2017-11-10 04:00:00,1.16611,1.16645,1.1664414,1.166,1.1660373,1.16461,1.1646669,1.16468,1.164845,1.16462,1.1647607,1.1643701,1.1644881
2017-11-10 05:00:00,1.16645,1.166,1.1660581,1.16461,1.1646761,1.16468,1.1647553,1.16462,1.1648017,1.1643701,1.1645523,1.16472,1.1648417
2017-11-10 06:00:00,1.166,1.16461,1.1647503,1.16468,1.1647172,1.16462,1.1647514,1.1643701,1.1644197,1.16472,1.1646249,1.16541,1.1654358
2017-11-10 07:00:00,1.16461,1.16468,1.1647129,1.16462,1.1646509,1.1643701,1.1643999,1.16472,1.1647795,1.16541,1.1654513,1.16439,1.1643842
2017-11-10 08:00:00,1.16468,1.16462,1.1645973,1.1643701,1.1643698,1.16472,1.1646882,1.16541,1.1654378,1.16439,1.1644131,1.16082,1.1608614
2017-11-10 09:00:00,1.16462,1.1643701,1.164352,1.16472,1.164711,1.16541,1.1654147,1.16439,1.1644334,1.16082,1.1609358,1.16158,1.1614522
2017-11-10 10:00:00,1.1643701,1.16472,1.1646703,1.16541,1.1654258,1.16439,1.1645011,1.16082,1.1609441,1.16158,1.1617281,1.16043,1.1604593
2017-11-10 11:00:00,1.16472,1.16541,1.1653465,1.16439,1.1644781,1.16082,1.1609951,1.16158,1.1617217,1.16043,1.1606934,1.1602,1.160331
2017-11-10 12:00:00,1.16541,1.16439,1.1644669,1.16082,1.1610178,1.16158,1.161597,1.16043,1.1607076,1.1602,1.1605284,1.16066,1.1608202
2017-11-10 13:00:00,1.16439,1.16082,1.161027,1.16158,1.1617646,1.16043,1.1604898,1.1602,1.1604104,1.16066,1.1606268,1.1607,1.1606711
2017-11-10 14:00:00,1.16082,1.16158,1.1617095,1.16043,1.160492,1.1602,1.1603003,1.16066,1.1607835,1.1607,1.160743,1.16021,1.1602697
2017-11-10 15:00:00,1.16158,1.16043,1.160454,1.1602,1.1602693,1.16066,1.1607465,1.1607,1.1608626,1.16021,1.1602958,1.16142,1.1614201
2017-11-10 16:00:00,1.16043,1.1602,1.1602788,1.16066,1.1606942,1.1607,1.1607766,1.16021,1.1602758,1.16142,1.1614056,1.16141,1.1613951
2017-11-10 17:00:00,1.1602,1.16066,1.1605589,1.1607,1.160743,1.16021,1.1602005,1.16142,1.1614348,1.16141,1.161293,1.16046,1.1604322
2017-11-10 18:00:00,1.16066,1.1607,1.1606984,1.16021,1.1601982,1.16142,1.161404,1.16141,1.1614175,1.16046,1.1604477,1.16093,1.1609294
2017-11-10 19:00:00,1.1607,1.16021,1.160233,1.16142,1.1613824,1.16141,1.161419,1.16046,1.1604153,1.16093,1.1608604,1.1617,1.1616088
2017-11-10 20:00:00,1.16021,1.16142,1.1613128,1.16141,1.1613922,1.16046,1.1604509,1.16093,1.1609191,1.1617,1.1617012,1.16137,1.1614121
2017-11-10 21:00:00,1.16142,1.16141,1.1613833,1.16046,1.1605078,1.16093,1.1610241,1.1617,1.1617866,1.16137,1.1614157,1.16087,1.1609222
2017-11-12 22:00:00,1.16141,1.16046,1.1605345,1.16093,1.1609601,1.1617,1.1617789,1.16137,1.1614078,1.16087,1.160821,1.16115,1.1611272
2017-11-12 23:00:00,1.16046,1.16093,1.1609321,1.1617,1.1616895,1.16137,1.1614577,1.16087,1.1608965,1.16115,1.1611009,1.16082,1.1607808
2017-11-13 00:00:00,1.16093,1.1617,1.1616808,1.16137,1.1613774,1.16087,1.160859,1.16115,1.1612048,1.16082,1.1607952,1.16103,1.1610451
2017-11-13 01:00:00,1.1617,1.16137,1.161355,1.16087,1.160912,1.16115,1.161177,1.16082,1.16092,1.16103,1.1610608,1.16101,1.1609943
2017-11-13 02:00:00,1.16137,1.16087,1.160908,1.16115,1.1611617,1.16082,1.160799,1.16103,1.1610608,1.16101,1.1609466,1.16023,1.1601169
2017-11-13 03:00:00,1.16087,1.16115,1.1611717,1.16082,1.1608295,1.16103,1.1610384,1.16101,1.1610279,1.16023,1.1601812,1.16095,1.1608983
2017-11-13 04:00:00,1.16115,1.16082,1.1607958,1.16103,1.161064,1.16101,1.1610235,1.16023,1.1601688,1.16095,1.1609465,1.15918,1.1589822
2017-11-13 05:00:00,1.16082,1.16103,1.1610334,1.16101,1.1610022,1.16023,1.1601567,1.16095,1.1610072,1.15918,1.1590595,1.1590099,1.1590378
2017-11-13 06:00:00,1.16103,1.16101,1.1610134,1.16023,1.1602664,1.16095,1.1609769,1.15918,1.1593132,1.1590099,1.1589037,1.15849,1.1581786
2017-11-13 07:00:00,1.16101,1.16023,1.1602242,1.16095,1.1609681,1.15918,1.1590205,1.1590099,1.1589159,1.15849,1.158317,1.1585,1.1585236
2017-11-13 08:00:00,1.16023,1.16095,1.1610217,1.15918,1.1591704,1.1590099,1.1590748,1.15849,1.1586283,1.1585,1.158596,1.15844,1.158402
2017-11-13 09:00:00,1.16095,1.15918,1.1591207,1.1590099,1.1589905,1.15849,1.1583745,1.1585,1.1585442,1.15844,1.1584296,1.15978,1.1597177
2017-11-13 10:00:00,1.15918,1.1590099,1.1590714,1.15849,1.1584941,1.1585,1.1585981,1.15844,1.1584536,1.15978,1.159691,1.1611199,1.161227
2017-11-13 11:00:00,1.1590099,1.15849,1.1585131,1.1585,1.1585456,1.15844,1.1583966,1.15978,1.1598215,1.1611199,1.1610552,1.16096,1.1609315
2017-11-13 12:00:00,1.15849,1.1585,1.1585796,1.15844,1.1584433,1.15978,1.1597637,1.1611199,1.1610208,1.16096,1.1608844,1.16054,1.1604277
2017-11-13 13:00:00,1.1585,1.15844,1.1584388,1.15978,1.1598103,1.1611199,1.1611283,1.16096,1.160897,1.16054,1.1603076,1.1608601,1.1607133
2017-11-13 14:00:00,1.15844,1.15978,1.1597235,1.1611199,1.1611348,1.16096,1.1609415,1.16054,1.1604222,1.1608601,1.1607778,1.16071,1.1606532
2017-11-13 15:00:00,1.15978,1.1611199,1.1609627,1.16096,1.1609023,1.16054,1.160483,1.1608601,1.1608969,1.16071,1.1605972,1.16088,1.1608131
2017-11-13 16:00:00,1.1611199,1.16096,1.16094,1.16054,1.1605309,1.1608601,1.1608253,1.16071,1.1607181,1.16088,1.1608182,1.16108,1.1610138
2017-11-13 17:00:00,1.16096,1.16054,1.1605613,1.1608601,1.1608549,1.16071,1.160668,1.16088,1.1608814,1.16108,1.160994,1.16132,1.1612723
2017-11-13 18:00:00,1.16054,1.1608601,1.1608518,1.16071,1.1606741,1.16088,1.1608328,1.16108,1.1610521,1.16132,1.161242,1.16041,1.1603518
2017-11-13 19:00:00,1.1608601,1.16071,1.160681,1.16088,1.1608633,1.16108,1.1610644,1.16132,1.1613714,1.16041,1.1603506,1.1613,1.1612836
2017-11-13 20:00:00,1.16071,1.16088,1.160901,1.16108,1.1610867,1.16132,1.1613052,1.16041,1.1604023,1.1613,1.1612155,1.1611199,1.1610497
2017-11-13 21:00:00,1.16088,1.16108,1.1610795,1.16132,1.1613346,1.16041,1.1603585,1.1613,1.1613973,1.1611199,1.1610745,1.16072,1.1607246
2017-11-13 22:00:00,1.16108,1.16132,1.161355,1.16041,1.1604515,1.1613,1.1613152,1.1611199,1.1611795,1.16072,1.160713,1.16052,1.1605203
2017-11-13 23:00:00,1.16132,1.16041,1.1603767,1.1613,1.1613245,1.1611199,1.1611209,1.16072,1.1607591,1.16052,1.1604797,1.16012,1.1600939
2017-11-14 00:00:00,1.16041,1.1613,1.161321,1.1611199,1.161139,1.16072,1.1606959,1.16052,1.1605439,1.16012,1.1600561,1.15879,1.1586981
2017-11-14 01:00:00,1.1613,1.1611199,1.1610981,1.16072,1.160708,1.16052,1.1605221,1.16012,1.1601508,1.15879,1.158745,1.15657,1.1565312
2017-11-14 02:00:00,1.1611199,1.16072,1.1607361,1.16052,1.1605494,1.16012,1.1601654,1.15879,1.1590506,1.15657,1.1565706,1.15663,1.1563978
2017-11-14 03:00:00,1.16072,1.16052,1.1605154,1.16012,1.1601632,1.15879,1.1587559,1.15657,1.156221,1.15663,1.1566631,1.15659,1.1565949
2017-11-14 04:00:00,1.16052,1.16012,1.1601361,1.15879,1.1587119,1.15657,1.1566873,1.15663,1.156823,1.15659,1.1565944,1.15693,1.1570543
2017-11-14 05:00:00,1.16012,1.15879,1.1587948,1.15657,1.1563956,1.15663,1.1567876,1.15659,1.1564538,1.15693,1.1568866,1.15649,1.1564164
2017-11-14 06:00:00,1.15879,1.15657,1.1565697,1.15663,1.1567459,1.15659,1.1567252,1.15693,1.156984,1.15649,1.1563953,1.1562,1.156189
2017-11-14 07:00:00,1.15657,1.15663,1.1567028,1.15659,1.1566133,1.15693,1.1570309,1.15649,1.1565754,1.1562,1.1562073,1.15767,1.1577042
2017-11-14 08:00:00,1.15663,1.15659,1.156604,1.15693,1.1569798,1.15649,1.1565232,1.1562,1.1562631,1.15767,1.1576465,1.15748,1.157407
2017-11-14 09:00:00,1.15659,1.15693,1.1569705,1.15649,1.1565261,1.1562,1.1562026,1.15767,1.1577437,1.15748,1.1574802,1.15759,1.1575861
2017-11-14 10:00:00,1.15693,1.15649,1.1565199,1.1562,1.1562462,1.15767,1.1576648,1.15748,1.1574509,1.15759,1.157476,1.15822,1.158051
2017-11-14 11:00:00,1.15649,1.1562,1.1561861,1.15767,1.1575333,1.15748,1.1575323,1.15759,1.1575017,1.15822,1.1581876,1.15756,1.1574078
2017-11-14 12:00:00,1.1562,1.15767,1.1576737,1.15748,1.1574872,1.15759,1.1574988,1.15822,1.1581304,1.15756,1.1575041,1.15865,1.1586566
2017-11-14 13:00:00,1.15767,1.15748,1.1574255,1.15759,1.1575814,1.15822,1.1582403,1.15756,1.157528,1.15865,1.1586423,1.15894,1.1588438
2017-11-14 14:00:00,1.15748,1.15759,1.1575727,1.15822,1.1581849,1.15756,1.1575024,1.15865,1.1586403,1.15894,1.1587715,1.15846,1.1584188
2017-11-14 15:00:00,1.15759,1.15822,1.1582212,1.15756,1.1575416,1.15865,1.158587,1.15894,1.1590258,1.15846,1.1583863,1.15928,1.1592228
2017-11-14 16:00:00,1.15822,1.15756,1.1575303,1.15865,1.1586673,1.15894,1.1589494,1.15846,1.1584543,1.15928,1.1591778,1.16004,1.1599698
2017-11-14 17:00:00,1.15756,1.15865,1.1586621,1.15894,1.1589351,1.15846,1.1584083,1.15928,1.1592155,1.16004,1.1598967,1.15929,1.1592147
2017-11-14 18:00:00,1.15865,1.15894,1.1589142,1.15846,1.1584725,1.15928,1.1592631,1.16004,1.1600845,1.15929,1.1592973,1.15953,1.1595287
2017-11-14 19:00:00,1.15894,1.15846,1.1585099,1.15928,1.1592795,1.16004,1.16007,1.15929,1.1593088,1.15953,1.159478,1.15953,1.1594492
2017-11-14 20:00:00,1.15846,1.15928,1.1592827,1.16004,1.1600384,1.15929,1.1592407,1.15953,1.1596048,1.15953,1.159488,1.15959,1.1596032
2017-11-14 21:00:00,1.15928,1.16004,1.1599755,1.15929,1.1593086,1.15953,1.1595299,1.15953,1.1595773,1.15959,1.1596109,1.15979,1.1597806
2017-11-14 22:00:00,1.16004,1.15929,1.1592978,1.15953,1.159555,1.15953,1.1595094,1.15959,1.1596464,1.15979,1.1597362,1.15953,1.159488
2017-11-14 23:00:00,1.15929,1.15953,1.1595582,1.15953,1.1595166,1.15959,1.1595733,1.15979,1.15981,1.15953,1.1594946,1.15912,1.1590847
2017-11-15 00:00:00,1.15953,1.15953,1.1595218,1.15959,1.1596199,1.15979,1.1597887,1.15953,1.1595738,1.15912,1.159082,1.15949,1.1594483
2017-11-15 01:00:00,1.15953,1.15959,1.1596323,1.15979,1.1598345,1.15953,1.1595408,1.15912,1.1591341,1.15949,1.1594802,1.1599,1.1598955
2017-11-15 02:00:00,1.15959,1.15979,1.1597854,1.15953,1.1595455,1.15912,1.1590792,1.15949,1.1595412,1.1599,1.1598848,1.1591899,1.159173
2017-11-15 03:00:00,1.15979,1.15953,1.1595172,1.15912,1.1591479,1.15949,1.159463,1.1599,1.159969,1.1591899,1.1591473,1.16033,1.1603558
2017-11-15 04:00:00,1.15953,1.15912,1.159174,1.15949,1.1595149,1.1599,1.1599146,1.1591899,1.159201,1.16033,1.160324,1.15971,1.1596469
2017-11-15 05:00:00,1.15912,1.15949,1.1594665,1.1599,1.1599262,1.1591899,1.1591234,1.16033,1.1603014,1.15971,1.1596801,1.15856,1.158569
2017-11-15 06:00:00,1.15949,1.1599,1.1599197,1.1591899,1.1592001,1.16033,1.1603122,1.15971,1.1597716,1.15856,1.1585588,1.15906,1.1590333
2017-11-15 07:00:00,1.1599,1.1591899,1.1592466,1.16033,1.1603637,1.15971,1.1597228,1.15856,1.1585004,1.15906,1.1589864,1.15983,1.1597368
2017-11-15 08:00:00,1.1591899,1.16033,1.1603477,1.15971,1.1597775,1.15856,1.1585629,1.15906,1.1591465,1.15983,1.1598583,1.15847,1.1584542
2017-11-15 09:00:00,1.16033,1.15971,1.1596975,1.15856,1.1586162,1.15906,1.1590369,1.15983,1.1599288,1.15847,1.1585094,1.15899,1.1589814
2017-11-15 10:00:00,1.15971,1.15856,1.1587261,1.15906,1.1591111,1.15983,1.1599087,1.15847,1.1585164,1.15899,1.1589125,1.15928,1.1592132
2017-11-15 11:00:00,1.15856,1.15906,1.1590408,1.15983,1.1597284,1.15847,1.1584126,1.15899,1.1590631,1.15928,1.159204,1.15937,1.159377
2017-11-15 12:00:00,1.15906,1.15983,1.1598103,1.15847,1.1584872,1.15899,1.1589744,1.15928,1.1593164,1.15937,1.1593457,1.15949,1.159437
2017-11-15 13:00:00,1.15983,1.15847,1.1584266,1.15899,1.1590966,1.15928,1.1592668,1.15937,1.1594056,1.15949,1.1594092,1.15975,1.1596878
2017-11-15 14:00:00,1.15847,1.15899,1.1590344,1.15928,1.1592362,1.15937,1.1593506,1.15949,1.1595117,1.15975,1.1595864,1.15915,1.1591051
2017-11-15 15:00:00,1.15899,1.15928,1.1592572,1.15937,1.1593618,1.15949,1.1594889,1.15975,1.1598108,1.15915,1.1590934,1.15926,1.1592019
2017-11-15 16:00:00,1.15928,1.15937,1.1593914,1.15949,1.1594853,1.15975,1.1597878,1.15915,1.1591669,1.15926,1.159229,1.15944,1.1593913
2017-11-15 17:00:00,1.15937,1.15949,1.1594833,1.15975,1.1597629,1.15915,1.1591352,1.15926,1.159303,1.15944,1.1594163,1.15873,1.1586938
2017-11-15 18:00:00,1.15949,1.15975,1.159762,1.15915,1.1591457,1.15926,1.15927,1.15944,1.159498,1.15873,1.1587075,1.1593,1.1593176
2017-11-15 19:00:00,1.15975,1.15915,1.1591423,1.15926,1.1592555,1.15944,1.1594896,1.15873,1.1587408,1.1593,1.1593128,1.15956,1.1595451
2017-11-15 20:00:00,1.15915,1.15926,1.1592777,1.15944,1.1594552,1.15873,1.1587353,1.1593,1.1593454,1.15956,1.1595476,1.15915,1.1591575
2017-11-15 21:00:00,1.15926,1.15944,1.1594183,1.15873,1.1587676,1.1593,1.1593217,1.15956,1.1596278,1.15915,1.1591216,1.15951,1.1595051
2017-11-15 22:00:00,1.15944,1.15873,1.1587355,1.1593,1.159316,1.15956,1.1595767,1.15915,1.159194,1.15951,1.159464,1.16026,1.1602409
2017-11-15 23:00:00,1.15873,1.1593,1.159353,1.15956,1.1596261,1.15915,1.1591234,1.15951,1.159601,1.16026,1.1602823,1.1608601,1.1609148
2017-11-16 00:00:00,1.1593,1.15956,1.1595645,1.15915,1.1591679,1.15951,1.159523,1.16026,1.1602243,1.1608601,1.1608043,1.16051,1.1604444
2017-11-16 01:00:00,1.15956,1.15915,1.1591376,1.15951,1.1595005,1.16026,1.1602288,1.1608601,1.1609379,1.16051,1.1604732,1.1593599,1.1592629
2017-11-16 02:00:00,1.15915,1.15951,1.1595005,1.16026,1.1602997,1.1608601,1.1608404,1.16051,1.1604881,1.1593599,1.15931,1.16017,1.1601622
2017-11-16 03:00:00,1.15951,1.16026,1.1603028,1.1608601,1.160896,1.16051,1.1605047,1.1593599,1.1593397,1.16017,1.1601309,1.16115,1.1610641
2017-11-16 04:00:00,1.16026,1.1608601,1.1608374,1.16051,1.160531,1.1593599,1.159318,1.16017,1.1602865,1.16115,1.1610683,1.16391,1.1642214
2017-11-16 05:00:00,1.1608601,1.16051,1.1604756,1.1593599,1.1593841,1.16017,1.1601658,1.16115,1.1612242,1.16391,1.1640465,1.16312,1.163063
2017-11-16 06:00:00,1.16051,1.1593599,1.159421,1.16017,1.1601672,1.16115,1.1610425,1.16391,1.1640453,1.16312,1.1629992,1.16039,1.1603104
2017-11-16 07:00:00,1.1593599,1.16017,1.16013,1.16115,1.1611264,1.16391,1.1636894,1.16312,1.1630588,1.16039,1.1602545,1.16299,1.1630079
2017-11-16 08:00:00,1.16017,1.16115,1.1611735,1.16391,1.1640953,1.16312,1.1629102,1.16039,1.160337,1.16299,1.1629189,1.16233,1.1621605
2017-11-16 09:00:00,1.16115,1.16391,1.1637698,1.16312,1.1631244,1.16039,1.1601704,1.16299,1.163154,1.16233,1.1622759,1.16471,1.1648523
2017-11-16 10:00:00,1.16391,1.16312,1.1630906,1.16039,1.1604348,1.16299,1.1631185,1.16233,1.1624357,1.16471,1.1647922,1.164,1.163954
2017-11-16 11:00:00,1.16312,1.16039,1.1605077,1.16299,1.1629918,1.16233,1.1622428,1.16471,1.1647981,1.164,1.1637716,1.16483,1.1647711
2017-11-16 12:00:00,1.16039,1.16299,1.1631784,1.16233,1.1622123,1.16471,1.1647431,1.164,1.1637468,1.16483,1.1648464,1.16482,1.1646962
2017-11-16 13:00:00,1.16299,1.16233,1.1622076,1.16471,1.1646763,1.164,1.1638963,1.16483,1.1649581,1.16482,1.1646534,1.16416,1.164119
2017-11-16 14:00:00,1.16233,1.16471,1.1646384,1.164,1.1640111,1.16483,1.1647615,1.16482,1.1647885,1.16416,1.1641812,1.16394,1.1639498
2017-11-16 15:00:00,1.16471,1.164,1.1640028,1.16483,1.164896,1.16482,1.1647884,1.16416,1.164213,1.16394,1.163904,1.16429,1.1642667
2017-11-16 16:00:00,1.164,1.16483,1.1648463,1.16482,1.1647439,1.16416,1.1641226,1.16394,1.1639688,1.16429,1.1642587,1.16455,1.1645561
2017-11-16 17:00:00,1.16483,1.16482,1.1647787,1.16416,1.1641735,1.16394,1.1639539,1.16429,1.1644231,1.16455,1.1645324,1.16515,1.1652236
2017-11-16 18:00:00,1.16482,1.16416,1.1642389,1.16394,1.1640294,1.16429,1.1642994,1.16455,1.1645697,1.16515,1.1651331,1.16453,1.1645025
2017-11-16 19:00:00,1.16416,1.16394,1.1639309,1.16429,1.1643121,1.16455,1.1645453,1.16515,1.1651688,1.16453,1.1644855,1.1645,1.1645079
2017-11-16 20:00:00,1.16394,1.16429,1.1642954,1.16455,1.164573,1.16515,1.1650565,1.16453,1.1645801,1.1645,1.1645133,1.16467,1.1646686
2017-11-16 21:00:00,1.16429,1.16455,1.1645277,1.16515,1.165234,1.16453,1.1645055,1.1645,1.1645797,1.16467,1.1646342,1.16433,1.1643031
2017-11-16 22:00:00,1.16455,1.16515,1.1651739,1.16453,1.1645573,1.1645,1.1644727,1.16467,1.164714,1.16433,1.164286,1.16449,1.1644845
2017-11-16 23:00:00,1.16515,1.16453,1.1645269,1.1645,1.164557,1.16467,1.1646676,1.16433,1.1643937,1.16449,1.1644795,1.16485,1.1648124
2017-11-17 00:00:00,1.16453,1.1645,1.1645083,1.16467,1.1646897,1.16433,1.1643023,1.16449,1.1645322,1.16485,1.1648085,1.16326,1.163232
2017-11-17 01:00:00,1.1645,1.16467,1.1646405,1.16433,1.1643372,1.16449,1.1644692,1.16485,1.1648734,1.16326,1.1632837,1.16336,1.163348
2017-11-17 02:00:00,1.16467,1.16433,1.1643404,1.16449,1.1645284,1.16485,1.1648765,1.16326,1.1632771,1.16336,1.1633499,1.16597,1.1659836
2017-11-17 03:00:00,1.16433,1.16449,1.1644707,1.16485,1.1648314,1.16326,1.1632918,1.16336,1.1633973,1.16597,1.1658998,1.165,1.1649824
2017-11-17 04:00:00,1.16449,1.16485,1.1648047,1.16326,1.1633301,1.16336,1.1633307,1.16597,1.1660109,1.165,1.1649327,1.16391,1.1638882
2017-11-17 05:00:00,1.16485,1.16326,1.163343,1.16336,1.1633651,1.16597,1.165973,1.165,1.1650288,1.16391,1.1638157,1.16502,1.1649396
2017-11-17 06:00:00,1.16326,1.16336,1.1634016,1.16597,1.1660092,1.165,1.1648353,1.16391,1.1639348,1.16502,1.1649903,1.16478,1.1647419
2017-11-17 07:00:00,1.16336,1.16597,1.1660748,1.165,1.1649938,1.16391,1.1638199,1.16502,1.1651059,1.16478,1.164727,1.16635,1.166416
2017-11-17 08:00:00,1.16597,1.165,1.1650097,1.16391,1.163888,1.16502,1.1651163,1.16478,1.1648655,1.16635,1.1663847,1.16607,1.1660483
2017-11-17 09:00:00,1.165,1.16391,1.1639025,1.16502,1.1649984,1.16478,1.1646992,1.16635,1.1661776,1.16607,1.165997,1.16555,1.165519
2017-11-17 10:00:00,1.16391,1.16502,1.1650456,1.16478,1.1647936,1.16635,1.1662226,1.16607,1.1659312,1.16555,1.1654539,1.1658599,1.1658183
2017-11-17 11:00:00,1.16502,1.16478,1.1647061,1.16635,1.166224,1.16607,1.1660081,1.16555,1.1655198,1.1658599,1.1658096,1.16602,1.1658983
2017-11-17 12:00:00,1.16478,1.16635,1.1664631,1.16607,1.1660646,1.16555,1.1655397,1.1658599,1.1658714,1.16602,1.1660438,1.16657,1.1666583
2017-11-17 13:00:00,1.16635,1.16607,1.1660333,1.16555,1.1656328,1.1658599,1.165874,1.16602,1.1660914,1.16657,1.1666238,1.16646,1.1665016
2017-11-17 14:00:00,1.16607,1.16555,1.1655825,1.1658599,1.1658621,1.16602,1.1660275,1.16657,1.1666186,1.16646,1.166438,1.16601,1.1660409
2017-11-17 15:00:00,1.16555,1.1658599,1.1658696,1.16602,1.1660489,1.16657,1.1666194,1.16646,1.1664997,1.16601,1.165987,1.16569,1.1657176
2017-11-17 16:00:00,1.1658599,1.16602,1.1660289,1.16657,1.1665721,1.16646,1.1664516,1.16601,1.1660647,1.16569,1.1656682,1.16607,1.1660913
2017-11-17 17:00:00,1.16602,1.16657,1.1665577,1.16646,1.1664689,1.16601,1.1660115,1.16569,1.1657603,1.16607,1.1660901,1.16478,1.1647366
2017-11-17 18:00:00,1.16657,1.16646,1.166462,1.16601,1.1660658,1.16569,1.1656914,1.16607,1.1662112,1.16478,1.1648118,1.16495,1.1650438
2017-11-17 19:00:00,1.16646,1.16601,1.1659794,1.16569,1.1657805,1.16607,1.1661705,1.16478,1.1648748,1.16495,1.1649805,1.16492,1.1649195
2017-11-17 20:00:00,1.16601,1.16569,1.1656828,1.16607,1.1660974,1.16478,1.1647952,1.16495,1.1649159,1.16492,1.1648461,1.16549,1.1655414
2017-11-17 21:00:00,1.16569,1.16607,1.1660638,1.16478,1.164789,1.16495,1.1649406,1.16492,1.1650091,1.16549,1.1655159,1.16508,1.1650853
2017-11-19 22:00:00,1.16607,1.16478,1.16474,1.16495,1.1650164,1.16492,1.1648451,1.16549,1.1655636,1.16508,1.1650028,1.16577,1.1657513
2017-11-19 23:00:00,1.16478,1.16495,1.1650153,1.16492,1.1649475,1.16549,1.1655396,1.16508,1.1651088,1.16577,1.1657815,1.16476,1.1647301
2017-11-20 00:00:00,1.16495,1.16492,1.1648893,1.16549,1.1655387,1.16508,1.165046,1.16577,1.1658024,1.16476,1.1647513,1.16397,1.1640062
2017-11-20 01:00:00,1.16492,1.16549,1.165483,1.16508,1.1651117,1.16577,1.1657765,1.16476,1.1648042,1.16397,1.1640034,1.16466,1.1646758
2017-11-20 02:00:00,1.16549,1.16508,1.1650418,1.16577,1.1657952,1.16476,1.1647806,1.16397,1.1640049,1.16466,1.1646173,1.1640999,1.1640397
2017-11-20 03:00:00,1.16508,1.16577,1.1657028,1.16476,1.1647761,1.16397,1.1639589,1.16466,1.1647747,1.1640999,1.1640828,1.16455,1.1646206
2017-11-20 04:00:00,1.16577,1.16476,1.1647904,1.16397,1.1640406,1.16466,1.1647235,1.1640999,1.1642237,1.16455,1.1646115,1.16502,1.1650417
2017-11-20 05:00:00,1.16476,1.16397,1.1640369,1.16466,1.1646771,1.1640999,1.1641504,1.16455,1.164585,1.16502,1.1649249,1.16535,1.1653463
2017-11-20 06:00:00,1.16397,1.16466,1.164629,1.1640999,1.1641119,1.16455,1.1645603,1.16502,1.1651766,1.16535,1.1652552,1.16693,1.166941
2017-11-20 07:00:00,1.16466,1.1640999,1.1641064,1.16455,1.1645904,1.16502,1.1649878,1.16535,1.1653486,1.16693,1.1669203,1.16602,1.1659621
2017-11-20 08:00:00,1.1640999,1.16455,1.1646413,1.16502,1.1650033,1.16535,1.165271,1.16693,1.1667732,1.16602,1.1658546,1.1663799,1.1662004
2017-11-20 09:00:00,1.16455,1.16502,1.1649469,1.16535,1.1653451,1.16693,1.1669179,1.16602,1.1659588,1.1663799,1.1663513,1.16549,1.165407
2017-11-20 10:00:00,1.16502,1.16535,1.1653085,1.16693,1.1668438,1.16602,1.1659025,1.1663799,1.1664274,1.16549,1.1653893,1.16618,1.1661326
2017-11-20 11:00:00,1.16535,1.16693,1.1668844,1.16602,1.166036,1.1663799,1.1663742,1.16549,1.165532,1.16618,1.1661639,1.1664,1.16635
2017-11-20 12:00:00,1.16693,1.16602,1.1660327,1.1663799,1.1663829,1.16549,1.1656351,1.16618,1.166255,1.1664,1.1663333,1.16664,1.1666423
2017-11-20 13:00:00,1.16602,1.1663799,1.1664121,1.16549,1.1654949,1.16618,1.1662273,1.1664,1.1664577,1.16664,1.1665841,1.1668,1.1668428
2017-11-20 14:00:00,1.1663799,1.16549,1.1654732,1.16618,1.1662169,1.1664,1.1664099,1.16664,1.1666993,1.1668,1.1668074,1.1665,1.1665092
2017-11-20 15:00:00,1.16549,1.16618,1.1661835,1.1664,1.1664025,1.16664,1.1665763,1.1668,1.1668622,1.1665,1.1664021,1.16637,1.1663657
2017-11-20 16:00:00,1.16618,1.1664,1.1663536,1.16664,1.1666542,1.1668,1.1667445,1.1665,1.1665466,1.16637,1.1663555,1.1664,1.1664001
2017-11-20 17:00:00,1.1664,1.16664,1.1666497,1.1668,1.1668122,1.1665,1.1664873,1.16637,1.1664485,1.1664,1.1663966,1.16702,1.1670313
2017-11-20 18:00:00,1.16664,1.1668,1.166789,1.1665,1.1665301,1.16637,1.1663753,1.1664,1.1664754,1.16702,1.1670254,1.16693,1.1669462
2017-11-20 19:00:00,1.1668,1.1665,1.1665082,1.16637,1.1663721,1.1664,1.1663988,1.16702,1.1670796,1.16693,1.1668743,1.16712,1.1671205
2017-11-20 20:00:00,1.1665,1.16637,1.1663711,1.1664,1.166408,1.16702,1.1670356,1.16693,1.1669775,1.16712,1.1671145,1.1670899,1.1670388
2017-11-20 21:00:00,1.16637,1.1664,1.1664262,1.16702,1.167067,1.16693,1.1668835,1.16712,1.1671932,1.1670899,1.1670198,1.16721,1.1672384
2017-11-20 22:00:00,1.1664,1.16702,1.1670877,1.16693,1.1669539,1.16712,1.1670525,1.1670899,1.1671655,1.16721,1.1671743,1.1673601,1.1673199
2017-11-20 23:00:00,1.16702,1.16693,1.1669128,1.16712,1.1671442,1.1670899,1.1670741,1.16721,1.1672833,1.1673601,1.1673392,1.16646,1.1664493
2017-11-21 00:00:00,1.16693,1.16712,1.1671509,1.1670899,1.1670865,1.16721,1.1671609,1.1673601,1.1674235,1.16646,1.1664016,1.16892,1.1690367
2017-11-21 01:00:00,1.16712,1.1670899,1.1670903,1.16721,1.1672167,1.1673601,1.1673591,1.16646,1.1664428,1.16892,1.168843,1.17091,1.170806
2017-11-21 02:00:00,1.1670899,1.16721,1.1672133,1.1673601,1.1673723,1.16646,1.16638,1.16892,1.1689836,1.17091,1.170848,1.17168,1.1717502
2017-11-21 03:00:00,1.16721,1.1673601,1.1673908,1.16646,1.1664642,1.16892,1.1689146,1.17091,1.1710155,1.17168,1.1715121,1.17163,1.1714176
2017-11-21 04:00:00,1.1673601,1.16646,1.166523,1.16892,1.1688801,1.17091,1.1708403,1.17168,1.1716726,1.17163,1.1714748,1.17229,1.1723125
2017-11-21 05:00:00,1.16646,1.16892,1.1687346,1.17091,1.170771,1.17168,1.1714786,1.17163,1.1716088,1.17229,1.1720684,1.17461,1.1745405
2017-11-21 06:00:00,1.16892,1.17091,1.1706517,1.17168,1.1716561,1.17163,1.1715261,1.17229,1.1723268,1.17461,1.1743679,1.17513,1.1747644
2017-11-21 07:00:00,1.17091,1.17168,1.1716349,1.17163,1.1715487,1.17229,1.1722134,1.17461,1.1744273,1.17513,1.1749889,1.17513,1.1751295
2017-11-21 08:00:00,1.17168,1.17163,1.1716045,1.17229,1.1722499,1.17461,1.1746074,1.17513,1.1750453,1.17513,1.175101,1.17544,1.1754181
2017-11-21 09:00:00,1.17163,1.17229,1.1722237,1.17461,1.1745893,1.17513,1.1752374,1.17513,1.17502,1.17544,1.1753366,1.17625,1.1761124
2017-11-21 10:00:00,1.17229,1.17461,1.1746546,1.17513,1.1749613,1.17513,1.1749346,1.17544,1.17538,1.17625,1.1759651,1.17807,1.1778668
2017-11-21 11:00:00,1.17461,1.17513,1.1751416,1.17513,1.1751662,1.17544,1.1753572,1.17625,1.1762364,1.17807,1.1779476,1.17996,1.1801604
2017-11-21 12:00:00,1.17513,1.17513,1.1751499,1.17544,1.1754429,1.17625,1.1761839,1.17807,1.178478,1.17996,1.1801678,1.17931,1.1792758
2017-11-21 13:00:00,1.17513,1.17544,1.1754134,1.17625,1.1761816,1.17807,1.177838,1.17996,1.1796418,1.17931,1.1791124,1.17922,1.1791841
2017-11-21 14:00:00,1.17544,1.17625,1.1761687,1.17807,1.1779244,1.17996,1.1797539,1.17931,1.1793824,1.17922,1.1790121,1.1795,1.1795377
2017-11-21 15:00:00,1.17625,1.17807,1.1778127,1.17996,1.1800172,1.17931,1.1790683,1.17922,1.1791105,1.1795,1.1792933,1.17977,1.1798115
2017-11-21 16:00:00,1.17807,1.17996,1.1800665,1.17931,1.1792082,1.17922,1.1791263,1.1795,1.1794744,1.17977,1.1798432,1.17901,1.1790149
2017-11-21 17:00:00,1.17996,1.17931,1.1793215,1.17922,1.1792868,1.1795,1.1794372,1.17977,1.1798959,1.17901,1.1790488,1.17919,1.1792026
2017-11-21 18:00:00,1.17931,1.17922,1.1792326,1.1795,1.1795173,1.17977,1.1797992,1.17901,1.179107,1.17919,1.179158,1.17888,1.1789045
2017-11-21 19:00:00,1.17922,1.1795,1.1794543,1.17977,1.1798553,1.17901,1.178962,1.17919,1.179285,1.17888,1.1788552,1.17927,1.1793312
2017-11-21 20:00:00,1.1795,1.17977,1.1798147,1.17901,1.179059,1.17919,1.1791716,1.17888,1.178964,1.17927,1.1792607,1.17963,1.1796548
2017-11-21 21:00:00,1.17977,1.17901,1.178967,1.17919,1.1792078,1.17888,1.1788695,1.17927,1.1793417,1.17963,1.1795975,1.17922,1.1792506
2017-11-21 22:00:00,1.17901,1.17919,1.1792052,1.17888,1.1789011,1.17927,1.1792316,1.17963,1.1797299,1.17922,1.1792221,1.17862,1.1786642
2017-11-21 23:00:00,1.17919,1.17888,1.1788889,1.17927,1.1793209,1.17963,1.179625,1.17922,1.1793249,1.17862,1.178612,1.17922,1.1792761
2017-11-22 00:00:00,1.17888,1.17927,1.1792746,1.17963,1.1796346,1.17922,1.1791661,1.17862,1.178687,1.17922,1.1791581,1.18103,1.1810824
2017-11-22 01:00:00,1.17927,1.17963,1.1796052,1.17922,1.1792502,1.17862,1.1785935,1.17922,1.1793079,1.18103,1.180893,1.18379,1.1838963
2017-11-22 02:00:00,1.17963,1.17922,1.1792349,1.17862,1.1786143,1.17922,1.1791852,1.18103,1.181239,1.18379,1.1839031,1.1839,1.1839463
2017-11-22 03:00:00,1.17922,1.17862,1.1786511,1.17922,1.1792294,1.18103,1.1809287,1.18379,1.1835452,1.1839,1.183738,1.18455,1.1846849
2017-11-22 04:00:00,1.17862,1.17922,1.1792574,1.18103,1.1809745,1.18379,1.1837571,1.1839,1.1833042,1.18455,1.1841857,1.18463,1.1842849
2017-11-22 05:00:00,1.17922,1.18103,1.180927,1.18379,1.1837448,1.1839,1.1837006,1.18455,1.1845279,1.18463,1.1845558,1.18362,1.1833384
2017-11-22 06:00:00,1.18103,1.18379,1.1837729,1.1839,1.1837467,1.18455,1.1843004,1.18463,1.1842486,1.18362,1.1836832,1.1844,1.1845679
2017-11-22 07:00:00,1.18379,1.1839,1.1838531,1.18455,1.1845489,1.18463,1.1846075,1.18362,1.1836743,1.1844,1.1844726,1.18198,1.1819751
2017-11-22 08:00:00,1.1839,1.18455,1.1845542,1.18463,1.184604,1.18362,1.1835928,1.1844,1.1844528,1.18198,1.1820432,1.17999,1.1799706
2017-11-22 09:00:00,1.18455,1.18463,1.1845919,1.18362,1.1837252,1.1844,1.1844962,1.18198,1.1821893,1.17999,1.1800325,1.17926,1.1792763
2017-11-22 10:00:00,1.18463,1.18362,1.1837001,1.1844,1.1844282,1.18198,1.181999,1.17999,1.1799306,1.17926,1.179576,1.17968,1.1797078
2017-11-22 11:00:00,1.18362,1.1844,1.1844323,1.18198,1.182101,1.17999,1.1800947,1.17926,1.1792097,1.17968,1.1799158,1.18014,1.1803585
2017-11-22 12:00:00,1.1844,1.18198,1.1821017,1.17999,1.1801171,1.17926,1.1793494,1.17968,1.1798992,1.18014,1.1802758,1.17926,1.179383
2017-11-22 13:00:00,1.18198,1.17999,1.1800634,1.17926,1.1792963,1.17968,1.1796992,1.18014,1.1802613,1.17926,1.1794865,1.17916,1.1792742
2017-11-22 14:00:00,1.17999,1.17926,1.1792866,1.17968,1.1797366,1.18014,1.1801537,1.17926,1.1793433,1.17916,1.1791053,1.17886,1.1788753
2017-11-22 15:00:00,1.17926,1.17968,1.1796297,1.18014,1.1801056,1.17926,1.1792479,1.17916,1.1792309,1.17886,1.1789038,1.17687,1.176969
2017-11-22 16:00:00,1.17968,1.18014,1.1801816,1.17926,1.17931,1.17916,1.17915,1.17886,1.1790045,1.17687,1.1770061,1.1782,1.1783189
2017-11-22 17:00:00,1.18014,1.17926,1.1792351,1.17916,1.1792841,1.17886,1.17894,1.17687,1.1770892,1.1782,1.1782362,1.17806,1.1780481
2017-11-22 18:00:00,1.17926,1.17916,1.179143,1.17886,1.1788943,1.17687,1.1769757,1.1782,1.178395,1.17806,1.1780705,1.1787,1.178785
2017-11-22 19:00:00,1.17916,1.17886,1.1788484,1.17687,1.1769933,1.1782,1.1783199,1.17806,1.1781446,1.1787,1.178714,1.178,1.1779943
2017-11-22 20:00:00,1.17886,1.17687,1.1770489,1.1782,1.1782217,1.17806,1.1780269,1.1787,1.178718,1.178,1.1779022,1.17771,1.1775972
2017-11-22 21:00:00,1.17687,1.1782,1.1782492,1.17806,1.177932,1.1787,1.17872,1.178,1.1779921,1.17771,1.1776323,1.17765,1.1775887
2017-11-22 22:00:00,1.1782,1.17806,1.1780182,1.1787,1.1787353,1.178,1.1779971,1.17771,1.1777743,1.17765,1.1776481,1.17786,1.1778774
2017-11-22 23:00:00,1.17806,1.1787,1.1786885,1.178,1.1780305,1.17771,1.1777278,1.17765,1.1777349,1.17786,1.1778572,1.17993,1.179969
2017-11-23 00:00:00,1.1787,1.178,1.1779768,1.17771,1.1777291,1.17765,1.17766,1.17786,1.1779408,1.17993,1.1799837,1.17708,1.1771317
2017-11-23 01:00:00,1.178,1.17771,1.1777083,1.17765,1.1776351,1.17786,1.1777731,1.17993,1.1799779,1.17708,1.1769476,1.17887,1.1789341
2017-11-23 02:00:00,1.17771,1.17765,1.1776526,1.17786,1.1778814,1.17993,1.1799095,1.17708,1.1770449,1.17887,1.1788628,1.1775,1.1773567
2017-11-23 03:00:00,1.17765,1.17786,1.1778523,1.17993,1.1798866,1.17708,1.1769564,1.17887,1.1789627,1.1775,1.1774029,1.17696,1.1769485
2017-11-23 04:00:00,1.17786,1.17993,1.1798488,1.17708,1.1770686,1.17887,1.1789222,1.1775,1.1775906,1.17696,1.1769923,1.17643,1.1763796
2017-11-23 05:00:00,1.17993,1.17708,1.1771404,1.17887,1.1789736,1.1775,1.1776512,1.17696,1.1772772,1.17643,1.1763692,1.17605,1.1758858
2017-11-23 06:00:00,1.17708,1.17887,1.1788757,1.1775,1.177526,1.17696,1.1769711,1.17643,1.176538,1.17605,1.1759586,1.17749,1.1775733
2017-11-23 07:00:00,1.17887,1.1775,1.1774172,1.17696,1.1769322,1.17643,1.1763353,1.17605,1.1761662,1.17749,1.1775788,1.17786,1.1779172
2017-11-23 08:00:00,1.1775,1.17696,1.1770695,1.17643,1.1764469,1.17605,1.1759559,1.17749,1.177561,1.17786,1.1778784,1.1772699,1.1773016
2017-11-23 09:00:00,1.17696,1.17643,1.1764232,1.17605,1.1760348,1.17749,1.1774732,1.17786,1.1778972,1.1772699,1.1771904,1.17713,1.177114
2017-11-23 10:00:00,1.17643,1.17605,1.1760741,1.17749,1.177491,1.17786,1.1778727,1.1772699,1.177224,1.17713,1.177047,1.17726,1.177215
2017-11-23 11:00:00,1.17605,1.17749,1.1773401,1.17786,1.1779811,1.1772699,1.1772667,1.17713,1.177103,1.17726,1.1771809,1.17685,1.1768839
2017-11-23 12:00:00,1.17749,1.17786,1.1778347,1.1772699,1.1773214,1.17713,1.1771045,1.17726,1.1773294,1.17685,1.17686,1.17646,1.1764745
2017-11-23 13:00:00,1.17786,1.1772699,1.177231,1.17713,1.1771919,1.17726,1.177282,1.17685,1.1767751,1.17646,1.1764338,1.177,1.1769332
2017-11-23 14:00:00,1.1772699,1.17713,1.177147,1.17726,1.177287,1.17685,1.1768588,1.17646,1.1764635,1.177,1.1769432,1.17664,1.1765924
2017-11-23 15:00:00,1.17713,1.17726,1.177261,1.17685,1.1768657,1.17646,1.176425,1.177,1.1770587,1.17664,1.1766319,1.17703,1.1770403
2017-11-23 16:00:00,1.17726,1.17685,1.1768146,1.17646,1.1764728,1.177,1.1769915,1.17664,1.1766706,1.17703,1.1769471,1.17779,1.177783
2017-11-23 17:00:00,1.17685,1.17646,1.1764829,1.177,1.1770232,1.17664,1.1766022,1.17703,1.1770481,1.17779,1.1777036,1.17892,1.1788576
2017-11-23 18:00:00,1.17646,1.177,1.1769841,1.17664,1.1766638,1.17703,1.1769575,1.17779,1.1778034,1.17892,1.1788616,1.18118,1.181077
2017-11-23 19:00:00,1.177,1.17664,1.1766679,1.17703,1.1770308,1.17779,1.1777407,1.17892,1.1789663,1.18118,1.1809629,1.18192,1.1817031
2017-11-23 20:00:00,1.17664,1.17703,1.1769986,1.17779,1.1778328,1.17892,1.1787394,1.18118,1.1812139,1.18192,1.1818817,1.18076,1.1807646
2017-11-23 21:00:00,1.17703,1.17779,1.177716,1.17892,1.178893,1.18118,1.1811664,1.18192,1.1818275,1.18076,1.1805658,1.18032,1.1801971
2017-11-23 22:00:00,1.17779,1.17892,1.1789083,1.18118,1.180993,1.18192,1.1818762,1.18076,1.1807278,1.18032,1.1803955,1.18028,1.1800717
2017-11-23 23:00:00,1.17892,1.18118,1.1811268,1.18192,1.1819035,1.18076,1.1807517,1.18032,1.1803478,1.18028,1.1801093,1.18116,1.1810778
2017-11-24 00:00:00,1.18118,1.18192,1.1819549,1.18076,1.1807947,1.18032,1.1803383,1.18028,1.1804442,1.18116,1.1812556,1.1787,1.1787969
2017-11-24 01:00:00,1.18192,1.18076,1.1807673,1.18032,1.1804137,1.18028,1.180226,1.18116,1.1811816,1.1787,1.1786809,1.17859,1.1786813
2017-11-24 02:00:00,1.18076,1.18032,1.1803628,1.18028,1.1803441,1.18116,1.1812353,1.1787,1.1788123,1.17859,1.1787343,1.17934,1.1793866
2017-11-24 03:00:00,1.18032,1.18028,1.180248,1.18116,1.1811427,1.1787,1.178696,1.17859,1.1787254,1.17934,1.1793772,1.18014,1.180203
2017-11-24 04:00:00,1.18028,1.18116,1.1811448,1.1787,1.1787385,1.17859,1.1785285,1.17934,1.1794701,1.18014,1.1802074,1.17934,1.1793845
2017-11-24 05:00:00,1.18116,1.1787,1.1789346,1.17859,1.1786879,1.17934,1.1794213,1.18014,1.1803569,1.17934,1.1793139,1.1791,1.1791351
2017-11-24 06:00:00,1.1787,1.17859,1.178632,1.17934,1.179409,1.18014,1.1801234,1.17934,1.1793684,1.1791,1.1790396,1.17868,1.1786425
2017-11-24 07:00:00,1.17859,1.17934,1.1793371,1.18014,1.1800989,1.17934,1.1792814,1.1791,1.1791272,1.17868,1.1786063,1.1794,1.1793433
2017-11-24 08:00:00,1.17934,1.18014,1.1801218,1.17934,1.1793463,1.1791,1.1790801,1.17868,1.1786981,1.1794,1.1794089,1.178,1.1779996
2017-11-24 09:00:00,1.18014,1.17934,1.17929,1.1791,1.1791005,1.17868,1.1785707,1.1794,1.179491,1.178,1.177839,1.1797,1.1797494
2017-11-24 10:00:00,1.17934,1.1791,1.1791027,1.17868,1.1787078,1.1794,1.1794355,1.178,1.1779289,1.1797,1.1796705,1.18009,1.1800302
2017-11-24 11:00:00,1.1791,1.17868,1.1786696,1.1794,1.1793969,1.178,1.1779708,1.1797,1.179785,1.18009,1.1800103,1.17995,1.1799681
2017-11-24 12:00:00,1.17868,1.1794,1.1793712,1.178,1.1780212,1.1797,1.1796438,1.18009,1.1801233,1.17995,1.1798742,1.17964,1.179585
2017-11-24 13:00:00,1.1794,1.178,1.1779916,1.1797,1.179686,1.18009,1.1800594,1.17995,1.1799546,1.17964,1.1795561,1.17943,1.1793537
2017-11-24 14:00:00,1.178,1.1797,1.1795502,1.18009,1.1800271,1.17995,1.1799399,1.17964,1.1796272,1.17943,1.1794504,1.17864,1.1786387
2017-11-24 15:00:00,1.1797,1.18009,1.1800197,1.17995,1.1799816,1.17964,1.179618,1.17943,1.1794989,1.17864,1.1786813,1.17648,1.1765045
2017-11-24 16:00:00,1.18009,1.17995,1.1799517,1.17964,1.1796298,1.17943,1.179498,1.17864,1.1788458,1.17648,1.1765506,1.1734,1.1737754
2017-11-24 17:00:00,1.17995,1.17964,1.1796272,1.17943,1.1794797,1.17864,1.1786815,1.17648,1.176744,1.1734,1.1737196,1.17429,1.174538
2017-11-24 18:00:00,1.17964,1.17943,1.1794298,1.17864,1.1787136,1.17648,1.1765693,1.1734,1.1733226,1.17429,1.1745801,1.1744,1.1743827
2017-11-24 19:00:00,1.17943,1.17864,1.1786282,1.17648,1.1766156,1.1734,1.1737783,1.17429,1.1744275,1.1744,1.1746943,1.1736,1.1739237
2017-11-24 20:00:00,1.17864,1.17648,1.176506,1.1734,1.173697,1.17429,1.1744189,1.1744,1.1746445,1.1736,1.1734917,1.17362,1.173817
2017-11-24 21:00:00,1.17648,1.1734,1.1736387,1.17429,1.1742837,1.1744,1.1745697,1.1736,1.1737511,1.17362,1.1736317,1.17285,1.1727254
2017-11-26 22:00:00,1.1734,1.17429,1.1742398,1.1744,1.1743495,1.1736,1.1735914,1.17362,1.1736585,1.17285,1.1727946,1.17333,1.1733739
2017-11-26 23:00:00,1.17429,1.1744,1.1743629,1.1736,1.1736474,1.17362,1.1736807,1.17285,1.1729327,1.17333,1.1733469,1.17352,1.1735628
2017-11-27 00:00:00,1.1744,1.1736,1.1736529,1.17362,1.1736848,1.17285,1.1728382,1.17333,1.1734104,1.17352,1.1735,1.1753399,1.1753712
2017-11-27 01:00:00,1.1736,1.17362,1.1736002,1.17285,1.1729257,1.17333,1.1733837,1.17352,1.1735855,1.1753399,1.175322,1.17977,1.1795298
2017-11-27 02:00:00,1.17362,1.17285,1.1728203,1.17333,1.1733084,1.17352,1.1734934,1.1753399,1.1752678,1.17977,1.1794004,1.17942,1.1794492
2017-11-27 03:00:00,1.17285,1.17333,1.173312,1.17352,1.1734576,1.1753399,1.1752149,1.17977,1.1800195,1.17942,1.1789657,1.17878,1.1784599
2017-11-27 04:00:00,1.17333,1.17352,1.173519,1.1753399,1.1753119,1.17977,1.1800364,1.17942,1.1790884,1.17878,1.1785948,1.17755,1.1772028
2017-11-27 05:00:00,1.17352,1.1753399,1.1752858,1.17977,1.1796522,1.17942,1.179312,1.17878,1.178587,1.17755,1.1775564,1.1782401,1.177898
2017-11-27 06:00:00,1.1753399,1.17977,1.179422,1.17942,1.1790081,1.17878,1.178658,1.17755,1.1773705,1.1782401,1.1784049,1.17706,1.1770259
2017-11-27 07:00:00,1.17977,1.17942,1.1792986,1.17878,1.1788132,1.17755,1.1774349,1.1782401,1.1783553,1.17706,1.1770566,1.17567,1.1757207
2017-11-27 08:00:00,1.17942,1.17878,1.1788077,1.17755,1.1776403,1.1782401,1.1783383,1.17706,1.1771711,1.17567,1.1757989,1.17472,1.1748096
2017-11-27 09:00:00,1.17878,1.17755,1.1775723,1.1782401,1.1782297,1.17706,1.1771351,1.17567,1.1756222,1.17472,1.1746372,1.17399,1.1740861
2017-11-27 10:00:00,1.17755,1.1782401,1.1782467,1.17706,1.1770642,1.17567,1.1756445,1.17472,1.1749717,1.17399,1.1739879,1.17466,1.1745555
2017-11-27 11:00:00,1.1782401,1.17706,1.1770073,1.17567,1.1757994,1.17472,1.1746614,1.17399,1.1740706,1.17466,1.1748129,1.17362,1.1736932
2017-11-27 12:00:00,1.17706,1.17567,1.1757227,1.17472,1.174879,1.17399,1.1738629,1.17466,1.1749295,1.17362,1.1736422,1.17314,1.1731026
2017-11-27 13:00:00,1.17567,1.17472,1.1746897,1.17399,1.1740429,1.17466,1.1746354,1.17362,1.173826,1.17314,1.1731514,1.17281,1.1729257
2017-11-27 14:00:00,1.17472,1.17399,1.1739608,1.17466,1.1746818,1.17362,1.1736488,1.17314,1.1733004,1.17281,1.1727823,1.17308,1.1730688
2017-11-27 15:00:00,1.17399,1.17466,1.1747297,1.17362,1.1736672,1.17314,1.1731511,1.17281,1.1729312,1.17308,1.1730813,1.17331,1.1733067
2017-11-27 16:00:00,1.17466,1.17362,1.1736624,1.17314,1.1730913,1.17281,1.1729438,1.17308,1.1732186,1.17331,1.173279,1.17365,1.1736794
2017-11-27 17:00:00,1.17362,1.17314,1.1731565,1.17281,1.1728526,1.17308,1.1731219,1.17331,1.1733497,1.17365,1.173588,1.17421,1.1741719
2017-11-27 18:00:00,1.17314,1.17281,1.1728066,1.17308,1.1730994,1.17331,1.1733015,1.17365,1.1736472,1.17421,1.1741856,1.17328,1.1732103
2017-11-27 19:00:00,1.17281,1.17308,1.1731045,1.17331,1.1733177,1.17365,1.1735778,1.17421,1.1741891,1.17328,1.1732131,1.17344,1.1734159
2017-11-27 20:00:00,1.17308,1.17331,1.1733129,1.17365,1.173656,1.17421,1.1741514,1.17328,1.1732578,1.17344,1.1733639,1.1737599,1.1736517
2017-11-27 21:00:00,1.17331,1.17365,1.1736422,1.17421,1.1741688,1.17328,1.1732572,1.17344,1.1734982,1.1737599,1.1737239,1.17378,1.1737694
2017-11-27 22:00:00,1.17365,1.17421,1.1742184,1.17328,1.1733147,1.17344,1.1734209,1.1737599,1.1737865,1.17378,1.1737392,1.17408,1.1740706
2017-11-27 23:00:00,1.17421,1.17328,1.1733333,1.17344,1.1735121,1.1737599,1.1738003,1.17378,1.1738003,1.17408,1.1740322,1.1742,1.1741829
2017-11-28 00:00:00,1.17328,1.17344,1.1734319,1.1737599,1.17375,1.17378,1.1737427,1.17408,1.1740984,1.1742,1.1740947,1.17356,1.1734655
2017-11-28 01:00:00,1.17344,1.1737599,1.1737137,1.17378,1.1737841,1.17408,1.1740502,1.1742,1.1741767,1.17356,1.1734233,1.17381,1.1737103
2017-11-28 02:00:00,1.1737599,1.17378,1.1737809,1.17408,1.1740909,1.1742,1.1741678,1.17356,1.1735755,1.17381,1.1737692,1.17278,1.1726587
2017-11-28 03:00:00,1.17378,1.17408,1.1740574,1.1742,1.1742109,1.17356,1.1734673,1.17381,1.1738558,1.17278,1.1726923,1.17364,1.1736227
2017-11-28 04:00:00,1.17408,1.1742,1.1741635,1.17356,1.1735831,1.17381,1.1738458,1.17278,1.1729344,1.17364,1.1736852,1.17216,1.1721815
2017-11-28 05:00:00,1.1742,1.17356,1.17353,1.17381,1.1737732,1.17278,1.1727268,1.17364,1.1736739,1.17216,1.172045,1.17154,1.1715741
2017-11-28 06:00:00,1.17356,1.17381,1.1738819,1.17278,1.1728288,1.17364,1.1736772,1.17216,1.1722234,1.17154,1.1716225,1.17219,1.1722176
2017-11-28 07:00:00,1.17381,1.17278,1.1728024,1.17364,1.1736741,1.17216,1.172137,1.17154,1.1716318,1.17219,1.172185,1.17369,1.1736914
2017-11-28 08:00:00,1.17278,1.17364,1.1736978,1.17216,1.1722229,1.17154,1.1715915,1.17219,1.1722922,1.17369,1.1737325,1.17248,1.1725057
2017-11-28 09:00:00,1.17364,1.17216,1.1723276,1.17154,1.1716169,1.17219,1.1722451,1.17369,1.1738083,1.17248,1.172479,1.17405,1.1741246
2017-11-28 10:00:00,1.17216,1.17154,1.1716164,1.17219,1.1721961,1.17369,1.173696,1.17248,1.1724601,1.17405,1.1740079,1.17424,1.1741748
2017-11-28 11:00:00,1.17154,1.17219,1.1721302,1.17369,1.173603,1.17248,1.1723195,1.17405,1.1741084,1.17424,1.1739259,1.17454,1.1744342
2017-11-28 12:00:00,1.17219,1.17369,1.1737098,1.17248,1.1724899,1.17405,1.1739156,1.17424,1.1742767,1.17454,1.1745934,1.17419,1.1742193
2017-11-28 13:00:00,1.17369,1.17248,1.1723844,1.17405,1.174068,1.17424,1.1741992,1.17454,1.1745424,1.17419,1.1740834,1.17379,1.1736927
2017-11-28 14:00:00,1.17248,1.17405,1.1739361,1.17424,1.1741779,1.17454,1.1744548,1.17419,1.1741804,1.17379,1.1736952,1.17362,1.1735545
2017-11-28 15:00:00,1.17405,1.17424,1.1741412,1.17454,1.1745743,1.17419,1.174166,1.17379,1.1738279,1.17362,1.1735592,1.1732299,1.1731285
2017-11-28 16:00:00,1.17424,1.17454,1.174557,1.17419,1.1741816,1.17379,1.1737442,1.17362,1.1737107,1.1732299,1.1731989,1.17407,1.1740497
2017-11-28 17:00:00,1.17454,1.17419,1.1741809,1.17379,1.1738033,1.17362,1.1736308,1.1732299,1.1732844,1.17407,1.1740439,1.17397,1.1739389
2017-11-28 18:00:00,1.17419,1.17379,1.1738169,1.17362,1.1736058,1.1732299,1.1731944,1.17407,1.1741431,1.17397,1.1739221,1.17385,1.1738615
2017-11-28 19:00:00,1.17379,1.17362,1.1736404,1.1732299,1.1732494,1.17407,1.174048,1.17397,1.1740025,1.17385,1.1737846,1.1735799,1.1735356
2017-11-28 20:00:00,1.17362,1.1732299,1.1732137,1.17407,1.1740968,1.17397,1.17392,1.17385,1.1739016,1.1735799,1.1734934,1.17382,1.1737804
2017-11-28 21:00:00,1.1732299,1.17407,1.1740674,1.17397,1.1739831,1.17385,1.173849,1.1735799,1.17362,1.17382,1.1737796,1.1741,1.1740236
2017-11-28 22:00:00,1.17407,1.17397,1.1739632,1.17385,1.1738683,1.1735799,1.1735421,1.17382,1.1738788,1.1741,1.1740468,1.17435,1.174335
2017-11-28 23:00:00,1.17397,1.17385,1.173843,1.1735799,1.1735756,1.17382,1.1737955,1.1741,1.1741679,1.17435,1.1742859,1.17509,1.1751021
2017-11-29 00:00:00,1.17385,1.1735799,1.173567,1.17382,1.1738268,1.1741,1.1740732,1.17435,1.1743902,1.17509,1.1749833,1.17571,1.1758235
2017-11-29 01:00:00,1.1735799,1.17382,1.173811,1.1741,1.1740699,1.17435,1.1743375,1.17509,1.1750077,1.17571,1.1756293,1.17688,1.1770314
2017-11-29 02:00:00,1.17382,1.1741,1.1740588,1.17435,1.1743248,1.17509,1.1750664,1.17571,1.1756701,1.17688,1.1768588,1.17559,1.1754899
2017-11-29 03:00:00,1.1741,1.17435,1.1743338,1.17509,1.174988,1.17571,1.1755829,1.17688,1.1769078,1.17559,1.1754888,1.17493,1.1748662
2017-11-29 04:00:00,1.17435,1.17509,1.1750933,1.17571,1.1758227,1.17688,1.176895,1.17559,1.175585,1.17493,1.174879,1.17526,1.1752331
2017-11-29 05:00:00,1.17509,1.17571,1.1756947,1.17688,1.1767392,1.17559,1.1755308,1.17493,1.1749555,1.17526,1.1752428,1.1742,1.1741621
2017-11-29 06:00:00,1.17571,1.17688,1.1769555,1.17559,1.1756113,1.17493,1.1749299,1.17526,1.1753266,1.1742,1.1742746,1.17503,1.1751008
2017-11-29 07:00:00,1.17688,1.17559,1.1756127,1.17493,1.1747714,1.17526,1.1753078,1.1742,1.1741925,1.17503,1.1749566,1.17751,1.1775291
2017-11-29 08:00:00,1.17559,1.17493,1.1749706,1.17526,1.1752688,1.1742,1.1741725,1.17503,1.1751521,1.17751,1.1773912,1.17858,1.1785117
2017-11-29 09:00:00,1.17493,1.17526,1.1752714,1.1742,1.1742051,1.17503,1.1749632,1.17751,1.1774855,1.17858,1.17835,1.17881,1.1786081
2017-11-29 10:00:00,1.17526,1.1742,1.17417,1.17503,1.1750042,1.17751,1.177497,1.17858,1.178756,1.17881,1.178903,1.17948,1.1794302
2017-11-29 11:00:00,1.1742,1.17503,1.1749657,1.17751,1.1775701,1.17858,1.178508,1.17881,1.1787424,1.17948,1.1794369,1.17977,1.179789
2017-11-29 12:00:00,1.17503,1.17751,1.1775573,1.17858,1.1787457,1.17881,1.1785208,1.17948,1.1792876,1.17977,1.1796211,1.1824,1.1823419
2017-11-29 13:00:00,1.17751,1.17858,1.1785336,1.17881,1.178818,1.17948,1.1794761,1.17977,1.1797192,1.1824,1.1823633,1.18197,1.1819247
2017-11-29 14:00:00,1.17858,1.17881,1.1787766,1.17948,1.1794449,1.17977,1.1796097,1.1824,1.182197,1.18197,1.1817901,1.18198,1.1819714
2017-11-29 15:00:00,1.17881,1.17948,1.1794183,1.17977,1.1797497,1.1824,1.1824695,1.18197,1.1818848,1.18198,1.1819566,1.18176,1.1814358
2017-11-29 16:00:00,1.17948,1.17977,1.1796924,1.1824,1.1823508,1.18197,1.1818504,1.18198,1.1818442,1.18176,1.1816591,1.18138,1.1814029
2017-11-29 17:00:00,1.17977,1.1824,1.1824178,1.18197,1.1818523,1.18198,1.181802,1.18176,1.1817265,1.18138,1.1813875,1.1814001,1.181397
2017-11-29 18:00:00,1.1824,1.18197,1.1819594,1.18198,1.1820595,1.18176,1.1817371,1.18138,1.1815008,1.1814001,1.1814198,1.1822,1.1822217
2017-11-29 19:00:00,1.18197,1.18198,1.1820071,1.18176,1.1818271,1.18138,1.1813796,1.1814001,1.1815178,1.1822,1.1822376,1.182,1.1820829
2017-11-29 20:00:00,1.18198,1.18176,1.1817566,1.18138,1.1814184,1.1814001,1.1813416,1.1822,1.1823092,1.182,1.1819899,1.18315,1.1832384
2017-11-29 21:00:00,1.18176,1.18138,1.1813902,1.1814001,1.1813807,1.1822,1.1821427,1.182,1.1820455,1.18315,1.1830137,1.18343,1.1834228
2017-11-29 22:00:00,1.18138,1.1814001,1.1813775,1.1822,1.1821606,1.182,1.1818945,1.18315,1.1830685,1.18343,1.1832619,1.18288,1.1828969
2017-11-29 23:00:00,1.1814001,1.1822,1.1821725,1.182,1.18201,1.18315,1.1830484,1.18343,1.1833239,1.18288,1.1828301,1.18277,1.1827624
2017-11-30 00:00:00,1.1822,1.182,1.1819829,1.18315,1.1831919,1.18343,1.1833334,1.18288,1.1829417,1.18277,1.1827054,1.18264,1.1825897
2017-11-30 01:00:00,1.182,1.18315,1.1830872,1.18343,1.1834203,1.18288,1.1827855,1.18277,1.182747,1.18264,1.1825436,1.18439,1.1843787
2017-11-30 02:00:00,1.18315,1.18343,1.1834034,1.18288,1.1829251,1.18277,1.1827767,1.18264,1.1827472,1.18439,1.184333,1.18421,1.1841841
2017-11-30 03:00:00,1.18343,1.18288,1.18287,1.18277,1.182742,1.18264,1.1825941,1.18439,1.184427,1.18421,1.1841571,1.18459,1.1846552
2017-11-30 04:00:00,1.18288,1.18277,1.182789,1.18264,1.1826605,1.18439,1.1844198,1.18421,1.1842766,1.18459,1.184552,1.18453,1.1844963
2017-11-30 05:00:00,1.18277,1.18264,1.1826133,1.18439,1.184315,1.18421,1.184171,1.18459,1.184478,1.18453,1.1844373,1.18431,1.1843293
2017-11-30 06:00:00,1.18264,1.18439,1.184444,1.18421,1.1841078,1.18459,1.1844869,1.18453,1.1845604,1.18431,1.1842668,1.18485,1.1848347
2017-11-30 07:00:00,1.18439,1.18421,1.1841822,1.18459,1.1846471,1.18453,1.1844996,1.18431,1.1843772,1.18485,1.184806,1.18455,1.184543
2017-11-30 08:00:00,1.18421,1.18459,1.1845677,1.18453,1.1845096,1.18431,1.1842768,1.18485,1.1849099,1.18455,1.1844997,1.18425,1.184265
2017-11-30 09:00:00,1.18459,1.18453,1.184518,1.18431,1.1843548,1.18485,1.1848458,1.18455,1.1846219,1.18425,1.1842499,1.185,1.1849908
2017-11-30 10:00:00,1.18453,1.18431,1.1843188,1.18485,1.1848906,1.18455,1.184558,1.18425,1.1843108,1.185,1.1849843,1.18485,1.1848458
2017-11-30 11:00:00,1.18431,1.18485,1.1847898,1.18455,1.1845443,1.18425,1.1842122,1.185,1.185098,1.18485,1.1848172,1.18502,1.1850379
2017-11-30 12:00:00,1.18485,1.18455,1.1845071,1.18425,1.1842607,1.185,1.18501,1.18485,1.1848925,1.18502,1.1849717,1.18508,1.1850463
2017-11-30 13:00:00,1.18455,1.18425,1.1842569,1.185,1.1850333,1.18485,1.1848322,1.18502,1.1850712,1.18508,1.1850134,1.1849,1.1848884
2017-11-30 14:00:00,1.18425,1.185,1.184938,1.18485,1.1848595,1.18502,1.1850023,1.18508,1.1851718,1.1849,1.1849163,1.18467,1.1846813
2017-11-30 15:00:00,1.185,1.18485,1.1848186,1.18502,1.1850605,1.18508,1.18508,1.1849,1.1849564,1.18467,1.184653,1.18492,1.1849319
2017-11-30 16:00:00,1.18485,1.18502,1.1849761,1.18508,1.1850896,1.1849,1.1849182,1.18467,1.1847851,1.18492,1.1849588,1.18498,1.1850191
2017-11-30 17:00:00,1.18502,1.18508,1.185043,1.1849,1.1849216,1.18467,1.1846552,1.18492,1.1850315,1.18498,1.1850038,1.18423,1.1842965
2017-11-30 18:00:00,1.18508,1.1849,1.1849095,1.18467,1.1847004,1.18492,1.18495,1.18498,1.1850944,1.18423,1.1842841,1.18477,1.1848626
2017-11-30 19:00:00,1.1849,1.18467,1.1846895,1.18492,1.1849645,1.18498,1.1850048,1.18423,1.1843257,1.18477,1.184792,1.18548,1.185533
2017-11-30 20:00:00,1.18467,1.18492,1.1849117,1.18498,1.1850289,1.18423,1.1842211,1.18477,1.1848763,1.18548,1.185542,1.1848,1.1848514
2017-11-30 21:00:00,1.18492,1.18498,1.1849828,1.18423,1.1843177,1.18477,1.1847799,1.18548,1.1855823,1.1848,1.1848106,1.18522,1.1853156
2017-11-30 22:00:00,1.18498,1.18423,1.1842198,1.18477,1.1848078,1.18548,1.1855268,1.1848,1.1848537,1.18522,1.1852098,1.18515,1.1851603
2017-11-30 23:00:00,1.18423,1.18477,1.1847558,1.18548,1.1855612,1.1848,1.184764,1.18522,1.1853008,1.18515,1.185091,1.18468,1.184694
2017-12-01 00:00:00,1.18477,1.18548,1.1854253,1.1848,1.1848388,1.18522,1.1852227,1.18515,1.185246,1.18468,1.1847028,1.18472,1.1847538
2017-12-01 01:00:00,1.18548,1.1848,1.1848053,1.18522,1.1852653,1.18515,1.1851562,1.18468,1.1846877,1.18472,1.1846881,1.18572,1.1857255
2017-12-01 02:00:00,1.1848,1.18522,1.1852396,1.18515,1.1851838,1.18468,1.1846582,1.18472,1.1847697,1.18572,1.1856334,1.1868,1.1868191
2017-12-01 03:00:00,1.18522,1.18515,1.1851283,1.18468,1.1847,1.18472,1.1846867,1.18572,1.1857997,1.1868,1.1867368,1.18657,1.1865126
2017-12-01 04:00:00,1.18515,1.18468,1.1846976,1.18472,1.1847038,1.18572,1.1856763,1.1868,1.1868421,1.18657,1.186524,1.18557,1.1855205
2017-12-01 05:00:00,1.18468,1.18472,1.1846815,1.18572,1.1857624,1.1868,1.1866273,1.18657,1.1866376,1.18557,1.1854266,1.18734,1.1874352
2017-12-01 06:00:00,1.18472,1.18572,1.1857163,1.1868,1.1869135,1.18657,1.1864771,1.18557,1.1855808,1.18734,1.1872884,1.18961,1.1896297
2017-12-01 07:00:00,1.18572,1.1868,1.186863,1.18657,1.1866364,1.18557,1.1854981,1.18734,1.187471,1.18961,1.189592,1.19188,1.19202
2017-12-01 08:00:00,1.1868,1.18657,1.1865898,1.18557,1.1856244,1.18734,1.187287,1.18961,1.1898457,1.19188,1.1916589,1.19334,1.1933626
2017-12-01 09:00:00,1.18657,1.18557,1.1855724,1.18734,1.187314,1.18961,1.1896694,1.19188,1.1919521,1.19334,1.192959,1.19357,1.1932322
2017-12-01 10:00:00,1.18557,1.18734,1.1872833,1.18961,1.1895851,1.19188,1.1918234,1.19334,1.1932313,1.19357,1.1935,1.19274,1.1926374
2017-12-01 11:00:00,1.18734,1.18961,1.1895314,1.19188,1.1918042,1.19334,1.1930169,1.19357,1.1934965,1.19274,1.1924866,1.19249,1.1923913
2017-12-01 12:00:00,1.18961,1.19188,1.1916023,1.19334,1.1934098,1.19357,1.193366,1.19274,1.1927074,1.19249,1.1924496,1.19265,1.1925727
2017-12-01 13:00:00,1.19188,1.19334,1.1932563,1.19357,1.1936102,1.19274,1.192588,1.19249,1.1924891,1.19265,1.1926349,1.19305,1.1930791
2017-12-01 14:00:00,1.19334,1.19357,1.1935306,1.19274,1.1927589,1.19249,1.1925076,1.19265,1.1927488,1.19305,1.1930395,1.19262,1.1926574
2017-12-01 15:00:00,1.19357,1.19274,1.1927686,1.19249,1.1925783,1.19265,1.1926386,1.19305,1.1931067,1.19262,1.1925052,1.19345,1.1935328
2017-12-01 16:00:00,1.19274,1.19249,1.1925094,1.19265,1.1926714,1.19305,1.1930177,1.19262,1.1926782,1.19345,1.1934085,1.19268,1.192649
2017-12-01 17:00:00,1.19249,1.19265,1.1926129,1.19305,1.1930515,1.19262,1.1925135,1.19345,1.1935725,1.19268,1.1926721,1.19154,1.1915448
2017-12-01 18:00:00,1.19265,1.19305,1.1930834,1.19262,1.1926605,1.19345,1.1934264,1.19268,1.1927491,1.19154,1.1915798,1.19201,1.1920307
2017-12-01 19:00:00,1.19305,1.19262,1.1925842,1.19345,1.1935107,1.19268,1.1926918,1.19154,1.1916999,1.19201,1.1920655,1.19167,1.1917038
2017-12-01 20:00:00,1.19262,1.19345,1.1934276,1.19268,1.1926944,1.19154,1.1915119,1.19201,1.1921197,1.19167,1.191676,1.19242,1.192514
2017-12-01 21:00:00,1.19345,1.19268,1.1926742,1.19154,1.1915243,1.19201,1.1920519,1.19167,1.191686,1.19242,1.1923428,1.19233,1.1922427
2017-12-03 22:00:00,1.19268,1.19154,1.1915947,1.19201,1.1920221,1.19167,1.1916516,1.19242,1.1924965,1.19233,1.1922437,1.19277,1.1927544
2017-12-03 23:00:00,1.19154,1.19201,1.1919528,1.19167,1.191669,1.19242,1.1923543,1.19233,1.1923313,1.19277,1.192708,1.1921899,1.1921209
2017-12-04 00:00:00,1.19201,1.19167,1.1916533,1.19242,1.1924496,1.19233,1.1922406,1.19277,1.1927816,1.1921899,1.192114,1.19273,1.1927396
2017-12-04 01:00:00,1.19167,1.19242,1.1923516,1.19233,1.1923058,1.19277,1.1927711,1.1921899,1.1921865,1.19273,1.1926348,1.19379,1.1938455
2017-12-04 02:00:00,1.19242,1.19233,1.1922817,1.19277,1.1928003,1.1921899,1.1921015,1.19273,1.192795,1.19379,1.193782,1.19301,1.1929655
2017-12-04 03:00:00,1.19233,1.19277,1.1927623,1.1921899,1.1922019,1.19273,1.1926543,1.19379,1.193789,1.19301,1.1929513,1.1938,1.1938041
2017-12-04 04:00:00,1.19277,1.1921899,1.1921629,1.19273,1.1927671,1.19379,1.1938101,1.19301,1.1930633,1.1938,1.1937989,1.19362,1.1936377
2017-12-04 05:00:00,1.1921899,1.19273,1.1927099,1.19379,1.1937983,1.19301,1.1929853,1.1938,1.1938471,1.19362,1.1935284,1.19428,1.1942551
2017-12-04 06:00:00,1.19273,1.19379,1.1937933,1.19301,1.1929871,1.1938,1.1938189,1.19362,1.1936357,1.19428,1.1942258,1.19581,1.195763
2017-12-04 07:00:00,1.19379,1.19301,1.1929749,1.1938,1.1938392,1.19362,1.1935698,1.19428,1.1943393,1.19581,1.1958504,1.1938,1.193744
2017-12-04 08:00:00,1.19301,1.1938,1.1937374,1.19362,1.193581,1.19428,1.1941761,1.19581,1.1957257,1.1938,1.1936848,1.19183,1.1917726
2017-12-04 09:00:00,1.1938,1.19362,1.1935496,1.19428,1.1942486,1.19581,1.195676,1.1938,1.1938037,1.19183,1.1919143,1.19099,1.1910508
2017-12-04 10:00:00,1.19362,1.19428,1.1942,1.19581,1.1957396,1.1938,1.1937727,1.19183,1.191836,1.19099,1.1909668,1.19021,1.1902754
2017-12-04 11:00:00,1.19428,1.19581,1.195698,1.1938,1.1938508,1.19183,1.191846,1.19099,1.1912252,1.19021,1.1905315,1.19009,1.1902871
2017-12-04 12:00:00,1.19581,1.1938,1.1935865,1.19183,1.1918925,1.19099,1.1914325,1.19021,1.1903069,1.19009,1.1903187,1.18994,1.1898621
2017-12-04 13:00:00,1.1938,1.19183,1.1920073,1.19099,1.1912136,1.19021,1.1904261,1.19009,1.1904109,1.18994,1.1899996,1.18987,1.1899729
2017-12-04 14:00:00,1.19183,1.19099,1.191122,1.19021,1.1903374,1.19009,1.1901348,1.18994,1.1900932,1.18987,1.189902,1.18957,1.1896769
2017-12-04 15:00:00,1.19099,1.19021,1.1902547,1.19009,1.190157,1.18994,1.189971,1.18987,1.1899104,1.18957,1.1895882,1.18985,1.189917
2017-12-04 16:00:00,1.19021,1.19009,1.1900877,1.18994,1.1899924,1.18987,1.1898847,1.18957,1.18968,1.18985,1.1898926,1.19031,1.1903276
2017-12-04 17:00:00,1.19009,1.18994,1.1899287,1.18987,1.1899152,1.18957,1.1895334,1.18985,1.1899499,1.19031,1.1903574,1.19065,1.1906654
2017-12-04 18:00:00,1.18994,1.18987,1.1898359,1.18957,1.1896241,1.18985,1.1898845,1.19031,1.1903608,1.19065,1.1906273,1.18986,1.1898487
2017-12-04 19:00:00,1.18987,1.18957,1.1895342,1.18985,1.1898757,1.19031,1.1903081,1.19065,1.1907098,1.18986,1.1898569,1.18999,1.1900094
2017-12-04 20:00:00,1.18957,1.18985,1.1898488,1.19031,1.1903111,1.19065,1.1907002,1.18986,1.1898645,1.18999,1.1899289,1.19034,1.1903048
2017-12-04 21:00:00,1.18985,1.19031,1.1902788,1.19065,1.1906508,1.18986,1.1898494,1.18999,1.1900132,1.19034,1.1902846,1.19041,1.1903913
2017-12-04 22:00:00,1.19031,1.19065,1.1906285,1.18986,1.1899139,1.18999,1.1899973,1.19034,1.1904067,1.19041,1.1903979,1.1901,1.1901124
2017-12-04 23:00:00,1.19065,1.18986,1.1898944,1.18999,1.190051,1.19034,1.1903688,1.19041,1.1904774,1.1901,1.1900692,1.1907,1.1907318
2017-12-05 00:00:00,1.18986,1.18999,1.189971,1.19034,1.1903324,1.19041,1.1903881,1.1901,1.1901505,1.1907,1.1906883,1.18875,1.188668
2017-12-05 01:00:00,1.18999,1.19034,1.190287,1.19041,1.1904166,1.1901,1.190041,1.1907,1.1907849,1.18875,1.1887025,1.19046,1.190537
2017-12-05 02:00:00,1.19034,1.19041,1.1904192,1.1901,1.1901467,1.1907,1.1907667,1.18875,1.1888356,1.19046,1.1905496,1.18908,1.1890187
2017-12-05 03:00:00,1.19041,1.1901,1.1900731,1.1907,1.19073,1.18875,1.1886468,1.19046,1.190568,1.18908,1.188997,1.1884999,1.1886597
2017-12-05 04:00:00,1.1901,1.1907,1.1906892,1.18875,1.1888161,1.19046,1.1905321,1.18908,1.1891607,1.1884999,1.188642,1.18859,1.1886299
2017-12-05 05:00:00,1.1907,1.18875,1.1887016,1.19046,1.1904825,1.18908,1.1890748,1.1884999,1.1885779,1.18859,1.1885896,1.18795,1.1880332
2017-12-05 06:00:00,1.18875,1.19046,1.1904788,1.18908,1.1890935,1.1884999,1.1884444,1.18859,1.1886811,1.18795,1.1879234,1.1893,1.1893113
2017-12-05 07:00:00,1.19046,1.18908,1.1889954,1.1884999,1.1886071,1.18859,1.1886451,1.18795,1.1879283,1.1893,1.1894008,1.18771,1.1875843
2017-12-05 08:00:00,1.18908,1.1884999,1.1885347,1.18859,1.1886122,1.18795,1.1879427,1.1893,1.1894059,1.18771,1.1877028,1.18695,1.1871202
2017-12-05 09:00:00,1.1884999,1.18859,1.1885867,1.18795,1.188024,1.1893,1.1893289,1.18771,1.1877604,1.18695,1.1869601,1.1877,1.1876612
2017-12-05 10:00:00,1.18859,1.18795,1.187903,1.1893,1.1892625,1.18771,1.1876923,1.18695,1.1869998,1.1877,1.1876385,1.18688,1.186844
2017-12-05 11:00:00,1.18795,1.1893,1.1892477,1.18771,1.187745,1.18695,1.186965,1.1877,1.1877902,1.18688,1.1867908,1.18589,1.1859715
2017-12-05 12:00:00,1.1893,1.18771,1.1877152,1.18695,1.1872388,1.1877,1.1877961,1.18688,1.1868382,1.18589,1.1858919,1.18373,1.1835514
2017-12-05 13:00:00,1.18771,1.18695,1.1869407,1.1877,1.1877246,1.18688,1.1868626,1.18589,1.1857162,1.18373,1.1835726,1.18408,1.1839454
2017-12-05 14:00:00,1.18695,1.1877,1.1876794,1.18688,1.1869302,1.18589,1.185931,1.18373,1.1838148,1.18408,1.1841257,1.1835899,1.1835548
2017-12-05 15:00:00,1.1877,1.18688,1.1868837,1.18589,1.1858438,1.18373,1.1838678,1.18408,1.1840963,1.1835899,1.1835022,1.18461,1.1847351
2017-12-05 16:00:00,1.18688,1.18589,1.1858516,1.18373,1.1838413,1.18408,1.1839881,1.1835899,1.1836133,1.18461,1.1847146,1.18486,1.1848575
2017-12-05 17:00:00,1.18589,1.18373,1.1836269,1.18408,1.1841326,1.1835899,1.1834743,1.18461,1.1846864,1.18486,1.1848079,1.1848199,1.1848081
2017-12-05 18:00:00,1.18373,1.18408,1.1840796,1.1835899,1.1835866,1.18461,1.1846801,1.18486,1.1849312,1.1848199,1.184766,1.1841099,1.1840938
2017-12-05 19:00:00,1.18408,1.1835899,1.1835561,1.18461,1.1846154,1.18486,1.1847886,1.1848199,1.1848845,1.1841099,1.1840533,1.18494,1.1849139
2017-12-05 20:00:00,1.1835899,1.18461,1.1845635,1.18486,1.1848911,1.1848199,1.1847261,1.1841099,1.1841316,1.18494,1.184891,1.18525,1.1852567
2017-12-05 21:00:00,1.18461,1.18486,1.1847804,1.1848199,1.1848121,1.1841099,1.1840467,1.18494,1.1850029,1.18525,1.1852101,1.18496,1.184978
2017-12-05 22:00:00,1.18486,1.1848199,1.184822,1.1841099,1.184153,1.18494,1.1849529,1.18525,1.1853019,1.18496,1.1849052,1.18503,1.184995
2017-12-05 23:00:00,1.1848199,1.1841099,1.1841245,1.18494,1.1849585,1.18525,1.1852568,1.18496,1.1850102,1.18503,1.1849267,1.18587,1.1857785
2017-12-06 00:00:00,1.1841099,1.18494,1.1849307,1.18525,1.1852365,1.18496,1.184934,1.18503,1.1850872,1.18587,1.1857045,1.18687,1.1868857
2017-12-06 01:00:00,1.18494,1.18525,1.185236,1.18496,1.1849802,1.18503,1.18496,1.18587,1.1858697,1.18687,1.1868068,1.18716,1.1871696
2017-12-06 02:00:00,1.18525,1.18496,1.1849493,1.18503,1.1850387,1.18587,1.1857959,1.18687,1.1868114,1.18716,1.1870879,1.18661,1.1864791
2017-12-06 03:00:00,1.18496,1.18503,1.1849768,1.18587,1.1858013,1.18687,1.1868933,1.18716,1.1870569,1.18661,1.186567,1.1847,1.1846038
2017-12-06 04:00:00,1.18503,1.18587,1.185857,1.18687,1.186723,1.18716,1.1869967,1.18661,1.1866354,1.1847,1.1846081,1.18423,1.1841811
2017-12-06 05:00:00,1.18587,1.18687,1.1868532,1.18716,1.1870029,1.18661,1.1866083,1.1847,1.1848693,1.18423,1.184321,1.18356,1.1834242
2017-12-06 06:00:00,1.18687,1.18716,1.187137,1.18661,1.1866212,1.1847,1.1846137,1.18423,1.1842926,1.18356,1.1835189,1.18366,1.1837479
2017-12-06 07:00:00,1.18716,1.18661,1.1866311,1.1847,1.1847025,1.18423,1.1843442,1.18356,1.1839015,1.18366,1.183719,1.18348,1.1836774
2017-12-06 08:00:00,1.18661,1.1847,1.1846205,1.18423,1.1843067,1.18356,1.1837691,1.18366,1.1838653,1.18348,1.1835253,1.1849,1.1849445
2017-12-06 09:00:00,1.1847,1.18423,1.1842405,1.18356,1.1836487,1.18366,1.1836911,1.18348,1.183594,1.1849,1.1848435,1.18575,1.1857358
2017-12-06 10:00:00,1.18423,1.18356,1.1836057,1.18366,1.1836505,1.18348,1.1834347,1.1849,1.184946,1.18575,1.1857464,1.18504,1.1850013
2017-12-06 11:00:00,1.18356,1.18366,1.183669,1.18348,1.1834841,1.1849,1.1848329,1.18575,1.1856804,1.18504,1.1849427,1.18564,1.1855533
2017-12-06 12:00:00,1.18366,1.18348,1.1834663,1.1849,1.1848722,1.18575,1.1856539,1.18504,1.1849645,1.18564,1.1855158,1.18622,1.1860679
2017-12-06 13:00:00,1.18348,1.1849,1.184787,1.18575,1.1857997,1.18504,1.1850035,1.18564,1.1856911,1.18622,1.1860025,1.18506,1.1850116
2017-12-06 14:00:00,1.1849,1.18575,1.1856817,1.18504,1.1850328,1.18564,1.185589,1.18622,1.1862118,1.18506,1.1849877,1.18457,1.1845381
2017-12-06 15:00:00,1.18575,1.18504,1.1850045,1.18564,1.1856383,1.18622,1.1862174,1.18506,1.185036,1.18457,1.1844589,1.18484,1.1847466
2017-12-06 16:00:00,1.18504,1.18564,1.1856205,1.18622,1.1862364,1.18506,1.1850255,1.18457,1.1845763,1.18484,1.1847862,1.18515,1.1851146
2017-12-06 17:00:00,1.18564,1.18622,1.1862289,1.18506,1.185075,1.18457,1.1845746,1.18484,1.1849328,1.18515,1.185161,1.1854,1.1854291
2017-12-06 18:00:00,1.18622,1.18506,1.1851294,1.18457,1.1847107,1.18484,1.1848774,1.18515,1.1852429,1.1854,1.1853836,1.18601,1.1860347
2017-12-06 19:00:00,1.18506,1.18457,1.1846144,1.18484,1.1848704,1.18515,1.1851474,1.1854,1.1854715,1.18601,1.1859257,1.18657,1.186594
2017-12-06 20:00:00,1.18457,1.18484,1.1848354,1.18515,1.1851283,1.1854,1.1853077,1.18601,1.1859677,1.18657,1.1865033,1.18649,1.1864223
2017-12-06 21:00:00,1.18484,1.18515,1.1851496,1.1854,1.1853888,1.18601,1.1859415,1.18657,1.1866901,1.18649,1.1863021,1.1861401,1.1860696
2017-12-06 22:00:00,1.18515,1.1854,1.1853869,1.18601,1.1860354,1.18657,1.1866046,1.18649,1.1864828,1.1861401,1.186022,1.18641,1.1863083
2017-12-06 23:00:00,1.1854,1.18601,1.1859286,1.18657,1.1865919,1.18649,1.186395,1.1861401,1.1861228,1.18641,1.1863815,1.18665,1.1865991
2017-12-07 00:00:00,1.18601,1.18657,1.1864811,1.18649,1.1864829,1.1861401,1.1860538,1.18641,1.1864309,1.18665,1.1865448,1.18638,1.1862787
2017-12-07 01:00:00,1.18657,1.18649,1.1864827,1.1861401,1.1861382,1.18641,1.1863811,1.18665,1.1866878,1.18638,1.1863697,1.18455,1.1845225
2017-12-07 02:00:00,1.18649,1.1861401,1.1860982,1.18641,1.1863914,1.18665,1.1865945,1.18638,1.1863744,1.18455,1.1845299,1.18312,1.1829872
2017-12-07 03:00:00,1.1861401,1.18641,1.1863816,1.18665,1.1866537,1.18638,1.186379,1.18455,1.1846728,1.18312,1.1831669,1.18309,1.1831361
2017-12-07 04:00:00,1.18641,1.18665,1.186594,1.18638,1.1864151,1.18455,1.1845936,1.18312,1.1831566,1.18309,1.1832417,1.18358,1.1837412
2017-12-07 05:00:00,1.18665,1.18638,1.1863945,1.18455,1.1846038,1.18312,1.1832324,1.18309,1.1833539,1.18358,1.1836318,1.1844599,1.1844971
2017-12-07 06:00:00,1.18638,1.18455,1.1847415,1.18312,1.1831454,1.18309,1.1831836,1.18358,1.1837263,1.1844599,1.1845949,1.18581,1.1859182
2017-12-07 07:00:00,1.18455,1.18312,1.1831896,1.18309,1.1831706,1.18358,1.1836479,1.1844599,1.1845739,1.18581,1.1857355,1.19028,1.1903075
2017-12-07 08:00:00,1.18312,1.18309,1.1830882,1.18358,1.1835756,1.1844599,1.1844277,1.18581,1.185692,1.19028,1.190258,1.19218,1.192184
2017-12-07 09:00:00,1.18309,1.18358,1.1835461,1.1844599,1.1843863,1.18581,1.1856265,1.19028,1.1897647,1.19218,1.1915629,1.19002,1.1901215
2017-12-07 10:00:00,1.18358,1.1844599,1.1844287,1.18581,1.1856664,1.19028,1.1899427,1.19218,1.1913162,1.19002,1.1898682,1.18908,1.1889266
2017-12-07 11:00:00,1.1844599,1.18581,1.1856484,1.19028,1.1904875,1.19218,1.1922841,1.19002,1.1894472,1.18908,1.1888133,1.19115,1.1906992
2017-12-07 12:00:00,1.18581,1.19028,1.1901209,1.19218,1.192176,1.19002,1.1896002,1.18908,1.1890588,1.19115,1.1908817,1.18974,1.1896622
2017-12-07 13:00:00,1.19028,1.19218,1.1920636,1.19002,1.1900153,1.18908,1.1889862,1.19115,1.1912217,1.18974,1.1897037,1.19014,1.1902037
2017-12-07 14:00:00,1.19218,1.19002,1.1901395,1.18908,1.1891761,1.19115,1.1912425,1.18974,1.1897947,1.19014,1.1901056,1.19019,1.1901281
2017-12-07 15:00:00,1.19002,1.18908,1.1890607,1.19115,1.1911407,1.18974,1.1897315,1.19014,1.1902014,1.19019,1.1900898,1.18892,1.1889259
2017-12-07 16:00:00,1.18908,1.19115,1.1910397,1.18974,1.1896745,1.19014,1.1900371,1.19019,1.1902211,1.18892,1.1888387,1.18973,1.1897842
2017-12-07 17:00:00,1.19115,1.18974,1.1897054,1.19014,1.1901982,1.19019,1.1902238,1.18892,1.1889228,1.18973,1.189755,1.1907899,1.1907935
2017-12-07 18:00:00,1.18974,1.19014,1.1901416,1.19019,1.1902424,1.18892,1.1888381,1.18973,1.1898609,1.1907899,1.190739,1.19091,1.1910511
2017-12-07 19:00:00,1.19014,1.19019,1.1901549,1.18892,1.1890823,1.18973,1.1896802,1.1907899,1.1908772,1.19091,1.1908983,1.19067,1.1906981
2017-12-07 20:00:00,1.19019,1.18892,1.1889145,1.18973,1.1897782,1.1907899,1.1907737,1.19091,1.1910081,1.19067,1.190584,1.19107,1.1910044
2017-12-07 21:00:00,1.18892,1.18973,1.1896737,1.1907899,1.1907737,1.19091,1.1907215,1.19067,1.190654,1.19107,1.1909559,1.19101,1.1909655
2017-12-07 22:00:00,1.18973,1.1907899,1.1907198,1.19091,1.190859,1.19067,1.1905228,1.19107,1.1910323,1.19101,1.1908659,1.19271,1.1926353
2017-12-07 23:00:00,1.1907899,1.19091,1.190876,1.19067,1.1906652,1.19107,1.1910263,1.19101,1.1910255,1.19271,1.1926912,1.19192,1.1918435
2017-12-08 00:00:00,1.19091,1.19067,1.1906617,1.19107,1.1910818,1.19101,1.1908938,1.19271,1.19278,1.19192,1.1917851,1.1915,1.1914933
2017-12-08 01:00:00,1.19067,1.19107,1.191073,1.19101,1.1909965,1.19271,1.1926045,1.19192,1.1917917,1.1915,1.1915087,1.19283,1.1928419
2017-12-08 02:00:00,1.19107,1.19101,1.1909596,1.19271,1.1925371,1.19192,1.1918036,1.1915,1.1914561,1.19283,1.1928784,1.1901801,1.1901754
2017-12-08 03:00:00,1.19101,1.19271,1.1928241,1.19192,1.1918312,1.1915,1.19141,1.19283,1.1929063,1.1901801,1.1901783,1.18884,1.1889298
2017-12-08 04:00:00,1.19271,1.19192,1.1919228,1.1915,1.191594,1.19283,1.1928891,1.1901801,1.1903881,1.18884,1.1889174,1.19003,1.1900645
2017-12-08 05:00:00,1.19192,1.1915,1.1915376,1.19283,1.1928201,1.1901801,1.1901891,1.18884,1.1890066,1.19003,1.190204,1.18908,1.1889316
2017-12-08 06:00:00,1.1915,1.19283,1.1927974,1.1901801,1.1902099,1.18884,1.1888607,1.19003,1.1902164,1.18908,1.1892492,1.18683,1.1870506
2017-12-08 07:00:00,1.19283,1.1901801,1.190376,1.18884,1.1888022,1.19003,1.1901753,1.18908,1.1888725,1.18683,1.1867115,1.18603,1.1859678
2017-12-08 08:00:00,1.1901801,1.18884,1.1889455,1.19003,1.1900537,1.18908,1.189108,1.18683,1.1867661,1.18603,1.1859249,1.18642,1.1863893
2017-12-08 09:00:00,1.18884,1.19003,1.1900512,1.18908,1.1891009,1.18683,1.1868842,1.18603,1.1861902,1.18642,1.1865089,1.19068,1.1907806
2017-12-08 10:00:00,1.19003,1.18908,1.1890802,1.18683,1.1868081,1.18603,1.1864185,1.18642,1.1866686,1.19068,1.1907291,1.19054,1.1905633
2017-12-08 11:00:00,1.18908,1.18683,1.1869496,1.18603,1.1861577,1.18642,1.1864612,1.19068,1.1906658,1.19054,1.1904074,1.18939,1.1894121
2017-12-08 12:00:00,1.18683,1.18603,1.1859881,1.18642,1.1864085,1.19068,1.1904981,1.19054,1.1904317,1.18939,1.1891738,1.1893799,1.1892709
2017-12-08 13:00:00,1.18603,1.18642,1.1864097,1.19068,1.190382,1.19054,1.1903296,1.18939,1.1892476,1.1893799,1.1891458,1.18901,1.1886997
2017-12-08 14:00:00,1.18642,1.19068,1.1906224,1.19054,1.1904118,1.18939,1.1892885,1.1893799,1.1894335,1.18901,1.1891769,1.18898,1.1890408
2017-12-08 15:00:00,1.19068,1.19054,1.190417,1.18939,1.1893942,1.1893799,1.1894586,1.18901,1.1892397,1.18898,1.1890259,1.18686,1.1868412
2017-12-08 16:00:00,1.19054,1.18939,1.1894033,1.1893799,1.1893941,1.18901,1.1889937,1.18898,1.1890885,1.18686,1.1871341,1.18554,1.1857563
2017-12-08 17:00:00,1.18939,1.1893799,1.1894085,1.18901,1.1890223,1.18898,1.1890264,1.18686,1.1871113,1.18554,1.1857616,1.18698,1.1871185
2017-12-08 18:00:00,1.1893799,1.18901,1.1889925,1.18898,1.1890006,1.18686,1.1869519,1.18554,1.1858907,1.18698,1.187104,1.1874499,1.187484
2017-12-08 19:00:00,1.18901,1.18898,1.1889486,1.18686,1.1870846,1.18554,1.1856537,1.18698,1.1872941,1.1874499,1.1876861,1.18721,1.1874709
2017-12-08 20:00:00,1.18898,1.18686,1.1870306,1.18554,1.1858872,1.18698,1.18701,1.1874499,1.1876752,1.18721,1.1872758,1.18704,1.1872154
2017-12-08 21:00:00,1.18686,1.18554,1.1855587,1.18698,1.1869158,1.1874499,1.187358,1.18721,1.187216,1.18704,1.1868936,1.187,1.1868807
2017-12-10 22:00:00,1.18554,1.18698,1.187019,1.1874499,1.1873893,1.18721,1.1870773,1.18704,1.1870246,1.187,1.1867958,1.1867,1.1866846
2017-12-10 23:00:00,1.18698,1.1874499,1.1874337,1.18721,1.1872693,1.18704,1.1870356,1.187,1.187085,1.1867,1.1867484,1.18645,1.1864636
2017-12-11 00:00:00,1.1874499,1.18721,1.1871872,1.18704,1.1870701,1.187,1.1869906,1.1867,1.1867481,1.18645,1.1865127,1.18489,1.1847113
2017-12-11 01:00:00,1.18721,1.18704,1.1870128,1.187,1.1870301,1.1867,1.1866672,1.18645,1.186468,1.18489,1.1847799,1.18716,1.1871703
2017-12-11 02:00:00,1.18704,1.187,1.186959,1.1867,1.1867268,1.18645,1.1865273,1.18489,1.1849025,1.18716,1.1872451,1.1854,1.1854141
2017-12-11 03:00:00,1.187,1.1867,1.1866949,1.18645,1.1864697,1.18489,1.1849034,1.18716,1.1872478,1.1854,1.1854208,1.1849,1.185183
2017-12-11 04:00:00,1.1867,1.18645,1.1864705,1.18489,1.185028,1.18716,1.1872089,1.1854,1.1854724,1.1849,1.1848774,1.1857901,1.1857285
2017-12-11 05:00:00,1.18645,1.18489,1.1847943,1.18716,1.1871626,1.1854,1.1854408,1.1849,1.1849365,1.1857901,1.1857642,1.18559,1.1855664
2017-12-11 06:00:00,1.18489,1.18716,1.1871507,1.1854,1.185408,1.1849,1.1848712,1.1857901,1.185817,1.18559,1.1856399,1.18451,1.1845858
2017-12-11 07:00:00,1.18716,1.1854,1.1854949,1.1849,1.1850753,1.1857901,1.1859436,1.18559,1.1856861,1.18451,1.1845558,1.18418,1.1842685
2017-12-11 08:00:00,1.1854,1.1849,1.1849213,1.1857901,1.1857975,1.18559,1.1856133,1.18451,1.1845278,1.18418,1.1840938,1.18489,1.1849017
2017-12-11 09:00:00,1.1849,1.1857901,1.185662,1.18559,1.1855754,1.18451,1.1844962,1.18418,1.1842521,1.18489,1.1848168,1.18476,1.1846949
2017-12-11 10:00:00,1.1857901,1.18559,1.1856036,1.18451,1.184582,1.18418,1.1841781,1.18489,1.1849841,1.18476,1.1847391,1.18433,1.1843278
2017-12-11 11:00:00,1.18559,1.18451,1.1845369,1.18418,1.1842867,1.18489,1.1849184,1.18476,1.1848413,1.18433,1.1842973,1.18488,1.1848813
2017-12-11 12:00:00,1.18451,1.18418,1.1842171,1.18489,1.1849337,1.18476,1.1847291,1.18433,1.1843511,1.18488,1.1848059,1.18556,1.1854379
2017-12-11 13:00:00,1.18418,1.18489,1.1848674,1.18476,1.1847066,1.18433,1.1843174,1.18488,1.1849574,1.18556,1.1855211,1.18558,1.1856015
2017-12-11 14:00:00,1.18489,1.18476,1.1847334,1.18433,1.1843139,1.18488,1.1848371,1.18556,1.1856093,1.18558,1.1854787,1.18625,1.1862538
2017-12-11 15:00:00,1.18476,1.18433,1.1843567,1.18488,1.1848968,1.18556,1.1855588,1.18558,1.185568,1.18625,1.1861974,1.18673,1.1865238
2017-12-11 16:00:00,1.18433,1.18488,1.184889,1.18556,1.1855013,1.18558,1.1855015,1.18625,1.1862509,1.18673,1.1867516,1.18673,1.1868068
2017-12-11 17:00:00,1.18488,1.18556,1.1855567,1.18558,1.1855934,1.18625,1.1861228,1.18673,1.1868256,1.18673,1.1866776,1.18698,1.1869329
2017-12-11 18:00:00,1.18556,1.18558,1.1855599,1.18625,1.1862432,1.18673,1.1866546,1.18673,1.1867456,1.18698,1.1869228,1.18723,1.1871686
2017-12-11 19:00:00,1.18558,1.18625,1.186284,1.18673,1.1867669,1.18673,1.1866635,1.18698,1.1869245,1.18723,1.187079,1.1872799,1.1873069
2017-12-11 20:00:00,1.18625,1.18673,1.1867175,1.18673,1.1867737,1.18698,1.1868805,1.18723,1.187253,1.1872799,1.1872052,1.18746,1.1874505
2017-12-11 21:00:00,1.18673,1.18673,1.1867023,1.18698,1.1869824,1.18723,1.1872149,1.1872799,1.1872694,1.18746,1.1874154,1.18686,1.1868403
2017-12-11 22:00:00,1.18673,1.18698,1.1869406,1.18723,1.1872327,1.1872799,1.1872448,1.18746,1.1874396,1.18686,1.1868179,1.18663,1.1866438
2017-12-11 23:00:00,1.18698,1.18723,1.187187,1.1872799,1.1872878,1.18746,1.1874464,1.18686,1.186902,1.18663,1.1866205,1.18666,1.1866798
2017-12-12 00:00:00,1.18723,1.1872799,1.1872716,1.18746,1.1874602,1.18686,1.1868936,1.18663,1.1867068,1.18666,1.186702,1.18577,1.1858029
2017-12-12 01:00:00,1.1872799,1.18746,1.1874601,1.18686,1.1868901,1.18663,1.1866381,1.18666,1.1867286,1.18577,1.18575,1.18474,1.1847427
2017-12-12 02:00:00,1.18746,1.18686,1.1868758,1.18663,1.1866171,1.18666,1.1867052,1.18577,1.1859376,1.18474,1.1849254,1.1852,1.185322
2017-12-12 03:00:00,1.18686,1.18663,1.1866468,1.18666,1.1867089,1.18577,1.1858417,1.18474,1.1848569,1.1852,1.1852691,1.18626,1.1863097
2017-12-12 04:00:00,1.18663,1.18666,1.1866583,1.18577,1.1858338,1.18474,1.1847234,1.1852,1.1853094,1.18626,1.1862725,1.18653,1.1866033
2017-12-12 05:00:00,1.18666,1.18577,1.1858652,1.18474,1.1848392,1.1852,1.1852027,1.18626,1.1863959,1.18653,1.1865762,1.18467,1.1846714
2017-12-12 06:00:00,1.18577,1.18474,1.184728,1.1852,1.1852515,1.18626,1.1862627,1.18653,1.1866153,1.18467,1.1845857,1.18343,1.1832533
2017-12-12 07:00:00,1.18474,1.1852,1.1851926,1.18626,1.1863022,1.18653,1.1865578,1.18467,1.1846695,1.18343,1.1834095,1.18278,1.1827139
2017-12-12 08:00:00,1.1852,1.18626,1.1861522,1.18653,1.1865066,1.18467,1.1846311,1.18343,1.1834946,1.18278,1.1827803,1.18323,1.1832235
2017-12-12 09:00:00,1.18626,1.18653,1.1865529,1.18467,1.1847571,1.18343,1.1835514,1.18278,1.1829876,1.18323,1.1832821,1.18196,1.1821846
2017-12-12 10:00:00,1.18653,1.18467,1.1847111,1.18343,1.1833988,1.18278,1.182976,1.18323,1.1831883,1.18196,1.1819217,1.18048,1.1806453
2017-12-12 11:00:00,1.18467,1.18343,1.1835,1.18278,1.1829107,1.18323,1.1833291,1.18196,1.181977,1.18048,1.1805357,1.18069,1.1808426
2017-12-12 12:00:00,1.18343,1.18278,1.1828295,1.18323,1.1832823,1.18196,1.1820422,1.18048,1.1805526,1.18069,1.1806929,1.18135,1.1813637
2017-12-12 13:00:00,1.18278,1.18323,1.1832681,1.18196,1.1820867,1.18048,1.180496,1.18069,1.1808778,1.18135,1.1814884,1.18231,1.182392
2017-12-12 14:00:00,1.18323,1.18196,1.181982,1.18048,1.1804563,1.18069,1.1808459,1.18135,1.1814717,1.18231,1.1824062,1.18237,1.182432
2017-12-12 15:00:00,1.18196,1.18048,1.1804593,1.18069,1.1807654,1.18135,1.1813933,1.18231,1.1823645,1.18237,1.1822906,1.18282,1.1828132
2017-12-12 16:00:00,1.18048,1.18069,1.1806685,1.18135,1.1812958,1.18231,1.182367,1.18237,1.1823008,1.18282,1.1827159,1.1829801,1.1828002
2017-12-12 17:00:00,1.18069,1.18135,1.181279,1.18231,1.1822501,1.18237,1.1823503,1.18282,1.18294,1.1829801,1.1829511,1.18205,1.1819919
2017-12-12 18:00:00,1.18135,1.18231,1.1822267,1.18237,1.1823499,1.18282,1.1826698,1.1829801,1.1829598,1.18205,1.1820166,1.18262,1.1826028
2017-12-12 19:00:00,1.18231,1.18237,1.182323,1.18282,1.1827852,1.1829801,1.183002,1.18205,1.1820741,1.18262,1.182598,1.18268,1.1826584
2017-12-12 20:00:00,1.18237,1.18282,1.1827955,1.1829801,1.1830187,1.18205,1.1820508,1.18262,1.1826873,1.18268,1.1826504,1.18418,1.1841902
2017-12-12 21:00:00,1.18282,1.1829801,1.1829717,1.18205,1.1820123,1.18262,1.1826487,1.18268,1.1827437,1.18418,1.1842058,1.18381,1.1838509
2017-12-12 22:00:00,1.1829801,1.18205,1.1820455,1.18262,1.182621,1.18268,1.1826717,1.18418,1.1842537,1.18381,1.1837717,1.18433,1.1843736
2017-12-12 23:00:00,1.18205,1.18262,1.182602,1.18268,1.1826916,1.18418,1.1842785,1.18381,1.1837672,1.18433,1.1843839,1.18325,1.1832424
2017-12-13 00:00:00,1.18262,1.18268,1.1826394,1.18418,1.1842682,1.18381,1.1837175,1.18433,1.1844288,1.18325,1.1832211,1.1823,1.1823044
2017-12-13 01:00:00,1.18268,1.18418,1.1841503,1.18381,1.1838251,1.18433,1.1843625,1.18325,1.1832751,1.1823,1.1823481,1.18221,1.1822528
2017-12-13 02:00:00,1.18418,1.18381,1.1837502,1.18433,1.1843679,1.18325,1.1832805,1.1823,1.1824242,1.18221,1.1822497,1.1823,1.1823063
2017-12-13 03:00:00,1.18381,1.18433,1.1843302,1.18325,1.1832575,1.1823,1.1823814,1.18221,1.1824175,1.1823,1.1822604,1.18282,1.1828222
2017-12-13 04:00:00,1.18433,1.18325,1.1832426,1.1823,1.1823447,1.18221,1.1821706,1.1823,1.1823825,1.18282,1.1828281,1.1812,1.1812857
2017-12-13 05:00:00,1.18325,1.1823,1.1824217,1.18221,1.182199,1.1823,1.1822445,1.18282,1.1828737,1.1812,1.1811688,1.18128,1.1812686
2017-12-13 06:00:00,1.1823,1.18221,1.1822054,1.1823,1.1823199,1.18282,1.1828538,1.1812,1.18121,1.18128,1.1813357,1.18069,1.1806276
2017-12-13 07:00:00,1.18221,1.1823,1.1822553,1.18282,1.1828245,1.1812,1.1810925,1.18128,1.1813364,1.18069,1.1806853,1.17894,1.1790515
2017-12-13 08:00:00,1.1823,1.18282,1.1828308,1.1812,1.1811534,1.18128,1.1812744,1.18069,1.1807487,1.17894,1.1791459,1.17879,1.1788582
2017-12-13 09:00:00,1.18282,1.1812,1.1813502,1.18128,1.1813183,1.18069,1.1807073,1.17894,1.1791043,1.17879,1.1788242,1.17881,1.1788398
2017-12-13 10:00:00,1.1812,1.18128,1.1813183,1.18069,1.1807595,1.17894,1.1791035,1.17879,1.1789554,1.17881,1.1788348,1.17922,1.1792182
2017-12-13 11:00:00,1.18128,1.18069,1.1807065,1.17894,1.179122,1.17879,1.1789072,1.17881,1.1790502,1.17922,1.1792374,1.17919,1.1792485
2017-12-13 12:00:00,1.18069,1.17894,1.1790264,1.17879,1.1789135,1.17881,1.1788049,1.17922,1.1793103,1.17919,1.1792506,1.17906,1.1790154
2017-12-13 13:00:00,1.17894,1.17879,1.1788054,1.17881,1.1788294,1.17922,1.1792275,1.17919,1.1792204,1.17906,1.1789682,1.1795499,1.1795322
2017-12-13 14:00:00,1.17879,1.17881,1.1787986,1.17922,1.1792098,1.17919,1.179159,1.17906,1.1790521,1.1795499,1.1795068,1.17929,1.1792498
2017-12-13 15:00:00,1.17881,1.17922,1.1792095,1.17919,1.179178,1.17906,1.1790128,1.1795499,1.1795781,1.17929,1.179224,1.18021,1.1801986
2017-12-13 16:00:00,1.17922,1.17919,1.179174,1.17906,1.1790775,1.1795499,1.1795408,1.17929,1.179285,1.18021,1.1801683,1.18034,1.1803012
2017-12-13 17:00:00,1.17919,1.17906,1.1790179,1.1795499,1.1795186,1.17929,1.1792516,1.18021,1.1802285,1.18034,1.1802268,1.17956,1.179515
2017-12-13 18:00:00,1.17906,1.1795499,1.1795706,1.17929,1.1792587,1.18021,1.1801817,1.18034,1.1803629,1.17956,1.1794815,1.1797299,1.1797442
2017-12-13 19:00:00,1.1795499,1.17929,1.1792984,1.18021,1.1802194,1.18034,1.1803538,1.17956,1.179551,1.1797299,1.1796939,1.1798999,1.1798596
2017-12-13 20:00:00,1.17929,1.18021,1.1801469,1.18034,1.1803098,1.17956,1.179535,1.1797299,1.179754,1.1798999,1.1798732,1.18034,1.1803336
2017-12-13 21:00:00,1.18021,1.18034,1.1803523,1.17956,1.1796057,1.1797299,1.1797595,1.1798999,1.1799767,1.18034,1.1803446,1.17971,1.1796863
2017-12-13 22:00:00,1.18034,1.17956,1.1795515,1.1797299,1.1797569,1.1798999,1.1798614,1.18034,1.1804106,1.17971,1.1796863,1.17917,1.1791334
2017-12-13 23:00:00,1.17956,1.1797299,1.1797415,1.1798999,1.1799108,1.18034,1.1803497,1.17971,1.1797397,1.17917,1.1791482,1.17924,1.1792175
2017-12-14 00:00:00,1.1797299,1.1798999,1.179897,1.18034,1.1803281,1.17971,1.1796768,1.17917,1.1792439,1.17924,1.1792204,1.17949,1.179489
2017-12-14 01:00:00,1.1798999,1.18034,1.1803249,1.17971,1.179711,1.17917,1.1791406,1.17924,1.1793225,1.17949,1.1795117,1.17905,1.1790606
2017-12-14 02:00:00,1.18034,1.17971,1.1797292,1.17917,1.1792357,1.17924,1.1792065,1.17949,1.1795729,1.17905,1.1790043,1.17889,1.1789316
2017-12-14 03:00:00,1.17971,1.17917,1.1792295,1.17924,1.17927,1.17949,1.1795182,1.17905,1.1791503,1.17889,1.1788762,1.17792,1.1778449
2017-12-14 04:00:00,1.17917,1.17924,1.1792358,1.17949,1.1795139,1.17905,1.1790298,1.17889,1.1789684,1.17792,1.1778715,1.17873,1.1787773
2017-12-14 05:00:00,1.17924,1.17949,1.179502,1.17905,1.1790522,1.17889,1.1789047,1.17792,1.1779975,1.17873,1.1787497,1.17768,1.1776047
2017-12-14 06:00:00,1.17949,1.17905,1.1790595,1.17889,1.1789039,1.17792,1.1779592,1.17873,1.1787814,1.17768,1.1775856,1.17988,1.1799498
2017-12-14 07:00:00,1.17905,1.17889,1.1788987,1.17792,1.1779726,1.17873,1.1787858,1.17768,1.1776813,1.17988,1.1798894,1.1796,1.1795866
2017-12-14 08:00:00,1.17889,1.17792,1.1778765,1.17873,1.1787689,1.17768,1.1776133,1.17988,1.1798922,1.1796,1.1794977,1.17893,1.1789198
2017-12-14 09:00:00,1.17792,1.17873,1.1787827,1.17768,1.1776898,1.17988,1.1798521,1.1796,1.179648,1.17893,1.178905,1.17888,1.1788058
2017-12-14 10:00:00,1.17873,1.17768,1.1776892,1.17988,1.1798486,1.1796,1.1795999,1.17893,1.1789011,1.17888,1.1787435,1.17969,1.1795782
2017-12-14 11:00:00,1.17768,1.17988,1.1798599,1.1796,1.1796792,1.17893,1.1789058,1.17888,1.1788139,1.17969,1.179601,1.17954,1.1794347
2017-12-14 12:00:00,1.17988,1.1796,1.179517,1.17893,1.1789513,1.17888,1.1788499,1.17969,1.1797819,1.17954,1.1795639,1.17722,1.1771026
2017-12-14 13:00:00,1.1796,1.17893,1.17893,1.17888,1.178856,1.17969,1.1796637,1.17954,1.179577,1.17722,1.1771017,1.17743,1.1775041
2017-12-14 14:00:00,1.17893,1.17888,1.1788458,1.17969,1.1797258,1.17954,1.1795825,1.17722,1.1771611,1.17743,1.1773708,1.17702,1.1771009
2017-12-14 15:00:00,1.17888,1.17969,1.1796587,1.17954,1.179545,1.17722,1.1771142,1.17743,1.1774669,1.17702,1.1769912,1.17751,1.1775081
2017-12-14 16:00:00,1.17969,1.17954,1.1795499,1.17722,1.1772807,1.17743,1.1775191,1.17702,1.1771647,1.17751,1.177556,1.17717,1.1772782
2017-12-14 17:00:00,1.17954,1.17722,1.1773525,1.17743,1.1775484,1.17702,1.1769487,1.17751,1.177636,1.17717,1.1772279,1.17677,1.1767542
2017-12-14 18:00:00,1.17722,1.17743,1.1774446,1.17702,1.1770475,1.17751,1.1775643,1.17717,1.1772397,1.17677,1.1767632,1.1763,1.1762873
2017-12-14 19:00:00,1.17743,1.17702,1.1770145,1.17751,1.177536,1.17717,1.177154,1.17677,1.1767976,1.1763,1.1762515,1.17661,1.1765748
2017-12-14 20:00:00,1.17702,1.17751,1.1774862,1.17717,1.1771812,1.17677,1.1767659,1.1763,1.1763417,1.17661,1.1765887,1.17669,1.1766615
2017-12-14 21:00:00,1.17751,1.17717,1.1771543,1.17677,1.1768247,1.1763,1.1762519,1.17661,1.1767069,1.17669,1.1766529,1.17612,1.1761923
2017-12-14 22:00:00,1.17717,1.17677,1.1768091,1.1763,1.176427,1.17661,1.1766288,1.17669,1.1767558,1.17612,1.1760972,1.17644,1.1764208
2017-12-14 23:00:00,1.17677,1.1763,1.1763308,1.17661,1.1766169,1.17669,1.1767141,1.17612,1.1761146,1.17644,1.1763878,1.17513,1.1750382
2017-12-15 00:00:00,1.1763,1.17661,1.1766253,1.17669,1.1766982,1.17612,1.1760848,1.17644,1.1764498,1.17513,1.1750818,1.17503,1.1749505
2017-12-15 01:00:00,1.17661,1.17669,1.1766648,1.17612,1.1761252,1.17644,1.1764833,1.17513,1.1752341,1.17503,1.1750864,1.17348,1.173477
2017-12-15 02:00:00,1.17669,1.17612,1.1761239,1.17644,1.1764538,1.17513,1.1750919,1.17503,1.175107,1.17348,1.1734502,1.1736,1.1735653
2017-12-15 03:00:00,1.17612,1.17644,1.1764401,1.17513,1.1752098,1.17503,1.1751103,1.17348,1.1734438,1.1736,1.173671,1.17432,1.1743352
2017-12-15 04:00:00,1.17644,1.17513,1.1750942,1.17503,1.1750876,1.17348,1.1735859,1.1736,1.173631,1.17432,1.174277,1.17377,1.1738553
2017-12-15 05:00:00,1.17513,1.17503,1.175072,1.17348,1.1735301,1.1736,1.1736599,1.17432,1.1743772,1.17377,1.1738353,1.1735001,1.1735563
2017-12-15 06:00:00,1.17503,1.17348,1.1734483,1.1736,1.1737052,1.17432,1.1743599,1.17377,1.1738108,1.1735001,1.1734103,1.1762199,1.1762347
2017-12-15 07:00:00,1.17348,1.1736,1.1736423,1.17432,1.1743456,1.17377,1.1737778,1.1735001,1.1735269,1.1762199,1.176251,1.1755,1.1754656
2017-12-15 08:00:00,1.1736,1.17432,1.1743305,1.17377,1.1737701,1.1735001,1.1733952,1.1762199,1.1761587,1.1755,1.1754767,1.17502,1.1751264
2017-12-15 09:00:00,1.17432,1.17377,1.1737835,1.1735001,1.173525,1.1762199,1.1762099,1.1755,1.1754874,1.17502,1.174928,1.17597,1.1759137
2017-12-15 10:00:00,1.17377,1.1735001,1.1734738,1.1762199,1.1759714,1.1755,1.175453,1.17502,1.174966,1.17597,1.1758003,1.17557,1.1753722
2017-12-15 11:00:00,1.1735001,1.1762199,1.1762787,1.1755,1.1755147,1.17502,1.1748981,1.17597,1.1759397,1.17557,1.1754462,1.17629,1.1762555
2017-12-15 12:00:00,1.1762199,1.1755,1.1754787,1.17502,1.1750063,1.17597,1.1760058,1.17557,1.1756284,1.17629,1.1763262,1.1767,1.1766773
2017-12-15 13:00:00,1.1755,1.17502,1.17507,1.17597,1.1759478,1.17557,1.1755348,1.17629,1.1762942,1.1767,1.1766233,1.17643,1.176396
2017-12-15 14:00:00,1.17502,1.17597,1.1758908,1.17557,1.175576,1.17629,1.1762214,1.1767,1.1766634,1.17643,1.1763409,1.17685,1.1768489
2017-12-15 15:00:00,1.17597,1.17557,1.1755494,1.17629,1.1762848,1.1767,1.1767526,1.17643,1.1764988,1.17685,1.1768471,1.17687,1.1767886
2017-12-15 16:00:00,1.17557,1.17629,1.1762537,1.1767,1.1767495,1.17643,1.1763977,1.17685,1.1769317,1.17687,1.1768376,1.17672,1.1766837
2017-12-15 17:00:00,1.17629,1.1767,1.1766907,1.17643,1.1764725,1.17685,1.1768008,1.17687,1.1769223,1.17672,1.1767366,1.1771,1.1771309
2017-12-15 18:00:00,1.1767,1.17643,1.1764107,1.17685,1.1768792,1.17687,1.1768823,1.17672,1.1768048,1.1771,1.1770654,1.17766,1.177699
2017-12-15 19:00:00,1.17643,1.17685,1.1767806,1.17687,1.1769245,1.17672,1.1767069,1.1771,1.1771563,1.17766,1.1776594,1.17766,1.1776338
2017-12-15 20:00:00,1.17685,1.17687,1.1768894,1.17672,1.1767495,1.1771,1.1770744,1.17766,1.1777375,1.17766,1.1775742,1.17802,1.177989
2017-12-15 21:00:00,1.17687,1.17672,1.1767132,1.1771,1.1770681,1.17766,1.177599,1.17766,1.1776502,1.17802,1.1779603,1.17785,1.1777838
2017-12-17 22:00:00,1.17672,1.1771,1.177119,1.17766,1.1776444,1.17766,1.1775521,1.17802,1.1780294,1.17785,1.1777512,1.1779699,1.1778767
2017-12-17 23:00:00,1.1771,1.17766,1.1776512,1.17766,1.1776844,1.17802,1.1779733,1.17785,1.1778977,1.1779699,1.1779175,1.17782,1.1778082
2017-12-18 00:00:00,1.17766,1.17766,1.1776469,1.17802,1.17806,1.17785,1.1777753,1.1779699,1.177977,1.17782,1.1777678,1.17825,1.1782572
2017-12-18 01:00:00,1.17766,1.17802,1.1780617,1.17785,1.1778646,1.1779699,1.1779792,1.17782,1.1778693,1.17825,1.1782252,1.17933,1.1794055
2017-12-18 02:00:00,1.17802,1.17785,1.177838,1.1779699,1.1779764,1.17782,1.1778109,1.17825,1.1783096,1.17933,1.1792915,1.17964,1.1797249
2017-12-18 03:00:00,1.17785,1.1779699,1.1779805,1.17782,1.1778301,1.17825,1.1782199,1.17933,1.179312,1.17964,1.1796505,1.17975,1.1797264
2017-12-18 04:00:00,1.1779699,1.17782,1.17783,1.17825,1.1782826,1.17933,1.1793283,1.17964,1.1797153,1.17975,1.17966,1.17906,1.1790612
2017-12-18 05:00:00,1.17782,1.17825,1.1782024,1.17933,1.1793681,1.17964,1.1794871,1.17975,1.179899,1.17906,1.1789943,1.17928,1.1792485
2017-12-18 06:00:00,1.17825,1.17933,1.179344,1.17964,1.1796244,1.17975,1.1797534,1.17906,1.1790879,1.17928,1.1792738,1.17775,1.1776795
2017-12-18 07:00:00,1.17933,1.17964,1.1796055,1.17975,1.179765,1.17906,1.1789831,1.17928,1.1793649,1.17775,1.1777347,1.17944,1.1795175
2017-12-18 08:00:00,1.17964,1.17975,1.1797632,1.17906,1.1791258,1.17928,1.1792862,1.17775,1.1778525,1.17944,1.1794612,1.17949,1.1794996
2017-12-18 09:00:00,1.17975,1.17906,1.1790575,1.17928,1.1792952,1.17775,1.1776758,1.17944,1.1795405,1.17949,1.1794217,1.18002,1.180099
2017-12-18 10:00:00,1.17906,1.17928,1.1793053,1.17775,1.1777087,1.17944,1.179469,1.17949,1.1795658,1.18002,1.1800677,1.17914,1.1791348
2017-12-18 11:00:00,1.17928,1.17775,1.177785,1.17944,1.1794578,1.17949,1.1794367,1.18002,1.1800671,1.17914,1.1790578,1.17915,1.1790993
2017-12-18 12:00:00,1.17775,1.17944,1.1794534,1.17949,1.1796182,1.18002,1.1800452,1.17914,1.179128,1.17915,1.1791189,1.17859,1.1785791
2017-12-18 13:00:00,1.17944,1.17949,1.1794301,1.18002,1.1800407,1.17914,1.1791153,1.17915,1.1792375,1.17859,1.1786563,1.17722,1.1773899
2017-12-18 14:00:00,1.17949,1.18002,1.1800843,1.17914,1.1791841,1.17915,1.179167,1.17859,1.1787039,1.17722,1.1771773,1.17668,1.1767162
2017-12-18 15:00:00,1.18002,1.17914,1.1791652,1.17915,1.1791662,1.17859,1.1786027,1.17722,1.1773894,1.17668,1.1767287,1.17725,1.1772542
2017-12-18 16:00:00,1.17914,1.17915,1.179153,1.17859,1.1786209,1.17722,1.177331,1.17668,1.1767612,1.17725,1.1773522,1.17752,1.1776382
2017-12-18 17:00:00,1.17915,1.17859,1.1786168,1.17722,1.1773415,1.17668,1.1768277,1.17725,1.1775082,1.17752,1.1776081,1.17749,1.177584
2017-12-18 18:00:00,1.17859,1.17722,1.1772552,1.17668,1.1766789,1.17725,1.1773537,1.17752,1.1776474,1.17749,1.1775154,1.17689,1.1768967
2017-12-18 19:00:00,1.17722,1.17668,1.1766768,1.17725,1.1772556,1.17752,1.1775365,1.17749,1.1775163,1.17689,1.176842,1.17677,1.1767728
2017-12-18 20:00:00,1.17668,1.17725,1.1772236,1.17752,1.1776198,1.17749,1.1774728,1.17689,1.1769325,1.17677,1.1767542,1.1768,1.1767685
2017-12-18 21:00:00,1.17725,1.17752,1.1774886,1.17749,1.1775017,1.17689,1.176892,1.17677,1.1768513,1.1768,1.1767874,1.17713,1.1771417
2017-12-18 22:00:00,1.17752,1.17749,1.1775007,1.17689,1.1769601,1.17677,1.1767762,1.1768,1.1768771,1.17713,1.1771241,1.17721,1.1772228
2017-12-18 23:00:00,1.17749,1.17689,1.1768649,1.17677,1.1768097,1.1768,1.1768304,1.17713,1.1771686,1.17721,1.1771839,1.17757,1.1775506
2017-12-19 00:00:00,1.17689,1.17677,1.1767703,1.1768,1.1767988,1.17713,1.1771586,1.17721,1.1772354,1.17757,1.1775345,1.17707,1.1770387
2017-12-19 01:00:00,1.17677,1.1768,1.1767782,1.17713,1.1771302,1.17721,1.1771954,1.17757,1.1776311,1.17707,1.1769711,1.17906,1.178981
2017-12-19 02:00:00,1.1768,1.17713,1.1771313,1.17721,1.1772118,1.17757,1.1776118,1.17707,1.1771044,1.17906,1.1790309,1.17828,1.1782229
2017-12-19 03:00:00,1.17713,1.17721,1.1771815,1.17757,1.1775346,1.17707,1.1769961,1.17906,1.1789348,1.17828,1.1782045,1.17755,1.1775709
2017-12-19 04:00:00,1.17721,1.17757,1.1775721,1.17707,1.1770805,1.17906,1.1790838,1.17828,1.1782773,1.17755,1.1775522,1.17743,1.177416
2017-12-19 05:00:00,1.17757,1.17707,1.1770058,1.17906,1.1791168,1.17828,1.1782349,1.17755,1.1775554,1.17743,1.1773882,1.17735,1.1773077
2017-12-19 06:00:00,1.17707,1.17906,1.1791084,1.17828,1.178187,1.17755,1.1775638,1.17743,1.1775438,1.17735,1.1774218,1.17503,1.1750016
2017-12-19 07:00:00,1.17906,1.17828,1.1781656,1.17755,1.1775932,1.17743,1.1774168,1.17735,1.177375,1.17503,1.1750652,1.17415,1.1743205
2017-12-19 08:00:00,1.17828,1.17755,1.1776428,1.17743,1.1774584,1.17735,1.1774931,1.17503,1.1751167,1.17415,1.1743333,1.1728799,1.1728535
2017-12-19 09:00:00,1.17755,1.17743,1.177462,1.17735,1.1774194,1.17503,1.1750535,1.17415,1.1743118,1.1728799,1.1726539,1.1723,1.1723349
2017-12-19 10:00:00,1.17743,1.17735,1.1773927,1.17503,1.1750659,1.17415,1.1742738,1.1728799,1.1731244,1.1723,1.172156,1.17229,1.1723408
2017-12-19 11:00:00,1.17735,1.17503,1.1749554,1.17415,1.1744907,1.1728799,1.1730348,1.1723,1.1726128,1.17229,1.1722153,1.17294,1.1732258
2017-12-19 12:00:00,1.17503,1.17415,1.1741996,1.1728799,1.1729329,1.1723,1.1723973,1.17229,1.1723189,1.17294,1.1729698,1.17379,1.1738273
2017-12-19 13:00:00,1.17415,1.1728799,1.1729218,1.1723,1.1723427,1.17229,1.1723137,1.17294,1.1730464,1.17379,1.1737838,1.17443,1.1744448
2017-12-19 14:00:00,1.1728799,1.1723,1.172313,1.17229,1.1722974,1.17294,1.172955,1.17379,1.1738659,1.17443,1.1743742,1.17387,1.1738262
2017-12-19 15:00:00,1.1723,1.17229,1.1722937,1.17294,1.172983,1.17379,1.173818,1.17443,1.1743096,1.17387,1.1737826,1.17362,1.1736137
2017-12-19 16:00:00,1.17229,1.17294,1.1729062,1.17379,1.1737711,1.17443,1.1743339,1.17387,1.1738522,1.17362,1.1735506,1.17412,1.1740258
2017-12-19 17:00:00,1.17294,1.17379,1.1737627,1.17443,1.1744629,1.17387,1.1738336,1.17362,1.1735808,1.17412,1.174067,1.17468,1.1745981
2017-12-19 18:00:00,1.17379,1.17443,1.1744028,1.17387,1.1738733,1.17362,1.1735935,1.17412,1.1741133,1.17468,1.1746596,1.17424,1.1742007
2017-12-19 19:00:00,1.17443,1.17387,1.1738647,1.17362,1.1736131,1.17412,1.1741128,1.17468,1.1746855,1.17424,1.1741773,1.17477,1.1747634
2017-12-19 20:00:00,1.17387,1.17362,1.173589,1.17412,1.1740963,1.17468,1.1746435,1.17424,1.1742337,1.17477,1.1746545,1.17576,1.1756911
2017-12-19 21:00:00,1.17362,1.17412,1.1741123,1.17468,1.1746328,1.17424,1.1741692,1.17477,1.1747603,1.17576,1.1757731,1.17533,1.1753215
2017-12-19 22:00:00,1.17412,1.17468,1.1746497,1.17424,1.1742373,1.17477,1.1747344,1.17576,1.175813,1.17533,1.1752807,1.17538,1.1753752
2017-12-19 23:00:00,1.17468,1.17424,1.174254,1.17477,1.1747946,1.17576,1.1757975,1.17533,1.1753484,1.17538,1.1753668,1.1755,1.1754304
2017-12-20 00:00:00,1.17424,1.17477,1.174735,1.17576,1.1757511,1.17533,1.1752089,1.17538,1.1754298,1.1755,1.175422,1.1738,1.1737418
2017-12-20 01:00:00,1.17477,1.17576,1.1757262,1.17533,1.1753422,1.17538,1.1753238,1.1755,1.1755545,1.1738,1.1737005,1.17406,1.1740842
2017-12-20 02:00:00,1.17576,1.17533,1.1752675,1.17538,1.1754044,1.1755,1.175536,1.1738,1.1737838,1.17406,1.1740282,1.17484,1.1747513
2017-12-20 03:00:00,1.17533,1.17538,1.1753657,1.1755,1.1755028,1.1738,1.1737527,1.17406,1.1741116,1.17484,1.1748021,1.17507,1.1750778
2017-12-20 04:00:00,1.17538,1.1755,1.1754705,1.1738,1.173883,1.17406,1.1741282,1.17484,1.1749129,1.17507,1.1750584,1.17391,1.1739035
2017-12-20 05:00:00,1.1755,1.1738,1.1739166,1.17406,1.1740899,1.17484,1.1748935,1.17507,1.1750962,1.17391,1.1739076,1.17396,1.1739922
2017-12-20 06:00:00,1.1738,1.17406,1.1740679,1.17484,1.1747948,1.17507,1.1751008,1.17391,1.1739113,1.17396,1.1738603,1.1756899,1.1756012
2017-12-20 07:00:00,1.17406,1.17484,1.1747957,1.17507,1.1750038,1.17391,1.1738687,1.17396,1.1740135,1.1756899,1.1756808,1.17509,1.1750939
2017-12-20 08:00:00,1.17484,1.17507,1.1750733,1.17391,1.1738986,1.17396,1.1739215,1.1756899,1.1757547,1.17509,1.1750745,1.17573,1.1758165
2017-12-20 09:00:00,1.17507,1.17391,1.1738225,1.17396,1.1740485,1.1756899,1.1757349,1.17509,1.1751348,1.17573,1.1757059,1.17602,1.1760083
2017-12-20 10:00:00,1.17391,1.17396,1.1739631,1.1756899,1.175738,1.17509,1.1750448,1.17573,1.1757915,1.17602,1.1758367,1.17623,1.176145
2017-12-20 11:00:00,1.17396,1.1756899,1.1756129,1.17509,1.1751077,1.17573,1.1756427,1.17602,1.1761414,1.17623,1.1762263,1.177,1.1771252
2017-12-20 12:00:00,1.1756899,1.17509,1.1750935,1.17573,1.175761,1.17602,1.1759579,1.17623,1.1762879,1.177,1.176944,1.18195,1.1821876
2017-12-20 13:00:00,1.17509,1.17573,1.1757118,1.17602,1.1760218,1.17623,1.1761657,1.177,1.1769783,1.18195,1.1814945,1.18245,1.1825134
2017-12-20 14:00:00,1.17573,1.17602,1.1760032,1.17623,1.1762394,1.177,1.1768109,1.18195,1.1822829,1.18245,1.1825283,1.18232,1.1824089
2017-12-20 15:00:00,1.17602,1.17623,1.1762475,1.177,1.1770401,1.18195,1.1818299,1.18245,1.1823786,1.18232,1.1823974,1.18246,1.1822348
2017-12-20 16:00:00,1.17623,1.177,1.1768895,1.18195,1.1816877,1.18245,1.1824162,1.18232,1.1820872,1.18246,1.1820472,1.18355,1.1831737
2017-12-20 17:00:00,1.177,1.18195,1.1817356,1.18245,1.1826938,1.18232,1.182337,1.18246,1.1822046,1.18355,1.1830595,1.18389,1.1837511
2017-12-20 18:00:00,1.18195,1.18245,1.1823587,1.18232,1.1823092,1.18246,1.1823379,1.18355,1.1835318,1.18389,1.1838734,1.18415,1.1842133
2017-12-20 19:00:00,1.18245,1.18232,1.1823771,1.18246,1.1824515,1.18355,1.1834803,1.18389,1.1839609,1.18415,1.1840858,1.18319,1.1831746
2017-12-20 20:00:00,1.18232,1.18246,1.1824139,1.18355,1.1836166,1.18389,1.183831,1.18415,1.1842067,1.18319,1.1830642,1.1835,1.183439
2017-12-20 21:00:00,1.18246,1.18355,1.1834421,1.18389,1.1838286,1.18415,1.1841664,1.18319,1.1832551,1.1835,1.183462,1.18318,1.1831653
2017-12-20 22:00:00,1.18355,1.18389,1.1838566,1.18415,1.1841701,1.18319,1.1831295,1.1835,1.1836149,1.18318,1.1831895,1.18264,1.1826673
2017-12-20 23:00:00,1.18389,1.18415,1.1842026,1.18319,1.1831979,1.1835,1.1834807,1.18318,1.1832632,1.18264,1.1825899,1.18233,1.1823608
2017-12-21 00:00:00,1.18415,1.18319,1.1832149,1.1835,1.1835488,1.18318,1.1831635,1.18264,1.1828262,1.18233,1.18232,1.1817,1.1817288
2017-12-21 01:00:00,1.18319,1.1835,1.1834874,1.18318,1.1832194,1.18264,1.1826303,1.18233,1.18243,1.1817,1.1816319,1.18253,1.182654
2017-12-21 02:00:00,1.1835,1.18318,1.1831679,1.18264,1.182686,1.18233,1.1823525,1.1817,1.1817579,1.18253,1.1825119,1.18185,1.1818933
2017-12-21 03:00:00,1.18318,1.18264,1.1826546,1.18233,1.1823146,1.1817,1.1816661,1.18253,1.1826156,1.18185,1.1817605,1.18336,1.1834059
2017-12-21 04:00:00,1.18264,1.18233,1.1823243,1.1817,1.181733,1.18253,1.1825563,1.18185,1.1819482,1.18336,1.1833589,1.18241,1.1823874
2017-12-21 05:00:00,1.18233,1.1817,1.1816995,1.18253,1.1825619,1.18185,1.1817636,1.18336,1.183465,1.18241,1.1823574,1.18316,1.1831837
2017-12-21 06:00:00,1.1817,1.18253,1.1825516,1.18185,1.1818634,1.18336,1.1834056,1.18241,1.1824218,1.18316,1.183121,1.182,1.1819382
2017-12-21 07:00:00,1.18253,1.18185,1.1817864,1.18336,1.1833714,1.18241,1.1823376,1.18316,1.1832209,1.182,1.1819996,1.18012,1.1801603
2017-12-21 08:00:00,1.18185,1.18336,1.1832554,1.18241,1.1824175,1.18316,1.1831571,1.182,1.1820158,1.18012,1.1801836,1.17769,1.1775502
2017-12-21 09:00:00,1.18336,1.18241,1.1824467,1.18316,1.1832268,1.182,1.1820657,1.18012,1.1802374,1.17769,1.1775336,1.17761,1.1778064
2017-12-21 10:00:00,1.18241,1.18316,1.1831754,1.182,1.1820425,1.18012,1.1802354,1.17769,1.1780297,1.17761,1.1777934,1.1787,1.1788592
2017-12-21 11:00:00,1.18316,1.182,1.1820912,1.18012,1.1802135,1.17769,1.1777735,1.17761,1.1778462,1.1787,1.1789043,1.17967,1.1798834
2017-12-21 12:00:00,1.182,1.18012,1.1801636,1.17769,1.1778411,1.17761,1.1778102,1.1787,1.1789474,1.17967,1.1797235,1.17911,1.1790679
2017-12-21 13:00:00,1.18012,1.17769,1.1777959,1.17761,1.1775392,1.1787,1.1787841,1.17967,1.1797731,1.17911,1.1790767,1.17874,1.1786904
2017-12-21 14:00:00,1.17769,1.17761,1.1776718,1.1787,1.1787603,1.17967,1.1796517,1.17911,1.1790564,1.17874,1.1787491,1.17751,1.1774149
2017-12-21 15:00:00,1.17761,1.1787,1.1786239,1.17967,1.1796746,1.17911,1.1790118,1.17874,1.1787462,1.17751,1.1775072,1.17645,1.1763505
2017-12-21 16:00:00,1.1787,1.17967,1.179588,1.17911,1.1791104,1.17874,1.1787627,1.17751,1.1775897,1.17645,1.1765482,1.17737,1.1774278
2017-12-21 17:00:00,1.17967,1.17911,1.1790658,1.17874,1.178767,1.17751,1.1776426,1.17645,1.1768458,1.17737,1.1773274,1.17847,1.1784744
2017-12-21 18:00:00,1.17911,1.17874,1.1787685,1.17751,1.1776254,1.17645,1.1765628,1.17737,1.1775935,1.17847,1.178481,1.17843,1.1784974
2017-12-21 19:00:00,1.17874,1.17751,1.1774745,1.17645,1.1765571,1.17737,1.1774216,1.17847,1.1785482,1.17843,1.1784028,1.17846,1.1784678
2017-12-21 20:00:00,1.17751,1.17645,1.1764531,1.17737,1.177362,1.17847,1.1784966,1.17843,1.1784395,1.17846,1.1783721,1.1781,1.1779777
2017-12-21 21:00:00,1.17645,1.17737,1.1774477,1.17847,1.1784544,1.17843,1.1784474,1.17846,1.1784811,1.1781,1.178196,1.17829,1.1782672
2017-12-21 22:00:00,1.17737,1.17847,1.1783811,1.17843,1.1783944,1.17846,1.1784832,1.1781,1.1781619,1.17829,1.1782777,1.17833,1.1783267
2017-12-21 23:00:00,1.17847,1.17843,1.1784018,1.17846,1.1784787,1.1781,1.1780951,1.17829,1.1783781,1.17833,1.1783326,1.17842,1.1784474
2017-12-22 00:00:00,1.17843,1.17846,1.1784667,1.1781,1.1781198,1.17829,1.1783222,1.17833,1.1783847,1.17842,1.1783855,1.17914,1.179166
2017-12-22 01:00:00,1.17846,1.1781,1.1780796,1.17829,1.1782904,1.17833,1.1783407,1.17842,1.1784458,1.17914,1.1790941,1.1783,1.1782342
2017-12-22 02:00:00,1.1781,1.17829,1.1782987,1.17833,1.1783175,1.17842,1.1783874,1.17914,1.1792036,1.1783,1.1782162,1.17967,1.1797085
2017-12-22 03:00:00,1.17829,1.17833,1.178305,1.17842,1.1784489,1.17914,1.1791979,1.1783,1.1783048,1.17967,1.1796012,1.18053,1.1805179
2017-12-22 04:00:00,1.17833,1.17842,1.1783929,1.17914,1.1791655,1.1783,1.1782277,1.17967,1.1796893,1.18053,1.1805544,1.17983,1.1798316
2017-12-22 05:00:00,1.17842,1.17914,1.179098,1.1783,1.1783044,1.17967,1.1796666,1.18053,1.180505,1.17983,1.1797798,1.1801,1.1800863
2017-12-22 06:00:00,1.17914,1.1783,1.1782241,1.17967,1.179667,1.18053,1.1805295,1.17983,1.1797758,1.1801,1.1800516,1.17985,1.1797725
2017-12-22 07:00:00,1.1783,1.17967,1.1796365,1.18053,1.1805934,1.17983,1.179657,1.1801,1.1800995,1.17985,1.1799321,1.17773,1.177693
2017-12-22 08:00:00,1.17967,1.18053,1.1804564,1.17983,1.1798439,1.1801,1.1800634,1.17985,1.1798931,1.17773,1.1777848,1.17635,1.1764262
2017-12-22 09:00:00,1.18053,1.17983,1.1798496,1.1801,1.180139,1.17985,1.1798891,1.17773,1.1777264,1.17635,1.1765345,1.17773,1.1777971
2017-12-22 10:00:00,1.17983,1.1801,1.180089,1.17985,1.1799018,1.17773,1.177895,1.17635,1.1766212,1.17773,1.1777425,1.17648,1.176518
2017-12-22 11:00:00,1.1801,1.17985,1.1798763,1.17773,1.1778655,1.17635,1.1762112,1.17773,1.178084,1.17648,1.1765136,1.17544,1.1756778
2017-12-22 12:00:00,1.17985,1.17773,1.1778985,1.17635,1.1765672,1.17773,1.177776,1.17648,1.1763572,1.17544,1.1755295,1.17567,1.1758648
2017-12-22 13:00:00,1.17773,1.17635,1.1764868,1.17773,1.1777943,1.17648,1.176558,1.17544,1.1755484,1.17567,1.1756785,1.1753399,1.1752825
2017-12-22 14:00:00,1.17635,1.17773,1.1776451,1.17648,1.1764691,1.17544,1.1754527,1.17567,1.1757623,1.1753399,1.1753752,1.1748099,1.1748636
2017-12-22 15:00:00,1.17773,1.17648,1.1765643,1.17544,1.1755153,1.17567,1.1757431,1.1753399,1.1755183,1.1748099,1.1747233,1.17443,1.1743996
2017-12-22 16:00:00,1.17648,1.17544,1.1755351,1.17567,1.1757517,1.1753399,1.1753944,1.1748099,1.1748875,1.17443,1.1744926,1.17423,1.1741613
2017-12-22 17:00:00,1.17544,1.17567,1.1756573,1.1753399,1.1753674,1.1748099,1.1747903,1.17443,1.1745445,1.17423,1.1742171,1.1749,1.1749101
2017-12-22 18:00:00,1.17567,1.1753399,1.1753267,1.1748099,1.1748471,1.17443,1.1745241,1.17423,1.174221,1.1749,1.1748976,1.17561,1.1755749
2017-12-22 19:00:00,1.1753399,1.1748099,1.1748219,1.17443,1.174489,1.17423,1.1742606,1.1749,1.1749253,1.17561,1.1755745,1.17558,1.1755571
2017-12-22 20:00:00,1.1748099,1.17443,1.1744456,1.17423,1.1742656,1.1749,1.1748979,1.17561,1.1756338,1.17558,1.1755174,1.17631,1.176285
2017-12-22 21:00:00,1.17443,1.17423,1.1742179,1.1749,1.1748812,1.17561,1.1755699,1.17558,1.175559,1.17631,1.176215,1.17596,1.1757872
2017-12-26 00:00:00,1.17423,1.1749,1.1748964,1.17561,1.1755835,1.17558,1.1754398,1.17631,1.1763895,1.17596,1.1758183,1.17601,1.1760343
2017-12-26 01:00:00,1.1749,1.17561,1.1754906,1.17558,1.1756014,1.17631,1.1763173,1.17596,1.1759489,1.17601,1.1759698,1.17674,1.1766366
2017-12-26 02:00:00,1.17561,1.17558,1.175567,1.17631,1.1762829,1.17596,1.1759118,1.17601,1.176023,1.17674,1.1766195,1.17799,1.1779659
2017-12-26 03:00:00,1.17558,1.17631,1.1762367,1.17596,1.1759734,1.17601,1.1759777,1.17674,1.1767529,1.17799,1.1779855,1.17877,1.1788573
2017-12-26 04:00:00,1.17631,1.17596,1.1759374,1.17601,1.1760274,1.17674,1.1767168,1.17799,1.1779256,1.17877,1.1786903,1.17884,1.1788142
2017-12-26 05:00:00,1.17596,1.17601,1.1760125,1.17674,1.1767147,1.17799,1.1779976,1.17877,1.1786555,1.17884,1.1785712,1.17948,1.1795397
2017-12-26 06:00:00,1.17601,1.17674,1.1766915,1.17799,1.1779163,1.17877,1.1788492,1.17884,1.1788588,1.17948,1.179397,1.17924,1.1793339
2017-12-26 07:00:00,1.17674,1.17799,1.177966,1.17877,1.1788224,1.17884,1.1787475,1.17948,1.1795504,1.17924,1.1791945,1.17947,1.1793759
2017-12-26 08:00:00,1.17799,1.17877,1.178795,1.17884,1.1788559,1.17948,1.1794089,1.17924,1.1793326,1.17947,1.1793581,1.17929,1.1792166
2017-12-26 09:00:00,1.17877,1.17884,1.1788104,1.17948,1.1794901,1.17924,1.1791426,1.17947,1.1795671,1.17929,1.1792334,1.18066,1.1806142
2017-12-26 10:00:00,1.17884,1.17948,1.1795001,1.17924,1.1792347,1.17947,1.1794325,1.17929,1.1793251,1.18066,1.1806422,1.18111,1.1810744
2017-12-26 11:00:00,1.17948,1.17924,1.1792188,1.17947,1.179466,1.17929,1.1792234,1.18066,1.180724,1.18111,1.1810677,1.18039,1.180336
2017-12-26 12:00:00,1.17924,1.17947,1.1795049,1.17929,1.1792779,1.18066,1.1806707,1.18111,1.1810914,1.18039,1.1803421,1.17895,1.1789263
2017-12-26 13:00:00,1.17947,1.17929,1.1792719,1.18066,1.1806582,1.18111,1.1810801,1.18039,1.1804273,1.17895,1.1788943,1.17928,1.1792713
2017-12-26 14:00:00,1.17929,1.18066,1.1807386,1.18111,1.1810908,1.18039,1.1804131,1.17895,1.1790158,1.17928,1.1792923,1.1783,1.1782972
2017-12-26 15:00:00,1.18066,1.18111,1.1810644,1.18039,1.1804092,1.17895,1.1788973,1.17928,1.1793747,1.1783,1.1784154,1.17808,1.1780472
2017-12-26 16:00:00,1.18111,1.18039,1.1804112,1.17895,1.1789532,1.17928,1.1793303,1.1783,1.1784259,1.17808,1.1781166,1.17794,1.1779779
2017-12-26 17:00:00,1.18039,1.17895,1.1789486,1.17928,1.1793635,1.1783,1.1782854,1.17808,1.1783384,1.17794,1.1779828,1.17821,1.1781871
2017-12-26 18:00:00,1.17895,1.17928,1.179291,1.1783,1.1783434,1.17808,1.1780877,1.17794,1.1780128,1.17821,1.1782082,1.1783199,1.1783432
2017-12-26 19:00:00,1.17928,1.1783,1.1782486,1.17808,1.1781206,1.17794,1.1779231,1.17821,1.1782817,1.1783199,1.1783714,1.17826,1.1782331
2017-12-26 20:00:00,1.1783,1.17808,1.1780968,1.17794,1.1779659,1.17821,1.1781765,1.1783199,1.17837,1.17826,1.178197,1.17814,1.1781148
2017-12-26 21:00:00,1.17808,1.17794,1.1779091,1.17821,1.1781996,1.1783199,1.178301,1.17826,1.1782838,1.17814,1.1780478,1.17863,1.1785953
2017-12-26 22:00:00,1.17794,1.17821,1.1781828,1.1783199,1.1783286,1.17826,1.1782262,1.17814,1.1781532,1.17863,1.1785865,1.17879,1.1787286
2017-12-26 23:00:00,1.17821,1.1783199,1.178301,1.17826,1.1782892,1.17814,1.1781036,1.17863,1.1786994,1.17879,1.1787361,1.17917,1.1790991
2017-12-27 00:00:00,1.1783199,1.17826,1.1782584,1.17814,1.1781502,1.17863,1.1786175,1.17879,1.1787915,1.17917,1.1791337,1.17918,1.1791487
2017-12-27 01:00:00,1.17826,1.17814,1.1780975,1.17863,1.1785955,1.17879,1.1787683,1.17917,1.1792034,1.17918,1.1790465,1.17939,1.1793636
2017-12-27 02:00:00,1.17814,1.17863,1.1786153,1.17879,1.1787965,1.17917,1.1791344,1.17918,1.1791737,1.17939,1.1792862,1.18052,1.1804614
2017-12-27 03:00:00,1.17863,1.17879,1.1787512,1.17917,1.1791735,1.17918,1.1791852,1.17939,1.1794004,1.18052,1.1803578,1.18042,1.1803739
2017-12-27 04:00:00,1.17879,1.17917,1.1791368,1.17918,1.179182,1.17939,1.1793201,1.18052,1.1804825,1.18042,1.1803279,1.18057,1.1805936
2017-12-27 05:00:00,1.17917,1.17918,1.179166,1.17939,1.1794006,1.18052,1.1805009,1.18042,1.180325,1.18057,1.1805267,1.18075,1.1806369
2017-12-27 06:00:00,1.17918,1.17939,1.1793572,1.18052,1.1805645,1.18042,1.180397,1.18057,1.1804683,1.18075,1.1806473,1.18089,1.1808858
2017-12-27 07:00:00,1.17939,1.18052,1.1805289,1.18042,1.1803393,1.18057,1.1805147,1.18075,1.1808145,1.18089,1.1807903,1.18277,1.1827692
2017-12-27 08:00:00,1.18052,1.18042,1.1804111,1.18057,1.1805865,1.18075,1.1807241,1.18089,1.1809425,1.18277,1.1828266,1.18262,1.1825197
2017-12-27 09:00:00,1.18042,1.18057,1.1805396,1.18075,1.1807327,1.18089,1.180824,1.18277,1.1827955,1.18262,1.1824903,1.18089,1.1808492
2017-12-27 10:00:00,1.18057,1.18075,1.1807127,1.18089,1.1808792,1.18277,1.1828454,1.18262,1.1825534,1.18089,1.1807929,1.18092,1.1808692
2017-12-27 11:00:00,1.18075,1.18089,1.18089,1.18277,1.1828003,1.18262,1.1826427,1.18089,1.1808832,1.18092,1.1808767,1.18209,1.18208
2017-12-27 12:00:00,1.18089,1.18277,1.1827095,1.18262,1.182576,1.18089,1.1807889,1.18092,1.1809682,1.18209,1.1820105,1.18282,1.1827356
2017-12-27 13:00:00,1.18277,1.18262,1.1825956,1.18089,1.1809198,1.18092,1.1809067,1.18209,1.1821946,1.18282,1.1828015,1.18438,1.1844234
2017-12-27 14:00:00,1.18262,1.18089,1.1809686,1.18092,1.1810791,1.18209,1.1821139,1.18282,1.1828802,1.18438,1.1843376,1.18442,1.1844113
2017-12-27 15:00:00,1.18089,1.18092,1.180971,1.18209,1.18204,1.18282,1.1827909,1.18438,1.1845996,1.18442,1.1843303,1.18397,1.183834
2017-12-27 16:00:00,1.18092,1.18209,1.1820562,1.18282,1.1829088,1.18438,1.1842831,1.18442,1.1846023,1.18397,1.1837944,1.18379,1.183893
2017-12-27 17:00:00,1.18209,1.18282,1.1827239,1.18438,1.1845043,1.18442,1.1843009,1.18397,1.1840768,1.18379,1.1836796,1.18413,1.1840882
2017-12-27 18:00:00,1.18282,1.18438,1.1843673,1.18442,1.1844311,1.18397,1.1839099,1.18379,1.1837972,1.18413,1.1841195,1.18361,1.1836534
2017-12-27 19:00:00,1.18438,1.18442,1.1843966,1.18397,1.1840049,1.18379,1.1837802,1.18413,1.1842132,1.18361,1.1835626,1.1842899,1.1843438
2017-12-27 20:00:00,1.18442,1.18397,1.1839952,1.18379,1.1838008,1.18413,1.1841494,1.18361,1.1836562,1.1842899,1.1842743,1.18416,1.1841776
2017-12-27 21:00:00,1.18397,1.18379,1.1837909,1.18413,1.1841311,1.18361,1.1835607,1.1842899,1.1843345,1.18416,1.184096,1.18424,1.184253
2017-12-27 22:00:00,1.18379,1.18413,1.1841222,1.18361,1.1836138,1.1842899,1.1842616,1.18416,1.1842333,1.18424,1.1841869,1.18458,1.1845617
2017-12-27 23:00:00,1.18413,1.18361,1.1836323,1.1842899,1.1843271,1.18416,1.1841168,1.18424,1.1843,1.18458,1.1845208,1.1841099,1.1840967
2017-12-28 00:00:00,1.18361,1.1842899,1.1842446,1.18416,1.1841747,1.18424,1.1841782,1.18458,1.1847042,1.1841099,1.1840626,1.18451,1.1845374
2017-12-28 01:00:00,1.1842899,1.18416,1.184132,1.18424,1.1842734,1.18458,1.1845593,1.1841099,1.1841793,1.18451,1.1845062,1.18285,1.1828581
2017-12-28 02:00:00,1.18416,1.18424,1.184227,1.18458,1.1845666,1.1841099,1.1840122,1.18451,1.1845499,1.18285,1.1827286,1.1841,1.1841398
2017-12-28 03:00:00,1.18424,1.18458,1.1845546,1.1841099,1.1841358,1.18451,1.1845148,1.18285,1.1829368,1.1841,1.1840843,1.18467,1.1846569
2017-12-28 04:00:00,1.18458,1.1841099,1.1840471,1.18451,1.1845268,1.18285,1.1828796,1.1841,1.1841964,1.18467,1.1846589,1.18374,1.1837983
2017-12-28 05:00:00,1.1841099,1.18451,1.1845089,1.18285,1.1828647,1.1841,1.1841238,1.18467,1.1848001,1.18374,1.1837189,1.18439,1.184423
2017-12-28 06:00:00,1.18451,1.18285,1.1827958,1.1841,1.1841353,1.18467,1.1846869,1.18374,1.1837741,1.18439,1.1843475,1.18363,1.1835303
2017-12-28 07:00:00,1.18285,1.1841,1.184033,1.18467,1.1846616,1.18374,1.183691,1.18439,1.1844646,1.18363,1.1835196,1.18413,1.1841096
2017-12-28 08:00:00,1.1841,1.18467,1.1846373,1.18374,1.1837794,1.18439,1.1843758,1.18363,1.1836718,1.18413,1.1841371,1.18432,1.1843038
2017-12-28 09:00:00,1.18467,1.18374,1.1837823,1.18439,1.1844088,1.18363,1.1836058,1.18413,1.1842103,1.18432,1.1843321,1.18589,1.1859109
2017-12-28 10:00:00,1.18374,1.18439,1.1843737,1.18363,1.1836628,1.18413,1.1841327,1.18432,1.18437,1.18589,1.1859672,1.18823,1.1885506
2017-12-28 11:00:00,1.18439,1.18363,1.1837142,1.18413,1.1841409,1.18432,1.1842813,1.18589,1.1857505,1.18823,1.1883245,1.18802,1.1880478
2017-12-28 12:00:00,1.18363,1.18413,1.1841383,1.18432,1.1842482,1.18589,1.1859131,1.18823,1.1880805,1.18802,1.1879416,1.1876,1.1874938
2017-12-28 13:00:00,1.18413,1.18432,1.1843066,1.18589,1.1858495,1.18823,1.1883795,1.18802,1.1879781,1.1876,1.1872183,1.188,1.187718
2017-12-28 14:00:00,1.18432,1.18589,1.1859223,1.18823,1.1881844,1.18802,1.1879131,1.1876,1.1875615,1.188,1.1878002,1.18771,1.1874919
2017-12-28 15:00:00,1.18589,1.18823,1.1879934,1.18802,1.1880385,1.1876,1.1874542,1.188,1.1879072,1.18771,1.1876292,1.1877999,1.1879904
2017-12-28 16:00:00,1.18823,1.18802,1.187973,1.1876,1.1876631,1.188,1.1880203,1.18771,1.1877702,1.1877999,1.1878347,1.18691,1.1868988
2017-12-28 17:00:00,1.18802,1.1876,1.1875765,1.188,1.188005,1.18771,1.1876711,1.1877999,1.1878709,1.18691,1.18692,1.18715,1.1871879
2017-12-28 18:00:00,1.1876,1.188,1.1879514,1.18771,1.1877337,1.1877999,1.1877779,1.18691,1.1869612,1.18715,1.187135,1.18769,1.187723
2017-12-28 19:00:00,1.188,1.18771,1.1877096,1.1877999,1.1878128,1.18691,1.1868919,1.18715,1.1872718,1.18769,1.1877226,1.18742,1.1874623
2017-12-28 20:00:00,1.18771,1.1877999,1.1878275,1.18691,1.1869676,1.18715,1.187156,1.18769,1.1878288,1.18742,1.1874312,1.1870201,1.1870722
2017-12-28 21:00:00,1.1877999,1.18691,1.186936,1.18715,1.1872382,1.18769,1.1877031,1.18742,1.1875006,1.1870201,1.1869712,1.18734,1.1874079
2017-12-28 22:00:00,1.18691,1.18715,1.1871381,1.18769,1.187746,1.18742,1.1873801,1.1870201,1.187083,1.18734,1.1873345,1.1865,1.1865156
2017-12-28 23:00:00,1.18715,1.18769,1.1876574,1.18742,1.1874084,1.1870201,1.186964,1.18734,1.1874175,1.1865,1.1864921,1.18665,1.1867275
2017-12-29 00:00:00,1.18769,1.18742,1.1874335,1.1870201,1.1870586,1.18734,1.1873277,1.1865,1.1865201,1.18665,1.1867021,1.1867,1.1866748
2017-12-29 01:00:00,1.18742,1.1870201,1.1870439,1.18734,1.1873722,1.1865,1.1865045,1.18665,1.1867478,1.1867,1.1866885,1.18686,1.1869067
2017-12-29 02:00:00,1.1870201,1.18734,1.1873356,1.1865,1.1865529,1.18665,1.1866355,1.1867,1.1867493,1.18686,1.186823,1.18714,1.1871331
2017-12-29 03:00:00,1.18734,1.1865,1.1865059,1.18665,1.1867332,1.1867,1.1867301,1.18686,1.1868987,1.18714,1.1870639,1.1877999,1.1877637
2017-12-29 04:00:00,1.1865,1.18665,1.186659,1.1867,1.1867213,1.18686,1.1868345,1.18714,1.1872077,1.1877999,1.1877201,1.18804,1.1879764
2017-12-29 05:00:00,1.18665,1.1867,1.1866729,1.18686,1.1868892,1.18714,1.1870846,1.1877999,1.1877406,1.18804,1.1879721,1.18704,1.1869686
2017-12-29 06:00:00,1.1867,1.18686,1.1868424,1.18714,1.1871152,1.1877999,1.1877174,1.18804,1.1880065,1.18704,1.1870016,1.18656,1.1865429
2017-12-29 07:00:00,1.18686,1.18714,1.1870855,1.1877999,1.1877227,1.18804,1.1879948,1.18704,1.1870552,1.18656,1.1865294,1.18624,1.186177
2017-12-29 08:00:00,1.18714,1.1877999,1.1877507,1.18804,1.1880634,1.18704,1.1870075,1.18656,1.1866305,1.18624,1.1862402,1.18583,1.1858337
2017-12-29 09:00:00,1.1877999,1.18804,1.1879994,1.18704,1.1870626,1.18656,1.18651,1.18624,1.1863431,1.18583,1.1857564,1.18634,1.1863576
2017-12-29 10:00:00,1.18804,1.18704,1.1871662,1.18656,1.1866167,1.18624,1.1863748,1.18583,1.1858932,1.18634,1.1862924,1.18595,1.1859314
2017-12-29 11:00:00,1.18704,1.18656,1.1866307,1.18624,1.1862904,1.18583,1.1859092,1.18634,1.1864282,1.18595,1.1859077,1.18704,1.1870877
2017-12-29 12:00:00,1.18656,1.18624,1.1862584,1.18583,1.1858829,1.18634,1.1863515,1.18595,1.1860543,1.18704,1.1870177,1.18674,1.1867124
2017-12-29 13:00:00,1.18624,1.18583,1.1857872,1.18634,1.1863439,1.18595,1.1858875,1.18704,1.1871655,1.18674,1.186724,1.18662,1.1866052
2017-12-29 14:00:00,1.18583,1.18634,1.1862972,1.18595,1.1859472,1.18704,1.1869816,1.18674,1.1868365,1.18662,1.1865472,1.18715,1.187135
2017-12-29 15:00:00,1.18634,1.18595,1.1858776,1.18704,1.1870531,1.18674,1.1866761,1.18662,1.1866405,1.18715,1.1871059,1.18764,1.1875566
2017-12-29 16:00:00,1.18595,1.18704,1.1870532,1.18674,1.1867127,1.18662,1.1865827,1.18715,1.1871688,1.18764,1.1876745,1.18704,1.1870103
2017-12-29 17:00:00,1.18704,1.18674,1.18673,1.18662,1.1866407,1.18715,1.1871121,1.18764,1.1876888,1.18704,1.1870135,1.18651,1.186491
2017-12-29 18:00:00,1.18674,1.18662,1.18662,1.18715,1.1871804,1.18764,1.187612,1.18704,1.1870477,1.18651,1.1864513,1.18519,1.1851183
2017-12-29 19:00:00,1.18662,1.18715,1.1871011,1.18764,1.187667,1.18704,1.1870103,1.18651,1.1865263,1.18519,1.185213,1.18436,1.1842712
2017-12-29 20:00:00,1.18715,1.18764,1.1876404,1.18704,1.1870625,1.18651,1.1865442,1.18519,1.1851469,1.18436,1.1843463,1.18441,1.1846715
2017-12-29 21:00:00,1.18764,1.18704,1.1870208,1.18651,1.1865374,1.18519,1.1852516,1.18436,1.1844416,1.18441,1.1842899,1.18496,1.1849709
2018-01-02 00:00:00,1.18704,1.18651,1.1865202,1.18519,1.1853199,1.18436,1.1845348,1.18441,1.184536,1.18496,1.1850805,1.1848099,1.1848699
2018-01-02 01:00:00,1.18651,1.18519,1.1852489,1.18436,1.1843872,1.18441,1.1845263,1.18496,1.1851673,1.1848099,1.184733,1.18472,1.1847525
2018-01-02 02:00:00,1.18519,1.18436,1.1843708,1.18441,1.1844116,1.18496,1.1849883,1.1848099,1.1848602,1.18472,1.1846707,1.1849,1.1848735
2018-01-02 03:00:00,1.18436,1.18441,1.1843846,1.18496,1.1850064,1.1848099,1.1847606,1.18472,1.1847798,1.1849,1.1848216,1.1856201,1.1855717
2018-01-02 04:00:00,1.18441,1.18496,1.184915,1.1848099,1.1848434,1.18472,1.1847129,1.1849,1.1849407,1.1856201,1.1856416,1.18522,1.1851859
2018-01-02 05:00:00,1.18496,1.1848099,1.184794,1.18472,1.1847444,1.1849,1.1848519,1.1856201,1.1856287,1.18522,1.185155,1.1854,1.1853794
2018-01-02 06:00:00,1.1848099,1.18472,1.184737,1.1849,1.1849278,1.1856201,1.1855843,1.18522,1.1852016,1.1854,1.1853377,1.18483,1.18474
2018-01-02 07:00:00,1.18472,1.1849,1.1848443,1.1856201,1.1856213,1.18522,1.1851985,1.1854,1.1853963,1.18483,1.1847724,1.18472,1.1846938
2018-01-02 08:00:00,1.1849,1.1856201,1.1856048,1.18522,1.1852207,1.1854,1.1853907,1.18483,1.1848444,1.18472,1.1846826,1.18515,1.1851244
2018-01-02 09:00:00,1.1856201,1.18522,1.1851892,1.1854,1.1854194,1.18483,1.1848322,1.18472,1.1847827,1.18515,1.1851255,1.18485,1.1848581
2018-01-02 10:00:00,1.18522,1.1854,1.1853974,1.18483,1.1848518,1.18472,1.1847104,1.18515,1.1852314,1.18485,1.1848227,1.18545,1.1854998
2018-01-02 11:00:00,1.1854,1.18483,1.1848453,1.18472,1.1847446,1.18515,1.1851754,1.18485,1.1849407,1.18545,1.185451,1.18497,1.1850063
2018-01-02 12:00:00,1.18483,1.18472,1.1847141,1.18515,1.1851496,1.18485,1.1848239,1.18545,1.1855317,1.18497,1.1849875,1.18345,1.1834649
2018-01-02 13:00:00,1.18472,1.18515,1.1851912,1.18485,1.1848512,1.18545,1.1854107,1.18497,1.1850209,1.18345,1.183354,1.18379,1.1838267
2018-01-02 14:00:00,1.18515,1.18485,1.1848594,1.18545,1.1854997,1.18497,1.1850071,1.18345,1.1834725,1.18379,1.1837933,1.1852701,1.1852739
2018-01-02 15:00:00,1.18485,1.18545,1.1854861,1.18497,1.1850141,1.18345,1.1835427,1.18379,1.1838498,1.1852701,1.1852807,1.18504,1.1850712
2018-01-02 16:00:00,1.18545,1.18497,1.1850325,1.18345,1.1835815,1.18379,1.183819,1.1852701,1.1853685,1.18504,1.1850457,1.18496,1.1850116
2018-01-02 17:00:00,1.18497,1.18345,1.1835636,1.18379,1.1838871,1.1852701,1.1852977,1.18504,1.1850665,1.18496,1.1848619,1.18571,1.1856378
2018-01-02 18:00:00,1.18345,1.18379,1.183754,1.1852701,1.1852448,1.18504,1.1850474,1.18496,1.1849757,1.18571,1.1855717,1.18589,1.185815
2018-01-02 19:00:00,1.18379,1.1852701,1.1851773,1.18504,1.1850069,1.18496,1.1848836,1.18571,1.1858238,1.18589,1.1859006,1.1867499,1.186769
2018-01-02 20:00:00,1.1852701,1.18504,1.1850276,1.18496,1.1849614,1.18571,1.1856833,1.18589,1.1859468,1.1867499,1.1867217,1.18651,1.1865325
2018-01-02 21:00:00,1.18504,1.18496,1.184911,1.18571,1.1856974,1.18589,1.185866,1.1867499,1.1867547,1.18651,1.1864108,1.18708,1.1869878
2018-01-02 22:00:00,1.18496,1.18571,1.1857251,1.18589,1.1858535,1.1867499,1.1868081,1.18651,1.1866457,1.18708,1.1870052,1.18706,1.1870233
2018-01-02 23:00:00,1.18571,1.18589,1.1858771,1.1867499,1.1866919,1.18651,1.1863596,1.18708,1.1870462,1.18706,1.1869488,1.18687,1.1868074
2018-01-03 00:00:00,1.18589,1.1867499,1.1867878,1.18651,1.1864718,1.18708,1.1870464,1.18706,1.1870236,1.18687,1.186815,1.18699,1.1869713
2018-01-03 01:00:00,1.1867499,1.18651,1.1865427,1.18708,1.1871369,1.18706,1.1870813,1.18687,1.1869737,1.18699,1.1870109,1.18668,1.1867021
2018-01-03 02:00:00,1.18651,1.18708,1.1870633,1.18706,1.1871045,1.18687,1.186819,1.18699,1.1870725,1.18668,1.1866319,1.18716,1.1871979
2018-01-03 03:00:00,1.18708,1.18706,1.187032,1.18687,1.1869051,1.18699,1.186963,1.18668,1.186748,1.18716,1.1871095,1.18688,1.1868479
2018-01-03 04:00:00,1.18706,1.18687,1.1868743,1.18699,1.1870018,1.18668,1.1866331,1.18716,1.1872334,1.18688,1.1868479,1.18602,1.1860123
2018-01-03 05:00:00,1.18687,1.18699,1.1870042,1.18668,1.1866925,1.18716,1.1871144,1.18688,1.186938,1.18602,1.1859779,1.18595,1.185899
2018-01-03 06:00:00,1.18699,1.18668,1.1866529,1.18716,1.1871806,1.18688,1.1868795,1.18602,1.1860193,1.18595,1.1859385,1.18511,1.1851177
2018-01-03 07:00:00,1.18668,1.18716,1.1871707,1.18688,1.1868756,1.18602,1.1859329,1.18595,1.1860379,1.18511,1.1850903,1.18461,1.1845634
2018-01-03 08:00:00,1.18716,1.18688,1.1869028,1.18602,1.1860263,1.18595,1.185925,1.18511,1.185101,1.18461,1.1846398,1.18549,1.1854509
2018-01-03 09:00:00,1.18688,1.18602,1.1860242,1.18595,1.1860268,1.18511,1.1849983,1.18461,1.1848485,1.18549,1.1854544,1.18768,1.1876607
2018-01-03 10:00:00,1.18602,1.18595,1.1859637,1.18511,1.1851325,1.18461,1.1846243,1.18549,1.185569,1.18768,1.1876308,1.18648,1.1864854
2018-01-03 11:00:00,1.18595,1.18511,1.1851866,1.18461,1.184691,1.18549,1.185419,1.18768,1.187712,1.18648,1.186399,1.18657,1.1865753
2018-01-03 12:00:00,1.18511,1.18461,1.1846446,1.18549,1.1854925,1.18768,1.1876751,1.18648,1.186457,1.18657,1.1865197,1.18698,1.1869316
2018-01-03 13:00:00,1.18461,1.18549,1.1854835,1.18768,1.1876321,1.18648,1.1863009,1.18657,1.186516,1.18698,1.1867503,1.18696,1.1869287
2018-01-03 14:00:00,1.18549,1.18768,1.1877077,1.18648,1.1864674,1.18657,1.1865366,1.18698,1.1869693,1.18696,1.1868563,1.18628,1.1862034
2018-01-03 15:00:00,1.18768,1.18648,1.1864359,1.18657,1.186612,1.18698,1.1869621,1.18696,1.18704,1.18628,1.1862048,1.18623,1.1861993
2018-01-03 16:00:00,1.18648,1.18657,1.1865983,1.18698,1.1869621,1.18696,1.1869619,1.18628,1.186303,1.18623,1.1862001,1.18561,1.1855958
2018-01-03 17:00:00,1.18657,1.18698,1.1869291,1.18696,1.1869589,1.18628,1.1862439,1.18623,1.1862893,1.18561,1.1856241,1.18582,1.1858456
2018-01-03 18:00:00,1.18698,1.18696,1.1869475,1.18628,1.1862917,1.18623,1.1862563,1.18561,1.1856912,1.18582,1.1858637,1.18564,1.1855965
2018-01-03 19:00:00,1.18696,1.18628,1.1862657,1.18623,1.1862696,1.18561,1.1856724,1.18582,1.1859573,1.18564,1.1856613,1.18622,1.1862534
2018-01-03 20:00:00,1.18628,1.18623,1.1862581,1.18561,1.1856697,1.18582,1.1858636,1.18564,1.1857672,1.18622,1.1862345,1.186,1.1860197
2018-01-03 21:00:00,1.18623,1.18561,1.185635,1.18582,1.1859035,1.18564,1.1856287,1.18622,1.186315,1.186,1.185951,1.18634,1.1863513
2018-01-03 22:00:00,1.18561,1.18582,1.1858306,1.18564,1.1856675,1.18622,1.1862252,1.186,1.1860725,1.18634,1.1862928,1.1863201,1.1863108
2018-01-03 23:00:00,1.18582,1.18564,1.185589,1.18622,1.1862154,1.186,1.1859424,1.18634,1.186363,1.1863201,1.1862336,1.18742,1.1873318
2018-01-04 00:00:00,1.18564,1.18622,1.1862152,1.186,1.1859939,1.18634,1.1863228,1.1863201,1.1863469,1.18742,1.1874772,1.18777,1.1877487
2018-01-04 01:00:00,1.18622,1.186,1.1859841,1.18634,1.1863437,1.1863201,1.186271,1.18742,1.1874316,1.18777,1.1877438,1.1877999,1.1878321
2018-01-04 02:00:00,1.186,1.18634,1.1863348,1.1863201,1.1863191,1.18742,1.1874261,1.18777,1.1876478,1.1877999,1.187692,1.18669,1.1866398
2018-01-04 03:00:00,1.18634,1.1863201,1.1862923,1.18742,1.18748,1.18777,1.1876292,1.1877999,1.1878293,1.18669,1.1866103,1.18694,1.186943
2018-01-04 04:00:00,1.1863201,1.18742,1.1874042,1.18777,1.1876863,1.1877999,1.1876826,1.18669,1.1867056,1.18694,1.1869034,1.18874,1.1886511
2018-01-04 05:00:00,1.18742,1.18777,1.1877037,1.1877999,1.1878151,1.18669,1.1866691,1.18694,1.18702,1.18874,1.1887203,1.18919,1.189131
2018-01-04 06:00:00,1.18777,1.1877999,1.1878207,1.18669,1.1867025,1.18694,1.1868945,1.18874,1.1887716,1.18919,1.18911,1.18922,1.1892688
2018-01-04 07:00:00,1.1877999,1.18669,1.1866436,1.18694,1.1869811,1.18874,1.1887794,1.18919,1.1892558,1.18922,1.1891197,1.1892099,1.1891679
2018-01-04 08:00:00,1.18669,1.18694,1.1869543,1.18874,1.1886661,1.18919,1.1890389,1.18922,1.1892782,1.1892099,1.1889852,1.19006,1.1897528
2018-01-04 09:00:00,1.18694,1.18874,1.1887859,1.18919,1.1890846,1.18922,1.1892611,1.1892099,1.1891592,1.19006,1.1898714,1.19054,1.1903603
2018-01-04 10:00:00,1.18874,1.18919,1.1891737,1.18922,1.1892292,1.1892099,1.1891153,1.19006,1.1901251,1.19054,1.1904718,1.18936,1.1893215
2018-01-04 11:00:00,1.18919,1.18922,1.1892109,1.1892099,1.1892148,1.19006,1.1899614,1.19054,1.1905098,1.18936,1.1892556,1.19009,1.1900456
2018-01-04 12:00:00,1.18922,1.1892099,1.1891687,1.19006,1.1900324,1.19054,1.1903955,1.18936,1.1893629,1.19009,1.1899827,1.18985,1.1897452
2018-01-04 13:00:00,1.1892099,1.19006,1.1899798,1.19054,1.1905636,1.18936,1.1892856,1.19009,1.1901937,1.18985,1.1898063,1.18973,1.1897031
2018-01-04 14:00:00,1.19006,1.19054,1.1905378,1.18936,1.1893754,1.19009,1.1900554,1.18985,1.1899127,1.18973,1.1897134,1.18965,1.1896493
2018-01-04 15:00:00,1.19054,1.18936,1.1893891,1.19009,1.1901405,1.18985,1.1897959,1.18973,1.1897544,1.18965,1.1896048,1.18937,1.1893469
2018-01-04 16:00:00,1.18936,1.19009,1.190031,1.18985,1.189806,1.18973,1.1896787,1.18965,1.1897402,1.18937,1.1893492,1.18861,1.1886514
2018-01-04 17:00:00,1.19009,1.18985,1.1898606,1.18973,1.1897684,1.18965,1.1896337,1.18937,1.1894464,1.18861,1.1885657,1.1898301,1.1898625
2018-01-04 18:00:00,1.18985,1.18973,1.189748,1.18965,1.1896747,1.18937,1.1893747,1.18861,1.1887338,1.1898301,1.1898084,1.18996,1.1899374
2018-01-04 19:00:00,1.18973,1.18965,1.1896139,1.18937,1.189379,1.18861,1.1885054,1.1898301,1.189892,1.18996,1.1898731,1.19029,1.1903125
2018-01-04 20:00:00,1.18965,1.18937,1.1893967,1.18861,1.1886824,1.1898301,1.1898165,1.18996,1.1899929,1.19029,1.190242,1.19047,1.1904156
2018-01-04 21:00:00,1.18937,1.18861,1.1886266,1.1898301,1.1898077,1.18996,1.1898894,1.19029,1.1902789,1.19047,1.1903225,1.19087,1.1906792
2018-01-04 22:00:00,1.18861,1.1898301,1.1897967,1.18996,1.1899394,1.19029,1.1902539,1.19047,1.1904917,1.19087,1.1908163,1.19096,1.1909
2018-01-04 23:00:00,1.1898301,1.18996,1.1899171,1.19029,1.1903019,1.19047,1.1904457,1.19087,1.1908368,1.19096,1.1908689,1.19166,1.1915405
2018-01-05 00:00:00,1.18996,1.19029,1.1902764,1.19047,1.1904981,1.19087,1.1907835,1.19096,1.1910099,1.19166,1.1915442,1.19313,1.1930876
2018-01-05 01:00:00,1.19029,1.19047,1.1904302,1.19087,1.1908469,1.19096,1.1908844,1.19166,1.1917046,1.19313,1.1930434,1.19316,1.1930956
2018-01-05 02:00:00,1.19047,1.19087,1.190853,1.19096,1.1909442,1.19166,1.191541,1.19313,1.1930221,1.19316,1.1929643,1.1939499,1.1937081
2018-01-05 03:00:00,1.19087,1.19096,1.1909196,1.19166,1.1916156,1.19313,1.1930283,1.19316,1.1931177,1.1939499,1.1938508,1.19368,1.193508
2018-01-05 04:00:00,1.19096,1.19166,1.1915708,1.19313,1.1930418,1.19316,1.1929736,1.1939499,1.1939485,1.19368,1.1934758,1.19312,1.1930059
2018-01-05 05:00:00,1.19166,1.19313,1.1930101,1.19316,1.1931015,1.1939499,1.1939256,1.19368,1.1936879,1.19312,1.1931118,1.1930699,1.1930522
2018-01-05 06:00:00,1.19313,1.19316,1.1931276,1.1939499,1.1939769,1.19368,1.1936486,1.19312,1.1931806,1.1930699,1.1930382,1.19365,1.1936439
2018-01-05 07:00:00,1.19316,1.1939499,1.1938633,1.19368,1.1937071,1.19312,1.1930904,1.1930699,1.1931541,1.19365,1.1936005,1.194,1.1940328
2018-01-05 08:00:00,1.1939499,1.19368,1.1936457,1.19312,1.1931677,1.1930699,1.1930203,1.19365,1.1937354,1.194,1.1939603,1.19465,1.1946671
2018-01-05 09:00:00,1.19368,1.19312,1.1930965,1.1930699,1.1931154,1.19365,1.1936271,1.194,1.1940432,1.19465,1.1945807,1.19466,1.1946437
2018-01-05 10:00:00,1.19312,1.1930699,1.193067,1.19365,1.1936733,1.194,1.193926,1.19465,1.1946392,1.19466,1.1946197,1.19367,1.1936435
2018-01-05 11:00:00,1.1930699,1.19365,1.193678,1.194,1.1939567,1.19465,1.1945901,1.19466,1.1945733,1.19367,1.193548,1.1951001,1.1950852
2018-01-05 12:00:00,1.19365,1.194,1.1939512,1.19465,1.1946254,1.19466,1.194603,1.19367,1.1937311,1.1951001,1.195205,1.19525,1.1951717
2018-01-05 13:00:00,1.194,1.19465,1.1946155,1.19466,1.1946313,1.19367,1.1935443,1.1951001,1.1951257,1.19525,1.1951853,1.19576,1.195828
2018-01-05 14:00:00,1.19465,1.19466,1.1946578,1.19367,1.1937251,1.1951001,1.1950829,1.19525,1.1953096,1.19576,1.1958122,1.19523,1.1951945
2018-01-05 15:00:00,1.19466,1.19367,1.1936553,1.1951001,1.1950724,1.19525,1.1952035,1.19576,1.1957444,1.19523,1.1951666,1.19399,1.1939558
2018-01-05 16:00:00,1.19367,1.1951001,1.1951492,1.19525,1.1951331,1.19576,1.1958094,1.19523,1.1952403,1.19399,1.1939472,1.19403,1.1940494
2018-01-05 17:00:00,1.1951001,1.19525,1.1952045,1.19576,1.1957808,1.19523,1.1951971,1.19399,1.1941235,1.19403,1.1940697,1.1937,1.1937253
2018-01-05 18:00:00,1.19525,1.19576,1.1957107,1.19523,1.1952623,1.19399,1.1939632,1.19403,1.1941807,1.1937,1.1937169,1.19384,1.1938983
2018-01-05 19:00:00,1.19576,1.19523,1.1952304,1.19399,1.1940881,1.19403,1.1941049,1.1937,1.1938794,1.19384,1.1938913,1.19439,1.1945167
2018-01-05 20:00:00,1.19523,1.19399,1.1939925,1.19403,1.1941293,1.1937,1.1937683,1.19384,1.1939195,1.19439,1.1944021,1.1941199,1.1941433
2018-01-05 21:00:00,1.19399,1.19403,1.1940113,1.1937,1.1937284,1.19384,1.1938069,1.19439,1.1944746,1.1941199,1.1940624,1.19471,1.1947421
2018-01-07 22:00:00,1.19403,1.1937,1.1936764,1.19384,1.1938831,1.19439,1.1943443,1.1941199,1.1941538,1.19471,1.1946851,1.19417,1.1941235
2018-01-07 23:00:00,1.1937,1.19384,1.19384,1.19439,1.1943865,1.1941199,1.1940814,1.19471,1.1947594,1.19417,1.194117,1.19441,1.1943815
2018-01-08 00:00:00,1.19384,1.19439,1.1943688,1.1941199,1.19414,1.19471,1.1946036,1.19417,1.1942137,1.19441,1.1943765,1.19481,1.1948022
2018-01-08 01:00:00,1.19439,1.1941199,1.1940694,1.19471,1.194737,1.19417,1.1941452,1.19441,1.1944857,1.19481,1.194731,1.19547,1.1954422
2018-01-08 02:00:00,1.1941199,1.19471,1.1947043,1.19417,1.1941743,1.19441,1.1943829,1.19481,1.1948142,1.19547,1.1953653,1.19517,1.1951569
2018-01-08 03:00:00,1.19471,1.19417,1.1941705,1.19441,1.1944364,1.19481,1.1947639,1.19547,1.1955508,1.19517,1.1950624,1.1967,1.196772
2018-01-08 04:00:00,1.19417,1.19441,1.194369,1.19481,1.1947402,1.19547,1.1955074,1.19517,1.1952459,1.1967,1.1966729,1.19804,1.1980014
2018-01-08 05:00:00,1.19441,1.19481,1.1947681,1.19547,1.1954186,1.19517,1.1950119,1.1967,1.1965383,1.19804,1.1979584,1.19799,1.1978704
2018-01-08 06:00:00,1.19481,1.19547,1.1954263,1.19517,1.1951274,1.1967,1.1965082,1.19804,1.1981614,1.19799,1.1979272,1.1986799,1.1986578
2018-01-08 07:00:00,1.19547,1.19517,1.1951604,1.1967,1.196696,1.19804,1.1979089,1.19799,1.1978347,1.1986799,1.1984518,1.19942,1.1993327
2018-01-08 08:00:00,1.19517,1.1967,1.196691,1.19804,1.1979724,1.19799,1.1979789,1.1986799,1.1985005,1.19942,1.199344,1.19866,1.1984044
2018-01-08 09:00:00,1.1967,1.19804,1.1979408,1.19799,1.1979542,1.1986799,1.1985161,1.19942,1.1993955,1.19866,1.1985488,1.19921,1.1992939
2018-01-08 10:00:00,1.19804,1.19799,1.1979558,1.1986799,1.1986742,1.19942,1.199401,1.19866,1.1986775,1.19921,1.1990508,1.2009,1.2007438
2018-01-08 11:00:00,1.19799,1.1986799,1.1986275,1.19942,1.1995015,1.19866,1.1985373,1.19921,1.1993096,1.2009,1.2007351,1.20213,1.2023188
2018-01-08 12:00:00,1.1986799,1.19942,1.1993799,1.19866,1.1986574,1.19921,1.1991149,1.2009,1.2009177,1.20213,1.2020024,1.20206,1.2021358
2018-01-08 13:00:00,1.19942,1.19866,1.198699,1.19921,1.1992005,1.2009,1.2008302,1.20213,1.2021668,1.20206,1.2018805,1.20133,1.2011771
2018-01-08 14:00:00,1.19866,1.19921,1.1991819,1.2009,1.2008677,1.20213,1.2023139,1.20206,1.2020063,1.20133,1.2012266,1.2008901,1.2007952
2018-01-08 15:00:00,1.19921,1.2009,1.200814,1.20213,1.2019392,1.20206,1.2019566,1.20133,1.2014968,1.2008901,1.2008361,1.19976,1.1997263
2018-01-08 16:00:00,1.2009,1.20213,1.2021394,1.20206,1.2019707,1.20133,1.2011914,1.2008901,1.2009398,1.19976,1.1997819,1.19995,1.1999841
2018-01-08 17:00:00,1.20213,1.20206,1.2020524,1.20133,1.2014029,1.2008901,1.2008725,1.19976,1.2000114,1.19995,1.1999977,1.20152,1.2015731
2018-01-08 18:00:00,1.20206,1.20133,1.2013607,1.2008901,1.2009419,1.19976,1.1997215,1.19995,1.2000992,1.20152,1.2015127,1.2014999,1.2015527
2018-01-08 19:00:00,1.20133,1.2008901,1.2008814,1.19976,1.1999012,1.19995,1.1999971,1.20152,1.2015822,1.2014999,1.2014127,1.2009,1.2009218
2018-01-08 20:00:00,1.2008901,1.19976,1.1997463,1.19995,1.1999964,1.20152,1.2014906,1.2014999,1.2015533,1.2009,1.2008064,1.20113,1.2010856
2018-01-08 21:00:00,1.19976,1.19995,1.1999265,1.20152,1.2015086,1.2014999,1.201363,1.2009,1.2008306,1.20113,1.2009906,1.2017,1.2017062
2018-01-08 22:00:00,1.19995,1.20152,1.2013535,1.2014999,1.2015425,1.2009,1.2008193,1.20113,1.2011843,1.2017,1.2016194,1.20239,1.2023549
2018-01-08 23:00:00,1.20152,1.2014999,1.2014806,1.2009,1.2009617,1.20113,1.201128,1.2017,1.2017882,1.20239,1.2023319,1.20278,1.2028872
2018-01-09 00:00:00,1.2014999,1.2009,1.2008569,1.20113,1.2011694,1.2017,1.2016405,1.20239,1.2024738,1.20278,1.2026871,1.20354,1.2035338
2018-01-09 01:00:00,1.2009,1.20113,1.2010779,1.2017,1.2016518,1.20239,1.2022955,1.20278,1.2027816,1.20354,1.2033255,1.20443,1.2044488
2018-01-09 02:00:00,1.20113,1.2017,1.2016444,1.20239,1.2023418,1.20278,1.2026967,1.20354,1.2035129,1.20443,1.2042502,1.20701,1.206736
2018-01-09 03:00:00,1.2017,1.20239,1.2023565,1.20278,1.2027441,1.20354,1.2033689,1.20443,1.2042996,1.20701,1.2068515,1.2068,1.206838
2018-01-09 04:00:00,1.20239,1.20278,1.2027061,1.20354,1.2035066,1.20443,1.2043082,1.20701,1.2071403,1.2068,1.2064797,1.20591,1.2057705
2018-01-09 05:00:00,1.20278,1.20354,1.2035602,1.20443,1.2043884,1.20701,1.2068228,1.2068,1.2066259,1.20591,1.2056258,1.20625,1.2063497
2018-01-09 06:00:00,1.20354,1.20443,1.2042736,1.20701,1.2071329,1.2068,1.2065958,1.20591,1.2058363,1.20625,1.2061101,1.2057099,1.2055465
2018-01-09 07:00:00,1.20443,1.20701,1.2069283,1.2068,1.2067728,1.20591,1.205789,1.20625,1.2062379,1.2057099,1.2057146,1.2038,1.2038376
2018-01-09 08:00:00,1.20701,1.2068,1.2067546,1.20591,1.2059549,1.20625,1.2062311,1.2057099,1.2058539,1.2038,1.2036725,1.20442,1.2045301
2018-01-09 09:00:00,1.2068,1.20591,1.205924,1.20625,1.2063652,1.2057099,1.2058206,1.2038,1.203948,1.20442,1.2044638,1.20489,1.2049752
2018-01-09 10:00:00,1.20591,1.20625,1.2062008,1.2057099,1.2057711,1.2038,1.2038902,1.20442,1.2046309,1.20489,1.2048461,1.20444,1.2045147
2018-01-09 11:00:00,1.20625,1.2057099,1.205701,1.2038,1.2040415,1.20442,1.2043715,1.20489,1.2050961,1.20444,1.2044673,1.20436,1.2043432
2018-01-09 12:00:00,1.2057099,1.2038,1.2038543,1.20442,1.204487,1.20489,1.2048633,1.20444,1.2045156,1.20436,1.2044102,1.20531,1.2052925
2018-01-09 13:00:00,1.2038,1.20442,1.204411,1.20489,1.2048388,1.20444,1.2043781,1.20436,1.2044384,1.20531,1.205188,1.20583,1.2058171
2018-01-09 14:00:00,1.20442,1.20489,1.2047919,1.20444,1.204442,1.20436,1.2042758,1.20531,1.2053813,1.20583,1.205833,1.20553,1.2054892
2018-01-09 15:00:00,1.20489,1.20444,1.2044644,1.20436,1.204401,1.20531,1.2052559,1.20583,1.2059171,1.20553,1.2054949,1.20568,1.205682
2018-01-09 16:00:00,1.20444,1.20436,1.2043413,1.20531,1.2053171,1.20583,1.2058308,1.20553,1.2055334,1.20568,1.2056231,1.20608,1.2061824
2018-01-09 17:00:00,1.20436,1.20531,1.2052505,1.20583,1.2057468,1.20553,1.2054648,1.20568,1.2056766,1.20608,1.2058836,1.20586,1.2058438
2018-01-09 18:00:00,1.20531,1.20583,1.2057602,1.20553,1.2055367,1.20568,1.2056457,1.20608,1.2061616,1.20586,1.2058556,1.20521,1.2052181
2018-01-09 19:00:00,1.20583,1.20553,1.2054894,1.20568,1.2057295,1.20608,1.2060786,1.20586,1.2059293,1.20521,1.2051897,1.20414,1.2041616
2018-01-09 20:00:00,1.20553,1.20568,1.205656,1.20608,1.2061083,1.20586,1.2058375,1.20521,1.2052794,1.20414,1.2041322,1.20459,1.2045921
2018-01-09 21:00:00,1.20568,1.20608,1.206047,1.20586,1.2058794,1.20521,1.2052206,1.20414,1.2041818,1.20459,1.2046202,1.20503,1.2051064
2018-01-09 22:00:00,1.20608,1.20586,1.2058278,1.20521,1.2052897,1.20414,1.2040955,1.20459,1.204729,1.20503,1.205047,1.20573,1.2058052
2018-01-09 23:00:00,1.20586,1.20521,1.2052978,1.20414,1.2042071,1.20459,1.2045989,1.20503,1.2051368,1.20573,1.2057565,1.20444,1.2044022
2018-01-10 00:00:00,1.20521,1.20414,1.2041231,1.20459,1.2046399,1.20503,1.2050115,1.20573,1.2058226,1.20444,1.204425,1.20389,1.2039698
2018-01-10 01:00:00,1.20414,1.20459,1.2045722,1.20503,1.2050314,1.20573,1.2057494,1.20444,1.2044861,1.20389,1.2038629,1.2042,1.2041692
2018-01-10 02:00:00,1.20459,1.20503,1.2049595,1.20573,1.2057283,1.20444,1.204396,1.20389,1.2039629,1.2042,1.2041767,1.2037699,1.2037156
2018-01-10 03:00:00,1.20503,1.20573,1.2057207,1.20444,1.2044886,1.20389,1.2038906,1.2042,1.2043515,1.2037699,1.203825,1.20174,1.201863
2018-01-10 04:00:00,1.20573,1.20444,1.2043922,1.20389,1.2039809,1.2042,1.2042124,1.2037699,1.20382,1.20174,1.2018832,1.20144,1.2017397
2018-01-10 05:00:00,1.20444,1.20389,1.2039294,1.2042,1.2042273,1.2037699,1.20385,1.20174,1.2018466,1.20144,1.2016022,1.20224,1.2022573
2018-01-10 06:00:00,1.20389,1.2042,1.2041649,1.2037699,1.2037804,1.20174,1.2016997,1.20144,1.2016189,1.20224,1.2022365,1.20322,1.2033143
2018-01-10 07:00:00,1.2042,1.2037699,1.203784,1.20174,1.2018815,1.20144,1.201549,1.20224,1.2023776,1.20322,1.2033466,1.20165,1.2018006
2018-01-10 08:00:00,1.2037699,1.20174,1.2017902,1.20144,1.2015355,1.20224,1.2022464,1.20322,1.2033621,1.20165,1.201606,1.20229,1.2023376
2018-01-10 09:00:00,1.20174,1.20144,1.2014769,1.20224,1.2022786,1.20322,1.2031935,1.20165,1.201693,1.20229,1.2022344,1.20295,1.2029663
2018-01-10 10:00:00,1.20144,1.20224,1.2022023,1.20322,1.2031437,1.20165,1.2015972,1.20229,1.2023835,1.20295,1.2029724,1.20269,1.2026924
2018-01-10 11:00:00,1.20224,1.20322,1.2032669,1.20165,1.201716,1.20229,1.202294,1.20295,1.203006,1.20269,1.2026889,1.20263,1.2026812
2018-01-10 12:00:00,1.20322,1.20165,1.2015387,1.20229,1.202318,1.20295,1.2029656,1.20269,1.2027466,1.20263,1.2026081,1.20155,1.2015381
2018-01-10 13:00:00,1.20165,1.20229,1.2022444,1.20295,1.2029035,1.20269,1.2025918,1.20263,1.2026055,1.20155,1.2014929,1.20116,1.2011446
2018-01-10 14:00:00,1.20229,1.20295,1.2028826,1.20269,1.2027155,1.20263,1.202629,1.20155,1.2015762,1.20116,1.2012126,1.20116,1.2011214
2018-01-10 15:00:00,1.20295,1.20269,1.2026737,1.20263,1.2026551,1.20155,1.2015777,1.20116,1.2013353,1.20116,1.2011203,1.20102,1.2010838
2018-01-10 16:00:00,1.20269,1.20263,1.2026044,1.20155,1.2016081,1.20116,1.2012362,1.20116,1.2013477,1.20102,1.2011027,1.201,1.2009954
2018-01-10 17:00:00,1.20263,1.20155,1.2015816,1.20116,1.2011306,1.20116,1.2011869,1.20102,1.2011296,1.201,1.2010574,1.2008901,1.2008363
2018-01-10 18:00:00,1.20155,1.20116,1.2011759,1.20116,1.2012044,1.20102,1.2010412,1.201,1.2010922,1.2008901,1.2008517,1.20071,1.2007283
2018-01-10 19:00:00,1.20116,1.20116,1.2011434,1.20102,1.201035,1.201,1.2009902,1.2008901,1.2009557,1.20071,1.2006669,1.20171,1.2017741
2018-01-10 20:00:00,1.20116,1.20102,1.2010131,1.201,1.2010256,1.2008901,1.2008759,1.20071,1.2007699,1.20171,1.2016855,1.20139,1.2013687
2018-01-10 21:00:00,1.20102,1.201,1.2009866,1.2008901,1.2009183,1.20071,1.2006505,1.20171,1.2017708,1.20139,1.2013268,1.20176,1.2017989
2018-01-10 22:00:00,1.201,1.2008901,1.2008832,1.20071,1.2007579,1.20171,1.2016953,1.20139,1.2014213,1.20176,1.2016983,1.2018499,1.2017547
2018-01-10 23:00:00,1.2008901,1.20071,1.2006902,1.20171,1.2016405,1.20139,1.2013122,1.20176,1.2017646,1.2018499,1.2017301,1.20275,1.2026664
2018-01-11 00:00:00,1.20071,1.20171,1.2016633,1.20139,1.2014,1.20176,1.2017049,1.2018499,1.2017366,1.20275,1.2027512,1.20275,1.2028495
2018-01-11 01:00:00,1.20171,1.20139,1.2013605,1.20176,1.2017536,1.2018499,1.2017586,1.20275,1.2028062,1.20275,1.2026199,1.20246,1.2024198
2018-01-11 02:00:00,1.20139,1.20176,1.2017148,1.2018499,1.2018232,1.20275,1.2026999,1.20275,1.2027992,1.20246,1.2023476,1.20429,1.2040745
2018-01-11 03:00:00,1.20176,1.2018499,1.2018209,1.20275,1.2027868,1.20275,1.2026699,1.20246,1.2025136,1.20429,1.204203,1.2051,1.2051078
2018-01-11 04:00:00,1.2018499,1.20275,1.2027398,1.20275,1.2027116,1.20246,1.2023523,1.20429,1.2042911,1.2051,1.2051399,1.20614,1.2060531
2018-01-11 05:00:00,1.20275,1.20275,1.2027292,1.20246,1.2024647,1.20429,1.2042036,1.2051,1.2050666,1.20614,1.2060199,1.207,1.2068185
2018-01-11 06:00:00,1.20275,1.20246,1.2024667,1.20429,1.2043633,1.2051,1.2049528,1.20614,1.2061604,1.207,1.2067003,1.20616,1.2062887
2018-01-11 07:00:00,1.20246,1.20429,1.2042208,1.2051,1.2049747,1.20614,1.2058818,1.207,1.2070929,1.20616,1.2060157,1.20815,1.2080112
2018-01-11 08:00:00,1.20429,1.2051,1.2050837,1.20614,1.2060943,1.207,1.2069334,1.20616,1.2060897,1.20815,1.20811,1.2074,1.2071496
2018-01-11 09:00:00,1.2051,1.20614,1.2060366,1.207,1.206872,1.20616,1.2059851,1.20815,1.208106,1.2074,1.2074475,1.20623,1.206243
2018-01-11 10:00:00,1.20614,1.207,1.2069958,1.20616,1.2061596,1.20815,1.2080934,1.2074,1.20735,1.20623,1.206117,1.20741,1.2073565
2018-01-11 11:00:00,1.207,1.20616,1.2061665,1.20815,1.2080773,1.2074,1.2073736,1.20623,1.2063086,1.20741,1.2073643,1.20639,1.2063403
2018-01-11 12:00:00,1.20616,1.20815,1.2080119,1.2074,1.207438,1.20623,1.206094,1.20741,1.2075467,1.20639,1.2062776,1.20712,1.2071755
2018-01-11 13:00:00,1.20815,1.2074,1.2074696,1.20623,1.2062049,1.20741,1.2074307,1.20639,1.2065157,1.20712,1.2071326,1.20678,1.2067841
2018-01-11 14:00:00,1.2074,1.20623,1.2062457,1.20741,1.2074301,1.20639,1.206352,1.20712,1.207231,1.20678,1.2067044,1.20655,1.2065763
2018-01-11 15:00:00,1.20623,1.20741,1.2073908,1.20639,1.2064146,1.20712,1.2070787,1.20678,1.2068788,1.20655,1.206463,1.20708,1.2071124
2018-01-11 16:00:00,1.20741,1.20639,1.2063527,1.20712,1.2071867,1.20678,1.2067297,1.20655,1.2066386,1.20708,1.2070674,1.20658,1.2065827
2018-01-11 17:00:00,1.20639,1.20712,1.2070887,1.20678,1.2067412,1.20655,1.2064612,1.20708,1.2071054,1.20658,1.2065122,1.20768,1.2077683
2018-01-11 18:00:00,1.20712,1.20678,1.2067527,1.20655,1.2065673,1.20708,1.2070464,1.20658,1.2066822,1.20768,1.2077073,1.20714,1.2071226
2018-01-11 19:00:00,1.20678,1.20655,1.2065074,1.20708,1.2070853,1.20658,1.2064852,1.20768,1.207749,1.20714,1.2070502,1.20704,1.2070242
2018-01-11 20:00:00,1.20655,1.20708,1.2070105,1.20658,1.2066009,1.20768,1.2077146,1.20714,1.2071857,1.20704,1.2069994,1.20742,1.2073679
2018-01-11 21:00:00,1.20708,1.20658,1.2065635,1.20768,1.2076892,1.20714,1.2070875,1.20704,1.2070682,1.20742,1.2073324,1.20734,1.2072978
2018-01-11 22:00:00,1.20658,1.20768,1.2076299,1.20714,1.2071254,1.20704,1.206946,1.20742,1.2074668,1.20734,1.207253,1.20705,1.2070296
2018-01-11 23:00:00,1.20768,1.20714,1.2071314,1.20704,1.2071128,1.20742,1.2074016,1.20734,1.2073771,1.20705,1.2070664,1.20564,1.2056217
2018-01-12 00:00:00,1.20714,1.20704,1.2070329,1.20742,1.207445,1.20734,1.2072985,1.20705,1.2071139,1.20564,1.2055953,1.20565,1.2056615
2018-01-12 01:00:00,1.20704,1.20742,1.2073841,1.20734,1.2073473,1.20705,1.2070746,1.20564,1.2056162,1.20565,1.2056478,1.20522,1.2052522
2018-01-12 02:00:00,1.20742,1.20734,1.2073032,1.20705,1.207059,1.20564,1.205713,1.20565,1.2057215,1.20522,1.2052231,1.20444,1.2045197
2018-01-12 03:00:00,1.20734,1.20705,1.2070719,1.20564,1.2057405,1.20565,1.2056551,1.20522,1.2054176,1.20444,1.204517,1.20491,1.2050301
2018-01-12 04:00:00,1.20705,1.20564,1.205654,1.20565,1.2057737,1.20522,1.2052248,1.20444,1.2044348,1.20491,1.2048795,1.2052,1.2053076
2018-01-12 05:00:00,1.20564,1.20565,1.2056575,1.20522,1.2052591,1.20444,1.2044326,1.20491,1.2050468,1.2052,1.2052324,1.20473,1.2047839
2018-01-12 06:00:00,1.20565,1.20522,1.2051946,1.20444,1.2045642,1.20491,1.2049358,1.2052,1.2053242,1.20473,1.2047069,1.20511,1.2051522
2018-01-12 07:00:00,1.20522,1.20444,1.2044061,1.20491,1.2049417,1.2052,1.2051988,1.20473,1.2047452,1.20511,1.2051035,1.20284,1.2028114
2018-01-12 08:00:00,1.20444,1.20491,1.2048665,1.2052,1.2052685,1.20473,1.2046983,1.20511,1.2052058,1.20284,1.2027881,1.20357,1.2036128
2018-01-12 09:00:00,1.20491,1.2052,1.2051818,1.20473,1.2047677,1.20511,1.205143,1.20284,1.2028059,1.20357,1.2036953,1.20379,1.2037374
2018-01-12 10:00:00,1.2052,1.20473,1.204753,1.20511,1.2051444,1.20284,1.2028316,1.20357,1.2037208,1.20379,1.2037711,1.20464,1.2046524
2018-01-12 11:00:00,1.20473,1.20511,1.2050989,1.20284,1.202743,1.20357,1.2035937,1.20379,1.2039505,1.20464,1.2046831,1.2045,1.2045499
2018-01-12 12:00:00,1.20511,1.20284,1.2030917,1.20357,1.203654,1.20379,1.2037861,1.20464,1.2046686,1.2045,1.204416,1.2046599,1.20459
2018-01-12 13:00:00,1.20284,1.20357,1.2035844,1.20379,1.2037543,1.20464,1.2046993,1.2045,1.2046409,1.2046599,1.204631,1.20414,1.2040524
2018-01-12 14:00:00,1.20357,1.20379,1.2036971,1.20464,1.2046036,1.2045,1.2044125,1.2046599,1.2047145,1.20414,1.2041152,1.20266,1.2025951
2018-01-12 15:00:00,1.20379,1.20464,1.2046003,1.2045,1.2044804,1.2046599,1.2045844,1.20414,1.2041847,1.20266,1.20267,1.20311,1.2031307
2018-01-12 16:00:00,1.20464,1.2045,1.2044774,1.2046599,1.2046812,1.20414,1.2041608,1.20266,1.2027969,1.20311,1.2031811,1.20365,1.2036406
2018-01-12 17:00:00,1.2045,1.2046599,1.2046607,1.20414,1.2041904,1.20266,1.2027078,1.20311,1.2031349,1.20365,1.2036009,1.20421,1.2042415
2018-01-12 18:00:00,1.2046599,1.20414,1.2041625,1.20266,1.202698,1.20311,1.2032657,1.20365,1.2037369,1.20421,1.2041831,1.20442,1.2044407
2018-01-12 19:00:00,1.20414,1.20266,1.2026674,1.20311,1.2030939,1.20365,1.203612,1.20421,1.2042572,1.20442,1.2043846,1.20354,1.2035042
2018-01-12 20:00:00,1.20266,1.20311,1.2030462,1.20365,1.2036682,1.20421,1.2042013,1.20442,1.2043539,1.20354,1.203452,1.20318,1.2031002
2018-01-12 21:00:00,1.20311,1.20365,1.2035792,1.20421,1.2041798,1.20442,1.2042861,1.20354,1.2035519,1.20318,1.2031357,1.20248,1.2024561
2018-01-14 22:00:00,1.20365,1.20421,1.2041501,1.20442,1.2044895,1.20354,1.203478,1.20318,1.2032323,1.20248,1.2025132,1.20189,1.20187
2018-01-14 23:00:00,1.20421,1.20442,1.2044151,1.20354,1.2036366,1.20318,1.2031895,1.20248,1.2025537,1.20189,1.2020655,1.20135,1.201304
2018-01-15 00:00:00,1.20442,1.20354,1.2035626,1.20318,1.2032843,1.20248,1.2024136,1.20189,1.2019421,1.20135,1.2014296,1.19925,1.1992792
2018-01-15 01:00:00,1.20354,1.20318,1.2031512,1.20248,1.2025254,1.20189,1.2018563,1.20135,1.2014978,1.19925,1.1993405,1.19901,1.1989496
2018-01-15 02:00:00,1.20318,1.20248,1.2024564,1.20189,1.2019047,1.20135,1.2014391,1.19925,1.1992071,1.19901,1.199017,1.1989,1.1990093
2018-01-15 03:00:00,1.20248,1.20189,1.201891,1.20135,1.2014617,1.19925,1.1994803,1.19901,1.1993023,1.1989,1.19892,1.20032,1.2003905
2018-01-15 04:00:00,1.20189,1.20135,1.2013367,1.19925,1.1995754,1.19901,1.1991668,1.1989,1.1989516,1.20032,1.2004516,1.19853,1.1983951
2018-01-15 05:00:00,1.20135,1.19925,1.1990693,1.19901,1.1992084,1.1989,1.1990598,1.20032,1.2004313,1.19853,1.1984066,1.1971,1.1972569
2018-01-15 06:00:00,1.19925,1.19901,1.1990616,1.1989,1.1989437,1.20032,1.2003593,1.19853,1.1984968,1.1971,1.1970154,1.19695,1.1969261
2018-01-15 07:00:00,1.19901,1.1989,1.1988375,1.20032,1.2003504,1.19853,1.1985035,1.1971,1.1971574,1.19695,1.1970206,1.19664,1.196719
2018-01-15 08:00:00,1.1989,1.20032,1.2003251,1.19853,1.1985401,1.1971,1.1970792,1.19695,1.1970142,1.19664,1.1967692,1.19747,1.1974223
2018-01-15 09:00:00,1.20032,1.19853,1.1985703,1.1971,1.1971211,1.19695,1.1970458,1.19664,1.1967553,1.19747,1.1975344,1.19722,1.197067
2018-01-15 10:00:00,1.19853,1.1971,1.1972517,1.19695,1.1970264,1.19664,1.196757,1.19747,1.1975036,1.19722,1.1971285,1.19764,1.1976122
2018-01-15 11:00:00,1.1971,1.19695,1.1969666,1.19664,1.1966535,1.19747,1.1974641,1.19722,1.1972027,1.19764,1.1975675,1.19614,1.1960075
2018-01-15 12:00:00,1.19695,1.19664,1.1966137,1.19747,1.1974653,1.19722,1.1971357,1.19764,1.1976334,1.19614,1.1960555,1.1962,1.1961138
2018-01-15 13:00:00,1.19664,1.19747,1.1974423,1.19722,1.1972675,1.19764,1.1975799,1.19614,1.1961385,1.1962,1.1961656,1.19667,1.1965959
2018-01-15 14:00:00,1.19747,1.19722,1.1971676,1.19764,1.1976718,1.19614,1.1961024,1.1962,1.1962613,1.19667,1.1966937,1.19652,1.1964817
2018-01-15 15:00:00,1.19722,1.19764,1.1976665,1.19614,1.196103,1.1962,1.1961744,1.19667,1.1967742,1.19652,1.1964785,1.19675,1.1967552
2018-01-15 16:00:00,1.19764,1.19614,1.1961156,1.1962,1.1962678,1.19667,1.1967311,1.19652,1.196616,1.19675,1.1966501,1.19694,1.1969188
2018-01-15 17:00:00,1.19614,1.1962,1.1961997,1.19667,1.1966276,1.19652,1.1964935,1.19675,1.1967397,1.19694,1.1968619,1.19704,1.1969877
2018-01-15 18:00:00,1.1962,1.19667,1.1966088,1.19652,1.196528,1.19675,1.1966923,1.19694,1.1969302,1.19704,1.1969429,1.19663,1.1965611
2018-01-15 19:00:00,1.19667,1.19652,1.1964933,1.19675,1.1967539,1.19694,1.1969035,1.19704,1.1970567,1.19663,1.1965816,1.19724,1.1972073
2018-01-15 20:00:00,1.19652,1.19675,1.1967136,1.19694,1.1969218,1.19704,1.1970104,1.19663,1.1966733,1.19724,1.1972328,1.19713,1.1970826
2018-01-15 21:00:00,1.19675,1.19694,1.1969168,1.19704,1.1970556,1.19663,1.196573,1.19724,1.1972831,1.19713,1.1970831,1.19673,1.1967163
2018-01-15 22:00:00,1.19694,1.19704,1.1970212,1.19663,1.1966479,1.19724,1.1972473,1.19713,1.1971991,1.19673,1.1966934,1.19645,1.1964325
2018-01-15 23:00:00,1.19704,1.19663,1.1966019,1.19724,1.1972663,1.19713,1.197115,1.19673,1.1967813,1.19645,1.1964121,1.19554,1.1955279
2018-01-16 00:00:00,1.19663,1.19724,1.1972227,1.19713,1.1971835,1.19673,1.1967232,1.19645,1.1965405,1.19554,1.1955893,1.19503,1.1950592
2018-01-16 01:00:00,1.19724,1.19713,1.1971095,1.19673,1.1967369,1.19645,1.1964673,1.19554,1.1956096,1.19503,1.1950991,1.19385,1.1939236
2018-01-16 02:00:00,1.19713,1.19673,1.196725,1.19645,1.1965214,1.19554,1.1954703,1.19503,1.1950918,1.19385,1.1939224,1.19373,1.1938658
2018-01-16 03:00:00,1.19673,1.19645,1.1964464,1.19554,1.1955737,1.19503,1.1951408,1.19385,1.1939315,1.19373,1.1940291,1.19275,1.1927568
2018-01-16 04:00:00,1.19645,1.19554,1.1956515,1.19503,1.1952107,1.19385,1.1939768,1.19373,1.1937473,1.19275,1.1926761,1.19277,1.1928886
2018-01-16 05:00:00,1.19554,1.19503,1.1950594,1.19385,1.1939043,1.19373,1.1937797,1.19275,1.1927607,1.19277,1.1928308,1.19327,1.1933419
2018-01-16 06:00:00,1.19503,1.19385,1.1938072,1.19373,1.1937127,1.19275,1.1928878,1.19277,1.1929443,1.19327,1.1933234,1.19206,1.1920245
2018-01-16 07:00:00,1.19385,1.19373,1.1937393,1.19275,1.1927979,1.19277,1.192812,1.19327,1.1933593,1.19206,1.1920737,1.19177,1.1917837
2018-01-16 08:00:00,1.19373,1.19275,1.1927814,1.19277,1.1928734,1.19327,1.1932882,1.19206,1.19209,1.19177,1.1916664,1.19294,1.1929259
2018-01-16 09:00:00,1.19275,1.19277,1.1927859,1.19327,1.1933204,1.19206,1.1920111,1.19177,1.1918244,1.19294,1.1929114,1.19203,1.1919624
2018-01-16 10:00:00,1.19277,1.19327,1.1932547,1.19206,1.1921269,1.19177,1.1916926,1.19294,1.1929964,1.19203,1.1918914,1.19208,1.1920906
2018-01-16 11:00:00,1.19327,1.19206,1.1920835,1.19177,1.1918181,1.19294,1.1930104,1.19203,1.1921155,1.19208,1.1921517,1.19298,1.1929277
2018-01-16 12:00:00,1.19206,1.19177,1.1917784,1.19294,1.1929381,1.19203,1.191985,1.19208,1.1920965,1.19298,1.1929356,1.19314,1.1930637
2018-01-16 13:00:00,1.19177,1.19294,1.192948,1.19203,1.1920379,1.19208,1.1920413,1.19298,1.1930199,1.19314,1.1930245,1.19368,1.1935923
2018-01-16 14:00:00,1.19294,1.19203,1.1920168,1.19208,1.1921054,1.19298,1.1929842,1.19314,1.1931539,1.19368,1.1936255,1.19345,1.1933844
2018-01-16 15:00:00,1.19203,1.19208,1.1920924,1.19298,1.192971,1.19314,1.193025,1.19368,1.1936096,1.19345,1.1933223,1.1935,1.1934375
2018-01-16 16:00:00,1.19208,1.19298,1.1929643,1.19314,1.1931363,1.19368,1.1936977,1.19345,1.193497,1.1935,1.1933862,1.19275,1.1926467
2018-01-16 17:00:00,1.19298,1.19314,1.1930937,1.19368,1.1936471,1.19345,1.1933962,1.1935,1.193534,1.19275,1.1926837,1.19367,1.1936276
2018-01-16 18:00:00,1.19314,1.19368,1.1936705,1.19345,1.1934671,1.1935,1.1935211,1.19275,1.1927804,1.19367,1.1936,1.1944001,1.1943421
2018-01-16 19:00:00,1.19368,1.19345,1.1934252,1.1935,1.1935214,1.19275,1.1927384,1.19367,1.1937282,1.1944001,1.1943504,1.19478,1.194747
2018-01-16 20:00:00,1.19345,1.1935,1.1934983,1.19275,1.1927348,1.19367,1.1936387,1.1944001,1.1944207,1.19478,1.1947666,1.19416,1.194114
2018-01-16 21:00:00,1.1935,1.19275,1.1926519,1.19367,1.1936669,1.1944001,1.194327,1.19478,1.1948447,1.19416,1.1940881,1.19358,1.1935192
2018-01-16 22:00:00,1.19275,1.19367,1.1936418,1.1944001,1.1943688,1.19478,1.1947156,1.19416,1.194135,1.19358,1.1935065,1.19274,1.1926713
2018-01-16 23:00:00,1.19367,1.1944001,1.1943686,1.19478,1.1947466,1.19416,1.194131,1.19358,1.1936469,1.19274,1.1927311,1.19285,1.1928631
2018-01-17 00:00:00,1.1944001,1.19478,1.1947736,1.19416,1.1941918,1.19358,1.1935586,1.19274,1.1928401,1.19285,1.192803,1.19345,1.1934376
2018-01-17 01:00:00,1.19478,1.19416,1.1942029,1.19358,1.1936629,1.19274,1.1927607,1.19285,1.1930032,1.19345,1.1933463,1.19459,1.1946225
2018-01-17 02:00:00,1.19416,1.19358,1.1936537,1.19274,1.1927736,1.19285,1.1928242,1.19345,1.193543,1.19459,1.1945871,1.19382,1.1938105
2018-01-17 03:00:00,1.19358,1.19274,1.1927439,1.19285,1.1929098,1.19345,1.1933947,1.19459,1.1946778,1.19382,1.1936889,1.19941,1.1990446
2018-01-17 04:00:00,1.19274,1.19285,1.1928585,1.19345,1.1934308,1.19459,1.194667,1.19382,1.1938,1.19941,1.1989009,1.2005401,1.2004352
2018-01-17 05:00:00,1.19285,1.19345,1.1933963,1.19459,1.1945819,1.19382,1.1936092,1.19941,1.1993471,1.2005401,1.2003886,1.19973,1.1997628
2018-01-17 06:00:00,1.19345,1.19459,1.194664,1.19382,1.1938004,1.19941,1.1994939,1.2005401,1.200367,1.19973,1.1996622,1.19946,1.1993154
2018-01-17 07:00:00,1.19459,1.19382,1.1937951,1.19941,1.1990542,1.2005401,1.2001216,1.19973,1.1992948,1.19946,1.1994314,1.1985099,1.1982753
2018-01-17 08:00:00,1.19382,1.19941,1.1991485,1.2005401,1.2007982,1.19973,1.1993043,1.19946,1.1992997,1.1985099,1.1983113,1.19819,1.198074
2018-01-17 09:00:00,1.19941,1.2005401,1.2004198,1.19973,1.1997482,1.19946,1.1994202,1.1985099,1.1985344,1.19819,1.1983103,1.19576,1.1956761
2018-01-17 10:00:00,1.2005401,1.19973,1.1997669,1.19946,1.1995176,1.1985099,1.1984215,1.19819,1.1983799,1.19576,1.1956745,1.19593,1.1958816
2018-01-17 11:00:00,1.19973,1.19946,1.199491,1.1985099,1.1985751,1.19819,1.1982486,1.19576,1.1959276,1.19593,1.1959978,1.19577,1.1958276
2018-01-17 12:00:00,1.19946,1.1985099,1.1985536,1.19819,1.1982665,1.19576,1.1957815,1.19593,1.1960737,1.19577,1.1957053,1.19572,1.1959207
2018-01-17 13:00:00,1.1985099,1.19819,1.1982534,1.19576,1.1959982,1.19593,1.1959779,1.19577,1.1959383,1.19572,1.1957896,1.19563,1.1957682
2018-01-17 14:00:00,1.19819,1.19576,1.1959978,1.19593,1.1960536,1.19577,1.1958718,1.19572,1.1957912,1.19563,1.1956981,1.19454,1.1945245
2018-01-17 15:00:00,1.19576,1.19593,1.1959497,1.19577,1.1957891,1.19572,1.1956786,1.19563,1.1957543,1.19454,1.194537,1.19487,1.1948966
2018-01-17 16:00:00,1.19593,1.19577,1.1957742,1.19572,1.1957957,1.19563,1.1955987,1.19454,1.1946806,1.19487,1.1948423,1.19552,1.195524
2018-01-17 17:00:00,1.19577,1.19572,1.1957206,1.19563,1.1956797,1.19454,1.1945975,1.19487,1.1949942,1.19552,1.195481,1.19597,1.1959832
2018-01-17 18:00:00,1.19572,1.19563,1.1956191,1.19454,1.1946106,1.19487,1.1948206,1.19552,1.1956209,1.19597,1.1959276,1.19589,1.1958917
2018-01-17 19:00:00,1.19563,1.19454,1.1944625,1.19487,1.194808,1.19552,1.195506,1.19597,1.1960021,1.19589,1.1958162,1.1965799,1.196585
2018-01-17 20:00:00,1.19454,1.19487,1.1948504,1.19552,1.1955571,1.19597,1.1959791,1.19589,1.195994,1.1965799,1.1966138,1.1952701,1.1952267
2018-01-17 21:00:00,1.19487,1.19552,1.1954321,1.19597,1.195989,1.19589,1.1958356,1.1965799,1.1966126,1.1952701,1.19522,1.1946,1.1946197
2018-01-17 22:00:00,1.19552,1.19597,1.1959549,1.19589,1.195893,1.1965799,1.1966864,1.1952701,1.1953218,1.1946,1.1946669,1.19513,1.1951455
2018-01-17 23:00:00,1.19597,1.19589,1.1958656,1.1965799,1.1965574,1.1952701,1.1952292,1.1946,1.194748,1.19513,1.1952096,1.19418,1.1942286
2018-01-18 00:00:00,1.19589,1.1965799,1.1965492,1.1952701,1.1952857,1.1946,1.1945834,1.19513,1.1952617,1.19418,1.1941367,1.1939499,1.1940019
2018-01-18 01:00:00,1.1965799,1.1952701,1.1953369,1.1946,1.1947063,1.19513,1.1951823,1.19418,1.194169,1.1939499,1.1939411,1.1937699,1.193821
2018-01-18 02:00:00,1.1952701,1.1946,1.1946461,1.19513,1.1951725,1.19418,1.1942381,1.1939499,1.1940571,1.1937699,1.1938503,1.19476,1.1948009
2018-01-18 03:00:00,1.1946,1.19513,1.1950774,1.19418,1.1941994,1.1939499,1.1939865,1.1937699,1.1938795,1.19476,1.1947168,1.1946,1.1945347
2018-01-18 04:00:00,1.19513,1.19418,1.1941884,1.1939499,1.1939789,1.1937699,1.1937938,1.19476,1.1948487,1.1946,1.1945701,1.1942899,1.1943014
2018-01-18 05:00:00,1.19418,1.1939499,1.1939745,1.1937699,1.1937802,1.19476,1.1946557,1.1946,1.1946821,1.1942899,1.1942601,1.20039,1.2003568
2018-01-18 06:00:00,1.1939499,1.1937699,1.1937635,1.19476,1.1947613,1.1946,1.194564,1.1942899,1.1942888,1.20039,1.2001631,1.20305,1.203258
2018-01-18 07:00:00,1.1937699,1.19476,1.1946862,1.1946,1.1945667,1.1942899,1.1941625,1.20039,1.2003701,1.20305,1.2025079,1.20469,1.2047257
2018-01-18 08:00:00,1.19476,1.1946,1.1945864,1.1942899,1.1942767,1.20039,1.200515,1.20305,1.2026641,1.20469,1.2038591,1.20486,1.2046793
2018-01-18 09:00:00,1.1946,1.1942899,1.1943122,1.20039,1.200359,1.20305,1.2031739,1.20469,1.2046081,1.20486,1.2043653,1.20341,1.2029135
2018-01-18 10:00:00,1.1942899,1.20039,1.1996652,1.20305,1.2025795,1.20469,1.2039685,1.20486,1.2046015,1.20341,1.2033643,1.20367,1.2036142
2018-01-18 11:00:00,1.20039,1.20305,1.2027994,1.20469,1.2047086,1.20486,1.2046885,1.20341,1.2033834,1.20367,1.2037884,1.20361,1.20364
2018-01-18 12:00:00,1.20305,1.20469,1.2047554,1.20486,1.2045856,1.20341,1.2032702,1.20367,1.2036355,1.20361,1.2035596,1.20385,1.2038959
2018-01-18 13:00:00,1.20469,1.20486,1.2048419,1.20341,1.2034333,1.20367,1.2036494,1.20361,1.2037491,1.20385,1.2038631,1.20303,1.2031189
2018-01-18 14:00:00,1.20486,1.20341,1.203434,1.20367,1.2037704,1.20361,1.2036414,1.20385,1.2039244,1.20303,1.2029555,1.20287,1.2029268
2018-01-18 15:00:00,1.20341,1.20367,1.2036865,1.20361,1.2036363,1.20385,1.2038442,1.20303,1.2031506,1.20287,1.2027853,1.20381,1.2038642
2018-01-18 16:00:00,1.20367,1.20361,1.20361,1.20385,1.2038786,1.20303,1.2029719,1.20287,1.2030289,1.20381,1.2037764,1.20425,1.2042682
2018-01-18 17:00:00,1.20361,1.20385,1.2038286,1.20303,1.2030404,1.20287,1.202805,1.20381,1.203959,1.20425,1.2041456,1.20576,1.205765
2018-01-18 18:00:00,1.20385,1.20303,1.2031001,1.20287,1.2028699,1.20381,1.2037102,1.20425,1.2043684,1.20576,1.2058272,1.2045,1.2044418
2018-01-18 19:00:00,1.20303,1.20287,1.2028531,1.20381,1.2037901,1.20425,1.2041702,1.20576,1.2059139,1.2045,1.2043357,1.2046599,1.2045918
2018-01-18 20:00:00,1.20287,1.20381,1.2037013,1.20425,1.2042134,1.20576,1.2055776,1.2045,1.2044857,1.2046599,1.2045623,1.20507,1.2049633
2018-01-18 21:00:00,1.20381,1.20425,1.2041814,1.20576,1.205792,1.2045,1.204331,1.2046599,1.204678,1.20507,1.2049799,1.20529,1.2052039
2018-01-18 22:00:00,1.20425,1.20576,1.2057016,1.2045,1.2044814,1.2046599,1.2045534,1.20507,1.2051153,1.20529,1.2051969,1.20438,1.2042979
2018-01-18 23:00:00,1.20576,1.2045,1.2045528,1.2046599,1.2047381,1.20507,1.2050885,1.20529,1.2053415,1.20438,1.2043287,1.20476,1.2048377
2018-01-19 00:00:00,1.2045,1.2046599,1.204705,1.20507,1.205115,1.20529,1.2052411,1.20438,1.2043912,1.20476,1.2046816,1.20623,1.2062742
2018-01-19 01:00:00,1.2046599,1.20507,1.205018,1.20529,1.205307,1.20438,1.2042981,1.20476,1.2048476,1.20623,1.206192,1.21102,1.2113608
2018-01-19 02:00:00,1.20507,1.20529,1.2052772,1.20438,1.2043566,1.20476,1.2046791,1.20623,1.206335,1.21102,1.2108408,1.21244,1.2123821
2018-01-19 03:00:00,1.20529,1.20438,1.2043712,1.20476,1.2047662,1.20623,1.2061245,1.21102,1.2109623,1.21244,1.2119867,1.21186,1.2117181
2018-01-19 04:00:00,1.20438,1.20476,1.2047805,1.20623,1.2062448,1.21102,1.2110903,1.21244,1.2121309,1.21186,1.2115709,1.21239,1.2123893
2018-01-19 05:00:00,1.20476,1.20623,1.2060604,1.21102,1.2109829,1.21244,1.2122949,1.21186,1.2119385,1.21239,1.2119962,1.21324,1.2129681
2018-01-19 06:00:00,1.20623,1.21102,1.2109628,1.21244,1.2117976,1.21186,1.2116215,1.21239,1.2122825,1.21324,1.2134839,1.21197,1.2118852
2018-01-19 07:00:00,1.21102,1.21244,1.2123083,1.21186,1.211869,1.21239,1.212178,1.21324,1.2133507,1.21197,1.2117826,1.21373,1.2136947
2018-01-19 08:00:00,1.21244,1.21186,1.2118609,1.21239,1.2123861,1.21324,1.2132052,1.21197,1.2119697,1.21373,1.2136785,1.21472,1.2146617
2018-01-19 09:00:00,1.21186,1.21239,1.2123172,1.21324,1.2131498,1.21197,1.2118516,1.21373,1.2139027,1.21472,1.2146958,1.21299,1.213015
2018-01-19 10:00:00,1.21239,1.21324,1.2131141,1.21197,1.2119348,1.21373,1.2135196,1.21472,1.2146465,1.21299,1.2128606,1.2134,1.2133982
2018-01-19 11:00:00,1.21324,1.21197,1.212006,1.21373,1.2137066,1.21472,1.2146285,1.21299,1.2130238,1.2134,1.2132968,1.21617,1.21617
2018-01-19 12:00:00,1.21197,1.21373,1.2136142,1.21472,1.2147154,1.21299,1.2128335,1.2134,1.2134492,1.21617,1.2159476,1.21805,1.2178501
2018-01-19 13:00:00,1.21373,1.21472,1.2146652,1.21299,1.2130398,1.2134,1.213293,1.21617,1.2164166,1.21805,1.217957,1.21864,1.2186701
2018-01-19 14:00:00,1.21472,1.21299,1.2130854,1.2134,1.2133806,1.21617,1.2160574,1.21805,1.218183,1.21864,1.2185209,1.21974,1.2197585
2018-01-19 15:00:00,1.21299,1.2134,1.2133523,1.21617,1.216383,1.21805,1.2180314,1.21864,1.2185982,1.21974,1.2194134,1.22022,1.2199185
2018-01-19 16:00:00,1.2134,1.21617,1.2160109,1.21805,1.2177254,1.21864,1.2182572,1.21974,1.2198482,1.22022,1.220071,1.2191,1.2191907
2018-01-19 17:00:00,1.21617,1.21805,1.2179163,1.21864,1.218871,1.21974,1.2196689,1.22022,1.2203459,1.2191,1.2190226,1.21899,1.2189023
2018-01-19 18:00:00,1.21805,1.21864,1.2185698,1.21974,1.2197067,1.22022,1.2201545,1.2191,1.2190756,1.21899,1.2189001,1.21976,1.2197182
2018-01-19 19:00:00,1.21864,1.21974,1.2196516,1.22022,1.2201792,1.2191,1.2190447,1.21899,1.2190561,1.21976,1.2198023,1.21941,1.2194612
2018-01-19 20:00:00,1.21974,1.22022,1.2202135,1.2191,1.2191014,1.21899,1.2189115,1.21976,1.2198722,1.21941,1.2193949,1.21999,1.2200882
2018-01-19 21:00:00,1.22022,1.2191,1.219047,1.21899,1.219024,1.21976,1.2197502,1.21941,1.2194855,1.21999,1.2199239,1.22096,1.221027
2018-01-21 22:00:00,1.2191,1.21899,1.2190012,1.21976,1.2197882,1.21941,1.2193193,1.21999,1.2200521,1.22096,1.2209208,1.22219,1.2223376
2018-01-21 23:00:00,1.21899,1.21976,1.2197547,1.21941,1.2194684,1.21999,1.2199031,1.22096,1.2211411,1.22219,1.2221112,1.22079,1.2207963
2018-01-22 00:00:00,1.21976,1.21941,1.2193463,1.21999,1.2199955,1.22096,1.2208132,1.22219,1.2223214,1.22079,1.2207289,1.2211,1.2210952
2018-01-22 01:00:00,1.21941,1.21999,1.2199478,1.22096,1.2210649,1.22219,1.222286,1.22079,1.2207112,1.2211,1.2209319,1.22302,1.2229296
2018-01-22 02:00:00,1.21999,1.22096,1.2208292,1.22219,1.2221069,1.22079,1.2206509,1.2211,1.2210122,1.22302,1.2228025,1.22598,1.2260268
2018-01-22 03:00:00,1.22096,1.22219,1.2220999,1.22079,1.2207879,1.2211,1.2209833,1.22302,1.2230884,1.22598,1.225433,1.22741,1.227304
2018-01-22 04:00:00,1.22219,1.22079,1.2207154,1.2211,1.2210815,1.22302,1.222875,1.22598,1.2259978,1.22741,1.2270713,1.22549,1.2253035
2018-01-22 05:00:00,1.22079,1.2211,1.2210263,1.22302,1.2228943,1.22598,1.2257407,1.22741,1.2273028,1.22549,1.2253122,1.22694,1.2268008
2018-01-22 06:00:00,1.2211,1.22302,1.2228405,1.22598,1.2257917,1.22741,1.226899,1.22549,1.2251241,1.22694,1.2267622,1.22827,1.2279139
2018-01-22 07:00:00,1.22302,1.22598,1.2258016,1.22741,1.2271726,1.22549,1.2251861,1.22694,1.2270141,1.22827,1.2280002,1.22614,1.2263392
2018-01-22 08:00:00,1.22598,1.22741,1.227262,1.22549,1.2255151,1.22694,1.2267923,1.22827,1.2280865,1.22614,1.2260988,1.22592,1.2259674
2018-01-22 09:00:00,1.22741,1.22549,1.2256955,1.22694,1.2270449,1.22827,1.2283573,1.22614,1.2262492,1.22592,1.225977,1.22652,1.2266124
2018-01-22 10:00:00,1.22549,1.22694,1.2268963,1.22827,1.2282461,1.22614,1.2260561,1.22592,1.2260665,1.22652,1.2265072,1.2271299,1.2271107
2018-01-22 11:00:00,1.22694,1.22827,1.2282494,1.22614,1.2261362,1.22592,1.2258923,1.22652,1.2266724,1.2271299,1.2271166,1.22721,1.2272488
2018-01-22 12:00:00,1.22827,1.22614,1.2262601,1.22592,1.2261614,1.22652,1.2265882,1.2271299,1.227329,1.22721,1.2272662,1.2268,1.2268744
2018-01-22 13:00:00,1.22614,1.22592,1.2259345,1.22652,1.2266178,1.2271299,1.227025,1.22721,1.2273141,1.2268,1.226712,1.22685,1.2268434
2018-01-22 14:00:00,1.22592,1.22652,1.2264102,1.2271299,1.227102,1.22721,1.227174,1.2268,1.2268523,1.22685,1.2268238,1.22604,1.2260478
2018-01-22 15:00:00,1.22652,1.2271299,1.2270668,1.22721,1.2271463,1.2268,1.2266726,1.22685,1.2269282,1.22604,1.2260007,1.22638,1.2264438
2018-01-22 16:00:00,1.2271299,1.22721,1.227143,1.2268,1.2268171,1.22685,1.2268391,1.22604,1.22619,1.22638,1.2263842,1.22657,1.2266076
2018-01-22 17:00:00,1.22721,1.2268,1.2267323,1.22685,1.2268937,1.22604,1.2259964,1.22638,1.226479,1.22657,1.226571,1.22613,1.2262043
2018-01-22 18:00:00,1.2268,1.22685,1.2268116,1.22604,1.226095,1.22638,1.2263566,1.22657,1.2266717,1.22613,1.2261258,1.22646,1.2265419
2018-01-22 19:00:00,1.22685,1.22604,1.2260964,1.22638,1.2264186,1.22657,1.2265869,1.22613,1.2262549,1.22646,1.2264855,1.22668,1.2267367
2018-01-22 20:00:00,1.22604,1.22638,1.2263149,1.22657,1.2266076,1.22613,1.2261174,1.22646,1.2265767,1.22668,1.2266914,1.2257199,1.2257893
2018-01-22 21:00:00,1.22638,1.22657,1.2265571,1.22613,1.2261889,1.22646,1.2264462,1.22668,1.2267793,1.2257199,1.2257569,1.22664,1.22672
2018-01-22 22:00:00,1.22657,1.22613,1.2261063,1.22646,1.2265298,1.22668,1.2266948,1.2257199,1.2257878,1.22664,1.226659,1.22619,1.2262036
2018-01-22 23:00:00,1.22613,1.22646,1.2264354,1.22668,1.2267474,1.2257199,1.2257093,1.22664,1.2267717,1.22619,1.2261783,1.22663,1.2267506
2018-01-23 00:00:00,1.22646,1.22668,1.2266825,1.2257199,1.225776,1.22664,1.2266412,1.22619,1.226282,1.22663,1.2267176,1.22461,1.2246256
2018-01-23 01:00:00,1.22668,1.2257199,1.2256256,1.22664,1.2266488,1.22619,1.2261915,1.22663,1.2267303,1.22461,1.224732,1.22357,1.2236973
2018-01-23 02:00:00,1.2257199,1.22664,1.2266498,1.22619,1.2261958,1.22663,1.2266701,1.22461,1.2247589,1.22357,1.2237351,1.22321,1.2231627
2018-01-23 03:00:00,1.22664,1.22619,1.226171,1.22663,1.2266724,1.22461,1.2245444,1.22357,1.2238197,1.22321,1.2231238,1.22127,1.2214898
2018-01-23 04:00:00,1.22619,1.22663,1.2266247,1.22461,1.2247361,1.22357,1.2237135,1.22321,1.2234305,1.22127,1.2215871,1.22148,1.2217939
2018-01-23 05:00:00,1.22663,1.22461,1.2246679,1.22357,1.2237065,1.22321,1.2230691,1.22127,1.2213954,1.22148,1.2215118,1.22317,1.2231812
2018-01-23 06:00:00,1.22461,1.22357,1.2235892,1.22321,1.223307,1.22127,1.2214528,1.22148,1.2216688,1.22317,1.2232484,1.2218,1.2219205
2018-01-23 07:00:00,1.22357,1.22321,1.2231965,1.22127,1.2213427,1.22148,1.2214882,1.22317,1.2233304,1.2218,1.2219789,1.22084,1.2211115
2018-01-23 08:00:00,1.22321,1.22127,1.2213353,1.22148,1.2215395,1.22317,1.2232459,1.2218,1.2218925,1.22084,1.2208682,1.22286,1.222878
2018-01-23 09:00:00,1.22127,1.22148,1.2214187,1.22317,1.2231816,1.2218,1.2217919,1.22084,1.2208968,1.22286,1.2227824,1.22433,1.2242124
2018-01-23 10:00:00,1.22148,1.22317,1.2230672,1.2218,1.2217965,1.22084,1.2208339,1.22286,1.2228882,1.22433,1.2242064,1.22428,1.2242657
2018-01-23 11:00:00,1.22317,1.2218,1.2217793,1.22084,1.2209139,1.22286,1.2228714,1.22433,1.2243812,1.22428,1.2242358,1.22666,1.2265768
2018-01-23 12:00:00,1.2218,1.22084,1.2208778,1.22286,1.2228692,1.22433,1.2241931,1.22428,1.2243358,1.22666,1.2264892,1.22712,1.2269553
2018-01-23 13:00:00,1.22084,1.22286,1.2227288,1.22433,1.2241259,1.22428,1.2239528,1.22666,1.2267745,1.22712,1.2269229,1.22658,1.226736
2018-01-23 14:00:00,1.22286,1.22433,1.2241873,1.22428,1.2242872,1.22666,1.2266924,1.22712,1.2269789,1.22658,1.2264535,1.22584,1.2257946
2018-01-23 15:00:00,1.22433,1.22428,1.2241987,1.22666,1.2269398,1.22712,1.2269603,1.22658,1.2265624,1.22584,1.2257031,1.22556,1.2255207
2018-01-23 16:00:00,1.22428,1.22666,1.2263381,1.22712,1.2269645,1.22658,1.2264856,1.22584,1.2258143,1.22556,1.2253644,1.227,1.2270327
2018-01-23 17:00:00,1.22666,1.22712,1.2270741,1.22658,1.2266095,1.22584,1.2258018,1.22556,1.2256405,1.227,1.2269437,1.23023,1.230372
2018-01-23 18:00:00,1.22712,1.22658,1.2266444,1.22584,1.2259952,1.22556,1.2255719,1.227,1.2271277,1.23023,1.2301466,1.22901,1.2290646
2018-01-23 19:00:00,1.22658,1.22584,1.2258991,1.22556,1.2255652,1.227,1.2268996,1.23023,1.2302308,1.22901,1.2289648,1.22672,1.2267244
2018-01-23 20:00:00,1.22584,1.22556,1.2255054,1.227,1.2269418,1.23023,1.2302938,1.22901,1.2290741,1.22672,1.2265702,1.22665,1.2266083
2018-01-23 21:00:00,1.22556,1.227,1.2268182,1.23023,1.2301964,1.22901,1.2291517,1.22672,1.2267507,1.22665,1.2266741,1.2248499,1.2248142
2018-01-23 22:00:00,1.227,1.23023,1.2300009,1.22901,1.2289841,1.22672,1.2266074,1.22665,1.2267858,1.2248499,1.2247782,1.22439,1.2244853
2018-01-23 23:00:00,1.23023,1.22901,1.2290795,1.22672,1.2271165,1.22665,1.2266066,1.2248499,1.2252343,1.22439,1.2245216,1.22198,1.2222278
2018-01-24 00:00:00,1.22901,1.22672,1.2266912,1.22665,1.226856,1.2248499,1.2250229,1.22439,1.2247671,1.22198,1.2222147,1.22167,1.2219414
2018-01-24 01:00:00,1.22672,1.22665,1.2266884,1.2248499,1.2252333,1.22439,1.2245224,1.22198,1.2224169,1.22167,1.2217176,1.22255,1.2228557
2018-01-24 02:00:00,1.22665,1.2248499,1.2248247,1.22439,1.2243543,1.22198,1.2220318,1.22167,1.2218192,1.22255,1.2223355,1.2235401,1.2237016
2018-01-24 03:00:00,1.2248499,1.22439,1.2244633,1.22198,1.2219348,1.22167,1.2216812,1.22255,1.2228916,1.2235401,1.2235758,1.22337,1.2235194
2018-01-24 04:00:00,1.22439,1.22198,1.222123,1.22167,1.2217708,1.22255,1.2226037,1.2235401,1.2236615,1.22337,1.2234137,1.22061,1.220562
2018-01-24 05:00:00,1.22198,1.22167,1.2216717,1.22255,1.2225556,1.2235401,1.223423,1.22337,1.223342,1.22061,1.2205493,1.22093,1.2209711
2018-01-24 06:00:00,1.22167,1.22255,1.2224902,1.2235401,1.2235811,1.22337,1.2232981,1.22061,1.2206912,1.22093,1.2209753,1.22189,1.2218876
2018-01-24 07:00:00,1.22255,1.2235401,1.22348,1.22337,1.2233689,1.22061,1.2205031,1.22093,1.2210497,1.22189,1.2219094,1.22205,1.2220514
2018-01-24 08:00:00,1.2235401,1.22337,1.2233905,1.22061,1.2209175,1.22093,1.220932,1.22189,1.2220054,1.22205,1.2220517,1.22419,1.224195
2018-01-24 09:00:00,1.22337,1.22061,1.2205638,1.22093,1.2210174,1.22189,1.2219619,1.22205,1.2220411,1.22419,1.2241774,1.22281,1.2226996
2018-01-24 10:00:00,1.22061,1.22093,1.2208903,1.22189,1.2218274,1.22205,1.2219372,1.22419,1.2241199,1.22281,1.2224146,1.2251,1.2251055
2018-01-24 11:00:00,1.22093,1.22189,1.2218053,1.22205,1.2220436,1.22419,1.2242255,1.22281,1.2228249,1.2251,1.2248087,1.2276,1.2275263
2018-01-24 12:00:00,1.22189,1.22205,1.2219594,1.22419,1.2241011,1.22281,1.2225604,1.2251,1.2252349,1.2276,1.2275625,1.22373,1.2236172
2018-01-24 13:00:00,1.22205,1.22419,1.2240721,1.22281,1.2227376,1.2251,1.224942,1.2276,1.2273529,1.22373,1.2235901,1.22126,1.2212642
2018-01-24 14:00:00,1.22419,1.22281,1.2227745,1.2251,1.2251046,1.2276,1.2277446,1.22373,1.2237016,1.22126,1.2214303,1.21826,1.2186772
2018-01-24 15:00:00,1.22281,1.2251,1.2248302,1.2276,1.2273892,1.22373,1.2237053,1.22126,1.2213707,1.21826,1.218437,1.21646,1.2169415
2018-01-24 16:00:00,1.2251,1.2276,1.2273793,1.22373,1.2237437,1.22126,1.2212509,1.21826,1.2186621,1.21646,1.2170295,1.21795,1.2178545
2018-01-24 17:00:00,1.2276,1.22373,1.2240897,1.22126,1.2216647,1.21826,1.2185718,1.21646,1.2167639,1.21795,1.2183911,1.21895,1.2193156
2018-01-24 18:00:00,1.22373,1.22126,1.2214382,1.21826,1.2188344,1.21646,1.2168314,1.21795,1.2184343,1.21895,1.218891,1.21924,1.2195864
2018-01-24 19:00:00,1.22126,1.21826,1.2185881,1.21646,1.216691,1.21795,1.2181772,1.21895,1.2191833,1.21924,1.2192783,1.21936,1.2193664
2018-01-24 20:00:00,1.21826,1.21646,1.2165184,1.21795,1.2179067,1.21895,1.2189105,1.21924,1.2192492,1.21936,1.2192168,1.21794,1.2178416
2018-01-24 21:00:00,1.21646,1.21795,1.217812,1.21895,1.2187202,1.21924,1.2190684,1.21936,1.2193172,1.21794,1.2178352,1.21938,1.2193117
2018-01-24 22:00:00,1.21795,1.21895,1.2188121,1.21924,1.2192627,1.21936,1.2193756,1.21794,1.2179583,1.21938,1.2192972,1.22058,1.2205458
2018-01-24 23:00:00,1.21895,1.21924,1.2192211,1.21936,1.2193826,1.21794,1.2178936,1.21938,1.2194684,1.22058,1.2205625,1.22062,1.22064
2018-01-25 00:00:00,1.21924,1.21936,1.219331,1.21794,1.2180132,1.21938,1.2193794,1.22058,1.2205689,1.22062,1.2205565,1.22057,1.2205391
2018-01-25 01:00:00,1.21936,1.21794,1.2177689,1.21938,1.2193904,1.22058,1.2205477,1.22062,1.2205554,1.22057,1.2204633,1.22035,1.2202232
2018-01-25 02:00:00,1.21794,1.21938,1.2192068,1.22058,1.2204797,1.22062,1.220477,1.22057,1.2203768,1.22035,1.2202946,1.22137,1.2212311
2018-01-25 03:00:00,1.21938,1.22058,1.2205303,1.22062,1.2206004,1.22057,1.220517,1.22035,1.2203556,1.22137,1.2211919,1.22271,1.2225114
2018-01-25 04:00:00,1.22058,1.22062,1.2206013,1.22057,1.2206014,1.22035,1.2203103,1.22137,1.2214651,1.22271,1.2226096,1.22393,1.2239203
2018-01-25 05:00:00,1.22062,1.22057,1.2205415,1.22035,1.2204063,1.22137,1.2213222,1.22271,1.22271,1.22393,1.2237748,1.22392,1.2240466
2018-01-25 06:00:00,1.22057,1.22035,1.2203192,1.22137,1.22138,1.22271,1.2225221,1.22393,1.2237926,1.22392,1.2237498,1.22487,1.2247734
2018-01-25 07:00:00,1.22035,1.22137,1.2212392,1.22271,1.2225988,1.22393,1.2238326,1.22392,1.2238001,1.22487,1.2246178,1.226,1.225837
2018-01-25 08:00:00,1.22137,1.22271,1.2226099,1.22393,1.2240245,1.22392,1.2236931,1.22487,1.2247853,1.226,1.2260836,1.22383,1.2236882
2018-01-25 09:00:00,1.22271,1.22393,1.223932,1.22392,1.2237902,1.22487,1.2248119,1.226,1.2260718,1.22383,1.2236955,1.2237,1.2236875
2018-01-25 10:00:00,1.22393,1.22392,1.2238419,1.22487,1.2248765,1.226,1.2260747,1.22383,1.2238138,1.2237,1.223655,1.22276,1.2226212
2018-01-25 11:00:00,1.22392,1.22487,1.2247114,1.226,1.2258811,1.22383,1.2237197,1.2237,1.223762,1.22276,1.2227744,1.2225599,1.222577
2018-01-25 12:00:00,1.22487,1.226,1.2259903,1.22383,1.2239363,1.2237,1.2235925,1.22276,1.2229586,1.2225599,1.222503,1.2243,1.2243072
2018-01-25 13:00:00,1.226,1.22383,1.2240744,1.2237,1.2239064,1.22276,1.2228348,1.2225599,1.2228703,1.2243,1.2242858,1.22385,1.223795
2018-01-25 14:00:00,1.22383,1.2237,1.2237154,1.22276,1.2228144,1.2225599,1.222501,1.2243,1.224418,1.22385,1.2238123,1.22355,1.2235994
2018-01-25 15:00:00,1.2237,1.22276,1.2226812,1.2225599,1.2225715,1.2243,1.2242602,1.22385,1.2238795,1.22355,1.2234744,1.22404,1.2240125
2018-01-25 16:00:00,1.22276,1.2225599,1.2225362,1.2243,1.2241979,1.22385,1.2237687,1.22355,1.2235711,1.22404,1.2239728,1.22333,1.2232159
2018-01-25 17:00:00,1.2225599,1.2243,1.2242261,1.22385,1.2238725,1.22355,1.2234154,1.22404,1.2240646,1.22333,1.2231867,1.22359,1.2235725
2018-01-25 18:00:00,1.2243,1.22385,1.2238176,1.22355,1.2235817,1.22404,1.2239975,1.22333,1.2233657,1.22359,1.2235578,1.2243199,1.2242724
2018-01-25 19:00:00,1.22385,1.22355,1.2235459,1.22404,1.2240505,1.22333,1.2232616,1.22359,1.2236528,1.2243199,1.2242336,1.2244,1.22436
2018-01-25 20:00:00,1.22355,1.22404,1.2240326,1.22333,1.223326,1.22359,1.2235172,1.2243199,1.2242804,1.2244,1.2242767,1.22659,1.2267444
2018-01-25 21:00:00,1.22404,1.22333,1.2233106,1.22359,1.2235643,1.2243199,1.2242556,1.2244,1.2243835,1.22659,1.2265425,1.22614,1.2260342
2018-01-25 22:00:00,1.22333,1.22359,1.2235552,1.2243199,1.2242857,1.2244,1.2242885,1.22659,1.2265744,1.22614,1.2259032,1.22595,1.2259481
2018-01-25 23:00:00,1.22359,1.2243199,1.2242988,1.2244,1.2244186,1.22659,1.2265599,1.22614,1.2260075,1.22595,1.2258675,1.22588,1.2258658
2018-01-26 00:00:00,1.2243199,1.2244,1.2243503,1.22659,1.2264928,1.22614,1.2260754,1.22595,1.2259129,1.22588,1.2256904,1.22714,1.2270864
2018-01-26 01:00:00,1.2244,1.22659,1.2264185,1.22614,1.2259898,1.22595,1.2258053,1.22588,1.2259986,1.22714,1.2268281,1.22824,1.2282267
2018-01-26 02:00:00,1.22659,1.22614,1.2261009,1.22595,1.2259936,1.22588,1.2258754,1.22714,1.2271974,1.22824,1.2282575,1.22808,1.2280197
2018-01-26 03:00:00,1.22614,1.22595,1.2259338,1.22588,1.2258366,1.22714,1.2271081,1.22824,1.2281563,1.22808,1.2278751,1.22736,1.227247
2018-01-26 04:00:00,1.22595,1.22588,1.2258292,1.22714,1.2271433,1.22824,1.2280554,1.22808,1.2281796,1.22736,1.2272196,1.22724,1.2271504
2018-01-26 05:00:00,1.22588,1.22714,1.2271394,1.22824,1.2278917,1.22808,1.2279421,1.22736,1.2273304,1.22724,1.2271913,1.22562,1.2255092
2018-01-26 06:00:00,1.22714,1.22824,1.2281554,1.22808,1.2279923,1.22736,1.2272446,1.22724,1.2272379,1.22562,1.2255408,1.22425,1.2243506
2018-01-26 07:00:00,1.22824,1.22808,1.2280582,1.22736,1.2273821,1.22724,1.227201,1.22562,1.2256774,1.22425,1.2241092,1.22491,1.2250547
2018-01-26 08:00:00,1.22808,1.22736,1.2273731,1.22724,1.2272398,1.22562,1.2256643,1.22425,1.2243928,1.22491,1.22508,1.2220299,1.2221715
2018-01-26 09:00:00,1.22736,1.22724,1.2272534,1.22562,1.2257494,1.22425,1.2243675,1.22491,1.2251401,1.2220299,1.2222879,1.22366,1.2237586
2018-01-26 10:00:00,1.22724,1.22562,1.2255925,1.22425,1.2242618,1.22491,1.2248672,1.2220299,1.2219911,1.22366,1.2239468,1.22317,1.2231454
2018-01-26 11:00:00,1.22562,1.22425,1.2244455,1.22491,1.224958,1.2220299,1.2220862,1.22366,1.2238234,1.22317,1.2232786,1.2231901,1.2233232
2018-01-26 12:00:00,1.22425,1.22491,1.2249228,1.2220299,1.2220765,1.22366,1.2237248,1.22317,1.2233411,1.2231901,1.2232239,1.22326,1.2233087
2018-01-26 13:00:00,1.22491,1.2220299,1.2220473,1.22366,1.2237248,1.22317,1.2231635,1.2231901,1.2233043,1.22326,1.2232727,1.22205,1.222029
2018-01-26 14:00:00,1.2220299,1.22366,1.2235755,1.22317,1.2231306,1.2231901,1.2231407,1.22326,1.2233024,1.22205,1.2219741,1.22152,1.2214761
2018-01-26 15:00:00,1.22366,1.22317,1.2231601,1.2231901,1.2232808,1.22326,1.223171,1.22205,1.2222464,1.22152,1.2217327,1.22581,1.2256644
2018-01-26 16:00:00,1.22317,1.2231901,1.2231741,1.22326,1.2232435,1.22205,1.2221005,1.22152,1.2216899,1.22581,1.2256033,1.22554,1.2253289
2018-01-26 17:00:00,1.2231901,1.22326,1.223151,1.22205,1.2220275,1.22152,1.2214801,1.22581,1.2254496,1.22554,1.2252043,1.2243199,1.2241538
2018-01-26 18:00:00,1.22326,1.22205,1.2220225,1.22152,1.2214913,1.22581,1.2255914,1.22554,1.2253804,1.2243199,1.2240832,1.22283,1.2226056
2018-01-26 19:00:00,1.22205,1.22152,1.2215703,1.22581,1.2254456,1.22554,1.2251669,1.2243199,1.2240679,1.22283,1.2223643,1.2236199,1.2232908
2018-01-26 20:00:00,1.22152,1.22581,1.2253484,1.22554,1.2250848,1.2243199,1.2240481,1.22283,1.2226307,1.2236199,1.2234588,1.22279,1.2224964
2018-01-26 21:00:00,1.22581,1.22554,1.2255381,1.2243199,1.2245466,1.22283,1.2231238,1.2236199,1.2239352,1.22279,1.2229627,1.22233,1.222585
2018-01-28 22:00:00,1.22554,1.2243199,1.2243826,1.22283,1.2230766,1.2236199,1.223667,1.22279,1.2230521,1.22233,1.2223195,1.22311,1.2232099
2018-01-28 23:00:00,1.2243199,1.22283,1.2227684,1.2236199,1.2236494,1.22279,1.222781,1.22233,1.2224284,1.22311,1.2230959,1.22153,1.2215724
2018-01-29 00:00:00,1.22283,1.2236199,1.2235968,1.22279,1.2227107,1.22233,1.2222766,1.22311,1.2231673,1.22153,1.2214615,1.2236199,1.2236797
2018-01-29 01:00:00,1.2236199,1.22279,1.222746,1.22233,1.222367,1.22311,1.2231832,1.22153,1.2216668,1.2236199,1.2236408,1.22413,1.2241148
2018-01-29 02:00:00,1.22279,1.22233,1.222375,1.22311,1.2231787,1.22153,1.2214477,1.2236199,1.2237676,1.22413,1.224057,1.2249,1.2250056
2018-01-29 03:00:00,1.22233,1.22311,1.2230647,1.22153,1.2215543,1.2236199,1.2235379,1.22413,1.2241569,1.2249,1.2247753,1.22614,1.2260182
2018-01-29 04:00:00,1.22311,1.22153,1.2214504,1.2236199,1.2236629,1.22413,1.2240556,1.2249,1.2248496,1.22614,1.2259605,1.22543,1.2253859
2018-01-29 05:00:00,1.22153,1.2236199,1.2235974,1.22413,1.2240543,1.2249,1.2249281,1.22614,1.2259626,1.22543,1.2255436,1.22408,1.2239342
2018-01-29 06:00:00,1.2236199,1.22413,1.2240394,1.2249,1.2248023,1.22614,1.2259612,1.22543,1.2253767,1.22408,1.2239426,1.22486,1.2247629
2018-01-29 07:00:00,1.22413,1.2249,1.224855,1.22614,1.2260982,1.22543,1.2252176,1.22408,1.2240497,1.22486,1.2248447,1.22398,1.223895
2018-01-29 08:00:00,1.2249,1.22614,1.225983,1.22543,1.2254211,1.22408,1.2239887,1.22486,1.224932,1.22398,1.223908,1.22532,1.2253884
2018-01-29 09:00:00,1.22614,1.22543,1.2254442,1.22408,1.2242972,1.22486,1.2249322,1.22398,1.2239636,1.22532,1.225399,1.22279,1.2228119
2018-01-29 10:00:00,1.22543,1.22408,1.2240187,1.22486,1.2248598,1.22398,1.223916,1.22532,1.2254138,1.22279,1.2225529,1.22426,1.2243372
2018-01-29 11:00:00,1.22408,1.22486,1.2249329,1.22398,1.2240391,1.22532,1.2252245,1.22279,1.2228155,1.22426,1.2242066,1.2248499,1.2248228
2018-01-29 12:00:00,1.22486,1.22398,1.2239765,1.22532,1.2253442,1.22279,1.2226162,1.22426,1.2244326,1.2248499,1.2247795,1.22575,1.2257212
2018-01-29 13:00:00,1.22398,1.22532,1.2252747,1.22279,1.2228203,1.22426,1.2242434,1.2248499,1.2249732,1.22575,1.2256911,1.22575,1.2256601
2018-01-29 14:00:00,1.22532,1.22279,1.222695,1.22426,1.22436,1.2248499,1.2248178,1.22575,1.2257966,1.22575,1.2256423,1.22589,1.225808
2018-01-29 15:00:00,1.22279,1.22426,1.2241381,1.2248499,1.2250059,1.22575,1.2255924,1.22575,1.2257488,1.22589,1.2257081,1.22586,1.2256131
2018-01-29 16:00:00,1.22426,1.2248499,1.224767,1.22575,1.2256607,1.22575,1.2256743,1.22589,1.2259694,1.22586,1.2257181,1.22556,1.2254839
2018-01-29 17:00:00,1.2248499,1.22575,1.2257128,1.22575,1.2257402,1.22589,1.2257919,1.22586,1.2258221,1.22556,1.2254598,1.22667,1.2266494
2018-01-29 18:00:00,1.22575,1.22575,1.2256818,1.22589,1.2258973,1.22586,1.2257729,1.22556,1.2255871,1.22667,1.2265606,1.22654,1.2264994
2018-01-29 19:00:00,1.22575,1.22589,1.2258809,1.22586,1.2258124,1.22556,1.2254579,1.22667,1.2266877,1.22654,1.2264575,1.22605,1.2260522
2018-01-29 20:00:00,1.22589,1.22586,1.2258098,1.22556,1.2255163,1.22667,1.2266719,1.22654,1.2265866,1.22605,1.2260189,1.2257199,1.2257606
2018-01-29 21:00:00,1.22586,1.22556,1.2255782,1.22667,1.2266507,1.22654,1.2265399,1.22605,1.226102,1.2257199,1.2256938,1.22592,1.2259684
2018-01-29 22:00:00,1.22556,1.22667,1.2265935,1.22654,1.2266297,1.22605,1.2259794,1.2257199,1.2258447,1.22592,1.225909,1.22576,1.2257613
2018-01-29 23:00:00,1.22667,1.22654,1.2265061,1.22605,1.226145,1.2257199,1.2257264,1.22592,1.2261091,1.22576,1.2258043,1.22471,1.2246916
2018-01-30 00:00:00,1.22654,1.22605,1.2260933,1.2257199,1.2258228,1.22592,1.2259606,1.22576,1.2258662,1.22471,1.224658,1.22507,1.2251408
2018-01-30 01:00:00,1.22605,1.2257199,1.2257028,1.22592,1.2259719,1.22576,1.2257648,1.22471,1.2248282,1.22507,1.2250983,1.22381,1.2237761
2018-01-30 02:00:00,1.2257199,1.22592,1.2258753,1.22576,1.2257583,1.22471,1.2246335,1.22507,1.2251061,1.22381,1.2238649,1.22374,1.2237415
2018-01-30 03:00:00,1.22592,1.22576,1.2257751,1.22471,1.2246989,1.22507,1.2250115,1.22381,1.2237533,1.22374,1.223818,1.22463,1.2246103
2018-01-30 04:00:00,1.22576,1.22471,1.2247317,1.22507,1.2250535,1.22381,1.2238289,1.22374,1.2237765,1.22463,1.2246904,1.22358,1.2236888
2018-01-30 05:00:00,1.22471,1.22507,1.225064,1.22381,1.2239046,1.22374,1.2237024,1.22463,1.224726,1.22358,1.2235591,1.2249,1.2249792
2018-01-30 06:00:00,1.22507,1.22381,1.2238566,1.22374,1.2237663,1.22463,1.2246623,1.22358,1.223773,1.2249,1.2248832,1.22578,1.225754
2018-01-30 07:00:00,1.22381,1.22374,1.2237465,1.22463,1.2246599,1.22358,1.2235465,1.2249,1.2249609,1.22578,1.2256963,1.22781,1.2275989
2018-01-30 08:00:00,1.22374,1.22463,1.2245922,1.22358,1.223617,1.2249,1.2247936,1.22578,1.2258062,1.22781,1.2277409,1.22928,1.2293044
2018-01-30 09:00:00,1.22463,1.22358,1.2236515,1.2249,1.224937,1.22578,1.2257122,1.22781,1.2278029,1.22928,1.2291551,1.2275801,1.2274543
2018-01-30 10:00:00,1.22358,1.2249,1.2248591,1.22578,1.2258134,1.22781,1.2276485,1.22928,1.2292666,1.2275801,1.2273276,1.22786,1.2276278
2018-01-30 11:00:00,1.2249,1.22578,1.2257049,1.22781,1.2277737,1.22928,1.2293209,1.2275801,1.2275176,1.22786,1.2276785,1.228,1.2279466
2018-01-30 12:00:00,1.22578,1.22781,1.2277367,1.22928,1.2292373,1.2275801,1.2274365,1.22786,1.2278727,1.228,1.227887,1.22945,1.2293521
2018-01-30 13:00:00,1.22781,1.22928,1.2291573,1.2275801,1.2276342,1.22786,1.2277995,1.228,1.2280588,1.22945,1.2294132,1.22934,1.229284
2018-01-30 14:00:00,1.22928,1.2275801,1.2276444,1.22786,1.2279911,1.228,1.227921,1.22945,1.2295381,1.22934,1.2292988,1.22955,1.2295737
2018-01-30 15:00:00,1.2275801,1.22786,1.2278231,1.228,1.2279937,1.22945,1.2293042,1.22934,1.2293929,1.22955,1.2295231,1.22964,1.229584
2018-01-30 16:00:00,1.22786,1.228,1.2279418,1.22945,1.2294517,1.22934,1.2293347,1.22955,1.2295597,1.22964,1.2295141,1.23085,1.2308084
2018-01-30 17:00:00,1.228,1.22945,1.2293546,1.22934,1.2291964,1.22955,1.2294321,1.22964,1.2296841,1.23085,1.2305977,1.22997,1.2300191
2018-01-30 18:00:00,1.22945,1.22934,1.2293051,1.22955,1.2295929,1.22964,1.2295413,1.23085,1.2309903,1.22997,1.2299072,1.2306,1.2306131
2018-01-30 19:00:00,1.22934,1.22955,1.2295702,1.22964,1.2297103,1.23085,1.2308084,1.22997,1.2300513,1.2306,1.2305,1.23089,1.230918
2018-01-30 20:00:00,1.22955,1.22964,1.2295774,1.23085,1.2308528,1.22997,1.2299099,1.2306,1.2306446,1.23089,1.2308233,1.23139,1.2313714
2018-01-30 21:00:00,1.22964,1.23085,1.2308992,1.22997,1.229961,1.2306,1.2305298,1.23089,1.2309684,1.23139,1.2312136,1.23211,1.2321047
2018-01-30 22:00:00,1.23085,1.22997,1.2298863,1.2306,1.2306423,1.23089,1.2308266,1.23139,1.2314535,1.23211,1.2320107,1.23242,1.232383
2018-01-30 23:00:00,1.22997,1.2306,1.2306378,1.23089,1.2308267,1.23139,1.2312373,1.23211,1.2322031,1.23242,1.2322316,1.23089,1.2308441
2018-01-31 00:00:00,1.2306,1.23089,1.2308209,1.23139,1.2314458,1.23211,1.23203,1.23242,1.2324922,1.23089,1.230805,1.23108,1.2310746
2018-01-31 01:00:00,1.23089,1.23139,1.2313557,1.23211,1.2320936,1.23242,1.2323685,1.23089,1.2309357,1.23108,1.2309743,1.23394,1.2337239
2018-01-31 02:00:00,1.23139,1.23211,1.2320457,1.23242,1.2324258,1.23089,1.2307737,1.23108,1.2311966,1.23394,1.2339243,1.23367,1.2336019
2018-01-31 03:00:00,1.23211,1.23242,1.2324533,1.23089,1.2309442,1.23108,1.2309425,1.23394,1.2340399,1.23367,1.2335911,1.23368,1.233734
2018-01-31 04:00:00,1.23242,1.23089,1.2310073,1.23108,1.2311257,1.23394,1.233923,1.23367,1.2336868,1.23368,1.2336453,1.23397,1.2339894
2018-01-31 05:00:00,1.23089,1.23108,1.2310537,1.23394,1.2342854,1.23367,1.2335517,1.23368,1.2338009,1.23397,1.2339224,1.23377,1.2336553
2018-01-31 06:00:00,1.23108,1.23394,1.233888,1.23367,1.2335092,1.23368,1.2336195,1.23397,1.2340926,1.23377,1.2335932,1.23649,1.2364786
2018-01-31 07:00:00,1.23394,1.23367,1.2336298,1.23368,1.2337359,1.23397,1.2338972,1.23377,1.2338427,1.23649,1.2364986,1.23915,1.2394093
2018-01-31 08:00:00,1.23367,1.23368,1.2336779,1.23397,1.2339617,1.23377,1.2336571,1.23649,1.2365069,1.23915,1.2392839,1.23804,1.2380512
2018-01-31 09:00:00,1.23368,1.23397,1.2338705,1.23377,1.2337538,1.23649,1.2363992,1.23915,1.2391573,1.23804,1.2377377,1.2389,1.2388132
2018-01-31 10:00:00,1.23397,1.23377,1.2337263,1.23649,1.2364411,1.23915,1.2391269,1.23804,1.2380098,1.2389,1.2385666,1.23911,1.2387784
2018-01-31 11:00:00,1.23377,1.23649,1.2364131,1.23915,1.2388985,1.23804,1.2378657,1.2389,1.2389029,1.23911,1.2386379,1.24115,1.2410533
2018-01-31 12:00:00,1.23649,1.23915,1.2390455,1.23804,1.2380399,1.2389,1.2387124,1.23911,1.2389714,1.24115,1.2413538,1.24037,1.2402767
2018-01-31 13:00:00,1.23915,1.23804,1.2379909,1.2389,1.2389182,1.23911,1.238997,1.24115,1.2411368,1.24037,1.2402494,1.23986,1.2399151
2018-01-31 14:00:00,1.23804,1.2389,1.2389135,1.23911,1.2390822,1.24115,1.2410479,1.24037,1.240314,1.23986,1.239698,1.24051,1.2404451
2018-01-31 15:00:00,1.2389,1.23911,1.2390232,1.24115,1.2410835,1.24037,1.2402198,1.23986,1.2398683,1.24051,1.2404336,1.24034,1.2403257
2018-01-31 16:00:00,1.23911,1.24115,1.2410933,1.24037,1.2403631,1.23986,1.2397184,1.24051,1.2406334,1.24034,1.2402885,1.23915,1.2391517
2018-01-31 17:00:00,1.24115,1.24037,1.2403764,1.23986,1.2399428,1.24051,1.240489,1.24034,1.2405022,1.23915,1.2391068,1.23975,1.2398463
2018-01-31 18:00:00,1.24037,1.23986,1.2398543,1.24051,1.2405467,1.24034,1.2403165,1.23915,1.2392176,1.23975,1.2397337,1.24099,1.2410251
2018-01-31 19:00:00,1.23986,1.24051,1.2404794,1.24034,1.2403274,1.23915,1.2390866,1.23975,1.2398821,1.24099,1.2408444,1.24221,1.2421018
2018-01-31 20:00:00,1.24051,1.24034,1.240331,1.23915,1.2392113,1.23975,1.2396871,1.24099,1.2410591,1.24221,1.2420119,1.24308,1.2429498
2018-01-31 21:00:00,1.24034,1.23915,1.2392113,1.23975,1.2397555,1.24099,1.2408826,1.24221,1.2422303,1.24308,1.2427937,1.24354,1.2434325
2018-01-31 22:00:00,1.23915,1.23975,1.2396839,1.24099,1.2407793,1.24221,1.2421268,1.24308,1.2429742,1.24354,1.243375,1.24475,1.2445369
2018-01-31 23:00:00,1.23975,1.24099,1.2408193,1.24221,1.2419381,1.24308,1.2427905,1.24354,1.2434719,1.24475,1.2447964,1.24348,1.2433267
2018-02-01 00:00:00,1.24099,1.24221,1.242221,1.24308,1.2430359,1.24354,1.2434194,1.24475,1.244513,1.24348,1.2433238,1.24184,1.2418835
2018-02-01 01:00:00,1.24221,1.24308,1.2430131,1.24354,1.2434518,1.24475,1.244563,1.24348,1.2434336,1.24184,1.2418529,1.23955,1.2395922
2018-02-01 02:00:00,1.24308,1.24354,1.2434494,1.24475,1.2446789,1.24348,1.243396,1.24184,1.2419863,1.23955,1.2395319,1.2431,1.243234
2018-02-01 03:00:00,1.24354,1.24475,1.2447444,1.24348,1.2435396,1.24184,1.241952,1.23955,1.2397301,1.2431,1.2432288,1.24125,1.2414013
2018-02-01 04:00:00,1.24475,1.24348,1.2435007,1.24184,1.2420285,1.23955,1.2399604,1.2431,1.2433776,1.24125,1.2412323,1.2402999,1.2404804
2018-02-01 05:00:00,1.24348,1.24184,1.2419508,1.23955,1.2396777,1.2431,1.2432293,1.24125,1.2415191,1.2402999,1.2405087,1.24039,1.2404873
2018-02-01 06:00:00,1.24184,1.23955,1.2396357,1.2431,1.2431909,1.24125,1.2411714,1.2402999,1.2405041,1.24039,1.2403549,1.24957,1.2497959
2018-02-01 07:00:00,1.23955,1.2431,1.2431056,1.24125,1.2411501,1.2402999,1.2401551,1.24039,1.2405114,1.24957,1.2495255,1.24889,1.2490046
2018-02-01 08:00:00,1.2431,1.24125,1.2412406,1.2402999,1.2404777,1.24039,1.2403456,1.24957,1.2492942,1.24889,1.2487657,1.25037,1.2500947
2018-02-01 09:00:00,1.24125,1.2402999,1.2402644,1.24039,1.2404116,1.24957,1.2499648,1.24889,1.2489414,1.25037,1.2502033,1.24869,1.2485946
2018-02-01 10:00:00,1.2402999,1.24039,1.2403259,1.24957,1.248788,1.24889,1.248466,1.25037,1.2502421,1.24869,1.2481054,1.24916,1.2487957
2018-02-01 11:00:00,1.24039,1.24957,1.2490196,1.24889,1.2487481,1.25037,1.2501453,1.24869,1.2485036,1.24916,1.2489636,1.2484,1.2478362
2018-02-01 12:00:00,1.24957,1.24889,1.2487308,1.25037,1.2503432,1.24869,1.2486225,1.24916,1.2492828,1.2484,1.2487783,1.23898,1.2390798
2018-02-01 13:00:00,1.24889,1.25037,1.2503693,1.24869,1.2486321,1.24916,1.2489878,1.2484,1.2484492,1.23898,1.2392701,1.24052,1.2407624
2018-02-01 14:00:00,1.25037,1.24869,1.2486149,1.24916,1.2492609,1.2484,1.2486843,1.23898,1.2394716,1.24052,1.2414564,1.23945,1.2393451
2018-02-01 15:00:00,1.24869,1.24916,1.2491354,1.2484,1.2484354,1.23898,1.2391685,1.24052,1.2412853,1.23945,1.2400624,1.23695,1.2378724
2018-02-01 16:00:00,1.24916,1.2484,1.2487265,1.23898,1.240121,1.24052,1.24076,1.23945,1.2395955,1.23695,1.2373527,1.23909,1.2392677
2018-02-01 17:00:00,1.2484,1.23898,1.2392452,1.24052,1.2413805,1.23945,1.2394834,1.23695,1.2371558,1.23909,1.23956,1.24054,1.2402856
2018-02-01 18:00:00,1.23898,1.24052,1.2404137,1.23945,1.2395386,1.23695,1.2370713,1.23909,1.2393545,1.24054,1.2404317,1.24297,1.2429936
2018-02-01 19:00:00,1.24052,1.23945,1.2393618,1.23695,1.237095,1.23909,1.2390627,1.24054,1.2406607,1.24297,1.2429934,1.24261,1.242639
2018-02-01 20:00:00,1.23945,1.23695,1.2370704,1.23909,1.2390293,1.24054,1.2404242,1.24297,1.2427257,1.24261,1.242342,1.24287,1.2426703
2018-02-01 21:00:00,1.23695,1.23909,1.2389386,1.24054,1.240367,1.24297,1.2429256,1.24261,1.2420032,1.24287,1.2427273,1.24204,1.2418832
2018-02-01 22:00:00,1.23909,1.24054,1.2402976,1.24297,1.2428194,1.24261,1.2424138,1.24287,1.242874,1.24204,1.2418246,1.24306,1.2428163
2018-02-01 23:00:00,1.24054,1.24297,1.2428083,1.24261,1.2424971,1.24287,1.2428823,1.24204,1.2419813,1.24306,1.2429286,1.24495,1.2448283
2018-02-02 00:00:00,1.24297,1.24261,1.2425786,1.24287,1.242921,1.24204,1.2420199,1.24306,1.243107,1.24495,1.2449671,1.24743,1.2476376
2018-02-02 01:00:00,1.24261,1.24287,1.2428557,1.24204,1.2420496,1.24306,1.2430241,1.24495,1.2449309,1.24743,1.2474324,1.24666,1.2466493
2018-02-02 02:00:00,1.24287,1.24204,1.2420102,1.24306,1.2430432,1.24495,1.2449096,1.24743,1.2474296,1.24666,1.2465477,1.24553,1.2455974
2018-02-02 03:00:00,1.24204,1.24306,1.2430372,1.24495,1.2449415,1.24743,1.2471856,1.24666,1.2466608,1.24553,1.2453188,1.24581,1.2459474
2018-02-02 04:00:00,1.24306,1.24495,1.2447581,1.24743,1.2474847,1.24666,1.2465491,1.24553,1.2454994,1.24581,1.2456112,1.24382,1.2438114
2018-02-02 05:00:00,1.24495,1.24743,1.2473265,1.24666,1.2466537,1.24553,1.2454011,1.24581,1.2458454,1.24382,1.2438308,1.24402,1.2440675
2018-02-02 06:00:00,1.24743,1.24666,1.2466958,1.24553,1.245667,1.24581,1.2458743,1.24382,1.2440653,1.24402,1.2441701,1.2428501,1.2429311
2018-02-02 07:00:00,1.24666,1.24553,1.2455267,1.24581,1.2459594,1.24382,1.2439938,1.24402,1.2444164,1.2428501,1.2428453,1.24408,1.244031
2018-02-02 08:00:00,1.24553,1.24581,1.2458109,1.24382,1.2439897,1.24402,1.2440321,1.2428501,1.2430701,1.24408,1.2439756,1.2432001,1.2431564
2018-02-02 09:00:00,1.24581,1.24382,1.2439188,1.24402,1.2439814,1.2428501,1.2428795,1.24408,1.2441217,1.2432001,1.2430369,1.2421,1.2422426
2018-02-02 10:00:00,1.24382,1.24402,1.2439715,1.2428501,1.2428106,1.24408,1.2439871,1.2432001,1.2431872,1.2421,1.241889,1.24387,1.2438344
2018-02-02 11:00:00,1.24402,1.2428501,1.242782,1.24408,1.2441225,1.2432001,1.2430788,1.2421,1.242211,1.24387,1.2438132,1.24438,1.2443275
2018-02-02 12:00:00,1.2428501,1.24408,1.2440181,1.2432001,1.2432027,1.2421,1.2420735,1.24387,1.2440133,1.24438,1.2444686,1.242,1.2421633
2018-02-02 13:00:00,1.24408,1.2432001,1.2431623,1.2421,1.2423123,1.24387,1.2437944,1.24438,1.2444065,1.242,1.2421156,1.2418799,1.2419827
2018-02-02 14:00:00,1.2432001,1.2421,1.2421904,1.24387,1.2439628,1.24438,1.2444087,1.242,1.2422038,1.2418799,1.2419243,1.2428,1.2428846
2018-02-02 15:00:00,1.2421,1.24387,1.2437743,1.24438,1.2443334,1.242,1.2419888,1.2418799,1.2420374,1.2428,1.2429099,1.24147,1.2415286
2018-02-02 16:00:00,1.24387,1.24438,1.2444346,1.242,1.242161,1.2418799,1.2417957,1.2428,1.2429866,1.24147,1.2414749,1.24306,1.2431674
2018-02-02 17:00:00,1.24438,1.242,1.242007,1.2418799,1.2422731,1.2428,1.2428054,1.24147,1.2415112,1.24306,1.2431058,1.24204,1.2420331
2018-02-02 18:00:00,1.242,1.2418799,1.2418404,1.2428,1.2428867,1.24147,1.2413993,1.24306,1.2432086,1.24204,1.2420019,1.23957,1.2394555
2018-02-02 19:00:00,1.2418799,1.2428,1.242851,1.24147,1.2414633,1.24306,1.2429855,1.24204,1.2420847,1.23957,1.2396153,1.23989,1.2399602
2018-02-02 20:00:00,1.2428,1.24147,1.2414641,1.24306,1.2430379,1.24204,1.2420306,1.23957,1.2397544,1.23989,1.239916,1.2415,1.241566
2018-02-02 21:00:00,1.24147,1.24306,1.243041,1.24204,1.2419634,1.23957,1.2395426,1.23989,1.2399913,1.2415,1.2415338,1.24123,1.2412859
2018-02-04 22:00:00,1.24306,1.24204,1.242128,1.23957,1.2397856,1.23989,1.2400092,1.2415,1.2416694,1.24123,1.2412428,1.2413499,1.2413952
2018-02-04 23:00:00,1.24204,1.23957,1.2396864,1.23989,1.239854,1.2415,1.2415667,1.24123,1.2413515,1.2413499,1.2412361,1.2415,1.2415183
2018-02-05 00:00:00,1.23957,1.23989,1.2398475,1.2415,1.2415324,1.24123,1.241179,1.2413499,1.2413758,1.2415,1.2414471,1.24018,1.2401069
2018-02-05 01:00:00,1.23989,1.2415,1.2413973,1.24123,1.2411497,1.2413499,1.2412993,1.2415,1.2415547,1.24018,1.24013,1.24069,1.2406714
2018-02-05 02:00:00,1.2415,1.24123,1.2411888,1.2413499,1.2414131,1.2415,1.2415148,1.24018,1.240235,1.24069,1.240756,1.24113,1.2411466
2018-02-05 03:00:00,1.24123,1.2413499,1.2413323,1.2415,1.2415612,1.24018,1.2402027,1.24069,1.2408214,1.24113,1.2411362,1.24033,1.240372
2018-02-05 04:00:00,1.2413499,1.2415,1.2414774,1.24018,1.2401773,1.24069,1.2406952,1.24113,1.2412232,1.24033,1.2403376,1.23927,1.2392235
2018-02-05 05:00:00,1.2415,1.24018,1.2400875,1.24069,1.2406645,1.24113,1.2411547,1.24033,1.2403729,1.23927,1.2393626,1.2384,1.2383847
2018-02-05 06:00:00,1.24018,1.24069,1.240624,1.24113,1.2412183,1.24033,1.2403314,1.23927,1.2393711,1.2384,1.2384924,1.23642,1.2365348
2018-02-05 07:00:00,1.24069,1.24113,1.2410938,1.24033,1.2403404,1.23927,1.2392387,1.2384,1.2385412,1.23642,1.236852,1.2351,1.2353059
2018-02-05 08:00:00,1.24113,1.24033,1.24039,1.23927,1.2393787,1.2384,1.2385551,1.23642,1.2365705,1.2351,1.2354676,1.23557,1.2358377
2018-02-05 09:00:00,1.24033,1.23927,1.2393095,1.2384,1.2385396,1.23642,1.2365713,1.2351,1.2351961,1.23557,1.2359045,1.23518,1.2352369
2018-02-05 10:00:00,1.23927,1.2384,1.2384993,1.23642,1.2364733,1.2351,1.2349778,1.23557,1.2357717,1.23518,1.2351997,1.2370601,1.2372217
2018-02-05 11:00:00,1.2384,1.23642,1.2366009,1.2351,1.2353048,1.23557,1.2357373,1.23518,1.23532,1.2370601,1.2370912,1.23768,1.2377216
2018-02-05 12:00:00,1.23642,1.2351,1.2350808,1.23557,1.2357014,1.23518,1.2351402,1.2370601,1.2371626,1.23768,1.2375574,1.23878,1.2387065
2018-02-05 13:00:00,1.2351,1.23557,1.2355465,1.23518,1.2352211,1.2370601,1.2370178,1.23768,1.2377435,1.23878,1.2386591,1.23816,1.238187
2018-02-05 14:00:00,1.23557,1.23518,1.2351451,1.2370601,1.2370315,1.23768,1.2375758,1.23878,1.2388175,1.23816,1.2380658,1.23795,1.2378536
2018-02-05 15:00:00,1.23518,1.2370601,1.2370772,1.23768,1.2375134,1.23878,1.2387974,1.23816,1.2382525,1.23795,1.2378807,1.23808,1.2378926
2018-02-05 16:00:00,1.2370601,1.23768,1.2375624,1.23878,1.2388006,1.23816,1.2380717,1.23795,1.2379653,1.23808,1.2379794,1.23799,1.237938
2018-02-05 17:00:00,1.23768,1.23878,1.2387521,1.23816,1.2381335,1.23795,1.2379179,1.23808,1.2381383,1.23799,1.2379576,1.23752,1.2375189
2018-02-05 18:00:00,1.23878,1.23816,1.2381774,1.23795,1.2379792,1.23808,1.238084,1.23799,1.238102,1.23752,1.2374936,1.23849,1.2385428
2018-02-05 19:00:00,1.23816,1.23795,1.2379433,1.23808,1.2381053,1.23799,1.2379997,1.23752,1.2375907,1.23849,1.2385361,1.23683,1.2369133
2018-02-05 20:00:00,1.23795,1.23808,1.2380462,1.23799,1.2379973,1.23752,1.237467,1.23849,1.2386254,1.23683,1.2367849,1.2378,1.237886
2018-02-05 21:00:00,1.23808,1.23799,1.237985,1.23752,1.2375945,1.23849,1.2385521,1.23683,1.2369313,1.2378,1.2378362,1.23712,1.2370989
2018-02-05 22:00:00,1.23799,1.23752,1.237478,1.23849,1.2385741,1.23683,1.236864,1.2378,1.2379315,1.23712,1.2371281,1.2363499,1.2363296
2018-02-05 23:00:00,1.23752,1.23849,1.2385578,1.23683,1.2368954,1.2378,1.2378076,1.23712,1.2372203,1.2363499,1.2363816,1.23473,1.2347181
2018-02-06 00:00:00,1.23849,1.23683,1.2368051,1.2378,1.2378243,1.23712,1.2371624,1.2363499,1.236659,1.23473,1.23469,1.23544,1.2354916
2018-02-06 01:00:00,1.23683,1.2378,1.2377944,1.23712,1.2371469,1.2363499,1.2363394,1.23473,1.234914,1.23544,1.2353394,1.2381,1.2380962
2018-02-06 02:00:00,1.2378,1.23712,1.2370862,1.2363499,1.2363294,1.23473,1.2346613,1.23544,1.2356806,1.2381,1.2380537,1.23968,1.2396362
2018-02-06 03:00:00,1.23712,1.2363499,1.2363693,1.23473,1.2348124,1.23544,1.2353987,1.2381,1.2382298,1.23968,1.2395341,1.24124,1.2412628
2018-02-06 04:00:00,1.2363499,1.23473,1.2347659,1.23544,1.2354352,1.2381,1.2379966,1.23968,1.2396967,1.24124,1.2409352,1.24388,1.2435439
2018-02-06 05:00:00,1.23473,1.23544,1.235375,1.2381,1.2378731,1.23968,1.2392704,1.24124,1.241226,1.24388,1.243548,1.2426,1.2422056
2018-02-06 06:00:00,1.23544,1.2381,1.237858,1.23968,1.2396805,1.24124,1.2410375,1.24388,1.2433174,1.2426,1.2419538,1.24448,1.2441083
2018-02-06 07:00:00,1.2381,1.23968,1.2395811,1.24124,1.2411819,1.24388,1.2437714,1.2426,1.2426459,1.24448,1.2446244,1.24408,1.2439593
2018-02-06 08:00:00,1.23968,1.24124,1.2410729,1.24388,1.2434309,1.2426,1.2424626,1.24448,1.2440697,1.24408,1.2436396,1.2409999,1.2409881
2018-02-06 09:00:00,1.24124,1.24388,1.2438217,1.2426,1.2425208,1.24448,1.2444676,1.24408,1.2439941,1.2409999,1.240948,1.23896,1.2389096
2018-02-06 10:00:00,1.24388,1.2426,1.242485,1.24448,1.2445538,1.24408,1.2441366,1.2409999,1.2411065,1.23896,1.2385242,1.2405,1.2404854
2018-02-06 11:00:00,1.2426,1.24448,1.2444552,1.24408,1.2441362,1.2409999,1.2410201,1.23896,1.2390134,1.2405,1.2404542,1.2395,1.2393913
2018-02-06 12:00:00,1.24448,1.24408,1.2441617,1.2409999,1.2412362,1.23896,1.2391492,1.2405,1.2409561,1.2395,1.2395356,1.24044,1.2405509
2018-02-06 13:00:00,1.24408,1.2409999,1.2412732,1.23896,1.2390618,1.2405,1.2407582,1.2395,1.2399278,1.24044,1.2404327,1.23939,1.2393554
2018-02-06 14:00:00,1.2409999,1.23896,1.2389798,1.2405,1.240545,1.2395,1.2394881,1.24044,1.2405733,1.23939,1.2393366,1.24003,1.2400441
2018-02-06 15:00:00,1.23896,1.2405,1.2404358,1.2395,1.2394636,1.24044,1.240276,1.23939,1.2393626,1.24003,1.2398785,1.24042,1.2403318
2018-02-06 16:00:00,1.2405,1.2395,1.2394412,1.24044,1.2404208,1.23939,1.2392455,1.24003,1.2401053,1.24042,1.2403507,1.24077,1.2407316
2018-02-06 17:00:00,1.2395,1.24044,1.2404528,1.23939,1.2394028,1.24003,1.2398825,1.24042,1.2404361,1.24077,1.2406439,1.2417,1.2417333
2018-02-06 18:00:00,1.24044,1.23939,1.2392687,1.24003,1.2400318,1.24042,1.2403574,1.24077,1.2408047,1.2417,1.2416024,1.2413499,1.2412993
2018-02-06 19:00:00,1.23939,1.24003,1.2400079,1.24042,1.2403111,1.24077,1.2405775,1.2417,1.241706,1.2413499,1.2410946,1.24138,1.2413987
2018-02-06 20:00:00,1.24003,1.24042,1.2403357,1.24077,1.240812,1.2417,1.2417048,1.2413499,1.2413992,1.24138,1.2412752,1.24231,1.2423809
2018-02-06 21:00:00,1.24042,1.24077,1.2407333,1.2417,1.2416588,1.2413499,1.2412868,1.24138,1.2414267,1.24231,1.2423652,1.24191,1.241857
2018-02-06 22:00:00,1.24077,1.2417,1.2417289,1.2413499,1.2413672,1.24138,1.2412915,1.24231,1.2423197,1.24191,1.2418568,1.24364,1.2434887
2018-02-06 23:00:00,1.2417,1.2413499,1.2413584,1.24138,1.2414398,1.24231,1.2422644,1.24191,1.2419772,1.24364,1.2435483,1.24482,1.2448013
2018-02-07 00:00:00,1.2413499,1.24138,1.2413311,1.24231,1.242268,1.24191,1.2418311,1.24364,1.2435887,1.24482,1.244749,1.24435,1.2443593
2018-02-07 01:00:00,1.24138,1.24231,1.2422469,1.24191,1.2418694,1.24364,1.2436315,1.24482,1.2446692,1.24435,1.2440766,1.24372,1.2435731
2018-02-07 02:00:00,1.24231,1.24191,1.241862,1.24364,1.243726,1.24482,1.2447041,1.24435,1.244306,1.24372,1.2436059,1.24511,1.2450918
2018-02-07 03:00:00,1.24191,1.24364,1.2434837,1.24482,1.2447869,1.24435,1.2441918,1.24372,1.2436578,1.24511,1.245092,1.24437,1.2443154
2018-02-07 04:00:00,1.24364,1.24482,1.2446377,1.24435,1.2443084,1.24372,1.243607,1.24511,1.2452483,1.24437,1.2442905,1.24538,1.2453861
2018-02-07 05:00:00,1.24482,1.24435,1.2443744,1.24372,1.2437923,1.24511,1.2450883,1.24437,1.2444309,1.24538,1.2453203,1.24594,1.2459506
2018-02-07 06:00:00,1.24435,1.24372,1.2437027,1.24511,1.2450866,1.24437,1.2442806,1.24538,1.245378,1.24594,1.2457638,1.24645,1.2464422
2018-02-07 07:00:00,1.24372,1.24511,1.2450712,1.24437,1.2443157,1.24538,1.2453613,1.24594,1.2460788,1.24645,1.2462969,1.24585,1.2458472
2018-02-07 08:00:00,1.24511,1.24437,1.2443277,1.24538,1.2453812,1.24594,1.2459371,1.24645,1.2465454,1.24585,1.2458334,1.2455599,1.2455895
2018-02-07 09:00:00,1.24437,1.24538,1.245386,1.24594,1.2458731,1.24645,1.246387,1.24585,1.2458594,1.2455599,1.2455751,1.24269,1.2427168
2018-02-07 10:00:00,1.24538,1.24594,1.2458587,1.24645,1.2463473,1.24585,1.2457815,1.2455599,1.245657,1.24269,1.2428257,1.24142,1.2414328
2018-02-07 11:00:00,1.24594,1.24645,1.2464068,1.24585,1.2458583,1.2455599,1.2455666,1.24269,1.242791,1.24142,1.2417021,1.24157,1.2416836
2018-02-07 12:00:00,1.24645,1.24585,1.2458582,1.2455599,1.2455809,1.24269,1.2428905,1.24142,1.2414385,1.24157,1.2414826,1.24112,1.2412066
2018-02-07 13:00:00,1.24585,1.2455599,1.245656,1.24269,1.2428602,1.24142,1.2418568,1.24157,1.2418216,1.24112,1.2412101,1.2414399,1.2416066
2018-02-07 14:00:00,1.2455599,1.24269,1.2428911,1.24142,1.2414119,1.24157,1.2415022,1.24112,1.241253,1.2414399,1.2412921,1.24116,1.2412616
2018-02-07 15:00:00,1.24269,1.24142,1.2414471,1.24157,1.2416635,1.24112,1.2411827,1.2414399,1.2415152,1.24116,1.2409986,1.24115,1.2411934
2018-02-07 16:00:00,1.24142,1.24157,1.2415485,1.24112,1.2411603,1.2414399,1.2414235,1.24116,1.2412311,1.24115,1.2411058,1.24163,1.2416452
2018-02-07 17:00:00,1.24157,1.24112,1.2410618,1.2414399,1.2414469,1.24116,1.2411046,1.24115,1.2412257,1.24163,1.241573,1.24203,1.2420065
2018-02-07 18:00:00,1.24112,1.2414399,1.2414017,1.24116,1.2411908,1.24115,1.2411106,1.24163,1.2416991,1.24203,1.2420328,1.2418799,1.2418194
2018-02-07 19:00:00,1.2414399,1.24116,1.2410926,1.24115,1.2411932,1.24163,1.241587,1.24203,1.2420342,1.2418799,1.2417873,1.24174,1.2417156
2018-02-07 20:00:00,1.24116,1.24115,1.2411194,1.24163,1.241654,1.24203,1.2420086,1.2418799,1.2419626,1.24174,1.2416618,1.24241,1.2423936
2018-02-07 21:00:00,1.24115,1.24163,1.2415726,1.24203,1.2420084,1.2418799,1.2418383,1.24174,1.2417452,1.24241,1.2423356,1.24214,1.2420732
2018-02-07 22:00:00,1.24163,1.24203,1.2419764,1.2418799,1.2418894,1.24174,1.2416724,1.24241,1.2424548,1.24214,1.2420748,1.24203,1.2419797
2018-02-07 23:00:00,1.24203,1.2418799,1.2418344,1.24174,1.2417868,1.24241,1.2424171,1.24214,1.2421794,1.24203,1.2420472,1.23937,1.2392395
2018-02-08 00:00:00,1.2418799,1.24174,1.241719,1.24241,1.2423915,1.24214,1.2420863,1.24203,1.2420901,1.23937,1.239378,1.24018,1.2403007
2018-02-08 01:00:00,1.24174,1.24241,1.2423978,1.24214,1.2421695,1.24203,1.2420082,1.23937,1.2393162,1.24018,1.2401544,1.24273,1.2427624
2018-02-08 02:00:00,1.24241,1.24214,1.2421154,1.24203,1.2420518,1.23937,1.2395313,1.24018,1.2403572,1.24273,1.2427576,1.24454,1.2446231
2018-02-08 03:00:00,1.24214,1.24203,1.2420336,1.23937,1.2394282,1.24018,1.2401831,1.24273,1.242856,1.24454,1.2447037,1.24296,1.2430089
2018-02-08 04:00:00,1.24203,1.23937,1.2395436,1.24018,1.2401173,1.24273,1.2426674,1.24454,1.2446396,1.24296,1.2428138,1.24374,1.2437624
2018-02-08 05:00:00,1.23937,1.24018,1.2401366,1.24273,1.242729,1.24454,1.2446116,1.24296,1.2428638,1.24374,1.2437011,1.24532,1.2450665
2018-02-08 06:00:00,1.24018,1.24273,1.2424978,1.24454,1.244425,1.24296,1.2427872,1.24374,1.2437472,1.24532,1.2449995,1.24489,1.2447082
2018-02-08 07:00:00,1.24273,1.24454,1.2445214,1.24296,1.242958,1.24374,1.2435217,1.24532,1.2452375,1.24489,1.2449087,1.24414,1.2441249
2018-02-08 08:00:00,1.24454,1.24296,1.242906,1.24374,1.243766,1.24532,1.2452862,1.24489,1.2449007,1.24414,1.2439716,1.2469,1.2467798
2018-02-08 09:00:00,1.24296,1.24374,1.2436323,1.24532,1.2452174,1.24489,1.2447102,1.24414,1.244077,1.2469,1.246691,1.24804,1.2477213
2018-02-08 10:00:00,1.24374,1.24532,1.2452989,1.24489,1.2448506,1.24414,1.2439966,1.2469,1.2468643,1.24804,1.2478645,1.24776,1.2476002
2018-02-08 11:00:00,1.24532,1.24489,1.2448957,1.24414,1.2441545,1.2469,1.2468141,1.24804,1.2480351,1.24776,1.2474958,1.24931,1.2491659
2018-02-08 12:00:00,1.24489,1.24414,1.2440147,1.2469,1.2468816,1.24804,1.2480646,1.24776,1.2476602,1.24931,1.2489119,1.25024,1.2502402
2018-02-08 13:00:00,1.24414,1.2469,1.2468798,1.24804,1.2479452,1.24776,1.2475618,1.24931,1.249149,1.25024,1.2501366,1.2514501,1.2515477
2018-02-08 14:00:00,1.2469,1.24804,1.247906,1.24776,1.2477365,1.24931,1.2491324,1.25024,1.2502118,1.2514501,1.2512163,1.25046,1.250456
2018-02-08 15:00:00,1.24804,1.24776,1.2477332,1.24931,1.2493281,1.25024,1.2500737,1.2514501,1.2514367,1.25046,1.2503203,1.25025,1.2501876
2018-02-08 16:00:00,1.24776,1.24931,1.2492743,1.25024,1.2501277,1.2514501,1.2514007,1.25046,1.250325,1.25025,1.2501477,1.25097,1.2508588
2018-02-08 17:00:00,1.24931,1.25024,1.250152,1.2514501,1.2513309,1.25046,1.2504175,1.25025,1.2502058,1.25097,1.2508168,1.25062,1.2505128
2018-02-08 18:00:00,1.25024,1.2514501,1.2514309,1.25046,1.2504523,1.25025,1.250158,1.25097,1.2509867,1.25062,1.2505401,1.24988,1.2498513
2018-02-08 19:00:00,1.2514501,1.25046,1.250486,1.25025,1.2503219,1.25097,1.250874,1.25062,1.2507166,1.24988,1.2498637,1.24935,1.249347
2018-02-08 20:00:00,1.25046,1.25025,1.2502058,1.25097,1.2509449,1.25062,1.2505474,1.24988,1.2499795,1.24935,1.2492315,1.24991,1.2499039
2018-02-08 21:00:00,1.25025,1.25097,1.2509671,1.25062,1.2506498,1.24988,1.2498316,1.24935,1.2494967,1.24991,1.2498963,1.24927,1.2492958
2018-02-08 22:00:00,1.25097,1.25062,1.2506578,1.24988,1.2499299,1.24935,1.2492852,1.24991,1.250046,1.24927,1.2492261,1.24954,1.2496425
2018-02-08 23:00:00,1.25062,1.24988,1.2498152,1.24935,1.2493972,1.24991,1.2498974,1.24927,1.2493987,1.24954,1.2495598,1.24945,1.249453
2018-02-09 00:00:00,1.24988,1.24935,1.2493327,1.24991,1.249927,1.24927,1.2492121,1.24954,1.2496283,1.24945,1.2493844,1.25094,1.250909
2018-02-09 01:00:00,1.24935,1.24991,1.2499065,1.24927,1.2492679,1.24954,1.249466,1.24945,1.2495071,1.25094,1.2509916,1.24931,1.2492926
2018-02-09 02:00:00,1.24991,1.24927,1.2492584,1.24954,1.2495251,1.24945,1.2493467,1.25094,1.2509862,1.24931,1.2492551,1.24862,1.2486769
2018-02-09 03:00:00,1.24927,1.24954,1.2494999,1.24945,1.2494706,1.25094,1.2508771,1.24931,1.2493393,1.24862,1.2485758,1.24892,1.2489548
2018-02-09 04:00:00,1.24954,1.24945,1.2493508,1.25094,1.2508945,1.24931,1.2492771,1.24862,1.2487584,1.24892,1.248915,1.24894,1.2489613
2018-02-09 05:00:00,1.24945,1.25094,1.2508731,1.24931,1.2493184,1.24862,1.2486193,1.24892,1.2490513,1.24894,1.248949,1.249,1.2490543
2018-02-09 06:00:00,1.25094,1.24931,1.249257,1.24862,1.2487111,1.24892,1.2489465,1.24894,1.2491742,1.249,1.2491727,1.24446,1.2446649
2018-02-09 07:00:00,1.24931,1.24862,1.2486339,1.24892,1.2489597,1.24894,1.2489449,1.249,1.2490966,1.24446,1.2445229,1.24272,1.2427504
2018-02-09 08:00:00,1.24862,1.24892,1.2488708,1.24894,1.2489841,1.249,1.2490944,1.24446,1.2447051,1.24272,1.2428329,1.24347,1.2434242
2018-02-09 09:00:00,1.24892,1.24894,1.2488668,1.249,1.2490289,1.24446,1.2444698,1.24272,1.2429626,1.24347,1.243655,1.24442,1.2443823
2018-02-09 10:00:00,1.24894,1.249,1.2490643,1.24446,1.2444369,1.24272,1.242826,1.24347,1.2436836,1.24442,1.244724,1.2468901,1.2471302
2018-02-09 11:00:00,1.249,1.24446,1.2447873,1.24272,1.2435589,1.24347,1.2434676,1.24442,1.2446511,1.2468901,1.2470032,1.24688,1.2469763
2018-02-09 12:00:00,1.24446,1.24272,1.2428077,1.24347,1.2435668,1.24442,1.2444419,1.2468901,1.2469208,1.24688,1.2468789,1.24501,1.2450407
2018-02-09 13:00:00,1.24272,1.24347,1.2434025,1.24442,1.2443551,1.2468901,1.2468345,1.24688,1.2468877,1.24501,1.2449983,1.24613,1.246103
2018-02-09 14:00:00,1.24347,1.24442,1.2443742,1.2468901,1.2468369,1.24688,1.2468491,1.24501,1.2449743,1.24613,1.2461171,1.24532,1.2452863
2018-02-09 15:00:00,1.24442,1.2468901,1.2468363,1.24688,1.2467158,1.24501,1.2449402,1.24613,1.246257,1.24532,1.245391,1.24306,1.2432511
2018-02-09 16:00:00,1.2468901,1.24688,1.2468389,1.24501,1.2450874,1.24613,1.2462121,1.24532,1.245404,1.24306,1.243086,1.24459,1.2447516
2018-02-09 17:00:00,1.24688,1.24501,1.2448856,1.24613,1.246195,1.24532,1.2454886,1.24306,1.243457,1.24459,1.2448136,1.24569,1.2458147
2018-02-09 18:00:00,1.24501,1.24613,1.2460926,1.24532,1.2453365,1.24306,1.243081,1.24459,1.2448014,1.24569,1.2457159,1.2453,1.245368
2018-02-09 19:00:00,1.24613,1.24532,1.2452956,1.24306,1.2433746,1.24459,1.2447242,1.24569,1.245877,1.2453,1.245423,1.24602,1.2461143
2018-02-09 20:00:00,1.24532,1.24306,1.2430407,1.24459,1.244725,1.24569,1.2457473,1.2453,1.2454122,1.24602,1.2460005,1.24541,1.2454213
2018-02-09 21:00:00,1.24306,1.24459,1.2444452,1.24569,1.2457495,1.2453,1.2450701,1.24602,1.246064,1.24541,1.2452557,1.2458299,1.2457552
2018-02-11 22:00:00,1.24459,1.24569,1.2455945,1.2453,1.2452402,1.24602,1.2459482,1.24541,1.2454709,1.2458299,1.2458334,1.24596,1.2459278
2018-02-11 23:00:00,1.24569,1.2453,1.2452896,1.24602,1.2460223,1.24541,1.2453512,1.2458299,1.2458844,1.24596,1.245977,1.24526,1.2453177
2018-02-12 00:00:00,1.2453,1.24602,1.246012,1.24541,1.2454225,1.2458299,1.245783,1.24596,1.2460058,1.24526,1.245283,1.24396,1.2440326
2018-02-12 01:00:00,1.24602,1.24541,1.2453378,1.2458299,1.2458398,1.24596,1.2459711,1.24526,1.2453496,1.24396,1.2440039,1.24621,1.2462996
2018-02-12 02:00:00,1.24541,1.2458299,1.2457609,1.24596,1.2459304,1.24526,1.2452976,1.24396,1.2439858,1.24621,1.2462033,1.24603,1.2460525
2018-02-12 03:00:00,1.2458299,1.24596,1.2458966,1.24526,1.2453141,1.24396,1.2439892,1.24621,1.2463424,1.24603,1.2459906,1.24614,1.2461944
2018-02-12 04:00:00,1.24596,1.24526,1.245285,1.24396,1.2440996,1.24621,1.2462668,1.24603,1.2461247,1.24614,1.2461131,1.24474,1.2446749
2018-02-12 05:00:00,1.24526,1.24396,1.2440004,1.24621,1.2462671,1.24603,1.2459458,1.24614,1.2461382,1.24474,1.244583,1.24401,1.2439871
2018-02-12 06:00:00,1.24396,1.24621,1.246194,1.24603,1.2458636,1.24614,1.2461462,1.24474,1.2447382,1.24401,1.2439263,1.24367,1.2435853
2018-02-12 07:00:00,1.24621,1.24603,1.2459288,1.24614,1.2461717,1.24474,1.2446842,1.24401,1.2440928,1.24367,1.2436931,1.24061,1.2406204
2018-02-12 08:00:00,1.24603,1.24614,1.2461234,1.24474,1.2447922,1.24401,1.2439952,1.24367,1.2437317,1.24061,1.2404569,1.2419701,1.2418182
2018-02-12 09:00:00,1.24614,1.24474,1.2449095,1.24401,1.2441051,1.24367,1.243726,1.24061,1.2408973,1.2419701,1.2418025,1.24161,1.2415222
2018-02-12 10:00:00,1.24474,1.24401,1.2440411,1.24367,1.2436794,1.24061,1.2404823,1.2419701,1.2421658,1.24161,1.2414819,1.2428,1.2428067
2018-02-12 11:00:00,1.24401,1.24367,1.2436873,1.24061,1.2408652,1.2419701,1.2420919,1.24161,1.2417283,1.2428,1.2427961,1.24208,1.2419682
2018-02-12 12:00:00,1.24367,1.24061,1.2404661,1.2419701,1.2420124,1.24161,1.241634,1.2428,1.2429303,1.24208,1.2422175,1.2397699,1.239707
2018-02-12 13:00:00,1.24061,1.2419701,1.2418795,1.24161,1.2416694,1.2428,1.2428193,1.24208,1.2421513,1.2397699,1.2397221,1.23871,1.238761
2018-02-12 14:00:00,1.2419701,1.24161,1.2415111,1.2428,1.2427939,1.24208,1.2420871,1.2397699,1.2398617,1.23871,1.2389085,1.23642,1.2366462
2018-02-12 15:00:00,1.24161,1.2428,1.2427392,1.24208,1.2420131,1.2397699,1.2398208,1.23871,1.2388003,1.23642,1.236628,1.23745,1.2375492
2018-02-12 16:00:00,1.2428,1.24208,1.2421104,1.2397699,1.2399452,1.23871,1.2387663,1.23642,1.2365746,1.23745,1.2376056,1.23666,1.2367514
2018-02-12 17:00:00,1.24208,1.2397699,1.2400146,1.23871,1.238667,1.23642,1.2365396,1.23745,1.2377799,1.23666,1.2369881,1.2383,1.2385002
2018-02-12 18:00:00,1.2397699,1.23871,1.2387598,1.23642,1.2365285,1.23745,1.2375306,1.23666,1.2368002,1.2383,1.238234,1.23744,1.2373852
2018-02-12 19:00:00,1.23871,1.23642,1.2365642,1.23745,1.2374846,1.23666,1.2366701,1.2383,1.2383599,1.23744,1.2374126,1.23703,1.2369461
2018-02-12 20:00:00,1.23642,1.23745,1.2374039,1.23666,1.2366488,1.2383,1.2383776,1.23744,1.2374804,1.23703,1.2369912,1.23666,1.236674
2018-02-12 21:00:00,1.23745,1.23666,1.2366111,1.2383,1.2383412,1.23744,1.2373853,1.23703,1.2370521,1.23666,1.236626,1.23553,1.2355076
2018-02-12 22:00:00,1.23666,1.2383,1.2381635,1.23744,1.2374519,1.23703,1.236988,1.23666,1.2367187,1.23553,1.2354426,1.23747,1.2375135
2018-02-12 23:00:00,1.2383,1.23744,1.2374158,1.23703,1.2370203,1.23666,1.2366936,1.23553,1.2355455,1.23747,1.2374679,1.23812,1.2380842
2018-02-13 00:00:00,1.23744,1.23703,1.2370529,1.23666,1.2367252,1.23553,1.2355249,1.23747,1.237543,1.23812,1.2380866,1.23952,1.2396019
2018-02-13 01:00:00,1.23703,1.23666,1.2366624,1.23553,1.2356071,1.23747,1.2375,1.23812,1.2381179,1.23952,1.2394055,1.24173,1.2416589
2018-02-13 02:00:00,1.23666,1.23553,1.2354921,1.23747,1.2374142,1.23812,1.2381258,1.23952,1.2394788,1.24173,1.2414836,1.24021,1.2402381
2018-02-13 03:00:00,1.23553,1.23747,1.2373806,1.23812,1.23799,1.23952,1.239418,1.24173,1.241874,1.24021,1.2399158,1.24086,1.2408617
2018-02-13 04:00:00,1.23747,1.23812,1.238074,1.23952,1.2396135,1.24173,1.241734,1.24021,1.240161,1.24086,1.2409046,1.23724,1.2372079
2018-02-13 05:00:00,1.23812,1.23952,1.2393851,1.24173,1.2417727,1.24021,1.2400719,1.24086,1.2407857,1.23724,1.2372861,1.23395,1.2339296
2018-02-13 06:00:00,1.23952,1.24173,1.2415788,1.24021,1.2402014,1.24086,1.2409234,1.23724,1.2373388,1.23395,1.2341468,1.23429,1.2346402
2018-02-13 07:00:00,1.24173,1.24021,1.2402108,1.24086,1.2409317,1.23724,1.237517,1.23395,1.2342186,1.23429,1.234634,1.2336,1.2340415
2018-02-13 08:00:00,1.24021,1.24086,1.241021,1.23724,1.237431,1.23395,1.2340618,1.23429,1.2341417,1.2336,1.2343106,1.23436,1.2344075
2018-02-13 09:00:00,1.24086,1.23724,1.2375809,1.23395,1.2342459,1.23429,1.2347664,1.2336,1.2339387,1.23436,1.2344837,1.23799,1.2381103
2018-02-13 10:00:00,1.23724,1.23395,1.234121,1.23429,1.2345439,1.2336,1.2334024,1.23436,1.2344593,1.23799,1.237985,1.23902,1.2390743
2018-02-13 11:00:00,1.23395,1.23429,1.2343209,1.2336,1.2336392,1.23436,1.2341938,1.23799,1.2379105,1.23902,1.2389599,1.23981,1.2399778
2018-02-13 12:00:00,1.23429,1.2336,1.2335327,1.23436,1.2343429,1.23799,1.2375926,1.23902,1.2389909,1.23981,1.2399428,1.23909,1.2389376
2018-02-13 13:00:00,1.2336,1.23436,1.2342474,1.23799,1.2380733,1.23902,1.2389469,1.23981,1.2395623,1.23909,1.2386386,1.23712,1.2369912
2018-02-13 14:00:00,1.23436,1.23799,1.2378831,1.23902,1.2390267,1.23981,1.239877,1.23909,1.2391078,1.23712,1.2368954,1.23733,1.2373849
2018-02-13 15:00:00,1.23799,1.23902,1.2389687,1.23981,1.2397699,1.23909,1.2390401,1.23712,1.2371187,1.23733,1.237256,1.23783,1.2377782
2018-02-13 16:00:00,1.23902,1.23981,1.2397736,1.23909,1.2390873,1.23712,1.2371,1.23733,1.2373985,1.23783,1.237755,1.23798,1.2379527
2018-02-13 17:00:00,1.23981,1.23909,1.2391208,1.23712,1.2372863,1.23733,1.237362,1.23783,1.2379074,1.23798,1.2380536,1.23858,1.238634
2018-02-13 18:00:00,1.23909,1.23712,1.2371564,1.23733,1.237394,1.23783,1.2379178,1.23798,1.2379996,1.23858,1.2385386,1.23883,1.2388101
2018-02-13 19:00:00,1.23712,1.23733,1.2373236,1.23783,1.2378157,1.23798,1.2378708,1.23858,1.2385223,1.23883,1.2388335,1.23831,1.2382613
2018-02-13 20:00:00,1.23733,1.23783,1.2378018,1.23798,1.2380054,1.23858,1.2384528,1.23883,1.2388641,1.23831,1.2382196,1.2384601,1.2384104
2018-02-13 21:00:00,1.23783,1.23798,1.2379382,1.23858,1.2384439,1.23883,1.2387147,1.23831,1.238302,1.2384601,1.2383654,1.2387199,1.238636
2018-02-13 22:00:00,1.23798,1.23858,1.2385414,1.23883,1.2387515,1.23831,1.2381734,1.2384601,1.2384884,1.2387199,1.2386276,1.239,1.2389537
2018-02-13 23:00:00,1.23858,1.23883,1.2387887,1.23831,1.2382951,1.2384601,1.238397,1.2387199,1.2387794,1.239,1.2388877,1.23957,1.2394866
2018-02-14 00:00:00,1.23883,1.23831,1.2382543,1.2384601,1.2384589,1.2387199,1.2386746,1.239,1.2390358,1.23957,1.2394822,1.23824,1.2381204
2018-02-14 01:00:00,1.23831,1.2384601,1.2384121,1.2387199,1.2387089,1.239,1.2389214,1.23957,1.2395629,1.23824,1.2381269,1.2377,1.237603
2018-02-14 02:00:00,1.2384601,1.2387199,1.2386434,1.239,1.2389725,1.23957,1.2395567,1.23824,1.2382272,1.2377,1.2376801,1.23498,1.2348917
2018-02-14 03:00:00,1.2387199,1.239,1.2389605,1.23957,1.2396142,1.23824,1.2381687,1.2377,1.2376974,1.23498,1.2351214,1.23384,1.2338513
2018-02-14 04:00:00,1.239,1.23957,1.2395499,1.23824,1.2382464,1.2377,1.2377509,1.23498,1.2351013,1.23384,1.2338687,1.23494,1.234905
2018-02-14 05:00:00,1.23957,1.23824,1.2382125,1.2377,1.2377197,1.23498,1.2348833,1.23384,1.2338141,1.23494,1.2352433,1.2341499,1.2341963
2018-02-14 06:00:00,1.23824,1.2377,1.2377626,1.23498,1.2349064,1.23384,1.2338808,1.23494,1.2353442,1.2341499,1.2341835,1.23369,1.2337594
2018-02-14 07:00:00,1.2377,1.23498,1.2351019,1.23384,1.2341948,1.23494,1.2351353,1.2341499,1.2342514,1.23369,1.2337271,1.2341499,1.2341924
2018-02-14 08:00:00,1.23498,1.23384,1.2338227,1.23494,1.234984,1.2341499,1.2342128,1.23369,1.2337618,1.2341499,1.2342666,1.22927,1.2294775
2018-02-14 09:00:00,1.23384,1.23494,1.2348027,1.2341499,1.2341293,1.23369,1.233633,1.2341499,1.2342055,1.22927,1.2293088,1.22805,1.2281226
2018-02-14 10:00:00,1.23494,1.2341499,1.2341185,1.23369,1.2337058,1.2341499,1.2343156,1.22927,1.229142,1.22805,1.2282257,1.22696,1.2268217
2018-02-14 11:00:00,1.2341499,1.23369,1.2336364,1.2341499,1.2341793,1.22927,1.2291046,1.22805,1.2279841,1.22696,1.2273693,1.22602,1.2261305
2018-02-14 12:00:00,1.23369,1.2341499,1.2341964,1.22927,1.2294108,1.22805,1.2280598,1.22696,1.227144,1.22602,1.2265706,1.22763,1.2276167
2018-02-14 13:00:00,1.2341499,1.22927,1.2293814,1.22805,1.2280834,1.22696,1.2266936,1.22602,1.2263792,1.22763,1.2279717,1.22603,1.2262055
2018-02-14 14:00:00,1.22927,1.22805,1.2281437,1.22696,1.2269944,1.22602,1.2261783,1.22763,1.2278545,1.22603,1.22598,1.2261,1.2260762
2018-02-14 15:00:00,1.22805,1.22696,1.2269499,1.22602,1.2260922,1.22763,1.2277367,1.22603,1.2261505,1.2261,1.2260582,1.22532,1.2252281
2018-02-14 16:00:00,1.22696,1.22602,1.226057,1.22763,1.2276484,1.22603,1.225928,1.2261,1.2261504,1.22532,1.2250935,1.22693,1.2268639
2018-02-14 17:00:00,1.22602,1.22763,1.2276121,1.22603,1.226097,1.2261,1.2261171,1.22532,1.2254024,1.22693,1.2269545,1.22714,1.2271143
2018-02-14 18:00:00,1.22763,1.22603,1.2260866,1.2261,1.2260815,1.22532,1.225429,1.22693,1.2270231,1.22714,1.2271012,1.22716,1.2271358
2018-02-14 19:00:00,1.22603,1.2261,1.226086,1.22532,1.2254391,1.22693,1.2269863,1.22714,1.2271688,1.22716,1.2271456,1.22743,1.2274314
2018-02-14 20:00:00,1.2261,1.22532,1.2252847,1.22693,1.226918,1.22714,1.2271605,1.22716,1.2271442,1.22743,1.2273042,1.22744,1.2273704
2018-02-14 21:00:00,1.22532,1.22693,1.2267897,1.22714,1.2271146,1.22716,1.2271192,1.22743,1.2274384,1.22744,1.2274717,1.2258,1.2257447
2018-02-14 22:00:00,1.22693,1.22714,1.227052,1.22716,1.2271717,1.22743,1.2274337,1.22744,1.2275227,1.2258,1.2257557,1.2274,1.2274833
2018-02-14 23:00:00,1.22714,1.22716,1.2271489,1.22743,1.2274705,1.22744,1.2275019,1.2258,1.225889,1.2274,1.227442,1.22631,1.2262826
2018-02-15 00:00:00,1.22716,1.22743,1.2274054,1.22744,1.2274863,1.2258,1.2257738,1.2274,1.2275542,1.22631,1.2262377,1.22671,1.2268163
2018-02-15 01:00:00,1.22743,1.22744,1.2274451,1.2258,1.2257359,1.2274,1.227466,1.22631,1.2263285,1.22671,1.22682,1.22408,1.2242557
2018-02-15 02:00:00,1.22744,1.2258,1.2258391,1.2274,1.227425,1.22631,1.226251,1.22671,1.226785,1.22408,1.2242028,1.22303,1.2233254
2018-02-15 03:00:00,1.2258,1.2274,1.2273157,1.22631,1.2262822,1.22671,1.2266915,1.22408,1.2240607,1.22303,1.223123,1.22462,1.2246807
2018-02-15 04:00:00,1.2274,1.22631,1.2262698,1.22671,1.2268242,1.22408,1.2240521,1.22303,1.2231919,1.22462,1.224707,1.22328,1.2233306
2018-02-15 05:00:00,1.22631,1.22671,1.2267606,1.22408,1.224273,1.22303,1.222932,1.22462,1.2247831,1.22328,1.2231692,1.2235401,1.2236412
2018-02-15 06:00:00,1.22671,1.22408,1.2241348,1.22303,1.2233846,1.22462,1.224654,1.22328,1.2232203,1.2235401,1.2234257,1.22744,1.2274151
2018-02-15 07:00:00,1.22408,1.22303,1.222988,1.22462,1.2246675,1.22328,1.2232151,1.2235401,1.2235627,1.22744,1.2272098,1.22763,1.2275081
2018-02-15 08:00:00,1.22303,1.22462,1.2245135,1.22328,1.2232413,1.2235401,1.223407,1.22744,1.2274411,1.22763,1.2274888,1.22593,1.2258663
2018-02-15 09:00:00,1.22462,1.22328,1.2232134,1.2235401,1.2236259,1.22744,1.2273463,1.22763,1.2276119,1.22593,1.2258312,1.2239,1.223793
2018-02-15 10:00:00,1.22328,1.2235401,1.2234876,1.22744,1.2271227,1.22763,1.2279007,1.22593,1.2258955,1.2239,1.2237066,1.22492,1.2248479
2018-02-15 11:00:00,1.2235401,1.22744,1.2273877,1.22763,1.2275174,1.22593,1.2256523,1.2239,1.2239288,1.22492,1.224819,1.22657,1.2266178
2018-02-15 12:00:00,1.22744,1.22763,1.2276123,1.22593,1.2260809,1.2239,1.2242807,1.22492,1.2252252,1.22657,1.2266423,1.22632,1.2263463
2018-02-15 13:00:00,1.22763,1.22593,1.2261248,1.2239,1.2241218,1.22492,1.2248896,1.22657,1.2266984,1.22632,1.2263486,1.22431,1.2243177
2018-02-15 14:00:00,1.22593,1.2239,1.2239463,1.22492,1.2250688,1.22657,1.2266574,1.22632,1.2263781,1.22431,1.2242608,1.22437,1.2242888
2018-02-15 15:00:00,1.2239,1.22492,1.2248788,1.22657,1.2265794,1.22632,1.2264181,1.22431,1.2242962,1.22437,1.2242477,1.22465,1.2245649
2018-02-15 16:00:00,1.22492,1.22657,1.2265611,1.22632,1.2263652,1.22431,1.2242191,1.22437,1.2244564,1.22465,1.2246069,1.22604,1.2260748
2018-02-15 17:00:00,1.22657,1.22632,1.2263503,1.22431,1.2245437,1.22437,1.2244403,1.22465,1.2247387,1.22604,1.2260631,1.22543,1.2254252
2018-02-15 18:00:00,1.22632,1.22431,1.2242725,1.22437,1.2243688,1.22465,1.224665,1.22604,1.2261565,1.22543,1.2253847,1.22518,1.2252208
2018-02-15 19:00:00,1.22431,1.22437,1.2243699,1.22465,1.224652,1.22604,1.2259966,1.22543,1.2254919,1.22518,1.2250593,1.22543,1.2253865
2018-02-15 20:00:00,1.22437,1.22465,1.2245572,1.22604,1.2259725,1.22543,1.225342,1.22518,1.2252109,1.22543,1.2253563,1.22569,1.225627
2018-02-15 21:00:00,1.22465,1.22604,1.2259661,1.22543,1.2253287,1.22518,1.2251035,1.22543,1.2254367,1.22569,1.2256278,1.2252901,1.2252706
2018-02-15 22:00:00,1.22604,1.22543,1.22535,1.22518,1.2252467,1.22543,1.2253869,1.22569,1.225755,1.2252901,1.2252886,1.2257199,1.2257414
2018-02-15 23:00:00,1.22543,1.22518,1.225175,1.22543,1.2254524,1.22569,1.2257111,1.2252901,1.2253857,1.2257199,1.2256991,1.22644,1.2265146
2018-02-16 00:00:00,1.22518,1.22543,1.2253838,1.22569,1.2257007,1.2252901,1.2252783,1.2257199,1.2257888,1.22644,1.226379,1.2283599,1.2284024
2018-02-16 01:00:00,1.22543,1.22569,1.225684,1.2252901,1.2253107,1.2257199,1.225681,1.22644,1.2265553,1.2283599,1.2283082,1.22701,1.2270509
2018-02-16 02:00:00,1.22569,1.2252901,1.2252944,1.2257199,1.2257215,1.22644,1.2263398,1.2283599,1.2283922,1.22701,1.2269295,1.22644,1.2264384
2018-02-16 03:00:00,1.2252901,1.2257199,1.2256718,1.22644,1.2264767,1.2283599,1.2282038,1.22701,1.2271023,1.22644,1.2263465,1.22575,1.2256472
2018-02-16 04:00:00,1.2257199,1.22644,1.2263734,1.2283599,1.2282703,1.22701,1.226959,1.22644,1.2264885,1.22575,1.2257695,1.22399,1.2239629
2018-02-16 05:00:00,1.22644,1.2283599,1.2282914,1.22701,1.2270508,1.22644,1.2264072,1.22575,1.225822,1.22399,1.2240285,1.22476,1.2248317
2018-02-16 06:00:00,1.2283599,1.22701,1.2270371,1.22644,1.2265022,1.22575,1.2258654,1.22399,1.2245126,1.22476,1.2246258,1.2276,1.2276425
2018-02-16 07:00:00,1.22701,1.22644,1.2264942,1.22575,1.2258544,1.22399,1.2238517,1.22476,1.2250421,1.2276,1.2276902,1.22564,1.2256689
2018-02-16 08:00:00,1.22644,1.22575,1.2257456,1.22399,1.2239954,1.22476,1.2247264,1.2276,1.2277062,1.22564,1.225644,1.22479,1.224845
2018-02-16 09:00:00,1.22575,1.22399,1.2238934,1.22476,1.2247145,1.2276,1.2276456,1.22564,1.2256882,1.22479,1.2248814,1.22255,1.2225177
2018-02-16 10:00:00,1.22399,1.22476,1.2246968,1.2276,1.2274636,1.22564,1.2256339,1.22479,1.2248255,1.22255,1.2225127,1.22137,1.2213244
2018-02-16 11:00:00,1.22476,1.2276,1.2275826,1.22564,1.225718,1.22479,1.2247618,1.22255,1.222644,1.22137,1.2213659,1.22283,1.2228489
2018-02-16 12:00:00,1.2276,1.22564,1.2256811,1.22479,1.2249639,1.22255,1.2224431,1.22137,1.2214769,1.22283,1.2228534,1.22308,1.2231171
2018-02-16 13:00:00,1.22564,1.22479,1.2249483,1.22255,1.22274,1.22137,1.2215693,1.22283,1.2231079,1.22308,1.2230158,1.22344,1.2235777
2018-02-16 14:00:00,1.22479,1.22255,1.2224765,1.22137,1.2215014,1.22283,1.2229342,1.22308,1.2231306,1.22344,1.2233675,1.2248499,1.2248505
2018-02-16 15:00:00,1.22255,1.22137,1.2213881,1.22283,1.2227808,1.22308,1.2230496,1.22344,1.2234428,1.2248499,1.2247005,1.22513,1.2250558
2018-02-16 16:00:00,1.22137,1.22283,1.222772,1.22308,1.222977,1.22344,1.2232993,1.2248499,1.2249388,1.22513,1.2249228,1.22517,1.2253224
2018-02-16 17:00:00,1.22283,1.22308,1.2230415,1.22344,1.2234595,1.2248499,1.2247787,1.22513,1.2253283,1.22517,1.2249895,1.22618,1.2260627
2018-02-16 18:00:00,1.22308,1.22344,1.2233895,1.2248499,1.2248428,1.22513,1.2250919,1.22517,1.2251058,1.22618,1.225961,1.22711,1.2269776
2018-02-16 19:00:00,1.22344,1.2248499,1.2247185,1.22513,1.2251842,1.22517,1.2251058,1.22618,1.2261571,1.22711,1.2270782,1.2283599,1.2282754
2018-02-16 20:00:00,1.2248499,1.22513,1.2250872,1.22517,1.2251492,1.22618,1.226058,1.22711,1.2271214,1.2283599,1.2282944,1.22862,1.2287028
2018-02-16 21:00:00,1.22513,1.22517,1.2251385,1.22618,1.2261165,1.22711,1.2270875,1.2283599,1.228229,1.22862,1.2286484,1.22857,1.2285502
2018-02-18 22:00:00,1.22517,1.22618,1.226124,1.22711,1.2270598,1.2283599,1.228527,1.22862,1.2288125,1.22857,1.2285986,1.22823,1.2280911
2018-02-18 23:00:00,1.22618,1.22711,1.2270468,1.2283599,1.2283945,1.22862,1.2284958,1.22857,1.2284983,1.22823,1.2280824,1.22896,1.2289684
2018-02-19 00:00:00,1.22711,1.2283599,1.2284311,1.22862,1.2286688,1.22857,1.2284456,1.22823,1.2283218,1.22896,1.229099,1.22688,1.2268381
2018-02-19 01:00:00,1.2283599,1.22862,1.2286183,1.22857,1.2286357,1.22823,1.2281433,1.22896,1.2290254,1.22688,1.2268856,1.22719,1.2272174
2018-02-19 02:00:00,1.22862,1.22857,1.2285694,1.22823,1.2282474,1.22896,1.228994,1.22688,1.226946,1.22719,1.2271144,1.22629,1.2263438
2018-02-19 03:00:00,1.22857,1.22823,1.2281803,1.22896,1.2289926,1.22688,1.2268829,1.22719,1.2273723,1.22629,1.2262129,1.2267799,1.2269279
2018-02-19 04:00:00,1.22823,1.22896,1.2289404,1.22688,1.2268751,1.22719,1.2272587,1.22629,1.2263662,1.2267799,1.2268221,1.22692,1.2269614
2018-02-19 05:00:00,1.22896,1.22688,1.2268715,1.22719,1.2271966,1.22629,1.2262603,1.2267799,1.2269098,1.22692,1.2269462,1.22617,1.2262198
2018-02-19 06:00:00,1.22688,1.22719,1.2271923,1.22629,1.2263335,1.2267799,1.2267923,1.22692,1.2270446,1.22617,1.2262022,1.22423,1.2241814
2018-02-19 07:00:00,1.22719,1.22629,1.2262514,1.2267799,1.2268448,1.22692,1.2269084,1.22617,1.2262559,1.22423,1.2242382,1.22622,1.2263646
2018-02-19 08:00:00,1.22629,1.2267799,1.2267886,1.22692,1.2268933,1.22617,1.2261791,1.22423,1.224325,1.22622,1.2262441,1.22759,1.2276053
2018-02-19 09:00:00,1.2267799,1.22692,1.2268959,1.22617,1.2262485,1.22423,1.2241775,1.22622,1.2264102,1.22759,1.2275803,1.22661,1.2266818
2018-02-19 10:00:00,1.22692,1.22617,1.2261553,1.22423,1.2245429,1.22622,1.2262425,1.22759,1.2276845,1.22661,1.2266062,1.22747,1.2275616
2018-02-19 11:00:00,1.22617,1.22423,1.2241697,1.22622,1.2262805,1.22759,1.227586,1.22661,1.2266752,1.22747,1.2275041,1.22824,1.2282209
2018-02-19 12:00:00,1.22423,1.22622,1.2262826,1.22759,1.227556,1.22661,1.2265723,1.22747,1.2274351,1.22824,1.2279284,1.22822,1.2282579
2018-02-19 13:00:00,1.22622,1.22759,1.2276052,1.22661,1.2266247,1.22747,1.2274657,1.22824,1.2283354,1.22822,1.2280577,1.2290599,1.2292047
2018-02-19 14:00:00,1.22759,1.22661,1.2265521,1.22747,1.2275224,1.22824,1.228244,1.22822,1.2283095,1.2290599,1.2291127,1.22885,1.2287997
2018-02-19 15:00:00,1.22661,1.22747,1.2273958,1.22824,1.2283239,1.22822,1.2281429,1.2290599,1.2289913,1.22885,1.2287469,1.22896,1.2289951
2018-02-19 16:00:00,1.22747,1.22824,1.2282366,1.22822,1.2282209,1.2290599,1.2289556,1.22885,1.2287887,1.22896,1.2288914,1.23002,1.2301351
2018-02-19 17:00:00,1.22824,1.22822,1.2281717,1.2290599,1.2290258,1.22885,1.228804,1.22896,1.2290187,1.23002,1.2300526,1.22857,1.2285792
2018-02-19 18:00:00,1.22822,1.2290599,1.2290684,1.22885,1.2288378,1.22896,1.2288702,1.23002,1.2301714,1.22857,1.2284784,1.22934,1.2294254
2018-02-19 19:00:00,1.2290599,1.22885,1.2288287,1.22896,1.2290114,1.23002,1.2300807,1.22857,1.228627,1.22934,1.2293752,1.22894,1.2289692
2018-02-19 20:00:00,1.22885,1.22896,1.2289412,1.23002,1.2301117,1.22857,1.2284727,1.22934,1.2294232,1.22894,1.2289147,1.22914,1.2292036
2018-02-19 21:00:00,1.22896,1.23002,1.2300516,1.22857,1.228612,1.22934,1.2292838,1.22894,1.2290422,1.22914,1.2290986,1.23038,1.2304416
2018-02-19 22:00:00,1.23002,1.22857,1.228549,1.22934,1.2293302,1.22894,1.2289212,1.22914,1.2292529,1.23038,1.2302948,1.23128,1.2312863
2018-02-19 23:00:00,1.22857,1.22934,1.2293714,1.22894,1.22897,1.22914,1.2290599,1.23038,1.2303817,1.23128,1.231211,1.23165,1.2316737
2018-02-20 00:00:00,1.22934,1.22894,1.2288889,1.22914,1.2291764,1.23038,1.2303184,1.23128,1.2313039,1.23165,1.2316271,1.23156,1.2314329
2018-02-20 01:00:00,1.22894,1.22914,1.2290552,1.23038,1.2303452,1.23128,1.2312802,1.23165,1.231644,1.23156,1.2313874,1.23208,1.2319766
2018-02-20 02:00:00,1.22914,1.23038,1.2303002,1.23128,1.231273,1.23165,1.2316568,1.23156,1.23155,1.23208,1.2318723,1.2313399,1.2313352
2018-02-20 03:00:00,1.23038,1.23128,1.2311536,1.23165,1.2317139,1.23156,1.2314435,1.23208,1.2320248,1.2313399,1.2311976,1.23479,1.2349627
2018-02-20 04:00:00,1.23128,1.23165,1.2316124,1.23156,1.2316171,1.23208,1.232035,1.2313399,1.2313895,1.23479,1.2346144,1.23383,1.233834
2018-02-20 05:00:00,1.23165,1.23156,1.2315499,1.23208,1.2320939,1.2313399,1.2311977,1.23479,1.2349417,1.23383,1.2336614,1.234,1.2340672
2018-02-20 06:00:00,1.23156,1.23208,1.2320888,1.2313399,1.2313664,1.23479,1.2346385,1.23383,1.2338257,1.234,1.2338859,1.23427,1.234297
2018-02-20 07:00:00,1.23208,1.2313399,1.2312837,1.23479,1.234934,1.23383,1.2337741,1.234,1.234097,1.23427,1.233954,1.23654,1.2365167
2018-02-20 08:00:00,1.2313399,1.23479,1.2348167,1.23383,1.2339561,1.234,1.2339768,1.23427,1.234313,1.23654,1.2364411,1.23572,1.2356975
2018-02-20 09:00:00,1.23479,1.23383,1.2337408,1.234,1.2340397,1.23427,1.2341937,1.23654,1.2366658,1.23572,1.2356141,1.23621,1.2362915
2018-02-20 10:00:00,1.23383,1.234,1.2340442,1.23427,1.2343361,1.23654,1.2364147,1.23572,1.2356762,1.23621,1.2361557,1.23527,1.2351844
2018-02-20 11:00:00,1.234,1.23427,1.2341669,1.23654,1.236345,1.23572,1.2356298,1.23621,1.2361907,1.23527,1.2351933,1.23472,1.2347358
2018-02-20 12:00:00,1.23427,1.23654,1.2364894,1.23572,1.2357546,1.23621,1.2360834,1.23527,1.2352648,1.23472,1.234634,1.23542,1.2354404
2018-02-20 13:00:00,1.23654,1.23572,1.2357113,1.23621,1.2362487,1.23527,1.2352024,1.23472,1.2348415,1.23542,1.2353567,1.23558,1.2355849
2018-02-20 14:00:00,1.23572,1.23621,1.2362263,1.23527,1.2353193,1.23472,1.2346461,1.23542,1.2355553,1.23558,1.2355795,1.23484,1.2349212
2018-02-20 15:00:00,1.23621,1.23527,1.2351965,1.23472,1.2346765,1.23542,1.2354293,1.23558,1.2357407,1.23484,1.2347857,1.23498,1.2350404
2018-02-20 16:00:00,1.23527,1.23472,1.2347393,1.23542,1.2354591,1.23558,1.2355618,1.23484,1.234902,1.23498,1.2349302,1.2353,1.2353163
2018-02-20 17:00:00,1.23472,1.23542,1.2353557,1.23558,1.2355831,1.23484,1.2347734,1.23498,1.2351043,1.2353,1.2352973,1.23511,1.2351408
2018-02-20 18:00:00,1.23542,1.23558,1.2355484,1.23484,1.2348905,1.23498,1.23495,1.2353,1.2354171,1.23511,1.2351071,1.23539,1.2354671
2018-02-20 19:00:00,1.23558,1.23484,1.2347637,1.23498,1.2350502,1.2353,1.2353106,1.23511,1.2352424,1.23539,1.2353787,1.23797,1.2381036
2018-02-20 20:00:00,1.23484,1.23498,1.2349682,1.2353,1.2353591,1.23511,1.2350913,1.23539,1.2355186,1.23797,1.2379547,1.2388899,1.2388546
2018-02-20 21:00:00,1.23498,1.2353,1.2353054,1.23511,1.235146,1.23539,1.2353162,1.23797,1.2379189,1.2388899,1.2387289,1.23763,1.2377336
2018-02-20 22:00:00,1.2353,1.23511,1.2350817,1.23539,1.2354021,1.23797,1.2378101,1.2388899,1.2389457,1.23763,1.2375196,1.2377601,1.237699
2018-02-20 23:00:00,1.23511,1.23539,1.235317,1.23797,1.2380615,1.2388899,1.2389439,1.23763,1.2374797,1.2377601,1.2374948,1.23721,1.2370565
2018-02-21 00:00:00,1.23539,1.23797,1.2377244,1.2388899,1.2386734,1.23763,1.2375685,1.2377601,1.2377903,1.23721,1.237056,1.23724,1.2373252
2018-02-21 01:00:00,1.23797,1.2388899,1.2388117,1.23763,1.2376704,1.2377601,1.2377495,1.23721,1.2373202,1.23724,1.237281,1.23652,1.2365804
2018-02-21 02:00:00,1.2388899,1.23763,1.2375896,1.2377601,1.237759,1.23721,1.2372693,1.23724,1.2373711,1.23652,1.2364564,1.23517,1.2352664
2018-02-21 03:00:00,1.23763,1.2377601,1.2377474,1.23721,1.2372427,1.23724,1.2372212,1.23652,1.2366196,1.23517,1.2350932,1.23558,1.2356023
2018-02-21 04:00:00,1.2377601,1.23721,1.2371944,1.23724,1.2372695,1.23652,1.2365558,1.23517,1.2351016,1.23558,1.235769,1.2341499,1.2343218
2018-02-21 05:00:00,1.23721,1.23724,1.2372235,1.23652,1.2365173,1.23517,1.2351054,1.23558,1.2357898,1.2341499,1.2340561,1.23424,1.2343245
2018-02-21 06:00:00,1.23724,1.23652,1.2365043,1.23517,1.2353024,1.23558,1.2357395,1.2341499,1.234231,1.23424,1.2343044,1.23041,1.2304062
2018-02-21 07:00:00,1.23652,1.23517,1.235096,1.23558,1.235605,1.2341499,1.2341135,1.23424,1.2342911,1.23041,1.2305156,1.23221,1.232384
2018-02-21 08:00:00,1.23517,1.23558,1.2356049,1.2341499,1.2341899,1.23424,1.2343202,1.23041,1.230978,1.23221,1.2321525,1.24026,1.2402353
2018-02-21 09:00:00,1.23558,1.2341499,1.2341636,1.23424,1.2343442,1.23041,1.2303214,1.23221,1.2324897,1.24026,1.2404488,1.23937,1.2396019
2018-02-21 10:00:00,1.2341499,1.23424,1.2342864,1.23041,1.2308303,1.23221,1.2322379,1.24026,1.2406609,1.23937,1.2391057,1.24168,1.2414637
2018-02-21 11:00:00,1.23424,1.23041,1.2307924,1.23221,1.2324035,1.24026,1.2403228,1.23937,1.2395301,1.24168,1.2414224,1.24239,1.2420728
2018-02-21 12:00:00,1.23041,1.23221,1.2322344,1.24026,1.2403598,1.23937,1.2384543,1.24168,1.2419217,1.24239,1.2416583,1.24364,1.2434354
2018-02-21 13:00:00,1.23221,1.24026,1.2398322,1.23937,1.2393097,1.24168,1.2411039,1.24239,1.2425578,1.24364,1.2434442,1.24631,1.2459003
2018-02-21 14:00:00,1.24026,1.23937,1.2391889,1.24168,1.2417216,1.24239,1.2421374,1.24364,1.2433684,1.24631,1.2462413,1.24467,1.2446009
2018-02-21 15:00:00,1.23937,1.24168,1.2415336,1.24239,1.2422945,1.24364,1.2431275,1.24631,1.2464077,1.24467,1.2443638,1.24528,1.2452946
2018-02-21 16:00:00,1.24168,1.24239,1.2423108,1.24364,1.2435771,1.24631,1.2459369,1.24467,1.2446675,1.24528,1.2449297,1.24676,1.2464503
2018-02-21 17:00:00,1.24239,1.24364,1.2434299,1.24631,1.2461947,1.24467,1.2444842,1.24528,1.2452106,1.24676,1.2464688,1.24523,1.2450942
2018-02-21 18:00:00,1.24364,1.24631,1.2461588,1.24467,1.2447143,1.24528,1.2450439,1.24676,1.246602,1.24523,1.2450274,1.24603,1.2460785
2018-02-21 19:00:00,1.24631,1.24467,1.2446272,1.24528,1.2453468,1.24676,1.2467821,1.24523,1.2453151,1.24603,1.2460426,1.24572,1.2457366
2018-02-21 20:00:00,1.24467,1.24528,1.2452627,1.24676,1.2467431,1.24523,1.245107,1.24603,1.2461865,1.24572,1.2456175,1.2459,1.2458631
2018-02-21 21:00:00,1.24528,1.24676,1.2468554,1.24523,1.2452953,1.24603,1.2459565,1.24572,1.2457765,1.2459,1.2458135,1.24562,1.2456086
2018-02-21 22:00:00,1.24676,1.24523,1.2452171,1.24603,1.2460738,1.24572,1.245688,1.2459,1.2459507,1.24562,1.245545,1.24648,1.2464503
2018-02-21 23:00:00,1.24523,1.24603,1.2459705,1.24572,1.2457069,1.2459,1.2457376,1.24562,1.2456218,1.24648,1.2462764,1.2467101,1.2466367
2018-02-22 00:00:00,1.24603,1.24572,1.2456558,1.2459,1.2458937,1.24562,1.2454556,1.24648,1.2465435,1.2467101,1.2465321,1.24999,1.2499889
2018-02-22 01:00:00,1.24572,1.2459,1.2458661,1.24562,1.2456214,1.24648,1.2463224,1.2467101,1.2467321,1.24999,1.2499084,1.24909,1.2489626
2018-02-22 02:00:00,1.2459,1.24562,1.2455628,1.24648,1.2465208,1.2467101,1.2465014,1.24999,1.2498771,1.24909,1.2489318,1.24867,1.248731
2018-02-22 03:00:00,1.24562,1.24648,1.2464006,1.2467101,1.246723,1.24999,1.2498809,1.24909,1.2488173,1.24867,1.2486008,1.24807,1.2479975
2018-02-22 04:00:00,1.24648,1.2467101,1.2465997,1.24999,1.2497449,1.24909,1.2490535,1.24867,1.2486961,1.24807,1.2479982,1.24712,1.2471688
2018-02-22 05:00:00,1.2467101,1.24999,1.2499082,1.24909,1.2489161,1.24867,1.2486464,1.24807,1.2480872,1.24712,1.24711,1.2475,1.2475885
2018-02-22 06:00:00,1.24999,1.24909,1.249017,1.24867,1.248785,1.24807,1.2482063,1.24712,1.2473714,1.2475,1.2477411,1.24729,1.2474178
2018-02-22 07:00:00,1.24909,1.24867,1.2487427,1.24807,1.2481632,1.24712,1.2471904,1.2475,1.2478329,1.24729,1.2471849,1.24974,1.2498783
2018-02-22 08:00:00,1.24867,1.24807,1.2480662,1.24712,1.247307,1.2475,1.2475933,1.24729,1.2474064,1.24974,1.2497168,1.24769,1.2476506
2018-02-22 09:00:00,1.24807,1.24712,1.2471262,1.2475,1.2475348,1.24729,1.2472541,1.24974,1.2497909,1.24769,1.2475917,1.24819,1.248258
2018-02-22 10:00:00,1.24712,1.2475,1.2474781,1.24729,1.2473304,1.24974,1.249665,1.24769,1.2476181,1.24819,1.2481132,1.24711,1.2470374
2018-02-22 11:00:00,1.2475,1.24729,1.2471963,1.24974,1.2496608,1.24769,1.2475207,1.24819,1.2482712,1.24711,1.2470213,1.2492499,1.2492926
2018-02-22 12:00:00,1.24729,1.24974,1.2496613,1.24769,1.2475679,1.24819,1.2480808,1.24711,1.2471582,1.2492499,1.2492299,1.25075,1.2508187
2018-02-22 13:00:00,1.24974,1.24769,1.2477733,1.24819,1.2483335,1.24711,1.2470766,1.2492499,1.2493718,1.25075,1.2507195,1.25041,1.2504348
2018-02-22 14:00:00,1.24769,1.24819,1.2481947,1.24711,1.2471559,1.2492499,1.2493024,1.25075,1.2506719,1.25041,1.2504367,1.25027,1.2502803
2018-02-22 15:00:00,1.24819,1.24711,1.2470351,1.2492499,1.2492713,1.25075,1.2507081,1.25041,1.2502444,1.25027,1.2501973,1.2499499,1.2500178
2018-02-22 16:00:00,1.24711,1.2492499,1.2492332,1.25075,1.2508222,1.25041,1.2502917,1.25027,1.250241,1.2499499,1.2498367,1.25019,1.2500765
2018-02-22 17:00:00,1.2492499,1.25075,1.250608,1.25041,1.2504749,1.25027,1.2501447,1.2499499,1.2500794,1.25019,1.2501812,1.25047,1.2505614
2018-02-22 18:00:00,1.25075,1.25041,1.2503977,1.25027,1.2503079,1.2499499,1.2499088,1.25019,1.2503016,1.25047,1.2505022,1.25134,1.2513995
2018-02-22 19:00:00,1.25041,1.25027,1.2502275,1.2499499,1.250011,1.25019,1.2502226,1.25047,1.2506317,1.25134,1.2512743,1.25387,1.2541006
2018-02-22 20:00:00,1.25027,1.2499499,1.2499456,1.25019,1.2502153,1.25047,1.2504236,1.25134,1.2514111,1.25387,1.2539557,1.25391,1.2538527
2018-02-22 21:00:00,1.2499499,1.25019,1.2501435,1.25047,1.2504532,1.25134,1.251202,1.25387,1.253927,1.25391,1.2536619,1.2548,1.254981
2018-02-22 22:00:00,1.25019,1.25047,1.2504225,1.25134,1.2513174,1.25387,1.2538961,1.25391,1.253792,1.2548,1.2548276,1.25483,1.2548275
2018-02-22 23:00:00,1.25047,1.25134,1.2512281,1.25387,1.2538602,1.25391,1.2535558,1.2548,1.254767,1.25483,1.2547752,1.25374,1.253616
2018-02-23 00:00:00,1.25134,1.25387,1.253782,1.25391,1.253509,1.2548,1.2546655,1.25483,1.2548974,1.25374,1.253624,1.25284,1.2528828
2018-02-23 01:00:00,1.25387,1.25391,1.2538353,1.2548,1.2547063,1.25483,1.2547361,1.25374,1.2537881,1.25284,1.2528026,1.25334,1.2534101
2018-02-23 02:00:00,1.25391,1.2548,1.2547067,1.25483,1.254829,1.25374,1.2536993,1.25284,1.252964,1.25334,1.253351,1.25271,1.2527425
2018-02-23 03:00:00,1.2548,1.25483,1.254798,1.25374,1.2538489,1.25284,1.2528344,1.25334,1.2535449,1.25271,1.2528577,1.24871,1.2489204
2018-02-23 04:00:00,1.25483,1.25374,1.2538768,1.25284,1.2527368,1.25334,1.2534859,1.25271,1.2529674,1.24871,1.2490437,1.24818,1.2484387
2018-02-23 05:00:00,1.25374,1.25284,1.2528679,1.25334,1.2534387,1.25271,1.2528164,1.24871,1.2489134,1.24818,1.2484334,1.24729,1.2475281
2018-02-23 06:00:00,1.25284,1.25334,1.2533247,1.25271,1.2527711,1.24871,1.2486584,1.24818,1.248832,1.24729,1.2476072,1.2452,1.2452878
2018-02-23 07:00:00,1.25334,1.25271,1.2528133,1.24871,1.2489603,1.24818,1.2480681,1.24729,1.2475821,1.2452,1.245225,1.24426,1.2444237
2018-02-23 08:00:00,1.25271,1.24871,1.2488794,1.24818,1.2482882,1.24729,1.2473382,1.2452,1.2455001,1.24426,1.2443765,1.24473,1.2447572
2018-02-23 09:00:00,1.24871,1.24818,1.2482027,1.24729,1.2473912,1.2452,1.2451787,1.24426,1.2446364,1.24473,1.2449393,1.24401,1.2442387
2018-02-23 10:00:00,1.24818,1.24729,1.2472937,1.2452,1.2451308,1.24426,1.2443385,1.24473,1.2450988,1.24401,1.2441549,1.24397,1.2440262
2018-02-23 11:00:00,1.24729,1.2452,1.2452025,1.24426,1.2441479,1.24473,1.2447945,1.24401,1.2442749,1.24397,1.2439783,1.24113,1.2410687
2018-02-23 12:00:00,1.2452,1.24426,1.2443205,1.24473,1.2448355,1.24401,1.2440562,1.24397,1.2440882,1.24113,1.2410532,1.2415199,1.2415174
2018-02-23 13:00:00,1.24426,1.24473,1.2447006,1.24401,1.24404,1.24397,1.244085,1.24113,1.241133,1.2415199,1.2416816,1.24055,1.2407238
2018-02-23 14:00:00,1.24473,1.24401,1.2439888,1.24397,1.2440691,1.24113,1.2412639,1.2415199,1.2415677,1.24055,1.2405771,1.24069,1.2405621
2018-02-23 15:00:00,1.24401,1.24397,1.2439957,1.24113,1.2412497,1.2415199,1.2417414,1.24055,1.2407157,1.24069,1.2406566,1.24142,1.2416097
2018-02-23 16:00:00,1.24397,1.24113,1.2411853,1.2415199,1.2417711,1.24055,1.2406104,1.24069,1.240748,1.24142,1.2414266,1.24115,1.2411458
2018-02-23 17:00:00,1.24113,1.2415199,1.2415063,1.24055,1.2405734,1.24069,1.2407404,1.24142,1.2415082,1.24115,1.2410975,1.24221,1.2422726
2018-02-23 18:00:00,1.2415199,1.24055,1.2405524,1.24069,1.2407656,1.24142,1.2414784,1.24115,1.241214,1.24221,1.2421341,1.24333,1.243181
2018-02-23 19:00:00,1.24055,1.24069,1.2406462,1.24142,1.241437,1.24115,1.2410903,1.24221,1.2421904,1.24333,1.2433981,1.24234,1.2422456
2018-02-23 20:00:00,1.24069,1.24142,1.2413734,1.24115,1.2411804,1.24221,1.2421156,1.24333,1.2432005,1.24234,1.2422808,1.24205,1.2419946
2018-02-23 21:00:00,1.24142,1.24115,1.2410955,1.24221,1.242188,1.24333,1.2432222,1.24234,1.242264,1.24205,1.24195,1.24151,1.2414073
2018-02-25 22:00:00,1.24115,1.24221,1.2421007,1.24333,1.2434492,1.24234,1.2421855,1.24205,1.2420858,1.24151,1.241453,1.24087,1.2408395
2018-02-25 23:00:00,1.24221,1.24333,1.2433063,1.24234,1.2423596,1.24205,1.2420264,1.24151,1.2415797,1.24087,1.2409328,1.24157,1.2416021
2018-02-26 00:00:00,1.24333,1.24234,1.2422686,1.24205,1.2421237,1.24151,1.2415291,1.24087,1.2411362,1.24157,1.2417188,1.24114,1.2411945
2018-02-26 01:00:00,1.24234,1.24205,1.2420514,1.24151,1.241497,1.24087,1.2408719,1.24157,1.2416667,1.24114,1.2411463,1.23965,1.2397819
2018-02-26 02:00:00,1.24205,1.24151,1.2415011,1.24087,1.2409443,1.24157,1.2416141,1.24114,1.2412729,1.23965,1.2396574,1.2409999,1.2410442
2018-02-26 03:00:00,1.24151,1.24087,1.2408156,1.24157,1.2416062,1.24114,1.2412021,1.23965,1.2397547,1.2409999,1.2409896,1.24246,1.2424458
2018-02-26 04:00:00,1.24087,1.24157,1.2415699,1.24114,1.2412007,1.23965,1.2395414,1.2409999,1.2411205,1.24246,1.2424004,1.2423,1.2422203
2018-02-26 05:00:00,1.24157,1.24114,1.2411236,1.23965,1.2396992,1.2409999,1.2409345,1.24246,1.2425344,1.2423,1.2422875,1.24058,1.2405721
2018-02-26 06:00:00,1.24114,1.23965,1.2396169,1.2409999,1.2410303,1.24246,1.2423991,1.2423,1.2423401,1.24058,1.240616,1.23725,1.2371897
2018-02-26 07:00:00,1.23965,1.2409999,1.2409108,1.24246,1.242148,1.2423,1.2423258,1.24058,1.2405604,1.23725,1.2371863,1.23739,1.2373031
2018-02-26 08:00:00,1.2409999,1.24246,1.2423652,1.2423,1.2423017,1.24058,1.2405622,1.23725,1.2371517,1.23739,1.2373676,1.2396,1.239545
2018-02-26 09:00:00,1.24246,1.2423,1.2422959,1.24058,1.2404555,1.23725,1.2371929,1.23739,1.2379444,1.2396,1.2395368,1.24072,1.2408223
2018-02-26 10:00:00,1.2423,1.24058,1.2407598,1.23725,1.2375187,1.23739,1.2374582,1.2396,1.2396839,1.24072,1.2406818,1.24126,1.2412496
2018-02-26 11:00:00,1.24058,1.23725,1.237196,1.23739,1.2376047,1.2396,1.2395892,1.24072,1.2408202,1.24126,1.2411541,1.2408,1.2407593
2018-02-26 12:00:00,1.23725,1.23739,1.2373298,1.2396,1.2394488,1.24072,1.2404854,1.24126,1.2413787,1.2408,1.2406552,1.24068,1.2405607
2018-02-26 13:00:00,1.23739,1.2396,1.2393912,1.24072,1.2405509,1.24126,1.241201,1.2408,1.2407072,1.24068,1.2406299,1.24053,1.2403512
2018-02-26 14:00:00,1.2396,1.24072,1.2406374,1.24126,1.2412211,1.2408,1.240716,1.24068,1.2406641,1.24053,1.2405026,1.2405,1.24044
2018-02-26 15:00:00,1.24072,1.24126,1.2412217,1.2408,1.2408197,1.24068,1.2406107,1.24053,1.2405862,1.2405,1.240419,1.24055,1.2405307
2018-02-26 16:00:00,1.24126,1.2408,1.2407533,1.24068,1.2407475,1.24053,1.2405282,1.2405,1.2405577,1.24055,1.2405555,1.24,1.2400384
2018-02-26 17:00:00,1.2408,1.24068,1.2406504,1.24053,1.2405249,1.2405,1.2404664,1.24055,1.2406137,1.24,1.2399406,1.24057,1.2405478
2018-02-26 18:00:00,1.24068,1.24053,1.2404763,1.2405,1.2405189,1.24055,1.2405318,1.24,1.2400563,1.24057,1.2405277,1.23934,1.2392759
2018-02-26 19:00:00,1.24053,1.2405,1.2404484,1.24055,1.2405427,1.24,1.2399275,1.24057,1.2406397,1.23934,1.2393374,1.2384601,1.2384633
2018-02-26 20:00:00,1.2405,1.24055,1.2405652,1.24,1.2400466,1.24057,1.2405484,1.23934,1.2395047,1.2384601,1.238503,1.23849,1.2384356
2018-02-26 21:00:00,1.24055,1.24,1.2399721,1.24057,1.2405862,1.23934,1.2392995,1.2384601,1.238614,1.23849,1.238465,1.23868,1.2386574
2018-02-26 22:00:00,1.24,1.24057,1.240562,1.23934,1.2393626,1.2384601,1.2383258,1.23849,1.238652,1.23868,1.2386208,1.2384,1.2384391
2018-02-26 23:00:00,1.24057,1.23934,1.2394032,1.2384601,1.238483,1.23849,1.2383566,1.23868,1.2388686,1.2384,1.2384439,1.2377,1.2376437
2018-02-27 00:00:00,1.23934,1.2384601,1.2385092,1.23849,1.2385377,1.23868,1.2386969,1.2384,1.2384568,1.2377,1.2377155,1.23595,1.2359886
2018-02-27 01:00:00,1.2384601,1.23849,1.2384279,1.23868,1.2386822,1.2384,1.2383794,1.2377,1.2377384,1.23595,1.2360364,1.23587,1.2358601
2018-02-27 02:00:00,1.23849,1.23868,1.2386198,1.2384,1.2384014,1.2377,1.2377359,1.23595,1.2360212,1.23587,1.2360859,1.23435,1.2342464
2018-02-27 03:00:00,1.23868,1.2384,1.2383496,1.2377,1.237802,1.23595,1.2360113,1.23587,1.2360489,1.23435,1.2344356,1.23396,1.2341473
2018-02-27 04:00:00,1.2384,1.2377,1.237703,1.23595,1.2360908,1.23587,1.2357602,1.23435,1.2343719,1.23396,1.2339677,1.23476,1.234752
2018-02-27 05:00:00,1.2377,1.23595,1.2358891,1.23587,1.2360175,1.23435,1.2342995,1.23396,1.2342038,1.23476,1.2347674,1.23458,1.2345533
2018-02-27 06:00:00,1.23595,1.23587,1.2358978,1.23435,1.2344557,1.23396,1.234041,1.23476,1.2348404,1.23458,1.2346417,1.23252,1.2325147
2018-02-27 07:00:00,1.23587,1.23435,1.2343905,1.23396,1.2339152,1.23476,1.2348075,1.23458,1.234647,1.23252,1.2325745,1.23452,1.2345738
2018-02-27 08:00:00,1.23435,1.23396,1.2338951,1.23476,1.2347466,1.23458,1.2345887,1.23252,1.232607,1.23452,1.2345152,1.23399,1.2339355
2018-02-27 09:00:00,1.23396,1.23476,1.2347125,1.23458,1.2345695,1.23252,1.2324476,1.23452,1.2346393,1.23399,1.2339485,1.23476,1.2348337
2018-02-27 10:00:00,1.23476,1.23458,1.2345983,1.23252,1.2326115,1.23452,1.2345779,1.23399,1.2340864,1.23476,1.2347734,1.23439,1.2343699
2018-02-27 11:00:00,1.23458,1.23252,1.2325191,1.23452,1.2345659,1.23399,1.23401,1.23476,1.2347957,1.23439,1.2343264,1.23394,1.2338966
2018-02-27 12:00:00,1.23252,1.23452,1.2346213,1.23399,1.2338636,1.23476,1.2347165,1.23439,1.2344486,1.23394,1.2338978,1.23348,1.2334515
2018-02-27 13:00:00,1.23452,1.23399,1.233897,1.23476,1.2347559,1.23439,1.2344011,1.23394,1.2339771,1.23348,1.2334604,1.23353,1.2334938
2018-02-27 14:00:00,1.23399,1.23476,1.2347825,1.23439,1.2343637,1.23394,1.2339252,1.23348,1.2335073,1.23353,1.2335393,1.2335,1.2335118
2018-02-27 15:00:00,1.23476,1.23439,1.234356,1.23394,1.2340361,1.23348,1.233476,1.23353,1.2336007,1.2335,1.2335835,1.23341,1.2334865
2018-02-27 16:00:00,1.23439,1.23394,1.2339308,1.23348,1.2334803,1.23353,1.2335565,1.2335,1.2335483,1.23341,1.2333726,1.2334499,1.2334174
2018-02-27 17:00:00,1.23394,1.23348,1.2335069,1.23353,1.2335346,1.2335,1.2334988,1.23341,1.2334728,1.2334499,1.2333827,1.23346,1.2334275
2018-02-27 18:00:00,1.23348,1.23353,1.2335254,1.2335,1.2335219,1.23341,1.233376,1.2334499,1.2334933,1.23346,1.2334396,1.23366,1.2336489
2018-02-27 19:00:00,1.23353,1.2335,1.2334584,1.23341,1.2334294,1.2334499,1.2334296,1.23346,1.2335265,1.23366,1.2336339,1.23333,1.233306
2018-02-27 20:00:00,1.2335,1.23341,1.2333846,1.2334499,1.2334715,1.23346,1.2334073,1.23366,1.2337176,1.23333,1.2332957,1.23299,1.2329879
2018-02-27 21:00:00,1.23341,1.2334499,1.2334179,1.23346,1.233481,1.23366,1.2336508,1.23333,1.2333766,1.23299,1.2329867,1.23216,1.232126
2018-02-27 22:00:00,1.2334499,1.23346,1.2334428,1.23366,1.233676,1.23333,1.2332903,1.23299,1.2330241,1.23216,1.2321066,1.23223,1.2321972
2018-02-27 23:00:00,1.23346,1.23366,1.2336477,1.23333,1.2333647,1.23299,1.2329786,1.23216,1.2322129,1.23223,1.2322462,1.23351,1.2334822
2018-02-28 00:00:00,1.23366,1.23333,1.2332971,1.23299,1.2330034,1.23216,1.2321157,1.23223,1.2323892,1.23351,1.233531,1.2315099,1.2313598
2018-02-28 01:00:00,1.23333,1.23299,1.2329915,1.23216,1.2321872,1.23223,1.2321463,1.23351,1.2335643,1.2315099,1.2314539,1.23159,1.2315991
2018-02-28 02:00:00,1.23299,1.23216,1.2321246,1.23223,1.2322543,1.23351,1.2335554,1.2315099,1.231636,1.23159,1.2314847,1.23328,1.2332603
2018-02-28 03:00:00,1.23216,1.23223,1.2322195,1.23351,1.2335813,1.2315099,1.2314516,1.23159,1.2317041,1.23328,1.2332922,1.23262,1.2326106
2018-02-28 04:00:00,1.23223,1.23351,1.2334172,1.2315099,1.2315712,1.23159,1.2315338,1.23328,1.2333007,1.23262,1.2325599,1.23154,1.2315233
2018-02-28 05:00:00,1.23351,1.2315099,1.2315955,1.23159,1.2317343,1.23328,1.2333136,1.23262,1.2326647,1.23154,1.2315161,1.23045,1.2306964
2018-02-28 06:00:00,1.2315099,1.23159,1.2315732,1.23328,1.2333319,1.23262,1.2325686,1.23154,1.231559,1.23045,1.2303557,1.23199,1.2319512
2018-02-28 07:00:00,1.23159,1.23328,1.2331865,1.23262,1.2326658,1.23154,1.2314979,1.23045,1.230516,1.23199,1.2319503,1.23227,1.2322146
2018-02-28 08:00:00,1.23328,1.23262,1.2326446,1.23154,1.2316645,1.23045,1.2306424,1.23199,1.2320977,1.23227,1.232251,1.23188,1.2318585
2018-02-28 09:00:00,1.23262,1.23154,1.2315972,1.23045,1.2305517,1.23199,1.2319984,1.23227,1.2323302,1.23188,1.2318615,1.23145,1.2313911
2018-02-28 10:00:00,1.23154,1.23045,1.2303656,1.23199,1.2319678,1.23227,1.2321864,1.23188,1.2319101,1.23145,1.2313006,1.23266,1.2325711
2018-02-28 11:00:00,1.23045,1.23199,1.2318146,1.23227,1.2322565,1.23188,1.2317982,1.23145,1.2314535,1.23266,1.232565,1.23208,1.2319765
2018-02-28 12:00:00,1.23199,1.23227,1.2322094,1.23188,1.231901,1.23145,1.2313881,1.23266,1.2326778,1.23208,1.2320597,1.23018,1.2301917
2018-02-28 13:00:00,1.23227,1.23188,1.2318871,1.23145,1.2314919,1.23266,1.2326384,1.23208,1.2321266,1.23018,1.2302496,1.2289801,1.229142
2018-02-28 14:00:00,1.23188,1.23145,1.2313924,1.23266,1.2327099,1.23208,1.2320812,1.23018,1.2302885,1.2289801,1.2289782,1.22813,1.228186
2018-02-28 15:00:00,1.23145,1.23266,1.2326164,1.23208,1.232078,1.23018,1.2301531,1.2289801,1.2290816,1.22813,1.2282408,1.22748,1.2276213
2018-02-28 16:00:00,1.23266,1.23208,1.232057,1.23018,1.2304108,1.2289801,1.2289977,1.22813,1.228413,1.22748,1.2275027,1.22796,1.2281258
2018-02-28 17:00:00,1.23208,1.23018,1.2303267,1.2289801,1.2289546,1.22813,1.2282856,1.22748,1.2275388,1.22796,1.228119,1.2271299,1.2271061
2018-02-28 18:00:00,1.23018,1.2289801,1.2290229,1.22813,1.228168,1.22748,1.2275121,1.22796,1.2280635,1.2271299,1.2271607,1.22784,1.2278937
2018-02-28 19:00:00,1.2289801,1.22813,1.2281451,1.22748,1.2275807,1.22796,1.2280259,1.2271299,1.227237,1.22784,1.2278252,1.22792,1.2278755
2018-02-28 20:00:00,1.22813,1.22748,1.2274674,1.22796,1.2279729,1.2271299,1.2270879,1.22784,1.2279019,1.22792,1.2278659,1.22763,1.2275869
2018-02-28 21:00:00,1.22748,1.22796,1.2279595,1.2271299,1.2271931,1.22784,1.2277888,1.22792,1.2279502,1.22763,1.2276043,1.22726,1.2272232
2018-02-28 22:00:00,1.22796,1.2271299,1.2271394,1.22784,1.2278649,1.22792,1.2278932,1.22763,1.2276477,1.22726,1.227192,1.22743,1.2273965
2018-02-28 23:00:00,1.2271299,1.22784,1.2278075,1.22792,1.2279088,1.22763,1.2276224,1.22726,1.2272615,1.22743,1.2273844,1.22654,1.2265332
2018-03-01 00:00:00,1.22784,1.22792,1.2278707,1.22763,1.2276483,1.22726,1.2272589,1.22743,1.2274964,1.22654,1.2265066,1.22728,1.227323
2018-03-01 01:00:00,1.22792,1.22763,1.2276157,1.22726,1.2272931,1.22743,1.2274388,1.22654,1.2265477,1.22728,1.2272431,1.22834,1.2283124
2018-03-01 02:00:00,1.22763,1.22726,1.2271967,1.22743,1.227455,1.22654,1.2265615,1.22728,1.2273858,1.22834,1.2282681,1.22935,1.2293171
2018-03-01 03:00:00,1.22726,1.22743,1.2274499,1.22654,1.2265066,1.22728,1.2272663,1.22834,1.2284812,1.22935,1.229151,1.22896,1.2289097
2018-03-01 04:00:00,1.22743,1.22654,1.2265332,1.22728,1.2272968,1.22834,1.2282894,1.22935,1.2293618,1.22896,1.2288936,1.22856,1.2285473
2018-03-01 05:00:00,1.22654,1.22728,1.2272729,1.22834,1.2282459,1.22935,1.2293237,1.22896,1.2288527,1.22856,1.2285677,1.22686,1.226821
2018-03-01 06:00:00,1.22728,1.22834,1.2282721,1.22935,1.2292447,1.22896,1.2288748,1.22856,1.2285067,1.22686,1.2267048,1.23128,1.2311409
2018-03-01 07:00:00,1.22834,1.22935,1.2292751,1.22896,1.2289817,1.22856,1.2285309,1.22686,1.2268515,1.23128,1.2312303,1.23269,1.2327342
2018-03-01 08:00:00,1.22935,1.22896,1.2289408,1.22856,1.2286463,1.22686,1.2267525,1.23128,1.231455,1.23269,1.232831,1.2321,1.2321738
2018-03-01 09:00:00,1.22896,1.22856,1.2285777,1.22686,1.2269602,1.23128,1.2312627,1.23269,1.2326511,1.2321,1.2319546,1.23248,1.2324669
2018-03-01 10:00:00,1.22856,1.22686,1.226674,1.23128,1.2311785,1.23269,1.2324946,1.2321,1.2322346,1.23248,1.2323399,1.23359,1.233387
2018-03-01 11:00:00,1.22686,1.23128,1.2313796,1.23269,1.2325066,1.2321,1.2321321,1.23248,1.2325016,1.23359,1.2334347,1.23241,1.232429
2018-03-01 12:00:00,1.23128,1.23269,1.2326521,1.2321,1.2320199,1.23248,1.2323749,1.23359,1.2337992,1.23241,1.2323536,1.23303,1.2330804
2018-03-01 13:00:00,1.23269,1.2321,1.2321279,1.23248,1.2324932,1.23359,1.2335446,1.23241,1.2324555,1.23303,1.2330127,1.23246,1.2324442
2018-03-01 14:00:00,1.2321,1.23248,1.2324374,1.23359,1.2336338,1.23241,1.2323158,1.23303,1.2331114,1.23246,1.2323602,1.23281,1.2328495
2018-03-01 15:00:00,1.23248,1.23359,1.2335969,1.23241,1.2323761,1.23303,1.2329588,1.23246,1.2324792,1.23281,1.2327318,1.23293,1.2329264
2018-03-01 16:00:00,1.23359,1.23241,1.2323895,1.23303,1.233092,1.23246,1.2324847,1.23281,1.2328744,1.23293,1.2328918,1.23248,1.2325006
2018-03-01 17:00:00,1.23241,1.23303,1.2330581,1.23246,1.2324845,1.23281,1.2327247,1.23293,1.2330071,1.23248,1.2324234,1.23264,1.2326759
2018-03-01 18:00:00,1.23303,1.23246,1.2324357,1.23281,1.2328577,1.23293,1.2329156,1.23248,1.2325679,1.23264,1.2325872,1.23246,1.2324619
2018-03-01 19:00:00,1.23246,1.23281,1.2327787,1.23293,1.2329245,1.23248,1.2324295,1.23264,1.2326946,1.23246,1.2324096,1.23129,1.2312739
2018-03-01 20:00:00,1.23281,1.23293,1.2328932,1.23248,1.2325226,1.23264,1.2325917,1.23246,1.2325271,1.23129,1.2312899,1.2306399,1.2306571
2018-03-01 21:00:00,1.23293,1.23248,1.2324345,1.23264,1.2326142,1.23246,1.2324139,1.23129,1.2312512,1.2306399,1.2305926,1.23008,1.230001
2018-03-01 22:00:00,1.23248,1.23264,1.2326322,1.23246,1.2324762,1.23129,1.2312543,1.2306399,1.2306958,1.23008,1.2300241,1.2302,1.2301311
2018-03-01 23:00:00,1.23264,1.23246,1.2324915,1.23129,1.2313704,1.2306399,1.2305923,1.23008,1.230199,1.2302,1.2303896,1.22929,1.2291554
2018-03-02 00:00:00,1.23246,1.23129,1.2312213,1.2306399,1.2306869,1.23008,1.230169,1.2302,1.2303191,1.22929,1.2291658,1.22944,1.2293553
2018-03-02 01:00:00,1.23129,1.2306399,1.2306284,1.23008,1.2301883,1.2302,1.2301888,1.22929,1.2293223,1.22944,1.2293466,1.23171,1.2316877
2018-03-02 02:00:00,1.2306399,1.23008,1.2300626,1.2302,1.2302324,1.22929,1.2292598,1.22944,1.2296505,1.23171,1.2317206,1.23063,1.2306013
2018-03-02 03:00:00,1.23008,1.2302,1.2302299,1.22929,1.2293167,1.22944,1.229347,1.23171,1.2317877,1.23063,1.2305409,1.23007,1.2301152
2018-03-02 04:00:00,1.2302,1.22929,1.2293462,1.22944,1.2294266,1.23171,1.2317413,1.23063,1.230662,1.23007,1.2300651,1.2306,1.2306424
2018-03-02 05:00:00,1.22929,1.22944,1.229351,1.23171,1.2316059,1.23063,1.230584,1.23007,1.2301333,1.2306,1.230631,1.2297599,1.229749
2018-03-02 06:00:00,1.22944,1.23171,1.231725,1.23063,1.2305696,1.23007,1.2300247,1.2306,1.2306447,1.2297599,1.2296957,1.22975,1.2297802
2018-03-02 07:00:00,1.23171,1.23063,1.2306595,1.23007,1.2300788,1.2306,1.2306851,1.2297599,1.2299005,1.22975,1.2298546,1.23035,1.2303619
2018-03-02 08:00:00,1.23063,1.23007,1.2301035,1.2306,1.2306471,1.2297599,1.2297443,1.22975,1.2298343,1.23035,1.2303435,1.22987,1.2298934
2018-03-02 09:00:00,1.23007,1.2306,1.2305665,1.2297599,1.2298254,1.22975,1.2297289,1.23035,1.2304174,1.22987,1.229834,1.22965,1.2296971
2018-03-02 10:00:00,1.2306,1.2297599,1.2296857,1.22975,1.2297442,1.23035,1.230376,1.22987,1.2299352,1.22965,1.2296529,1.23057,1.2305976
2018-03-02 11:00:00,1.2297599,1.22975,1.2297052,1.23035,1.2303001,1.22987,1.22983,1.22965,1.2297182,1.23057,1.230648,1.22935,1.229361
2018-03-02 12:00:00,1.22975,1.23035,1.230377,1.22987,1.2298788,1.22965,1.2295773,1.23057,1.2306746,1.22935,1.2293513,1.22952,1.2295786
2018-03-02 13:00:00,1.23035,1.22987,1.2298025,1.22965,1.2296572,1.23057,1.23063,1.22935,1.2294714,1.22952,1.229555,1.22934,1.2294052
2018-03-02 14:00:00,1.22987,1.22965,1.2296486,1.23057,1.2306254,1.22935,1.2293556,1.22952,1.2296286,1.22934,1.2293491,1.22916,1.2291772
2018-03-02 15:00:00,1.22965,1.23057,1.2305921,1.22935,1.2293994,1.22952,1.2295296,1.22934,1.2294326,1.22916,1.2291901,1.22874,1.228793
2018-03-02 16:00:00,1.23057,1.22935,1.2292649,1.22952,1.229582,1.22934,1.2293607,1.22916,1.22924,1.22874,1.228888,1.22879,1.2288575
2018-03-02 17:00:00,1.22935,1.22952,1.2295084,1.22934,1.2293708,1.22916,1.2291646,1.22874,1.2288586,1.22879,1.2287819,1.22895,1.2290212
2018-03-02 18:00:00,1.22952,1.22934,1.2293024,1.22916,1.2291934,1.22874,1.2287775,1.22879,1.2289109,1.22895,1.228978,1.22974,1.2298236
2018-03-02 19:00:00,1.22934,1.22916,1.2291434,1.22874,1.2288532,1.22879,1.2288065,1.22895,1.229074,1.22974,1.2297425,1.23142,1.2314768
2018-03-02 20:00:00,1.22916,1.22874,1.2287749,1.22879,1.2288556,1.22895,1.2289386,1.22974,1.2298716,1.23142,1.231377,1.2309899,1.2310431
2018-03-02 21:00:00,1.22874,1.22879,1.228761,1.22895,1.2289606,1.22974,1.2297156,1.23142,1.2313994,1.2309899,1.2309669,1.23118,1.2312101
2018-03-04 22:00:00,1.22879,1.22895,1.2289047,1.22974,1.2297271,1.23142,1.2313982,1.2309899,1.2311375,1.23118,1.2310483,1.23274,1.2326682
2018-03-04 23:00:00,1.22895,1.22974,1.2297405,1.23142,1.231195,1.2309899,1.2308009,1.23118,1.2311438,1.23274,1.2326304,1.23299,1.2328995
2018-03-05 00:00:00,1.22974,1.23142,1.2314059,1.2309899,1.2308505,1.23118,1.2310197,1.23274,1.2327539,1.23299,1.2329206,1.23194,1.2319033
2018-03-05 01:00:00,1.23142,1.2309899,1.2309649,1.23118,1.2311964,1.23274,1.232763,1.23299,1.2329636,1.23194,1.2318723,1.23189,1.2319026
2018-03-05 02:00:00,1.2309899,1.23118,1.2311392,1.23274,1.2327037,1.23299,1.2329566,1.23194,1.231925,1.23189,1.2317452,1.23425,1.2342052
2018-03-05 03:00:00,1.23118,1.23274,1.2325363,1.23299,1.2329241,1.23194,1.2317894,1.23189,1.231916,1.23425,1.2342455,1.23449,1.2344564
2018-03-05 04:00:00,1.23274,1.23299,1.2329772,1.23194,1.2319107,1.23189,1.2318399,1.23425,1.2342987,1.23449,1.234389,1.2335,1.2334813
2018-03-05 05:00:00,1.23299,1.23194,1.2318798,1.23189,1.23191,1.23425,1.2342154,1.23449,1.2345406,1.2335,1.233396,1.2320399,1.2320182
2018-03-05 06:00:00,1.23194,1.23189,1.2318542,1.23425,1.2341794,1.23449,1.2345926,1.2335,1.2334619,1.2320399,1.2320285,1.23037,1.2303859
2018-03-05 07:00:00,1.23189,1.23425,1.2341577,1.23449,1.2345072,1.2335,1.233383,1.2320399,1.2320935,1.23037,1.2303712,1.23032,1.2303395
2018-03-05 08:00:00,1.23425,1.23449,1.2344469,1.2335,1.2335182,1.2320399,1.2320602,1.23037,1.2306036,1.23032,1.2304689,1.22894,1.2291887
2018-03-05 09:00:00,1.23449,1.2335,1.2335784,1.2320399,1.2320678,1.23037,1.2304653,1.23032,1.2304534,1.22894,1.2289648,1.22945,1.2295852
2018-03-05 10:00:00,1.2335,1.2320399,1.2320242,1.23037,1.2306485,1.23032,1.230355,1.22894,1.2290509,1.22945,1.2296782,1.23073,1.2308159
2018-03-05 11:00:00,1.2320399,1.23037,1.2304816,1.23032,1.2304776,1.22894,1.22898,1.22945,1.2297299,1.23073,1.2307876,1.23095,1.231031
2018-03-05 12:00:00,1.23037,1.23032,1.2303333,1.22894,1.2290258,1.22945,1.2293932,1.23073,1.2308636,1.23095,1.2309036,1.23112,1.2311571
2018-03-05 13:00:00,1.23032,1.22894,1.2291152,1.22945,1.2294996,1.23073,1.2307309,1.23095,1.2309825,1.23112,1.231072,1.23128,1.2312872
2018-03-05 14:00:00,1.22894,1.22945,1.22943,1.23073,1.2306607,1.23095,1.2309942,1.23112,1.2311277,1.23128,1.2311682,1.23142,1.2315286
2018-03-05 15:00:00,1.22945,1.23073,1.2307184,1.23095,1.2309515,1.23112,1.2310869,1.23128,1.2313321,1.23142,1.2313342,1.23119,1.2312677
2018-03-05 16:00:00,1.23073,1.23095,1.2308906,1.23112,1.2311004,1.23128,1.2312591,1.23142,1.2314391,1.23119,1.231207,1.23144,1.2315289
2018-03-05 17:00:00,1.23095,1.23112,1.231094,1.23128,1.2313131,1.23142,1.2314533,1.23119,1.2312579,1.23144,1.2313983,1.23313,1.2330793
2018-03-05 18:00:00,1.23112,1.23128,1.2312589,1.23142,1.2314739,1.23119,1.2312069,1.23144,1.2315087,1.23313,1.2330647,1.23349,1.2334434
2018-03-05 19:00:00,1.23128,1.23142,1.2314022,1.23119,1.2312105,1.23144,1.2314225,1.23313,1.2331802,1.23349,1.2333584,1.23354,1.2334447
2018-03-05 20:00:00,1.23142,1.23119,1.2311623,1.23144,1.231465,1.23313,1.233103,1.23349,1.2334682,1.23354,1.2335527,1.2323201,1.2323333
2018-03-05 21:00:00,1.23119,1.23144,1.2313557,1.23313,1.2331096,1.23349,1.2333027,1.23354,1.2333522,1.2323201,1.2322787,1.23231,1.2323549
2018-03-05 22:00:00,1.23144,1.23313,1.2330165,1.23349,1.2332861,1.23354,1.2333093,1.2323201,1.2323552,1.23231,1.2322832,1.23255,1.2325656
2018-03-05 23:00:00,1.23313,1.23349,1.2334163,1.23354,1.2335566,1.2323201,1.2323086,1.23231,1.2323918,1.23255,1.2325535,1.23262,1.2326423
2018-03-06 00:00:00,1.23349,1.23354,1.2335502,1.2323201,1.2324425,1.23231,1.2323155,1.23255,1.23269,1.23262,1.2326093,1.23405,1.234092
2018-03-06 01:00:00,1.23354,1.2323201,1.2325202,1.23231,1.2323253,1.23255,1.2326341,1.23262,1.2327038,1.23405,1.234065,1.23322,1.2332215
2018-03-06 02:00:00,1.2323201,1.23231,1.2322671,1.23255,1.2325578,1.23262,1.2325512,1.23405,1.2340748,1.23322,1.2331154,1.23303,1.2330089
2018-03-06 03:00:00,1.23231,1.23255,1.2324948,1.23262,1.2326412,1.23405,1.2342383,1.23322,1.2332236,1.23303,1.2329729,1.2327499,1.2327188
2018-03-06 04:00:00,1.23255,1.23262,1.2325807,1.23405,1.233976,1.23322,1.2331667,1.23303,1.2330668,1.2327499,1.2327598,1.23166,1.2316337
2018-03-06 05:00:00,1.23262,1.23405,1.2340062,1.23322,1.2332517,1.23303,1.2329663,1.2327499,1.2328258,1.23166,1.231639,1.23166,1.2316532
2018-03-06 06:00:00,1.23405,1.23322,1.2332124,1.23303,1.2330728,1.2327499,1.2326862,1.23166,1.2318287,1.23166,1.2317755,1.2287,1.2287294
2018-03-06 07:00:00,1.23322,1.23303,1.2329879,1.2327499,1.2328287,1.23166,1.2315888,1.23166,1.2317667,1.2287,1.2286073,1.22726,1.2274685
2018-03-06 08:00:00,1.23303,1.2327499,1.2327538,1.23166,1.2317653,1.23166,1.2317784,1.2287,1.2287431,1.22726,1.227527,1.22386,1.2239159
2018-03-06 09:00:00,1.2327499,1.23166,1.2316905,1.23166,1.2317195,1.2287,1.2286617,1.22726,1.227747,1.22386,1.2244587,1.22386,1.2240741
2018-03-06 10:00:00,1.23166,1.23166,1.2316893,1.2287,1.2290751,1.22726,1.2274591,1.22386,1.2242072,1.22386,1.2239304,1.22469,1.2246672
2018-03-06 11:00:00,1.23166,1.2287,1.228704,1.22726,1.2274816,1.22386,1.2243234,1.22386,1.2240205,1.22469,1.2250646,1.22421,1.2241719
2018-03-06 12:00:00,1.2287,1.22726,1.227429,1.22386,1.2244543,1.22386,1.2240021,1.22469,1.2249218,1.22421,1.2245144,1.22355,1.2238156
2018-03-06 13:00:00,1.22726,1.22386,1.2239027,1.22386,1.2237908,1.22469,1.2247201,1.22421,1.2244314,1.22355,1.2236449,1.22286,1.2228937
2018-03-06 14:00:00,1.22386,1.22386,1.2238675,1.22469,1.2246839,1.22421,1.2242057,1.22355,1.2235559,1.22286,1.2228539,1.22309,1.2230079
2018-03-06 15:00:00,1.22386,1.22469,1.2246007,1.22421,1.2242305,1.22355,1.2235476,1.22286,1.2228966,1.22309,1.2230232,1.22345,1.2233893
2018-03-06 16:00:00,1.22469,1.22421,1.2241898,1.22355,1.2236578,1.22286,1.2228216,1.22309,1.223131,1.22345,1.2235284,1.22253,1.2224038
2018-03-06 17:00:00,1.22421,1.22355,1.2235795,1.22286,1.2227175,1.22309,1.2232039,1.22345,1.223471,1.22253,1.2225925,1.22311,1.2231029
2018-03-06 18:00:00,1.22355,1.22286,1.2228324,1.22309,1.2231089,1.22345,1.2234936,1.22253,1.2225406,1.22311,1.223074,1.22289,1.2228563
2018-03-06 19:00:00,1.22286,1.22309,1.2230222,1.22345,1.2234211,1.22253,1.2225349,1.22311,1.2231332,1.22289,1.2228878,1.22155,1.2215474
2018-03-06 20:00:00,1.22309,1.22345,1.2234362,1.22253,1.2225504,1.22311,1.2231319,1.22289,1.2229494,1.22155,1.2216191,1.22227,1.2223234
2018-03-06 21:00:00,1.22345,1.22253,1.2224883,1.22311,1.2231373,1.22289,1.2229428,1.22155,1.2215853,1.22227,1.2222806,1.22235,1.2223188
2018-03-06 22:00:00,1.22253,1.22311,1.223116,1.22289,1.2229346,1.22155,1.221573,1.22227,1.2223958,1.22235,1.2223428,1.22269,1.2227616
2018-03-06 23:00:00,1.22311,1.22289,1.2228982,1.22155,1.2217102,1.22227,1.2222703,1.22235,1.2224225,1.22269,1.2226775,1.22353,1.223574
2018-03-07 00:00:00,1.22289,1.22155,1.2215505,1.22227,1.222327,1.22235,1.2223543,1.22269,1.2227387,1.22353,1.2234685,1.22229,1.2221941
2018-03-07 01:00:00,1.22155,1.22227,1.2221594,1.22235,1.2223403,1.22269,1.2226727,1.22353,1.2235658,1.22229,1.2222973,1.22099,1.2209423
2018-03-07 02:00:00,1.22227,1.22235,1.2222854,1.22269,1.2227083,1.22353,1.2234849,1.22229,1.2223132,1.22099,1.2209607,1.22195,1.2219186
2018-03-07 03:00:00,1.22235,1.22269,1.2226565,1.22353,1.223512,1.22229,1.2223076,1.22099,1.2209874,1.22195,1.2219425,1.22198,1.2219765
2018-03-07 04:00:00,1.22269,1.22353,1.2234879,1.22229,1.2223113,1.22099,1.220967,1.22195,1.222021,1.22198,1.222003,1.22178,1.2219094
2018-03-07 05:00:00,1.22353,1.22229,1.2223381,1.22099,1.2210405,1.22195,1.2220373,1.22198,1.222093,1.22178,1.221695,1.22181,1.2217834
2018-03-07 06:00:00,1.22229,1.22099,1.2210593,1.22195,1.2219846,1.22198,1.2220067,1.22178,1.2218448,1.22181,1.2218215,1.22171,1.2217245
2018-03-07 07:00:00,1.22099,1.22195,1.2219436,1.22198,1.2219903,1.22178,1.2217642,1.22181,1.2219421,1.22171,1.2216927,1.22079,1.2207952
2018-03-07 08:00:00,1.22195,1.22198,1.221951,1.22178,1.2218304,1.22181,1.2218065,1.22171,1.2218189,1.22079,1.2208326,1.21956,1.2195555
2018-03-07 09:00:00,1.22198,1.22178,1.2218229,1.22181,1.2218821,1.22171,1.2217013,1.22079,1.2208537,1.21956,1.219509,1.22103,1.2211202
2018-03-07 10:00:00,1.22178,1.22181,1.221776,1.22171,1.2217627,1.22079,1.2208699,1.21956,1.2196801,1.22103,1.2210257,1.22083,1.2208554
2018-03-07 11:00:00,1.22181,1.22171,1.2216986,1.22079,1.2208067,1.21956,1.2195936,1.22103,1.2211545,1.22083,1.2207979,1.221,1.2210944
2018-03-07 12:00:00,1.22171,1.22079,1.2208204,1.21956,1.2196056,1.22103,1.2210848,1.22083,1.2208335,1.221,1.2210369,1.2203,1.2202598
2018-03-07 13:00:00,1.22079,1.21956,1.2195517,1.22103,1.2210546,1.22083,1.2208018,1.221,1.221051,1.2203,1.2202467,1.21994,1.2198712
2018-03-07 14:00:00,1.21956,1.22103,1.221,1.22083,1.2208351,1.221,1.2209964,1.2203,1.220344,1.21994,1.2198818,1.21917,1.2191563
2018-03-07 15:00:00,1.22103,1.22083,1.2207797,1.221,1.2210615,1.2203,1.2202668,1.21994,1.2200631,1.21917,1.2192189,1.2192,1.2192825
2018-03-07 16:00:00,1.22083,1.221,1.2210238,1.2203,1.2203335,1.21994,1.2199343,1.21917,1.219274,1.2192,1.2191775,1.21907,1.2191356
2018-03-07 17:00:00,1.221,1.2203,1.2202928,1.21994,1.2199779,1.21917,1.2192143,1.2192,1.219293,1.21907,1.2190655,1.21886,1.2188433
2018-03-07 18:00:00,1.2203,1.21994,1.2199275,1.21917,1.2191865,1.2192,1.2191966,1.21907,1.2192197,1.21886,1.2188334,1.21906,1.2190514
2018-03-07 19:00:00,1.21994,1.21917,1.2191175,1.2192,1.2192891,1.21907,1.2190838,1.21886,1.218988,1.21906,1.2190578,1.21889,1.2188486
2018-03-07 20:00:00,1.21917,1.2192,1.2192063,1.21907,1.2190917,1.21886,1.2188362,1.21906,1.2191274,1.21889,1.2188396,1.21948,1.2194488
2018-03-07 21:00:00,1.2192,1.21907,1.2190299,1.21886,1.2189094,1.21906,1.2190291,1.21889,1.2189469,1.21948,1.2194349,1.2193,1.2192421
2018-03-07 22:00:00,1.21907,1.21886,1.2188653,1.21906,1.2190951,1.21889,1.2188207,1.21948,1.2194756,1.2193,1.2192098,1.21916,1.2191306
2018-03-07 23:00:00,1.21886,1.21906,1.2190489,1.21889,1.2188971,1.21948,1.2194141,1.2193,1.2192843,1.21916,1.2190511,1.22049,1.2204006
2018-03-08 00:00:00,1.21906,1.21889,1.2188414,1.21948,1.2194508,1.2193,1.219251,1.21916,1.2191832,1.22049,1.22045,1.21999,1.2199643
2018-03-08 01:00:00,1.21889,1.21948,1.2194222,1.2193,1.2192793,1.21916,1.2190572,1.22049,1.2204367,1.21999,1.219929,1.21961,1.2195851
2018-03-08 02:00:00,1.21948,1.2193,1.2192878,1.21916,1.219172,1.22049,1.2204515,1.21999,1.2199948,1.21961,1.2195897,1.2181001,1.2180121
2018-03-08 03:00:00,1.2193,1.21916,1.2191079,1.22049,1.2204294,1.21999,1.2199496,1.21961,1.2196492,1.2181001,1.2180747,1.21871,1.2187192
2018-03-08 04:00:00,1.21916,1.22049,1.2204641,1.21999,1.2200332,1.21961,1.2196109,1.2181001,1.2181937,1.21871,1.2187243,1.2184501,1.2184671
2018-03-08 05:00:00,1.22049,1.21999,1.2199402,1.21961,1.2197112,1.2181001,1.2181777,1.21871,1.2187977,1.2184501,1.2184398,1.21682,1.2166092
2018-03-08 06:00:00,1.21999,1.21961,1.2196603,1.2181001,1.2181888,1.21871,1.2187558,1.2184501,1.2186067,1.21682,1.2168684,1.21868,1.218791
2018-03-08 07:00:00,1.21961,1.2181001,1.2182024,1.21871,1.2187573,1.2184501,1.2185471,1.21682,1.2169814,1.21868,1.218781,1.21718,1.2171651
2018-03-08 08:00:00,1.2181001,1.21871,1.2186986,1.2184501,1.2184328,1.21682,1.2167456,1.21868,1.218774,1.21718,1.2171057,1.21761,1.217675
2018-03-08 09:00:00,1.21871,1.2184501,1.2184579,1.21682,1.2168065,1.21868,1.2187135,1.21718,1.217256,1.21761,1.2175585,1.22146,1.2214961
2018-03-08 10:00:00,1.2184501,1.21682,1.2167255,1.21868,1.2187191,1.21718,1.2171485,1.21761,1.2176882,1.22146,1.2216026,1.22112,1.2209327
2018-03-08 11:00:00,1.21682,1.21868,1.2185832,1.21718,1.2171559,1.21761,1.2174932,1.22146,1.2215661,1.22112,1.2211978,1.21961,1.2196511
2018-03-08 12:00:00,1.21868,1.21718,1.2172269,1.21761,1.2175866,1.22146,1.2213303,1.22112,1.2210728,1.21961,1.2194593,1.22549,1.2252318
2018-03-08 13:00:00,1.21718,1.21761,1.2175378,1.22146,1.2213014,1.22112,1.220955,1.21961,1.2195722,1.22549,1.2256933,1.2262,1.2258711
2018-03-08 14:00:00,1.21761,1.22146,1.22146,1.22112,1.2210332,1.21961,1.2193491,1.22549,1.2250625,1.2262,1.2261112,1.22638,1.2265043
2018-03-08 15:00:00,1.22146,1.22112,1.2210904,1.21961,1.2197753,1.22549,1.2253973,1.2262,1.2263198,1.22638,1.2261899,1.22732,1.2270024
2018-03-08 16:00:00,1.22112,1.21961,1.2195427,1.22549,1.2252302,1.2262,1.2262083,1.22638,1.2263799,1.22732,1.227094,1.22704,1.2267652
2018-03-08 17:00:00,1.21961,1.22549,1.2254772,1.2262,1.226184,1.22638,1.2264339,1.22732,1.2277944,1.22704,1.2264211,1.22725,1.2270975
2018-03-08 18:00:00,1.22549,1.2262,1.2260467,1.22638,1.2263894,1.22732,1.22723,1.22704,1.2271912,1.22725,1.2272613,1.22741,1.2274224
2018-03-08 19:00:00,1.2262,1.22638,1.2263649,1.22732,1.2273302,1.22704,1.2269803,1.22725,1.2272681,1.22741,1.2273749,1.22727,1.2272675
2018-03-08 20:00:00,1.22638,1.22732,1.2272549,1.22704,1.2270442,1.22725,1.2272046,1.22741,1.2275519,1.22727,1.2272062,1.22796,1.2279776
2018-03-08 21:00:00,1.22732,1.22704,1.2269773,1.22725,1.2272474,1.22741,1.2273715,1.22727,1.2273223,1.22796,1.2279087,1.22772,1.2276992
2018-03-08 22:00:00,1.22704,1.22725,1.2272588,1.22741,1.2274461,1.22727,1.2271742,1.22796,1.2280756,1.22772,1.2276431,1.22783,1.2278404
2018-03-08 23:00:00,1.22725,1.22741,1.2274109,1.22727,1.2272999,1.22796,1.2279003,1.22772,1.2277843,1.22783,1.2278223,1.22626,1.2261851
2018-03-09 00:00:00,1.22741,1.22727,1.2272054,1.22796,1.22793,1.22772,1.2276256,1.22783,1.2278733,1.22626,1.2261868,1.2263,1.2263229
2018-03-09 01:00:00,1.22727,1.22796,1.2279459,1.22772,1.2277386,1.22783,1.2277921,1.22626,1.2263409,1.2263,1.2262522,1.22739,1.2274101
2018-03-09 02:00:00,1.22796,1.22772,1.2276912,1.22783,1.2278646,1.22626,1.226259,1.2263,1.2264045,1.22739,1.2274518,1.22753,1.227583
2018-03-09 03:00:00,1.22772,1.22783,1.2278527,1.22626,1.2263261,1.2263,1.2263358,1.22739,1.2274771,1.22753,1.2274446,1.22901,1.229007
2018-03-09 04:00:00,1.22783,1.22626,1.2262928,1.2263,1.2264643,1.22739,1.2273995,1.22753,1.227614,1.22901,1.228899,1.23032,1.2302879
2018-03-09 05:00:00,1.22626,1.2263,1.2262754,1.22739,1.2273477,1.22753,1.2273886,1.22901,1.2288963,1.23032,1.2303045,1.23079,1.230814
2018-03-09 06:00:00,1.2263,1.22739,1.2274451,1.22753,1.2274725,1.22901,1.228747,1.23032,1.2303298,1.23079,1.2307523,1.2308099,1.2308097
2018-03-09 07:00:00,1.22739,1.22753,1.2274671,1.22901,1.228997,1.23032,1.2301204,1.23079,1.2308367,1.2308099,1.2307111,1.23124,1.2311816
2018-03-09 08:00:00,1.22753,1.22901,1.2288543,1.23032,1.2302294,1.23079,1.23064,1.2308099,1.2308156,1.23124,1.2311399,1.23083,1.2307572
2018-03-09 09:00:00,1.22901,1.23032,1.230236,1.23079,1.2308033,1.2308099,1.2305869,1.23124,1.2310992,1.23083,1.230682,1.23136,1.2313379
2018-03-09 10:00:00,1.23032,1.23079,1.2307699,1.2308099,1.2307518,1.23124,1.2311951,1.23083,1.2308664,1.23136,1.2313409,1.23114,1.2310658
2018-03-09 11:00:00,1.23079,1.2308099,1.2307802,1.23124,1.2312194,1.23083,1.2307405,1.23136,1.2314311,1.23114,1.2310641,1.23213,1.2321236
2018-03-09 12:00:00,1.2308099,1.23124,1.231213,1.23083,1.2308285,1.23136,1.2312835,1.23114,1.2311801,1.23213,1.2319857,1.233,1.2329795
2018-03-09 13:00:00,1.23124,1.23083,1.2307925,1.23136,1.2313704,1.23114,1.2310919,1.23213,1.2321882,1.233,1.2328744,1.23297,1.2328941
2018-03-09 14:00:00,1.23083,1.23136,1.2313522,1.23114,1.2311636,1.23213,1.2319951,1.233,1.2331115,1.23297,1.2329397,1.2315199,1.2314625
2018-03-09 15:00:00,1.23136,1.23114,1.2311202,1.23213,1.232213,1.233,1.2328644,1.23297,1.2329836,1.2315199,1.2314305,1.23439,1.2343969
2018-03-09 16:00:00,1.23114,1.23213,1.2320304,1.233,1.2329253,1.23297,1.2329093,1.2315199,1.2315543,1.23439,1.2342929,1.23168,1.2316184
2018-03-09 17:00:00,1.23213,1.233,1.2328848,1.23297,1.2329767,1.2315199,1.2313573,1.23439,1.2344334,1.23168,1.2315058,1.23318,1.2332273
2018-03-09 18:00:00,1.233,1.23297,1.2329729,1.2315199,1.2315387,1.23439,1.234372,1.23168,1.2316875,1.23318,1.233137,1.23293,1.232864
2018-03-09 19:00:00,1.23297,1.2315199,1.2315642,1.23439,1.23433,1.23168,1.2315675,1.23318,1.2332163,1.23293,1.2327867,1.23212,1.2320224
2018-03-09 20:00:00,1.2315199,1.23439,1.2342863,1.23168,1.2316546,1.23318,1.2330765,1.23293,1.2329574,1.23212,1.2320219,1.23264,1.2325903
2018-03-09 21:00:00,1.23439,1.23168,1.2313662,1.23318,1.2333621,1.23293,1.2329704,1.23212,1.2322844,1.23264,1.2326738,1.2321,1.2320721
2018-03-11 21:00:00,1.23168,1.23318,1.2331693,1.23293,1.2329181,1.23212,1.23208,1.23264,1.2327132,1.2321,1.232079,1.23182,1.2318908
2018-03-11 22:00:00,1.23318,1.23293,1.2328604,1.23212,1.2321566,1.23264,1.2326314,1.2321,1.2322295,1.23182,1.2319599,1.22909,1.2291485
2018-03-11 23:00:00,1.23293,1.23212,1.2320572,1.23264,1.2326316,1.2321,1.2321128,1.23182,1.2318776,1.22909,1.2294476,1.22837,1.2284364
2018-03-12 00:00:00,1.23212,1.23264,1.2326638,1.2321,1.2321953,1.23182,1.2318777,1.22909,1.2294146,1.22837,1.2285098,1.23238,1.2324976
2018-03-12 01:00:00,1.23264,1.2321,1.2321187,1.23182,1.2318891,1.22909,1.2292415,1.22837,1.2286378,1.23238,1.2325006,1.23215,1.2322723
2018-03-12 02:00:00,1.2321,1.23182,1.2318518,1.22909,1.2293088,1.22837,1.2284815,1.23238,1.2325757,1.23215,1.2321494,1.23131,1.2314581
2018-03-12 03:00:00,1.23182,1.22909,1.2292414,1.22837,1.2284446,1.23238,1.2324896,1.23215,1.2321965,1.23131,1.2312921,1.23014,1.230087
2018-03-12 04:00:00,1.22909,1.22837,1.2284178,1.23238,1.2320995,1.23215,1.2320144,1.23131,1.2313677,1.23014,1.229971,1.22967,1.2295588
2018-03-12 05:00:00,1.22837,1.23238,1.2324798,1.23215,1.231969,1.23131,1.231144,1.23014,1.230228,1.22967,1.2296757,1.23078,1.2307721
2018-03-12 06:00:00,1.23238,1.23215,1.2321196,1.23131,1.2313362,1.23014,1.230193,1.22967,1.2297521,1.23078,1.2309438,1.23226,1.2323022
2018-03-12 07:00:00,1.23215,1.23131,1.231315,1.23014,1.2301644,1.22967,1.2295452,1.23078,1.2309104,1.23226,1.2322178,1.23269,1.2327679
2018-03-12 08:00:00,1.23131,1.23014,1.2301296,1.22967,1.2296962,1.23078,1.230781,1.23226,1.2322726,1.23269,1.2326944,1.23283,1.232872
2018-03-12 09:00:00,1.23014,1.22967,1.2296598,1.23078,1.2307097,1.23226,1.2322942,1.23269,1.2326908,1.23283,1.2326256,1.23332,1.2332067
2018-03-12 10:00:00,1.22967,1.23078,1.230606,1.23226,1.2321093,1.23269,1.2326097,1.23283,1.2329156,1.23332,1.2331651,1.23242,1.2322919
2018-03-12 11:00:00,1.23078,1.23226,1.2322251,1.23269,1.2327529,1.23283,1.2326401,1.23332,1.2333833,1.23242,1.2324889,1.23246,1.2323922
2018-03-12 12:00:00,1.23226,1.23269,1.2326802,1.23283,1.2329061,1.23332,1.2332487,1.23242,1.2324966,1.23246,1.232455,1.23374,1.2337706
2018-03-12 13:00:00,1.23269,1.23283,1.2328205,1.23332,1.2333604,1.23242,1.2323806,1.23246,1.2325305,1.23374,1.2337668,1.23333,1.2333622
2018-03-12 14:00:00,1.23283,1.23332,1.233268,1.23242,1.2324647,1.23246,1.2324271,1.23374,1.2338127,1.23333,1.2332735,1.23333,1.2333288
2018-03-12 15:00:00,1.23332,1.23242,1.2324599,1.23246,1.23248,1.23374,1.2337312,1.23333,1.2333872,1.23333,1.2332826,1.2336,1.2335936
2018-03-12 16:00:00,1.23242,1.23246,1.2324657,1.23374,1.2335935,1.23333,1.2332675,1.23333,1.233339,1.2336,1.2335571,1.23489,1.2348473
2018-03-12 17:00:00,1.23246,1.23374,1.233664,1.23333,1.2333671,1.23333,1.2332692,1.2336,1.2336555,1.23489,1.2348354,1.23552,1.2355572
2018-03-12 18:00:00,1.23374,1.23333,1.233279,1.23333,1.2333618,1.2336,1.2335452,1.23489,1.2349596,1.23552,1.2354647,1.23498,1.2350476
2018-03-12 19:00:00,1.23333,1.23333,1.2332847,1.2336,1.2336544,1.23489,1.234792,1.23552,1.2355912,1.23498,1.2348399,1.23489,1.2349024
2018-03-12 20:00:00,1.23333,1.2336,1.2335122,1.23489,1.2348557,1.23552,1.235443,1.23498,1.2349154,1.23489,1.2347262,1.23464,1.2346402
2018-03-12 21:00:00,1.2336,1.23489,1.2347804,1.23552,1.2354631,1.23498,1.234854,1.23489,1.2348897,1.23464,1.2345272,1.23481,1.2348685
2018-03-12 22:00:00,1.23489,1.23552,1.2354662,1.23498,1.2350209,1.23489,1.2348815,1.23464,1.2347251,1.23481,1.234847,1.23384,1.2338874
2018-03-12 23:00:00,1.23552,1.23498,1.235026,1.23489,1.2349331,1.23464,1.2346647,1.23481,1.2348775,1.23384,1.2337705,1.23326,1.2333871
2018-03-13 00:00:00,1.23498,1.23489,1.2348475,1.23464,1.2346878,1.23481,1.2347969,1.23384,1.2338701,1.23326,1.2331915,1.23379,1.2338158
2018-03-13 01:00:00,1.23489,1.23464,1.2346201,1.23481,1.2348424,1.23384,1.2337836,1.23326,1.2333553,1.23379,1.2338203,1.23435,1.2343763
2018-03-13 02:00:00,1.23464,1.23481,1.2348131,1.23384,1.2338755,1.23326,1.2331778,1.23379,1.233879,1.23435,1.2343383,1.23461,1.2346333
2018-03-13 03:00:00,1.23481,1.23384,1.2338635,1.23326,1.2333769,1.23379,1.2337899,1.23435,1.234417,1.23461,1.234517,1.23966,1.2396922
2018-03-13 04:00:00,1.23384,1.23326,1.2332485,1.23379,1.2337723,1.23435,1.2342979,1.23461,1.2346611,1.23966,1.2392923,1.24083,1.2404376
2018-03-13 05:00:00,1.23326,1.23379,1.2336917,1.23435,1.2342752,1.23461,1.2343659,1.23966,1.2393774,1.24083,1.2404293,1.24063,1.240583
2018-03-13 06:00:00,1.23379,1.23435,1.2343216,1.23461,1.2345624,1.23966,1.2397792,1.24083,1.2404068,1.24063,1.2405474,1.2395,1.2393469
2018-03-13 07:00:00,1.23435,1.23461,1.2345169,1.23966,1.2394173,1.24083,1.2408317,1.24063,1.2404693,1.2395,1.2392647,1.23975,1.239687
2018-03-13 08:00:00,1.23461,1.23966,1.2395347,1.24083,1.2404482,1.24063,1.2401705,1.2395,1.239386,1.23975,1.23942,1.2415199,1.2412084
2018-03-13 09:00:00,1.23966,1.24083,1.2406478,1.24063,1.240641,1.2395,1.2393985,1.23975,1.2398208,1.2415199,1.2416255,1.2393,1.2392621
2018-03-13 10:00:00,1.24083,1.24063,1.2406384,1.2395,1.2395201,1.23975,1.2397074,1.2415199,1.2415692,1.2393,1.2391069,1.24053,1.240636
2018-03-13 11:00:00,1.24063,1.2395,1.2394853,1.23975,1.2398384,1.2415199,1.2415897,1.2393,1.2393574,1.24053,1.2405068,1.2404699,1.2404716
2018-03-13 12:00:00,1.2395,1.23975,1.2396705,1.2415199,1.2413844,1.2393,1.239166,1.24053,1.2405796,1.2404699,1.2403921,1.24021,1.240232
2018-03-13 13:00:00,1.23975,1.2415199,1.2414929,1.2393,1.2393004,1.24053,1.2404275,1.2404699,1.2405792,1.24021,1.24015,1.24021,1.2402265
2018-03-13 14:00:00,1.2415199,1.2393,1.2394598,1.24053,1.2406477,1.2404699,1.240465,1.24021,1.2403984,1.24021,1.2402596,1.24195,1.2419899
2018-03-13 15:00:00,1.2393,1.24053,1.2406131,1.2404699,1.2404817,1.24021,1.2400825,1.24021,1.2402971,1.24195,1.2419633,1.24151,1.2414652
2018-03-13 16:00:00,1.24053,1.2404699,1.2403963,1.24021,1.2402189,1.24021,1.2401028,1.24195,1.2419925,1.24151,1.2414289,1.24172,1.2417736
2018-03-13 17:00:00,1.2404699,1.24021,1.2401738,1.24021,1.240204,1.24195,1.2418051,1.24151,1.2415199,1.24172,1.241662,1.2413,1.2412544
2018-03-13 18:00:00,1.24021,1.24021,1.2401271,1.24195,1.2418087,1.24151,1.2414224,1.24172,1.2417396,1.2413,1.2412095,1.24163,1.2415031
2018-03-13 19:00:00,1.24021,1.24195,1.2417572,1.24151,1.2413987,1.24172,1.2415493,1.2413,1.2413305,1.24163,1.2415203,1.24186,1.2418203
2018-03-13 20:00:00,1.24195,1.24151,1.2414286,1.24172,1.2417474,1.2413,1.2413057,1.24163,1.2417592,1.24186,1.2418615,1.2414399,1.2415069
2018-03-13 21:00:00,1.24151,1.24172,1.2417183,1.2413,1.2413287,1.24163,1.2416112,1.24186,1.2419286,1.2414399,1.241416,1.24184,1.241918
2018-03-13 22:00:00,1.24172,1.2413,1.2412398,1.24163,1.2416699,1.24186,1.2418578,1.2414399,1.2415308,1.24184,1.2417938,1.24246,1.24247
2018-03-13 23:00:00,1.2413,1.24163,1.2415916,1.24186,1.2418547,1.2414399,1.2413797,1.24184,1.2419508,1.24246,1.2424221,1.24081,1.2408234
2018-03-14 00:00:00,1.24163,1.24186,1.2418258,1.2414399,1.2414964,1.24184,1.2418022,1.24246,1.2425594,1.24081,1.2407842,1.24097,1.2410288
2018-03-14 01:00:00,1.24186,1.2414399,1.241461,1.24184,1.2419103,1.24246,1.2424289,1.24081,1.2408819,1.24097,1.24091,1.24227,1.2422956
2018-03-14 02:00:00,1.2414399,1.24184,1.2417907,1.24246,1.2424312,1.24081,1.2407105,1.24097,1.2410481,1.24227,1.2422458,1.24344,1.2434555
2018-03-14 03:00:00,1.24184,1.24246,1.2424192,1.24081,1.2407591,1.24097,1.2409296,1.24227,1.2423669,1.24344,1.2433927,1.24068,1.2407135
2018-03-14 04:00:00,1.24246,1.24081,1.2408178,1.24097,1.2409546,1.24227,1.2422184,1.24344,1.2435106,1.24068,1.240564,1.2417,1.2417434
2018-03-14 05:00:00,1.24081,1.24097,1.2409406,1.24227,1.2422366,1.24344,1.2434651,1.24068,1.240671,1.2417,1.2417305,1.24138,1.2413077
2018-03-14 06:00:00,1.24097,1.24227,1.2421236,1.24344,1.243446,1.24068,1.2405666,1.2417,1.241848,1.24138,1.2414141,1.24092,1.2409866
2018-03-14 07:00:00,1.24227,1.24344,1.2433594,1.24068,1.2407992,1.2417,1.2417548,1.24138,1.2415035,1.24092,1.2409453,1.24022,1.2403488
2018-03-14 08:00:00,1.24344,1.24068,1.240304,1.2417,1.2417264,1.24138,1.2415552,1.24092,1.2411335,1.24022,1.2403412,1.23954,1.2398363
2018-03-14 09:00:00,1.24068,1.2417,1.241721,1.24138,1.2413772,1.24092,1.2409455,1.24022,1.2403684,1.23954,1.2396417,1.24002,1.2401266
2018-03-14 10:00:00,1.2417,1.24138,1.2413323,1.24092,1.2409948,1.24022,1.2402232,1.23954,1.2396891,1.24002,1.240109,1.2408,1.2408719
2018-03-14 11:00:00,1.24138,1.24092,1.2409449,1.24022,1.2402977,1.23954,1.239648,1.24002,1.2402253,1.2408,1.2408457,1.24044,1.2405446
2018-03-14 12:00:00,1.24092,1.24022,1.240227,1.23954,1.2396625,1.24002,1.2400231,1.2408,1.2409211,1.24044,1.2404292,1.24123,1.241307
2018-03-14 13:00:00,1.24022,1.23954,1.239562,1.24002,1.2400618,1.2408,1.2408348,1.24044,1.240504,1.24123,1.2412174,1.2408199,1.2408198
2018-03-14 14:00:00,1.23954,1.24002,1.2399712,1.2408,1.2408395,1.24044,1.2404392,1.24123,1.2412871,1.2408199,1.240773,1.24095,1.2410023
2018-03-14 15:00:00,1.24002,1.2408,1.2407657,1.24044,1.2404557,1.24123,1.2412647,1.2408199,1.2408588,1.24095,1.2409303,1.24115,1.2411842
2018-03-14 16:00:00,1.2408,1.24044,1.2404035,1.24123,1.2412664,1.2408199,1.2407763,1.24095,1.2410198,1.24115,1.241136,1.24071,1.2407027
2018-03-14 17:00:00,1.24044,1.24123,1.2411376,1.2408199,1.2408179,1.24095,1.240871,1.24115,1.2411662,1.24071,1.2407364,1.23995,1.240031
2018-03-14 18:00:00,1.24123,1.2408199,1.240778,1.24095,1.2409828,1.24115,1.2411758,1.24071,1.2408003,1.23995,1.2399734,1.24015,1.2402182
2018-03-14 19:00:00,1.2408199,1.24095,1.240895,1.24115,1.2411418,1.24071,1.2407279,1.23995,1.2399789,1.24015,1.2401587,1.2406499,1.2407104
2018-03-14 20:00:00,1.24095,1.24115,1.2411251,1.24071,1.2407417,1.23995,1.2399323,1.24015,1.240324,1.2406499,1.2406969,1.24054,1.2406137
2018-03-14 21:00:00,1.24115,1.24071,1.2407347,1.23995,1.2399942,1.24015,1.2401936,1.2406499,1.2407849,1.24054,1.240566,1.2402999,1.240287
2018-03-14 22:00:00,1.24071,1.23995,1.2399693,1.24015,1.2402301,1.2406499,1.2406865,1.24054,1.2406505,1.2402999,1.2403134,1.23965,1.2396157
2018-03-14 23:00:00,1.23995,1.24015,1.2401061,1.2406499,1.2406638,1.24054,1.2404997,1.2402999,1.240375,1.23965,1.2395813,1.24113,1.2411661
2018-03-15 00:00:00,1.24015,1.2406499,1.240562,1.24054,1.2405825,1.2402999,1.2402698,1.23965,1.2397423,1.24113,1.2411776,1.23925,1.2392164
2018-03-15 01:00:00,1.2406499,1.24054,1.2404914,1.2402999,1.2402979,1.23965,1.2396115,1.24113,1.2412038,1.23925,1.2392738,1.23823,1.2382016
2018-03-15 02:00:00,1.24054,1.2402999,1.2402661,1.23965,1.239685,1.24113,1.241146,1.23925,1.2392802,1.23823,1.2382706,1.2378399,1.2378293
2018-03-15 03:00:00,1.2402999,1.23965,1.2395933,1.24113,1.2411742,1.23925,1.2392505,1.23823,1.2383584,1.2378399,1.237922,1.2377601,1.2376863
2018-03-15 04:00:00,1.23965,1.24113,1.2412051,1.23925,1.2392764,1.23823,1.2381802,1.2378399,1.2379677,1.2377601,1.2377967,1.24099,1.2410121
2018-03-15 05:00:00,1.24113,1.23925,1.2392548,1.23823,1.238502,1.2378399,1.2378242,1.2377601,1.2380124,1.24099,1.2410563,1.24017,1.2402096
2018-03-15 06:00:00,1.23925,1.23823,1.2381866,1.2378399,1.237807,1.2377601,1.2376952,1.24099,1.2409184,1.24017,1.2402266,1.23505,1.2350926
2018-03-15 07:00:00,1.23823,1.2378399,1.2378193,1.2377601,1.2377936,1.24099,1.2409829,1.24017,1.2402056,1.23505,1.2352695,1.23274,1.2327311
2018-03-15 08:00:00,1.2378399,1.2377601,1.2376829,1.24099,1.2409308,1.24017,1.2401874,1.23505,1.2350891,1.23274,1.2327477,1.23131,1.231402
2018-03-15 09:00:00,1.2377601,1.24099,1.2408339,1.24017,1.2399766,1.23505,1.2351289,1.23274,1.2327995,1.23131,1.2314615,1.23183,1.2318282
2018-03-15 10:00:00,1.24099,1.24017,1.2403253,1.23505,1.2355957,1.23274,1.2332917,1.23131,1.2319808,1.23183,1.2322714,1.23139,1.2315701
2018-03-15 11:00:00,1.24017,1.23505,1.235355,1.23274,1.2332728,1.23131,1.2313807,1.23183,1.2323762,1.23139,1.2311453,1.23041,1.2302423
2018-03-15 12:00:00,1.23505,1.23274,1.2329525,1.23131,1.23162,1.23183,1.2321097,1.23139,1.2315332,1.23041,1.230387,1.23125,1.2310934
2018-03-15 13:00:00,1.23274,1.23131,1.2313272,1.23183,1.2318465,1.23139,1.2313575,1.23041,1.2303811,1.23125,1.2312577,1.23091,1.2307879
2018-03-15 14:00:00,1.23131,1.23183,1.231771,1.23139,1.2313616,1.23041,1.2303612,1.23125,1.2313156,1.23091,1.2308526,1.23125,1.231211
2018-03-15 15:00:00,1.23183,1.23139,1.2313952,1.23041,1.2304282,1.23125,1.2312576,1.23091,1.2309345,1.23125,1.2312357,1.2306,1.2306083
2018-03-15 16:00:00,1.23139,1.23041,1.2304252,1.23125,1.2312686,1.23091,1.2309084,1.23125,1.2313042,1.2306,1.2304931,1.23088,1.2308651
2018-03-15 17:00:00,1.23041,1.23125,1.2312499,1.23091,1.2309108,1.23125,1.2312605,1.2306,1.2306248,1.23088,1.2308786,1.2297599,1.2297251
2018-03-15 18:00:00,1.23125,1.23091,1.23088,1.23125,1.2312746,1.2306,1.2306185,1.23088,1.2309232,1.2297599,1.2297522,1.23104,1.2310525
2018-03-15 19:00:00,1.23091,1.23125,1.2312212,1.2306,1.2306283,1.23088,1.2309575,1.2297599,1.2297958,1.23104,1.2310213,1.231,1.2309449
2018-03-15 20:00:00,1.23125,1.2306,1.2305962,1.23088,1.2309277,1.2297599,1.2297642,1.23104,1.2311162,1.231,1.2309469,1.23128,1.2312587
2018-03-15 21:00:00,1.2306,1.23088,1.2308899,1.2297599,1.2298542,1.23104,1.2311125,1.231,1.231076,1.23128,1.2312574,1.23147,1.2314671
2018-03-15 22:00:00,1.23088,1.2297599,1.2297131,1.23104,1.2310508,1.231,1.2309934,1.23128,1.2313079,1.23147,1.2314066,1.2320399,1.2320552
2018-03-15 23:00:00,1.2297599,1.23104,1.2310107,1.231,1.2309418,1.23128,1.2312052,1.23147,1.2315023,1.2320399,1.2318614,1.23175,1.2316375
2018-03-16 00:00:00,1.23104,1.231,1.2309277,1.23128,1.2312752,1.23147,1.2314061,1.2320399,1.2320721,1.23175,1.231742,1.23055,1.23052
2018-03-16 01:00:00,1.231,1.23128,1.2312516,1.23147,1.2314662,1.2320399,1.2320732,1.23175,1.2317803,1.23055,1.230515,1.23015,1.2301375
2018-03-16 02:00:00,1.23128,1.23147,1.2314141,1.2320399,1.2320462,1.23175,1.2317262,1.23055,1.2306187,1.23015,1.2301313,1.22936,1.2292826
2018-03-16 03:00:00,1.23147,1.2320399,1.232001,1.23175,1.2317648,1.23055,1.2305224,1.23015,1.2301737,1.22936,1.2293842,1.2298,1.2298728
2018-03-16 04:00:00,1.2320399,1.23175,1.2317398,1.23055,1.2306561,1.23015,1.230226,1.22936,1.2296114,1.2298,1.2298195,1.22948,1.2294941
2018-03-16 05:00:00,1.23175,1.23055,1.2306343,1.23015,1.2302029,1.22936,1.2293092,1.2298,1.2300236,1.22948,1.2294755,1.22926,1.2293818
2018-03-16 06:00:00,1.23055,1.23015,1.2301506,1.22936,1.229424,1.2298,1.2298396,1.22948,1.2295588,1.22926,1.2291312,1.2312,1.2312162
2018-03-16 07:00:00,1.23015,1.22936,1.2293597,1.2298,1.22984,1.22948,1.2294519,1.22926,1.2293593,1.2312,1.2311355,1.23184,1.2317076
2018-03-16 08:00:00,1.22936,1.2298,1.2297868,1.22948,1.2294829,1.22926,1.2291585,1.2312,1.2312497,1.23184,1.2317593,1.23238,1.232313
2018-03-16 09:00:00,1.2298,1.22948,1.2294543,1.22926,1.2292964,1.2312,1.2310673,1.23184,1.2318379,1.23238,1.2323787,1.23166,1.2316549
2018-03-16 10:00:00,1.22948,1.22926,1.229238,1.2312,1.2311281,1.23184,1.2317526,1.23238,1.2323885,1.23166,1.2315364,1.2312,1.2310891
2018-03-16 11:00:00,1.22926,1.2312,1.2310942,1.23184,1.2318959,1.23238,1.2323291,1.23166,1.2314032,1.2312,1.2310251,1.23142,1.2313585
2018-03-16 12:00:00,1.2312,1.23184,1.2317524,1.23238,1.2323726,1.23166,1.2315727,1.2312,1.2312102,1.23142,1.2313838,1.23061,1.2305354
2018-03-16 13:00:00,1.23184,1.23238,1.2323786,1.23166,1.2316535,1.2312,1.2310817,1.23142,1.2314624,1.23061,1.2305478,1.23028,1.2302872
2018-03-16 14:00:00,1.23238,1.23166,1.2316538,1.2312,1.231307,1.23142,1.2314286,1.23061,1.2306471,1.23028,1.23031,1.23083,1.2308089
2018-03-16 15:00:00,1.23166,1.2312,1.2311854,1.23142,1.2314478,1.23061,1.2305398,1.23028,1.2303951,1.23083,1.2307583,1.23098,1.2309442
2018-03-16 16:00:00,1.2312,1.23142,1.2313912,1.23061,1.2306032,1.23028,1.2302028,1.23083,1.2308664,1.23098,1.2308716,1.2308,1.2307857
2018-03-16 17:00:00,1.23142,1.23061,1.2305357,1.23028,1.2303301,1.23083,1.2307546,1.23098,1.2310218,1.2308,1.2306947,1.23103,1.2310121
2018-03-16 18:00:00,1.23061,1.23028,1.2302811,1.23083,1.2307944,1.23098,1.2308742,1.2308,1.2307968,1.23103,1.2308655,1.23158,1.2314873
2018-03-16 19:00:00,1.23028,1.23083,1.2307017,1.23098,1.2309262,1.2308,1.230669,1.23103,1.2310601,1.23158,1.2314265,1.2321,1.2320058
2018-03-16 20:00:00,1.23083,1.23098,1.230954,1.2308,1.230827,1.23103,1.2309815,1.23158,1.2316422,1.2321,1.2320209,1.23224,1.232135
2018-03-18 21:00:00,1.23098,1.2308,1.2307671,1.23103,1.2310377,1.23158,1.2315569,1.2321,1.23214,1.23224,1.2320753,1.23242,1.2323161
2018-03-18 22:00:00,1.2308,1.23103,1.2309631,1.23158,1.2315664,1.2321,1.2319225,1.23224,1.2322116,1.23242,1.2323363,1.23191,1.2317569
2018-03-18 23:00:00,1.23103,1.23158,1.2315097,1.2321,1.2320452,1.23224,1.2320356,1.23242,1.2324038,1.23191,1.2317579,1.23223,1.2321432
2018-03-19 00:00:00,1.23158,1.2321,1.2320666,1.23224,1.232247,1.23242,1.2323912,1.23191,1.2319125,1.23223,1.2321165,1.23369,1.2335751
2018-03-19 01:00:00,1.2321,1.23224,1.232192,1.23242,1.2324352,1.23191,1.2318451,1.23223,1.2322936,1.23369,1.233687,1.23333,1.2333354
2018-03-19 02:00:00,1.23224,1.23242,1.2324264,1.23191,1.2319143,1.23223,1.2321405,1.23369,1.233721,1.23333,1.2333204,1.2311,1.2311109
2018-03-19 03:00:00,1.23242,1.23191,1.2318838,1.23223,1.232236,1.23369,1.2335893,1.23333,1.2333611,1.2311,1.2310791,1.23113,1.2312058
2018-03-19 04:00:00,1.23191,1.23223,1.2321826,1.23369,1.2336158,1.23333,1.2333091,1.2311,1.2311835,1.23113,1.231194,1.22917,1.229296
2018-03-19 05:00:00,1.23223,1.23369,1.2336305,1.23333,1.2333264,1.2311,1.230998,1.23113,1.2312998,1.22917,1.2292316,1.2301,1.2301966
2018-03-19 06:00:00,1.23369,1.23333,1.2333854,1.2311,1.2311171,1.23113,1.2312227,1.22917,1.2292683,1.2301,1.2301455,1.2307,1.2308192
2018-03-19 07:00:00,1.23333,1.2311,1.2312167,1.23113,1.2312291,1.22917,1.2290895,1.2301,1.2302996,1.2307,1.230667,1.2320399,1.2320857
2018-03-19 08:00:00,1.2311,1.23113,1.2311801,1.22917,1.2292068,1.2301,1.2301676,1.2307,1.230799,1.2320399,1.231993,1.23174,1.2316995
2018-03-19 09:00:00,1.23113,1.22917,1.2292901,1.2301,1.2301188,1.2307,1.2306374,1.2320399,1.2321409,1.23174,1.2316222,1.2318699,1.2318208
2018-03-19 10:00:00,1.22917,1.2301,1.2300965,1.2307,1.2306033,1.2320399,1.2319779,1.23174,1.231672,1.2318699,1.2316371,1.23291,1.23286
2018-03-19 11:00:00,1.2301,1.2307,1.2305708,1.2320399,1.2319134,1.23174,1.2315645,1.2318699,1.2317941,1.23291,1.2326534,1.23366,1.2335844
2018-03-19 12:00:00,1.2307,1.2320399,1.2319365,1.23174,1.2317134,1.2318699,1.2318028,1.23291,1.2329338,1.23366,1.2335366,1.23387,1.2339662
2018-03-19 13:00:00,1.2320399,1.23174,1.2316759,1.2318699,1.2318735,1.23291,1.2328515,1.23366,1.233627,1.23387,1.233798,1.23331,1.2332948
2018-03-19 14:00:00,1.23174,1.2318699,1.231837,1.23291,1.2328385,1.23366,1.2335598,1.23387,1.2337615,1.23331,1.2332413,1.2333,1.233213
2018-03-19 15:00:00,1.2318699,1.23291,1.2328709,1.23366,1.2336353,1.23387,1.2337058,1.23331,1.2332926,1.2333,1.2332046,1.2333,1.2331957
2018-03-19 16:00:00,1.23291,1.23366,1.2335963,1.23387,1.2338837,1.23331,1.2332567,1.2333,1.2333443,1.2333,1.2332231,1.23382,1.233797
2018-03-19 17:00:00,1.23366,1.23387,1.2338501,1.23331,1.2333739,1.2333,1.2332624,1.2333,1.2334111,1.23382,1.2337956,1.23398,1.2339779
2018-03-19 18:00:00,1.23387,1.23331,1.2333432,1.2333,1.2333733,1.2333,1.2332327,1.23382,1.2339106,1.23398,1.2339267,1.23385,1.2338701
2018-03-19 19:00:00,1.23331,1.2333,1.2332616,1.2333,1.2333158,1.23382,1.2337576,1.23398,1.2340231,1.23385,1.2337747,1.23335,1.2333308
2018-03-19 20:00:00,1.2333,1.2333,1.2332736,1.23382,1.2338357,1.23398,1.2339497,1.23385,1.2339072,1.23335,1.2333103,1.23317,1.2331939
2018-03-19 21:00:00,1.2333,1.23382,1.233793,1.23398,1.2339457,1.23385,1.2337856,1.23335,1.2333981,1.23317,1.233159,1.23271,1.2327408
2018-03-19 22:00:00,1.23382,1.23398,1.2339214,1.23385,1.2338759,1.23335,1.2332783,1.23317,1.2332612,1.23271,1.2326834,1.23273,1.232785
2018-03-19 23:00:00,1.23398,1.23385,1.2338443,1.23335,1.2333666,1.23317,1.2331877,1.23271,1.2328111,1.23273,1.23273,1.23282,1.232947
2018-03-20 00:00:00,1.23385,1.23335,1.2333665,1.23317,1.2332548,1.23271,1.2327275,1.23273,1.2327965,1.23282,1.23279,1.23192,1.2320071
2018-03-20 01:00:00,1.23335,1.23317,1.2331595,1.23271,1.232738,1.23273,1.2327155,1.23282,1.2329075,1.23192,1.2319593,1.23334,1.2333838
2018-03-20 02:00:00,1.23317,1.23271,1.2326734,1.23273,1.2327862,1.23282,1.2328385,1.23192,1.232002,1.23334,1.2333313,1.23289,1.232874
2018-03-20 03:00:00,1.23271,1.23273,1.2327007,1.23282,1.2328426,1.23192,1.2318727,1.23334,1.2334055,1.23289,1.2328479,1.23291,1.2329469
2018-03-20 04:00:00,1.23273,1.23282,1.2328075,1.23192,1.2319624,1.23334,1.2333236,1.23289,1.2329657,1.23291,1.232904,1.23366,1.2336352
2018-03-20 05:00:00,1.23282,1.23192,1.2318221,1.23334,1.2333931,1.23289,1.2328395,1.23291,1.2329664,1.23366,1.2335118,1.23654,1.2366663
2018-03-20 06:00:00,1.23192,1.23334,1.233273,1.23289,1.232901,1.23291,1.2328727,1.23366,1.2336944,1.23654,1.2363584,1.23684,1.2371066
2018-03-20 07:00:00,1.23334,1.23289,1.2328304,1.23291,1.2329762,1.23366,1.233535,1.23654,1.2364739,1.23684,1.236888,1.23744,1.2372708
2018-03-20 08:00:00,1.23289,1.23291,1.2329041,1.23366,1.2336433,1.23654,1.2365757,1.23684,1.2367679,1.23744,1.237051,1.23972,1.2396908
2018-03-20 09:00:00,1.23291,1.23366,1.2335454,1.23654,1.2363685,1.23684,1.2363856,1.23744,1.2375003,1.23972,1.2393838,1.24002,1.2400736
2018-03-20 10:00:00,1.23366,1.23654,1.2363225,1.23684,1.2367753,1.23744,1.2373736,1.23972,1.239593,1.24002,1.2397361,1.23904,1.2389021
2018-03-20 11:00:00,1.23654,1.23684,1.2367672,1.23744,1.2374061,1.23972,1.2395009,1.24002,1.2399056,1.23904,1.2388945,1.23971,1.2397422
2018-03-20 12:00:00,1.23684,1.23744,1.2373668,1.23972,1.2396625,1.24002,1.239882,1.23904,1.2389853,1.23971,1.23957,1.23848,1.238348
2018-03-20 13:00:00,1.23744,1.23972,1.2395405,1.24002,1.2399218,1.23904,1.238899,1.23971,1.2397219,1.23848,1.2383624,1.23877,1.2387408
2018-03-20 14:00:00,1.23972,1.24002,1.2400132,1.23904,1.2390807,1.23971,1.2396512,1.23848,1.2385257,1.23877,1.2387298,1.23917,1.2391704
2018-03-20 15:00:00,1.24002,1.23904,1.2390625,1.23971,1.2397614,1.23848,1.2383717,1.23877,1.23889,1.23917,1.2390764,1.23927,1.2392496
2018-03-20 16:00:00,1.23904,1.23971,1.2396975,1.23848,1.2384789,1.23877,1.2387077,1.23917,1.2392254,1.23927,1.2391839,1.2392,1.2391735
2018-03-20 17:00:00,1.23971,1.23848,1.2383494,1.23877,1.2388384,1.23917,1.2391411,1.23927,1.2393594,1.2392,1.2390993,1.23939,1.2393698
2018-03-20 18:00:00,1.23848,1.23877,1.2387357,1.23917,1.2391407,1.23927,1.2390952,1.2392,1.2392144,1.23939,1.2391807,1.2402,1.2401851
2018-03-20 19:00:00,1.23877,1.23917,1.2390981,1.23927,1.2392507,1.2392,1.2390763,1.23939,1.2393948,1.2402,1.2400999,1.24084,1.2407445
2018-03-20 20:00:00,1.23917,1.23927,1.2392229,1.2392,1.239195,1.23939,1.2392691,1.2402,1.2402292,1.24084,1.2407582,1.24038,1.2403527
2018-03-20 21:00:00,1.23927,1.2392,1.2391598,1.23939,1.2393992,1.2402,1.2400821,1.24084,1.240897,1.24038,1.2402624,1.24071,1.2406839
2018-03-20 22:00:00,1.2392,1.23939,1.23932,1.2402,1.2401844,1.24084,1.2407666,1.24038,1.2403883,1.24071,1.2405826,1.24034,1.2403307
2018-03-20 23:00:00,1.23939,1.2402,1.2401636,1.24084,1.2408564,1.24038,1.2402946,1.24071,1.2406936,1.24034,1.2402735,1.23983,1.2397873
2018-03-21 00:00:00,1.2402,1.24084,1.2408413,1.24038,1.2403958,1.24071,1.2406725,1.24034,1.2403884,1.23983,1.2398709,1.23885,1.2388214
2018-03-21 01:00:00,1.24084,1.24038,1.2403424,1.24071,1.2407506,1.24034,1.240351,1.23983,1.2399447,1.23885,1.2389286,1.2374101,1.2374535
2018-03-21 02:00:00,1.24038,1.24071,1.2406563,1.24034,1.2403619,1.23983,1.2398778,1.23885,1.2389644,1.2374101,1.2373993,1.23664,1.2367165
2018-03-21 03:00:00,1.24071,1.24034,1.2403227,1.23983,1.2398921,1.23885,1.2389019,1.2374101,1.2374201,1.23664,1.2366409,1.23739,1.2375412
2018-03-21 04:00:00,1.24034,1.23983,1.2398525,1.23885,1.2389727,1.2374101,1.2372868,1.23664,1.2366807,1.23739,1.2372731,1.238,1.2381158
2018-03-21 05:00:00,1.23983,1.23885,1.2389276,1.2374101,1.2375649,1.23664,1.2367437,1.23739,1.2373877,1.238,1.2379766,1.23621,1.2363056
2018-03-21 06:00:00,1.23885,1.2374101,1.2374405,1.23664,1.2367438,1.23739,1.2374811,1.238,1.2381032,1.23621,1.2361507,1.23571,1.2359012
2018-03-21 07:00:00,1.2374101,1.23664,1.2366586,1.23739,1.2374228,1.238,1.2380269,1.23621,1.2362442,1.23571,1.2357465,1.23629,1.2363048
2018-03-21 08:00:00,1.23664,1.23739,1.2373238,1.238,1.2379618,1.23621,1.2361097,1.23571,1.2357203,1.23629,1.2362238,1.23612,1.2360871
2018-03-21 09:00:00,1.23739,1.238,1.2378882,1.23621,1.2361773,1.23571,1.2357186,1.23629,1.2363718,1.23612,1.2361362,1.23669,1.2367597
2018-03-21 10:00:00,1.238,1.23621,1.2362361,1.23571,1.2358637,1.23629,1.236403,1.23612,1.2361574,1.23669,1.2367564,1.23748,1.2375022
2018-03-21 11:00:00,1.23621,1.23571,1.2357355,1.23629,1.236317,1.23612,1.2361196,1.23669,1.236788,1.23748,1.2374254,1.23753,1.2375085
2018-03-21 12:00:00,1.23571,1.23629,1.2362278,1.23612,1.2361124,1.23669,1.2366838,1.23748,1.2375381,1.23753,1.2374498,1.237,1.236976
2018-03-21 13:00:00,1.23629,1.23612,1.2360833,1.23669,1.2367201,1.23748,1.2374601,1.23753,1.2375209,1.237,1.2369549,1.23654,1.2365216
2018-03-21 14:00:00,1.23612,1.23669,1.2366395,1.23748,1.2375016,1.23753,1.2375088,1.237,1.2369974,1.23654,1.2364748,1.23663,1.2366225
2018-03-21 15:00:00,1.23669,1.23748,1.2374301,1.23753,1.2375331,1.237,1.2369775,1.23654,1.2366254,1.23663,1.2366102,1.23674,1.2367389
2018-03-21 16:00:00,1.23748,1.23753,1.2375269,1.237,1.2370301,1.23654,1.2365952,1.23663,1.2367573,1.23674,1.2367187,1.23737,1.2373879
2018-03-21 17:00:00,1.23753,1.237,1.2369647,1.23654,1.2365873,1.23663,1.2366753,1.23674,1.2368103,1.23737,1.2373366,1.2381,1.2381321
2018-03-21 18:00:00,1.237,1.23654,1.2364897,1.23663,1.2366406,1.23674,1.2367072,1.23737,1.2373883,1.2381,1.2380702,1.23754,1.2375164
2018-03-21 19:00:00,1.23654,1.23663,1.2365983,1.23674,1.236718,1.23737,1.2372704,1.2381,1.2381577,1.23754,1.2374148,1.23786,1.2377882
2018-03-21 20:00:00,1.23663,1.23674,1.2366967,1.23737,1.2373636,1.2381,1.2380438,1.23754,1.2375592,1.23786,1.2378247,1.23793,1.237917
2018-03-21 21:00:00,1.23674,1.23737,1.237304,1.2381,1.2380679,1.23754,1.237447,1.23786,1.2379242,1.23793,1.2378918,1.2381,1.2380819
2018-03-21 22:00:00,1.23737,1.2381,1.2380521,1.23754,1.237582,1.23786,1.2378378,1.23793,1.2379777,1.2381,1.2381023,1.23733,1.2373796
2018-03-21 23:00:00,1.2381,1.23754,1.2375517,1.23786,1.2378869,1.23793,1.2379253,1.2381,1.2381874,1.23733,1.2373668,1.23652,1.2365986
2018-03-22 00:00:00,1.23754,1.23786,1.2378373,1.23793,1.2379656,1.2381,1.2380972,1.23733,1.2374094,1.23652,1.2365055,1.23681,1.2368544
2018-03-22 01:00:00,1.23786,1.23793,1.2378917,1.2381,1.2381272,1.23733,1.2373519,1.23652,1.2366499,1.23681,1.2368842,1.23641,1.2363865
2018-03-22 02:00:00,1.23793,1.2381,1.2380764,1.23733,1.2374021,1.23652,1.236482,1.23681,1.2369719,1.23641,1.2364906,1.23594,1.2359772
2018-03-22 03:00:00,1.2381,1.23733,1.2373842,1.23652,1.2367277,1.23681,1.2367773,1.23641,1.2365144,1.23594,1.2359922,1.23621,1.236217
2018-03-22 04:00:00,1.23733,1.23652,1.2364978,1.23681,1.2368238,1.23641,1.2364283,1.23594,1.2359933,1.23621,1.2362565,1.23477,1.2347085
2018-03-22 05:00:00,1.23652,1.23681,1.2367684,1.23641,1.2364315,1.23594,1.2358782,1.23621,1.2362862,1.23477,1.2348033,1.2337999,1.2340236
2018-03-22 06:00:00,1.23681,1.23641,1.2364184,1.23594,1.2359844,1.23621,1.2362353,1.23477,1.2348462,1.2337999,1.2340286,1.23323,1.2334303
2018-03-22 07:00:00,1.23641,1.23594,1.235927,1.23621,1.2362254,1.23477,1.234868,1.2337999,1.2339431,1.23323,1.2332249,1.23435,1.2344695
2018-03-22 08:00:00,1.23594,1.23621,1.2362127,1.23477,1.2348589,1.2337999,1.2338381,1.23323,1.2334837,1.23435,1.2344667,1.23191,1.2321405
2018-03-22 09:00:00,1.23621,1.23477,1.234801,1.2337999,1.2340424,1.23323,1.2333016,1.23435,1.2344812,1.23191,1.231924,1.23156,1.231714
2018-03-22 10:00:00,1.23477,1.2337999,1.23385,1.23323,1.2334301,1.23435,1.2344445,1.23191,1.2320585,1.23156,1.2315389,1.23343,1.2335433
2018-03-22 11:00:00,1.2337999,1.23323,1.2331767,1.23435,1.2344103,1.23191,1.2318277,1.23156,1.2317116,1.23343,1.2335292,1.23027,1.2304723
2018-03-22 12:00:00,1.23323,1.23435,1.2343252,1.23191,1.231966,1.23156,1.2315426,1.23343,1.2335485,1.23027,1.2302376,1.23007,1.2302883
2018-03-22 13:00:00,1.23435,1.23191,1.2318988,1.23156,1.2316512,1.23343,1.2336074,1.23027,1.2304603,1.23007,1.2299678,1.23024,1.2302268
2018-03-22 14:00:00,1.23191,1.23156,1.2315745,1.23343,1.2334447,1.23027,1.2302375,1.23007,1.2302812,1.23024,1.2303106,1.23041,1.2304192
2018-03-22 15:00:00,1.23156,1.23343,1.2336093,1.23027,1.2303399,1.23007,1.230164,1.23024,1.2304121,1.23041,1.2305068,1.23057,1.2306237
2018-03-22 16:00:00,1.23343,1.23027,1.2302384,1.23007,1.2304109,1.23024,1.2304925,1.23041,1.2304586,1.23057,1.2304974,1.23056,1.2305918
2018-03-22 17:00:00,1.23027,1.23007,1.23009,1.23024,1.2302792,1.23041,1.2304437,1.23057,1.2306067,1.23056,1.2304941,1.2303,1.2302684
2018-03-22 18:00:00,1.23007,1.23024,1.2301751,1.23041,1.2304152,1.23057,1.2305249,1.23056,1.23056,1.2303,1.2302656,1.23007,1.2300487
2018-03-22 19:00:00,1.23024,1.23041,1.2303535,1.23057,1.2305517,1.23056,1.2305213,1.2303,1.2303566,1.23007,1.2300605,1.23053,1.2305195
2018-03-22 20:00:00,1.23041,1.23057,1.2305208,1.23056,1.2306048,1.2303,1.2302766,1.23007,1.230149,1.23053,1.2305208,1.23074,1.2307565
2018-03-22 21:00:00,1.23057,1.23056,1.2305312,1.2303,1.2303306,1.23007,1.2300715,1.23053,1.2306005,1.23074,1.2307336,1.231,1.2310263
2018-03-22 22:00:00,1.23056,1.2303,1.2302865,1.23007,1.2300835,1.23053,1.230551,1.23074,1.2308228,1.231,1.2309372,1.2311,1.2311109
2018-03-22 23:00:00,1.2303,1.23007,1.2300563,1.23053,1.2305385,1.23074,1.230723,1.231,1.231081,1.2311,1.2310352,1.2318,1.2318107
2018-03-23 00:00:00,1.23007,1.23053,1.2304999,1.23074,1.2307014,1.231,1.2309749,1.2311,1.2311763,1.2318,1.2316918,1.23174,1.2316993
2018-03-23 01:00:00,1.23053,1.23074,1.2306949,1.231,1.2310088,1.2311,1.2310606,1.2318,1.2318459,1.23174,1.2315853,1.23173,1.2317389
2018-03-23 02:00:00,1.23074,1.231,1.2309803,1.2311,1.231131,1.2318,1.2317214,1.23174,1.2318218,1.23173,1.2316551,1.23224,1.2321523
2018-03-23 03:00:00,1.231,1.2311,1.2310421,1.2318,1.2318382,1.23174,1.2317467,1.23173,1.2317817,1.23224,1.2321131,1.23253,1.2324985
2018-03-23 04:00:00,1.2311,1.2318,1.2317809,1.23174,1.2317216,1.23173,1.2316701,1.23224,1.2322363,1.23253,1.2324666,1.23278,1.2328176
2018-03-23 05:00:00,1.2318,1.23174,1.2317097,1.23173,1.2317462,1.23224,1.2321761,1.23253,1.2325785,1.23278,1.2327834,1.23079,1.2307384
2018-03-23 06:00:00,1.23174,1.23173,1.2316751,1.23224,1.2322298,1.23253,1.2324929,1.23278,1.2328156,1.23079,1.2307199,1.22835,1.2284207
2018-03-23 07:00:00,1.23173,1.23224,1.2321527,1.23253,1.2325257,1.23278,1.2328461,1.23079,1.2308438,1.22835,1.2287012,1.22613,1.2261255
2018-03-23 08:00:00,1.23224,1.23253,1.2325023,1.23278,1.2328129,1.23079,1.2308136,1.22835,1.2287005,1.22613,1.2261734,1.22792,1.22801
2018-03-23 09:00:00,1.23253,1.23278,1.2327969,1.23079,1.2308631,1.22835,1.2283658,1.22613,1.2264562,1.22792,1.2281271,1.22909,1.2292598
2018-03-23 10:00:00,1.23278,1.23079,1.2307945,1.22835,1.2284107,1.22613,1.2266513,1.22792,1.228209,1.22909,1.229105,1.22888,1.2291467
2018-03-23 11:00:00,1.23079,1.22835,1.2285076,1.22613,1.2262369,1.22792,1.2279837,1.22909,1.229316,1.22888,1.229012,1.22831,1.228296
2018-03-23 12:00:00,1.22835,1.22613,1.226233,1.22792,1.2279844,1.22909,1.2291026,1.22888,1.2289003,1.22831,1.2282116,1.22856,1.2285132
2018-03-23 13:00:00,1.22613,1.22792,1.227907,1.22909,1.229131,1.22888,1.2287424,1.22831,1.228371,1.22856,1.2286054,1.22861,1.2286768
2018-03-23 14:00:00,1.22792,1.22909,1.2289928,1.22888,1.228863,1.22831,1.2282019,1.22856,1.2286353,1.22861,1.2285793,1.22873,1.2287098
2018-03-23 15:00:00,1.22909,1.22888,1.2288772,1.22831,1.2283452,1.22856,1.2284971,1.22861,1.2286497,1.22873,1.2287389,1.22841,1.2283884
2018-03-23 16:00:00,1.22888,1.22831,1.2282827,1.22856,1.2286087,1.22861,1.2286062,1.22873,1.2288042,1.22841,1.228368,1.22802,1.2280599
2018-03-23 17:00:00,1.22831,1.22856,1.2285022,1.22861,1.2285929,1.22873,1.2287095,1.22841,1.2284403,1.22802,1.2279664,1.227,1.2269444
2018-03-23 18:00:00,1.22856,1.22861,1.2285658,1.22873,1.2287682,1.22841,1.2284349,1.22802,1.2280632,1.227,1.2269917,1.22685,1.2268528
2018-03-23 19:00:00,1.22861,1.22873,1.2287221,1.22841,1.2284347,1.22802,1.2280225,1.227,1.2271119,1.22685,1.2268524,1.22705,1.2271489
2018-03-23 20:00:00,1.22873,1.22841,1.2284076,1.22802,1.2280254,1.227,1.2270594,1.22685,1.227043,1.22705,1.227046,1.22712,1.2271984
2018-03-25 21:00:00,1.22841,1.22802,1.2280121,1.227,1.2271026,1.22685,1.2268599,1.22705,1.2272071,1.22712,1.2270745,1.22664,1.2266567
2018-03-25 22:00:00,1.22802,1.227,1.226971,1.22685,1.2269421,1.22705,1.2270522,1.22712,1.2272496,1.22664,1.226621,1.22608,1.2261572
2018-03-25 23:00:00,1.227,1.22685,1.2268331,1.22705,1.2270726,1.22712,1.2271017,1.22664,1.2266595,1.22608,1.2260395,1.22661,1.2265834
2018-03-26 00:00:00,1.22685,1.22705,1.2270024,1.22712,1.2271036,1.22664,1.2265929,1.22608,1.2261573,1.22661,1.2265851,1.22663,1.2265726
2018-03-26 01:00:00,1.22705,1.22712,1.2270641,1.22664,1.2266515,1.22608,1.2260747,1.22661,1.2266719,1.22663,1.2265427,1.2279,1.2278702
2018-03-26 02:00:00,1.22712,1.22664,1.2266114,1.22608,1.2260787,1.22661,1.2265995,1.22663,1.22671,1.2279,1.2277815,1.22815,1.2280514
2018-03-26 03:00:00,1.22664,1.22608,1.2260848,1.22661,1.2266229,1.22663,1.2265483,1.2279,1.227942,1.22815,1.22795,1.22917,1.2291551
2018-03-26 04:00:00,1.22608,1.22661,1.2265867,1.22663,1.2266161,1.2279,1.2278146,1.22815,1.2280529,1.22917,1.2289639,1.22854,1.2282066
2018-03-26 05:00:00,1.22661,1.22663,1.2265693,1.2279,1.2278793,1.22815,1.2280128,1.22917,1.2290072,1.22854,1.228358,1.23024,1.2302823
2018-03-26 06:00:00,1.22663,1.2279,1.2278218,1.22815,1.2281364,1.22917,1.2290514,1.22854,1.2284795,1.23024,1.2300277,1.23141,1.2314383
2018-03-26 07:00:00,1.2279,1.22815,1.2280736,1.22917,1.22916,1.22854,1.2284231,1.23024,1.2303152,1.23141,1.231185,1.23229,1.2320079
2018-03-26 08:00:00,1.22815,1.22917,1.2291567,1.22854,1.2285367,1.23024,1.2302625,1.23141,1.2313967,1.23229,1.2321681,1.23272,1.232473
2018-03-26 09:00:00,1.22917,1.22854,1.2285066,1.23024,1.2302012,1.23141,1.231405,1.23229,1.2321643,1.23272,1.2324016,1.23331,1.2330772
2018-03-26 10:00:00,1.22854,1.23024,1.2303007,1.23141,1.2312464,1.23229,1.2318745,1.23272,1.2327459,1.23331,1.232991,1.23473,1.2342749
2018-03-26 11:00:00,1.23024,1.23141,1.2313142,1.23229,1.232265,1.23272,1.232554,1.23331,1.2333022,1.23473,1.234513,1.23576,1.2356869
2018-03-26 12:00:00,1.23141,1.23229,1.2322048,1.23272,1.2325964,1.23331,1.2332307,1.23473,1.2348195,1.23576,1.2355547,1.23396,1.2338264
2018-03-26 13:00:00,1.23229,1.23272,1.2326443,1.23331,1.2332673,1.23473,1.2344983,1.23576,1.2357655,1.23396,1.2338679,1.23326,1.2332102
2018-03-26 14:00:00,1.23272,1.23331,1.2332315,1.23473,1.2345752,1.23576,1.2358676,1.23396,1.2339547,1.23326,1.2331425,1.23335,1.2333134
2018-03-26 15:00:00,1.23331,1.23473,1.2346628,1.23576,1.2357385,1.23396,1.2338154,1.23326,1.23333,1.23335,1.2333028,1.23338,1.2333618
2018-03-26 16:00:00,1.23473,1.23576,1.2357497,1.23396,1.2339791,1.23326,1.2331586,1.23335,1.2333721,1.23338,1.2333146,1.23357,1.2335932
2018-03-26 17:00:00,1.23576,1.23396,1.2340094,1.23326,1.2333846,1.23335,1.2333995,1.23338,1.2335072,1.23357,1.233565,1.23408,1.2340925
2018-03-26 18:00:00,1.23396,1.23326,1.233281,1.23335,1.2334192,1.23338,1.2333373,1.23357,1.233671,1.23408,1.2339857,1.23453,1.234508
2018-03-26 19:00:00,1.23326,1.23335,1.2333071,1.23338,1.2333843,1.23357,1.2334743,1.23408,1.2341509,1.23453,1.2344468,1.23449,1.2344671
2018-03-26 20:00:00,1.23335,1.23338,1.2333555,1.23357,1.2335647,1.23408,1.2339872,1.23453,1.2345445,1.23449,1.2343632,1.23447,1.2343662
2018-03-26 21:00:00,1.23338,1.23357,1.2335185,1.23408,1.2340673,1.23453,1.2343842,1.23449,1.2345105,1.23447,1.2344279,1.2337999,1.233728
2018-03-26 22:00:00,1.23357,1.23408,1.2340324,1.23453,1.2345569,1.23449,1.2343613,1.23447,1.2344878,1.2337999,1.2337404,1.23352,1.2335036
2018-03-26 23:00:00,1.23408,1.23453,1.234477,1.23449,1.2344795,1.23447,1.2343944,1.2337999,1.2338116,1.23352,1.2334083,1.23452,1.2345066
2018-03-27 00:00:00,1.23453,1.23449,1.2344452,1.23447,1.2344835,1.2337999,1.2338059,1.23352,1.2335395,1.23452,1.2344675,1.23488,1.2348933
2018-03-27 01:00:00,1.23449,1.23447,1.2344459,1.2337999,1.233774,1.23352,1.2334775,1.23452,1.2345732,1.23488,1.2348113,1.23458,1.2345798
2018-03-27 02:00:00,1.23447,1.2337999,1.2338172,1.23352,1.2335709,1.23452,1.2344978,1.23488,1.2349288,1.23458,1.234601,1.23162,1.2317684
2018-03-27 03:00:00,1.2337999,1.23352,1.2334762,1.23452,1.2345427,1.23488,1.2348734,1.23458,1.2346414,1.23162,1.231662,1.23109,1.2312444
2018-03-27 04:00:00,1.23352,1.23452,1.2344016,1.23488,1.2348796,1.23458,1.2346036,1.23162,1.2316946,1.23109,1.2312016,1.22958,1.2294736
2018-03-27 05:00:00,1.23452,1.23488,1.2347952,1.23458,1.2346188,1.23162,1.2314844,1.23109,1.2312977,1.22958,1.2295988,1.22837,1.2283654
2018-03-27 06:00:00,1.23488,1.23458,1.2346065,1.23162,1.2317963,1.23109,1.2310688,1.22958,1.2297561,1.22837,1.2290025,1.227,1.2271869
2018-03-27 07:00:00,1.23458,1.23162,1.2319434,1.23109,1.2314168,1.22958,1.2299855,1.22837,1.2284421,1.227,1.2270813,1.22721,1.2273153
2018-03-27 08:00:00,1.23162,1.23109,1.2311698,1.22958,1.2297704,1.22837,1.2285012,1.227,1.2271453,1.22721,1.2272766,1.22699,1.226942
2018-03-27 09:00:00,1.23109,1.22958,1.2296206,1.22837,1.228393,1.227,1.2270083,1.22721,1.2274444,1.22699,1.2271578,1.22533,1.225499
2018-03-27 10:00:00,1.22958,1.22837,1.2283201,1.227,1.2271845,1.22721,1.2272575,1.22699,1.227234,1.22533,1.2253367,1.22608,1.2260771
2018-03-27 11:00:00,1.22837,1.227,1.2270483,1.22721,1.2272787,1.22699,1.2270734,1.22533,1.2253573,1.22608,1.2262228,1.22514,1.2252905
2018-03-27 12:00:00,1.227,1.22721,1.2271899,1.22699,1.2270238,1.22533,1.2252874,1.22608,1.226171,1.22514,1.2251425,1.22458,1.2245294
2018-03-27 13:00:00,1.22721,1.22699,1.2270011,1.22533,1.2253699,1.22608,1.2262182,1.22514,1.2253555,1.22458,1.224583,1.22387,1.2240378
2018-03-27 14:00:00,1.22699,1.22533,1.2253482,1.22608,1.2261565,1.22514,1.2252183,1.22458,1.2246277,1.22387,1.2239623,1.22431,1.2242055
2018-03-27 15:00:00,1.22533,1.22608,1.2260417,1.22514,1.2251612,1.22458,1.2246375,1.22387,1.2239534,1.22431,1.2243607,1.22445,1.2245004
2018-03-27 16:00:00,1.22608,1.22514,1.2251768,1.22458,1.2246606,1.22387,1.2239504,1.22431,1.2245086,1.22445,1.2245121,1.22472,1.224791
2018-03-27 17:00:00,1.22514,1.22458,1.2246369,1.22387,1.2239478,1.22431,1.2244015,1.22445,1.2245173,1.22472,1.2247003,1.22559,1.2255955
2018-03-27 18:00:00,1.22458,1.22387,1.2238144,1.22431,1.2243557,1.22445,1.2244626,1.22472,1.2247748,1.22559,1.2255497,1.22571,1.2256707
2018-03-27 19:00:00,1.22387,1.22431,1.2242777,1.22445,1.2244211,1.22472,1.2246826,1.22559,1.2255465,1.22571,1.2256218,1.22561,1.2255266
2018-03-27 20:00:00,1.22431,1.22445,1.2244127,1.22472,1.2247252,1.22559,1.2255144,1.22571,1.2257084,1.22561,1.2254913,1.22626,1.2261941
2018-03-27 21:00:00,1.22445,1.22472,1.2246754,1.22559,1.2255673,1.22571,1.2256892,1.22561,1.2255524,1.22626,1.226263,1.22602,1.2259957
2018-03-27 22:00:00,1.22472,1.22559,1.2255192,1.22571,1.2256572,1.22561,1.2255186,1.22626,1.2262762,1.22602,1.2259371,1.22613,1.2261668
2018-03-27 23:00:00,1.22559,1.22571,1.2256376,1.22561,1.2256241,1.22626,1.2262708,1.22602,1.2260696,1.22613,1.2260526,1.227,1.2269727
2018-03-28 00:00:00,1.22571,1.22561,1.2255825,1.22626,1.2262653,1.22602,1.2259591,1.22613,1.2261571,1.227,1.2269195,1.2278,1.2276967
2018-03-28 01:00:00,1.22561,1.22626,1.2262253,1.22602,1.2260333,1.22613,1.2260597,1.227,1.2269553,1.2278,1.2277048,1.22792,1.2279813
2018-03-28 02:00:00,1.22626,1.22602,1.2259737,1.22613,1.226144,1.227,1.2269372,1.2278,1.2278292,1.22792,1.2279102,1.22784,1.2278588
2018-03-28 03:00:00,1.22602,1.22613,1.2260828,1.227,1.2270014,1.2278,1.2277322,1.22792,1.2278613,1.22784,1.2277569,1.22818,1.2282124
2018-03-28 04:00:00,1.22613,1.227,1.226947,1.2278,1.2277453,1.22792,1.227832,1.22784,1.2279207,1.22818,1.2282176,1.22741,1.2273382
2018-03-28 05:00:00,1.227,1.2278,1.2277956,1.22792,1.228,1.22784,1.2277664,1.22818,1.2281799,1.22741,1.2273391,1.22841,1.2284379
2018-03-28 06:00:00,1.2278,1.22792,1.2279134,1.22784,1.2278891,1.22818,1.228186,1.22741,1.2274697,1.22841,1.2283684,1.22885,1.228856
2018-03-28 07:00:00,1.22792,1.22784,1.2278262,1.22818,1.2282202,1.22741,1.2273518,1.22841,1.2284551,1.22885,1.2287186,1.22872,1.228686
2018-03-28 08:00:00,1.22784,1.22818,1.2281494,1.22741,1.2274146,1.22841,1.2283363,1.22885,1.228887,1.22872,1.2286863,1.22679,1.2267193
2018-03-28 09:00:00,1.22818,1.22741,1.2273813,1.22841,1.2283833,1.22885,1.2288018,1.22872,1.2287403,1.22679,1.2267759,1.22615,1.2261559
2018-03-28 10:00:00,1.22741,1.22841,1.2283769,1.22885,1.2288444,1.22872,1.2286977,1.22679,1.2268062,1.22615,1.226072,1.2274,1.2273772
2018-03-28 11:00:00,1.22841,1.22885,1.228766,1.22872,1.2287197,1.22679,1.2266747,1.22615,1.2262561,1.2274,1.2272636,1.23293,1.23264
2018-03-28 12:00:00,1.22885,1.22872,1.2287375,1.22679,1.2268122,1.22615,1.2260942,1.2274,1.2274965,1.23293,1.2327555,1.23448,1.234489
2018-03-28 13:00:00,1.22872,1.22679,1.2269392,1.22615,1.2261338,1.2274,1.2273052,1.23293,1.2331434,1.23448,1.2342486,1.23355,1.2336164
2018-03-28 14:00:00,1.22679,1.22615,1.2261531,1.2274,1.2273535,1.23293,1.2328033,1.23448,1.2347919,1.23355,1.2330663,1.23383,1.2336419
2018-03-28 15:00:00,1.22615,1.2274,1.227252,1.23293,1.232649,1.23448,1.2341543,1.23355,1.2334858,1.23383,1.2334986,1.23417,1.233752
2018-03-28 16:00:00,1.2274,1.23293,1.2323802,1.23448,1.2340627,1.23355,1.233166,1.23383,1.2334816,1.23417,1.2339101,1.23456,1.2344987
2018-03-28 17:00:00,1.23293,1.23448,1.2343403,1.23355,1.2335674,1.23383,1.2337112,1.23417,1.2341808,1.23456,1.2343897,1.23676,1.236651
2018-03-28 18:00:00,1.23448,1.23355,1.2335589,1.23383,1.2338545,1.23417,1.2340819,1.23456,1.2345855,1.23676,1.2366779,1.2364,1.2363575
2018-03-28 19:00:00,1.23355,1.23383,1.2337738,1.23417,1.2341394,1.23456,1.2344322,1.23676,1.2366734,1.2364,1.236193,1.23588,1.2358209
2018-03-28 20:00:00,1.23383,1.23417,1.2341279,1.23456,1.2345004,1.23676,1.236613,1.2364,1.236418,1.23588,1.235661,1.2363,1.2362789
2018-03-28 21:00:00,1.23417,1.23456,1.2344676,1.23676,1.236502,1.2364,1.2362142,1.23588,1.2358103,1.2363,1.2362101,1.23597,1.2358472
2018-03-28 22:00:00,1.23456,1.23676,1.2365024,1.2364,1.2363237,1.23588,1.2356572,1.2363,1.2363498,1.23597,1.2359682,1.23451,1.2345039
2018-03-28 23:00:00,1.23676,1.2364,1.2363787,1.23588,1.2359352,1.2363,1.2362083,1.23597,1.2360997,1.23451,1.2345747,1.23522,1.2353922
2018-03-29 00:00:00,1.2364,1.23588,1.2359035,1.2363,1.2363523,1.23597,1.2359596,1.23451,1.2347374,1.23522,1.2351198,1.2372301,1.2373003
2018-03-29 01:00:00,1.23588,1.2363,1.2362709,1.23597,1.2359978,1.23451,1.2344415,1.23522,1.2353686,1.2372301,1.2372898,1.23557,1.2356155
2018-03-29 02:00:00,1.2363,1.23597,1.2359544,1.23451,1.2345252,1.23522,1.2351128,1.2372301,1.237283,1.23557,1.2355586,1.23334,1.2334602
2018-03-29 03:00:00,1.23597,1.23451,1.2345479,1.23522,1.2352972,1.2372301,1.2371861,1.23557,1.2356561,1.23334,1.2333244,1.23173,1.2315738
2018-03-29 04:00:00,1.23451,1.23522,1.2351508,1.2372301,1.2370868,1.23557,1.2355654,1.23334,1.2334604,1.23173,1.2317781,1.23231,1.2325197
2018-03-29 05:00:00,1.23522,1.2372301,1.2370764,1.23557,1.2356098,1.23334,1.2332777,1.23173,1.2317901,1.23231,1.2324054,1.2313,1.2311167
2018-03-29 06:00:00,1.2372301,1.23557,1.2355574,1.23334,1.2335486,1.23173,1.231626,1.23231,1.2325416,1.2313,1.2316915,1.23213,1.2322451
2018-03-29 07:00:00,1.23557,1.23334,1.2336125,1.23173,1.2321143,1.23231,1.2324353,1.2313,1.2314564,1.23213,1.2324182,1.23084,1.2309831
2018-03-29 08:00:00,1.23334,1.23173,1.2317528,1.23231,1.2324377,1.2313,1.2312808,1.23213,1.2322496,1.23084,1.230831,1.23096,1.2311076
2018-03-29 09:00:00,1.23173,1.23231,1.2322944,1.2313,1.2313104,1.23213,1.2321844,1.23084,1.230924,1.23096,1.2310746,1.23061,1.2307054
2018-03-29 10:00:00,1.23231,1.2313,1.2312734,1.23213,1.2321796,1.23084,1.2309713,1.23096,1.231147,1.23061,1.2306604,1.23022,1.2302753
2018-03-29 11:00:00,1.2313,1.23213,1.2321788,1.23084,1.2309035,1.23096,1.2309967,1.23061,1.2306994,1.23022,1.2302809,1.23054,1.230617
2018-03-29 12:00:00,1.23213,1.23084,1.2308327,1.23096,1.2310605,1.23061,1.2306669,1.23022,1.2303537,1.23054,1.2306256,1.23174,1.2317916
2018-03-29 13:00:00,1.23084,1.23096,1.2309738,1.23061,1.2306607,1.23022,1.2302456,1.23054,1.2306273,1.23174,1.2318231,1.22987,1.2299591
2018-03-29 14:00:00,1.23096,1.23061,1.2306013,1.23022,1.2302758,1.23054,1.2305138,1.23174,1.2318043,1.22987,1.2298322,1.23043,1.2304904
2018-03-29 15:00:00,1.23061,1.23022,1.2302065,1.23054,1.2305425,1.23174,1.2318411,1.22987,1.2298919,1.23043,1.2304387,1.23195,1.2319335
2018-03-29 16:00:00,1.23022,1.23054,1.2304529,1.23174,1.2316767,1.22987,1.2298001,1.23043,1.2305287,1.23195,1.2319864,1.23233,1.2323818
2018-03-29 17:00:00,1.23054,1.23174,1.2316909,1.22987,1.2299123,1.23043,1.2304335,1.23195,1.2320449,1.23233,1.2322714,1.23363,1.233615
2018-03-29 18:00:00,1.23174,1.22987,1.229952,1.23043,1.2305002,1.23195,1.23199,1.23233,1.2323866,1.23363,1.2335238,1.2328401,1.232852
2018-03-29 19:00:00,1.22987,1.23043,1.2304242,1.23195,1.2319176,1.23233,1.232149,1.23363,1.2336831,1.2328401,1.2327881,1.23324,1.2331991
2018-03-29 20:00:00,1.23043,1.23195,1.2317641,1.23233,1.2323835,1.23363,1.2336351,1.2328401,1.2328601,1.23324,1.2331566,1.23336,1.2333261
2018-03-29 21:00:00,1.23195,1.23233,1.2322595,1.23363,1.2336681,1.2328401,1.2327995,1.23324,1.2331936,1.23336,1.2332731,1.23343,1.2334303
2018-03-29 22:00:00,1.23233,1.23363,1.2335202,1.2328401,1.2328577,1.23324,1.233229,1.23336,1.2334167,1.23343,1.2333897,1.2330999,1.2331332
2018-03-29 23:00:00,1.23363,1.2328401,1.2328427,1.23324,1.2332884,1.23336,1.2333381,1.23343,1.2335024,1.2330999,1.2330724,1.23443,1.2344923
2018-03-30 00:00:00,1.2328401,1.23324,1.233191,1.23336,1.2333626,1.23343,1.2334039,1.2330999,1.2331841,1.23443,1.2344244,1.23214,1.2321023
2018-03-30 01:00:00,1.23324,1.23336,1.2333186,1.23343,1.2334504,1.2330999,1.2330129,1.23443,1.234556,1.23214,1.2320964,1.23355,1.2336102
2018-03-30 02:00:00,1.23336,1.23343,1.2334172,1.2330999,1.2331574,1.23443,1.2344608,1.23214,1.23216,1.23355,1.2335778,1.23235,1.2323436
2018-03-30 03:00:00,1.23343,1.2330999,1.233089,1.23443,1.2344413,1.23214,1.2319663,1.23355,1.2336932,1.23235,1.232283,1.2330201,1.233119
2018-03-30 04:00:00,1.2330999,1.23443,1.234453,1.23214,1.2322186,1.23355,1.2335012,1.23235,1.2323984,1.2330201,1.2329795,1.2344,1.2343696
2018-03-30 05:00:00,1.23443,1.23214,1.2320168,1.23355,1.2336595,1.23235,1.2322974,1.2330201,1.2331681,1.2344,1.2343768,1.2337201,1.2337544
2018-03-30 06:00:00,1.23214,1.23355,1.2335579,1.23235,1.2323812,1.2330201,1.2329347,1.2344,1.2345409,1.2337201,1.2336338,1.23356,1.2335614
2018-03-30 07:00:00,1.23355,1.23235,1.2323438,1.2330201,1.2330942,1.2344,1.2343621,1.2337201,1.233748,1.23356,1.2334903,1.23367,1.2336073
2018-03-30 08:00:00,1.23235,1.2330201,1.2329668,1.2344,1.2344236,1.2337201,1.2335598,1.23356,1.233557,1.23367,1.2334864,1.2358,1.2355576
2018-03-30 09:00:00,1.2330201,1.2344,1.2343193,1.2337201,1.2337323,1.23356,1.2334557,1.23367,1.2336891,1.2358,1.2357044,1.23617,1.2360237
2018-03-30 10:00:00,1.2344,1.2337201,1.2337152,1.23356,1.2335684,1.23367,1.2336533,1.2358,1.235819,1.23617,1.2359482,1.23611,1.2361412
2018-03-30 11:00:00,1.2337201,1.23356,1.233522,1.23367,1.2336776,1.2358,1.2357417,1.23617,1.2361665,1.23611,1.2359034,1.23671,1.2365855
2018-03-30 12:00:00,1.23356,1.23367,1.2335997,1.2358,1.2357767,1.23617,1.236099,1.23611,1.2361037,1.23671,1.2366251,1.23648,1.2363174
2018-03-30 13:00:00,1.23367,1.2358,1.2356739,1.23617,1.235871,1.23611,1.2359968,1.23671,1.2366636,1.23648,1.2364175,1.23509,1.235047
2018-03-30 14:00:00,1.2358,1.23617,1.2361076,1.23611,1.2361133,1.23671,1.2366289,1.23648,1.2364823,1.23509,1.2349998,1.23575,1.2357876
2018-03-30 15:00:00,1.23617,1.23611,1.2360852,1.23671,1.2367394,1.23648,1.236461,1.23509,1.2351567,1.23575,1.2357013,1.23666,1.2366457
2018-03-30 16:00:00,1.23611,1.23671,1.2366775,1.23648,1.236494,1.23509,1.2350199,1.23575,1.235896,1.23666,1.236699,1.23536,1.2354119
2018-03-30 17:00:00,1.23671,1.23648,1.2365055,1.23509,1.2352132,1.23575,1.235758,1.23666,1.236766,1.23536,1.2353786,1.2369,1.2369577
2018-03-30 18:00:00,1.23648,1.23509,1.2351623,1.23575,1.2358747,1.23666,1.2367024,1.23536,1.2354593,1.2369,1.2368715,1.23692,1.2369108
2018-03-30 19:00:00,1.23509,1.23575,1.2357234,1.23666,1.2366571,1.23536,1.2352246,1.2369,1.2369256,1.23692,1.2367744,1.23745,1.2375067
2018-03-30 20:00:00,1.23575,1.23666,1.236623,1.23536,1.2353647,1.2369,1.2367874,1.23692,1.2369297,1.23745,1.2374195,1.23724,1.2371682
2018-04-01 21:00:00,1.23666,1.23536,1.2353216,1.2369,1.2369037,1.23692,1.2368813,1.23745,1.2374748,1.23724,1.2371774,1.23725,1.2372344
2018-04-01 22:00:00,1.23536,1.2369,1.2368337,1.23692,1.236887,1.23745,1.2373604,1.23724,1.2372465,1.23725,1.237214,1.23654,1.2365019
2018-04-01 23:00:00,1.2369,1.23692,1.2368402,1.23745,1.2374698,1.23724,1.2371688,1.23725,1.2372979,1.23654,1.2365016,1.23612,1.2361288
2018-04-02 00:00:00,1.23692,1.23745,1.2374138,1.23724,1.2372079,1.23725,1.2371916,1.23654,1.2365918,1.23612,1.2360458,1.23822,1.2382591
2018-04-02 01:00:00,1.23745,1.23724,1.2371916,1.23725,1.2373035,1.23654,1.2364832,1.23612,1.2362001,1.23822,1.2381732,1.23917,1.2391645
2018-04-02 02:00:00,1.23724,1.23725,1.23722,1.23654,1.2365861,1.23612,1.2360728,1.23822,1.2383472,1.23917,1.2391446,1.24052,1.2406137
2018-04-02 03:00:00,1.23725,1.23654,1.2365699,1.23612,1.2361753,1.23822,1.2381179,1.23917,1.2392501,1.24052,1.2403615,1.24027,1.2400944
2018-04-02 04:00:00,1.23654,1.23612,1.2361215,1.23822,1.238239,1.23917,1.2389088,1.24052,1.2405219,1.24027,1.2398071,1.24064,1.2405713
2018-04-02 05:00:00,1.23612,1.23822,1.2381384,1.23917,1.2389457,1.24052,1.2402337,1.24027,1.2402222,1.24064,1.2403277,1.24002,1.2400516
2018-04-02 06:00:00,1.23822,1.23917,1.2390409,1.24052,1.2405331,1.24027,1.2400342,1.24064,1.2405696,1.24002,1.2397892,1.24359,1.2433686
2018-04-02 07:00:00,1.23917,1.24052,1.2404172,1.24027,1.2402518,1.24064,1.2405912,1.24002,1.2400718,1.24359,1.243542,1.24409,1.2440921
2018-04-02 08:00:00,1.24052,1.24027,1.2401943,1.24064,1.240649,1.24002,1.2398863,1.24359,1.2436005,1.24409,1.2441099,1.2439799,1.2438526
2018-04-02 09:00:00,1.24027,1.24064,1.2406251,1.24002,1.2400106,1.24359,1.2435116,1.24409,1.2440708,1.2439799,1.2438933,1.24435,1.244207
2018-04-02 10:00:00,1.24064,1.24002,1.2399275,1.24359,1.2435055,1.24409,1.2440091,1.2439799,1.2439141,1.24435,1.2442731,1.24519,1.2448783
2018-04-02 11:00:00,1.24002,1.24359,1.24334,1.24409,1.243784,1.2439799,1.2437954,1.24435,1.244057,1.24519,1.2452729,1.24544,1.2452291
2018-04-02 12:00:00,1.24359,1.24409,1.2439915,1.2439799,1.2440038,1.24435,1.2442439,1.24519,1.2452133,1.24544,1.2453488,1.24515,1.2450275
2018-04-02 13:00:00,1.24409,1.2439799,1.2439777,1.24435,1.2443467,1.24519,1.2451324,1.24544,1.2454728,1.24515,1.2451025,1.24462,1.2446034
2018-04-02 14:00:00,1.2439799,1.24435,1.2442877,1.24519,1.2450871,1.24544,1.2453206,1.24515,1.2451748,1.24462,1.2445159,1.24462,1.244644
2018-04-02 15:00:00,1.24435,1.24519,1.245112,1.24544,1.2453645,1.24515,1.2450212,1.24462,1.2446434,1.24462,1.2445177,1.24516,1.2451541
2018-04-02 16:00:00,1.24519,1.24544,1.2454056,1.24515,1.2451459,1.24462,1.2444952,1.24462,1.2447183,1.24516,1.2451205,1.24565,1.245674
2018-04-02 17:00:00,1.24544,1.24515,1.2451692,1.24462,1.244693,1.24462,1.2445642,1.24516,1.245261,1.24565,1.2456442,1.24487,1.2449285
2018-04-02 18:00:00,1.24515,1.24462,1.2445664,1.24462,1.2446307,1.24516,1.2451227,1.24565,1.2457284,1.24487,1.2448645,1.24427,1.2443507
2018-04-02 19:00:00,1.24462,1.24462,1.244562,1.24516,1.2451563,1.24565,1.2455816,1.24487,1.2449093,1.24427,1.2442349,1.24457,1.244613
2018-04-02 20:00:00,1.24462,1.24516,1.245103,1.24565,1.2456421,1.24487,1.2448031,1.24427,1.2443585,1.24457,1.2445291,1.2451,1.2450814
2018-04-02 21:00:00,1.24516,1.24565,1.2456167,1.24487,1.2449008,1.24427,1.2442069,1.24457,1.2446725,1.2451,1.2450551,1.24488,1.2449
2018-04-02 22:00:00,1.24565,1.24487,1.2448565,1.24427,1.2443883,1.24457,1.2445543,1.2451,1.245182,1.24488,1.2448957,1.24479,1.2448325
2018-04-02 23:00:00,1.24487,1.24427,1.2442689,1.24457,1.2446296,1.2451,1.2450829,1.24488,1.2449503,1.24479,1.2447076,1.2465,1.2465228
2018-04-03 00:00:00,1.24427,1.24457,1.2445066,1.2451,1.2450873,1.24488,1.2448072,1.24479,1.2448441,1.2465,1.2464672,1.24649,1.2464249
2018-04-03 01:00:00,1.24457,1.2451,1.2450153,1.24488,1.2448522,1.24479,1.2446654,1.2465,1.2465643,1.24649,1.2465837,1.24295,1.2429004
2018-04-03 02:00:00,1.2451,1.24488,1.244831,1.24479,1.2447878,1.2465,1.246425,1.24649,1.2465059,1.24295,1.2430313,1.24136,1.2414194
2018-04-03 03:00:00,1.24488,1.24479,1.2447302,1.2465,1.2464281,1.24649,1.2464632,1.24295,1.2429336,1.24136,1.2414249,1.24062,1.2407736
2018-04-03 04:00:00,1.24479,1.2465,1.2464749,1.24649,1.2463894,1.24295,1.2429084,1.24136,1.241499,1.24062,1.2411002,1.23909,1.2395928
2018-04-03 05:00:00,1.2465,1.24649,1.2465135,1.24295,1.2430995,1.24136,1.2418909,1.24062,1.2409612,1.23909,1.239339,1.23862,1.23891
2018-04-03 06:00:00,1.24649,1.24295,1.2431216,1.24136,1.2414849,1.24062,1.2408996,1.23909,1.2392999,1.23862,1.2388742,1.23902,1.2390212
2018-04-03 07:00:00,1.24295,1.24136,1.241433,1.24062,1.2409127,1.23909,1.2392348,1.23862,1.2390015,1.23902,1.2392352,1.2393,1.2395115
2018-04-03 08:00:00,1.24136,1.24062,1.2407126,1.23909,1.2392188,1.23862,1.2386229,1.23902,1.2393456,1.2393,1.2392558,1.2408,1.2408721
2018-04-03 09:00:00,1.24062,1.23909,1.239121,1.23862,1.2388399,1.23902,1.2389653,1.2393,1.2394528,1.2408,1.2407769,1.24132,1.2412994
2018-04-03 10:00:00,1.23909,1.23862,1.2385445,1.23902,1.2390516,1.2393,1.2392361,1.2408,1.2408078,1.24132,1.2412577,1.24087,1.2407877
2018-04-03 11:00:00,1.23862,1.23902,1.2389224,1.2393,1.2392522,1.2408,1.2405969,1.24132,1.2411578,1.24087,1.2406889,1.23999,1.2398962
2018-04-03 12:00:00,1.23902,1.2393,1.2392496,1.2408,1.2407537,1.24132,1.2412679,1.24087,1.2408388,1.23999,1.2399447,1.2395899,1.2395221
2018-04-03 13:00:00,1.2393,1.2408,1.240721,1.24132,1.241226,1.24087,1.2407235,1.23999,1.2399833,1.2395899,1.2395334,1.24002,1.2399576
2018-04-03 14:00:00,1.2408,1.24132,1.2412301,1.24087,1.2408869,1.23999,1.2400335,1.2395899,1.2396629,1.24002,1.2400633,1.2404,1.240376
2018-04-03 15:00:00,1.24132,1.24087,1.2408875,1.23999,1.2400999,1.2395899,1.2396502,1.24002,1.2400994,1.2404,1.2403612,1.24053,1.2405335
2018-04-03 16:00:00,1.24087,1.23999,1.2400317,1.2395899,1.2396672,1.24002,1.2399946,1.2404,1.2404854,1.24053,1.2404656,1.24081,1.2408102
2018-04-03 17:00:00,1.23999,1.2395899,1.239582,1.24002,1.2400236,1.2404,1.2403694,1.24053,1.2405834,1.24081,1.2407354,1.24125,1.2412019
2018-04-03 18:00:00,1.2395899,1.24002,1.2399776,1.2404,1.2404515,1.24053,1.2404171,1.24081,1.2408471,1.24125,1.2412304,1.24149,1.2414272
2018-04-03 19:00:00,1.24002,1.2404,1.2403426,1.24053,1.2405546,1.24081,1.2406621,1.24125,1.2413085,1.24149,1.2413632,1.24168,1.2416483
2018-04-03 20:00:00,1.2404,1.24053,1.2404733,1.24081,1.2408113,1.24125,1.2411678,1.24149,1.2415577,1.24168,1.241619,1.24206,1.2419815
2018-04-03 21:00:00,1.24053,1.24081,1.240749,1.24125,1.241247,1.24149,1.2414054,1.24168,1.241689,1.24206,1.2420541,1.24072,1.240681
2018-04-03 22:00:00,1.24081,1.24125,1.2411728,1.24149,1.2414498,1.24168,1.2416186,1.24206,1.242142,1.24072,1.240659,1.24059,1.2405967
2018-04-03 23:00:00,1.24125,1.24149,1.2414384,1.24168,1.2416962,1.24206,1.2420522,1.24072,1.2407243,1.24059,1.2405984,1.23928,1.2393099
2018-04-04 00:00:00,1.24149,1.24168,1.2416162,1.24206,1.2420924,1.24072,1.2406826,1.24059,1.2406863,1.23928,1.2392653,1.23979,1.2398674
2018-04-04 01:00:00,1.24168,1.24206,1.2420199,1.24072,1.2407715,1.24059,1.2406079,1.23928,1.2393825,1.23979,1.2398832,1.23967,1.2396387
2018-04-04 02:00:00,1.24206,1.24072,1.2408402,1.24059,1.2406965,1.23928,1.239292,1.23979,1.2400326,1.23967,1.2398499,1.23912,1.23939
2018-04-04 03:00:00,1.24072,1.24059,1.2405989,1.23928,1.2393357,1.23979,1.2398078,1.23967,1.2397475,1.23912,1.2391262,1.23911,1.2391487
2018-04-04 04:00:00,1.24059,1.23928,1.2393243,1.23979,1.2398522,1.23967,1.2397013,1.23912,1.2392355,1.23911,1.239144,1.24033,1.2403826
2018-04-04 05:00:00,1.23928,1.23979,1.2397524,1.23967,1.2397096,1.23912,1.2390687,1.23911,1.2392156,1.24033,1.240356,1.23822,1.2382684
2018-04-04 06:00:00,1.23979,1.23967,1.2396462,1.23912,1.2391396,1.23911,1.2390813,1.24033,1.2404137,1.23822,1.238371,1.23423,1.234202
2018-04-04 07:00:00,1.23967,1.23912,1.2390885,1.23911,1.2391274,1.24033,1.240341,1.23822,1.2383873,1.23423,1.2341728,1.23509,1.2352213
2018-04-04 08:00:00,1.23912,1.23911,1.239042,1.24033,1.2403969,1.23822,1.2382534,1.23423,1.2342641,1.23509,1.2351106,1.23493,1.2348804
2018-04-04 09:00:00,1.23911,1.24033,1.2402568,1.23822,1.2383112,1.23423,1.23439,1.23509,1.2352362,1.23493,1.2349687,1.23452,1.2345283
2018-04-04 10:00:00,1.24033,1.23822,1.2383116,1.23423,1.234432,1.23509,1.2352351,1.23493,1.2349681,1.23452,1.234814,1.23165,1.2321126
2018-04-04 11:00:00,1.23822,1.23423,1.234512,1.23509,1.235003,1.23493,1.234886,1.23452,1.2346295,1.23165,1.2317194,1.23125,1.2316822
2018-04-04 12:00:00,1.23423,1.23509,1.2350628,1.23493,1.2348628,1.23452,1.2345865,1.23165,1.2316449,1.23125,1.2312431,1.23002,1.2300786
2018-04-04 13:00:00,1.23509,1.23493,1.2348698,1.23452,1.2346056,1.23165,1.2315469,1.23125,1.2313406,1.23002,1.2303314,1.2306,1.23095
2018-04-04 14:00:00,1.23493,1.23452,1.2345858,1.23165,1.2318895,1.23125,1.2313256,1.23002,1.2302213,1.2306,1.2306931,1.23084,1.230955
2018-04-04 15:00:00,1.23452,1.23165,1.2316772,1.23125,1.2313484,1.23002,1.2300162,1.2306,1.2308129,1.23084,1.231028,1.23092,1.2308838
2018-04-04 16:00:00,1.23165,1.23125,1.231255,1.23002,1.2301688,1.2306,1.230722,1.23084,1.2309163,1.23092,1.2309093,1.2311599,1.2311684
2018-04-04 17:00:00,1.23125,1.23002,1.2300608,1.2306,1.230648,1.23084,1.230858,1.23092,1.2309538,1.2311599,1.2311003,1.23121,1.2311648
2018-04-04 18:00:00,1.23002,1.2306,1.230557,1.23084,1.2307966,1.23092,1.2308832,1.2311599,1.2311245,1.23121,1.2311128,1.2317,1.2316966
2018-04-04 19:00:00,1.2306,1.23084,1.2307705,1.23092,1.2309058,1.2311599,1.2311083,1.23121,1.2312512,1.2317,1.2315736,1.23228,1.2321123
2018-04-04 20:00:00,1.23084,1.23092,1.2308857,1.2311599,1.2311474,1.23121,1.2311805,1.2317,1.2317362,1.23228,1.2321754,1.23272,1.2327073
2018-04-04 21:00:00,1.23092,1.2311599,1.2311037,1.23121,1.2312202,1.2317,1.2316592,1.23228,1.2323054,1.23272,1.2327186,1.23298,1.2329189
2018-04-04 22:00:00,1.2311599,1.23121,1.2311671,1.2317,1.2316451,1.23228,1.2322726,1.23272,1.2327962,1.23298,1.2329187,1.23326,1.2331597
2018-04-04 23:00:00,1.23121,1.2317,1.2316624,1.23228,1.2322713,1.23272,1.2327282,1.23298,1.2330315,1.23326,1.2332687,1.23076,1.2306654
2018-04-05 00:00:00,1.2317,1.23228,1.2321984,1.23272,1.2327081,1.23298,1.2328708,1.23326,1.2332792,1.23076,1.230685,1.23077,1.2307603
2018-04-05 01:00:00,1.23228,1.23272,1.2326689,1.23298,1.2330176,1.23326,1.2332966,1.23076,1.2308211,1.23077,1.2308348,1.23066,1.2306495
2018-04-05 02:00:00,1.23272,1.23298,1.2329303,1.23326,1.2332982,1.23076,1.230788,1.23077,1.2309022,1.23066,1.2306968,1.23137,1.2313653
2018-04-05 03:00:00,1.23298,1.23326,1.2333096,1.23076,1.2308955,1.23077,1.23085,1.23066,1.2308013,1.23137,1.2314025,1.23222,1.2322234
2018-04-05 04:00:00,1.23326,1.23076,1.2309372,1.23077,1.2307663,1.23066,1.2307436,1.23137,1.2314792,1.23222,1.2321476,1.23176,1.2317729
2018-04-05 05:00:00,1.23076,1.23077,1.230778,1.23066,1.2306769,1.23137,1.2313322,1.23222,1.2322224,1.23176,1.2316328,1.2318,1.2317549
2018-04-05 06:00:00,1.23077,1.23066,1.230618,1.23137,1.2313712,1.23222,1.2322307,1.23176,1.2317955,1.2318,1.231714,1.2323,1.2322749
2018-04-05 07:00:00,1.23066,1.23137,1.2313163,1.23222,1.2321259,1.23176,1.2316196,1.2318,1.2317971,1.2323,1.2322975,1.22978,1.2297269
2018-04-05 08:00:00,1.23137,1.23222,1.2320948,1.23176,1.2317309,1.2318,1.23167,1.2323,1.2323189,1.22978,1.2297018,1.22875,1.2285638
2018-04-05 09:00:00,1.23222,1.23176,1.2317585,1.2318,1.2318313,1.2323,1.2323279,1.22978,1.2297434,1.22875,1.228793,1.22896,1.2289966
2018-04-05 10:00:00,1.23176,1.2318,1.2317833,1.2323,1.2323365,1.22978,1.2297953,1.22875,1.2288382,1.22896,1.228866,1.22958,1.2296381
2018-04-05 11:00:00,1.2318,1.2323,1.23235,1.22978,1.2298523,1.22875,1.2287555,1.22896,1.2290357,1.22958,1.2296305,1.23052,1.2305439
2018-04-05 12:00:00,1.2323,1.22978,1.2297575,1.22875,1.228936,1.22896,1.2289484,1.22958,1.2296345,1.23052,1.230616,1.23044,1.2304809
2018-04-05 13:00:00,1.22978,1.22875,1.2287909,1.22896,1.2290342,1.22958,1.2295476,1.23052,1.2306355,1.23044,1.2303592,1.2298,1.2297704
2018-04-05 14:00:00,1.22875,1.22896,1.2289376,1.22958,1.2295732,1.23052,1.2305257,1.23044,1.2304597,1.2298,1.2296034,1.2301,1.2299706
2018-04-05 15:00:00,1.22896,1.22958,1.2295133,1.23052,1.2304101,1.23044,1.2304039,1.2298,1.2297857,1.2301,1.229945,1.23033,1.2303165
2018-04-05 16:00:00,1.22958,1.23052,1.2304395,1.23044,1.2304211,1.2298,1.2296602,1.2301,1.2301047,1.23033,1.2302647,1.2301099,1.2300656
2018-04-05 17:00:00,1.23052,1.23044,1.2304218,1.2298,1.2298099,1.2301,1.2300488,1.23033,1.230365,1.2301099,1.2300838,1.22991,1.2298998
2018-04-05 18:00:00,1.23044,1.2298,1.2297556,1.2301,1.2301204,1.23033,1.2303021,1.2301099,1.2301116,1.22991,1.2297858,1.2312,1.2311144
2018-04-05 19:00:00,1.2298,1.2301,1.2300438,1.23033,1.2303199,1.2301099,1.2300699,1.22991,1.2299148,1.2312,1.2310715,1.23139,1.2312424
2018-04-05 20:00:00,1.2301,1.23033,1.2302715,1.2301099,1.2300982,1.22991,1.229819,1.2312,1.2312055,1.23139,1.2312633,1.23131,1.2313453
2018-04-05 21:00:00,1.23033,1.2301099,1.2300913,1.22991,1.2299398,1.2312,1.2311205,1.23139,1.2314179,1.23131,1.2311891,1.23105,1.2309897
2018-04-05 22:00:00,1.2301099,1.22991,1.2298793,1.2312,1.2311522,1.23139,1.2313211,1.23131,1.231344,1.23105,1.2309363,1.23055,1.2304689
2018-04-05 23:00:00,1.22991,1.2312,1.2310945,1.23139,1.2313697,1.23131,1.2311625,1.23105,1.231108,1.23055,1.2304391,1.23161,1.2316355
2018-04-06 00:00:00,1.2312,1.23139,1.2313639,1.23131,1.2313404,1.23105,1.2310103,1.23055,1.230626,1.23161,1.231565,1.23224,1.2322071
2018-04-06 01:00:00,1.23139,1.23131,1.2313148,1.23105,1.2310519,1.23055,1.2304608,1.23161,1.2316774,1.23224,1.2322005,1.2327,1.2326338
2018-04-06 02:00:00,1.23131,1.23105,1.2310593,1.23055,1.2306015,1.23161,1.2315671,1.23224,1.2322924,1.2327,1.2326635,1.23255,1.2325305
2018-04-06 03:00:00,1.23105,1.23055,1.2305317,1.23161,1.231582,1.23224,1.2322049,1.2327,1.2326291,1.23255,1.2323856,1.23258,1.232588
2018-04-06 04:00:00,1.23055,1.23161,1.2315353,1.23224,1.2322063,1.2327,1.232679,1.23255,1.2325244,1.23258,1.232412,1.2326701,1.2325987
2018-04-06 05:00:00,1.23161,1.23224,1.2321817,1.2327,1.2326885,1.23255,1.2324699,1.23258,1.2325476,1.2326701,1.2325984,1.23268,1.2326837
2018-04-06 06:00:00,1.23224,1.2327,1.2326914,1.23255,1.2325631,1.23258,1.2325182,1.2326701,1.2327312,1.23268,1.232624,1.23244,1.2324482
2018-04-06 07:00:00,1.2327,1.23255,1.2325118,1.23258,1.2326088,1.2326701,1.2326281,1.23268,1.2327684,1.23244,1.2324485,1.23202,1.232088
2018-04-06 08:00:00,1.23255,1.23258,1.2325515,1.2326701,1.232687,1.23268,1.2326574,1.23244,1.2325042,1.23202,1.2320318,1.23172,1.2318399
2018-04-06 09:00:00,1.23258,1.2326701,1.2326275,1.23268,1.2326837,1.23244,1.2324327,1.23202,1.2321575,1.23172,1.2316854,1.2325,1.232547
2018-04-06 10:00:00,1.2326701,1.23268,1.2326648,1.23244,1.2324722,1.23202,1.2320224,1.23172,1.2318689,1.2325,1.2325366,1.23197,1.2319919
2018-04-06 11:00:00,1.23268,1.23244,1.2324445,1.23202,1.2321126,1.23172,1.2317017,1.2325,1.2326187,1.23197,1.2319663,1.23229,1.2323105
2018-04-06 12:00:00,1.23244,1.23202,1.2320583,1.23172,1.231816,1.2325,1.2325273,1.23197,1.2320594,1.23229,1.2322768,1.2316899,1.2317266
2018-04-06 13:00:00,1.23202,1.23172,1.2316839,1.2325,1.2325268,1.23197,1.2318949,1.23229,1.2323481,1.2316899,1.2316417,1.23207,1.2321129
2018-04-06 14:00:00,1.23172,1.2325,1.2325013,1.23197,1.2319138,1.23229,1.2322458,1.2316899,1.231749,1.23207,1.2320901,1.23205,1.2320704
2018-04-06 15:00:00,1.2325,1.23197,1.2319335,1.23229,1.2322848,1.2316899,1.2316097,1.23207,1.232144,1.23205,1.2320738,1.23162,1.2316686
2018-04-06 16:00:00,1.23197,1.23229,1.2322371,1.2316899,1.2317214,1.23207,1.2320727,1.23205,1.2321573,1.23162,1.2316355,1.2312,1.2312372
2018-04-06 17:00:00,1.23229,1.2316899,1.2316623,1.23207,1.2321365,1.23205,1.2320615,1.23162,1.2317339,1.2312,1.2312497,1.23213,1.232162
2018-04-06 18:00:00,1.2316899,1.23207,1.2320294,1.23205,1.2320374,1.23162,1.2316301,1.2312,1.2312982,1.23213,1.2320846,1.23261,1.2326071
2018-04-06 19:00:00,1.23207,1.23205,1.2320106,1.23162,1.2316567,1.2312,1.2311412,1.23213,1.2322204,1.23261,1.2326032,1.23226,1.2322925
2018-04-06 20:00:00,1.23205,1.23162,1.2316213,1.2312,1.2312473,1.23213,1.2320886,1.23261,1.2326423,1.23226,1.2322516,1.23181,1.2318306
2018-04-08 21:00:00,1.23162,1.2312,1.2311873,1.23213,1.2321262,1.23261,1.2325823,1.23226,1.2323115,1.23181,1.2317529,1.2316,1.2315618
2018-04-08 22:00:00,1.2312,1.23213,1.2320307,1.23261,1.2326069,1.23226,1.232219,1.23181,1.2318928,1.2316,1.2315277,1.2316899,1.2316725
2018-04-08 23:00:00,1.23213,1.23261,1.2325611,1.23226,1.2322901,1.23181,1.231744,1.2316,1.2316624,1.2316899,1.2316649,1.23217,1.2321538
2018-04-09 00:00:00,1.23261,1.23226,1.2322692,1.23181,1.2318738,1.2316,1.2315525,1.2316899,1.2317684,1.23217,1.2321167,1.2330201,1.2329831
2018-04-09 01:00:00,1.23226,1.23181,1.2317643,1.2316,1.2315995,1.2316899,1.2316298,1.23217,1.2322197,1.2330201,1.2329447,1.23287,1.2328129
2018-04-09 02:00:00,1.23181,1.2316,1.2315551,1.2316899,1.2316669,1.23217,1.2320945,1.2330201,1.2331079,1.23287,1.2328,1.23307,1.2330596
2018-04-09 03:00:00,1.2316,1.2316899,1.2316135,1.23217,1.2321398,1.2330201,1.2329066,1.23287,1.2328436,1.23307,1.2330302,1.23273,1.2326663
2018-04-09 04:00:00,1.2316899,1.23217,1.2321246,1.2330201,1.2329867,1.23287,1.2327482,1.23307,1.2330831,1.23273,1.2326361,1.2341,1.2340128
2018-04-09 05:00:00,1.23217,1.2330201,1.2329704,1.23287,1.2328936,1.23307,1.2330176,1.23273,1.2327813,1.2341,1.2340398,1.23353,1.2335238
2018-04-09 06:00:00,1.2330201,1.23287,1.2328273,1.23307,1.233093,1.23273,1.2326572,1.2341,1.2340732,1.23353,1.2334803,1.23209,1.2320747
2018-04-09 07:00:00,1.23287,1.23307,1.2330512,1.23273,1.2327437,1.2341,1.2340729,1.23353,1.2335668,1.23209,1.23211,1.2311599,1.2311667
2018-04-09 08:00:00,1.23307,1.23273,1.2326648,1.2341,1.2341278,1.23353,1.2335238,1.23209,1.2321451,1.2311599,1.2313417,1.2287,1.2288208
2018-04-09 09:00:00,1.23273,1.2341,1.2339671,1.23353,1.2334877,1.23209,1.2320714,1.2311599,1.2311918,1.2287,1.2287016,1.22935,1.2296488
2018-04-09 10:00:00,1.2341,1.23353,1.2335516,1.23209,1.2321625,1.2311599,1.2312977,1.2287,1.228927,1.22935,1.2295643,1.2304,1.2304407
2018-04-09 11:00:00,1.23353,1.23209,1.2320918,1.2311599,1.2313174,1.2287,1.228696,1.22935,1.2296221,1.2304,1.2305375,1.22996,1.2301267
2018-04-09 12:00:00,1.23209,1.2311599,1.2313066,1.2287,1.22884,1.22935,1.2294958,1.2304,1.2305524,1.22996,1.2299774,1.23052,1.2306442
2018-04-09 13:00:00,1.2311599,1.2287,1.2288165,1.22935,1.229431,1.2304,1.2304357,1.22996,1.2299855,1.23052,1.230474,1.2299399,1.2299147
2018-04-09 14:00:00,1.2287,1.22935,1.229312,1.2304,1.2302521,1.22996,1.2298595,1.23052,1.2305754,1.2299399,1.2297959,1.23002,1.2299123
2018-04-09 15:00:00,1.22935,1.2304,1.2303468,1.22996,1.2299664,1.23052,1.2304226,1.2299399,1.2299598,1.23002,1.2300045,1.2300301,1.2299939
2018-04-09 16:00:00,1.2304,1.22996,1.2299138,1.23052,1.2305434,1.2299399,1.2299036,1.23002,1.2300779,1.2300301,1.2300204,1.22927,1.2292267
2018-04-09 17:00:00,1.22996,1.23052,1.2304649,1.2299399,1.2299516,1.23002,1.229985,1.2300301,1.2300416,1.22927,1.2292128,1.23027,1.2302496
2018-04-09 18:00:00,1.23052,1.2299399,1.2299719,1.23002,1.2300303,1.2300301,1.2300637,1.22927,1.2293261,1.23027,1.2302256,1.23028,1.2302253
2018-04-09 19:00:00,1.2299399,1.23002,1.2299813,1.2300301,1.2299986,1.22927,1.2292614,1.23027,1.2303169,1.23028,1.2301886,1.23069,1.2307006
2018-04-09 20:00:00,1.23002,1.2300301,1.2300234,1.22927,1.2293081,1.23027,1.230276,1.23028,1.230341,1.23069,1.2306702,1.23048,1.2304252
2018-04-09 21:00:00,1.2300301,1.22927,1.2292149,1.23027,1.2303135,1.23028,1.2302682,1.23069,1.2307526,1.23048,1.230401,1.23094,1.2309017
2018-04-09 22:00:00,1.22927,1.23027,1.2302048,1.23028,1.2302923,1.23069,1.2306381,1.23048,1.2304976,1.23094,1.2308345,1.23076,1.2307445
2018-04-09 23:00:00,1.23027,1.23028,1.230235,1.23069,1.2306963,1.23048,1.2304069,1.23094,1.2309451,1.23076,1.2306883,1.23224,1.2321924
2018-04-10 00:00:00,1.23028,1.23069,1.230653,1.23048,1.2304866,1.23094,1.2309134,1.23076,1.2307938,1.23224,1.2321081,1.23233,1.2321881
2018-04-10 01:00:00,1.23069,1.23048,1.2304341,1.23094,1.230941,1.23076,1.2306677,1.23224,1.2323049,1.23233,1.2322662,1.23164,1.2315934
2018-04-10 02:00:00,1.23048,1.23094,1.2309017,1.23076,1.2307612,1.23224,1.2321413,1.23233,1.2323203,1.23164,1.231595,1.23068,1.2306484
2018-04-10 03:00:00,1.23094,1.23076,1.2306957,1.23224,1.2322016,1.23233,1.2322989,1.23164,1.2316332,1.23068,1.2306653,1.22877,1.228739
2018-04-10 04:00:00,1.23076,1.23224,1.2321776,1.23233,1.2322727,1.23164,1.2315767,1.23068,1.230722,1.22877,1.2286986,1.2301099,1.2301732
2018-04-10 05:00:00,1.23224,1.23233,1.2322813,1.23164,1.2316859,1.23068,1.2306609,1.22877,1.22886,1.2301099,1.2301812,1.22955,1.2295392
2018-04-10 06:00:00,1.23233,1.23164,1.2316189,1.23068,1.2307218,1.22877,1.228858,1.2301099,1.2302518,1.22955,1.2297006,1.22578,1.2259336
2018-04-10 07:00:00,1.23164,1.23068,1.2307303,1.22877,1.2289575,1.2301099,1.2301102,1.22955,1.2296368,1.22578,1.225861,1.22725,1.2272757
2018-04-10 08:00:00,1.23068,1.22877,1.2287182,1.2301099,1.2301779,1.22955,1.2297273,1.22578,1.2258005,1.22725,1.2276531,1.22602,1.2262005
2018-04-10 09:00:00,1.22877,1.2301099,1.2300029,1.22955,1.2295895,1.22578,1.2257657,1.22725,1.2274464,1.22602,1.2258877,1.22662,1.2267241
2018-04-10 10:00:00,1.2301099,1.22955,1.229593,1.22578,1.2260544,1.22725,1.2272701,1.22602,1.2261006,1.22662,1.2266207,1.22638,1.2263763
2018-04-10 11:00:00,1.22955,1.22578,1.2261062,1.22725,1.2274016,1.22602,1.2260064,1.22662,1.2268314,1.22638,1.2263201,1.22674,1.2269237
2018-04-10 12:00:00,1.22578,1.22725,1.2271904,1.22602,1.226051,1.22662,1.2266234,1.22638,1.2264131,1.22674,1.2266167,1.22634,1.2263261
2018-04-10 13:00:00,1.22725,1.22602,1.2259378,1.22662,1.2266363,1.22638,1.2263603,1.22674,1.2267869,1.22634,1.2262878,1.22671,1.2266946
2018-04-10 14:00:00,1.22602,1.22662,1.2265863,1.22638,1.22638,1.22674,1.2266915,1.22634,1.2263337,1.22671,1.2266064,1.22694,1.2268528
2018-04-10 15:00:00,1.22662,1.22638,1.2263361,1.22674,1.226771,1.22634,1.2262824,1.22671,1.2267385,1.22694,1.2268943,1.22717,1.227114
2018-04-10 16:00:00,1.22638,1.22674,1.2267201,1.22634,1.2263235,1.22671,1.226704,1.22694,1.2269447,1.22717,1.2270751,1.22773,1.2276874
2018-04-10 17:00:00,1.22674,1.22634,1.2262746,1.22671,1.2267293,1.22694,1.2269161,1.22717,1.2271957,1.22773,1.2275989,1.22781,1.227732
2018-04-10 18:00:00,1.22634,1.22671,1.2267174,1.22694,1.2269658,1.22717,1.2271292,1.22773,1.2277411,1.22781,1.2276909,1.2277,1.2276037
2018-04-10 19:00:00,1.22671,1.22694,1.2268765,1.22717,1.2271743,1.22773,1.2276791,1.22781,1.2277942,1.2277,1.2276037,1.22807,1.22803
2018-04-10 20:00:00,1.22694,1.22717,1.2271276,1.22773,1.2277087,1.22781,1.2278081,1.2277,1.2277265,1.22807,1.227993,1.22814,1.2281133
2018-04-10 21:00:00,1.22717,1.22773,1.2276886,1.22781,1.2278273,1.2277,1.2276945,1.22807,1.2281475,1.22814,1.2281003,1.2277501,1.2277691
2018-04-10 22:00:00,1.22773,1.22781,1.2277762,1.2277,1.2277339,1.22807,1.228051,1.22814,1.2282039,1.2277501,1.2276939,1.22776,1.2277685
2018-04-10 23:00:00,1.22781,1.2277,1.227665,1.22807,1.2281034,1.22814,1.2281402,1.2277501,1.2278048,1.22776,1.2277555,1.22657,1.226568
2018-04-11 00:00:00,1.2277,1.22807,1.228074,1.22814,1.228151,1.2277501,1.2276443,1.22776,1.2278656,1.22657,1.2264512,1.22938,1.2294345
2018-04-11 01:00:00,1.22807,1.22814,1.2281252,1.2277501,1.2277601,1.22776,1.2277697,1.22657,1.2266346,1.22938,1.2294601,1.22911,1.2290795
2018-04-11 02:00:00,1.22814,1.2277501,1.2277027,1.22776,1.2277973,1.22657,1.2265813,1.22938,1.2294728,1.22911,1.2291062,1.22767,1.2277392
2018-04-11 03:00:00,1.2277501,1.22776,1.2277564,1.22657,1.2265961,1.22938,1.2293363,1.22911,1.2291431,1.22767,1.2276499,1.22841,1.2285
2018-04-11 04:00:00,1.22776,1.22657,1.2263974,1.22938,1.2293698,1.22911,1.2291915,1.22767,1.2277014,1.22841,1.2283205,1.22878,1.2287247
2018-04-11 05:00:00,1.22657,1.22938,1.2294104,1.22911,1.2288728,1.22767,1.2276297,1.22841,1.2284262,1.22878,1.2287681,1.22961,1.2297342
2018-04-11 06:00:00,1.22938,1.22911,1.2291008,1.22767,1.2277547,1.22841,1.2283909,1.22878,1.2289128,1.22961,1.2296877,1.22958,1.2296185
2018-04-11 07:00:00,1.22911,1.22767,1.2276866,1.22841,1.2284654,1.22878,1.2287766,1.22961,1.229675,1.22958,1.22953,1.22974,1.2297616
2018-04-11 08:00:00,1.22767,1.22841,1.2283237,1.22878,1.2287476,1.22961,1.2295611,1.22958,1.2296056,1.22974,1.2297034,1.22903,1.2290573
2018-04-11 09:00:00,1.22841,1.22878,1.2287024,1.22961,1.2295892,1.22958,1.229486,1.22974,1.2297909,1.22903,1.2289598,1.22937,1.2293993
2018-04-11 10:00:00,1.22878,1.22961,1.229572,1.22958,1.2296038,1.22974,1.2296801,1.22903,1.229085,1.22937,1.2293928,1.22825,1.2282115
2018-04-11 11:00:00,1.22961,1.22958,1.2295622,1.22974,1.229793,1.22903,1.2289729,1.22937,1.229462,1.22825,1.2281821,1.22796,1.2279923
2018-04-11 12:00:00,1.22958,1.22974,1.2297167,1.22903,1.2290635,1.22937,1.2293876,1.22825,1.2283525,1.22796,1.2279751,1.22819,1.2282572
2018-04-11 13:00:00,1.22974,1.22903,1.229045,1.22937,1.2294319,1.22825,1.2282159,1.22796,1.2281599,1.22819,1.2281936,1.2276,1.2277427
2018-04-11 14:00:00,1.22903,1.22937,1.2293937,1.22825,1.2282846,1.22796,1.2279555,1.22819,1.2282639,1.2276,1.2276685,1.22798,1.2280822
2018-04-11 15:00:00,1.22937,1.22825,1.2282857,1.22796,1.2279764,1.22819,1.2282248,1.2276,1.227767,1.22798,1.228035,1.22839,1.2284045
2018-04-11 16:00:00,1.22825,1.22796,1.2279525,1.22819,1.2282504,1.2276,1.2275534,1.22798,1.2280896,1.22839,1.2283843,1.22867,1.2287008
2018-04-11 17:00:00,1.22796,1.22819,1.228155,1.2276,1.2276394,1.22798,1.2279695,1.22839,1.2284966,1.22867,1.2286694,1.22852,1.2285542
2018-04-11 18:00:00,1.22819,1.2276,1.2275786,1.22798,1.2279973,1.22839,1.2283653,1.22867,1.228711,1.22852,1.2284904,1.22792,1.2279173
2018-04-11 19:00:00,1.2276,1.22798,1.227946,1.22839,1.2284626,1.22867,1.2286422,1.22852,1.2285469,1.22792,1.2278506,1.2279,1.2278702
2018-04-11 20:00:00,1.22798,1.22839,1.2283516,1.22867,1.2286568,1.22852,1.2284788,1.22792,1.2279572,1.2279,1.2278336,1.22844,1.2284142
2018-04-11 21:00:00,1.22839,1.22867,1.2286152,1.22852,1.2285377,1.22792,1.2278785,1.2279,1.2279637,1.22844,1.2283987,1.2275801,1.2275145
2018-04-11 22:00:00,1.22867,1.22852,1.2285054,1.22792,1.2279837,1.2279,1.2278388,1.22844,1.2285016,1.2275801,1.2275406,1.22741,1.2274752
2018-04-11 23:00:00,1.22852,1.22792,1.2279398,1.2279,1.2279091,1.22844,1.2284702,1.2275801,1.2276459,1.22741,1.2274376,1.22626,1.226348
2018-04-12 00:00:00,1.22792,1.2279,1.2278545,1.22844,1.2284226,1.2275801,1.2274907,1.22741,1.2274445,1.22626,1.2261897,1.2257,1.2256253
2018-04-12 01:00:00,1.2279,1.22844,1.2284181,1.2275801,1.2276367,1.22741,1.2274567,1.22626,1.2263834,1.2257,1.2258024,1.22615,1.2262427
2018-04-12 02:00:00,1.22844,1.2275801,1.2275403,1.22741,1.2275102,1.22626,1.2262498,1.2257,1.2258797,1.22615,1.2261915,1.2275801,1.2276511
2018-04-12 03:00:00,1.2275801,1.22741,1.2274686,1.22626,1.2264042,1.2257,1.2256615,1.22615,1.2262911,1.2275801,1.2275786,1.22796,1.2279786
2018-04-12 04:00:00,1.22741,1.22626,1.2263006,1.2257,1.2256881,1.22615,1.2261293,1.2275801,1.2277204,1.22796,1.2279749,1.2255,1.2254661
2018-04-12 05:00:00,1.22626,1.2257,1.2256191,1.22615,1.2261661,1.2275801,1.2275369,1.22796,1.2279055,1.2255,1.2253937,1.22497,1.2249441
2018-04-12 06:00:00,1.2257,1.22615,1.2261152,1.2275801,1.2275245,1.22796,1.2280117,1.2255,1.2255024,1.22497,1.2248542,1.22553,1.2254523
2018-04-12 07:00:00,1.22615,1.2275801,1.2274964,1.22796,1.2278988,1.2255,1.2253956,1.22497,1.2250738,1.22553,1.2256337,1.22291,1.2228972
2018-04-12 08:00:00,1.2275801,1.22796,1.2279438,1.2255,1.2255267,1.22497,1.2250538,1.22553,1.2257466,1.22291,1.2231569,1.22282,1.2230229
2018-04-12 09:00:00,1.22796,1.2255,1.2256447,1.22497,1.2250109,1.22553,1.2257957,1.22291,1.2230111,1.22282,1.2229084,1.22359,1.223862
2018-04-12 10:00:00,1.2255,1.22497,1.2249262,1.22553,1.2255565,1.22291,1.2229129,1.22282,1.222829,1.22359,1.2236358,1.22355,1.2236655
2018-04-12 11:00:00,1.22497,1.22553,1.2255806,1.22291,1.2228394,1.22282,1.22296,1.22359,1.2237631,1.22355,1.2235476,1.2236,1.2236567
2018-04-12 12:00:00,1.22553,1.22291,1.2230773,1.22282,1.2230318,1.22359,1.2236174,1.22355,1.2236177,1.2236,1.2236009,1.22345,1.2234143
2018-04-12 13:00:00,1.22291,1.22282,1.2228549,1.22359,1.2236441,1.22355,1.2235588,1.2236,1.2236724,1.22345,1.2234508,1.22377,1.2238456
2018-04-12 14:00:00,1.22282,1.22359,1.2235551,1.22355,1.2235606,1.2236,1.2236063,1.22345,1.2235261,1.22377,1.2237515,1.22376,1.2237394
2018-04-12 15:00:00,1.22359,1.22355,1.2235138,1.2236,1.2236364,1.22345,1.2234402,1.22377,1.2238437,1.22376,1.2237264,1.22439,1.2244213
2018-04-12 16:00:00,1.22355,1.2236,1.2235689,1.22345,1.2234792,1.22377,1.2237687,1.22376,1.2238265,1.22439,1.2243524,1.22477,1.2247627
2018-04-12 17:00:00,1.2236,1.22345,1.2234098,1.22377,1.2237915,1.22376,1.2237197,1.22439,1.2244388,1.22477,1.2246895,1.22483,1.224864
2018-04-12 18:00:00,1.22345,1.22377,1.2237344,1.22376,1.2237515,1.22439,1.2243191,1.22477,1.2248217,1.22483,1.2247084,1.2257199,1.2257582
2018-04-12 19:00:00,1.22377,1.22376,1.2237272,1.22439,1.2244185,1.22477,1.2247223,1.22483,1.2248594,1.2257199,1.2257087,1.22544,1.2254723
2018-04-12 20:00:00,1.22376,1.22439,1.224296,1.22477,1.2247725,1.22483,1.2247558,1.2257199,1.2258109,1.22544,1.2252932,1.22413,1.2241048
2018-04-12 21:00:00,1.22439,1.22477,1.2247275,1.22483,1.224858,1.2257199,1.2257384,1.22544,1.2255052,1.22413,1.2241039,1.22374,1.2237884
2018-04-12 22:00:00,1.22477,1.22483,1.2248039,1.2257199,1.2256931,1.22544,1.2254028,1.22413,1.224194,1.22374,1.2237607,1.22365,1.2236998
2018-04-12 23:00:00,1.22483,1.2257199,1.2256125,1.22544,1.2254827,1.22413,1.224125,1.22374,1.2238408,1.22365,1.2236854,1.22358,1.2236166
2018-04-13 00:00:00,1.2257199,1.22544,1.2254534,1.22413,1.2242336,1.22374,1.2238612,1.22365,1.2237468,1.22358,1.2236434,1.22263,1.2227273
2018-04-13 01:00:00,1.22544,1.22413,1.2241056,1.22374,1.223765,1.22365,1.2236098,1.22358,1.2236694,1.22263,1.2227341,1.22348,1.2235347
2018-04-13 02:00:00,1.22413,1.22374,1.2237587,1.22365,1.2236975,1.22358,1.223586,1.22263,1.2227206,1.22348,1.2233895,1.22422,1.2241589
2018-04-13 03:00:00,1.22374,1.22365,1.2236418,1.22358,1.2236102,1.22263,1.2225555,1.22348,1.2235503,1.22422,1.2241405,1.2239,1.2238507
2018-04-13 04:00:00,1.22365,1.22358,1.2235867,1.22263,1.2226675,1.22348,1.2234206,1.22422,1.2242692,1.2239,1.2238669,1.22316,1.2231259
2018-04-13 05:00:00,1.22358,1.22263,1.222668,1.22348,1.223489,1.22422,1.224142,1.2239,1.2238866,1.22316,1.223012,1.22474,1.2246792
2018-04-13 06:00:00,1.22263,1.22348,1.223389,1.22422,1.2241544,1.2239,1.2237898,1.22316,1.223159,1.22474,1.2245641,1.22681,1.226688
2018-04-13 07:00:00,1.22348,1.22422,1.2242048,1.2239,1.2238648,1.22316,1.2230299,1.22474,1.2247813,1.22681,1.2266641,1.2261,1.226079
2018-04-13 08:00:00,1.22422,1.2239,1.223935,1.22316,1.2231486,1.22474,1.2246264,1.22681,1.2268411,1.2261,1.2258621,1.22736,1.22744
2018-04-13 09:00:00,1.2239,1.22316,1.223173,1.22474,1.2247369,1.22681,1.2267994,1.2261,1.226023,1.22736,1.2272104,1.22749,1.2274499
2018-04-13 10:00:00,1.22316,1.22474,1.2245917,1.22681,1.2267334,1.2261,1.2259377,1.22736,1.2274349,1.22749,1.2272446,1.2281001,1.2281741
2018-04-13 11:00:00,1.22474,1.22681,1.2266822,1.2261,1.2259579,1.22736,1.2273204,1.22749,1.2274156,1.2281001,1.2278951,1.2285,1.2283243
2018-04-13 12:00:00,1.22681,1.2261,1.226062,1.22736,1.2273455,1.22749,1.2274044,1.2281001,1.2281852,1.2285,1.2283838,1.22847,1.2285031
2018-04-13 13:00:00,1.2261,1.22736,1.2273314,1.22749,1.2275201,1.2281001,1.2280145,1.2285,1.2285769,1.22847,1.2284173,1.22785,1.2278392
2018-04-13 14:00:00,1.22736,1.22749,1.2274164,1.2281001,1.2281269,1.2285,1.2284541,1.22847,1.228599,1.22785,1.2277752,1.2276,1.2276024
2018-04-13 15:00:00,1.22749,1.2281001,1.2281088,1.2285,1.2284433,1.22847,1.2284087,1.22785,1.2278943,1.2276,1.2275137,1.2272999,1.2272595
2018-04-13 16:00:00,1.2281001,1.2285,1.2284553,1.22847,1.2284931,1.22785,1.2277589,1.2276,1.2276502,1.2272999,1.2272644,1.22706,1.2270725
2018-04-13 17:00:00,1.2285,1.22847,1.2284405,1.22785,1.227844,1.2276,1.2275141,1.2272999,1.2274305,1.22706,1.2270969,1.22745,1.2274944
2018-04-13 18:00:00,1.22847,1.22785,1.2278895,1.2276,1.2276129,1.2272999,1.2273159,1.22706,1.227166,1.22745,1.2274424,1.22706,1.227097
2018-04-13 19:00:00,1.22785,1.2276,1.2275875,1.2272999,1.2273144,1.22706,1.2270343,1.22745,1.2275188,1.22706,1.2270453,1.22734,1.2273588
2018-04-13 20:00:00,1.2276,1.2272999,1.2272974,1.22706,1.2270947,1.22745,1.2274351,1.22706,1.22716,1.22734,1.2273346,1.22718,1.2271966
2018-04-15 21:00:00,1.2272999,1.22706,1.2270508,1.22745,1.2274642,1.22706,1.226975,1.22734,1.227414,1.22718,1.2271364,1.22767,1.2276915
2018-04-15 22:00:00,1.22706,1.22745,1.2274125,1.22706,1.2270573,1.22734,1.2272794,1.22718,1.2272438,1.22767,1.2276387,1.22814,1.228159
2018-04-15 23:00:00,1.22745,1.22706,1.2270349,1.22734,1.2273686,1.22718,1.2271706,1.22767,1.2277485,1.22814,1.2281303,1.22776,1.2277663
2018-04-16 00:00:00,1.22706,1.22734,1.2273304,1.22718,1.2272066,1.22767,1.2276481,1.22814,1.2281784,1.22776,1.2276914,1.22817,1.2281537
2018-04-16 01:00:00,1.22734,1.22718,1.2271773,1.22767,1.2277149,1.22814,1.2281005,1.22776,1.2278128,1.22817,1.2281405,1.22797,1.2279353
2018-04-16 02:00:00,1.22718,1.22767,1.2276021,1.22814,1.2281691,1.22776,1.2276886,1.22817,1.22812,1.22797,1.2279295,1.22672,1.2266412
2018-04-16 03:00:00,1.22767,1.22814,1.228152,1.22776,1.2277908,1.22817,1.228127,1.22797,1.228047,1.22672,1.2266694,1.22723,1.2272503
2018-04-16 04:00:00,1.22814,1.22776,1.227753,1.22817,1.2281893,1.22797,1.2279686,1.22672,1.226773,1.22723,1.2271669,1.22829,1.2283075
2018-04-16 05:00:00,1.22776,1.22817,1.228099,1.22797,1.2279632,1.22672,1.2266631,1.22723,1.2273308,1.22829,1.2282065,1.23127,1.2311431
2018-04-16 06:00:00,1.22817,1.22797,1.2279584,1.22672,1.2267648,1.22723,1.2272189,1.22829,1.228381,1.23127,1.2312217,1.23233,1.2323033
2018-04-16 07:00:00,1.22797,1.22672,1.2266976,1.22723,1.2272263,1.22829,1.2282258,1.23127,1.2315428,1.23233,1.2322066,1.23107,1.2310594
2018-04-16 08:00:00,1.22672,1.22723,1.2271901,1.22829,1.2281816,1.23127,1.231183,1.23233,1.2324233,1.23107,1.2308439,1.23183,1.2315164
2018-04-16 09:00:00,1.22723,1.22829,1.2281411,1.23127,1.2310047,1.23233,1.2325621,1.23107,1.2309855,1.23183,1.2317364,1.23176,1.2317708
2018-04-16 10:00:00,1.22829,1.23127,1.2310147,1.23233,1.2322615,1.23107,1.2309812,1.23183,1.2318213,1.23176,1.2317383,1.23167,1.2316055
2018-04-16 11:00:00,1.23127,1.23233,1.2323222,1.23107,1.2310846,1.23183,1.2317708,1.23176,1.2318089,1.23167,1.2316151,1.23209,1.2320957
2018-04-16 12:00:00,1.23233,1.23107,1.2311398,1.23183,1.2318473,1.23176,1.2317516,1.23167,1.2317425,1.23209,1.2320483,1.23223,1.2322618
2018-04-16 13:00:00,1.23107,1.23183,1.2318207,1.23176,1.231784,1.23167,1.2316028,1.23209,1.2321658,1.23223,1.2322055,1.23184,1.2318643
2018-04-16 14:00:00,1.23183,1.23176,1.231724,1.23167,1.2316775,1.23209,1.2320421,1.23223,1.2322676,1.23184,1.231783,1.23223,1.2322483
2018-04-16 15:00:00,1.23176,1.23167,1.2316351,1.23209,1.2320914,1.23223,1.2321886,1.23184,1.2319266,1.23223,1.2322096,1.23212,1.2321227
2018-04-16 16:00:00,1.23167,1.23209,1.2320586,1.23223,1.2322474,1.23184,1.2317665,1.23223,1.2323362,1.23212,1.2321059,1.23197,1.2320058
2018-04-16 17:00:00,1.23209,1.23223,1.2322257,1.23184,1.2318699,1.23223,1.2321934,1.23212,1.2322369,1.23197,1.2319427,1.23245,1.2324799
2018-04-16 18:00:00,1.23223,1.23184,1.2318423,1.23223,1.2322791,1.23212,1.2321033,1.23197,1.2320589,1.23245,1.2324665,1.2316,1.2316496
2018-04-16 19:00:00,1.23184,1.23223,1.232201,1.23212,1.232136,1.23197,1.2319151,1.23245,1.2325302,1.2316,1.2315807,1.23157,1.2316158
2018-04-16 20:00:00,1.23223,1.23212,1.2320844,1.23197,1.2319881,1.23245,1.2324305,1.2316,1.2316668,1.23157,1.2315894,1.23145,1.231495
2018-04-16 21:00:00,1.23212,1.23197,1.2319156,1.23245,1.2324648,1.2316,1.231565,1.23157,1.231631,1.23145,1.231405,1.23178,1.2318007
2018-04-16 22:00:00,1.23197,1.23245,1.2324178,1.2316,1.2316657,1.23157,1.2315564,1.23145,1.2315488,1.23178,1.2317953,1.23071,1.2307211
2018-04-16 23:00:00,1.23245,1.2316,1.2315753,1.23157,1.2317119,1.23145,1.2314118,1.23178,1.2318894,1.23071,1.2307378,1.23148,1.2315001
2018-04-17 00:00:00,1.2316,1.23157,1.2315685,1.23145,1.2315067,1.23178,1.2317736,1.23071,1.2308202,1.23148,1.2314107,1.23297,1.2330402
2018-04-17 01:00:00,1.23157,1.23145,1.2314134,1.23178,1.2317944,1.23071,1.2306242,1.23148,1.2315757,1.23297,1.2329212,1.23243,1.2324247
2018-04-17 02:00:00,1.23145,1.23178,1.2317307,1.23071,1.2307066,1.23148,1.231437,1.23297,1.2330725,1.23243,1.2323743,1.2321,1.2321576
2018-04-17 03:00:00,1.23178,1.23071,1.2306993,1.23148,1.2315216,1.23297,1.2329823,1.23243,1.2324692,1.2321,1.2320312,1.23244,1.2324293
2018-04-17 04:00:00,1.23071,1.23148,1.231355,1.23297,1.2331145,1.23243,1.2322941,1.2321,1.232155,1.23244,1.2322663,1.23592,1.236014
2018-04-17 05:00:00,1.23148,1.23297,1.2328429,1.23243,1.2323494,1.2321,1.232015,1.23244,1.2324885,1.23592,1.2359196,1.23482,1.2344985
2018-04-17 06:00:00,1.23297,1.23243,1.2323955,1.2321,1.2321595,1.23244,1.2323208,1.23592,1.2360233,1.23482,1.2346642,1.2364299,1.2363616
2018-04-17 07:00:00,1.23243,1.2321,1.232103,1.23244,1.2324702,1.23592,1.2359021,1.23482,1.2348515,1.2364299,1.2364764,1.23494,1.2348504
2018-04-17 08:00:00,1.2321,1.23244,1.2323384,1.23592,1.2355924,1.23482,1.2348118,1.2364299,1.2362179,1.23494,1.2347348,1.23368,1.2336358
2018-04-17 09:00:00,1.23244,1.23592,1.2357408,1.23482,1.2347882,1.2364299,1.2365286,1.23494,1.2349471,1.23368,1.2336411,1.23393,1.2339368
2018-04-17 10:00:00,1.23592,1.23482,1.2347329,1.2364299,1.2364705,1.23494,1.234943,1.23368,1.2339125,1.23393,1.2339926,1.23455,1.2346673
2018-04-17 11:00:00,1.23482,1.2364299,1.2364297,1.23494,1.2349547,1.23368,1.2336352,1.23393,1.2340422,1.23455,1.2345062,1.23598,1.2360206
2018-04-17 12:00:00,1.2364299,1.23494,1.2350549,1.23368,1.2339046,1.23393,1.2340243,1.23455,1.2346684,1.23598,1.2359964,1.23534,1.2353859
2018-04-17 13:00:00,1.23494,1.23368,1.2337012,1.23393,1.2339888,1.23455,1.2345595,1.23598,1.2361228,1.23534,1.2352631,1.23535,1.2353903
2018-04-17 14:00:00,1.23368,1.23393,1.2338836,1.23455,1.2345692,1.23598,1.2357545,1.23534,1.2352848,1.23535,1.2352408,1.23525,1.2351731
2018-04-17 15:00:00,1.23393,1.23455,1.234468,1.23598,1.2359637,1.23534,1.2351108,1.23535,1.2353153,1.23525,1.2351404,1.23565,1.2356455
2018-04-17 16:00:00,1.23455,1.23598,1.2358295,1.23534,1.2353425,1.23535,1.2352452,1.23525,1.2353523,1.23565,1.2356437,1.23623,1.2362471
2018-04-17 17:00:00,1.23598,1.23534,1.2353324,1.23535,1.2354163,1.23525,1.2352258,1.23565,1.235725,1.23623,1.2362049,1.236,1.2360224
2018-04-17 18:00:00,1.23534,1.23535,1.2353224,1.23525,1.2352483,1.23565,1.2355883,1.23623,1.2362974,1.236,1.2359515,1.23537,1.2353679
2018-04-17 19:00:00,1.23535,1.23525,1.2352154,1.23565,1.2356476,1.23623,1.2361426,1.236,1.2359993,1.23537,1.2352921,1.23577,1.2357936
2018-04-17 20:00:00,1.23525,1.23565,1.2355771,1.23623,1.2362235,1.236,1.2359116,1.23537,1.2353971,1.23577,1.235723,1.23622,1.2361612
2018-04-17 21:00:00,1.23565,1.23623,1.2361571,1.236,1.2360101,1.23537,1.2353365,1.23577,1.2358553,1.23622,1.2361771,1.2363499,1.2364279
2018-04-17 22:00:00,1.23623,1.236,1.2359835,1.23537,1.235462,1.23577,1.2357605,1.23622,1.2363217,1.2363499,1.2363762,1.2364299,1.2364742
2018-04-17 23:00:00,1.236,1.23537,1.2353209,1.23577,1.2358396,1.23622,1.2362114,1.2363499,1.2364302,1.2364299,1.2363449,1.23755,1.2375975
2018-04-18 00:00:00,1.23537,1.23577,1.2357272,1.23622,1.2362062,1.2363499,1.2362863,1.2364299,1.2365208,1.23755,1.2373863,1.2376,1.2375453
2018-04-18 01:00:00,1.23577,1.23622,1.2361195,1.2363499,1.2363229,1.2364299,1.2363575,1.23755,1.2375007,1.2376,1.2375923,1.23763,1.2375959
2018-04-18 02:00:00,1.23622,1.2363499,1.2362934,1.2364299,1.2364488,1.23755,1.2374481,1.2376,1.2376332,1.23763,1.2375264,1.23774,1.2376857
2018-04-18 03:00:00,1.2363499,1.2364299,1.2363476,1.23755,1.2374655,1.2376,1.2375485,1.23763,1.2376375,1.23774,1.2376721,1.2374101,1.237397
2018-04-18 04:00:00,1.2364299,1.23755,1.237476,1.2376,1.2374984,1.23763,1.2375121,1.23774,1.2377862,1.2374101,1.2373183,1.23748,1.2374241
2018-04-18 05:00:00,1.23755,1.2376,1.2375691,1.23763,1.2376391,1.23774,1.2376986,1.2374101,1.2374678,1.23748,1.2374494,1.23746,1.2374824
2018-04-18 06:00:00,1.2376,1.23763,1.2376024,1.23774,1.2377357,1.2374101,1.2373261,1.23748,1.2375195,1.23746,1.2374178,1.23745,1.2374535
2018-04-18 07:00:00,1.23763,1.23774,1.2377162,1.2374101,1.2374358,1.23748,1.2374097,1.23746,1.2375419,1.23745,1.237376,1.23834,1.2383664
2018-04-18 08:00:00,1.23774,1.2374101,1.2373773,1.23748,1.2375126,1.23746,1.2374507,1.23745,1.2375494,1.23834,1.2383226,1.23831,1.2383428
2018-04-18 09:00:00,1.2374101,1.23748,1.2374587,1.23746,1.2375065,1.23745,1.237404,1.23834,1.238372,1.23831,1.2383045,1.23744,1.2374548
2018-04-18 10:00:00,1.23748,1.23746,1.2374502,1.23745,1.2374737,1.23834,1.2382888,1.23831,1.2383686,1.23744,1.2374231,1.23702,1.2370551
2018-04-18 11:00:00,1.23746,1.23745,1.237398,1.23834,1.2383275,1.23831,1.2383021,1.23744,1.2374994,1.23702,1.2369717,1.23622,1.2362471
2018-04-18 12:00:00,1.23745,1.23834,1.2382925,1.23831,1.2383367,1.23744,1.2373996,1.23702,1.2371198,1.23622,1.2361648,1.2360799,1.2361677
2018-04-18 13:00:00,1.23834,1.23831,1.2382997,1.23744,1.237503,1.23702,1.2370186,1.23622,1.2363255,1.2360799,1.236217,1.23652,1.2366893
2018-04-18 14:00:00,1.23831,1.23744,1.2374163,1.23702,1.2371187,1.23622,1.2362342,1.2360799,1.236244,1.23652,1.2365094,1.23658,1.2366222
2018-04-18 15:00:00,1.23744,1.23702,1.2369998,1.23622,1.236261,1.2360799,1.2361919,1.23652,1.2366183,1.23658,1.2366068,1.23694,1.2370063
2018-04-18 16:00:00,1.23702,1.23622,1.236248,1.2360799,1.2361484,1.23652,1.2365179,1.23658,1.2366898,1.23694,1.2369006,1.23712,1.2371223
2018-04-18 17:00:00,1.23622,1.2360799,1.2360532,1.23652,1.2365234,1.23658,1.2365248,1.23694,1.237016,1.23712,1.2370708,1.23755,1.2375429
2018-04-18 18:00:00,1.2360799,1.23652,1.2364614,1.23658,1.2365988,1.23694,1.2368814,1.23712,1.2371817,1.23755,1.2374403,1.23691,1.236912
2018-04-18 19:00:00,1.23652,1.23658,1.2365242,1.23694,1.2369564,1.23712,1.2370892,1.23755,1.2376115,1.23691,1.2368927,1.23646,1.2364967
2018-04-18 20:00:00,1.23658,1.23694,1.236908,1.23712,1.2371261,1.23755,1.2375625,1.23691,1.2369536,1.23646,1.236414,1.23683,1.2368262
2018-04-18 21:00:00,1.23694,1.23712,1.237093,1.23755,1.2375321,1.23691,1.2368888,1.23646,1.236515,1.23683,1.2368407,1.23574,1.2356983
2018-04-18 22:00:00,1.23712,1.23755,1.2375023,1.23691,1.2369407,1.23646,1.2364074,1.23683,1.2369167,1.23574,1.2356877,1.23564,1.2356546
2018-04-18 23:00:00,1.23755,1.23691,1.2368816,1.23646,1.2365583,1.23683,1.2368424,1.23574,1.2358309,1.23564,1.2356715,1.23624,1.2361932
2018-04-19 00:00:00,1.23691,1.23646,1.2364161,1.23683,1.2368672,1.23574,1.2357637,1.23564,1.2357111,1.23624,1.2362252,1.23683,1.2368484
2018-04-19 01:00:00,1.23646,1.23683,1.236779,1.23574,1.2357897,1.23564,1.235618,1.23624,1.236322,1.23683,1.2368462,1.23456,1.2344313
2018-04-19 02:00:00,1.23683,1.23574,1.2356911,1.23564,1.235656,1.23624,1.2362106,1.23683,1.2369094,1.23456,1.234647,1.234,1.2340354
2018-04-19 03:00:00,1.23574,1.23564,1.235613,1.23624,1.2362447,1.23683,1.2367963,1.23456,1.2346087,1.234,1.234021,1.23374,1.2337073
2018-04-19 04:00:00,1.23564,1.23624,1.2361453,1.23683,1.2367836,1.23456,1.234576,1.234,1.2341517,1.23374,1.2339038,1.23207,1.2320006
2018-04-19 05:00:00,1.23624,1.23683,1.236846,1.23456,1.2346182,1.234,1.2339785,1.23374,1.2338018,1.23207,1.2322487,1.23154,1.2316462
2018-04-19 06:00:00,1.23683,1.23456,1.2346246,1.234,1.2341459,1.23374,1.2338142,1.23207,1.2322812,1.23154,1.2314994,1.23061,1.2311145
2018-04-19 07:00:00,1.23456,1.234,1.2340168,1.23374,1.2338196,1.23207,1.232188,1.23154,1.2317092,1.23061,1.2306874,1.23165,1.2316695
2018-04-19 08:00:00,1.234,1.23374,1.233759,1.23207,1.2321035,1.23154,1.2316585,1.23061,1.2306683,1.23165,1.2317014,1.23174,1.2317971
2018-04-19 09:00:00,1.23374,1.23207,1.2320776,1.23154,1.2316902,1.23061,1.2306956,1.23165,1.2317501,1.23174,1.2317365,1.23334,1.2334013
2018-04-19 10:00:00,1.23207,1.23154,1.2315564,1.23061,1.2307047,1.23165,1.2316667,1.23174,1.231803,1.23334,1.2332968,1.23328,1.2332536
2018-04-19 11:00:00,1.23154,1.23061,1.2306054,1.23165,1.2316414,1.23174,1.2316847,1.23334,1.2333868,1.23328,1.2331233,1.23296,1.2329209
2018-04-19 12:00:00,1.23061,1.23165,1.2315292,1.23174,1.2317371,1.23334,1.2331558,1.23328,1.233325,1.23296,1.2328966,1.23254,1.2324823
2018-04-19 13:00:00,1.23165,1.23174,1.2316606,1.23334,1.2332666,1.23328,1.2332963,1.23296,1.2329521,1.23254,1.2324286,1.23238,1.2323104
2018-04-19 14:00:00,1.23174,1.23334,1.2333497,1.23328,1.2331115,1.23296,1.2329421,1.23254,1.2325363,1.23238,1.2323132,1.23248,1.2324529
2018-04-19 15:00:00,1.23334,1.23328,1.2332257,1.23296,1.2329935,1.23254,1.2325042,1.23238,1.2324847,1.23248,1.2324615,1.2328,1.2328048
2018-04-19 16:00:00,1.23328,1.23296,1.2329651,1.23254,1.2325572,1.23238,1.2324011,1.23248,1.2325326,1.2328,1.2327747,1.2329,1.2328892
2018-04-19 17:00:00,1.23296,1.23254,1.2324884,1.23238,1.2324294,1.23248,1.232487,1.2328,1.2328655,1.2329,1.2328312,1.23276,1.2327534
2018-04-19 18:00:00,1.23254,1.23238,1.2323484,1.23248,1.2324827,1.2328,1.2327486,1.2329,1.2329485,1.23276,1.2327125,1.23223,1.2322153
2018-04-19 19:00:00,1.23238,1.23248,1.2324529,1.2328,1.2328105,1.2329,1.2328634,1.23276,1.2328444,1.23223,1.2321699,1.23291,1.2329246
2018-04-19 20:00:00,1.23248,1.2328,1.2327708,1.2329,1.2329193,1.23276,1.2326918,1.23223,1.2323012,1.23291,1.2328765,1.23292,1.2329261
2018-04-19 21:00:00,1.2328,1.2329,1.2328634,1.23276,1.2328032,1.23223,1.2321507,1.23291,1.2330047,1.23292,1.2329017,1.23286,1.2328804
2018-04-19 22:00:00,1.2329,1.23276,1.2327332,1.23223,1.2322624,1.23291,1.2328923,1.23292,1.2330025,1.23286,1.2328118,1.2327,1.2326952
2018-04-19 23:00:00,1.23276,1.23223,1.2322227,1.23291,1.2329338,1.23292,1.2328762,1.23286,1.2328973,1.2327,1.2326548,1.23224,1.2322106
2018-04-20 00:00:00,1.23223,1.23291,1.2328434,1.23292,1.2329069,1.23286,1.232779,1.2327,1.232737,1.23224,1.2321196,1.23405,1.2339628
2018-04-20 01:00:00,1.23291,1.23292,1.232892,1.23286,1.2328892,1.2327,1.2326685,1.23224,1.2323294,1.23405,1.2340069,1.23342,1.2333819
2018-04-20 02:00:00,1.23292,1.23286,1.2328296,1.2327,1.232728,1.23224,1.232169,1.23405,1.2340672,1.23342,1.2333785,1.23339,1.233433
2018-04-20 03:00:00,1.23286,1.2327,1.232685,1.23224,1.2322712,1.23405,1.234057,1.23342,1.2334627,1.23339,1.2333981,1.23221,1.2321931
2018-04-20 04:00:00,1.2327,1.23224,1.2322185,1.23405,1.2341328,1.23342,1.2333813,1.23339,1.2334548,1.23221,1.2321823,1.2311599,1.2311931
2018-04-20 05:00:00,1.23224,1.23405,1.234045,1.23342,1.2334385,1.23339,1.2333246,1.23221,1.2322372,1.2311599,1.2310995,1.23154,1.2315724
2018-04-20 06:00:00,1.23405,1.23342,1.2334118,1.23339,1.2334743,1.23221,1.2320962,1.2311599,1.2312124,1.23154,1.2316158,1.23235,1.2324383
2018-04-20 07:00:00,1.23342,1.23339,1.2333994,1.23221,1.2322628,1.2311599,1.2310929,1.23154,1.2316906,1.23235,1.2323126,1.23274,1.2328027
2018-04-20 08:00:00,1.23339,1.23221,1.2322807,1.2311599,1.2311801,1.23154,1.2315941,1.23235,1.2324569,1.23274,1.2327709,1.2320399,1.2320528
2018-04-20 09:00:00,1.23221,1.2311599,1.2311043,1.23154,1.2315557,1.23235,1.2323153,1.23274,1.232791,1.2320399,1.2318774,1.23414,1.2341335
2018-04-20 10:00:00,1.2311599,1.23154,1.23147,1.23235,1.2323803,1.23274,1.2326437,1.2320399,1.2320744,1.23414,1.2339218,1.23358,1.2334665
2018-04-20 11:00:00,1.23154,1.23235,1.2322924,1.23274,1.2326593,1.2320399,1.2318813,1.23414,1.2340558,1.23358,1.2334731,1.23308,1.2330959
2018-04-20 12:00:00,1.23235,1.23274,1.2326956,1.2320399,1.2320389,1.23414,1.2341185,1.23358,1.2336216,1.23308,1.2330203,1.23364,1.2334919
2018-04-20 13:00:00,1.23274,1.2320399,1.2319432,1.23414,1.2340604,1.23358,1.2334849,1.23308,1.2331364,1.23364,1.2335929,1.23276,1.2327225
2018-04-20 14:00:00,1.2320399,1.23414,1.2340117,1.23358,1.2335935,1.23308,1.232965,1.23364,1.233728,1.23276,1.232663,1.23288,1.2328086
2018-04-20 15:00:00,1.23414,1.23358,1.2335571,1.23308,1.2331433,1.23364,1.233646,1.23276,1.2328262,1.23288,1.2328135,1.23279,1.2327815
2018-04-20 16:00:00,1.23358,1.23308,1.2330773,1.23364,1.233643,1.23276,1.2327513,1.23288,1.2329257,1.23279,1.2326916,1.23308,1.2331204
2018-04-20 17:00:00,1.23308,1.23364,1.2336254,1.23276,1.2327981,1.23288,1.2328506,1.23279,1.2328862,1.23308,1.2330145,1.23387,1.233891
2018-04-20 18:00:00,1.23364,1.23276,1.2328231,1.23288,1.2329134,1.23279,1.2327377,1.23308,1.2331827,1.23387,1.233825,1.23357,1.2335434
2018-04-20 19:00:00,1.23276,1.23288,1.2328589,1.23279,1.2328056,1.23308,1.232974,1.23387,1.2339334,1.23357,1.2334657,1.23396,1.233896
2018-04-20 20:00:00,1.23288,1.23279,1.2327654,1.23308,1.233123,1.23387,1.2338077,1.23357,1.2336255,1.23396,1.2339159,1.23377,1.2337263
2018-04-22 21:00:00,1.23279,1.23308,1.2330494,1.23387,1.233909,1.23357,1.2335035,1.23396,1.233958,1.23377,1.2336818,1.23304,1.2330012
2018-04-22 22:00:00,1.23308,1.23387,1.2337723,1.23357,1.233562,1.23396,1.2338524,1.23377,1.233795,1.23304,1.2329941,1.23294,1.232926
2018-04-22 23:00:00,1.23387,1.23357,1.2335271,1.23396,1.2339606,1.23377,1.233746,1.23304,1.2330976,1.23294,1.2328787,1.23268,1.2326844
2018-04-23 00:00:00,1.23357,1.23396,1.2339265,1.23377,1.2337725,1.23304,1.233001,1.23294,1.2329944,1.23268,1.2325476,1.2356,1.235682
2018-04-23 01:00:00,1.23396,1.23377,1.2337661,1.23304,1.2331011,1.23294,1.232938,1.23268,1.2327445,1.2356,1.2356102,1.23637,1.2364547
2018-04-23 02:00:00,1.23377,1.23304,1.232958,1.23294,1.2329488,1.23268,1.2326131,1.2356,1.23559,1.23637,1.2361531,1.23638,1.2362956
2018-04-23 03:00:00,1.23304,1.23294,1.2329379,1.23268,1.2326877,1.2356,1.2355812,1.23637,1.2364742,1.23638,1.2364172,1.23639,1.2362748
2018-04-23 04:00:00,1.23294,1.23268,1.2326156,1.2356,1.235385,1.23637,1.2361794,1.23638,1.2362992,1.23639,1.2360132,1.23691,1.2366563
2018-04-23 05:00:00,1.23268,1.2356,1.2355071,1.23637,1.2361447,1.23638,1.236337,1.23639,1.2363049,1.23691,1.2367018,1.23805,1.2377081
2018-04-23 06:00:00,1.2356,1.23637,1.2363071,1.23638,1.2363842,1.23639,1.2362367,1.23691,1.2369447,1.23805,1.2379882,1.23885,1.2388701
2018-04-23 07:00:00,1.23637,1.23638,1.2363634,1.23639,1.2363858,1.23691,1.2368411,1.23805,1.2381918,1.23885,1.2387915,1.23667,1.2366385
2018-04-23 08:00:00,1.23638,1.23639,1.2363536,1.23691,1.2369075,1.23805,1.2379023,1.23885,1.2388488,1.23667,1.2365416,1.2372301,1.2372538
2018-04-23 09:00:00,1.23639,1.23691,1.2368609,1.23805,1.2380116,1.23885,1.2386972,1.23667,1.2366381,1.2372301,1.2370847,1.2381899,1.2380886
2018-04-23 10:00:00,1.23691,1.23805,1.2379291,1.23885,1.2387384,1.23667,1.2365614,1.2372301,1.2373348,1.2381899,1.2381632,1.23763,1.2376362
2018-04-23 11:00:00,1.23805,1.23885,1.2388196,1.23667,1.2367804,1.2372301,1.2371762,1.2381899,1.2382735,1.23763,1.2375917,1.23807,1.2380905
2018-04-23 12:00:00,1.23885,1.23667,1.2365773,1.2372301,1.2372866,1.2381899,1.2382463,1.23763,1.2377038,1.23807,1.2380049,1.23754,1.2375727
2018-04-23 13:00:00,1.23667,1.2372301,1.2371973,1.2381899,1.2381208,1.23763,1.2375387,1.23807,1.2380372,1.23754,1.2373661,1.23773,1.2376856
2018-04-23 14:00:00,1.2372301,1.2381899,1.2381333,1.23763,1.2376146,1.23807,1.2379739,1.23754,1.2375892,1.23773,1.2376676,1.23789,1.2378218
2018-04-23 15:00:00,1.2381899,1.23763,1.2376211,1.23807,1.2380828,1.23754,1.2374886,1.23773,1.237817,1.23789,1.2378241,1.23809,1.2380418
2018-04-23 16:00:00,1.23763,1.23807,1.238017,1.23754,1.2375672,1.23773,1.237658,1.23789,1.2379081,1.23809,1.2379634,1.23835,1.238276
2018-04-23 17:00:00,1.23807,1.23754,1.2375145,1.23773,1.2377597,1.23789,1.2378435,1.23809,1.2381222,1.23835,1.2382542,1.23827,1.238228
2018-04-23 18:00:00,1.23754,1.23773,1.2377083,1.23789,1.2378613,1.23809,1.2380254,1.23835,1.238345,1.23827,1.2381883,1.23802,1.2379564
2018-04-23 19:00:00,1.23773,1.23789,1.2378464,1.23809,1.2381076,1.23835,1.2382416,1.23827,1.2382978,1.23802,1.2379172,1.2381,1.2380402
2018-04-23 20:00:00,1.23789,1.23809,1.2380096,1.23835,1.238342,1.23827,1.2382143,1.23802,1.2380449,1.2381,1.2380397,1.2381,1.2380732
2018-04-23 21:00:00,1.23809,1.23835,1.2383263,1.23827,1.238273,1.23802,1.2379518,1.2381,1.2381678,1.2381,1.2380625,1.23818,1.2381983
2018-04-23 22:00:00,1.23835,1.23827,1.238235,1.23802,1.2380836,1.2381,1.2380648,1.2381,1.2381787,1.23818,1.2381402,1.23877,1.2387816
2018-04-23 23:00:00,1.23827,1.23802,1.2379868,1.2381,1.2381226,1.2381,1.2380803,1.23818,1.2382723,1.23877,1.2386973,1.24011,1.2401108
2018-04-24 00:00:00,1.23802,1.2381,1.2380743,1.2381,1.2381122,1.23818,1.2381173,1.23877,1.2388278,1.24011,1.2400793,1.24019,1.2400287
2018-04-24 01:00:00,1.2381,1.2381,1.2380893,1.23818,1.2381915,1.23877,1.2386723,1.24011,1.2402136,1.24019,1.2400607,1.23844,1.2384142
2018-04-24 02:00:00,1.2381,1.23818,1.2381479,1.23877,1.2387438,1.24011,1.2400997,1.24019,1.2401977,1.23844,1.2383709,1.23717,1.2371426
2018-04-24 03:00:00,1.23818,1.23877,1.2387054,1.24011,1.2400587,1.24019,1.2400709,1.23844,1.2384605,1.23717,1.2371484,1.23707,1.2370824
2018-04-24 04:00:00,1.23877,1.24011,1.239954,1.24019,1.2402092,1.23844,1.2384233,1.23717,1.2372327,1.23707,1.237153,1.23671,1.2367574
2018-04-24 05:00:00,1.24011,1.24019,1.2401845,1.23844,1.2385314,1.23717,1.2372401,1.23707,1.2372981,1.23671,1.2369436,1.2347,1.2347951
2018-04-24 06:00:00,1.24019,1.23844,1.2386303,1.23717,1.2372997,1.23707,1.2371252,1.23671,1.2368507,1.2347,1.2347183,1.23511,1.2351904
2018-04-24 07:00:00,1.23844,1.23717,1.237204,1.23707,1.2372376,1.23671,1.2367139,1.2347,1.2347147,1.23511,1.235187,1.23455,1.2346588
2018-04-24 08:00:00,1.23717,1.23707,1.2370346,1.23671,1.2367133,1.2347,1.234767,1.23511,1.2352736,1.23455,1.2345238,1.23444,1.234464
2018-04-24 09:00:00,1.23707,1.23671,1.2367113,1.2347,1.2348559,1.23511,1.2349749,1.23455,1.2347409,1.23444,1.2344089,1.23543,1.2354751
2018-04-24 10:00:00,1.23671,1.2347,1.2347286,1.23511,1.2351409,1.23455,1.2346308,1.23444,1.234405,1.23543,1.2353953,1.23629,1.2363105
2018-04-24 11:00:00,1.2347,1.23511,1.2351077,1.23455,1.2345992,1.23444,1.234409,1.23543,1.235455,1.23629,1.2361699,1.23675,1.2367239
2018-04-24 12:00:00,1.23511,1.23455,1.2345767,1.23444,1.2344784,1.23543,1.2354146,1.23629,1.2362862,1.23675,1.2366359,1.23717,1.2371223
2018-04-24 13:00:00,1.23455,1.23444,1.2343949,1.23543,1.2353938,1.23629,1.2361754,1.23675,1.2366074,1.23717,1.2371552,1.23666,1.2366054
2018-04-24 14:00:00,1.23444,1.23543,1.2353177,1.23629,1.2362298,1.23675,1.2367015,1.23717,1.2371547,1.23666,1.2365057,1.2372301,1.2370323
2018-04-24 15:00:00,1.23543,1.23629,1.2361875,1.23675,1.2367208,1.23717,1.2370971,1.23666,1.2366251,1.2372301,1.2371469,1.2371399,1.2370329
2018-04-24 16:00:00,1.23629,1.23675,1.2366892,1.23717,1.237158,1.23666,1.2366225,1.2372301,1.2372329,1.2371399,1.2370424,1.23719,1.2371871
2018-04-24 17:00:00,1.23675,1.23717,1.2371371,1.23666,1.2366863,1.2372301,1.2371957,1.2371399,1.237153,1.23719,1.2371439,1.23692,1.2368991
2018-04-24 18:00:00,1.23717,1.23666,1.2366972,1.2372301,1.2372317,1.2371399,1.2371037,1.23719,1.2372385,1.23692,1.2368321,1.23708,1.2370466
2018-04-24 19:00:00,1.23666,1.2372301,1.2372055,1.2371399,1.237139,1.23719,1.2371348,1.23692,1.236965,1.23708,1.2369765,1.23796,1.237935
2018-04-24 20:00:00,1.2372301,1.2371399,1.2371176,1.23719,1.2372224,1.23692,1.2368909,1.23708,1.237153,1.23796,1.2378634,1.2381,1.2380773
2018-04-24 21:00:00,1.2371399,1.23719,1.2371608,1.23692,1.2369395,1.23708,1.2370249,1.23796,1.2379966,1.2381,1.2380698,1.23763,1.2376258
2018-04-24 22:00:00,1.23719,1.23692,1.2368978,1.23708,1.2371054,1.23796,1.2379166,1.2381,1.238101,1.23763,1.2375698,1.23764,1.2376115
2018-04-24 23:00:00,1.23692,1.23708,1.237024,1.23796,1.2379227,1.2381,1.2380145,1.23763,1.2376612,1.23764,1.2376089,1.23629,1.2362425
2018-04-25 00:00:00,1.23708,1.23796,1.2378839,1.2381,1.2380878,1.23763,1.2375181,1.23764,1.2376862,1.23629,1.2362612,1.23637,1.2363943
2018-04-25 01:00:00,1.23796,1.2381,1.2380884,1.23763,1.2376819,1.23764,1.2376469,1.23629,1.2364153,1.23637,1.2363673,1.23593,1.2359372
2018-04-25 02:00:00,1.2381,1.23763,1.237585,1.23764,1.237686,1.23629,1.236314,1.23637,1.2364553,1.23593,1.2358282,1.2363499,1.2364153
2018-04-25 03:00:00,1.23763,1.23764,1.2376348,1.23629,1.2363862,1.23637,1.2363951,1.23593,1.2359989,1.2363499,1.2363808,1.23722,1.2372426
2018-04-25 04:00:00,1.23764,1.23629,1.2363752,1.23637,1.2364218,1.23593,1.2359831,1.2363499,1.2364451,1.23722,1.2371185,1.23825,1.23827
2018-04-25 05:00:00,1.23629,1.23637,1.236371,1.23593,1.2359775,1.2363499,1.2362789,1.23722,1.2372917,1.23825,1.2382231,1.2390699,1.239024
2018-04-25 06:00:00,1.23637,1.23593,1.2359021,1.2363499,1.2363784,1.23722,1.2371429,1.23825,1.2382414,1.2390699,1.2390013,1.23847,1.2384464
2018-04-25 07:00:00,1.23593,1.2363499,1.2362944,1.23722,1.2371616,1.23825,1.2382146,1.2390699,1.2390479,1.23847,1.2384325,1.23763,1.2376252
2018-04-25 08:00:00,1.2363499,1.23722,1.2371312,1.23825,1.238127,1.2390699,1.2388426,1.23847,1.2383828,1.23763,1.2375374,1.2379,1.2378876
2018-04-25 09:00:00,1.23722,1.23825,1.2381772,1.2390699,1.238915,1.23847,1.2384005,1.23763,1.2376356,1.2379,1.237813,1.23896,1.2389435
2018-04-25 10:00:00,1.23825,1.2390699,1.2390165,1.23847,1.2384657,1.23763,1.2375684,1.2379,1.2379758,1.23896,1.23893,1.23818,1.2381592
2018-04-25 11:00:00,1.2390699,1.23847,1.2384133,1.23763,1.2377245,1.2379,1.2378774,1.23896,1.2390393,1.23818,1.2381512,1.23771,1.2377443
2018-04-25 12:00:00,1.23847,1.23763,1.2376385,1.2379,1.2379284,1.23896,1.2389629,1.23818,1.238221,1.23771,1.2376204,1.23744,1.2373592
2018-04-25 13:00:00,1.23763,1.2379,1.2378526,1.23896,1.2389216,1.23818,1.2381002,1.23771,1.2377503,1.23744,1.2373551,1.23715,1.2371132
2018-04-25 14:00:00,1.2379,1.23896,1.2388421,1.23818,1.2381619,1.23771,1.2376411,1.23744,1.2375128,1.23715,1.2371054,1.23775,1.2377638
2018-04-25 15:00:00,1.23896,1.23818,1.2381982,1.23771,1.2377474,1.23744,1.2374396,1.23715,1.2373297,1.23775,1.2377732,1.23785,1.2379014
2018-04-25 16:00:00,1.23818,1.23771,1.2376775,1.23744,1.237457,1.23715,1.2371281,1.23775,1.2378316,1.23785,1.2378063,1.23779,1.2378281
2018-04-25 17:00:00,1.23771,1.23744,1.2373972,1.23715,1.2371757,1.23775,1.2377137,1.23785,1.2379261,1.23779,1.2377417,1.23716,1.2371063
2018-04-25 18:00:00,1.23744,1.23715,1.2371124,1.23775,1.2377359,1.23785,1.2377789,1.23779,1.2378119,1.23716,1.2370982,1.23675,1.2367901
2018-04-25 19:00:00,1.23715,1.23775,1.2376735,1.23785,1.2378564,1.23779,1.23775,1.23716,1.2371998,1.23675,1.2366694,1.23767,1.237654
2018-04-25 20:00:00,1.23775,1.23785,1.2378231,1.23779,1.237803,1.23716,1.2370889,1.23675,1.2368091,1.23767,1.2376508,1.2377601,1.2377746
2018-04-25 21:00:00,1.23785,1.23779,1.2377478,1.23716,1.2371691,1.23675,1.2367654,1.23767,1.2377644,1.2377601,1.2377193,1.23778,1.237803
2018-04-25 22:00:00,1.23779,1.23716,1.2371535,1.23675,1.2368628,1.23767,1.2376739,1.2377601,1.2378362,1.23778,1.2377341,1.23742,1.2374282
2018-04-25 23:00:00,1.23716,1.23675,1.236734,1.23767,1.2376685,1.2377601,1.2377092,1.23778,1.237851,1.23742,1.2373669,1.23802,1.2380104
2018-04-26 00:00:00,1.23675,1.23767,1.2376722,1.2377601,1.2377708,1.23778,1.2377096,1.23742,1.2374569,1.23802,1.2379789,1.23877,1.2387141
2018-04-26 01:00:00,1.23767,1.2377601,1.23771,1.23778,1.2377928,1.23742,1.2373558,1.23802,1.23808,1.23877,1.2388012,1.23655,1.2365834
2018-04-26 02:00:00,1.2377601,1.23778,1.2377243,1.23742,1.2374401,1.23802,1.2379825,1.23877,1.2387775,1.23655,1.23648,1.23695,1.2369723
2018-04-26 03:00:00,1.23778,1.23742,1.237376,1.23802,1.2380481,1.23877,1.2388016,1.23655,1.2366412,1.23695,1.2369283,1.23663,1.2365261
2018-04-26 04:00:00,1.23742,1.23802,1.2379893,1.23877,1.2388078,1.23655,1.2364488,1.23695,1.2370209,1.23663,1.2365739,1.23807,1.2380859
2018-04-26 05:00:00,1.23802,1.23877,1.2387803,1.23655,1.2366469,1.23695,1.2370439,1.23663,1.2367167,1.23807,1.2380576,1.2379,1.2378925
2018-04-26 06:00:00,1.23877,1.23655,1.2365004,1.23695,1.2370896,1.23663,1.2366455,1.23807,1.2381365,1.2379,1.2379414,1.23692,1.2369257
2018-04-26 07:00:00,1.23655,1.23695,1.2369561,1.23663,1.2366205,1.23807,1.238012,1.2379,1.2379775,1.23692,1.236867,1.23639,1.2364149
2018-04-26 08:00:00,1.23695,1.23663,1.236532,1.23807,1.2379879,1.2379,1.2378634,1.23692,1.2369674,1.23639,1.2364264,1.23353,1.2336724
2018-04-26 09:00:00,1.23663,1.23807,1.238049,1.2379,1.2378585,1.23692,1.2368537,1.23639,1.2364964,1.23353,1.2334257,1.23439,1.234506
2018-04-26 10:00:00,1.23807,1.2379,1.2378986,1.23692,1.2370387,1.23639,1.2365589,1.23353,1.2335132,1.23439,1.2346134,1.23456,1.2346553
2018-04-26 11:00:00,1.2379,1.23692,1.236924,1.23639,1.2364811,1.23353,1.2335337,1.23439,1.2344718,1.23456,1.2346704,1.23376,1.2340109
2018-04-26 12:00:00,1.23692,1.23639,1.2364527,1.23353,1.2339056,1.23439,1.2345308,1.23456,1.2346607,1.23376,1.2336946,1.23478,1.234952
2018-04-26 13:00:00,1.23639,1.23353,1.2333386,1.23439,1.2343923,1.23456,1.2347283,1.23376,1.2339481,1.23478,1.2348424,1.2343299,1.2342403
2018-04-26 14:00:00,1.23353,1.23439,1.2343712,1.23456,1.2344892,1.23376,1.2336924,1.23478,1.23481,1.2343299,1.2342557,1.23441,1.234408
2018-04-26 15:00:00,1.23439,1.23456,1.2345296,1.23376,1.2338067,1.23478,1.2347934,1.2343299,1.2343982,1.23441,1.234408,1.2342,1.2341924
2018-04-26 16:00:00,1.23456,1.23376,1.2337242,1.23478,1.2348164,1.2343299,1.2343017,1.23441,1.2344822,1.2342,1.234155,1.23423,1.2342292
2018-04-26 17:00:00,1.23376,1.23478,1.234744,1.2343299,1.2343535,1.23441,1.2343867,1.2342,1.2342732,1.23423,1.2341607,1.23469,1.2346605
2018-04-26 18:00:00,1.23478,1.2343299,1.2342569,1.23441,1.2344081,1.2342,1.2341796,1.23423,1.2342753,1.23469,1.2346703,1.23423,1.2342373
2018-04-26 19:00:00,1.2343299,1.23441,1.2343738,1.2342,1.2341864,1.23423,1.2342166,1.23469,1.2347562,1.23423,1.2341982,1.23374,1.2337685
2018-04-26 20:00:00,1.23441,1.2342,1.2341853,1.23423,1.2342452,1.23469,1.2346681,1.23423,1.2342738,1.23374,1.2337037,1.23405,1.2340603
2018-04-26 21:00:00,1.2342,1.23423,1.2341857,1.23469,1.2346699,1.23423,1.2342391,1.23374,1.2338114,1.23405,1.2340146,1.23403,1.234027
2018-04-26 22:00:00,1.23423,1.23469,1.2346588,1.23423,1.2342627,1.23374,1.2337482,1.23405,1.2341394,1.23403,1.2340144,1.23414,1.2341722
2018-04-26 23:00:00,1.23469,1.23423,1.2342203,1.23374,1.2338014,1.23405,1.2340288,1.23403,1.2341095,1.23414,1.2341208,1.2341499,1.2341585
2018-04-27 00:00:00,1.23423,1.23374,1.2336838,1.23405,1.2340673,1.23403,1.2340155,1.23414,1.234191,1.2341499,1.2341539,1.23244,1.2324224
2018-04-27 01:00:00,1.23374,1.23405,1.234002,1.23403,1.2340151,1.23414,1.2340934,1.2341499,1.2342051,1.23244,1.2324325,1.23144,1.2315745
2018-04-27 02:00:00,1.23405,1.23403,1.2339866,1.23414,1.2341635,1.2341499,1.2341723,1.23244,1.2324668,1.23144,1.2315077,1.23008,1.2301602
2018-04-27 03:00:00,1.23403,1.23414,1.2340915,1.2341499,1.2341526,1.23244,1.2324263,1.23144,1.2315755,1.23008,1.2301347,1.23018,1.2304752
2018-04-27 04:00:00,1.23414,1.2341499,1.2341362,1.23244,1.2325646,1.23144,1.2314371,1.23008,1.2303295,1.23018,1.23012,1.23039,1.2304902
2018-04-27 05:00:00,1.2341499,1.23244,1.2324593,1.23144,1.2315242,1.23008,1.2301009,1.23018,1.230473,1.23039,1.230405,1.22902,1.2290062
2018-04-27 06:00:00,1.23244,1.23144,1.2315643,1.23008,1.2301414,1.23018,1.230259,1.23039,1.2305527,1.22902,1.2292902,1.22662,1.2268515
2018-04-27 07:00:00,1.23144,1.23008,1.2301426,1.23018,1.2302399,1.23039,1.230415,1.22902,1.2290814,1.22662,1.226478,1.22781,1.2277261
2018-04-27 08:00:00,1.23008,1.23018,1.2301538,1.23039,1.2304311,1.22902,1.2290479,1.22662,1.2266498,1.22781,1.2280073,1.22812,1.2282125
2018-04-27 09:00:00,1.23018,1.23039,1.2303746,1.22902,1.2291052,1.22662,1.2267629,1.22781,1.2279068,1.22812,1.2282674,1.22963,1.22973
2018-04-27 10:00:00,1.23039,1.22902,1.2291048,1.22662,1.2267241,1.22781,1.2279882,1.22812,1.2282252,1.22963,1.229662,1.22859,1.2286491
2018-04-27 11:00:00,1.22902,1.22662,1.2267439,1.22781,1.2279532,1.22812,1.2281512,1.22963,1.2296863,1.22859,1.2285101,1.22822,1.2281431
2018-04-27 12:00:00,1.22662,1.22781,1.2277313,1.22812,1.2281021,1.22963,1.2296108,1.22859,1.2286015,1.22822,1.2281585,1.22811,1.2280259
2018-04-27 13:00:00,1.22781,1.22812,1.2280215,1.22963,1.2295706,1.22859,1.2284898,1.22822,1.2282362,1.22811,1.2280194,1.22841,1.2283621
2018-04-27 14:00:00,1.22812,1.22963,1.2295299,1.22859,1.2285893,1.22822,1.2281847,1.22811,1.2281369,1.22841,1.2283363,1.22807,1.2280682
2018-04-27 15:00:00,1.22963,1.22859,1.2285854,1.22822,1.228237,1.22811,1.2281098,1.22841,1.2284603,1.22807,1.2281528,1.22791,1.2280197
2018-04-27 16:00:00,1.22859,1.22822,1.2282014,1.22811,1.2281021,1.22841,1.2284105,1.22807,1.2282124,1.22791,1.227931,1.22729,1.2273414
2018-04-27 17:00:00,1.22822,1.22811,1.228077,1.22841,1.228409,1.22807,1.2280953,1.22791,1.2279981,1.22729,1.2272784,1.22703,1.2270408
2018-04-27 18:00:00,1.22811,1.22841,1.2283546,1.22807,1.2281259,1.22791,1.227961,1.22729,1.2273955,1.22703,1.2270896,1.2277501,1.2278214
2018-04-27 19:00:00,1.22841,1.22807,1.2280823,1.22791,1.2279681,1.22729,1.2273004,1.22703,1.2271285,1.2277501,1.2278324,1.22745,1.2274648
2018-04-27 20:00:00,1.22807,1.22791,1.2278795,1.22729,1.2272741,1.22703,1.2269615,1.2277501,1.2278141,1.22745,1.2273755,1.22709,1.227068
2018-04-29 21:00:00,1.22791,1.22729,1.2272104,1.22703,1.2270839,1.2277501,1.2277676,1.22745,1.2275293,1.22709,1.2269942,1.22715,1.2271187
2018-04-29 22:00:00,1.22729,1.22703,1.2270429,1.2277501,1.2277966,1.22745,1.2273957,1.22709,1.2271261,1.22715,1.2270893,1.22701,1.2269534
2018-04-29 23:00:00,1.22703,1.2277501,1.2276856,1.22745,1.2274666,1.22709,1.227027,1.22715,1.2271909,1.22701,1.2269529,1.22736,1.227309
2018-04-30 00:00:00,1.2277501,1.22745,1.227426,1.22709,1.2271023,1.22715,1.227071,1.22701,1.2270813,1.22736,1.2273473,1.22632,1.2263457
2018-04-30 01:00:00,1.22745,1.22709,1.2270861,1.22715,1.227143,1.22701,1.2269709,1.22736,1.2274139,1.22632,1.2262934,1.22381,1.2239279
2018-04-30 02:00:00,1.22709,1.22715,1.2270943,1.22701,1.2270083,1.22736,1.2273592,1.22632,1.226362,1.22381,1.2238702,1.2231901,1.2233735
2018-04-30 03:00:00,1.22715,1.22701,1.2269787,1.22736,1.2273893,1.22632,1.2263347,1.22381,1.2239014,1.2231901,1.2232401,1.22281,1.2229527
2018-04-30 04:00:00,1.22701,1.22736,1.2273601,1.22632,1.2263551,1.22381,1.2239363,1.2231901,1.2233409,1.22281,1.2227229,1.2235401,1.2237133
2018-04-30 05:00:00,1.22736,1.22632,1.2263731,1.22381,1.2238196,1.2231901,1.2233336,1.22281,1.2231202,1.2235401,1.223837,1.22403,1.2239985
2018-04-30 06:00:00,1.22632,1.22381,1.2238793,1.2231901,1.2233617,1.22281,1.2230686,1.2235401,1.2237698,1.22403,1.2240306,1.22215,1.2221642
2018-04-30 07:00:00,1.22381,1.2231901,1.2232348,1.22281,1.2228906,1.2235401,1.2235458,1.22403,1.2240986,1.22215,1.2220097,1.2220399,1.2220867
2018-04-30 08:00:00,1.2231901,1.22281,1.2227929,1.2235401,1.2235682,1.22403,1.2240779,1.22215,1.2221388,1.2220399,1.2220182,1.22143,1.221409
2018-04-30 09:00:00,1.22281,1.2235401,1.2235383,1.22403,1.224009,1.22215,1.2221187,1.2220399,1.2220815,1.22143,1.2214173,1.22173,1.221724
2018-04-30 10:00:00,1.2235401,1.22403,1.224053,1.22215,1.2223129,1.2220399,1.2220194,1.22143,1.2216538,1.22173,1.2217686,1.2202799,1.2200823
2018-04-30 11:00:00,1.22403,1.22215,1.2221928,1.2220399,1.222102,1.22143,1.221407,1.22173,1.2219299,1.2202799,1.2205262,1.22022,1.2202832
2018-04-30 12:00:00,1.22215,1.2220399,1.2220169,1.22143,1.2214592,1.22173,1.2217752,1.2202799,1.2203138,1.22022,1.2202414,1.22069,1.2207022
2018-04-30 13:00:00,1.2220399,1.22143,1.2213873,1.22173,1.2217307,1.2202799,1.2202948,1.22022,1.2202762,1.22069,1.2205921,1.22053,1.2204713
2018-04-30 14:00:00,1.22143,1.22173,1.2217581,1.2202799,1.2202657,1.22022,1.2202951,1.22069,1.2207482,1.22053,1.2204878,1.22076,1.2207553
2018-04-30 15:00:00,1.22173,1.2202799,1.2202886,1.22022,1.2203367,1.22069,1.2207259,1.22053,1.2205967,1.22076,1.2207257,1.22092,1.2209316
2018-04-30 16:00:00,1.2202799,1.22022,1.2202363,1.22069,1.2207407,1.22053,1.2205074,1.22076,1.2208197,1.22092,1.2208663,1.22086,1.2208683
2018-04-30 17:00:00,1.22022,1.22069,1.2206434,1.22053,1.2205153,1.22076,1.2206948,1.22092,1.2209954,1.22086,1.220796,1.22059,1.2205797
2018-04-30 18:00:00,1.22069,1.22053,1.2205023,1.22076,1.220777,1.22092,1.2209082,1.22086,1.2208881,1.22059,1.2205586,1.22041,1.2204024
2018-04-30 19:00:00,1.22053,1.22076,1.2207348,1.22092,1.2209224,1.22086,1.220851,1.22059,1.2206411,1.22041,1.2203548,1.22076,1.2207425
2018-04-30 20:00:00,1.22076,1.22092,1.2208743,1.22086,1.2208544,1.22059,1.2205775,1.22041,1.220469,1.22076,1.2207103,1.22127,1.2212529
2018-04-30 21:00:00,1.22092,1.22086,1.2208201,1.22059,1.2206091,1.22041,1.2204486,1.22076,1.2208244,1.22127,1.2212291,1.22131,1.2213154
2018-04-30 22:00:00,1.22086,1.22059,1.2205569,1.22041,1.2204355,1.22076,1.2207235,1.22127,1.2213051,1.22131,1.2212503,1.22161,1.2215879
2018-04-30 23:00:00,1.22059,1.22041,1.2203789,1.22076,1.2207704,1.22127,1.2212399,1.22131,1.2213167,1.22161,1.2215548,1.22013,1.2200631
2018-05-01 00:00:00,1.22041,1.22076,1.2207018,1.22127,1.2211975,1.22131,1.2212145,1.22161,1.22165,1.22013,1.2200593,1.2195001,1.2194648
2018-05-01 01:00:00,1.22076,1.22127,1.2212324,1.22131,1.2213445,1.22161,1.2216461,1.22013,1.2201846,1.2195001,1.2195009,1.22025,1.2202384
2018-05-01 02:00:00,1.22127,1.22131,1.2212675,1.22161,1.2216274,1.22013,1.2200985,1.2195001,1.2195386,1.22025,1.2202295,1.22075,1.220738
2018-05-01 03:00:00,1.22131,1.22161,1.2216152,1.22013,1.2201772,1.2195001,1.2195328,1.22025,1.2203597,1.22075,1.2207394,1.22104,1.2210977
2018-05-01 04:00:00,1.22161,1.22013,1.2200713,1.2195001,1.2196481,1.22025,1.2203107,1.22075,1.2208508,1.22104,1.2209717,1.2220299,1.2220427
2018-05-01 05:00:00,1.22013,1.2195001,1.2194878,1.22025,1.2202821,1.22075,1.2207458,1.22104,1.2210591,1.2220299,1.2219537,1.22058,1.2204607
2018-05-01 06:00:00,1.2195001,1.22025,1.2202662,1.22075,1.2207204,1.22104,1.2208498,1.2220299,1.221977,1.22058,1.2203938,1.22305,1.2230875
2018-05-01 07:00:00,1.22025,1.22075,1.2206671,1.22104,1.2210459,1.2220299,1.2219548,1.22058,1.2205607,1.22305,1.2230669,1.22144,1.2213393
2018-05-01 08:00:00,1.22075,1.22104,1.2209668,1.2220299,1.2219764,1.22058,1.2203866,1.22305,1.2231665,1.22144,1.2212706,1.2227,1.2228326
2018-05-01 09:00:00,1.22104,1.2220299,1.2220552,1.22058,1.2205806,1.22305,1.2230097,1.22144,1.2214136,1.2227,1.222589,1.22396,1.2239733
2018-05-01 10:00:00,1.2220299,1.22058,1.2206755,1.22305,1.2230384,1.22144,1.2213584,1.2227,1.2227144,1.22396,1.2238481,1.22417,1.2240441
2018-05-01 11:00:00,1.22058,1.22305,1.2231826,1.22144,1.2213666,1.2227,1.2226057,1.22396,1.2240355,1.22417,1.2240396,1.22363,1.2234471
2018-05-01 12:00:00,1.22305,1.22144,1.2213687,1.2227,1.2227222,1.22396,1.2239547,1.22417,1.224196,1.22363,1.2235405,1.22325,1.223166
2018-05-01 13:00:00,1.22144,1.2227,1.2226828,1.22396,1.224022,1.22417,1.224009,1.22363,1.2236637,1.22325,1.223071,1.22295,1.2228539
2018-05-01 14:00:00,1.2227,1.22396,1.2239012,1.22417,1.224125,1.22363,1.2235129,1.22325,1.2233053,1.22295,1.2228699,1.22324,1.2231619
2018-05-01 15:00:00,1.22396,1.22417,1.2241668,1.22363,1.223636,1.22325,1.2232212,1.22295,1.2230233,1.22324,1.223188,1.22318,1.2231668
2018-05-01 16:00:00,1.22417,1.22363,1.2235826,1.22325,1.2232716,1.22295,1.2229484,1.22324,1.2233678,1.22318,1.2231005,1.22368,1.2237021
2018-05-01 17:00:00,1.22363,1.22325,1.2232454,1.22295,1.2229795,1.22324,1.2232076,1.22318,1.2232453,1.22368,1.22364,1.22286,1.2228826
2018-05-01 18:00:00,1.22325,1.22295,1.2229288,1.22324,1.2232394,1.22318,1.2231292,1.22368,1.2237421,1.22286,1.2228171,1.22207,1.2220551
2018-05-01 19:00:00,1.22295,1.22324,1.2232083,1.22318,1.2231976,1.22368,1.2236007,1.22286,1.2229031,1.22207,1.2220033,1.2224799,1.2225012
2018-05-01 20:00:00,1.22324,1.22318,1.2231296,1.22368,1.2237003,1.22286,1.2228475,1.22207,1.2221534,1.2224799,1.2224942,1.22227,1.222252
2018-05-01 21:00:00,1.22318,1.22368,1.2236729,1.22286,1.2229038,1.22207,1.2220262,1.2224799,1.2225691,1.22227,1.222262,1.22165,1.2217512
2018-05-01 22:00:00,1.22368,1.22286,1.2228847,1.22207,1.2221485,1.2224799,1.222514,1.22227,1.2223277,1.22165,1.2216718,1.22134,1.2214355
2018-05-01 23:00:00,1.22286,1.22207,1.2221062,1.2224799,1.2225379,1.22227,1.2223294,1.22165,1.221795,1.22134,1.2213541,1.2213299,1.221467
2018-05-02 00:00:00,1.22207,1.2224799,1.2224737,1.22227,1.22228,1.22165,1.2216542,1.22134,1.2214065,1.2213299,1.2213866,1.21875,1.2187365
2018-05-02 01:00:00,1.2224799,1.22227,1.2222364,1.22165,1.2217247,1.22134,1.2213473,1.2213299,1.2214541,1.21875,1.2187712,1.22022,1.2203426
2018-05-02 02:00:00,1.22227,1.22165,1.221674,1.22134,1.221431,1.2213299,1.2214001,1.21875,1.2188839,1.22022,1.2202623,1.22049,1.2205685
2018-05-02 03:00:00,1.22165,1.22134,1.2213221,1.2213299,1.2213659,1.21875,1.2187742,1.22022,1.2204165,1.22049,1.2204934,1.22019,1.2203457
2018-05-02 04:00:00,1.22134,1.2213299,1.2213302,1.21875,1.2188476,1.22022,1.2202595,1.22049,1.2206304,1.22019,1.22029,1.21766,1.2176387
2018-05-02 05:00:00,1.2213299,1.21875,1.2188048,1.22022,1.220239,1.22049,1.2204756,1.22019,1.2202739,1.21766,1.2175546,1.2183,1.2184482
2018-05-02 06:00:00,1.21875,1.22022,1.2202507,1.22049,1.2204622,1.22019,1.2201524,1.21766,1.217671,1.2183,1.218228,1.21875,1.2186933
