DATE_TIME,Uncertainty_H1,Uncertainty_H2,Uncertainty_H3,Uncertainty_H4,Uncertainty_H5,Uncertainty_H6
2017-05-15 02:00:00,4.574636e-05,0.00031886957,0.00019115723,0.000282539,0.0002734716,0.00037755346
2017-05-15 03:00:00,0.0004120657,0.00021717547,0.00023548596,0.00027636182,0.00032161758,0.00027287405
2017-05-15 04:00:00,0.00020862457,0.0005640291,0.00043546138,0.00097290194,0.0005091528,0.0007790346
2017-05-15 05:00:00,0.0005112377,0.00036945153,0.0006700898,0.0006313399,0.0005837836,0.0005594349
2017-05-15 06:00:00,3.1425043e-05,0.00025006247,7.581652e-05,0.0002981221,0.000114742,0.00022128907
2017-05-15 07:00:00,0.0003321294,0.00013180332,0.0002438217,0.00017151564,0.00019592578,0.00028247084
2017-05-15 08:00:00,0.00026290596,2.5488365e-05,0.00016183332,9.152246e-05,0.000101171805,0.0001858013
2017-05-15 09:00:00,0.00019120552,6.31222e-05,0.00013265558,0.00037366519,0.0004315803,0.00027460823
2017-05-15 10:00:00,0.00017723418,7.721078e-05,0.00013212759,0.00018005651,9.378417e-05,0.00014223481
2017-05-15 11:00:00,8.360266e-05,0.00016040326,0.00024840137,0.00028784698,0.00024972192,0.0001854187
2017-05-15 12:00:00,0.00020947542,0.00026056633,0.00016741746,0.00029647883,0.00018519438,0.00018169051
2017-05-15 13:00:00,5.5006727e-05,2.8118791e-05,6.488812e-05,3.466929e-05,5.8440928e-05,0.00015835269
2017-05-15 14:00:00,8.505189e-05,4.536413e-05,9.907091e-05,4.4228596e-05,0.00013001614,0.00010573015
2017-05-15 15:00:00,9.077882e-05,3.2534324e-05,6.0803377e-05,0.00017277089,0.0001141911,0.000118412456
2017-05-15 16:00:00,7.941485e-05,3.8616297e-05,8.122002e-05,0.0001212697,6.671237e-05,4.731014e-05
2017-05-15 17:00:00,7.88678e-05,0.00014851885,0.0002021528,0.00014176412,0.00011637592,0.00014218144
2017-05-15 18:00:00,9.846265e-05,0.00017607534,6.3917134e-05,7.9576486e-05,0.000100600286,3.1761447e-05
2017-05-15 19:00:00,3.6351208e-05,3.373224e-05,6.556117e-05,3.0445153e-05,3.7037047e-05,2.280693e-05
2017-05-15 20:00:00,0.000110166766,7.985383e-05,6.177763e-05,0.000100507306,6.562095e-05,6.104632e-05
2017-05-15 21:00:00,4.0621246e-05,3.5032226e-05,5.722399e-05,3.9006063e-05,4.2811364e-05,5.43714e-05
2017-05-15 22:00:00,3.797718e-05,3.0737716e-05,4.1410105e-05,4.1392766e-05,4.637116e-05,8.626979e-05
2017-05-15 23:00:00,6.410119e-05,4.340382e-05,8.913662e-05,7.296501e-05,5.1922172e-05,0.00024233594
2017-05-16 00:00:00,3.4548644e-05,2.2967659e-05,4.681634e-05,0.00012624227,0.00033276228,8.489667e-05
2017-05-16 01:00:00,4.1703388e-05,5.9410035e-05,5.933963e-05,0.0003876321,8.755011e-05,0.00033403301
2017-05-16 02:00:00,2.5555646e-05,0.000109721535,0.00039942813,9.532549e-05,0.00025479667,0.00021157721
2017-05-16 03:00:00,0.000116340314,0.00042833164,9.4342395e-05,0.00047879384,0.00031148142,0.0005280918
2017-05-16 04:00:00,0.0002649892,3.241586e-05,0.00029257062,0.00030677143,0.0002567934,0.00059283525
2017-05-16 05:00:00,0.00021904682,2.9068375e-05,2.3020888e-05,0.000150277,0.00021051169,0.00028375178
2017-05-16 06:00:00,0.00038994037,0.00025311054,0.000439416,0.00057674595,0.0005442464,0.00029946465
2017-05-16 07:00:00,3.202733e-05,0.00017516247,0.00027161548,0.0003770993,0.00016339998,0.00026291382
2017-05-16 08:00:00,0.0001345546,0.00030686063,0.00038496198,0.00016365596,0.00020362667,0.0004843885
2017-05-16 09:00:00,0.00016980166,0.00025543617,3.4460536e-05,0.00012580078,0.00034933243,3.4898778e-05
2017-05-16 10:00:00,4.0610394e-05,0.00012536053,8.203359e-05,0.00023001088,8.316158e-05,5.1581814e-05
2017-05-16 11:00:00,0.00023070881,8.520348e-05,0.0001531062,0.00020539103,4.9997994e-05,0.00020473344
2017-05-16 12:00:00,0.00012938795,0.00041552584,3.298386e-05,0.00017030901,0.00038689096,0.00040015657
2017-05-16 13:00:00,0.0003031847,8.809962e-05,9.3184186e-05,0.00043622113,0.00019128199,0.0002828351
2017-05-16 14:00:00,0.00034938907,0.0001767023,7.610653e-05,2.7912423e-05,5.0812083e-05,2.3550812e-05
2017-05-16 15:00:00,0.00025279218,0.0004756194,0.00034018562,0.00045048795,0.00026089032,0.0002197138
2017-05-16 16:00:00,0.00026245724,0.00017765428,0.00017282013,0.00015938132,8.070925e-05,3.0067307e-05
2017-05-16 17:00:00,0.00012000785,9.2386625e-05,8.3047824e-05,0.00019259317,0.00020142406,0.00026161995
2017-05-16 18:00:00,3.3258155e-05,4.4800978e-05,0.00013103451,0.00020022083,0.0002543342,0.00023337392
2017-05-16 19:00:00,7.027447e-05,7.121909e-05,0.00015396431,0.00041496317,0.00021852863,0.00018190233
2017-05-16 20:00:00,7.562118e-05,0.00011905406,0.0002639568,0.0002721087,0.00017717261,0.00016169493
2017-05-16 21:00:00,8.847709e-05,0.00023098143,0.00023165268,0.00015736413,0.000115463845,6.6262095e-05
2017-05-16 22:00:00,0.00014835624,0.00011943648,0.00012006821,9.195671e-05,5.8671732e-05,4.80064e-05
2017-05-16 23:00:00,1.584735e-05,4.8486752e-05,5.0004073e-05,7.214948e-05,6.278383e-05,8.661174e-05
2017-05-17 00:00:00,4.4873665e-05,3.6222515e-05,6.0850787e-05,9.9207966e-05,9.384189e-05,6.728364e-05
2017-05-17 01:00:00,3.2911335e-05,4.4945908e-05,3.718647e-05,0.00012890696,5.2537285e-05,0.0002964565
2017-05-17 02:00:00,2.9235985e-05,4.8451177e-05,0.00012481808,5.0775117e-05,0.00027997998,0.0003871169
2017-05-17 03:00:00,3.5572186e-05,6.3478554e-05,4.8037906e-05,0.00039627674,0.00028696976,0.0002794451
2017-05-17 04:00:00,6.6098706e-05,2.2927137e-05,0.0002787961,0.0004336635,0.00023080665,0.00019835022
2017-05-17 05:00:00,8.834627e-05,0.00024542984,0.00026063505,0.0003227368,0.00012734189,8.8240646e-05
2017-05-17 06:00:00,0.00037004682,0.00040407153,0.00035974922,0.0002471838,0.00016760896,0.00023729475
2017-05-17 07:00:00,4.5176424e-05,4.9807953e-05,0.00010727914,0.00012161749,5.1176925e-05,4.8981146e-05
2017-05-17 08:00:00,3.6889985e-05,0.00015806379,0.00021516767,4.609733e-05,3.715218e-05,3.0510811e-05
2017-05-17 09:00:00,0.0001737667,0.0001628676,4.2845466e-05,4.7879035e-05,4.9927956e-05,6.116777e-05
2017-05-17 10:00:00,5.340329e-05,9.0261754e-05,9.857452e-05,0.00010077657,0.00013371452,0.00022762021
2017-05-17 11:00:00,0.00019061411,0.00013937498,0.00013726155,0.00020114558,0.00023024259,0.00025611295
2017-05-17 12:00:00,3.286678e-05,2.5567933e-05,8.033609e-05,0.00020001114,0.00015551338,9.984181e-05
2017-05-17 13:00:00,4.573334e-05,5.516915e-05,0.00019911006,0.00015710157,8.9888665e-05,7.448643e-05
2017-05-17 14:00:00,9.797252e-05,0.00031670468,0.00016391375,0.00013528037,8.979871e-05,7.565551e-05
2017-05-17 15:00:00,0.00015646924,8.5293505e-05,5.0185125e-05,5.5522883e-05,5.5518223e-05,5.957235e-05
2017-05-17 16:00:00,5.9196303e-05,9.225604e-05,0.000131768,0.0001071815,8.283536e-05,7.720635e-05
2017-05-17 17:00:00,9.93992e-05,0.00010351049,8.00084e-05,6.232255e-05,7.344343e-05,0.00013100044
2017-05-17 18:00:00,3.8202303e-05,3.4496683e-05,4.2624004e-05,3.3672473e-05,0.00010440423,3.8159396e-05
2017-05-17 19:00:00,2.2642349e-05,4.6149522e-05,4.332831e-05,7.9258185e-05,4.7187637e-05,0.00012854952
2017-05-17 20:00:00,3.346569e-05,3.262928e-05,0.000100351106,6.450954e-05,8.769887e-05,3.9686078e-05
2017-05-17 21:00:00,2.3937117e-05,0.00013551115,9.9626726e-05,0.00014270401,6.673366e-05,3.158538e-05
2017-05-17 22:00:00,0.00013106472,6.488646e-05,0.00018762761,7.9943646e-05,3.1372212e-05,5.6598852e-05
2017-05-17 23:00:00,3.3379834e-05,5.6982924e-05,4.61436e-05,9.381391e-05,3.5846373e-05,3.1258303e-05
2017-05-18 00:00:00,0.000105331834,2.5003435e-05,4.7069752e-05,6.624679e-05,6.6362576e-05,0.00015346856
2017-05-18 01:00:00,8.089019e-05,0.00013284985,4.2335527e-05,3.2741485e-05,0.000107676075,4.3017506e-05
2017-05-18 02:00:00,4.332859e-05,4.1317373e-05,0.00010064613,0.00022692433,4.5693483e-05,4.8502316e-05
2017-05-18 03:00:00,8.56178e-05,0.00010804355,0.00035117997,0.00012374204,3.7777376e-05,4.2628282e-05
2017-05-18 04:00:00,7.6966826e-05,0.00015165843,5.6080673e-05,0.00012671613,9.197113e-05,0.00028810633
2017-05-18 05:00:00,0.00015576513,2.8780414e-05,0.00015726984,0.00015897916,0.00032390637,0.00037025954
2017-05-18 06:00:00,0.00015842369,0.00024452657,0.00031746592,0.00042450312,0.00044264918,0.00028010274
2017-05-18 07:00:00,0.00018591114,0.00011378978,0.00038252035,0.00048704614,0.0001527267,0.00023294968
2017-05-18 08:00:00,2.4431987e-05,0.00021660548,0.0002563709,5.591842e-05,8.3403706e-05,3.320782e-05
2017-05-18 09:00:00,0.0002509451,0.00025035662,5.0281375e-05,4.6112946e-05,3.3347962e-05,5.979081e-05
2017-05-18 10:00:00,6.477725e-05,0.0001640407,0.00014552362,0.00018905572,0.00011442548,0.00015163107
2017-05-18 11:00:00,0.00029737124,0.00024694722,0.00029458664,0.00023995132,0.00022031188,0.00014220858
2017-05-18 12:00:00,3.0735737e-05,2.762295e-05,3.438204e-05,4.660359e-05,5.4234177e-05,9.4406154e-05
2017-05-18 13:00:00,6.844109e-05,3.7629175e-05,7.471106e-05,6.482619e-05,7.028408e-05,0.00012757565
2017-05-18 14:00:00,4.8809503e-05,2.7350332e-05,6.804865e-05,0.00010798976,0.0001099874,0.00017003696
2017-05-18 15:00:00,6.180746e-05,3.9334613e-05,5.2846637e-05,0.00011797697,9.97624e-05,7.620021e-05
2017-05-18 16:00:00,5.5168657e-05,0.00011647176,0.00018101805,0.00019334389,0.00011781283,0.0001127138
2017-05-18 17:00:00,4.773355e-05,0.00012486386,0.0001185632,8.1468075e-05,6.77601e-05,5.44675e-05
2017-05-18 18:00:00,6.383721e-05,6.506299e-05,4.2699405e-05,5.2238902e-05,4.8931215e-05,7.375184e-05
2017-05-18 19:00:00,3.191219e-05,3.778615e-05,8.047728e-05,7.408979e-05,0.0001015818,9.903441e-05
2017-05-18 20:00:00,6.115507e-05,5.9738388e-05,8.235994e-05,0.0001433448,0.00013247327,8.7243636e-05
2017-05-18 21:00:00,3.3971533e-05,2.490601e-05,9.620974e-05,0.00012865616,6.448706e-05,5.5392717e-05
2017-05-18 22:00:00,2.5368761e-05,9.840998e-05,0.00013774617,6.0025104e-05,4.8182388e-05,5.7723373e-05
2017-05-18 23:00:00,0.00010114261,9.46885e-05,7.748786e-05,7.423299e-05,6.619471e-05,0.00010535416
2017-05-19 00:00:00,3.6881454e-05,2.8609677e-05,3.184384e-05,3.5982546e-05,0.0001446359,0.00012498786
2017-05-19 01:00:00,3.4433167e-05,4.1614847e-05,2.6084546e-05,0.0002368464,0.00012721581,0.00010975193
2017-05-19 02:00:00,4.9257163e-05,2.8335438e-05,0.00019062865,0.00015549295,6.5827684e-05,3.127844e-05
2017-05-19 03:00:00,3.0256966e-05,0.00022564277,0.00015166182,9.549327e-05,3.5286477e-05,3.664037e-05
2017-05-19 04:00:00,0.00020315789,0.00015507638,0.00011516995,3.9155606e-05,5.3078795e-05,4.3518263e-05
2017-05-19 05:00:00,0.00010212923,8.662374e-05,0.00019372973,0.00025473494,0.00013775918,0.0005396317
2017-05-19 06:00:00,4.862503e-05,0.00013245629,0.0002287973,9.358375e-05,0.00044029413,0.00053484336
2017-05-19 07:00:00,0.0001786188,0.00014282043,8.158087e-05,0.00060543127,0.00074477785,0.00043149004
2017-05-19 08:00:00,5.7295274e-05,5.4962376e-05,0.00062392757,0.0009235708,0.0006261143,0.00064782245
2017-05-19 09:00:00,8.756783e-05,0.0004204003,0.00056466117,0.00056843954,0.0006744651,0.00038272873
2017-05-19 10:00:00,0.00067271624,0.0009494431,0.0008007187,0.0010241552,0.0005395551,0.00065525575
2017-05-19 11:00:00,0.00028939036,0.00019538794,0.00037974305,0.00019333248,0.00019556622,0.0001804474
2017-05-19 12:00:00,1.9231085e-05,7.3039155e-05,4.840193e-05,3.991645e-05,4.349185e-05,6.176521e-05
2017-05-19 13:00:00,7.24879e-05,5.5291854e-05,3.990431e-05,4.4017812e-05,0.000102570266,7.543282e-05
2017-05-19 14:00:00,9.169828e-05,5.3231972e-05,5.0076203e-05,6.446226e-05,4.3806274e-05,5.6159195e-05
2017-05-19 15:00:00,9.833874e-05,7.97724e-05,0.00022048249,0.00013931308,0.00017240792,7.169281e-05
2017-05-19 16:00:00,4.5762914e-05,0.00010596285,0.00011393136,0.000118913485,4.9348102e-05,5.439494e-05
2017-05-19 17:00:00,0.00012966404,6.464091e-05,0.00012931341,4.193761e-05,6.509846e-05,2.7399463e-05
2017-05-19 18:00:00,2.9614654e-05,3.4816374e-05,5.7862577e-05,6.638618e-05,8.960877e-05,6.6342e-05
2017-05-19 19:00:00,7.604962e-05,5.7786092e-05,3.05732e-05,8.772782e-05,3.8560418e-05,3.2148717e-05
2017-05-19 20:00:00,0.0001018814,6.81617e-05,0.00012796695,0.00011178078,5.3760326e-05,7.010505e-05
2017-05-21 21:00:00,5.851028e-05,3.9232098e-05,4.3164564e-05,4.1798925e-05,5.2144864e-05,3.0313933e-05
2017-05-21 22:00:00,6.603889e-05,2.4867777e-05,3.7771497e-05,3.33399e-05,4.1662995e-05,3.105585e-05
2017-05-21 23:00:00,4.998556e-05,5.808019e-05,9.2210605e-05,0.00010688435,4.8767022e-05,0.00010857206
2017-05-22 00:00:00,4.0655665e-05,4.99627e-05,6.152594e-05,4.204915e-05,9.480221e-05,0.00013332831
2017-05-22 01:00:00,5.484572e-05,4.9291637e-05,5.5720302e-05,9.483415e-05,0.00020099591,0.00020303315
2017-05-22 02:00:00,3.6020203e-05,2.7220158e-05,0.00013427032,0.00013598411,0.0001940174,0.00027975562
2017-05-22 03:00:00,2.903568e-05,4.8571474e-05,0.00015902241,0.0002329484,0.00020995,0.00040768742
2017-05-22 04:00:00,0.00015536472,0.0001659961,0.00026286248,0.00034670872,0.0004101315,0.00034248995
2017-05-22 05:00:00,0.00011202946,9.914131e-05,0.00031343332,0.00050602766,0.00041978384,0.00040004536
2017-05-22 06:00:00,7.4044976e-05,0.00018749213,0.00040991348,0.00042807678,0.0003589946,0.00038560087
2017-05-22 07:00:00,0.00019196521,0.00037966238,0.00037083463,0.00045459584,0.00034978817,0.00038339934
2017-05-22 08:00:00,0.00041086014,0.0001995255,0.00030540625,0.0003815509,0.0002402604,0.00026821415
2017-05-22 09:00:00,5.7698257e-05,0.00012834431,0.00016404665,0.00013460858,0.00010252719,3.8948096e-05
2017-05-22 10:00:00,0.00021712092,0.00015651574,0.00020344202,0.00020810872,0.00011127015,4.1962536e-05
2017-05-22 11:00:00,3.5638397e-05,4.0610237e-05,5.2173633e-05,0.0001056087,0.00013519997,3.908725e-05
2017-05-22 12:00:00,5.5734516e-05,3.3689394e-05,0.0001017844,0.00018713581,3.9109233e-05,5.1118353e-05
2017-05-22 13:00:00,4.2155196e-05,8.2303406e-05,0.00013119403,4.0416846e-05,4.5091507e-05,5.5175864e-05
2017-05-22 14:00:00,7.545006e-05,0.00015438229,4.833585e-05,4.7691385e-05,7.5510085e-05,6.242835e-05
2017-05-22 15:00:00,7.2249204e-05,6.754928e-05,8.664872e-05,4.8183e-05,4.3870572e-05,7.095815e-05
2017-05-22 16:00:00,0.000119496864,0.00013987435,0.0001200277,0.00010967286,0.000112041,0.000108140935
2017-05-22 17:00:00,2.502023e-05,6.220746e-05,4.3742737e-05,4.0899242e-05,5.007837e-05,4.3879183e-05
2017-05-22 18:00:00,5.3335873e-05,4.146685e-05,5.905136e-05,4.6372355e-05,6.340589e-05,5.855868e-05
2017-05-22 19:00:00,4.4400815e-05,9.808447e-05,0.00010563747,0.00012220939,0.00012267436,0.0001374492
2017-05-22 20:00:00,0.00015855451,5.9003003e-05,0.00013523058,0.00016246276,0.0001206401,0.00016327275
2017-05-22 21:00:00,4.986479e-05,4.996325e-05,0.00010034436,0.00010321049,6.766854e-05,0.00011328308
2017-05-22 22:00:00,7.3377785e-05,0.00010105733,0.00015768548,0.00012992688,0.00014973742,0.00012789387
2017-05-22 23:00:00,6.924631e-05,7.4234886e-05,9.2678914e-05,0.00012373517,0.00010010566,0.00038708016
2017-05-23 00:00:00,6.375442e-05,2.664458e-05,8.393811e-05,7.2669856e-05,0.0003052821,0.00041618364
2017-05-23 01:00:00,4.7143596e-05,5.1568644e-05,6.304656e-05,0.00043081382,0.0005576156,0.00068340986
2017-05-23 02:00:00,7.477111e-05,3.9945244e-05,0.0004889409,0.00069062796,0.0005720869,0.0006987432
2017-05-23 03:00:00,2.0890831e-05,0.0003415574,0.0005157853,0.000966378,0.0006251663,0.00066912937
2017-05-23 04:00:00,0.00037763768,0.0005023794,0.00075776374,0.00071577856,0.000586711,0.00080760126
2017-05-23 05:00:00,0.000289545,0.00052154996,0.00030914298,0.0005817486,0.00034721696,0.0008603011
2017-05-23 06:00:00,0.00031709275,0.00023676896,0.00041200046,0.00025836335,0.0005316595,0.0005215899
2017-05-23 07:00:00,2.80859e-05,0.00012092168,0.00012521092,0.0004227774,0.00018778976,0.00037557192
2017-05-23 08:00:00,0.00014461073,0.00016373365,0.00040503856,0.0003262156,0.0005481688,0.00028355673
2017-05-23 09:00:00,2.6813192e-05,0.00045676276,0.00017746731,0.000452795,0.0001716481,0.00019590861
2017-05-23 10:00:00,0.00052951224,0.00023527832,0.00048266022,0.0003305732,0.00027902317,0.00031300905
2017-05-23 11:00:00,0.00013474489,6.8829824e-05,0.00011430081,4.0372674e-05,0.00011209008,0.00018964522
2017-05-23 12:00:00,0.00034498156,5.2542007e-05,0.00013732161,0.00039278358,0.00030573408,0.00016759644
2017-05-23 13:00:00,0.00021951452,7.954221e-05,0.0001138305,0.00018228611,4.3353517e-05,3.3038796e-05
2017-05-23 14:00:00,0.0001133146,0.00023206302,0.00043761107,0.00018502254,0.00012289132,9.071562e-05
2017-05-23 15:00:00,0.00022094659,0.00029204533,0.00011904294,8.085415e-05,5.5235203e-05,0.00018631961
2017-05-23 16:00:00,0.00015305162,8.904076e-05,0.00012627918,0.00017599596,7.2990515e-05,3.6315738e-05
2017-05-23 17:00:00,0.00022279218,0.00022495376,0.00025121577,5.97423e-05,4.608123e-05,3.4542794e-05
2017-05-23 18:00:00,5.4836048e-05,7.476369e-05,0.00016444504,0.00013987129,0.00010726625,0.00014773062
2017-05-23 19:00:00,3.4167097e-05,0.00020640343,0.00021555726,0.00023991693,0.00020200585,0.00032300316
2017-05-23 20:00:00,0.00022745218,0.00022045903,0.00021199364,0.00028176996,0.00026704403,0.00028275943
2017-05-23 21:00:00,4.085622e-05,4.4900993e-05,6.121853e-05,0.00024966468,0.00021492831,0.00015645912
2017-05-23 22:00:00,6.7168614e-05,6.201376e-05,0.00029528124,0.00035379088,0.00019532864,0.00014650826
2017-05-23 23:00:00,5.2703635e-05,0.00020655298,0.00029869325,0.0001599308,0.00014854118,0.00012912329
2017-05-24 00:00:00,0.00024211161,0.00021162281,0.00015897371,0.00016841108,0.00011913204,0.00015068869
2017-05-24 01:00:00,5.6595713e-05,6.0041286e-05,3.245858e-05,4.7724527e-05,0.00020432983,0.0002490321
2017-05-24 02:00:00,0.00013148358,6.6137116e-05,6.875362e-05,0.00046128218,0.00032351786,0.000261039
2017-05-24 03:00:00,6.9963775e-05,4.9927254e-05,0.00022641153,0.0003410658,0.00015981741,3.529663e-05
2017-05-24 04:00:00,2.3144923e-05,0.00032135405,0.00034554125,0.00023169714,3.9674753e-05,5.1701394e-05
2017-05-24 05:00:00,0.00045436146,0.00040921205,0.00024563968,3.5413297e-05,5.353986e-05,0.0001287092
2017-05-24 06:00:00,4.6297857e-05,9.4762756e-05,0.0003465316,0.0003898139,0.00036688667,0.0004548907
2017-05-24 07:00:00,0.00019929065,0.00040868798,0.0004152738,0.000635993,0.00051512814,0.0006243048
2017-05-24 08:00:00,0.00025984994,0.00031476552,0.00040186723,0.00045421286,0.0005824843,0.00049656595
2017-05-24 09:00:00,6.878167e-05,0.00023596217,0.00021206497,0.0007380108,0.0002799046,0.0002724517
2017-05-24 10:00:00,0.00018233477,0.0002461447,0.0005172935,0.00028026957,0.0002371156,0.00044877268
2017-05-24 11:00:00,4.5208035e-05,0.00040995286,0.00015225603,0.00024042999,0.00036814966,0.00027006684
2017-05-24 12:00:00,0.00028656036,8.996451e-05,0.00013987762,0.00050150265,0.00023564104,0.0003145917
2017-05-24 13:00:00,0.0002608821,0.00014096475,0.00012217078,3.2176813e-05,7.9169105e-05,0.00016814293
2017-05-24 14:00:00,0.00011573838,0.00028162752,0.00018476431,0.00027930184,0.00030106294,0.00048764897
2017-05-24 15:00:00,0.00035263968,0.0001705723,0.00028008563,0.0003631753,0.00039694548,0.00026707246
2017-05-24 16:00:00,9.538102e-05,4.3716736e-05,0.00010385857,0.000116388,8.9035835e-05,2.7248707e-05
2017-05-24 17:00:00,0.00012920715,0.00018084078,0.00027696037,0.00021360152,6.271682e-05,0.00016300801
2017-05-24 18:00:00,0.00015555136,0.00021445048,0.00015727416,4.070245e-05,0.00012970227,2.3851057e-05
2017-05-24 19:00:00,8.775144e-05,4.2631662e-05,0.00012587816,0.00010525932,8.728106e-05,6.703989e-05
2017-05-24 20:00:00,3.810524e-05,0.00013153137,3.8196118e-05,0.00015975659,0.00011151444,6.988169e-05
2017-05-24 21:00:00,0.00012856617,4.128084e-05,0.00012778367,0.00010762307,5.3718068e-05,0.00029604507
2017-05-24 22:00:00,0.00018668243,2.80769e-05,5.9107417e-05,9.1620146e-05,0.00013976895,0.00014683479
2017-05-24 23:00:00,0.00019259768,0.00012709158,4.1655778e-05,0.0003472284,0.00027795281,0.00039265718
2017-05-25 00:00:00,4.6574525e-05,0.00011497366,0.00016139609,0.00025898783,0.00031758446,0.00020534222
2017-05-25 01:00:00,0.000103657694,0.00021724278,0.00020022252,0.0004839964,0.00027261052,0.00030443294
2017-05-25 02:00:00,0.00027574768,0.00029908473,0.00041271,0.0003908143,0.00046859583,0.00040692167
2017-05-25 03:00:00,7.501759e-05,0.00018740921,0.00017147475,0.00027311378,0.00029103048,0.00014677519
2017-05-25 04:00:00,0.00018858408,9.014608e-05,0.00020598335,0.00034345174,5.391393e-05,0.00027113414
2017-05-25 05:00:00,5.4431905e-05,5.045531e-05,0.000119509314,0.000103648286,0.000108731234,0.00024663596
2017-05-25 06:00:00,0.00010904016,0.0001678992,8.343213e-05,0.0001811972,0.00036865688,0.00025528355
2017-05-25 07:00:00,0.00011495209,0.0001408918,9.267056e-05,0.00033173553,0.00019545696,4.408144e-05
2017-05-25 08:00:00,0.0003393556,2.6901429e-05,0.00016982021,0.000120791345,9.733177e-05,0.00010342835
2017-05-25 09:00:00,0.0002904867,0.00032941528,0.00043153836,0.00013930496,7.71874e-05,8.488306e-05
2017-05-25 10:00:00,0.00016976024,0.00011630296,8.763574e-05,0.00012233379,4.4409586e-05,0.00035361134
2017-05-25 11:00:00,9.397566e-05,0.00025856728,0.00031409852,0.00030105168,0.00024011347,6.530948e-05
2017-05-25 12:00:00,0.0002486265,0.0002719187,0.00023514318,0.00043046116,0.00017092627,3.341576e-05
2017-05-25 13:00:00,4.4642886e-05,3.8173617e-05,0.0005734042,0.00040930617,0.00023183406,0.00030328764
2017-05-25 14:00:00,0.0001016573,0.0005634353,0.0003927434,0.0002590132,0.00043425526,0.00035951758
2017-05-25 15:00:00,0.0006774438,0.0004096098,0.0001562546,0.00038956688,0.00038888457,0.0001919163
2017-05-25 16:00:00,0.00028822216,0.0003887895,0.00022069186,0.00013746781,0.00023301892,0.00021186804
2017-05-25 17:00:00,0.00012887482,3.2930326e-05,4.3160187e-05,9.767954e-05,0.00011245308,7.785896e-05
2017-05-25 18:00:00,0.00018572604,0.00021014638,9.83048e-05,4.936974e-05,6.9833375e-05,8.744504e-05
2017-05-25 19:00:00,4.2677544e-05,8.217178e-05,0.00014154345,8.474675e-05,5.1337396e-05,2.8616747e-05
2017-05-25 20:00:00,0.00016861722,9.346789e-05,0.00013453733,0.00011613071,3.9383835e-05,8.097439e-05
2017-05-25 21:00:00,6.554296e-05,3.0594518e-05,2.5774489e-05,0.00011946229,3.0865096e-05,4.6313413e-05
2017-05-25 22:00:00,2.9138799e-05,5.6793822e-05,0.00013471511,5.3251155e-05,4.515636e-05,3.344595e-05
2017-05-25 23:00:00,5.5822427e-05,0.000111130656,4.9673632e-05,5.4998723e-05,4.7595633e-05,0.00019787843
2017-05-26 00:00:00,8.300045e-05,3.3713568e-05,7.921696e-05,8.772858e-05,0.00018466248,0.0003576537
2017-05-26 01:00:00,0.00014858326,0.00014633495,0.00014676308,0.00029466103,0.0003921855,0.00043152334
2017-05-26 02:00:00,7.664469e-05,6.687469e-05,0.0002002156,0.00045830137,0.0005169195,0.0005796969
2017-05-26 03:00:00,4.5888875e-05,0.00018829078,0.0003681671,0.00059299596,0.0005965319,0.0006205614
2017-05-26 04:00:00,0.00020802546,0.00034487492,0.0006221623,0.00062212185,0.00047148915,0.0008944624
2017-05-26 05:00:00,0.00033378886,0.00043230318,0.0007304129,0.00062708784,0.0006934753,0.00043297076
2017-05-26 06:00:00,0.00020125869,0.00035948952,0.00036797236,0.00064475124,0.0002884748,0.000647393
2017-05-26 07:00:00,0.00017607231,0.00014724639,0.00046077312,0.0005265424,0.00050803344,0.00065400644
2017-05-26 08:00:00,8.913291e-05,0.00027574503,0.00031709785,0.00058034447,0.00051273435,0.00028109274
2017-05-26 09:00:00,0.00030013066,0.0003070909,0.0003253725,0.0005112904,0.00030741384,0.000403105
2017-05-26 10:00:00,3.725898e-05,0.00015894769,0.00036162682,0.00018414689,0.00016977952,0.0005014494
2017-05-26 11:00:00,0.00011647491,0.00020266329,0.00010983442,0.00021442532,0.0004417472,0.00034133458
2017-05-26 12:00:00,0.00013220869,2.905965e-05,5.303487e-05,0.0004007478,0.00020393776,0.00016092176
2017-05-26 13:00:00,0.000111139096,8.151727e-05,0.00021591684,0.00013200188,0.00011299035,0.00010524919
2017-05-26 14:00:00,4.516581e-05,0.00031236027,0.00023267507,0.00020571065,0.00016371826,0.000120488505
2017-05-26 15:00:00,0.00047760614,0.00024244089,0.0001497371,0.00018934364,0.00013091594,0.0001536648
2017-05-26 16:00:00,0.00011162576,8.522061e-05,0.00012831036,0.0001749145,4.853089e-05,0.00012727772
2017-05-26 17:00:00,2.87951e-05,2.808614e-05,6.6957284e-05,4.584251e-05,4.848771e-05,0.0002512073
2017-05-26 18:00:00,2.7257485e-05,7.525372e-05,5.0663595e-05,4.0529136e-05,0.00019262507,0.00012433915
2017-05-26 19:00:00,6.7232715e-05,4.5584253e-05,4.5595774e-05,0.00033015187,0.00017793135,0.0001601454
2017-05-26 20:00:00,9.6418036e-05,5.072441e-05,0.00021802312,0.00013417554,0.00011670943,9.718889e-05
2017-05-28 21:00:00,5.9882335e-05,0.00024556587,0.00018102353,0.000205677,0.00021338393,0.00022108272
2017-05-28 22:00:00,0.00020422733,0.00014844725,0.0001430017,0.00019834355,0.00019193129,0.000118500415
2017-05-28 23:00:00,0.00015698648,9.694312e-05,0.0001089261,5.1314055e-05,9.7123346e-05,4.910244e-05
2017-05-29 00:00:00,4.9106744e-05,2.9699959e-05,6.9656366e-05,2.7496179e-05,0.00016159391,0.0003182568
2017-05-29 01:00:00,3.9303886e-05,5.5702538e-05,4.3915312e-05,0.00015704248,0.0002486019,0.000369713
2017-05-29 02:00:00,5.2080224e-05,5.357213e-05,0.000101916805,0.0003728502,0.0002564813,0.00011464197
2017-05-29 03:00:00,0.00010226045,7.033006e-05,0.00020093967,0.0003546417,0.00015830772,0.00054318516
2017-05-29 04:00:00,0.00018360408,0.00037247976,0.00032573775,0.00015951126,0.00041183797,0.00046396785
2017-05-29 05:00:00,0.00019146947,0.00027887736,0.0002843071,0.00082131696,0.00065307476,0.0007561569
2017-05-29 06:00:00,4.5334076e-05,0.00035848486,0.0008711178,0.0010638905,0.00067844545,0.0010100302
2017-05-29 07:00:00,0.00068210624,0.0008091944,0.001009525,0.00121827,0.001052236,0.00078224455
2017-05-29 08:00:00,0.00047844142,0.00050859596,0.00075646414,0.00073671446,0.0006333331,0.00041469902
2017-05-29 09:00:00,0.00013854461,0.00026489448,0.0004652099,0.0002590358,8.758678e-05,6.8688314e-05
2017-05-29 10:00:00,0.00020427488,0.00034078685,0.00016504303,3.0857325e-05,3.5967652e-05,6.851676e-05
2017-05-29 11:00:00,0.00025230082,3.837928e-05,0.00015642899,0.00022081308,5.4106542e-05,0.00013776442
2017-05-29 12:00:00,0.00022012276,0.00037694714,0.00034921907,0.0002881285,0.0002926117,0.00022918051
2017-05-29 13:00:00,0.00017408475,0.0001943732,9.2456445e-05,0.00018774821,0.000102543294,0.00013310308
2017-05-29 14:00:00,3.1778178e-05,8.870763e-05,3.8022423e-05,6.464878e-05,5.4626045e-05,2.8182212e-05
2017-05-29 15:00:00,0.0001461908,3.551292e-05,8.68659e-05,6.5570224e-05,5.24074e-05,4.4546836e-05
2017-05-29 16:00:00,0.000101920195,8.5385764e-05,7.101338e-05,7.397526e-05,4.935221e-05,6.766519e-05
2017-05-29 17:00:00,5.0601477e-05,3.2373282e-05,5.055865e-05,5.6305384e-05,3.8712726e-05,4.3488068e-05
2017-05-29 18:00:00,2.677387e-05,3.6287205e-05,4.1914624e-05,3.8431706e-05,3.7575963e-05,0.00015205436
2017-05-29 19:00:00,2.9478331e-05,4.2795764e-05,4.043857e-05,6.4309505e-05,0.00016044409,0.00014707167
2017-05-29 20:00:00,4.4915352e-05,3.0750733e-05,6.32306e-05,0.00020511787,0.00021219211,0.00010701725
2017-05-29 21:00:00,6.2393716e-05,2.7669326e-05,0.00016765064,0.00021476875,9.637857e-05,0.00012665578
2017-05-29 22:00:00,4.5318255e-05,0.00019046607,0.00022734184,0.00013820581,0.0001604622,6.0496197e-05
2017-05-29 23:00:00,0.00018397452,0.00021441032,0.00012248578,0.00014519661,7.1348e-05,0.00018567897
2017-05-30 00:00:00,6.371009e-05,7.364694e-05,4.144548e-05,7.332328e-05,0.00029412858,4.379628e-05
2017-05-30 01:00:00,0.00012578676,3.4629735e-05,9.9383324e-05,0.00040954602,3.6765305e-05,6.789577e-05
2017-05-30 02:00:00,9.229758e-05,2.9267429e-05,0.00029103408,0.000119071345,4.063498e-05,0.00014602032
2017-05-30 03:00:00,0.00012240054,0.00044988698,6.172478e-05,5.840172e-05,9.6235344e-05,0.000185989
2017-05-30 04:00:00,0.00027906863,0.00012204811,6.147257e-05,0.00020964097,0.000116088835,0.00033769474
2017-05-30 05:00:00,0.00046603684,0.00030062615,0.00042185275,0.00018595507,9.141377e-05,8.1224454e-05
2017-05-30 06:00:00,7.092591e-05,7.736628e-05,0.00021958578,0.00047928977,0.0002770999,0.00031371604
2017-05-30 07:00:00,0.00017468908,0.0001542327,0.0005519694,0.00023236421,0.00031904673,0.000240332
2017-05-30 08:00:00,0.0002380532,0.0006876013,0.00032013023,0.000531429,0.0003935921,0.0008195587
2017-05-30 09:00:00,0.00038862307,8.43526e-05,0.00020840802,0.00015957822,0.0005152161,0.0006576403
2017-05-30 10:00:00,0.0002821461,0.00011019749,0.00021163831,0.00035760063,0.00031298722,0.0003039898
2017-05-30 11:00:00,0.00013979824,7.552131e-05,0.00072013686,0.00072830956,0.000451495,0.0006657714
2017-05-30 12:00:00,6.0919876e-05,0.0005938829,0.00033601891,0.000544198,0.0004469639,0.0006581142
2017-05-30 13:00:00,0.00050882297,0.0005702609,0.0004814668,0.0006626555,0.00061256863,0.0006816569
2017-05-30 14:00:00,5.7391073e-05,2.4027235e-05,0.0001568578,0.00021420166,0.00017490861,0.00014720263
2017-05-30 15:00:00,9.236807e-05,0.000112843925,0.00014304699,0.00016469996,0.000103214385,7.032697e-05
2017-05-30 16:00:00,0.00017778346,0.00022421787,0.0002375547,0.00024176462,0.000100543664,0.00025953242
2017-05-30 17:00:00,5.3962427e-05,6.428086e-05,4.9965824e-05,5.12582e-05,0.00012490568,2.6778216e-05
2017-05-30 18:00:00,2.6628462e-05,3.2432843e-05,9.719063e-05,0.00010193544,3.5000015e-05,2.2227388e-05
2017-05-30 19:00:00,4.127007e-05,4.7285648e-05,5.9610633e-05,7.201233e-05,5.815031e-05,3.939637e-05
2017-05-30 20:00:00,7.5643184e-05,0.00010076574,6.7023044e-05,3.159666e-05,4.1331503e-05,5.4726144e-05
2017-05-30 21:00:00,0.0001637253,2.5397692e-05,5.8627127e-05,6.158488e-05,0.00010301028,9.1654925e-05
2017-05-30 22:00:00,0.00017222797,8.169029e-05,0.00012249668,3.566642e-05,4.2957596e-05,3.4646113e-05
2017-05-30 23:00:00,4.7559075e-05,3.7245954e-05,0.0001191932,0.00012214883,0.0001569238,0.00012085376
2017-05-31 00:00:00,2.5508189e-05,8.210266e-05,5.925791e-05,0.00015965701,0.00012141537,0.00014796022
2017-05-31 01:00:00,6.3014515e-05,8.729893e-05,0.00012842394,0.00014135546,9.94931e-05,3.2512828e-05
2017-05-31 02:00:00,3.02816e-05,5.2229552e-05,6.377125e-05,0.00011017824,5.996677e-05,7.4572235e-05
2017-05-31 03:00:00,3.5059435e-05,4.8092617e-05,7.549225e-05,9.446651e-05,6.728535e-05,0.00014001597
2017-05-31 04:00:00,2.4893829e-05,5.472454e-05,0.00012845208,3.8260838e-05,0.00021292482,0.000104071696
2017-05-31 05:00:00,3.3141187e-05,0.00013546876,5.2710235e-05,0.00022485037,8.754165e-05,0.0002380364
2017-05-31 06:00:00,0.00015368302,1.6293174e-05,0.00024124203,0.00020661355,0.00030217462,0.00011326558
2017-05-31 07:00:00,0.0001646472,6.9293834e-05,3.9906812e-05,0.0001970079,3.6651087e-05,6.021431e-05
2017-05-31 08:00:00,0.00034159797,0.0001431446,0.00026815492,0.000190189,9.659826e-05,4.1038817e-05
2017-05-31 09:00:00,6.0902246e-05,0.00012395659,0.00010045711,9.618011e-05,0.00020014185,0.00018278074
2017-05-31 10:00:00,0.0002469476,2.023115e-05,7.160754e-05,0.00020375267,0.00014376195,3.9053673e-05
2017-05-31 11:00:00,0.00018445554,0.00019496316,0.00044028103,0.0003078771,0.00015726591,2.7087483e-05
2017-05-31 12:00:00,4.524467e-05,0.00020674769,0.00011492539,3.5995363e-05,0.00014116912,0.00038374003
2017-05-31 13:00:00,0.00015108587,0.00012874379,6.163235e-05,0.0002034903,0.0002864479,0.00038968376
2017-05-31 14:00:00,7.8007644e-05,0.00013989864,0.00040925908,0.0007269947,0.0004802851,0.0004622523
2017-05-31 15:00:00,0.00016395103,0.00026744325,0.0007016862,0.00059931754,0.00030346066,0.0005247929
2017-05-31 16:00:00,0.00019900053,0.000417088,0.00051673595,0.00047705972,0.00032616936,0.00057156285
2017-05-31 17:00:00,0.00032659192,0.00031173977,0.00029877282,0.00032395494,0.00045965443,0.00030086032
2017-05-31 18:00:00,6.678112e-05,4.187449e-05,3.517617e-05,0.00023817734,6.5653796e-05,8.236943e-05
2017-05-31 19:00:00,7.2506475e-05,3.9403887e-05,0.00017030627,7.3444186e-05,7.863228e-05,0.00023685784
2017-05-31 20:00:00,9.587178e-05,0.00024361962,0.00014016828,0.00018265993,0.00038248958,0.00026403382
2017-05-31 21:00:00,0.00024264137,8.634935e-05,9.678802e-05,0.0003544279,0.00017621601,0.00028916774
2017-05-31 22:00:00,0.00014127178,0.00010206891,0.00015237842,0.00013909192,0.000112396236,0.00015085607
2017-05-31 23:00:00,3.6360394e-05,0.00020325901,0.00024661215,0.00032514788,0.00021256166,6.893924e-05
2017-06-01 00:00:00,0.00023795858,0.00025381337,0.00032043507,0.0003264518,8.466724e-05,0.00022843535
2017-06-01 01:00:00,3.6243386e-05,3.9766557e-05,7.0581715e-05,0.00015053035,7.429808e-05,2.7941811e-05
2017-06-01 02:00:00,5.4494838e-05,6.888694e-05,0.00014308246,9.3327006e-05,4.8398375e-05,0.00015279299
2017-06-01 03:00:00,6.31095e-05,0.00018654183,5.123724e-05,3.3558485e-05,0.0001944605,0.00023104968
2017-06-01 04:00:00,0.00020092988,1.8891113e-05,3.288042e-05,0.0002509487,0.00030357804,0.00039018836
2017-06-01 05:00:00,0.00025587346,0.00019702564,7.58144e-05,0.00021923872,0.00019471886,0.00034372348
2017-06-01 06:00:00,2.829083e-05,0.00027907317,0.0004050189,0.0004424859,0.00052291655,0.00028305338
2017-06-01 07:00:00,0.00041532386,0.00041660017,0.00032327292,0.00063063786,0.00029521872,0.00030571924
2017-06-01 08:00:00,0.00014346144,0.00013567127,0.0004058438,0.00016146812,0.00014507562,8.087334e-05
2017-06-01 09:00:00,4.3020274e-05,0.00020866554,5.1257568e-05,7.9405836e-05,3.3998396e-05,2.767138e-05
2017-06-01 10:00:00,0.00019853507,2.948882e-05,3.7742815e-05,5.4571894e-05,4.5957455e-05,9.1237926e-05
2017-06-01 11:00:00,0.00023106764,0.00017128162,0.00022265597,0.00031443228,7.96121e-05,2.33401e-05
2017-06-01 12:00:00,4.3934273e-05,6.0177874e-05,6.79175e-05,0.00010197764,0.0001449965,6.384037e-05
2017-06-01 13:00:00,9.162527e-05,8.117081e-05,9.190024e-05,0.00013266767,5.3995598e-05,6.687576e-05
2017-06-01 14:00:00,2.8360158e-05,0.0001408961,0.00021816845,0.0001249754,9.777793e-05,0.000106944615
2017-06-01 15:00:00,0.00023131294,0.00021921998,7.138224e-05,0.00014559361,0.00017921768,0.00011169961
2017-06-01 16:00:00,5.8531656e-05,4.426862e-05,8.555327e-05,6.211721e-05,5.239605e-05,2.8693961e-05
2017-06-01 17:00:00,0.00013277741,6.873946e-05,9.231335e-05,0.00012401809,7.3992225e-05,3.7673686e-05
2017-06-01 18:00:00,3.886589e-05,7.901266e-05,5.377984e-05,4.858942e-05,8.952943e-05,0.0003180592
2017-06-01 19:00:00,4.003167e-05,3.4689267e-05,4.189641e-05,9.467945e-05,0.00030233516,0.0001503433
2017-06-01 20:00:00,6.283563e-05,4.5820307e-05,2.854392e-05,0.00032956622,0.00011337567,0.000102996244
2017-06-01 21:00:00,7.2007984e-05,0.00010733138,0.0003815755,0.00024840768,0.00017775425,0.0001418002
2017-06-01 22:00:00,6.64724e-05,0.00032408207,0.00015994813,0.00013646037,8.596027e-05,0.00022344245
2017-06-01 23:00:00,0.00028265678,0.000117919255,8.908975e-05,9.5226256e-05,0.00011896416,4.716549e-05
2017-06-02 00:00:00,0.00021275229,0.0001767496,0.00015502532,0.000106872,0.0002138092,0.0002969663
2017-06-02 01:00:00,4.21924e-05,1.9208886e-05,7.853884e-05,0.0001815931,0.00023632644,0.00028145802
2017-06-02 02:00:00,2.121758e-05,7.6003365e-05,0.00017261098,0.0002587249,0.0002641449,0.00020306683
2017-06-02 03:00:00,8.185435e-05,0.00019254023,0.000299038,0.0003539287,0.00020989371,0.00029269748
2017-06-02 04:00:00,0.0002491381,0.0004126838,0.00038344128,0.00041271257,0.0003723277,6.40336e-05
2017-06-02 05:00:00,9.196029e-05,0.00016432775,8.642604e-05,0.00016836128,0.00027939043,0.00031217714
2017-06-02 06:00:00,0.00012403601,3.1412263e-05,8.286473e-05,0.00037185842,0.0004079875,0.0003769078
2017-06-02 07:00:00,0.00011904343,3.7441103e-05,0.00064972305,0.0006740474,0.0006241525,0.00056559895
2017-06-02 08:00:00,0.000104569735,0.00044740058,0.00054985296,0.0007416634,0.00025785595,0.00062204886
2017-06-02 09:00:00,0.0004342512,0.0006034756,0.0009919942,0.0006939761,0.00079008855,0.0005398135
2017-06-02 10:00:00,0.0001872867,0.0003812216,6.619638e-05,0.000314267,0.00015179854,0.00016545894
2017-06-02 11:00:00,0.00019324887,8.203431e-05,0.00017333995,7.479148e-05,7.643048e-05,8.34261e-05
2017-06-02 12:00:00,0.00032800474,2.985498e-05,0.00017202881,0.00012618155,9.450094e-05,3.9641585e-05
2017-06-02 13:00:00,0.00030287387,9.6686e-05,0.00016343495,0.00017368876,0.00017089146,0.00013643848
2017-06-02 14:00:00,0.00016538647,7.4636184e-05,0.000117468415,4.3415475e-05,9.18152e-05,5.326537e-05
2017-06-02 15:00:00,2.8916653e-05,3.534034e-05,0.000106663916,3.5821628e-05,6.188375e-05,5.351866e-05
2017-06-02 16:00:00,2.2852422e-05,8.742454e-05,3.525183e-05,3.1912725e-05,9.130001e-05,5.2648447e-05
2017-06-02 17:00:00,0.00010854442,2.8576385e-05,5.279647e-05,7.753482e-05,5.305459e-05,8.5518106e-05
2017-06-02 18:00:00,0.00011810997,6.987009e-05,0.00016795163,6.538691e-05,5.4807526e-05,6.487788e-05
2017-06-02 19:00:00,6.205123e-05,8.9270914e-05,3.749857e-05,9.42286e-05,0.00012923776,0.00021096096
2017-06-02 20:00:00,0.0001881211,3.306588e-05,3.9570947e-05,0.00014368203,0.00013570992,0.00013287883
2017-06-04 21:00:00,0.0001130617,0.00015216258,0.00028359762,0.00032562777,0.00020886656,0.00030664745
2017-06-04 22:00:00,6.0675942e-05,0.00011848005,0.00018204717,0.00016576273,0.00018860566,0.00013775677
2017-06-04 23:00:00,8.542091e-05,0.00017021247,0.00011039328,0.000119634096,9.7395285e-05,3.359872e-05
2017-06-05 00:00:00,6.0377002e-05,4.561975e-05,5.1598658e-05,5.0385323e-05,5.159147e-05,0.00013715676
2017-06-05 01:00:00,3.8604507e-05,2.292155e-05,3.7637852e-05,0.0001176952,0.00020086208,0.00022752697
2017-06-05 02:00:00,4.2296513e-05,2.3453887e-05,0.00012196348,0.00019520783,0.00020378834,0.00026252118
2017-06-05 03:00:00,4.5614142e-05,0.00010382174,0.0002618908,0.00035354035,0.00025437985,0.00026026773
2017-06-05 04:00:00,0.00010643323,0.00019532474,0.00024312022,0.00035553283,0.00020834051,0.00021885661
2017-06-05 05:00:00,0.00014117976,0.00014564846,0.00028637509,0.00017340865,0.00018547304,9.44101e-05
2017-06-05 06:00:00,9.686377e-05,0.0001318212,0.000100389414,0.000109553635,7.315471e-05,0.00011641838
2017-06-05 07:00:00,8.322008e-05,2.5751977e-05,7.592953e-05,2.7812905e-05,0.00013121708,0.0001194338
2017-06-05 08:00:00,4.043783e-05,2.9914137e-05,4.7765552e-05,0.00025940727,0.0001774486,9.704802e-05
2017-06-05 09:00:00,4.5015826e-05,3.172634e-05,0.0001632996,0.00016502968,7.728154e-05,0.00013355812
2017-06-05 10:00:00,3.5955367e-05,0.0002049149,0.00016413895,0.0001276687,0.00017689574,0.00022366838
2017-06-05 11:00:00,0.00023739706,0.00013807128,7.257087e-05,0.00018206569,0.0001997505,0.0002124444
2017-06-05 12:00:00,8.4339474e-05,0.0001002733,5.5986686e-05,4.909401e-05,4.919754e-05,3.387098e-05
2017-06-05 13:00:00,8.979718e-05,3.1192132e-05,7.968681e-05,0.000103965576,5.1989537e-05,0.00016694062
2017-06-05 14:00:00,0.00013690941,0.00013220722,0.00014929078,0.00018094797,0.00024971468,0.00040414656
2017-06-05 15:00:00,5.5116074e-05,6.9219765e-05,4.3022283e-05,0.00020406157,0.00024202051,0.0004241143
2017-06-05 16:00:00,3.864787e-05,3.2861764e-05,0.0001536309,0.00034330977,0.00044948433,0.0005402467
2017-06-05 17:00:00,4.4817138e-05,0.00014867718,0.0003408672,0.00057837844,0.00057966064,0.00036883535
2017-06-05 18:00:00,0.00021472042,0.00029290665,0.00052897836,0.00077472045,0.00027438506,0.000669508
2017-06-05 19:00:00,0.00018631155,0.00034994754,0.00054178515,0.0004417976,0.00045395407,0.00036300602
2017-06-05 20:00:00,0.00017836486,0.00021571189,0.0002570818,0.00055246375,0.00025317757,0.0003555859
2017-06-05 21:00:00,0.00014083841,6.85291e-05,0.00016578019,0.00015159676,0.00016000737,0.00016025893
2017-06-05 22:00:00,9.270026e-05,8.291158e-05,5.2465217e-05,8.487148e-05,4.5314777e-05,0.00016827021
2017-06-05 23:00:00,0.00014325153,8.007498e-05,0.00010771153,0.00012710376,0.00019266822,5.233805e-05
2017-06-06 00:00:00,0.00011899528,4.3095566e-05,7.9254336e-05,0.00015658814,9.768648e-05,0.00017716672
2017-06-06 01:00:00,5.558433e-05,3.9300765e-05,0.00020099687,3.705466e-05,0.000114092014,0.00010007496
2017-06-06 02:00:00,4.5050623e-05,0.00014253194,0.00010131662,0.00020430666,0.00019865672,0.0004617784
2017-06-06 03:00:00,0.0002230241,5.941816e-05,0.00018612405,0.00018466398,0.0003819606,0.0002934104
2017-06-06 04:00:00,0.0003567922,0.0003374995,0.0004181805,0.00082756625,0.00035262448,0.00045089333
2017-06-06 05:00:00,0.0002038042,0.00012277013,0.0004345217,0.00033323988,0.0004645107,0.00032431
2017-06-06 06:00:00,3.0125986e-05,0.00033730094,0.00019181169,0.00054047734,0.00020942348,0.00049795106
2017-06-06 07:00:00,0.0005544254,0.00022894773,0.0005155782,0.00035542558,0.0006511672,0.00036726112
2017-06-06 08:00:00,0.00021074896,0.0001283322,6.981926e-05,0.0004085147,0.00015368416,0.00021719384
2017-06-06 09:00:00,0.0003981061,0.00014600292,0.0006753539,0.00041645128,0.0003207634,0.00017594322
2017-06-06 10:00:00,0.0002692008,0.00030714917,4.9600494e-05,0.00017051634,3.9953775e-05,5.2211195e-05
2017-06-06 11:00:00,0.00069625553,0.00022647399,0.00037283392,0.00017147858,0.0001653193,0.00029504256
2017-06-06 12:00:00,0.00025513113,0.00014163909,0.00029032875,0.00016255998,4.071254e-05,5.870699e-05
2017-06-06 13:00:00,0.000115136405,7.115853e-05,6.6874054e-05,0.00019813009,0.00011323153,8.844283e-05
2017-06-06 14:00:00,0.00013895515,4.2943193e-05,0.00010567505,8.863634e-05,3.9361323e-05,8.57067e-05
2017-06-06 15:00:00,0.00015089233,0.00018084569,0.00024202686,0.000116251475,5.436499e-05,4.03778e-05
2017-06-06 16:00:00,0.00011435136,0.00015291218,8.981386e-05,6.174486e-05,8.797887e-05,9.8225915e-05
2017-06-06 17:00:00,2.5392956e-05,7.852888e-05,0.00016912486,0.00027421632,0.00024476708,0.00027111574
2017-06-06 18:00:00,6.39696e-05,0.00016292826,0.00027037834,0.00026138968,0.0002677154,0.00020344646
2017-06-06 19:00:00,0.00012081018,0.00020941399,0.0001678024,0.00023232626,0.00014088271,0.00015912345
2017-06-06 20:00:00,7.989688e-05,9.3548086e-05,0.00012704992,8.3941944e-05,5.046697e-05,4.7127087e-05
2017-06-06 21:00:00,4.2541677e-05,4.8625032e-05,5.272184e-05,3.6658865e-05,4.240067e-05,3.592929e-05
2017-06-06 22:00:00,3.2961932e-05,5.24668e-05,5.267912e-05,6.0100272e-05,5.076219e-05,5.7157988e-05
2017-06-06 23:00:00,9.168431e-05,6.840055e-05,0.00010061416,4.909245e-05,5.3393233e-05,0.00017189591
2017-06-07 00:00:00,2.8846967e-05,4.1820607e-05,4.4540346e-05,0.0001062216,0.00016450929,8.6098524e-05
2017-06-07 01:00:00,5.546565e-05,5.7157475e-05,0.00012764234,0.00024424226,9.535053e-05,3.5638033e-05
2017-06-07 02:00:00,6.140359e-05,0.00012623974,0.00022171147,0.00013996339,5.8815844e-05,0.00015047577
2017-06-07 03:00:00,7.481359e-05,0.00017892766,0.00026021185,3.3720145e-05,0.00020345405,0.0004036994
2017-06-07 04:00:00,0.00036941573,0.00028857606,0.00012840884,0.0003816859,0.00042915615,0.00071212155
2017-06-07 05:00:00,4.9676877e-05,0.0002375978,4.8760547e-05,0.0004358843,0.00031124268,0.00047339732
2017-06-07 06:00:00,0.00015386134,6.816812e-05,0.0005417448,0.0006124023,0.00040803224,0.0005604905
2017-06-07 07:00:00,0.00034437916,0.0005216624,0.0006974208,0.0009021369,0.00074199756,0.00085508864
2017-06-07 08:00:00,0.00046245847,0.0004308697,0.00038966193,0.0006667419,0.0006982617,0.0005390387
2017-06-07 09:00:00,0.00018504114,0.00014060212,0.00023701593,0.0006233144,0.0002916604,0.00024529934
2017-06-07 10:00:00,3.396211e-05,0.00014843351,0.00040688715,0.00024364925,0.00016597178,0.00019953385
2017-06-07 11:00:00,0.00023297811,0.000381143,0.00018760348,0.00020613492,0.00019496621,0.00022834023
2017-06-07 12:00:00,0.00018426223,5.7943293e-05,8.292563e-05,0.00011056368,0.00016719084,3.189518e-05
2017-06-07 13:00:00,0.00011390307,0.00015110281,0.00012192505,3.6360183e-05,0.00017352635,5.746238e-05
2017-06-07 14:00:00,2.9203617e-05,5.6855897e-05,0.00013496833,7.3845105e-05,7.322158e-05,7.289267e-05
2017-06-07 15:00:00,6.686833e-05,0.00013969015,7.984314e-05,8.230015e-05,6.7083456e-05,2.9247652e-05
2017-06-07 16:00:00,9.569994e-05,0.00010572913,8.018891e-05,6.89741e-05,4.887809e-05,3.8674898e-05
2017-06-07 17:00:00,0.00020185445,4.235071e-05,7.699075e-05,0.00015042984,0.000103595514,0.00020710012
2017-06-07 18:00:00,0.00017934779,0.00014450563,7.767361e-05,9.488371e-05,4.12108e-05,0.00015851107
2017-06-07 19:00:00,2.7071563e-05,8.340856e-05,7.1928334e-05,0.00014008913,4.395158e-05,4.3667704e-05
2017-06-07 20:00:00,6.494228e-05,7.004157e-05,0.00014910015,8.592093e-05,4.1193463e-05,5.5534354e-05
2017-06-07 21:00:00,4.111476e-05,3.9638748e-05,0.00016392408,7.074623e-05,0.000106858715,8.6454034e-05
2017-06-07 22:00:00,9.6617405e-05,0.00014149984,4.8826118e-05,0.00010817102,0.00010858786,6.0614573e-05
2017-06-07 23:00:00,0.00020823759,9.885744e-05,0.00018094784,0.00018232154,6.223566e-05,0.00010911799
2017-06-08 00:00:00,0.000101568745,2.945152e-05,2.9492394e-05,0.00015529447,4.535101e-05,0.00018175638
2017-06-08 01:00:00,8.840791e-05,6.852506e-05,8.833848e-05,5.715103e-05,0.00016144395,0.00022641403
2017-06-08 02:00:00,4.108539e-05,0.00015294904,3.3224213e-05,0.00024896092,0.0002403514,0.00016942741
2017-06-08 03:00:00,0.00015787773,4.2174626e-05,0.000169386,0.0004036402,0.00014401235,0.00022292639
2017-06-08 04:00:00,0.000121506906,7.9292506e-05,0.00015528605,4.9512386e-05,0.0001711302,0.00020908208
2017-06-08 05:00:00,0.00021742871,0.00019679512,0.00012936779,0.00025808933,0.0002695409,0.00044893406
2017-06-08 06:00:00,6.8019915e-05,4.3836968e-05,5.9519778e-05,0.00024274326,0.00024298775,0.00015225737
2017-06-08 07:00:00,0.00020607682,3.381838e-05,0.00012312522,0.00020580049,7.200264e-05,2.7658947e-05
2017-06-08 08:00:00,0.00020728026,0.0002455989,0.0003072776,0.0002290997,0.00011740014,0.0002996338
2017-06-08 09:00:00,0.000107262385,0.00023581255,9.84636e-05,3.695647e-05,0.00018707133,0.00021275698
2017-06-08 10:00:00,6.55296e-05,5.3078205e-05,0.00013373938,0.000112009184,0.00015078165,0.00010450821
2017-06-08 11:00:00,0.00010941759,0.00018787468,4.7630245e-05,8.3502346e-05,5.5427383e-05,2.7120748e-05
2017-06-08 12:00:00,6.717405e-05,9.620334e-05,0.00018680128,0.00018022866,9.790426e-05,0.00011713206
2017-06-08 13:00:00,0.00022656399,0.0001851108,0.00022581624,0.0001849673,0.00014974963,0.0001599898
2017-06-08 14:00:00,6.1779254e-05,5.707673e-05,4.7835023e-05,3.4844354e-05,6.526697e-05,3.134761e-05
2017-06-08 15:00:00,3.807913e-05,7.253483e-05,8.953735e-05,7.750178e-05,5.8833226e-05,0.00011141901
2017-06-08 16:00:00,7.381902e-05,4.6341098e-05,3.5865705e-05,4.4513967e-05,7.831799e-05,2.8559125e-05
2017-06-08 17:00:00,3.3173364e-05,5.3878855e-05,4.2999858e-05,6.159594e-05,4.837379e-05,2.7417125e-05
2017-06-08 18:00:00,9.533304e-05,5.2205585e-05,0.00012482826,6.6772016e-05,4.5689103e-05,3.7274407e-05
2017-06-08 19:00:00,3.60901e-05,9.9698555e-05,3.685536e-05,8.430187e-05,5.3863263e-05,4.4873355e-05
2017-06-08 20:00:00,0.00010431766,3.1376614e-05,6.335658e-05,6.1960556e-05,4.613963e-05,4.8772486e-05
2017-06-08 21:00:00,0.00011619692,4.9331644e-05,3.17519e-05,4.9822673e-05,3.2607095e-05,2.8211874e-05
2017-06-08 22:00:00,8.1607985e-05,5.729443e-05,7.674629e-05,0.0001154569,8.215823e-05,4.8600054e-05
2017-06-08 23:00:00,3.417555e-05,2.4918496e-05,4.541947e-05,4.688091e-05,4.0254596e-05,2.4241663e-05
2017-06-09 00:00:00,5.2141062e-05,2.7581353e-05,7.409432e-05,3.3129872e-05,3.9411276e-05,5.4316715e-05
2017-06-09 01:00:00,4.230633e-05,4.249722e-05,5.2319083e-05,2.8238428e-05,6.081095e-05,4.0857525e-05
2017-06-09 02:00:00,4.3398948e-05,3.0381696e-05,4.2183638e-05,8.206493e-05,4.22501e-05,2.9748875e-05
2017-06-09 03:00:00,3.3902455e-05,3.1133077e-05,9.659034e-05,4.1411793e-05,3.3345405e-05,3.6592923e-05
2017-06-09 04:00:00,3.7047776e-05,5.4904696e-05,5.91511e-05,6.623291e-05,2.7649674e-05,0.00014203074
2017-06-09 05:00:00,5.121841e-05,4.8025177e-05,4.0060597e-05,3.2651787e-05,0.00013307371,0.00060133793
2017-06-09 06:00:00,0.00013528972,9.419651e-05,4.731925e-05,0.00018625999,0.0005905745,0.00067549665
2017-06-09 07:00:00,2.959937e-05,5.7274945e-05,0.0002900801,0.00065842987,0.0006578848,0.0008420497
2017-06-09 08:00:00,2.3316205e-05,0.00022149434,0.00072048424,0.00076340785,0.0006731958,0.00051330624
2017-06-09 09:00:00,0.00021240619,0.00078466756,0.0008752615,0.0009002702,0.00043777726,0.000571675
2017-06-09 10:00:00,0.0008576124,0.0013176829,0.0013963393,0.0011076059,0.00037470853,0.0007333595
2017-06-09 11:00:00,8.658215e-05,0.0001114172,3.501524e-05,4.5476376e-05,0.000102800936,0.000102174396
2017-06-09 12:00:00,2.9824281e-05,7.380954e-05,0.000104946754,4.0531813e-05,4.1240808e-05,7.0664035e-05
2017-06-09 13:00:00,0.00012242162,9.600592e-05,3.1366573e-05,4.183988e-05,7.9934114e-05,5.6602432e-05
2017-06-09 14:00:00,2.6530606e-05,7.976365e-05,0.00012894868,0.0001778754,9.652235e-05,8.519841e-05
2017-06-09 15:00:00,8.4679785e-05,8.557482e-05,0.00020603779,0.00019136482,9.58949e-05,9.025044e-05
2017-06-09 16:00:00,9.182033e-05,0.00010402672,8.502899e-05,6.159369e-05,5.2841515e-05,2.6367816e-05
2017-06-09 17:00:00,0.00011819738,6.874247e-05,2.7881795e-05,4.95079e-05,3.4030505e-05,4.5589662e-05
2017-06-09 18:00:00,3.7024725e-05,6.851897e-05,4.399985e-05,9.0904796e-05,0.0001706966,0.0001266492
2017-06-09 19:00:00,5.0640625e-05,2.960954e-05,4.754022e-05,0.00010597431,0.00014487344,7.06054e-05
2017-06-09 20:00:00,5.4176522e-05,3.4368808e-05,9.228897e-05,0.00015783406,7.76349e-05,9.841036e-05
2017-06-11 21:00:00,4.8179707e-05,9.236048e-05,0.00018071647,9.237444e-05,0.00011158903,0.00018003868
2017-06-11 22:00:00,5.227806e-05,0.00012274244,5.3055915e-05,0.000103380014,0.00015607789,0.00019358599
2017-06-11 23:00:00,5.1221734e-05,2.9459206e-05,3.720273e-05,0.000115664094,7.908893e-05,0.00013962724
2017-06-12 00:00:00,9.775916e-05,4.125735e-05,5.0047583e-05,9.785747e-05,0.000107653,6.798953e-05
2017-06-12 01:00:00,4.8352413e-05,9.521114e-05,0.00015613624,0.0001704065,0.00011815139,4.7470447e-05
2017-06-12 02:00:00,8.448455e-05,0.00011208489,0.00012023245,8.669487e-05,3.7274986e-05,0.00010283837
2017-06-12 03:00:00,3.060475e-05,4.1889587e-05,4.4410626e-05,0.00012193879,4.273603e-05,0.00031152813
2017-06-12 04:00:00,2.0125677e-05,2.3604794e-05,0.00012769067,3.366423e-05,0.0002481765,0.0002476887
2017-06-12 05:00:00,3.722873e-05,9.7667384e-05,4.6745212e-05,0.000379263,0.00021312457,0.00030367912
2017-06-12 06:00:00,0.00013178385,3.5593177e-05,0.00029533647,0.00021156702,0.00023302501,0.00014417102
2017-06-12 07:00:00,0.00014301768,0.00040018806,0.00038209022,0.00041614013,0.0003047208,0.00021987969
2017-06-12 08:00:00,0.0003580358,0.00028837993,0.0003822848,0.0002628071,0.00019594959,0.00020695939
2017-06-12 09:00:00,7.617627e-05,3.2285505e-05,0.00013625773,0.00014838591,6.961158e-05,0.00011995793
2017-06-12 10:00:00,0.000106400395,5.5021967e-05,5.271494e-05,5.9910944e-05,8.5193526e-05,9.322381e-05
2017-06-12 11:00:00,0.00015727153,0.000133006,0.00015867823,0.00018483956,0.00018453773,0.00012868246
2017-06-12 12:00:00,2.4418927e-05,3.4888428e-05,9.448241e-05,0.00013879461,8.0913465e-05,6.425779e-05
2017-06-12 13:00:00,5.4730623e-05,4.8437636e-05,0.00010292337,0.00011766924,7.0471324e-05,3.7048972e-05
2017-06-12 14:00:00,9.102915e-05,8.632309e-05,0.00013672389,7.4687465e-05,5.3660242e-05,5.2146403e-05
2017-06-12 15:00:00,9.326922e-05,7.764998e-05,4.7998354e-05,3.828954e-05,2.725469e-05,5.8196783e-05
2017-06-12 16:00:00,2.274333e-05,4.8624883e-05,5.0683157e-05,7.571325e-05,3.9822273e-05,2.1750002e-05
2017-06-12 17:00:00,3.519126e-05,6.3999905e-05,7.564313e-05,3.5383808e-05,4.2476346e-05,8.930411e-05
2017-06-12 18:00:00,3.0635427e-05,3.546988e-05,5.174527e-05,4.911909e-05,7.526002e-05,0.00023676018
2017-06-12 19:00:00,2.7220087e-05,6.584507e-05,7.865274e-05,0.00013635404,0.00026312,0.00016639094
2017-06-12 20:00:00,9.678431e-05,4.0109288e-05,0.00012825285,0.0003188912,0.00016259316,0.00018354536
2017-06-12 21:00:00,4.5161112e-05,7.1473194e-05,0.0002763768,0.0002218501,0.00011186721,8.346227e-05
2017-06-12 22:00:00,0.00013979696,0.00023164136,0.00022640746,0.00022899763,0.000103402,0.00014594618
2017-06-12 23:00:00,0.00017226905,0.00012384102,9.908192e-05,8.769049e-05,0.00012969166,6.0007886e-05
2017-06-13 00:00:00,6.571743e-05,6.5840184e-05,8.6339445e-05,3.6711175e-05,8.124013e-05,0.00024827648
2017-06-13 01:00:00,5.2227188e-05,8.405588e-05,3.4828157e-05,7.016481e-05,0.00028350376,0.00024686116
2017-06-13 02:00:00,2.4436707e-05,6.394469e-05,4.126025e-05,0.0003537253,0.00018751572,0.00026140275
2017-06-13 03:00:00,0.00011962057,3.9664603e-05,0.0002099278,0.00025800077,0.00026665023,0.00023497932
2017-06-13 04:00:00,6.548018e-05,0.00038071224,0.00032249803,0.00041055054,0.0002850487,0.00028671962
2017-06-13 05:00:00,0.0002966068,0.00018985299,0.0003132097,0.0003022341,0.00025094123,0.00011556679
2017-06-13 06:00:00,5.7208203e-05,2.2934279e-05,5.0864135e-05,4.1711926e-05,7.4870346e-05,0.00024902285
2017-06-13 07:00:00,4.6955538e-05,3.9391918e-05,7.534593e-05,7.5260374e-05,0.0001589776,0.00016901891
2017-06-13 08:00:00,4.9078884e-05,2.2677079e-05,0.000119106495,0.00032630554,0.00020676847,0.00022233771
2017-06-13 09:00:00,2.6964895e-05,6.883601e-05,0.00029169166,0.00022321215,0.00018030446,0.00019467495
2017-06-13 10:00:00,0.00010498111,0.00029693858,0.00031317354,0.000244516,0.00023778481,0.00034272083
2017-06-13 11:00:00,0.00025019184,0.00014639091,0.0001335836,0.00024920751,0.00021734761,0.0001221427
2017-06-13 12:00:00,3.6760248e-05,4.698924e-05,5.6573404e-05,0.00024708617,5.6297045e-05,0.0001113624
2017-06-13 13:00:00,5.060446e-05,4.980181e-05,0.00030616234,6.361741e-05,0.00016243113,0.00012683924
2017-06-13 14:00:00,7.4970616e-05,0.00022843582,7.186212e-05,0.00020665587,0.00010024691,0.00010927852
2017-06-13 15:00:00,0.00019053156,3.90361e-05,0.00013889352,9.282854e-05,0.00012714915,8.1383885e-05
2017-06-13 16:00:00,0.00020134264,5.9934286e-05,9.8499884e-05,8.65123e-05,7.2444665e-05,0.00016162364
2017-06-13 17:00:00,0.00014495516,0.00013904748,0.00014475542,0.00015727295,3.0202542e-05,4.7548157e-05
2017-06-13 18:00:00,3.1022024e-05,3.9016584e-05,4.264466e-05,0.00012232983,4.2124673e-05,0.00012067647
2017-06-13 19:00:00,6.733287e-05,3.6367954e-05,8.749147e-05,8.520329e-05,0.00010047191,0.00012330721
2017-06-13 20:00:00,2.5669164e-05,0.00010657429,8.303775e-05,0.0001206066,0.00016876783,0.00022555384
2017-06-13 21:00:00,0.00021948913,0.00010219403,0.00012712358,0.00023237121,0.00020214838,0.00021189757
2017-06-13 22:00:00,6.677696e-05,2.618113e-05,8.870212e-05,9.5728625e-05,9.136939e-05,6.545944e-05
2017-06-13 23:00:00,5.0432987e-05,0.000105456595,0.00010332265,0.00013095286,7.493802e-05,2.6906888e-05
2017-06-14 00:00:00,7.021118e-05,0.000113831,6.669781e-05,8.809302e-05,4.988072e-05,0.00019003535
2017-06-14 01:00:00,3.0623447e-05,2.4368128e-05,3.967134e-05,0.00013725342,0.0001745132,4.8124955e-05
2017-06-14 02:00:00,3.86158e-05,1.9059116e-05,0.00018657894,0.00014918396,4.696786e-05,4.4481098e-05
2017-06-14 03:00:00,2.9311288e-05,0.000114776274,0.00015374327,6.9502545e-05,5.7765235e-05,0.00069092464
2017-06-14 04:00:00,0.0001651183,0.00013926011,7.170276e-05,7.863103e-05,0.00068479753,0.0007184022
2017-06-14 05:00:00,0.00037784816,0.00011113153,5.3488402e-05,0.0010165254,0.0008059783,0.0005872569
2017-06-14 06:00:00,0.00014645926,0.00029770893,0.0007196341,0.0005634996,0.00031258428,0.00010252175
2017-06-14 07:00:00,0.0001439171,0.00080766616,0.00078517006,0.0005070706,3.1926164e-05,2.9148434e-05
2017-06-14 08:00:00,0.00077952555,0.0010245136,0.00061257475,0.00014107503,0.00012377599,0.00039912623
2017-06-14 09:00:00,9.724165e-05,0.00027262408,0.00070166006,0.00093685224,0.00027974648,0.0005701491
2017-06-14 10:00:00,0.000310814,0.00067108433,0.0007199372,0.00028295236,0.00042177906,0.00040483288
2017-06-14 11:00:00,0.0006115729,0.00044030615,0.0001027234,0.00067717297,0.0004194944,0.00029854925
2017-06-14 12:00:00,2.936716e-05,0.00042196663,6.9352216e-05,8.0929785e-05,0.00012489573,7.107424e-05
2017-06-14 13:00:00,0.00046049073,2.7988253e-05,6.9051224e-05,0.0001592748,6.3630214e-05,0.000102798054
2017-06-14 14:00:00,0.00038252093,0.00048737525,0.0002744325,0.0004668964,0.00016539716,0.00027759737
2017-06-14 15:00:00,2.8802946e-05,0.00019747186,8.596826e-05,0.00014955715,8.08633e-05,9.760949e-05
2017-06-14 16:00:00,0.0001657561,3.437371e-05,0.00016194914,0.00013337392,0.00011090514,0.00019171009
2017-06-14 17:00:00,0.0002456285,4.2668795e-05,9.526256e-05,8.9722e-05,5.058361e-05,5.20244e-05
2017-06-14 18:00:00,0.00018640062,0.00016137293,0.0001446025,0.00018907466,0.00018096628,0.0002023231
2017-06-14 19:00:00,7.75737e-05,3.7421636e-05,3.415285e-05,0.000109994035,4.4968052e-05,8.3269566e-05
2017-06-14 20:00:00,2.7843065e-05,4.6385063e-05,0.00014993132,7.481137e-05,5.7556506e-05,5.1598672e-05
2017-06-14 21:00:00,4.641723e-05,0.00012238974,6.248153e-05,6.61168e-05,7.710464e-05,3.0314512e-05
2017-06-14 22:00:00,8.899101e-05,3.029023e-05,9.117988e-05,5.0094415e-05,4.338048e-05,7.265804e-05
2017-06-14 23:00:00,0.00010509014,0.00014104934,6.786595e-05,0.00014349882,0.00013526919,2.8246017e-05
2017-06-15 00:00:00,0.00012845888,4.059966e-05,5.1425828e-05,0.00015867248,6.588718e-05,5.0483144e-05
2017-06-15 01:00:00,0.000110219575,6.6769746e-05,5.681191e-05,0.00015922877,6.182226e-05,0.00016725298
2017-06-15 02:00:00,8.970426e-05,0.00015849476,6.750662e-05,8.505981e-05,9.8103985e-05,0.00033683106
2017-06-15 03:00:00,0.00012419646,7.2981806e-05,5.8115475e-05,0.00016708551,0.0003331475,0.00030697772
2017-06-15 04:00:00,0.00019730299,6.995252e-05,0.00020164603,0.00050495536,0.00031456992,0.0004076345
2017-06-15 05:00:00,0.000106975844,6.8200505e-05,0.00031067754,0.00025396966,0.00032278363,0.000335356
2017-06-15 06:00:00,0.00014485362,0.0004662511,0.0004133939,0.0006243406,0.00039057535,0.0005162972
2017-06-15 07:00:00,0.00022116593,0.00024351673,0.00030177284,0.0003772509,0.00036668574,0.00039956323
2017-06-15 08:00:00,6.2870095e-05,0.00012478289,0.00011820012,0.00025241068,0.00012000517,0.00021922235
2017-06-15 09:00:00,0.00019844777,0.000119760036,0.00021292246,0.00022176263,0.00023008641,0.00024283072
2017-06-15 10:00:00,4.305927e-05,8.141966e-05,5.1183404e-05,0.00014875268,0.00013525528,0.00015370459
2017-06-15 11:00:00,0.00016649389,8.747854e-05,0.00017742277,0.00025080107,0.0001973213,7.068131e-05
2017-06-15 12:00:00,6.3728425e-05,4.5226585e-05,0.00011631493,0.00013004735,6.1734194e-05,5.0232273e-05
2017-06-15 13:00:00,9.48654e-05,0.00015472273,0.0001326525,3.401527e-05,7.381814e-05,0.000108235356
2017-06-15 14:00:00,8.962582e-05,7.510463e-05,9.1383205e-05,3.3394732e-05,5.8318306e-05,0.0001359371
2017-06-15 15:00:00,2.9597297e-05,0.00015892666,9.2729235e-05,4.492538e-05,0.00011748585,0.00013706485
2017-06-15 16:00:00,0.00021519956,7.560581e-05,4.9735623e-05,0.00011740082,0.0001153337,0.00033015816
2017-06-15 17:00:00,8.788861e-05,0.00016648996,0.00022533067,0.0002578164,0.00034031743,0.0006336119
2017-06-15 18:00:00,9.092061e-05,0.00022406371,0.00017333009,0.00047161526,0.00037751062,0.0002630089
2017-06-15 19:00:00,0.00011987359,0.00015911991,0.0003713381,0.00048435997,0.00016138608,0.00018898057
2017-06-15 20:00:00,2.6632324e-05,0.00021064436,0.00026217022,8.5509724e-05,8.78952e-05,4.5905985e-05
2017-06-15 21:00:00,0.00023578588,0.00022677227,5.1631152e-05,0.00012870364,5.5200257e-05,3.036944e-05
2017-06-15 22:00:00,0.00010463828,0.00015381914,0.00011535156,0.00018932216,0.00013782873,0.00018236274
2017-06-15 23:00:00,0.0003494696,0.0001966188,0.00029828976,0.00031843365,0.00019281548,6.926457e-05
2017-06-16 00:00:00,6.4014035e-05,3.0418663e-05,9.068447e-05,7.4406154e-05,0.0001350136,0.00014700461
2017-06-16 01:00:00,7.6069315e-05,0.00016625249,0.00016957824,0.00012390992,9.1922324e-05,0.00029364022
2017-06-16 02:00:00,6.999971e-05,5.268652e-05,0.00019961743,0.00017277157,0.00034360518,0.00035088183
2017-06-16 03:00:00,2.4471135e-05,0.00020607076,0.00016090072,0.0003700394,0.00048000028,0.00023612744
2017-06-16 04:00:00,0.0003304616,0.00014057799,0.00049956935,0.00041031567,0.0003020029,0.00035598915
2017-06-16 05:00:00,2.6930105e-05,0.00016642103,0.0002953849,0.00014489557,0.00013838732,0.0002460815
2017-06-16 06:00:00,0.00027201299,0.00023956328,0.00012191492,0.0001468248,0.00031941422,0.00017043142
2017-06-16 07:00:00,6.291956e-05,6.481759e-05,8.158851e-05,0.0001367016,5.910765e-05,7.451349e-05
2017-06-16 08:00:00,0.00014676836,0.00011243132,5.8672103e-05,3.983939e-05,0.00013411547,0.00020533263
2017-06-16 09:00:00,2.386843e-05,0.00017546938,8.4343934e-05,4.7011814e-05,0.00011643985,0.00018750952
2017-06-16 10:00:00,0.00018957786,9.128225e-05,8.319345e-05,0.0001555259,0.00022541714,0.00020583402
2017-06-16 11:00:00,9.1299844e-05,0.0002307109,0.00034774936,0.00042475032,0.00029505105,0.00036376336
2017-06-16 12:00:00,0.00021710305,0.00021366088,0.00037547015,0.0003295312,0.00028276778,0.00020909548
2017-06-16 13:00:00,9.854854e-05,0.00025554796,0.00016311492,0.00019772403,9.7597054e-05,9.134787e-05
2017-06-16 14:00:00,0.00019120944,7.950948e-05,0.0001090959,6.959638e-05,6.364602e-05,0.00014743384
2017-06-16 15:00:00,8.613021e-05,2.0522622e-05,5.5124536e-05,8.1118305e-05,8.940691e-05,6.3656764e-05
2017-06-16 16:00:00,5.919345e-05,2.6206642e-05,4.0091152e-05,0.00015257466,8.062382e-05,9.3138886e-05
2017-06-16 17:00:00,2.1725606e-05,4.8102982e-05,0.00015747637,0.00012391864,6.659871e-05,8.021014e-05
2017-06-16 18:00:00,2.5250947e-05,9.5643925e-05,0.0001447562,9.293576e-05,8.85418e-05,1.8187768e-05
2017-06-16 19:00:00,0.00022097556,0.00016124752,0.00012495126,0.00019059244,5.303037e-05,0.00017628455
2017-06-16 20:00:00,2.5303776e-05,3.934878e-05,4.6508252e-05,0.0001084069,7.395873e-05,2.5803e-05
2017-06-18 21:00:00,4.005754e-05,3.271836e-05,0.00011555841,0.00010951427,5.644258e-05,3.074754e-05
2017-06-18 22:00:00,6.1755265e-05,5.5925793e-05,0.00014715969,7.853822e-05,4.4091335e-05,0.00012596145
2017-06-18 23:00:00,0.000102246435,6.12485e-05,4.669284e-05,3.7250564e-05,9.0572226e-05,6.522488e-05
2017-06-19 00:00:00,0.00022195306,0.0001153343,0.00014213387,0.00024626325,0.0001327503,0.0002913687
2017-06-19 01:00:00,5.416305e-05,4.413261e-05,5.5309527e-05,5.1057683e-05,0.00012371576,0.00021099755
2017-06-19 02:00:00,2.9172845e-05,8.344233e-05,8.100753e-05,0.00019389877,0.00020654689,0.00012575684
2017-06-19 03:00:00,9.7754644e-05,5.7679106e-05,0.000315404,0.00027546682,8.647762e-05,0.00010461424
2017-06-19 04:00:00,3.433403e-05,0.00014521112,0.00022132986,8.36354e-05,5.708637e-05,6.393817e-05
2017-06-19 05:00:00,0.00020127463,0.0002411189,9.0831476e-05,0.00010513211,0.00011487589,4.9809594e-05
2017-06-19 06:00:00,9.087287e-05,8.204326e-05,8.156463e-05,4.7466223e-05,7.514465e-05,0.00012875463
2017-06-19 07:00:00,0.00018258602,0.00013429223,7.425609e-05,0.00017065859,0.00021048555,0.00030842298
2017-06-19 08:00:00,1.9936979e-05,4.8896174e-05,4.169302e-05,0.00014876516,0.00013225054,0.00016463047
2017-06-19 09:00:00,7.761323e-05,3.9322244e-05,0.00012936482,0.00022816115,0.00014903076,0.00018247099
2017-06-19 10:00:00,6.2588115e-05,0.00014658469,0.0003343008,0.00025900378,0.00027579739,0.00019120939
2017-06-19 11:00:00,0.000120575656,0.00029788952,0.00016703713,0.00030670795,0.00011045121,0.0001002049
2017-06-19 12:00:00,8.636578e-05,9.730073e-05,0.00016426263,8.3457184e-05,3.5919136e-05,5.8874033e-05
2017-06-19 13:00:00,3.5753274e-05,7.79329e-05,3.9800187e-05,8.4247484e-05,3.7233145e-05,2.1097618e-05
2017-06-19 14:00:00,6.53702e-05,3.0971198e-05,8.273476e-05,5.1775787e-05,6.026736e-05,2.7767515e-05
2017-06-19 15:00:00,0.0001409003,0.00013106794,0.00012711162,9.199344e-05,0.00010750931,4.5579935e-05
2017-06-19 16:00:00,7.371182e-05,3.0824904e-05,5.2304167e-05,4.6165693e-05,5.8889087e-05,0.000119054646
2017-06-19 17:00:00,5.4594835e-05,7.60649e-05,5.1245832e-05,0.00011607002,0.00017412979,0.00017757269
2017-06-19 18:00:00,5.5739725e-05,2.8670496e-05,5.4651253e-05,0.00013996696,0.0001360629,0.00017604993
2017-06-19 19:00:00,4.2675067e-05,3.798181e-05,8.9306806e-05,0.00016045805,0.00015746185,8.566521e-05
2017-06-19 20:00:00,7.957917e-05,0.00014338127,0.00016235629,0.00019533165,8.856517e-05,0.00015409391
2017-06-19 21:00:00,0.00011718513,9.504974e-05,0.00015537665,8.8081506e-05,0.000100821766,0.00012438289
2017-06-19 22:00:00,5.162773e-05,6.272851e-05,3.796869e-05,0.00013054593,8.3267405e-05,0.0001511925
2017-06-19 23:00:00,4.406105e-05,3.553309e-05,7.925032e-05,5.4934775e-05,0.000118312026,3.7934464e-05
2017-06-20 00:00:00,0.00011083585,4.4604192e-05,3.6260786e-05,9.2991286e-05,3.834466e-05,0.00027660845
2017-06-20 01:00:00,0.00013103719,4.8096914e-05,0.000179251,5.5169796e-05,0.00023186304,0.00021281753
2017-06-20 02:00:00,0.00011555214,6.040805e-05,6.9900474e-05,0.00039885694,0.00024368423,0.00022761156
2017-06-20 03:00:00,7.5509706e-05,2.5957537e-05,0.00036798444,0.00032185743,0.0001858136,0.0001569819
2017-06-20 04:00:00,0.00012087483,0.0005255869,0.0003358122,0.00030188035,0.0002371974,0.00033822964
2017-06-20 05:00:00,0.00049535604,0.00028769547,0.00022017701,0.0002213065,0.00035157238,0.000110255416
2017-06-20 06:00:00,0.0001240073,0.00014142123,0.00018566406,3.677092e-05,0.00016841924,0.00011031683
2017-06-20 07:00:00,6.731203e-05,8.7510474e-05,0.00015030804,6.6882116e-05,6.121804e-05,9.528991e-05
2017-06-20 08:00:00,7.591932e-05,0.00016271336,5.9717346e-05,3.5526686e-05,6.0553182e-05,0.00018008759
2017-06-20 09:00:00,0.00016146564,3.1415577e-05,5.5183616e-05,3.9466067e-05,0.00016012935,8.0343365e-05
2017-06-20 10:00:00,0.00021516244,0.00015645465,0.00012047558,0.0003788554,0.00015327912,0.00021474318
2017-06-20 11:00:00,2.601318e-05,2.7188838e-05,0.00020943966,9.85484e-05,8.7420696e-05,4.639392e-05
2017-06-20 12:00:00,3.0200124e-05,0.00023260314,0.000109417255,0.00011674657,4.9228187e-05,3.5862446e-05
2017-06-20 13:00:00,0.0002924748,6.426601e-05,7.674594e-05,7.6838835e-05,3.569485e-05,3.8095703e-05
2017-06-20 14:00:00,0.00013853684,0.0001318968,0.0002843474,0.00024465795,0.00021545414,0.00014716698
2017-06-20 15:00:00,2.6668924e-05,0.00012289002,9.96624e-05,0.00011746418,5.6082175e-05,5.9500446e-05
2017-06-20 16:00:00,0.00012203499,7.213052e-05,0.00015809039,9.3294424e-05,7.0451315e-05,0.00010327109
2017-06-20 17:00:00,6.8877656e-05,4.7454585e-05,8.345972e-05,8.646732e-05,6.801948e-05,3.4133125e-05
2017-06-20 18:00:00,0.000111008834,5.9742004e-05,5.423864e-05,5.1077168e-05,6.802415e-05,0.0001112544
2017-06-20 19:00:00,6.674563e-05,4.3551878e-05,5.7430592e-05,6.75225e-05,7.334689e-05,3.806643e-05
2017-06-20 20:00:00,4.7215734e-05,3.4393794e-05,9.604763e-05,0.000118216165,7.891201e-05,6.127261e-05
2017-06-20 21:00:00,4.782451e-05,0.00010454678,0.000121077326,8.8089706e-05,9.849267e-05,8.8568166e-05
2017-06-20 22:00:00,0.0001035804,9.340854e-05,7.583167e-05,0.00011067405,9.219008e-05,9.380118e-05
2017-06-20 23:00:00,3.2291275e-05,6.822619e-05,7.09967e-05,4.7726986e-05,7.674291e-05,8.737396e-05
2017-06-21 00:00:00,0.00015014122,5.4663018e-05,6.478189e-05,7.7420016e-05,7.4459036e-05,0.000115845985
2017-06-21 01:00:00,6.558848e-05,4.5776687e-05,0.000120150726,0.0001710709,7.946756e-05,8.418496e-05
2017-06-21 02:00:00,3.0389512e-05,6.1786006e-05,0.000106526524,0.0001069654,9.717216e-05,0.00012946047
2017-06-21 03:00:00,9.9486584e-05,9.387014e-05,0.00011053826,0.00015950645,0.00011379145,0.00014116298
2017-06-21 04:00:00,3.6088994e-05,0.00011755711,0.00014609184,0.00019451907,0.00018133235,0.00020042717
2017-06-21 05:00:00,0.00017935598,0.00021068075,0.00028995826,0.0002556996,0.00027166662,0.00053542835
2017-06-21 06:00:00,2.7909642e-05,4.444101e-05,8.083635e-05,0.00013795367,0.00082904747,0.000780092
2017-06-21 07:00:00,2.4939442e-05,5.119478e-05,0.000117691656,0.00087086885,0.00083232706,0.00067958067
2017-06-21 08:00:00,2.2157135e-05,8.524861e-05,0.00083279883,0.0010437972,0.00089872663,0.00086980755
2017-06-21 09:00:00,5.2906646e-05,0.00071422505,0.001053262,0.0011790273,0.00082836114,0.00060783373
2017-06-21 10:00:00,0.0012432727,0.0008452821,0.0013730448,0.0009871346,0.0009976836,0.0007459935
2017-06-21 11:00:00,0.00012764728,0.00020095271,0.00020533697,0.00015319225,9.008401e-05,0.0005311712
2017-06-21 12:00:00,0.00012050036,6.116493e-05,5.5471355e-05,7.234039e-05,0.0005870294,0.00063188974
2017-06-21 13:00:00,0.00010389435,0.000109634755,0.00017174597,0.0010128942,0.00073026714,0.0006045273
2017-06-21 14:00:00,8.7293505e-05,9.196659e-05,0.0008983418,0.0010613216,0.00085012603,0.0007868536
2017-06-21 15:00:00,8.509512e-05,0.0008339127,0.00092140224,0.0009795165,0.00049580605,0.0009622
2017-06-21 16:00:00,0.0011356553,0.00078836613,0.000740783,0.00083001965,0.0006468472,0.0006015095
2017-06-21 17:00:00,8.3833074e-05,4.2617983e-05,6.3903455e-05,8.87036e-05,5.8652677e-05,5.8494927e-05
2017-06-21 18:00:00,3.7899474e-05,3.5929013e-05,0.00015483679,7.429599e-05,4.3344244e-05,2.7630556e-05
2017-06-21 19:00:00,3.3746324e-05,0.00010555515,5.9681857e-05,3.9057708e-05,5.2489915e-05,3.5222038e-05
2017-06-21 20:00:00,0.00013323869,7.308217e-05,5.1853956e-05,4.719028e-05,4.1191575e-05,5.965497e-05
2017-06-21 21:00:00,7.247213e-05,0.00011646106,0.00017545265,8.659685e-05,0.00016854159,0.00011370482
2017-06-21 22:00:00,8.635838e-05,9.5060735e-05,6.3101164e-05,0.00013956024,7.280573e-05,4.1776726e-05
2017-06-21 23:00:00,5.011518e-05,5.2284413e-05,8.152021e-05,5.0241808e-05,3.5647718e-05,9.8723795e-05
2017-06-22 00:00:00,4.45011e-05,4.524025e-05,4.559979e-05,6.5560336e-05,7.045545e-05,0.00037488653
2017-06-22 01:00:00,0.000116018135,7.43324e-05,5.6959176e-05,7.832554e-05,0.00026417704,0.00052429066
2017-06-22 02:00:00,4.4893663e-05,8.016647e-05,0.00017155094,0.00041783735,0.00057361607,0.0007271562
2017-06-22 03:00:00,6.8583606e-05,0.00014824577,0.0004116082,0.0008148413,0.0007903519,0.00053727895
2017-06-22 04:00:00,8.17505e-05,0.000458703,0.0005703281,0.0009819409,0.00057409005,0.0006617035
2017-06-22 05:00:00,0.00032158254,0.0005820557,0.0008216058,0.0005392838,0.0007161242,0.00072316814
2017-06-22 06:00:00,0.0002759737,0.0006626842,0.00045252888,0.00047897839,0.0005342998,0.0005976925
2017-06-22 07:00:00,0.00034954445,0.00021944761,0.00020426695,0.00047617406,0.00048981875,0.00043711878
2017-06-22 08:00:00,8.770036e-05,5.4590502e-05,0.00014612156,0.00020836758,0.00016937942,0.00013245887
2017-06-22 09:00:00,0.00010917599,0.0001842905,0.0001610394,0.00023919766,0.000178513,0.00019932863
2017-06-22 10:00:00,0.00023564804,0.00017463778,0.0002464658,0.00017174515,0.00015917535,0.00028475726
2017-06-22 11:00:00,6.559529e-05,5.84776e-05,2.4615587e-05,8.668585e-05,8.053103e-05,2.4796473e-05
2017-06-22 12:00:00,3.3447726e-05,5.5618493e-05,3.5176257e-05,0.00014119994,5.8242647e-05,6.8570575e-05
2017-06-22 13:00:00,7.334785e-05,2.5785732e-05,8.5285385e-05,8.103505e-05,4.6600937e-05,7.599148e-05
2017-06-22 14:00:00,5.645949e-05,0.00013399842,8.3546474e-05,0.00010805254,0.00010073149,8.878431e-05
2017-06-22 15:00:00,7.001335e-05,6.8636116e-05,4.267577e-05,8.094551e-05,6.1517145e-05,6.4694475e-05
2017-06-22 16:00:00,0.00025137994,5.4031087e-05,7.231587e-05,4.28852e-05,4.096191e-05,6.613158e-05
2017-06-22 17:00:00,0.00020033296,0.0001902898,0.00014603142,0.00013973599,9.414642e-05,3.093113e-05
2017-06-22 18:00:00,2.7824495e-05,3.3346918e-05,3.7594116e-05,4.7425507e-05,0.00012720791,6.761692e-05
2017-06-22 19:00:00,4.08451e-05,3.843072e-05,9.0237154e-05,0.00017055459,8.187088e-05,7.002397e-05
2017-06-22 20:00:00,2.9657214e-05,4.0695828e-05,0.00013079858,9.2624694e-05,6.559325e-05,3.8186972e-05
2017-06-22 21:00:00,6.5551074e-05,0.00011111542,7.9974336e-05,7.388418e-05,4.654938e-05,5.8236503e-05
2017-06-22 22:00:00,9.222142e-05,6.0098195e-05,4.537348e-05,4.9567323e-05,8.317363e-05,0.00011310515
2017-06-22 23:00:00,2.7537797e-05,5.725339e-05,0.00015481004,0.00017861354,0.00016358255,2.7713475e-05
2017-06-23 00:00:00,4.405012e-05,0.00014374965,0.00012863295,0.00024312941,5.1484294e-05,0.0001718031
2017-06-23 01:00:00,9.964518e-05,7.8758596e-05,0.00013613494,4.2411066e-05,0.00020905184,0.0002482912
2017-06-23 02:00:00,4.4334916e-05,6.6295324e-05,0.00013190672,0.00034196008,0.00037922416,0.00028333123
2017-06-23 03:00:00,2.477167e-05,0.00014360783,0.0003301754,0.00050319365,0.0003163851,0.00029336492
2017-06-23 04:00:00,0.00019336506,0.00042501427,0.00044737858,0.0005117707,0.0004903152,0.00017149547
2017-06-23 05:00:00,0.00023097784,0.0002417249,0.00025398927,0.0004028088,7.517971e-05,0.00019044106
2017-06-23 06:00:00,9.666909e-05,5.622649e-05,0.00018894652,0.0001721278,6.7281275e-05,0.00010153957
2017-06-23 07:00:00,4.7586876e-05,8.7034234e-05,0.00022214661,3.5716217e-05,5.5152508e-05,0.0003759214
2017-06-23 08:00:00,0.0001550156,0.00017462875,6.113013e-05,0.000108787404,0.00034607635,0.0002492493
2017-06-23 09:00:00,0.00037281617,9.114391e-05,5.0811363e-05,0.00038708563,0.00014292015,0.00010427155
2017-06-23 10:00:00,0.0002703078,0.0002446915,0.000766653,0.00048446233,0.00036450216,0.0003622906
2017-06-23 11:00:00,9.117235e-05,0.0003726202,0.00032869037,0.00021604719,0.00019149634,0.00026554524
2017-06-23 12:00:00,0.00041988413,0.00028783758,0.00019500409,0.00034314147,0.00019887752,0.00027603703
2017-06-23 13:00:00,0.00011356689,0.00013272601,6.6246066e-05,8.65866e-05,5.432751e-05,7.74345e-05
2017-06-23 14:00:00,6.177491e-05,2.6561502e-05,2.1959946e-05,0.00012723895,4.3359614e-05,3.3388624e-05
2017-06-23 15:00:00,0.00014557615,0.00010148149,0.00018054503,9.300056e-05,9.519415e-05,0.00019238328
2017-06-23 16:00:00,4.65959e-05,7.109899e-05,3.719778e-05,3.8893228e-05,8.539553e-05,8.48267e-05
2017-06-23 17:00:00,0.00010390442,3.0490526e-05,5.2719588e-05,0.00016963838,0.000153361,4.7063033e-05
2017-06-23 18:00:00,0.00010187027,7.891182e-05,6.312762e-05,4.5593966e-05,0.0001164549,4.760392e-05
2017-06-23 19:00:00,3.8700906e-05,0.00012755992,0.00013882214,7.250871e-05,4.9559563e-05,2.7954253e-05
2017-06-23 20:00:00,0.00012412411,0.00012101465,0.000109355045,3.6576057e-05,4.626073e-05,3.1601256e-05
2017-06-25 21:00:00,3.143159e-05,0.00017567638,0.000116457995,0.000109742025,8.56917e-05,0.00013742613
2017-06-25 22:00:00,0.00019405335,0.000113578804,0.000109387605,0.00010337159,0.00016666955,0.00015257216
2017-06-25 23:00:00,0.00012429635,9.884953e-05,0.000140311,4.8401485e-05,5.219629e-05,0.00013224572
2017-06-26 00:00:00,3.6795966e-05,2.6300571e-05,5.6639994e-05,9.8583696e-05,9.0064204e-05,5.155342e-05
2017-06-26 01:00:00,2.8501197e-05,6.2342384e-05,7.325946e-05,0.00013854838,8.453999e-05,4.2881315e-05
2017-06-26 02:00:00,7.1135335e-05,6.5091255e-05,0.00014015737,8.132443e-05,4.1934236e-05,9.378248e-05
2017-06-26 03:00:00,3.3484477e-05,0.00015063342,4.272464e-05,3.4696288e-05,5.7895948e-05,0.00015428402
2017-06-26 04:00:00,0.00015672071,2.8271246e-05,4.1378316e-05,3.0064044e-05,0.00017354073,3.8204817e-05
2017-06-26 05:00:00,0.00013691466,0.00011469098,0.00020717863,5.1836007e-05,0.00022669171,0.00038243094
2017-06-26 06:00:00,3.6912534e-05,4.8731614e-05,0.00020906287,6.932109e-05,0.00017279117,0.00017706378
2017-06-26 07:00:00,4.5889345e-05,0.00017196056,8.131178e-05,0.0002478387,0.00020988207,0.0003200068
2017-06-26 08:00:00,0.00022864851,4.6568915e-05,0.00015529623,0.00023236166,0.00028311947,0.00035940274
2017-06-26 09:00:00,0.00037379918,0.00043964808,0.00041026462,0.0006166003,0.00055091095,0.0005562147
2017-06-26 10:00:00,0.00015734034,0.0002463249,0.0003254138,0.0005029002,0.00040980586,0.00055460166
2017-06-26 11:00:00,9.873879e-05,0.00028511736,0.00033152793,0.00038780156,0.0003911671,0.00042270857
2017-06-26 12:00:00,0.00022057447,0.00024695208,0.00027501167,0.0003633593,0.00037606,0.00031142752
2017-06-26 13:00:00,9.311348e-05,0.000136357,0.0002021259,0.00032554616,0.00022864749,0.00022942953
2017-06-26 14:00:00,2.9824987e-05,0.00012529516,0.00016995285,0.00018375802,0.00015121388,0.00014513951
2017-06-26 15:00:00,0.00012279993,0.00017609392,0.00013160205,0.00015281238,0.00017512642,0.0001412057
2017-06-26 16:00:00,5.011474e-05,5.2612697e-05,5.8078596e-05,7.2982955e-05,4.3725402e-05,0.0001051009
2017-06-26 17:00:00,2.4069423e-05,2.37192e-05,5.005643e-05,6.70611e-05,8.7636676e-05,7.1479655e-05
2017-06-26 18:00:00,2.2900453e-05,2.1822043e-05,6.381406e-05,8.5419444e-05,8.3218e-05,6.0519807e-05
2017-06-26 19:00:00,4.1903786e-05,5.5880362e-05,7.431965e-05,6.265609e-05,8.350467e-05,7.832487e-05
2017-06-26 20:00:00,4.623158e-05,7.208408e-05,7.105455e-05,7.766799e-05,8.1104234e-05,6.82715e-05
2017-06-26 21:00:00,0.000113590875,0.00012990777,7.348158e-05,7.13384e-05,4.7475653e-05,4.097543e-05
2017-06-26 22:00:00,2.8830242e-05,9.7289616e-05,0.0001777073,0.00019673968,0.00011351395,0.00013977975
2017-06-26 23:00:00,0.00017971809,0.00016458816,0.0001572091,0.00017932526,0.00019988789,8.360967e-05
2017-06-27 00:00:00,3.8035218e-05,2.418633e-05,3.5388697e-05,5.21085e-05,5.6440353e-05,6.6668086e-05
2017-06-27 01:00:00,3.0931235e-05,2.354137e-05,5.5573648e-05,8.977315e-05,8.714536e-05,2.6977443e-05
2017-06-27 02:00:00,2.4502639e-05,5.0398987e-05,8.213215e-05,0.00011227528,3.6809804e-05,4.542147e-05
2017-06-27 03:00:00,8.354349e-05,6.2967825e-05,0.000114247094,4.572236e-05,5.8580204e-05,6.300616e-05
2017-06-27 04:00:00,8.860997e-05,5.8045618e-05,4.6213674e-05,2.4868874e-05,8.1926555e-05,0.00015689706
2017-06-27 05:00:00,0.00013543085,7.124852e-05,0.00012385573,3.9216884e-05,7.3091804e-05,4.663968e-05
2017-06-27 06:00:00,7.829844e-05,5.3688276e-05,0.00014925298,0.0002255253,0.00015292701,0.00024531776
2017-06-27 07:00:00,4.9646387e-05,0.00011151932,0.0001558929,0.00010183226,0.00025652818,0.00044896352
2017-06-27 08:00:00,0.00013901258,0.0002176065,0.00015801752,0.00043286264,0.0004059615,0.0003908997
2017-06-27 09:00:00,7.9813355e-05,3.335029e-05,0.00027944407,0.00050567824,0.00026908852,0.0003180138
2017-06-27 10:00:00,5.3611268e-05,0.00020658926,0.0002226734,0.00040271948,0.0002651026,0.00034632886
2017-06-27 11:00:00,0.0003113979,0.00040780657,0.0004689374,0.00040204442,0.0003286279,0.000307266
2017-06-27 12:00:00,0.00015942255,0.00019006534,0.0001728461,0.000157347,0.000109831424,0.0001289497
2017-06-27 13:00:00,5.3700598e-05,4.456677e-05,4.8248316e-05,4.0254174e-05,5.1525738e-05,6.077643e-05
2017-06-27 14:00:00,4.6404133e-05,3.6203135e-05,7.078129e-05,3.9139468e-05,0.000118147545,6.993326e-05
2017-06-27 15:00:00,2.3948902e-05,5.334827e-05,3.3737844e-05,0.0001319475,0.00011863472,0.000107609725
2017-06-27 16:00:00,7.077788e-05,2.4721256e-05,0.00012370879,0.00016175477,0.00012940382,0.000108460095
2017-06-27 17:00:00,7.050162e-05,7.5575794e-05,0.0001068016,9.924786e-05,7.1355345e-05,6.5636545e-05
2017-06-27 18:00:00,0.00016305396,0.00011126656,0.00016355421,0.00014375358,0.00011136753,9.050522e-05
2017-06-27 19:00:00,2.867744e-05,2.336704e-05,7.183631e-05,3.6904927e-05,5.0776864e-05,3.4908575e-05
2017-06-27 20:00:00,5.0551058e-05,3.6675105e-05,3.986994e-05,3.574906e-05,3.9591967e-05,2.1002175e-05
2017-06-27 21:00:00,4.9021637e-05,2.1030435e-05,3.8253023e-05,3.0914256e-05,4.550791e-05,4.3975157e-05
2017-06-27 22:00:00,2.8703214e-05,4.416759e-05,4.847272e-05,4.555414e-05,6.2508516e-05,0.00010794821
2017-06-27 23:00:00,2.679953e-05,2.7130785e-05,3.1823558e-05,5.893361e-05,6.863737e-05,7.1551214e-05
2017-06-28 00:00:00,2.5154588e-05,2.9602927e-05,4.175138e-05,8.674246e-05,5.5007768e-05,5.4911816e-05
2017-06-28 01:00:00,3.8360897e-05,3.393338e-05,7.012578e-05,6.864263e-05,6.424039e-05,9.630196e-05
2017-06-28 02:00:00,4.8701397e-05,7.2196744e-05,9.701319e-05,9.283295e-05,0.00010517162,8.4192514e-05
2017-06-28 03:00:00,7.9554164e-05,4.794398e-05,3.874018e-05,0.00014991841,0.00015917182,0.00021248261
2017-06-28 04:00:00,3.6801368e-05,3.9609426e-05,0.0001835289,0.0002634789,0.00028118683,0.00012649484
2017-06-28 05:00:00,2.6537275e-05,0.0001850469,0.00019021628,0.00029035253,0.00010458809,0.00015591642
2017-06-28 06:00:00,0.00018064263,0.00017702606,0.00027560533,0.00014517052,0.00018895227,8.478663e-05
2017-06-28 07:00:00,4.442577e-05,8.8169225e-05,5.0214134e-05,6.5072636e-05,7.0769325e-05,3.2436186e-05
2017-06-28 08:00:00,0.00011624127,5.452669e-05,8.513256e-05,0.00011784388,4.4365974e-05,5.2201893e-05
2017-06-28 09:00:00,0.00015467328,3.3078275e-05,0.000144392,0.00017593117,0.00011943877,4.810216e-05
2017-06-28 10:00:00,0.0001269485,5.3077074e-05,3.9792292e-05,4.8784532e-05,7.257154e-05,0.00011678026
2017-06-28 11:00:00,0.00014737737,9.565018e-05,6.512393e-05,3.4021294e-05,3.7212416e-05,0.000119583376
2017-06-28 12:00:00,7.452653e-05,5.5910386e-05,0.00011984597,0.00016529374,0.00023044262,0.00029119416
2017-06-28 13:00:00,2.8091923e-05,6.731436e-05,0.00013953932,0.00039600313,0.00029838638,0.0002662195
2017-06-28 14:00:00,7.9100384e-05,0.00012031926,0.0004499907,0.0003731632,0.0001833445,0.00021853665
2017-06-28 15:00:00,7.27287e-05,0.00020952197,0.0003048384,0.00035148108,0.00021991164,0.00025225026
2017-06-28 16:00:00,0.00019448437,0.0002114062,0.00024183707,0.00025131096,0.000186635,0.00014139393
2017-06-28 17:00:00,5.9226e-05,7.190691e-05,9.595045e-05,7.409948e-05,5.3115647e-05,2.7544098e-05
2017-06-28 18:00:00,5.0514587e-05,2.9383364e-05,3.68959e-05,3.8883652e-05,4.0096624e-05,3.5369132e-05
2017-06-28 19:00:00,2.8153061e-05,3.3249336e-05,4.677432e-05,9.0229645e-05,6.370887e-05,3.8936934e-05
2017-06-28 20:00:00,2.2197764e-05,2.8047496e-05,5.5820023e-05,4.3407796e-05,4.8440357e-05,2.0964151e-05
2017-06-28 21:00:00,3.8541166e-05,5.6455436e-05,4.335963e-05,4.750801e-05,3.5171513e-05,4.6669837e-05
2017-06-28 22:00:00,4.681036e-05,3.2102696e-05,4.1139192e-05,4.86729e-05,6.405378e-05,0.00012461806
2017-06-28 23:00:00,6.236026e-05,9.012558e-05,9.2329654e-05,0.00014074892,0.00013722091,9.331464e-05
2017-06-29 00:00:00,6.410827e-05,5.7868303e-05,0.00010307008,0.00015383806,7.7294506e-05,6.937705e-05
2017-06-29 01:00:00,2.6495532e-05,4.487626e-05,0.00015463676,5.9430855e-05,6.652309e-05,2.5453926e-05
2017-06-29 02:00:00,4.6617304e-05,9.918383e-05,7.915948e-05,0.000107092914,3.788806e-05,7.646331e-05
2017-06-29 03:00:00,0.00012407062,2.192487e-05,0.00013221845,5.485877e-05,7.4190364e-05,7.296397e-05
2017-06-29 04:00:00,7.2581504e-05,0.00020188928,0.000106593325,0.00018191434,0.00017708751,0.00012850811
2017-06-29 05:00:00,0.00017427091,7.1096096e-05,0.00012554925,0.00011875043,0.00010891777,0.0001668622
2017-06-29 06:00:00,0.00012902232,7.951474e-05,6.856229e-05,6.1364044e-05,4.2094e-05,3.9572733e-05
2017-06-29 07:00:00,5.034496e-05,4.032344e-05,5.175135e-05,0.00013229372,0.00012237605,0.00013598076
2017-06-29 08:00:00,3.599959e-05,2.2612727e-05,4.5264973e-05,0.00010148011,9.4917894e-05,0.00028167723
2017-06-29 09:00:00,2.378664e-05,7.6426324e-05,0.00011039245,0.0001352553,0.00024028964,0.00013160135
2017-06-29 10:00:00,7.3772244e-05,8.0321195e-05,0.00015169305,0.00033682503,0.0001243837,0.00026445306
2017-06-29 11:00:00,3.12294e-05,7.779185e-05,0.00023844169,0.00010376195,0.00028357917,0.00016512205
2017-06-29 12:00:00,3.9358918e-05,0.00020346917,6.926767e-05,0.00022922162,0.00014801773,0.000101298756
2017-06-29 13:00:00,0.00021006215,3.2332955e-05,0.00020598619,0.00021734575,6.459271e-05,7.8967176e-05
2017-06-29 14:00:00,0.00020318861,5.0180563e-05,4.5028013e-05,8.33198e-05,4.405358e-05,5.9133563e-05
2017-06-29 15:00:00,0.00029734458,0.00011510485,5.892103e-05,7.853838e-05,7.890901e-05,9.1303125e-05
2017-06-29 16:00:00,7.652766e-05,0.00014847323,0.00012452094,0.00012405818,7.47016e-05,6.570801e-05
2017-06-29 17:00:00,0.0001111932,8.612518e-05,9.206089e-05,4.5827142e-05,5.0119143e-05,2.5807882e-05
2017-06-29 18:00:00,1.6247994e-05,2.8249411e-05,4.167696e-05,5.627959e-05,5.4046384e-05,7.627995e-05
2017-06-29 19:00:00,3.04573e-05,4.3409847e-05,2.977365e-05,7.073646e-05,0.00011314653,5.8100508e-05
2017-06-29 20:00:00,3.039299e-05,4.63496e-05,4.1748965e-05,0.00015065672,0.00012250784,0.00013025243
2017-06-29 21:00:00,2.6084217e-05,1.8879335e-05,0.00015347269,0.00014228144,0.00015748331,0.00012876229
2017-06-29 22:00:00,3.4972996e-05,0.00015915022,0.00015040766,0.00018219835,0.00015415718,0.00017111374
2017-06-29 23:00:00,0.00019388301,0.00018207057,0.0002471595,0.00016394997,0.00016115633,0.00025376462
2017-06-30 00:00:00,2.58553e-05,4.46095e-05,5.688781e-05,6.8039946e-05,0.00015816122,0.00022400083
2017-06-30 01:00:00,0.00011432156,3.934879e-05,8.824381e-05,0.00017598984,0.00022084027,0.00012438631
2017-06-30 02:00:00,3.582504e-05,2.930026e-05,0.00013605524,0.00018758774,8.374714e-05,7.785599e-05
2017-06-30 03:00:00,5.7367e-05,0.00015378653,0.00022331138,0.00017146236,8.8188266e-05,3.8652008e-05
2017-06-30 04:00:00,0.00014406258,0.00016839444,0.00011912682,0.00010601775,3.6764035e-05,0.00010466411
2017-06-30 05:00:00,6.759542e-05,2.6924168e-05,3.907244e-05,0.00010994363,3.9462186e-05,5.2261523e-05
2017-06-30 06:00:00,5.681408e-05,7.290004e-05,0.00014491647,6.4028536e-05,3.8147573e-05,0.00020075511
2017-06-30 07:00:00,2.124653e-05,6.497405e-05,4.510699e-05,7.67148e-05,0.00021719899,0.00025235297
2017-06-30 08:00:00,5.627524e-05,3.6840574e-05,8.3031686e-05,0.00037723783,0.0003584052,0.00029988986
2017-06-30 09:00:00,0.000119365686,9.965885e-05,0.00038843337,0.00059246994,0.00036051535,0.00033873034
2017-06-30 10:00:00,7.3347604e-05,0.0002930743,0.00042358076,0.00033020764,0.00028719797,0.00022091014
2017-06-30 11:00:00,0.00042036126,0.0003533601,0.00036341895,0.00035007388,0.00020476368,0.00024743454
2017-06-30 12:00:00,0.00010773682,3.0809646e-05,4.1396856e-05,4.3240645e-05,3.8530416e-05,2.1194573e-05
2017-06-30 13:00:00,6.077716e-05,5.861047e-05,5.0524206e-05,6.802237e-05,5.377964e-05,0.000114696835
2017-06-30 14:00:00,3.998014e-05,3.956268e-05,5.08822e-05,4.6602177e-05,9.2761875e-05,6.0726874e-05
2017-06-30 15:00:00,3.892283e-05,2.1246342e-05,4.1933454e-05,9.4520794e-05,7.454222e-05,2.9380162e-05
2017-06-30 16:00:00,3.4871522e-05,1.8365174e-05,0.00011180898,0.00010113877,4.6477915e-05,2.8185059e-05
2017-06-30 17:00:00,3.0897143e-05,7.868224e-05,6.327946e-05,3.3221746e-05,4.5662193e-05,2.5507497e-05
2017-06-30 18:00:00,8.023827e-05,7.1109316e-05,3.7359237e-05,4.5728957e-05,5.0471474e-05,0.000105817104
2017-06-30 19:00:00,3.2387634e-05,6.902404e-05,0.00014462486,7.57544e-05,4.82015e-05,3.6975085e-05
2017-06-30 20:00:00,6.5140935e-05,0.00012155448,6.456746e-05,9.0544025e-05,4.1290983e-05,2.8846054e-05
2017-07-02 21:00:00,3.7347625e-05,2.8435385e-05,0.000100533725,3.7054477e-05,4.0604704e-05,6.2896994e-05
2017-07-02 22:00:00,6.0579983e-05,0.0001474291,7.822244e-05,6.7076e-05,0.00012678205,0.00010096866
2017-07-02 23:00:00,9.303286e-05,4.321192e-05,4.4141914e-05,9.642904e-05,8.0320504e-05,0.00010478932
2017-07-03 00:00:00,0.00012720634,0.00010183853,5.7011846e-05,5.3683456e-05,3.721194e-05,0.000118226664
2017-07-03 01:00:00,4.102839e-05,6.2902625e-05,4.7488335e-05,9.1595284e-05,8.5005966e-05,0.00015561747
2017-07-03 02:00:00,7.600823e-05,6.264482e-05,9.5484604e-05,8.214795e-05,0.00012767996,0.0002101853
2017-07-03 03:00:00,4.8433907e-05,2.8109584e-05,0.000169093,0.00012698564,0.00016381942,0.00014745299
2017-07-03 04:00:00,2.4386383e-05,0.00013302678,0.00010428213,0.00023950415,0.00018641664,0.00015111735
2017-07-03 05:00:00,0.00012635074,0.0001262329,0.00018987397,0.00019011517,0.00011265811,0.00022955814
2017-07-03 06:00:00,0.00022239237,0.00038615224,0.0002742378,0.00027950868,0.000119635166,2.2821032e-05
2017-07-03 07:00:00,0.00014891823,0.00011545397,8.880671e-05,0.00040644748,0.00021402418,0.00026417055
2017-07-03 08:00:00,7.314674e-05,8.1115635e-05,0.00057784753,0.00047665517,0.00024902608,0.0001993164
2017-07-03 09:00:00,4.269324e-05,0.00038460566,0.0003020963,0.0004135284,0.00019319516,7.503953e-05
2017-07-03 10:00:00,0.00054730766,0.0002882945,0.00031853668,0.00019488092,6.0781007e-05,0.00010813665
2017-07-03 11:00:00,0.000122058664,0.0001504044,0.00021455491,0.00042763856,0.00023401475,0.00039992586
2017-07-03 12:00:00,2.8586097e-05,0.00014305128,0.000254612,0.00019771133,0.0002585527,0.0002942856
2017-07-03 13:00:00,0.00012299308,0.00025615632,0.00013035539,0.0003425615,0.00027036943,0.00024483187
2017-07-03 14:00:00,0.0001711698,0.00010340928,0.00021111054,0.00024301292,0.00019711482,0.0002174851
2017-07-03 15:00:00,8.386516e-05,0.000112491514,0.0001001954,9.665367e-05,9.3991795e-05,0.00010787649
2017-07-03 16:00:00,0.0002200191,0.00013231006,0.00014291558,0.00016571011,0.00013698914,0.0001230937
2017-07-03 17:00:00,2.9644227e-05,2.127986e-05,5.21548e-05,3.4909277e-05,4.0709914e-05,3.772985e-05
2017-07-03 18:00:00,3.0744934e-05,4.5010354e-05,4.2824497e-05,6.689405e-05,6.558431e-05,4.155825e-05
2017-07-03 19:00:00,2.7659731e-05,3.882867e-05,5.561251e-05,5.6544977e-05,4.245218e-05,8.2255116e-05
2017-07-03 20:00:00,4.709689e-05,3.8768114e-05,6.366763e-05,4.422699e-05,9.1207374e-05,7.9497135e-05
2017-07-03 21:00:00,9.9637444e-05,6.467165e-05,5.474048e-05,0.00011467723,9.932924e-05,0.00012117717
2017-07-03 22:00:00,5.4367618e-05,2.6722359e-05,9.806144e-05,0.00013002545,7.821378e-05,0.00015037833
2017-07-03 23:00:00,6.958737e-05,6.137846e-05,0.00012879432,0.00010155372,0.00013909198,6.920252e-05
2017-07-04 00:00:00,9.361336e-05,0.000138233,0.00010953545,0.00026218218,9.250612e-05,3.3682016e-05
2017-07-04 01:00:00,7.206105e-05,4.697691e-05,0.00011794114,7.2964125e-05,3.7866208e-05,0.00078862556
2017-07-04 02:00:00,6.347374e-05,8.321885e-05,4.4155342e-05,9.5165175e-05,0.0007708602,0.00070170366
2017-07-04 03:00:00,0.0001438592,2.711385e-05,6.503882e-05,0.00096749066,0.0007810235,0.0006806696
2017-07-04 04:00:00,6.129042e-05,0.00014605385,0.0008101115,0.00071265554,0.0006609616,0.00084723416
2017-07-04 05:00:00,6.513925e-05,0.0007481317,0.0010269065,0.0011532314,0.0008584895,0.0011203634
2017-07-04 06:00:00,0.0010952352,0.0007216163,0.0010624678,0.00085581903,0.0010813429,0.0010057454
2017-07-04 07:00:00,6.5971166e-05,0.00021335315,0.00030326558,0.0005088107,0.0005190703,0.00050999137
2017-07-04 08:00:00,0.0001488808,0.00023644671,0.00038374224,0.00047169198,0.00035837677,0.00085306296
2017-07-04 09:00:00,0.00010987934,0.00020104504,0.00038162555,0.000384629,0.0008803114,0.0007514305
2017-07-04 10:00:00,0.00013623317,0.00024894375,0.00024584806,0.0009622669,0.0004623634,0.00069520954
2017-07-04 11:00:00,0.00020290301,0.00014876868,0.00095796125,0.00064641953,0.0006245387,0.00091388216
2017-07-04 12:00:00,3.116784e-05,0.00061242754,0.0004057093,0.0007395692,0.00055209704,0.00084906886
2017-07-04 13:00:00,0.00057266484,0.0003754836,0.0006271823,0.0009559909,0.000650443,0.00068106834
2017-07-04 14:00:00,0.0003458258,7.366776e-05,0.0003384546,0.00039774447,8.153533e-05,5.704113e-05
2017-07-04 15:00:00,0.00048634844,0.0004855168,0.0005366076,0.00039009863,0.00019428563,0.00034729537
2017-07-04 16:00:00,0.00020901447,0.0002811908,7.8902085e-05,4.3951055e-05,0.00016221205,4.8990354e-05
2017-07-04 17:00:00,5.220421e-05,0.00017868198,0.00015246481,6.677175e-05,0.00011790029,9.927659e-05
2017-07-04 18:00:00,0.00019059914,0.0002605299,0.00011288223,0.00019986655,0.000120768724,3.6217898e-05
2017-07-04 19:00:00,6.0939856e-05,0.00010134837,3.7167145e-05,5.1814553e-05,0.00015676559,0.00016398565
2017-07-04 20:00:00,0.00016250719,4.281189e-05,8.0126214e-05,0.0002368166,0.00015235646,0.00020021314
2017-07-04 21:00:00,9.022105e-05,6.019448e-05,0.00011870536,0.00011911486,8.1528764e-05,3.573815e-05
2017-07-04 22:00:00,6.497876e-05,0.0002591987,0.00020570875,0.00022810455,0.000117351534,0.00027561895
2017-07-04 23:00:00,0.00018473846,0.00022208875,0.00017280957,0.00011350127,0.00030484115,0.00016812951
2017-07-05 00:00:00,2.4031679e-05,4.8569647e-05,9.534815e-05,0.00024192272,4.6427926e-05,0.00034808
2017-07-05 01:00:00,4.4739765e-05,5.3001317e-05,0.00015948417,3.0674895e-05,0.00031614813,5.8081132e-05
2017-07-05 02:00:00,3.9146773e-05,0.00020518867,7.0764465e-05,0.0005205547,0.000115666786,0.00012519177
2017-07-05 03:00:00,0.00037049392,9.359613e-05,0.00057518255,0.00023952343,0.00016179188,0.0001247945
2017-07-05 04:00:00,0.000104257604,0.00025000496,6.0628307e-05,6.719655e-05,9.089002e-05,0.00015294834
2017-07-05 05:00:00,0.00045505044,0.00012858065,0.00014514686,8.247481e-05,0.00022905985,0.00033176554
2017-07-05 06:00:00,0.00030103532,0.00031256996,0.0003341198,5.5810175e-05,0.0005509727,0.00015134616
2017-07-05 07:00:00,5.130611e-05,4.2004966e-05,0.00031896384,0.00046301592,8.907571e-05,3.2304724e-05
2017-07-05 08:00:00,6.942092e-05,0.00023511254,0.0003780421,0.000103194136,4.7815436e-05,4.5156827e-05
2017-07-05 09:00:00,0.00027089243,0.00038283554,0.00014968685,9.3409835e-05,7.4727686e-05,0.00018222335
2017-07-05 10:00:00,0.00064476207,0.000104801526,0.00013069356,0.00017369665,3.5231824e-05,2.7993869e-05
2017-07-05 11:00:00,0.00073834177,0.0004144492,0.00060341536,0.000664362,0.0006166287,0.00058406254
2017-07-05 12:00:00,0.00011282292,3.280593e-05,0.00022012257,0.00018233304,0.00013324861,0.00020393553
2017-07-05 13:00:00,6.438674e-05,0.00019745,0.00019418415,0.0002834408,0.00021649654,0.00012372668
2017-07-05 14:00:00,0.00025284558,0.00015477765,0.00020776471,0.00033296176,0.00011474567,0.000106229694
2017-07-05 15:00:00,5.6831577e-05,4.0109964e-05,8.072413e-05,4.9064503e-05,6.7926405e-05,3.7884303e-05
2017-07-05 16:00:00,5.9745682e-05,7.588479e-05,4.9848146e-05,3.6771762e-05,3.2990007e-05,2.8865059e-05
2017-07-05 17:00:00,4.0947143e-05,6.1144594e-05,5.967701e-05,4.846258e-05,4.0447885e-05,8.221525e-05
2017-07-05 18:00:00,9.004803e-05,0.00012062741,5.369178e-05,6.188243e-05,7.700826e-05,0.00028141818
2017-07-05 19:00:00,3.969527e-05,2.451576e-05,5.044209e-05,0.00016081323,0.0004001053,0.00033431806
2017-07-05 20:00:00,7.374933e-05,4.361098e-05,0.00016679331,0.00061630923,0.00030934095,0.000280133
2017-07-05 21:00:00,3.9078088e-05,0.00015316768,0.0004011152,0.0004171612,0.00036711115,0.00030084664
2017-07-05 22:00:00,0.00013012582,0.00044483706,0.00052982057,0.00046566324,0.00023450478,0.00033403793
2017-07-05 23:00:00,0.00033429914,0.00032187183,0.00024001217,0.00024499657,0.00026461796,0.00020661372
2017-07-06 00:00:00,4.2803167e-05,2.9291828e-05,7.548991e-05,4.6831374e-05,4.4416778e-05,0.00026035894
2017-07-06 01:00:00,3.0164345e-05,5.6395922e-05,5.97812e-05,4.3367167e-05,0.00024750672,0.0002327282
2017-07-06 02:00:00,7.021237e-05,2.3093386e-05,2.9984443e-05,0.0003387967,0.00012355541,9.244255e-05
2017-07-06 03:00:00,0.00013452256,5.340105e-05,0.0004188158,0.00045465087,0.000105383406,4.5296783e-05
2017-07-06 04:00:00,2.9301267e-05,0.0003564842,0.00028998035,0.00012139578,3.7793463e-05,2.7544706e-05
2017-07-06 05:00:00,0.00034721376,0.0002763186,8.9617846e-05,3.2558964e-05,3.5020268e-05,6.915655e-05
2017-07-06 06:00:00,6.5026026e-05,0.00015392971,0.00036044276,0.0003098621,0.000250262,0.00031678658
2017-07-06 07:00:00,0.00016478526,0.00023315859,0.0002643104,0.00039183357,0.00032628584,2.0080493e-05
2017-07-06 08:00:00,0.00014910076,9.721651e-05,0.00019499213,0.00019626511,0.00011561805,8.552748e-05
2017-07-06 09:00:00,2.6939653e-05,7.669557e-05,0.00010952694,0.00031765908,0.00018365553,0.00031549978
2017-07-06 10:00:00,0.000100728685,9.538764e-05,0.00034339927,0.00023044438,0.00031661367,0.00038414635
2017-07-06 11:00:00,3.8786893e-05,0.00032230603,0.00022782647,0.00046697728,0.0005085632,0.00038072182
2017-07-06 12:00:00,0.0003788173,0.00037447596,0.0004495016,0.00065514597,0.00040269492,0.00041213224
2017-07-06 13:00:00,7.407225e-05,8.854303e-05,0.00021549237,0.00014422026,0.00017330746,0.00015523631
2017-07-06 14:00:00,0.00014134822,0.00031670203,0.00016059486,0.00024493958,0.00021843516,0.00019170695
2017-07-06 15:00:00,0.00027674335,5.2686082e-05,0.00014892811,0.00016373138,0.00014717352,0.00016652669
2017-07-06 16:00:00,0.00016680178,4.18647e-05,5.0250237e-05,4.904018e-05,3.9938208e-05,5.2686697e-05
2017-07-06 17:00:00,0.000103366154,0.0001131542,0.00015464638,0.00014740793,8.786321e-05,5.7313977e-05
2017-07-06 18:00:00,4.158842e-05,3.8908718e-05,5.4916538e-05,3.1596737e-05,0.00014621105,3.0377256e-05
2017-07-06 19:00:00,2.5012063e-05,3.7619047e-05,4.4255423e-05,0.00018433415,4.886099e-05,7.412471e-05
2017-07-06 20:00:00,6.3038206e-05,2.3931963e-05,0.00015385474,4.1216786e-05,5.9088194e-05,2.6886682e-05
2017-07-06 21:00:00,5.249554e-05,0.00018512027,4.1418487e-05,7.1284856e-05,3.6372174e-05,3.5384444e-05
2017-07-06 22:00:00,0.00016963515,3.915792e-05,5.4607255e-05,3.756002e-05,4.1016552e-05,0.00010546476
2017-07-06 23:00:00,0.00020650194,0.0001020323,0.00020008965,0.00022332666,3.9267914e-05,7.37795e-05
2017-07-07 00:00:00,0.00011430917,2.2490125e-05,3.403649e-05,0.0001790252,0.00017867517,0.00035573592
2017-07-07 01:00:00,5.8578727e-05,6.083193e-05,9.340886e-05,0.0001794562,0.0002989562,0.00046791072
2017-07-07 02:00:00,2.187513e-05,0.00015264098,0.00022292686,0.00043029315,0.00035376655,0.00030401352
2017-07-07 03:00:00,0.00022206963,0.00025393523,0.00054544426,0.0005532329,0.00042214143,0.0004201859
2017-07-07 04:00:00,0.00010759319,0.0002427862,0.0004909519,0.00030485092,0.00030092135,0.00030771273
2017-07-07 05:00:00,0.00018514066,0.00041009247,0.00022465154,0.0003502383,0.00021701088,0.00014030492
2017-07-07 06:00:00,0.00013531055,5.7724446e-05,0.00014730467,0.00013405629,4.293495e-05,8.666186e-05
2017-07-07 07:00:00,0.0001210778,2.1318083e-05,5.473686e-05,0.00019389958,0.00019910357,2.9420666e-05
2017-07-07 08:00:00,0.00012238749,7.208232e-05,8.379235e-05,0.00016755005,7.3218005e-05,2.8038898e-05
2017-07-07 09:00:00,5.5448563e-05,0.0001492553,0.00028948553,4.1363928e-05,0.00010236115,0.00013021301
2017-07-07 10:00:00,0.00016548648,0.0001935629,3.4302622e-05,0.00013205895,6.593882e-05,0.00014143974
2017-07-07 11:00:00,0.00012704545,0.000107651875,4.8840167e-05,3.2908527e-05,6.017322e-05,8.9314126e-05
2017-07-07 12:00:00,0.00025853195,0.00015107913,0.00012106692,0.00010122781,5.3664124e-05,3.2915483e-05
2017-07-07 13:00:00,0.00013021647,0.00012928844,0.00017178581,0.00023018589,0.00019866102,0.00015978524
2017-07-07 14:00:00,4.961801e-05,6.5264125e-05,0.00013898178,0.0001622864,0.00010914199,0.00011310953
2017-07-07 15:00:00,5.775095e-05,8.6386266e-05,0.00013748887,0.0001572746,9.393952e-05,0.00016396491
2017-07-07 16:00:00,8.04396e-05,9.063455e-05,0.000109705834,0.00012238059,0.00010105473,0.00011379705
2017-07-07 17:00:00,5.0097868e-05,4.542425e-05,5.3996242e-05,9.733129e-05,4.8880935e-05,4.3036078e-05
2017-07-07 18:00:00,2.9102486e-05,2.454471e-05,7.5845324e-05,4.677337e-05,6.678862e-05,7.9681384e-05
2017-07-07 19:00:00,2.938263e-05,5.2259355e-05,4.557662e-05,8.073071e-05,5.4909346e-05,0.00011125292
2017-07-07 20:00:00,9.027347e-05,5.08991e-05,7.4414e-05,8.469713e-05,0.00010159458,0.0002292557
2017-07-09 21:00:00,4.167131e-05,0.00013255523,0.00014428231,0.00016661838,0.00020676958,0.00013722562
2017-07-09 22:00:00,9.513709e-05,0.00011171627,0.00012900568,0.00035780994,0.0001045449,0.0001885167
2017-07-09 23:00:00,2.5639925e-05,4.899791e-05,0.0002322604,7.0541806e-05,0.00011733983,5.2378073e-05
2017-07-10 00:00:00,4.498746e-05,0.00015824319,5.528748e-05,0.00013789712,5.7409856e-05,0.00025653228
2017-07-10 01:00:00,0.00015888465,2.5050895e-05,7.267015e-05,5.067238e-05,0.0001904204,0.00039904937
2017-07-10 02:00:00,0.00019499724,6.386387e-05,0.00011484494,0.00018723986,0.00031977159,0.0004064884
2017-07-10 03:00:00,9.988805e-05,3.3601158e-05,0.00027968848,0.0004999846,0.0005057005,0.0006289106
2017-07-10 04:00:00,8.691035e-05,0.00017358399,0.00048676194,0.00056408334,0.0004020691,0.0005116423
2017-07-10 05:00:00,0.0003226663,0.0005351761,0.00057713676,0.0005454116,0.00066963787,0.00042198427
2017-07-10 06:00:00,0.00020155615,0.00029527125,0.0002821537,0.0004219048,0.00036072783,0.00031961905
2017-07-10 07:00:00,8.682734e-05,6.197125e-05,0.00024422858,0.00016404492,0.000107553155,0.00016377533
2017-07-10 08:00:00,4.8668157e-05,0.00014757953,8.836792e-05,4.89983e-05,7.2569885e-05,9.329203e-05
2017-07-10 09:00:00,0.00017542882,0.0001375096,4.313186e-05,0.00012644521,0.00010588533,0.0002491414
2017-07-10 10:00:00,6.94355e-05,0.00011608223,5.021519e-05,3.7284575e-05,0.00011026182,6.209266e-05
2017-07-10 11:00:00,7.398297e-05,1.861861e-05,3.601362e-05,0.00014010064,8.27745e-05,0.00010257232
2017-07-10 12:00:00,5.375722e-05,8.1608014e-05,0.00020603315,0.00018666888,0.0001950951,0.00013657287
2017-07-10 13:00:00,3.138916e-05,9.740007e-05,0.00011103015,0.00013648364,6.0991577e-05,5.8941037e-05
2017-07-10 14:00:00,0.00017172568,9.849473e-05,0.00012833806,7.147045e-05,4.4831926e-05,6.6303815e-05
2017-07-10 15:00:00,6.803476e-05,2.7310874e-05,8.978886e-05,9.136593e-05,5.6765974e-05,0.00011157575
2017-07-10 16:00:00,6.474648e-05,3.58132e-05,6.859212e-05,3.490962e-05,8.415526e-05,0.00010406932
2017-07-10 17:00:00,9.587483e-05,8.489117e-05,6.701386e-05,0.00014427332,0.0001657477,0.00015437695
2017-07-10 18:00:00,2.7485914e-05,3.5661877e-05,7.8300785e-05,0.00015964244,0.00014263598,6.1630766e-05
2017-07-10 19:00:00,2.9123936e-05,4.342328e-05,0.0001372307,0.00014325102,6.0633916e-05,2.0812027e-05
2017-07-10 20:00:00,0.00010550822,0.0001545172,0.00016203232,9.833276e-05,4.6641162e-05,0.00013873933
2017-07-10 21:00:00,0.000103663384,9.709688e-05,4.6079185e-05,3.6375735e-05,0.00010102369,5.9656744e-05
2017-07-10 22:00:00,2.6707721e-05,7.444986e-05,0.00010611619,3.4005523e-05,5.721567e-05,0.00026698696
2017-07-10 23:00:00,0.00010353941,0.00012933277,6.0761504e-05,4.098935e-05,0.0003775528,2.2278595e-05
2017-07-11 00:00:00,5.118067e-05,8.209319e-05,7.810514e-05,0.00032301084,4.651731e-05,0.00011078608
2017-07-11 01:00:00,7.749666e-05,0.00011099773,0.00030101917,0.00012597512,6.668955e-05,0.00016684925
2017-07-11 02:00:00,3.0793402e-05,0.00040530288,4.5872694e-05,0.00018079161,0.00020471307,0.0002796073
2017-07-11 03:00:00,0.00039760477,1.8428484e-05,0.0001773415,0.0002701624,0.00024206453,0.0002582948
2017-07-11 04:00:00,0.00047602234,0.00020227654,9.740508e-05,3.5557878e-05,6.727574e-05,3.7866645e-05
2017-07-11 05:00:00,0.00016928997,0.00024434674,0.0004189529,0.00029571998,0.00027600708,0.0003731776
2017-07-11 06:00:00,0.00015514623,0.0002107088,0.00016082091,0.00020121109,0.00030690563,0.0002563493
2017-07-11 07:00:00,6.975629e-05,3.4945526e-05,6.4066204e-05,0.00016344349,0.00016268263,5.495704e-05
2017-07-11 08:00:00,3.529487e-05,2.9184788e-05,0.000100384015,7.79533e-05,3.1542855e-05,5.7610003e-05
2017-07-11 09:00:00,2.439165e-05,0.00015183756,9.898274e-05,3.154134e-05,6.761588e-05,3.2688997e-05
2017-07-11 10:00:00,0.00013550681,8.346181e-05,4.007969e-05,6.568985e-05,3.615846e-05,3.5840618e-05
2017-07-11 11:00:00,3.2311513e-05,0.00012044657,8.967945e-05,0.00012691747,0.000100482685,9.032092e-05
2017-07-11 12:00:00,0.00022049983,6.334603e-05,9.288869e-05,0.000103007995,7.647084e-05,2.5399335e-05
2017-07-11 13:00:00,7.9108526e-05,3.1514843e-05,4.4566816e-05,3.9469498e-05,0.00010120619,0.00011735831
2017-07-11 14:00:00,8.871461e-05,5.0703497e-05,6.126222e-05,5.615688e-05,6.446765e-05,3.3647764e-05
2017-07-11 15:00:00,4.557237e-05,2.8503924e-05,8.6881184e-05,0.00012308349,8.1379774e-05,3.373696e-05
2017-07-11 16:00:00,2.5818637e-05,9.3081086e-05,9.93948e-05,6.370017e-05,3.7048772e-05,0.00010165097
2017-07-11 17:00:00,7.9246034e-05,9.931293e-05,6.0881415e-05,6.434539e-05,0.00012084656,9.043937e-05
2017-07-11 18:00:00,5.040813e-05,2.2920256e-05,0.00013723683,0.00026557583,0.00015899994,0.0002147768
2017-07-11 19:00:00,6.0181206e-05,0.00010770514,0.0002824239,0.00021142772,0.00028711391,0.0001542855
2017-07-11 20:00:00,0.00012015074,0.00018883296,0.0001830359,0.00037932163,0.00017031058,8.5475964e-05
2017-07-11 21:00:00,0.000116673495,7.966751e-05,0.00024669967,0.00014573125,7.381243e-05,2.128489e-05
2017-07-11 22:00:00,3.322601e-05,0.00015228277,6.675383e-05,3.803279e-05,6.477756e-05,8.1503196e-05
2017-07-11 23:00:00,0.00017233369,6.708122e-05,2.866042e-05,7.9468664e-05,8.763207e-05,2.5531077e-05
2017-07-12 00:00:00,8.635334e-05,0.00011285633,0.00022652259,0.0002634035,8.765902e-05,6.043071e-05
2017-07-12 01:00:00,4.7951315e-05,0.00014145467,0.00014100634,6.259972e-05,4.1144664e-05,0.00026368094
2017-07-12 02:00:00,7.6564975e-05,7.50341e-05,4.1558953e-05,7.178124e-05,0.00017198898,0.0004094624
2017-07-12 03:00:00,2.4628054e-05,9.278761e-05,0.00016802235,0.00018308061,0.00028594115,0.00038808509
2017-07-12 04:00:00,0.0001263592,0.000108823355,0.00013986287,0.0005492726,0.00040078585,0.00032901284
2017-07-12 05:00:00,6.353794e-05,0.00029152466,0.0005882517,0.00066145184,0.0003079612,0.0004987971
2017-07-12 06:00:00,0.00041889583,0.0005412684,0.0006426589,0.00044900566,0.00039503915,0.0004507802
2017-07-12 07:00:00,0.0002764363,0.00033112217,0.0001293087,0.00037750165,0.00016953427,0.00019737567
2017-07-12 08:00:00,4.140092e-05,0.00014727813,5.3929463e-05,8.9662644e-05,5.052683e-05,0.00012951318
2017-07-12 09:00:00,0.00019019668,3.4379995e-05,0.00014177052,0.00012962478,0.00017312073,0.00016500601
2017-07-12 10:00:00,0.00019670698,4.8742648e-05,7.365334e-05,6.7117195e-05,6.47101e-05,8.391526e-05
2017-07-12 11:00:00,0.00016968005,0.00011203951,0.00021091697,0.0002765664,0.00026774613,0.00024649556
2017-07-12 12:00:00,2.4193117e-05,8.664512e-05,0.0001467752,0.00013356323,0.00014764111,0.00013832223
2017-07-12 13:00:00,0.00016168393,0.00014409545,0.00014527545,0.0001710519,0.00014837104,0.00025524842
2017-07-12 14:00:00,4.6274028e-05,5.2159314e-05,7.933078e-05,0.0001223713,0.00015878367,0.0001580448
2017-07-12 15:00:00,5.3465505e-05,4.1484953e-05,8.1605634e-05,0.00023216073,0.00014055513,0.00017087325
2017-07-12 16:00:00,2.5285786e-05,3.7253325e-05,0.00015863778,0.00017155489,0.00015135467,6.427645e-05
2017-07-12 17:00:00,3.784425e-05,0.00014697743,0.00016769732,0.00016730012,4.689732e-05,2.2189586e-05
2017-07-12 18:00:00,0.00019161247,0.00013376989,0.00019949632,6.870828e-05,3.255208e-05,0.0001660565
2017-07-12 19:00:00,3.12212e-05,3.6672518e-05,9.349152e-05,0.00014750392,0.0003235617,0.00019923519
2017-07-12 20:00:00,6.628347e-05,7.224871e-05,0.00012357658,0.0002804124,0.0002177648,0.00017510385
2017-07-12 21:00:00,0.00012888518,0.0001821957,0.00032116083,0.0002590505,0.00021998257,0.00017429938
2017-07-12 22:00:00,7.4157295e-05,0.00024807427,0.00011578517,0.00010790876,0.00015226922,0.00014039173
2017-07-12 23:00:00,0.00017524078,6.626016e-05,7.174144e-05,4.6308403e-05,8.5545624e-05,2.4653187e-05
2017-07-13 00:00:00,0.00010689921,0.000106942054,0.000115208335,9.306202e-05,9.6936696e-05,0.00024308148
2017-07-13 01:00:00,3.795141e-05,3.282892e-05,3.570219e-05,6.1319064e-05,0.00019754287,0.00015577351
2017-07-13 02:00:00,3.857688e-05,2.600502e-05,7.3097945e-05,0.00019164305,0.00012321472,0.00033131812
2017-07-13 03:00:00,3.5518395e-05,5.104097e-05,0.00019633576,0.00012808423,0.00041652616,0.0003902777
2017-07-13 04:00:00,7.79027e-05,0.00022731042,0.00016409757,0.0003682046,0.00045807724,0.0006064762
2017-07-13 05:00:00,0.0002535512,0.00013174402,0.00046507764,0.00029774796,0.00044443214,0.00068165374
2017-07-13 06:00:00,5.153985e-05,0.00021534639,0.00019631344,0.00050787604,0.00043785892,0.0006036284
2017-07-13 07:00:00,0.00026019194,0.00023434391,0.0006409883,0.0005013813,0.0008438965,0.0008848477
2017-07-13 08:00:00,3.9577862e-05,0.00037345546,0.0004936245,0.00047729028,0.000542565,0.00052145537
2017-07-13 09:00:00,0.00042282333,0.00038354975,0.00048968225,0.0004801608,0.00047916546,0.0006208785
2017-07-13 10:00:00,8.878701e-05,0.00021662502,0.00035368404,0.00030415322,0.00047628896,0.00050922163
2017-07-13 11:00:00,0.00015629968,0.00024740008,0.00030336063,0.0004326285,0.0005200794,0.00038283924
2017-07-13 12:00:00,0.00012936653,0.00011731357,0.0003624178,0.00033495054,0.00036335894,0.00022734243
2017-07-13 13:00:00,4.082444e-05,0.00022679474,0.00024999672,0.00021695156,0.0002449799,0.00025374725
2017-07-13 14:00:00,0.0002397092,0.00027836044,0.00028980122,0.00019657909,0.00026113528,0.0001725271
2017-07-13 15:00:00,0.000110423134,5.831913e-05,4.5089706e-05,5.9219026e-05,4.3168973e-05,4.8800284e-05
2017-07-13 16:00:00,3.2224623e-05,6.756967e-05,3.5967456e-05,3.8926108e-05,3.8803893e-05,4.5866283e-05
2017-07-13 17:00:00,5.981545e-05,3.0977346e-05,4.5061974e-05,4.404079e-05,2.4628649e-05,0.00010513313
2017-07-13 18:00:00,7.91639e-05,3.6123605e-05,6.320718e-05,4.3074804e-05,9.041508e-05,0.00011478067
2017-07-13 19:00:00,2.790582e-05,3.273047e-05,4.4286437e-05,9.531808e-05,0.0001882445,0.00013830257
2017-07-13 20:00:00,4.072275e-05,3.201016e-05,0.0001176287,0.0001264233,0.00015390251,0.00011948686
2017-07-13 21:00:00,3.0457e-05,0.00011160795,0.00014022629,9.948872e-05,0.00013438502,7.229997e-05
2017-07-13 22:00:00,0.00011184811,0.00013946071,0.00011538929,9.184641e-05,0.00011525108,0.00018104303
2017-07-13 23:00:00,7.1634735e-05,2.6394573e-05,4.8169222e-05,3.3046952e-05,0.000107051856,2.0525935e-05
2017-07-14 00:00:00,5.3450625e-05,5.0197348e-05,7.9981386e-05,7.725284e-05,5.8853584e-05,0.00010816473
2017-07-14 01:00:00,3.7769074e-05,3.5468493e-05,7.15573e-05,2.8170676e-05,9.370496e-05,0.00012362427
2017-07-14 02:00:00,5.4496817e-05,9.1759e-05,4.708974e-05,9.288996e-05,9.026291e-05,2.3511982e-05
2017-07-14 03:00:00,0.00011960529,2.2426857e-05,8.0284655e-05,0.00011845474,4.62501e-05,8.403127e-05
2017-07-14 04:00:00,0.000114849565,0.00020657941,0.00018971218,8.220386e-05,3.0947347e-05,3.0549727e-05
2017-07-14 05:00:00,7.332869e-05,0.00010074413,3.7422717e-05,6.255217e-05,0.00011826762,0.00023451033
2017-07-14 06:00:00,5.5970067e-05,9.199688e-05,0.00010820823,0.00015720025,0.00023210715,0.00028413808
2017-07-14 07:00:00,0.000118608674,0.00015203921,0.00024388028,0.00024879957,0.00037089255,0.00027792013
2017-07-14 08:00:00,6.689052e-05,0.000121023666,0.00027506368,0.00018564754,0.00035765022,0.00022654328
2017-07-14 09:00:00,5.480536e-05,0.00014389039,0.0002029384,0.0002650842,0.0002577948,4.2478634e-05
2017-07-14 10:00:00,0.00011735461,0.00014899776,0.00025152104,0.00015395206,3.409062e-05,6.446069e-05
2017-07-14 11:00:00,7.636873e-05,0.00016998302,8.9682406e-05,0.000119889206,5.2666084e-05,2.740518e-05
2017-07-14 12:00:00,0.00011581055,4.064753e-05,0.00022423636,0.000108360226,7.986379e-05,6.715513e-05
2017-07-14 13:00:00,0.00011729222,0.00032534124,0.00024449825,0.00012910923,0.00015612874,4.1821626e-05
2017-07-14 14:00:00,0.00018789689,0.00016314581,0.00011762568,0.00012275262,4.449062e-05,4.0865823e-05
2017-07-14 15:00:00,0.000101175494,0.00010143097,4.17681e-05,0.0001879793,0.00011909228,0.00011622332
2017-07-14 16:00:00,2.8041293e-05,2.689238e-05,0.00010908691,8.349073e-05,7.427937e-05,2.6487747e-05
2017-07-14 17:00:00,4.703251e-05,0.00014392211,4.811426e-05,6.045008e-05,3.541166e-05,4.3937493e-05
2017-07-14 18:00:00,0.0001809148,0.00012211825,8.1664955e-05,2.8152986e-05,8.964621e-05,4.1179504e-05
2017-07-14 19:00:00,6.155343e-05,6.861668e-05,0.00014560099,8.308952e-05,0.0001893991,0.000107460095
2017-07-14 20:00:00,3.9157636e-05,8.447645e-05,4.1271065e-05,0.00011635913,9.296451e-05,7.990289e-05
2017-07-16 21:00:00,7.6609715e-05,3.0572344e-05,0.00014812256,6.076754e-05,8.741144e-05,3.603529e-05
2017-07-16 22:00:00,6.023234e-05,8.4271334e-05,4.2496336e-05,3.4916324e-05,5.3251064e-05,6.457118e-05
2017-07-16 23:00:00,0.00018386109,8.205756e-05,9.147803e-05,4.4113633e-05,0.00013269608,5.5470842e-05
2017-07-17 00:00:00,7.176091e-05,5.9052883e-05,7.270682e-05,3.1236723e-05,0.00015984487,8.9250316e-05
2017-07-17 01:00:00,3.3152755e-05,3.8119095e-05,8.785512e-05,0.0001184451,0.0001722893,0.00019250746
2017-07-17 02:00:00,3.0549454e-05,7.822201e-05,0.00011189933,0.0001630419,0.0001644101,0.00031914792
2017-07-17 03:00:00,0.00013319618,8.391913e-05,0.0002400098,0.00014887315,0.0002599341,0.00018225488
2017-07-17 04:00:00,0.00019284563,0.00010466448,0.00018874671,0.0003316178,0.00021870769,0.00027402036
2017-07-17 05:00:00,0.0004160028,6.248597e-05,0.0002502175,8.681976e-05,0.0001429833,0.000110227666
2017-07-17 06:00:00,0.0004577521,0.00046669575,0.00032080527,0.000340242,0.0003784981,0.00032265915
2017-07-17 07:00:00,0.00013967446,8.1604325e-05,0.0001123031,6.7252266e-05,7.832875e-05,0.00011335671
2017-07-17 08:00:00,0.00012816515,3.933643e-05,0.0001451432,0.0001071372,5.499152e-05,0.00012349305
2017-07-17 09:00:00,5.293389e-05,3.7879538e-05,4.2776857e-05,6.126979e-05,6.766229e-05,5.473077e-05
2017-07-17 10:00:00,8.568967e-05,4.6676912e-05,3.482518e-05,0.000104332845,0.00010635464,0.00028879926
2017-07-17 11:00:00,4.926808e-05,7.14246e-05,9.192831e-05,6.2863386e-05,0.000151213,0.00013336171
2017-07-17 12:00:00,8.7651526e-05,5.197842e-05,5.3465625e-05,0.00023864314,0.00018131259,0.00010512681
2017-07-17 13:00:00,0.00018587332,0.0001338247,0.00031065976,0.00022959696,0.00020569541,0.00013761349
2017-07-17 14:00:00,2.9411556e-05,0.00017541759,0.00011557024,7.2088675e-05,6.403379e-05,3.1951044e-05
2017-07-17 15:00:00,0.00017699825,0.00012756075,0.000102269725,5.922801e-05,5.0049817e-05,2.2592583e-05
2017-07-17 16:00:00,8.506032e-05,0.00013092243,0.00013505816,0.00012622544,0.00017290388,0.00015002763
2017-07-17 17:00:00,4.3081283e-05,7.055676e-05,0.00010281072,0.000102094076,0.00010349629,0.000120370765
2017-07-17 18:00:00,3.9339353e-05,5.9598577e-05,5.6421162e-05,7.031221e-05,9.679401e-05,9.19087e-05
2017-07-17 19:00:00,5.4287797e-05,5.7716974e-05,5.595155e-05,8.286667e-05,8.623016e-05,9.125905e-05
2017-07-17 20:00:00,3.2732612e-05,3.0032066e-05,4.098752e-05,6.698298e-05,6.758307e-05,7.031714e-05
2017-07-17 21:00:00,3.4659537e-05,3.8187187e-05,5.981809e-05,8.7890294e-05,4.5572357e-05,0.0001338368
2017-07-17 22:00:00,4.012789e-05,6.59533e-05,6.603589e-05,4.8205686e-05,0.00013900918,0.0001542569
2017-07-17 23:00:00,5.0014263e-05,4.6937486e-05,3.7477403e-05,9.8733246e-05,0.000152775,7.78233e-05
2017-07-18 00:00:00,2.7901113e-05,2.9298446e-05,6.893766e-05,0.00017327095,6.108584e-05,5.6713052e-05
2017-07-18 01:00:00,4.957109e-05,9.844117e-05,0.00017609712,5.554221e-05,5.631979e-05,5.923127e-05
2017-07-18 02:00:00,0.00012392567,0.00018746141,5.3429332e-05,5.597683e-05,6.4454376e-05,2.234824e-05
2017-07-18 03:00:00,0.00010777548,5.3181466e-05,5.880753e-05,0.00010574927,7.669468e-05,7.246419e-05
2017-07-18 04:00:00,0.00012654635,0.0001391986,0.00021535008,0.00012890284,0.00018174209,0.0001105271
2017-07-18 05:00:00,3.8655602e-05,7.346192e-05,9.4428455e-05,6.66329e-05,5.3352764e-05,0.00014761116
2017-07-18 06:00:00,0.00012774246,7.845508e-05,0.00010161094,6.588605e-05,0.00016276256,0.00025278045
2017-07-18 07:00:00,4.5824963e-05,3.4233082e-05,3.198858e-05,7.84305e-05,0.00020151239,0.0002705578
2017-07-18 08:00:00,2.3282491e-05,2.8397779e-05,0.00011555133,0.00019013166,0.0003690572,0.00053657603
2017-07-18 09:00:00,4.0077524e-05,9.546383e-05,0.00020321019,0.00038733194,0.0005360311,0.000631368
2017-07-18 10:00:00,0.0001557798,0.00024480812,0.00036672945,0.00044009046,0.00065653195,0.0010550262
2017-07-18 11:00:00,0.00013380029,0.00026367113,0.00047159783,0.00056304486,0.00082807225,0.0009658946
2017-07-18 12:00:00,0.0002379898,0.0004278163,0.00043957276,0.0006741752,0.0008101191,0.0006446942
2017-07-18 13:00:00,0.00018810337,0.00031420233,0.00088300236,0.0008363859,0.0006966171,0.0006448984
2017-07-18 14:00:00,0.00014421337,0.0005660887,0.0005435233,0.0003997748,0.0005919723,0.0005135621
2017-07-18 15:00:00,0.0006056289,0.0006939538,0.00036836008,0.00038840502,0.00037566957,0.00039709546
2017-07-18 16:00:00,0.00016621356,6.909189e-05,3.02203e-05,5.2989748e-05,6.251295e-05,0.00011564169
2017-07-18 17:00:00,0.00026232665,0.00013751224,0.0001858355,7.0930226e-05,6.48368e-05,2.5440624e-05
2017-07-18 18:00:00,8.291044e-05,3.0847605e-05,0.000111743364,0.00016116226,0.00020480635,8.174083e-05
2017-07-18 19:00:00,9.869355e-05,6.741971e-05,0.00014287322,0.0001457274,7.734449e-05,0.00025336823
2017-07-18 20:00:00,0.00011743652,0.00014280203,0.00021642575,0.00010890021,0.00024521459,0.00022634673
2017-07-18 21:00:00,9.107605e-05,0.00016101052,6.149366e-05,0.00018822796,0.00016397785,0.00027652952
2017-07-18 22:00:00,6.0058363e-05,5.7331945e-05,0.00014942724,8.7358385e-05,0.00015101087,5.043577e-05
2017-07-18 23:00:00,0.00011880951,0.000103166196,6.387628e-05,0.00012979335,9.0593436e-05,0.00025940902
2017-07-19 00:00:00,0.00016152485,0.00016471995,0.00028078386,3.3599237e-05,0.00016080089,0.00029499148
2017-07-19 01:00:00,3.7511723e-05,6.3599786e-05,0.00015668108,0.00032675668,0.00052852405,0.00029744144
2017-07-19 02:00:00,0.00010864018,0.0001372186,0.00039710326,0.00050047704,0.00028848866,0.00033900695
2017-07-19 03:00:00,0.00028609607,0.00047794095,0.0007873613,0.00044221376,0.00042238843,0.00034518057
2017-07-19 04:00:00,0.00028305405,0.0004186104,0.00021212605,0.00022316353,0.0003506075,0.0002909106
2017-07-19 05:00:00,0.00021378926,4.2054322e-05,6.311784e-05,9.7699165e-05,7.607034e-05,0.00012324317
2017-07-19 06:00:00,0.00020200701,8.791542e-05,8.962583e-05,8.756533e-05,0.0003099599,0.0005801601
2017-07-19 07:00:00,9.092603e-05,6.94276e-05,7.440784e-05,0.000169349,0.00065005606,0.0004975325
2017-07-19 08:00:00,3.292317e-05,2.5544903e-05,0.0002267483,0.0005785161,0.00051288656,0.0005058337
2017-07-19 09:00:00,2.7451564e-05,0.00022915089,0.00080513605,0.00046163175,0.00063283223,0.00041557552
2017-07-19 10:00:00,0.00036186675,0.0007697565,0.00056599034,0.00053499616,0.000539377,0.0005242155
2017-07-19 11:00:00,0.0010250716,0.0006520628,0.0009300566,0.00069688004,0.00085537246,0.00083821843
2017-07-19 12:00:00,0.00013315312,7.995264e-05,0.00018094976,7.205816e-05,4.6528177e-05,7.529737e-05
2017-07-19 13:00:00,0.00015812565,5.9889047e-05,3.797104e-05,7.140973e-05,4.3257027e-05,0.0001226103
2017-07-19 14:00:00,0.0002239095,0.00013335468,0.00013033272,0.00016171447,3.713732e-05,4.1525815e-05
2017-07-19 15:00:00,6.485681e-05,0.00010351674,3.5611738e-05,0.0001222324,0.00011551351,4.663494e-05
2017-07-19 16:00:00,6.419787e-05,3.647315e-05,0.0001413011,0.00012225097,6.636622e-05,3.7267782e-05
2017-07-19 17:00:00,8.5905165e-05,9.312522e-05,4.356492e-05,3.062623e-05,4.7942405e-05,0.00018793679
2017-07-19 18:00:00,0.00018277873,0.00014783858,7.621312e-05,5.211423e-05,0.00015167729,0.00015762405
2017-07-19 19:00:00,5.5787885e-05,7.69597e-05,0.00014382617,0.0001956275,0.00037384132,0.0003632851
2017-07-19 20:00:00,6.808496e-05,0.000121323385,0.00032855474,0.0004022248,0.00041675757,0.0002939022
2017-07-19 21:00:00,8.801452e-05,0.00024409987,0.00026757736,0.00030785802,0.00028364803,0.00026158342
2017-07-19 22:00:00,0.0002126411,0.00028369072,0.00030194424,0.00020812688,0.000280093,0.00035058646
2017-07-19 23:00:00,0.00010112267,0.0001294916,8.0674785e-05,0.000103088205,0.00024284548,0.00020115728
2017-07-20 00:00:00,5.9761267e-05,3.6015677e-05,7.06153e-05,0.00017090526,0.00021865872,0.00016817094
2017-07-20 01:00:00,8.633302e-05,2.574273e-05,0.00021628961,0.00015619278,0.00021751801,0.00047705628
2017-07-20 02:00:00,9.6051466e-05,0.00025046067,0.00021680507,0.000191155,0.00046025612,0.00043371913
2017-07-20 03:00:00,0.00021077484,0.00015637717,0.0002274364,0.0004095683,0.0005568282,0.00071173493
2017-07-20 04:00:00,4.1472344e-05,0.00039157513,0.00069969246,0.0006197646,0.00072317035,0.0004159929
2017-07-20 05:00:00,0.00046184938,0.0007488826,0.00064081117,0.00084874564,0.0006511165,0.00036575852
2017-07-20 06:00:00,0.00031501285,0.00042433687,0.00059273496,0.00015320048,8.2072474e-05,0.00029344732
2017-07-20 07:00:00,0.00013284916,0.00031764817,0.00013460306,0.00020596066,7.511462e-05,2.7696402e-05
2017-07-20 08:00:00,0.00017431805,0.00023619887,0.00041734395,4.216103e-05,9.365946e-05,0.00015972882
2017-07-20 09:00:00,0.00037484232,0.00041535462,0.00015664536,0.00024714158,5.835063e-05,4.2095646e-05
2017-07-20 10:00:00,0.00012164502,0.0001913735,9.0550726e-05,0.00032860303,0.00026608058,0.00017307203
2017-07-20 11:00:00,0.00032012849,0.00016945798,0.00050331594,0.00041763898,0.00021893434,0.0001789575
2017-07-20 12:00:00,0.000100488,0.00031519402,0.00012614735,4.9216625e-05,8.270298e-05,9.3438306e-05
2017-07-20 13:00:00,0.0003777405,0.00019114613,9.133873e-05,3.711075e-05,3.6689285e-05,9.02899e-05
2017-07-20 14:00:00,0.00015242823,0.00018105854,0.00027548053,0.00028422681,0.00020674535,0.00015436627
2017-07-20 15:00:00,0.00014249221,0.00020126907,0.00023964164,0.000116421914,0.00013806604,4.852178e-05
2017-07-20 16:00:00,0.00015667225,0.00013662943,3.8842125e-05,5.0540726e-05,3.326708e-05,8.475269e-05
2017-07-20 17:00:00,6.851149e-05,0.00012153912,0.000112893205,0.0001648904,4.231987e-05,5.514472e-05
2017-07-20 18:00:00,0.00019350633,0.00017180337,0.00017377172,5.0914165e-05,7.8369616e-05,8.8087e-05
2017-07-20 19:00:00,3.816598e-05,5.1258397e-05,0.00012952239,6.242448e-05,6.710984e-05,0.00015858085
2017-07-20 20:00:00,8.447276e-05,9.365187e-05,9.6713185e-05,3.2596465e-05,0.00012360016,0.00014282405
2017-07-20 21:00:00,0.00020569169,0.00013293745,0.0001276124,0.00019237351,0.00015696292,5.503282e-05
2017-07-20 22:00:00,6.607596e-05,6.0225702e-05,7.211734e-05,0.00010261493,0.000100585705,7.586088e-05
2017-07-20 23:00:00,3.8670612e-05,0.00011141459,0.00012328044,3.8520415e-05,0.00010548985,9.267432e-05
2017-07-21 00:00:00,0.00013405173,0.000113333415,3.9264098e-05,0.000120978155,0.00019940082,0.00017224088
2017-07-21 01:00:00,6.190259e-05,0.00014684621,5.5999997e-05,9.78492e-05,0.00012912747,2.1800764e-05
2017-07-21 02:00:00,0.00021967548,3.146697e-05,9.913557e-05,8.9004185e-05,7.1345836e-05,6.1780556e-05
2017-07-21 03:00:00,0.00017974901,0.00019752799,0.00029237702,0.00011427144,0.00022334578,0.00019223652
2017-07-21 04:00:00,0.00012324029,0.00013420027,3.497038e-05,9.254131e-05,7.864934e-05,0.000100772915
2017-07-21 05:00:00,4.2256685e-05,0.00010588517,4.0330196e-05,2.5546346e-05,4.85971e-05,0.0006177476
2017-07-21 06:00:00,0.00016420882,3.926673e-05,5.233737e-05,2.9823468e-05,0.0006502226,0.0005008412
2017-07-21 07:00:00,0.00014785341,0.00012633282,0.00010240952,0.00076789275,0.000947336,0.0005659773
2017-07-21 08:00:00,3.0825187e-05,3.315207e-05,0.00087488996,0.00071456307,0.000509816,0.0004145915
2017-07-21 09:00:00,7.4670694e-05,0.0008998928,0.0008412227,0.00045023096,0.0006574186,0.0004679228
2017-07-21 10:00:00,0.000807785,0.0007075761,0.0004889366,0.00042970417,0.00063124736,0.0005785025
2017-07-21 11:00:00,7.705553e-05,0.000288842,0.00013106072,3.7463393e-05,7.449401e-05,5.3223044e-05
2017-07-21 12:00:00,0.00029520967,0.00013046453,4.213048e-05,0.00012135126,8.283249e-05,0.00014104431
2017-07-21 13:00:00,0.00013129089,0.00022308432,0.00029330995,0.00034356676,0.00041086003,0.00032380992
2017-07-21 14:00:00,0.00015538103,0.0002807831,0.00021796959,0.00027880116,0.00018453896,0.00022734726
2017-07-21 15:00:00,0.00017287534,0.00011528808,0.00021653711,0.00014842756,0.00016136517,0.00015073777
2017-07-21 16:00:00,3.1815613e-05,8.2400955e-05,4.4099204e-05,4.6662553e-05,4.7545753e-05,9.6651e-05
2017-07-21 17:00:00,0.00011338795,3.1946707e-05,6.272735e-05,7.726243e-05,0.00012431921,2.7887252e-05
2017-07-21 18:00:00,4.644559e-05,5.475182e-05,4.317568e-05,5.6345336e-05,0.00011207986,0.00015788636
2017-07-21 19:00:00,4.8197297e-05,5.5720153e-05,0.00015042178,5.1078812e-05,0.00010187759,0.00011030506
2017-07-21 20:00:00,3.9153365e-05,7.709622e-05,6.979794e-05,7.2519084e-05,0.0001638796,9.8747776e-05
2017-07-23 21:00:00,9.95971e-05,9.6470765e-05,0.000119533885,0.00014178286,8.4768006e-05,0.00010916268
2017-07-23 22:00:00,0.00017260679,0.00025292058,0.00018777592,0.00014638214,0.00017719691,0.00015795226
2017-07-23 23:00:00,6.757305e-05,7.197922e-05,3.934246e-05,6.2391846e-05,8.676247e-05,0.00011697436
2017-07-24 00:00:00,3.1570176e-05,3.0728155e-05,4.9898812e-05,4.4203884e-05,0.00012040637,0.0003072905
2017-07-24 01:00:00,6.227591e-05,2.3549905e-05,5.1376697e-05,0.000102282575,0.00018534054,0.00018672034
2017-07-24 02:00:00,3.98265e-05,3.739129e-05,0.00016512505,0.00029410853,0.0002444446,5.5030818e-05
2017-07-24 03:00:00,2.8839995e-05,0.00012765813,0.00033929278,0.00016818568,6.1092294e-05,4.4983553e-05
2017-07-24 04:00:00,0.00019659974,0.00028443566,0.00022942795,4.5119417e-05,6.150465e-05,5.2240346e-05
2017-07-24 05:00:00,0.00022323172,0.000101403864,7.424952e-05,7.8205034e-05,0.00013755122,0.00018106667
2017-07-24 06:00:00,0.00014756195,0.00028292552,0.00040304204,0.00029151601,0.00040445733,0.00024020277
2017-07-24 07:00:00,0.00026179285,0.00020255586,0.00032171904,0.00028027495,0.00030820572,0.00032303538
2017-07-24 08:00:00,2.8622164e-05,7.309066e-05,0.00016870392,0.00010667166,0.00015189075,0.00015191331
2017-07-24 09:00:00,9.412393e-05,0.00016596787,0.00015466462,0.000192287,0.00014398451,0.00020121402
2017-07-24 10:00:00,8.9034846e-05,7.633928e-05,0.00013386316,8.456004e-05,0.0001213882,0.00018018308
2017-07-24 11:00:00,2.707426e-05,4.9422535e-05,4.953734e-05,7.792255e-05,0.00013703357,0.00017687703
2017-07-24 12:00:00,5.9420865e-05,3.7643662e-05,8.5785556e-05,0.00017438462,0.0002244974,0.00019741223
2017-07-24 13:00:00,4.3266056e-05,4.325386e-05,0.00013074336,0.00015177036,0.00013925761,0.0001181602
2017-07-24 14:00:00,7.338232e-05,0.00014944385,0.0001840912,0.0001963316,9.355034e-05,0.00011907457
2017-07-24 15:00:00,0.0001112536,0.00012902006,0.00019884898,9.076976e-05,9.967427e-05,6.600578e-05
2017-07-24 16:00:00,6.4109176e-05,8.722003e-05,3.443396e-05,3.4749453e-05,3.592708e-05,7.462561e-05
2017-07-24 17:00:00,5.5808458e-05,4.4692515e-05,3.271221e-05,6.424402e-05,0.00013166554,5.1411225e-05
2017-07-24 18:00:00,9.606911e-05,9.461555e-05,8.527601e-05,0.00012675239,3.914158e-05,0.00063525606
2017-07-24 19:00:00,2.5629883e-05,3.9072092e-05,6.967925e-05,0.00012744778,0.0007173254,0.00079232355
2017-07-24 20:00:00,3.245759e-05,7.739208e-05,0.00010630484,0.0006691886,0.00072859286,0.0005689168
2017-07-24 21:00:00,6.670781e-05,0.00014105102,0.0007958949,0.0006559112,0.0009827368,0.00055747834
2017-07-24 22:00:00,0.00019194417,0.0009871162,0.0010641628,0.0006384595,0.00064046984,0.00064665184
2017-07-24 23:00:00,0.0009104742,0.0007866924,0.0005832026,0.00059099565,0.00051891396,0.00048499
2017-07-25 00:00:00,3.6997688e-05,3.0402569e-05,4.569317e-05,0.00012182779,5.429684e-05,3.146132e-05
2017-07-25 01:00:00,3.258655e-05,3.5452056e-05,7.599722e-05,6.132447e-05,4.6491146e-05,6.201918e-05
2017-07-25 02:00:00,2.7747583e-05,9.6471056e-05,3.290582e-05,3.859962e-05,6.546847e-05,0.0003857033
2017-07-25 03:00:00,9.432352e-05,4.5181336e-05,5.121196e-05,4.8436686e-05,0.00035872564,0.0005005667
2017-07-25 04:00:00,9.4783994e-05,7.241589e-05,4.913185e-05,0.0003901858,0.00045395497,0.0004083902
2017-07-25 05:00:00,6.1018494e-05,2.9422665e-05,0.00041264473,0.0005100901,0.00035870695,0.00041500715
2017-07-25 06:00:00,7.158145e-05,0.00035897843,0.00045712423,0.00031011674,0.00048159694,0.00050443684
2017-07-25 07:00:00,0.00056668126,0.00059589563,0.00043369312,0.00047236856,0.00080286054,0.0010431241
2017-07-25 08:00:00,0.000110160174,4.1802952e-05,6.7733294e-05,0.00043159397,0.00039446287,0.00038357545
2017-07-25 09:00:00,0.00014759618,4.762602e-05,0.00033461454,0.00031386915,0.00022850056,6.791306e-05
2017-07-25 10:00:00,0.00012900791,0.0005629743,0.0006158407,0.00034063592,0.00019035724,0.00016727102
2017-07-25 11:00:00,0.0005123296,0.00034652784,0.00047564498,0.000102561826,9.437389e-05,5.165419e-05
2017-07-25 12:00:00,5.1827417e-05,3.9309034e-05,0.00031677293,0.00024908307,0.00023607656,0.0003460756
2017-07-25 13:00:00,5.3612977e-05,0.00030259992,0.00032378567,0.00029693558,0.000301718,0.0003999574
2017-07-25 14:00:00,0.0003197773,0.00023671659,0.00033494786,0.0002891965,0.00029684688,0.0003267671
2017-07-25 15:00:00,2.1232921e-05,4.7596564e-05,0.000110132314,0.00014108473,0.00011988022,0.00017421754
2017-07-25 16:00:00,3.0167726e-05,7.808667e-05,0.00010514733,9.800465e-05,0.00021105759,0.0001798953
2017-07-25 17:00:00,6.850141e-05,0.00014292944,0.00012025484,0.0001695678,0.00017013584,0.00019104467
2017-07-25 18:00:00,9.807595e-05,6.70775e-05,0.00010469987,0.00011001205,0.00016907288,0.00020586637
2017-07-25 19:00:00,2.784882e-05,4.835276e-05,8.951906e-05,0.000122779,0.00016759211,0.00021871232
2017-07-25 20:00:00,5.9578568e-05,0.00012179781,0.00014052268,0.00013627748,0.00018573889,0.00022348839
2017-07-25 21:00:00,5.9692702e-05,0.000113806775,0.00013240466,0.00017477603,0.00019994975,0.00014237179
2017-07-25 22:00:00,6.138502e-05,0.00012368844,0.0001601621,0.00012176286,0.00016405724,0.0001373278
2017-07-25 23:00:00,5.8217414e-05,8.512935e-05,8.255266e-05,0.0001219043,0.00016651218,0.00019882577
2017-07-26 00:00:00,5.8419682e-05,7.2627525e-05,6.132847e-05,0.00013806164,0.00016924593,0.00026018755
2017-07-26 01:00:00,4.2590025e-05,4.0390296e-05,0.00010245322,0.00012594038,0.0003063955,0.00015524923
2017-07-26 02:00:00,5.751501e-05,0.0001173161,0.0001269573,0.00028003656,0.00018095874,0.00015657136
2017-07-26 03:00:00,8.775397e-05,0.00015249578,0.0003188623,0.00015306783,0.0001390805,0.00021684568
2017-07-26 04:00:00,0.00010502637,0.00024709816,8.793539e-05,5.287527e-05,9.25665e-05,5.0878676e-05
2017-07-26 05:00:00,0.0001891084,6.57951e-05,5.1554893e-05,7.509838e-05,4.2619657e-05,6.5363645e-05
2017-07-26 06:00:00,0.00012696335,0.00014632872,9.162063e-05,0.00014155297,8.8282206e-05,4.554906e-05
2017-07-26 07:00:00,7.05752e-05,3.3655113e-05,8.5399675e-05,3.0147941e-05,5.6815097e-05,0.00012079668
2017-07-26 08:00:00,8.001895e-05,2.2768229e-05,5.6686767e-05,9.1437105e-05,0.00016636302,0.0001751147
2017-07-26 09:00:00,0.000103485145,2.3580422e-05,4.3708762e-05,0.000103989325,0.00011075234,7.168854e-05
2017-07-26 10:00:00,0.00011979156,9.996797e-05,0.00018935559,0.00016317697,0.00012997868,0.00016425112
2017-07-26 11:00:00,3.957455e-05,0.00016200238,0.00013504412,5.723328e-05,0.00015537471,0.00012776698
2017-07-26 12:00:00,0.00013167043,0.00013430894,4.473873e-05,0.0001096105,9.386999e-05,0.00011586826
2017-07-26 13:00:00,3.4105426e-05,7.5287055e-05,4.5302248e-05,3.443651e-05,4.8437923e-05,5.932775e-05
2017-07-26 14:00:00,6.498181e-05,2.4410156e-05,3.88779e-05,3.812899e-05,5.0926e-05,4.135457e-05
2017-07-26 15:00:00,7.951126e-05,5.654221e-05,8.161456e-05,0.000115661,7.917132e-05,0.000110584035
2017-07-26 16:00:00,3.7833288e-05,3.695058e-05,6.7523324e-05,4.6376503e-05,0.00012629242,0.00017248787
2017-07-26 17:00:00,5.424363e-05,7.8579746e-05,4.474598e-05,0.00014459163,0.00017508448,7.8282545e-05
2017-07-26 18:00:00,0.00012128273,7.924809e-05,0.0001314045,0.00016262518,0.00012516705,6.810004e-05
2017-07-26 19:00:00,5.93266e-05,0.0001835592,0.00024928543,0.00012441509,5.200364e-05,0.00010555557
2017-07-26 20:00:00,0.0002522728,0.00021536098,9.480324e-05,5.4674256e-05,8.4367566e-05,0.00016561613
2017-07-26 21:00:00,3.6119607e-05,9.216541e-05,0.00021270575,7.182801e-05,0.00032789964,0.00016103452
2017-07-26 22:00:00,0.000110113215,0.00023105684,9.2627604e-05,0.0003454607,0.00023837069,0.00031599833
2017-07-26 23:00:00,0.00015304353,3.0295761e-05,0.00026757497,0.00015106481,0.0002027141,2.9451454e-05
2017-07-27 00:00:00,0.00015301754,0.0001402687,6.5403e-05,8.257398e-05,6.955086e-05,0.00019566301
2017-07-27 01:00:00,0.00032782997,0.00017517964,0.00021042414,3.088309e-05,0.0002978505,0.00027400276
2017-07-27 02:00:00,0.00011460994,8.879822e-05,0.0003118076,8.807073e-05,5.8564645e-05,6.218661e-05
2017-07-27 03:00:00,3.9356357e-05,0.00015151517,0.00024784758,8.6917185e-05,0.00012239788,8.587667e-05
2017-07-27 04:00:00,0.00029997417,0.00017005147,0.00010180581,0.00011441245,9.306055e-05,0.00029175443
2017-07-27 05:00:00,0.0004693753,0.0002745543,0.00035254005,0.00021345033,0.00062574534,0.0005268857
2017-07-27 06:00:00,0.0001261981,7.668719e-05,0.00012872694,0.00024309882,0.00088816753,0.000847477
2017-07-27 07:00:00,3.2360815e-05,3.934925e-05,0.00042566803,0.0007083568,0.000947389,0.0022467603
2017-07-27 08:00:00,8.174847e-05,0.0003170213,0.0011293648,0.00083442574,0.001722232,0.0020609044
2017-07-27 09:00:00,0.00045410672,0.00094177236,0.0011714553,0.0016268804,0.0014591287,0.0014896697
2017-07-27 10:00:00,0.0015561011,0.0012680467,0.0024054735,0.0020091578,0.0021553065,0.0021436696
2017-07-27 11:00:00,6.0556547e-05,0.001251059,0.00090579723,0.0010482665,0.0010769028,0.00085661805
2017-07-27 12:00:00,0.0018354646,0.0011991161,0.0012244161,0.0009405187,0.0010337044,0.0010262629
2017-07-27 13:00:00,7.7240016e-05,3.0007324e-05,0.00010754868,0.00011314116,7.377209e-05,5.9445483e-05
2017-07-27 14:00:00,3.100774e-05,9.2044975e-05,0.00016473197,9.378151e-05,7.674651e-05,3.427497e-05
2017-07-27 15:00:00,0.00011891756,0.0002049136,8.138793e-05,5.3124422e-05,5.6481567e-05,9.49719e-05
2017-07-27 16:00:00,9.577742e-05,2.9395429e-05,4.3104847e-05,7.452552e-05,5.0732808e-05,3.317497e-05
2017-07-27 17:00:00,8.081824e-05,0.0001294134,0.00011083901,5.8985155e-05,6.4140855e-05,3.713339e-05
2017-07-27 18:00:00,6.0735703e-05,7.897091e-05,4.2635704e-05,3.986895e-05,4.04934e-05,2.7477561e-05
2017-07-27 19:00:00,3.4727826e-05,5.9895312e-05,5.2936244e-05,7.411268e-05,4.1220967e-05,0.00010984602
2017-07-27 20:00:00,0.00010933367,7.8986035e-05,0.00010595989,6.739269e-05,0.00013352004,6.722202e-05
2017-07-27 21:00:00,3.772391e-05,3.6913076e-05,4.4842276e-05,5.014657e-05,2.7579697e-05,2.2592214e-05
2017-07-27 22:00:00,6.8444795e-05,3.2893553e-05,6.1375395e-05,3.499074e-05,4.640955e-05,0.00014744727
2017-07-27 23:00:00,7.626108e-05,3.4864817e-05,5.7555353e-05,4.866805e-05,0.00017951665,0.0005402972
2017-07-28 00:00:00,7.429059e-05,2.9344494e-05,3.7617992e-05,0.00016717096,0.00049494347,0.00014303743
2017-07-28 01:00:00,7.551986e-05,4.3125845e-05,0.00026431156,0.00048533583,0.00023624956,0.0003012807
2017-07-28 02:00:00,3.4478602e-05,0.00021160798,0.0004720003,0.00013950765,0.00032572894,0.00023106874
2017-07-28 03:00:00,0.0002552335,0.0006218798,0.00017454199,0.00029033006,0.00035149505,0.00020846004
2017-07-28 04:00:00,0.00046564406,2.687623e-05,0.00018468642,0.00012116488,8.071631e-05,3.6232188e-05
2017-07-28 05:00:00,0.00051623554,0.00018451842,0.00026558153,0.00023615375,0.00037310607,0.00036599668
2017-07-28 06:00:00,0.00022985255,0.00010338608,0.000155072,5.8991398e-05,4.5645687e-05,0.000104223305
2017-07-28 07:00:00,8.67384e-05,8.192666e-05,0.00014789235,0.000170313,8.201341e-05,5.9829657e-05
2017-07-28 08:00:00,3.1553882e-05,0.000101435646,0.000107190936,5.5554912e-05,0.00011924297,8.5285115e-05
2017-07-28 09:00:00,8.130375e-05,0.00010045949,5.4973363e-05,0.00015297499,0.00016619622,0.00023251055
2017-07-28 10:00:00,2.9451916e-05,0.00010319962,0.00027614494,0.00022055332,0.0003430329,0.0005376163
2017-07-28 11:00:00,0.000110921326,0.00025036235,0.0002913905,0.0004144119,0.00040388588,0.00047479736
2017-07-28 12:00:00,0.00018992927,0.00012710888,0.00026681245,0.00038510206,0.00046130698,0.00023975047
2017-07-28 13:00:00,2.8118928e-05,0.00021118062,0.00031353193,0.0002508428,0.00017978511,7.058996e-05
2017-07-28 14:00:00,0.00026012489,0.00028108858,0.0002951154,0.00017536298,0.00010376058,0.00014680039
2017-07-28 15:00:00,0.00021225383,0.00015517783,4.996557e-05,6.777722e-05,3.8789174e-05,9.138043e-05
2017-07-28 16:00:00,5.8950525e-05,0.000103566716,0.00020624192,0.00012687813,4.922477e-05,9.051566e-05
2017-07-28 17:00:00,0.00016223766,0.00027038364,0.0001707957,7.9084486e-05,4.6163044e-05,9.232918e-05
2017-07-28 18:00:00,0.000121449666,6.240463e-05,8.8901514e-05,0.00018752496,7.6057804e-05,2.4433279e-05
2017-07-28 19:00:00,9.075192e-05,0.00018450628,0.00037071476,0.00016846917,0.00010413761,9.375607e-05
2017-07-28 20:00:00,0.0001461017,0.00027889805,9.664238e-05,5.9817572e-05,4.780094e-05,6.7545356e-05
2017-07-30 21:00:00,0.00015499422,2.7280164e-05,6.757103e-05,4.6918136e-05,2.5400905e-05,3.6873575e-05
2017-07-30 22:00:00,0.00022275075,0.00023998342,0.00019011418,0.00013320045,0.00017029307,0.0001942076
2017-07-30 23:00:00,4.303715e-05,5.6227305e-05,2.9379964e-05,3.877206e-05,4.844183e-05,0.00040707988
2017-07-31 00:00:00,2.5115143e-05,6.45185e-05,6.705226e-05,4.961231e-05,0.0002597934,0.00036710533
2017-07-31 01:00:00,7.817713e-05,5.6308363e-05,5.6687797e-05,0.0002691739,0.00036301394,0.00018651412
2017-07-31 02:00:00,2.9825123e-05,2.8641243e-05,0.00045228208,0.00040622096,0.0003506812,0.00024332917
2017-07-31 03:00:00,2.7885424e-05,0.00028850776,0.0005805764,0.00023448931,0.00020945581,0.0003617503
2017-07-31 04:00:00,0.0003947253,0.00034045478,0.00023460638,0.00012538116,0.0002938036,0.00037024787
2017-07-31 05:00:00,8.829732e-05,0.000120065175,0.0002280016,5.460307e-05,3.2957072e-05,0.00015211492
2017-07-31 06:00:00,0.0002855978,0.00030146437,0.00019782397,7.638836e-05,0.00019464472,5.6043966e-05
2017-07-31 07:00:00,6.8890775e-05,8.078393e-05,0.00011181238,6.456159e-05,0.0002108858,0.00015742048
2017-07-31 08:00:00,0.00015214727,0.0001983711,3.565608e-05,0.00031760085,0.00016966477,0.00018660483
2017-07-31 09:00:00,7.2518866e-05,0.00016634763,0.00015339676,6.806442e-05,9.087627e-05,0.00012824558
2017-07-31 10:00:00,0.0001840241,0.00012291224,4.037525e-05,4.8101538e-05,0.000112803515,5.8951224e-05
2017-07-31 11:00:00,0.0003749196,0.00018663671,0.00017736897,0.0002269928,0.00018159035,0.00020074521
2017-07-31 12:00:00,0.00012483665,6.4400076e-05,3.6913356e-05,6.913016e-05,6.6654524e-05,7.241047e-05
2017-07-31 13:00:00,4.8422407e-05,0.00010070323,5.1659834e-05,3.256269e-05,4.0867908e-05,7.1706505e-05
2017-07-31 14:00:00,0.0001315295,4.6505626e-05,4.4609096e-05,3.912143e-05,7.6743505e-05,9.484106e-05
2017-07-31 15:00:00,5.517182e-05,8.032593e-05,9.524704e-05,7.570865e-05,6.008969e-05,2.9835663e-05
2017-07-31 16:00:00,5.0912284e-05,6.044237e-05,3.540075e-05,9.491691e-05,8.446662e-05,4.5910172e-05
2017-07-31 17:00:00,3.0977244e-05,8.04457e-05,0.00010159345,7.4946984e-05,9.6846554e-05,6.708689e-05
2017-07-31 18:00:00,7.3769006e-05,0.000104051505,0.00010059833,9.204657e-05,7.610568e-05,6.079267e-05
2017-07-31 19:00:00,6.46939e-05,5.3678603e-05,5.1863783e-05,5.2470503e-05,5.2605134e-05,0.00017248829
2017-07-31 20:00:00,7.549906e-05,4.674577e-05,5.5728284e-05,6.54014e-05,0.00023688965,0.00029749834
2017-07-31 21:00:00,4.912767e-05,3.43718e-05,6.6806766e-05,0.00024174886,0.00028527807,0.00026856276
2017-07-31 22:00:00,3.093884e-05,3.899759e-05,0.00022090272,0.00029411181,0.00029689702,0.00024181852
2017-07-31 23:00:00,8.128941e-05,0.00027967631,0.00038262262,0.00036094268,0.00034883345,0.0003446244
2017-08-01 00:00:00,0.00029965767,0.00032949928,0.00034631984,0.00029440777,0.00038998303,0.00013471271
2017-08-01 01:00:00,7.778782e-05,0.0001610154,0.00013351563,0.00010963449,5.6537185e-05,2.6045258e-05
2017-08-01 02:00:00,0.00010418902,0.00011597728,0.000102222526,7.856609e-05,7.8556775e-05,4.0040624e-05
2017-08-01 03:00:00,4.811476e-05,2.3159248e-05,0.0001325755,0.00012404383,0.00013964811,0.00015260019
2017-08-01 04:00:00,4.6476554e-05,0.00021837633,0.00014408054,0.00012419118,0.00018211611,5.7135407e-05
2017-08-01 05:00:00,0.00022687526,0.00012196481,8.556218e-05,0.00013231576,8.052058e-05,0.0003422601
2017-08-01 06:00:00,9.2885675e-05,6.2513835e-05,4.4121083e-05,0.00023686244,0.0007346817,0.00072369457
2017-08-01 07:00:00,2.5680887e-05,7.092144e-05,0.00017427636,0.00043978912,0.0006549046,9.958537e-05
2017-08-01 08:00:00,8.0834834e-05,0.00018295903,0.0006574749,0.00050453964,8.059032e-05,2.6188542e-05
2017-08-01 09:00:00,0.0002614176,0.00059209706,0.0007874233,0.00014755578,4.92113e-05,4.128293e-05
2017-08-01 10:00:00,0.00039106602,0.00044267543,0.00011755115,0.00017197062,0.00010369602,0.000115068615
2017-08-01 11:00:00,0.000120357814,0.0004357321,0.000629597,0.00042038778,0.00031952947,0.0005144242
2017-08-01 12:00:00,0.0007099477,0.000620619,0.00063015975,0.00060047355,0.0006254403,0.00056143093
2017-08-01 13:00:00,0.00010871787,0.00015038656,5.3985175e-05,0.00014532423,0.00019864773,0.00022964232
2017-08-01 14:00:00,4.042704e-05,5.198166e-05,7.622235e-05,8.771357e-05,0.00013845036,0.00010231051
2017-08-01 15:00:00,7.9138954e-05,8.673063e-05,0.00010385999,9.916535e-05,9.325303e-05,0.000116021096
2017-08-01 16:00:00,0.00012515247,0.00017611549,0.00022917749,0.00013719998,0.00013832755,0.00021422312
2017-08-01 17:00:00,5.0265342e-05,6.972715e-05,5.2506926e-05,7.164503e-05,8.8289424e-05,0.00015715724
2017-08-01 18:00:00,3.2826454e-05,2.9507995e-05,3.7886908e-05,5.5490167e-05,0.00012636253,3.0258907e-05
2017-08-01 19:00:00,4.526829e-05,3.7339174e-05,3.9039132e-05,8.17803e-05,5.048342e-05,6.2024556e-05
2017-08-01 20:00:00,4.925441e-05,6.288189e-05,0.00012297992,4.905495e-05,8.899493e-05,6.583131e-05
2017-08-01 21:00:00,5.04839e-05,6.533482e-05,3.594576e-05,0.00012503349,7.5667835e-05,0.00013548484
2017-08-01 22:00:00,5.633438e-05,3.5465557e-05,0.00012594555,6.915212e-05,0.00010017369,0.00010451891
2017-08-01 23:00:00,6.997136e-05,0.00015957504,5.2866795e-05,9.9072764e-05,9.336866e-05,7.282895e-05
2017-08-02 00:00:00,0.00015814306,8.33878e-05,0.00014093738,0.000110029076,0.0001262254,0.00021036397
2017-08-02 01:00:00,0.00019679195,0.00027311948,0.00017631755,0.00020207,0.0003031441,0.00037919814
2017-08-02 02:00:00,0.00010011723,9.988852e-05,8.678652e-05,0.00016212698,0.00034666376,0.00016459891
2017-08-02 03:00:00,4.4481178e-05,3.7364254e-05,0.0001335844,0.00022690889,9.816416e-05,6.0125956e-05
2017-08-02 04:00:00,6.485753e-05,0.00017741151,0.00022965122,9.631673e-05,5.3304717e-05,7.267329e-05
2017-08-02 05:00:00,0.00012467298,0.00022823457,9.000562e-05,8.1691884e-05,8.237235e-05,4.933655e-05
2017-08-02 06:00:00,0.00016928178,4.1340576e-05,0.00015097258,0.00021134481,0.00017223408,3.4482837e-05
2017-08-02 07:00:00,0.00017316964,0.000307043,0.000280061,0.0002592848,0.00013328299,9.5092575e-05
2017-08-02 08:00:00,0.00017478416,0.00020354803,0.00012984597,2.7721135e-05,4.3412205e-05,2.9876668e-05
2017-08-02 09:00:00,2.786347e-05,2.6533646e-05,0.00013672684,0.00018066989,0.00017597906,0.0002479894
2017-08-02 10:00:00,4.1962143e-05,0.00018854634,0.0002110155,0.00016084342,0.00025782496,4.443287e-05
2017-08-02 11:00:00,0.00016759554,0.00018703628,0.00013276096,0.00020177114,4.8878446e-05,0.0009586556
2017-08-02 12:00:00,6.374734e-05,2.5727508e-05,8.087969e-05,0.0002034962,0.0010928409,0.0010270051
2017-08-02 13:00:00,6.0393973e-05,5.8148104e-05,0.0003330593,0.00094461883,0.0016375522,0.0012484211
2017-08-02 14:00:00,0.00010849876,0.0002538177,0.0012421348,0.001352397,0.0012053287,0.0017827759
2017-08-02 15:00:00,0.0003746271,0.0010793987,0.0015720063,0.0015045796,0.0018662425,0.0015617517
2017-08-02 16:00:00,0.0012991241,0.0013470658,0.0015108575,0.0013457831,0.0012417603,0.0011383496
2017-08-02 17:00:00,0.00039303413,0.0005213795,0.0006524722,0.00039250453,0.00034879253,0.00027969497
2017-08-02 18:00:00,0.00022276455,0.00031244953,0.0002015315,0.00015552173,9.9708544e-05,0.00023828108
2017-08-02 19:00:00,0.00028145895,2.6434336e-05,4.718918e-05,9.8870674e-05,8.677206e-05,0.00017140817
2017-08-02 20:00:00,0.00029572868,0.00023331794,0.00021660698,7.995734e-05,4.2987194e-05,0.00013288241
2017-08-02 21:00:00,4.2609932e-05,8.077539e-05,0.00011808985,0.00022116968,0.00034310517,0.00021089255
2017-08-02 22:00:00,5.9816644e-05,0.00014877872,0.00021961652,0.0004155355,0.00021109293,9.7954995e-05
2017-08-02 23:00:00,0.00021729009,0.0002922806,0.00047654504,0.0003295718,0.00014650053,4.5541965e-05
2017-08-03 00:00:00,0.00011380516,0.00026351024,0.00011460308,4.419179e-05,0.00016136668,0.00023656843
2017-08-03 01:00:00,0.00022166401,4.217483e-05,0.00012505597,0.0002551635,0.00030815584,0.00024376743
2017-08-03 02:00:00,0.0001451504,0.00032769833,0.00032322117,0.0004971617,0.00042340584,0.00036923928
2017-08-03 03:00:00,0.00016513932,0.00033916402,0.0004763376,0.00029834363,0.00042954404,0.00054854556
2017-08-03 04:00:00,0.00019909712,0.0002954023,0.00015974579,0.00025982384,0.0005721639,0.00062135496
2017-08-03 05:00:00,0.00010503862,2.0017857e-05,0.00014464631,0.00035229456,0.00045697045,0.00041550418
2017-08-03 06:00:00,9.677864e-05,4.399523e-05,0.00030187826,0.0004375707,0.00044040784,0.00026403656
2017-08-03 07:00:00,0.00018099378,0.00040252245,0.00068913243,0.0005589032,0.00036179816,0.0008724575
2017-08-03 08:00:00,0.0002966083,0.00042457858,0.00038809603,0.00021221352,0.0007014634,0.0010512959
2017-08-03 09:00:00,0.0001993278,0.00012041253,5.0814764e-05,0.00041616126,0.0008112003,0.00063052116
2017-08-03 10:00:00,6.9860194e-05,0.00021116252,0.00038959587,0.0005735764,0.0005457827,0.00025521845
2017-08-03 11:00:00,0.00021139011,0.0005713039,0.0006258279,0.00044988183,0.00033815193,0.00020333855
2017-08-03 12:00:00,0.00065056724,0.00074977457,0.0006883731,0.00043931886,0.00030560227,0.00039655363
2017-08-03 13:00:00,0.00015577396,2.8650162e-05,0.00019390142,0.0002125257,0.00012191155,0.00011555452
2017-08-03 14:00:00,0.00019557055,0.0002836859,0.0005496296,0.000330478,0.00024375554,0.00015691466
2017-08-03 15:00:00,0.00018597985,0.00031321784,0.00021894641,0.00016134688,0.00014729156,0.0002659937
2017-08-03 16:00:00,0.00015529465,2.8726396e-05,4.315976e-05,4.485474e-05,0.00013663532,0.00021260463
2017-08-03 17:00:00,0.0001520075,0.00013490039,0.00014653942,4.250621e-05,0.00011756253,0.000112710986
2017-08-03 18:00:00,2.772465e-05,3.266466e-05,0.00014368356,0.00020123052,3.5534435e-05,0.000103397535
2017-08-03 19:00:00,4.018154e-05,0.00012566418,0.00023293655,3.553834e-05,9.962709e-05,0.0002245656
2017-08-03 20:00:00,0.00015268834,0.00021993458,4.2945343e-05,9.667681e-05,0.00029070093,0.00010797593
2017-08-03 21:00:00,0.00010392398,0.00012720117,4.719728e-05,0.00011785425,4.002875e-05,2.8201757e-05
2017-08-03 22:00:00,0.0002790532,7.705007e-05,7.7854835e-05,8.429908e-05,8.417441e-05,6.863131e-05
2017-08-03 23:00:00,0.00016972223,0.00036688492,0.00013477122,0.00012385682,0.00026884204,0.0002808549
2017-08-04 00:00:00,0.00016571449,3.4811885e-05,4.5638622e-05,0.00013681999,0.00015097238,0.00014868402
2017-08-04 01:00:00,0.00021825482,0.00015898712,4.598292e-05,6.8631176e-05,5.3348016e-05,0.00017008455
2017-08-04 02:00:00,4.6039448e-05,0.00021559416,0.00026409188,0.00019973365,0.00023481119,0.00035476225
2017-08-04 03:00:00,0.00022462558,0.00021698227,0.00016594885,0.00029095964,0.0004625082,0.0002689149
2017-08-04 04:00:00,8.993324e-05,4.039894e-05,0.00022473204,0.00034426895,0.0001678342,0.00038217657
2017-08-04 05:00:00,3.481593e-05,0.00015802913,0.00028765167,0.00011951059,0.00031202222,0.0002636199
2017-08-04 06:00:00,0.00019208176,0.0003786508,0.00016074182,0.0002954968,0.0003262036,0.00036820982
2017-08-04 07:00:00,0.00019242965,3.1105803e-05,0.00024888272,0.0001458545,0.0003433356,0.0005627706
2017-08-04 08:00:00,0.00016991526,6.742072e-05,3.2898377e-05,0.00019192422,0.00039283856,0.00039514026
2017-08-04 09:00:00,0.00017907053,0.00016035672,0.0003665712,0.0005914882,0.0006800351,0.00048052872
2017-08-04 10:00:00,6.841484e-05,0.0001579976,0.0004155226,0.00056486257,0.00023992223,0.00042718023
2017-08-04 11:00:00,0.00025806986,0.0005150307,0.0005490129,0.00030212596,0.00052671344,0.0005855503
2017-08-04 12:00:00,0.0003337488,0.00044476983,0.00020874488,0.00032860585,0.0006078157,0.00043465616
2017-08-04 13:00:00,0.00014951159,0.00013643931,4.5808367e-05,0.00019766067,0.00015075457,5.8605623e-05
2017-08-04 14:00:00,0.00029355977,0.00015894514,0.00011524673,6.201294e-05,0.00019921645,6.0650164e-05
2017-08-04 15:00:00,0.000118934535,0.0003444344,0.000308494,6.9522255e-05,0.00016366146,0.00031162615
2017-08-04 16:00:00,0.00033275588,0.0002296816,5.441512e-05,9.53906e-05,0.00015942228,5.253805e-05
2017-08-04 17:00:00,5.7788948e-05,0.00020769876,0.00013294467,5.0038332e-05,0.0002453438,0.00029646177
2017-08-04 18:00:00,0.00024866994,0.00011243155,4.9468268e-05,0.00020074254,0.00024744615,0.00023340379
2017-08-04 19:00:00,0.00011247087,0.00025352233,5.8469854e-05,6.0549344e-05,9.597756e-05,0.00017402427
2017-08-04 20:00:00,0.00012606222,0.00012443408,0.00016928591,0.00017060507,0.00028153535,0.00030471035
2017-08-06 21:00:00,0.0002594553,0.00025660283,0.00033576303,0.00025699142,0.00044629473,0.00030954226
2017-08-06 22:00:00,8.5904954e-05,0.00012271885,0.00020089706,0.0001962193,0.00015289892,3.2316908e-05
2017-08-06 23:00:00,7.245655e-05,0.00011831468,0.00019492483,9.394158e-05,5.3047435e-05,7.64342e-05
2017-08-07 00:00:00,7.684879e-05,0.00012426706,4.8520767e-05,0.00010425788,3.7613154e-05,0.00021603562
2017-08-07 01:00:00,4.9322516e-05,3.934353e-05,0.00021923434,5.500503e-05,0.00019198391,5.571842e-05
2017-08-07 02:00:00,6.999745e-05,0.00026671652,8.901809e-05,9.896145e-05,3.8907565e-05,2.379136e-05
2017-08-07 03:00:00,0.0001920275,3.9731898e-05,0.00018353644,5.868303e-05,3.8285096e-05,8.337144e-05
2017-08-07 04:00:00,0.00011637744,0.0003246439,0.0002134978,0.00014217953,0.00014978922,0.00025970038
2017-08-07 05:00:00,0.0002113707,6.754179e-05,6.8862646e-05,8.599296e-05,0.00012334679,4.46608e-05
2017-08-07 06:00:00,0.0001497341,0.00014174268,0.00013056597,5.321117e-05,0.000118540076,0.00031206344
2017-08-07 07:00:00,2.5271158e-05,4.6667305e-05,8.128762e-05,3.8596052e-05,0.0002088405,0.0007466456
2017-08-07 08:00:00,7.486963e-05,7.220187e-05,3.606624e-05,0.00017489071,0.00084045035,0.0013770577
2017-08-07 09:00:00,6.70595e-05,4.1270767e-05,0.00030664343,0.00077609665,0.0015709207,0.001118174
2017-08-07 10:00:00,0.00010355139,0.00030592695,0.0009213248,0.0012647058,0.0012148021,0.0012291257
2017-08-07 11:00:00,0.00031621006,0.0010143816,0.0012551344,0.00082883454,0.00092643645,0.0014725488
2017-08-07 12:00:00,0.0007600024,0.0011136986,0.0007435363,0.0008004691,0.0012864933,0.0010316884
2017-08-07 13:00:00,0.000630809,0.00049586827,0.000376029,0.00054205063,0.0006572733,0.00061471894
2017-08-07 14:00:00,0.0003838605,0.00017064704,9.981123e-05,0.00017336298,0.0002990442,0.00014151835
2017-08-07 15:00:00,6.205348e-05,0.0003244486,0.00046975416,0.00039304938,0.000331558,0.00029938962
2017-08-07 16:00:00,0.00033127837,0.00039018976,0.00045023192,0.0003299503,0.00022884845,8.4698775e-05
2017-08-07 17:00:00,9.786097e-05,0.00017910093,6.6809e-05,3.4494453e-05,0.00015593255,6.67269e-05
2017-08-07 18:00:00,7.640042e-05,3.2445914e-05,0.000126429,0.0001949995,0.0001321381,0.00010403503
2017-08-07 19:00:00,0.00011448421,0.00020872046,0.0003553597,0.00018311794,0.00013148141,0.00014045712
2017-08-07 20:00:00,9.9201796e-05,0.00025622913,0.00015056352,8.187702e-05,0.00012553128,0.00015041274
2017-08-07 21:00:00,0.0002177231,7.228764e-05,4.883169e-05,4.230653e-05,5.8401383e-05,3.232625e-05
2017-08-07 22:00:00,9.494377e-05,0.00013711183,8.80302e-05,8.5803105e-05,0.00017430057,3.0352776e-05
2017-08-07 23:00:00,5.4230703e-05,3.2314347e-05,4.5483423e-05,5.7708578e-05,0.00012253743,0.00010317225
2017-08-08 00:00:00,4.1895502e-05,5.215456e-05,5.629107e-05,0.00011947065,0.00013891117,0.0001385916
2017-08-08 01:00:00,3.9407852e-05,4.79211e-05,0.00016922646,8.066162e-05,0.00014878272,9.4933435e-05
2017-08-08 02:00:00,9.219544e-05,9.449768e-05,9.022233e-05,9.9967685e-05,7.945598e-05,0.00014996961
2017-08-08 03:00:00,0.00021431441,0.00016255313,0.00019066218,0.00011743806,0.00025376488,0.00025097452
2017-08-08 04:00:00,3.9374667e-05,3.272661e-05,4.000179e-05,9.6430216e-05,0.00012688196,0.0001212781
2017-08-08 05:00:00,4.6103083e-05,2.8908567e-05,8.9023066e-05,0.00012755579,0.00013975665,4.1662228e-05
2017-08-08 06:00:00,5.7887937e-05,7.537637e-05,0.00010583703,0.00010900968,4.596108e-05,6.107944e-05
2017-08-08 07:00:00,0.0001192451,0.00012842273,0.00013920716,4.5275552e-05,3.5530098e-05,0.0001491392
2017-08-08 08:00:00,6.73422e-05,7.436024e-05,6.5055705e-05,0.00012901194,9.1921596e-05,0.00021401777
2017-08-08 09:00:00,3.7498405e-05,0.00013033234,0.00017581506,5.2754185e-05,0.0002446464,0.00011050956
2017-08-08 10:00:00,0.00015617769,0.00018522733,2.7493776e-05,0.00015395008,7.057182e-05,7.82206e-05
2017-08-08 11:00:00,9.593401e-05,0.00014161583,0.00031747486,0.0001506982,2.9759887e-05,0.00018040884
2017-08-08 12:00:00,0.00023711838,0.00038984706,0.00024684664,0.00010278211,0.00024970638,0.0002897605
2017-08-08 13:00:00,0.00024634445,8.55283e-05,0.00011405098,8.199458e-05,0.00017635192,0.00010888707
2017-08-08 14:00:00,0.00014603576,0.00025504077,0.00012345357,3.538593e-05,5.4915134e-05,0.00010160384
2017-08-08 15:00:00,0.00023395798,3.2148513e-05,5.69398e-05,4.3259235e-05,5.2039846e-05,3.2596254e-05
2017-08-08 16:00:00,0.0002690328,0.0003193306,0.00021861396,0.00016480945,0.0001257395,6.8452064e-05
2017-08-08 17:00:00,6.013921e-05,4.31718e-05,5.907219e-05,4.3781933e-05,9.287152e-05,0.00012898793
2017-08-08 18:00:00,4.0257375e-05,8.789386e-05,0.00010247408,0.0001647426,0.00022115678,3.2454835e-05
2017-08-08 19:00:00,7.184565e-05,9.3601266e-05,0.00014432309,0.00020598726,5.746045e-05,0.00010719874
2017-08-08 20:00:00,3.312618e-05,7.228626e-05,0.00012496313,0.000103187675,4.9370858e-05,5.7939662e-05
2017-08-08 21:00:00,0.000103792925,0.000115425035,7.977284e-05,5.4730852e-05,7.145198e-05,0.0002966144
2017-08-08 22:00:00,6.2793064e-05,0.00021117277,4.9338476e-05,4.616437e-05,0.0001425622,0.00018353264
2017-08-08 23:00:00,0.0002734022,8.007125e-05,5.637935e-05,0.00017953491,0.00012913402,0.00034195982
2017-08-09 00:00:00,0.00016678176,0.00018334374,0.0004277806,0.0003905575,0.0005480913,0.00039436697
2017-08-09 01:00:00,6.0602637e-05,0.00026149148,0.0003018595,0.000533331,0.00042915635,0.00045698698
2017-08-09 02:00:00,0.00027485605,0.00018483003,0.00048894924,0.00033460805,0.00051597937,0.00044447265
2017-08-09 03:00:00,5.0722236e-05,0.00021947722,0.00012346682,0.00052138284,0.00021126453,9.997625e-05
2017-08-09 04:00:00,0.00036916145,0.00018399632,0.0005171728,0.00018733979,0.00012490516,4.305739e-05
2017-08-09 05:00:00,0.00014104212,0.0003006369,4.5067987e-05,8.3462626e-05,0.00021077217,0.0001872653
2017-08-09 06:00:00,0.00043977375,7.400646e-05,4.5093475e-05,7.505933e-05,0.00015920603,3.6810292e-05
2017-08-09 07:00:00,0.00040840462,0.00037233322,0.0003203757,0.00039240927,0.0002619641,4.0784565e-05
2017-08-09 08:00:00,9.504366e-05,0.0001643161,0.00024534034,6.205752e-05,0.0002860888,0.00039211396
2017-08-09 09:00:00,0.00013060878,9.950009e-05,2.7688928e-05,0.0003226189,0.0004171959,0.00039865085
2017-08-09 10:00:00,6.2659616e-05,0.0001025228,0.0003999036,0.0003062139,0.0004968618,0.00062752643
2017-08-09 11:00:00,0.00011835684,0.0004877081,0.0006209497,0.000556103,0.0009576585,0.00040247853
2017-08-09 12:00:00,0.00046299846,0.00057508284,0.0005894317,0.0006877697,0.00043430572,0.00028209583
2017-08-09 13:00:00,8.4627936e-05,0.00019609342,0.00047786636,4.9159735e-05,5.3649994e-05,4.3166834e-05
2017-08-09 14:00:00,0.00013561595,0.00039690136,4.201881e-05,0.00010574826,6.768791e-05,8.097475e-05
2017-08-09 15:00:00,0.0002647948,0.00014193803,0.00027334204,0.00016414557,0.00026696408,0.00023158669
2017-08-09 16:00:00,0.00049589266,0.0005453982,0.0004089637,0.00046304482,0.00040966115,0.00041027076
2017-08-09 17:00:00,0.00012290254,7.280356e-05,8.294252e-05,0.00011853657,0.000113291055,0.00041512147
2017-08-09 18:00:00,3.6520392e-05,2.5722875e-05,4.1430336e-05,3.5685887e-05,0.00020854693,0.00023190555
2017-08-09 19:00:00,4.4680626e-05,6.0536662e-05,6.3488464e-05,0.00027632926,0.00024332924,0.0001397169
2017-08-09 20:00:00,9.09232e-05,5.649725e-05,0.00034622452,0.00028707588,0.00016402133,0.00016152931
2017-08-09 21:00:00,3.2753836e-05,0.0002483205,0.00022394313,8.313521e-05,0.00018203717,5.33116e-05
2017-08-09 22:00:00,0.00032528103,0.00023090382,0.00011390536,0.00014192601,9.648688e-05,0.00011290372
2017-08-09 23:00:00,3.2254036e-05,0.00012087779,0.00011848339,0.00017798699,0.0001234664,0.00016712763
2017-08-10 00:00:00,0.00014776981,7.786928e-05,0.0001742393,7.774429e-05,0.0002687724,4.0899915e-05
2017-08-10 01:00:00,5.3514763e-05,5.56186e-05,5.1107243e-05,0.00011488992,8.0746e-05,3.8456157e-05
2017-08-10 02:00:00,0.00014061248,6.262246e-05,0.00019344407,3.591868e-05,6.220681e-05,5.52787e-05
2017-08-10 03:00:00,7.286223e-05,0.00010460651,0.000103713784,4.8100796e-05,3.44942e-05,0.00011755876
2017-08-10 04:00:00,0.00015852111,5.3913354e-05,4.3789885e-05,4.2897605e-05,0.00011776257,0.000113729766
2017-08-10 05:00:00,0.00026651894,0.00012347018,8.318904e-05,0.00017177327,5.6138433e-05,9.485038e-05
2017-08-10 06:00:00,6.691714e-05,8.8579036e-05,7.251498e-05,0.00017206506,0.00027995068,0.00015376005
2017-08-10 07:00:00,3.695389e-05,0.00010849613,0.00011693751,0.00029704603,9.47566e-05,0.00054180494
2017-08-10 08:00:00,0.0001605514,0.00016608447,0.00025954825,8.261296e-05,0.00050537486,0.0005584431
2017-08-10 09:00:00,0.0002740989,0.00030294404,0.00019449463,0.0004989111,0.0005261832,0.00039513194
2017-08-10 10:00:00,0.00012258442,5.2802054e-05,0.00037882177,0.0002971654,0.00016647433,0.00031284383
2017-08-10 11:00:00,0.00016858325,0.00036054023,0.00036677712,0.00012454473,0.00014880761,8.673708e-05
2017-08-10 12:00:00,0.00070085085,0.00047131776,0.00027207859,0.00029463414,0.00025946368,0.00040266462
2017-08-10 13:00:00,3.3017892e-05,0.00016518231,0.00010477863,0.00017661515,4.6969108e-05,0.00017353384
2017-08-10 14:00:00,0.00016121092,0.00014894882,0.00023226667,5.5776094e-05,0.0001371825,0.00011049932
2017-08-10 15:00:00,5.9924696e-05,3.7684145e-05,0.00012987432,4.32286e-05,8.010966e-05,0.00012837251
2017-08-10 16:00:00,9.634707e-05,8.779334e-05,6.2478546e-05,6.0376587e-05,0.00012083355,0.00014067329
2017-08-10 17:00:00,0.00013731487,4.4508848e-05,8.977475e-05,0.00016725094,0.00026532277,0.00011352161
2017-08-10 18:00:00,0.0001594531,9.30032e-05,0.000117471856,0.00013875583,6.973482e-05,3.972813e-05
2017-08-10 19:00:00,7.2353156e-05,0.00015887416,0.00024555525,0.00011288573,0.00012261105,8.0922684e-05
2017-08-10 20:00:00,0.000127998,0.0001652888,0.0001271246,9.3198e-05,9.023166e-05,0.000112981514
2017-08-10 21:00:00,9.114119e-05,2.6193513e-05,3.9454568e-05,4.630098e-05,5.6902547e-05,5.0889143e-05
2017-08-10 22:00:00,9.741422e-05,9.486749e-05,0.00010087273,4.3904052e-05,3.6924226e-05,2.6511743e-05
2017-08-10 23:00:00,3.3089756e-05,3.8343253e-05,6.338377e-05,5.126829e-05,7.7604396e-05,0.000106875996
2017-08-11 00:00:00,4.2948097e-05,4.465477e-05,4.9105456e-05,0.000112043985,9.305271e-05,7.1082526e-05
2017-08-11 01:00:00,9.933623e-05,6.493255e-05,0.00015613448,0.00016818053,0.00011011199,0.00010829645
2017-08-11 02:00:00,4.4196262e-05,6.337073e-05,8.985102e-05,4.5885034e-05,5.8642338e-05,3.7441543e-05
2017-08-11 03:00:00,9.502229e-05,7.5835116e-05,3.6860944e-05,4.9656646e-05,5.5431807e-05,0.0001374585
2017-08-11 04:00:00,4.1488984e-05,3.1030373e-05,2.7006754e-05,3.0679013e-05,0.00025560654,8.8255256e-05
2017-08-11 05:00:00,7.046647e-05,4.8505262e-05,5.9488582e-05,0.0001976335,0.00010380005,0.0008189267
2017-08-11 06:00:00,2.4472038e-05,3.125079e-05,0.00016839009,5.296232e-05,0.0005718509,0.0009499668
2017-08-11 07:00:00,3.1413365e-05,0.00022597324,6.073156e-05,0.0005648705,0.0012041538,0.001561969
2017-08-11 08:00:00,0.00020870795,5.948811e-05,0.0011117102,0.001195627,0.0016554184,0.0018848653
2017-08-11 09:00:00,0.0001697055,0.0005807527,0.0013870457,0.0019673158,0.0017956523,0.0016915706
2017-08-11 10:00:00,0.0010546012,0.0016347022,0.0021823454,0.0019602827,0.0016003394,0.0016674374
2017-08-11 11:00:00,0.00075857906,0.0011157689,0.001141954,0.0012212967,0.0011624837,0.00066764373
2017-08-11 12:00:00,0.0011951223,0.00053248706,0.00070739834,0.00058749685,0.0005776802,0.00022775058
2017-08-11 13:00:00,9.417498e-05,8.639171e-05,8.779509e-05,0.00015638841,0.0004924501,0.00034954736
2017-08-11 14:00:00,3.0843028e-05,2.222689e-05,0.00017097084,0.00040162285,0.00019930908,0.00026491127
2017-08-11 15:00:00,3.0604675e-05,0.00018465536,0.00048716716,0.00024256707,0.00024675558,0.00035788945
2017-08-11 16:00:00,0.00017328412,0.00031255392,0.000179645,0.0002706128,0.00042105356,0.00019119964
2017-08-11 17:00:00,0.00022799223,0.00010696833,0.00016691224,0.00032650557,0.00019370002,0.00031766537
2017-08-11 18:00:00,0.00018681954,0.00010971071,0.00012180681,6.084734e-05,6.531259e-05,0.00010886854
2017-08-11 19:00:00,7.6586395e-05,0.0002597103,0.00012813088,0.00021993204,0.00022349667,0.0003548022
2017-08-11 20:00:00,0.00027661107,5.5930515e-05,0.00022180371,0.0002310363,0.0003208169,0.00033657244
2017-08-13 21:00:00,0.00021138338,2.4874009e-05,0.00014116288,0.00011452722,0.00017777305,0.00011878198
2017-08-13 22:00:00,0.00016887217,0.00027213094,0.00025112845,0.00033703895,0.00022718617,9.0258305e-05
2017-08-13 23:00:00,0.00013957082,0.000102673264,0.00027313645,0.00012256824,5.3418524e-05,2.8920913e-05
2017-08-14 00:00:00,3.768409e-05,0.00012778088,4.3821954e-05,0.00011690494,0.00013316637,0.00021448232
2017-08-14 01:00:00,0.00012220122,4.2181906e-05,0.00016934362,0.00013814625,0.00026132152,5.282011e-05
2017-08-14 02:00:00,7.3040974e-05,0.0002919231,0.0001760408,0.0001772403,5.4906137e-05,5.1185845e-05
2017-08-14 03:00:00,0.00024067453,0.00014396703,0.00025283045,4.1154035e-05,8.45092e-05,3.4074605e-05
2017-08-14 04:00:00,7.1523405e-05,0.0003661151,0.00027129083,0.00022234648,0.00017747252,0.00020073676
2017-08-14 05:00:00,0.0004399449,0.00023130377,0.00029883924,0.0001560806,0.00026256387,2.4545869e-05
2017-08-14 06:00:00,0.00026130953,0.00012057275,0.00021520203,0.00010256072,0.0003635445,0.00026482306
2017-08-14 07:00:00,9.5812866e-05,2.5978807e-05,8.2042454e-05,0.00015971911,9.403806e-05,6.68625e-05
2017-08-14 08:00:00,0.00010650821,2.8589937e-05,0.00025124307,0.00014795708,0.00015372474,0.00025535774
2017-08-14 09:00:00,0.000111721274,0.00017955291,0.0001306987,5.2531675e-05,0.00014377566,0.00012113472
2017-08-14 10:00:00,0.00024344817,0.00017930771,0.00014080781,0.00018381349,0.00022453125,0.00017898882
2017-08-14 11:00:00,0.00011462918,9.4942174e-05,3.660065e-05,3.5165318e-05,5.456968e-05,0.00010544685
2017-08-14 12:00:00,3.676284e-05,8.2481674e-05,6.0124956e-05,4.7012847e-05,5.3615862e-05,2.6715099e-05
2017-08-14 13:00:00,0.000112134665,0.00010947512,5.1380688e-05,3.5877598e-05,4.7415153e-05,2.5911217e-05
2017-08-14 14:00:00,4.239166e-05,6.757746e-05,0.00012839587,9.7748685e-05,0.00011215181,0.00011931292
2017-08-14 15:00:00,5.5187196e-05,9.2924754e-05,7.272549e-05,7.3441704e-05,9.3761686e-05,4.0012543e-05
2017-08-14 16:00:00,6.421613e-05,3.936679e-05,6.542408e-05,5.1639865e-05,4.7347632e-05,0.000121639554
2017-08-14 17:00:00,3.4184657e-05,3.145677e-05,4.453191e-05,8.9270885e-05,8.263614e-05,9.411702e-05
2017-08-14 18:00:00,3.5764264e-05,5.07684e-05,4.3146454e-05,9.739838e-05,0.00010694894,0.0003321327
2017-08-14 19:00:00,3.0062567e-05,6.416688e-05,0.00013287742,0.000117727664,0.0002797631,0.0002440692
2017-08-14 20:00:00,0.00011159201,0.00010594254,0.00012247667,0.00033461707,0.00034986107,0.00013443235
2017-08-14 21:00:00,0.00018842777,0.00011705823,0.00044656335,0.00029862876,0.00023818828,0.0002455221
2017-08-14 22:00:00,4.4212447e-05,0.00025510744,0.00020028112,8.9188325e-05,0.00019155958,0.000110221794
2017-08-14 23:00:00,0.00037432183,0.00017160672,7.638427e-05,0.00015131454,0.00010708084,4.6073277e-05
2017-08-15 00:00:00,7.879939e-05,0.00014366659,8.149684e-05,0.00010914698,0.00017438189,0.0001383493
2017-08-15 01:00:00,0.00011829546,4.596693e-05,8.023021e-05,0.00014181183,8.490419e-05,8.849119e-05
2017-08-15 02:00:00,0.000115301445,4.6339173e-05,3.9873405e-05,4.1030064e-05,4.1301297e-05,6.495854e-05
2017-08-15 03:00:00,8.158428e-05,0.0001238245,4.0488245e-05,3.186602e-05,4.4891953e-05,7.379077e-05
2017-08-15 04:00:00,8.2276274e-05,4.2706095e-05,4.2347838e-05,5.143077e-05,9.502185e-05,3.0443998e-05
2017-08-15 05:00:00,6.0494865e-05,5.5092307e-05,0.00012744918,0.00017768578,8.391701e-05,0.00013556912
2017-08-15 06:00:00,4.6806508e-05,5.940046e-05,0.00014757804,4.2510463e-05,0.00011228688,4.121623e-05
2017-08-15 07:00:00,4.7507012e-05,0.00013829686,3.404199e-05,9.965854e-05,6.6840825e-05,0.0008273079
2017-08-15 08:00:00,9.936186e-05,4.4631706e-05,7.133459e-05,3.4259145e-05,0.0011516875,0.0012315393
2017-08-15 09:00:00,0.00014371461,3.097849e-05,6.7964946e-05,0.0010253577,0.0012041882,0.0008177606
2017-08-15 10:00:00,0.00013164872,4.5071076e-05,0.001451985,0.0010090661,0.0007731715,0.0005914774
2017-08-15 11:00:00,7.149242e-05,0.0012915237,0.0014456676,0.0008811431,0.00075692724,0.000678122
2017-08-15 12:00:00,0.0015726421,0.0013035206,0.0010726952,0.0005142047,0.0011474309,0.0009841012
2017-08-15 13:00:00,0.00026039168,0.00022680023,0.0004868372,0.0001581911,0.00012343298,0.00017680896
2017-08-15 14:00:00,0.0006033136,0.00068403967,0.00046672294,0.00036298472,0.00039146276,0.00033282526
2017-08-15 15:00:00,0.0002062527,2.1855309e-05,3.995883e-05,3.6561356e-05,5.1168874e-05,7.8690435e-05
2017-08-15 16:00:00,0.00022355925,0.00024327185,0.00021192724,0.00021542025,8.5226486e-05,0.00013227022
2017-08-15 17:00:00,5.645249e-05,2.6373265e-05,4.1994554e-05,0.00010329687,5.076726e-05,0.00012815604
2017-08-15 18:00:00,5.8992897e-05,3.599439e-05,0.00017129477,8.811694e-05,0.00010550885,0.00019822738
2017-08-15 19:00:00,9.454519e-05,0.00014252345,8.290344e-05,0.00013082362,0.0001699817,0.00021090858
2017-08-15 20:00:00,0.00018921777,0.000112024616,9.377887e-05,0.00017251013,0.00023473709,0.00027318933
2017-08-15 21:00:00,0.00010839518,0.00023710544,0.00031749296,0.0003249438,0.00036751878,0.000315282
2017-08-15 22:00:00,0.00020116761,0.00030329384,0.00038037755,0.00031079384,0.00029495824,0.00019771975
2017-08-15 23:00:00,0.00017842077,0.00018466373,0.00017129036,7.296022e-05,6.173571e-05,3.500478e-05
2017-08-16 00:00:00,3.465885e-05,6.542823e-05,5.392385e-05,6.451028e-05,0.000113989554,0.00011139578
2017-08-16 01:00:00,3.494358e-05,7.0400725e-05,0.00014497072,0.00014573295,0.00011441739,3.5449215e-05
2017-08-16 02:00:00,7.553733e-05,0.000114163144,0.00016213456,0.00013187558,3.8430462e-05,7.964986e-05
2017-08-16 03:00:00,6.539466e-05,0.00011864511,0.00014812767,8.402849e-05,5.660832e-05,4.7896374e-05
2017-08-16 04:00:00,0.00010946151,5.137122e-05,0.00014951246,3.2901007e-05,8.376471e-05,2.5107942e-05
2017-08-16 05:00:00,6.0185055e-05,0.00020567229,9.033966e-05,0.00014907692,0.000101966674,3.0026431e-05
2017-08-16 06:00:00,0.00025697667,5.884688e-05,0.00011299516,6.328852e-05,3.6189616e-05,0.000317439
2017-08-16 07:00:00,0.00012261074,6.791474e-05,0.00015631157,0.00015653459,0.00034695744,0.00016631684
2017-08-16 08:00:00,0.000104814295,2.0303352e-05,8.361439e-05,0.00041028048,6.1983796e-05,0.00010998659
2017-08-16 09:00:00,7.769162e-05,0.0001334579,0.0003870793,0.00012912185,0.00022261373,0.000113257345
2017-08-16 10:00:00,7.510815e-05,0.00047980834,6.6151566e-05,0.00013670273,8.432936e-05,0.00021817374
2017-08-16 11:00:00,0.0005189861,3.027443e-05,7.265219e-05,3.5138873e-05,0.000106332496,8.176246e-05
2017-08-16 12:00:00,0.0006325937,0.0007083253,0.00040078873,0.0007015055,0.0006382844,0.0005362222
2017-08-16 13:00:00,7.7777804e-05,4.02906e-05,0.00018123553,0.00013472694,0.0001894495,0.00016862093
2017-08-16 14:00:00,8.1683706e-05,5.9208633e-05,8.565997e-05,8.58606e-05,0.0001795749,0.00016578038
2017-08-16 15:00:00,0.000131484,0.00010577722,0.00013735266,0.000263344,0.00016237958,0.00018562682
2017-08-16 16:00:00,2.9633951e-05,5.3971442e-05,0.0001055972,9.9094344e-05,0.0001230518,0.00012405284
2017-08-16 17:00:00,8.3732775e-05,9.303217e-05,0.00011095829,0.00015620365,0.0001769756,7.0738024e-05
2017-08-16 18:00:00,8.8800916e-05,7.1776696e-05,0.00012558993,0.0001221113,3.744089e-05,4.2752243e-05
2017-08-16 19:00:00,3.788048e-05,6.9622416e-05,9.391486e-05,4.7235175e-05,6.9240356e-05,0.00011363633
2017-08-16 20:00:00,5.6993307e-05,5.9560527e-05,3.8853166e-05,8.453021e-05,0.0001375155,0.00024232219
2017-08-16 21:00:00,3.284799e-05,0.0001052034,0.00014362606,0.0002270009,0.00036218035,0.00040039138
2017-08-16 22:00:00,0.00014328517,0.00014442345,0.00021926484,0.00044268253,0.00036372198,0.00041275204
2017-08-16 23:00:00,7.096028e-05,0.00013752822,0.0002714465,0.0003102348,0.0004345325,0.00032429738
2017-08-17 00:00:00,0.00012948526,0.0002501276,0.0002937382,0.0003132628,0.00025428913,0.00046789748
2017-08-17 01:00:00,0.00020344768,0.00023035775,0.00027243156,0.0002577378,0.00041574283,0.000375968
2017-08-17 02:00:00,5.411883e-05,9.0284266e-05,0.00010397526,0.0002539355,0.00022607748,0.0003847597
2017-08-17 03:00:00,5.099303e-05,7.474587e-05,0.00030232614,0.0001700076,0.0002894895,0.0001272944
2017-08-17 04:00:00,4.634367e-05,0.00025385158,0.00021020779,0.00028397853,0.0001574606,9.839042e-05
2017-08-17 05:00:00,0.0002766773,0.00012119801,0.0003287446,0.00010250889,0.0001043128,0.00013302363
2017-08-17 06:00:00,6.329999e-05,0.00013052303,0.000112266716,8.502563e-05,0.00033146597,0.00024983264
2017-08-17 07:00:00,0.00019153675,2.9520214e-05,5.8748174e-05,0.00031204853,0.0001788069,0.00031567595
2017-08-17 08:00:00,0.0002285305,0.00022348615,0.0006312646,0.00034090667,0.0004694895,0.00049100106
2017-08-17 09:00:00,3.951359e-05,0.0002900578,0.00017305021,0.00036885837,0.00048722108,0.0004714519
2017-08-17 10:00:00,0.00034092017,0.00016267622,0.00046347443,0.00032736253,0.0005049984,0.00036703117
2017-08-17 11:00:00,0.00013720886,0.00016954317,0.0001744773,0.00023613217,0.00018077374,0.00038733252
2017-08-17 12:00:00,0.00033173882,0.00026624318,0.00038255216,0.00034845702,0.00044219932,0.0005923961
2017-08-17 13:00:00,2.2837612e-05,0.000109791545,9.3813425e-05,0.00027275868,0.00027239101,0.00031519652
2017-08-17 14:00:00,0.00012356455,7.8669655e-05,0.00032185708,0.00033329145,0.00034193243,0.0003007628
2017-08-17 15:00:00,4.3499367e-05,0.00015757915,0.00023359265,0.0002749555,0.0001493407,0.00012918419
2017-08-17 16:00:00,0.0002437393,0.00029378358,0.00026436002,0.00028835252,0.00013704816,0.00020851757
2017-08-17 17:00:00,8.6590386e-05,4.580557e-05,5.466957e-05,7.0125934e-05,3.8944683e-05,4.931732e-05
2017-08-17 18:00:00,8.6639244e-05,5.5552613e-05,0.00014149859,5.0787523e-05,6.0729344e-05,4.8265814e-05
2017-08-17 19:00:00,5.1707222e-05,0.00010333757,4.0841885e-05,3.937191e-05,4.695337e-05,5.5169647e-05
2017-08-17 20:00:00,0.00011388309,3.0240053e-05,3.382913e-05,4.750293e-05,5.399094e-05,5.800365e-05
2017-08-17 21:00:00,9.092342e-05,8.991234e-05,9.80828e-05,5.9215723e-05,0.00011519013,0.00010500492
2017-08-17 22:00:00,4.0171926e-05,3.45826e-05,5.2801377e-05,7.102969e-05,7.149444e-05,9.894105e-05
2017-08-17 23:00:00,4.7870628e-05,6.0642837e-05,8.4520805e-05,5.744676e-05,0.00013196362,0.0001852107
2017-08-18 00:00:00,4.337489e-05,9.2367474e-05,9.80948e-05,6.837138e-05,0.00017282748,0.00023299501
2017-08-18 01:00:00,0.00016317594,0.000100995225,6.356642e-05,0.000105358304,0.00019324617,0.00015283198
2017-08-18 02:00:00,3.381256e-05,0.00015977563,0.00031866724,0.00027961397,0.0002563956,0.00021809505
2017-08-18 03:00:00,0.00020587584,0.00022892942,0.00035006582,0.00027788078,0.00025753758,0.00020402082
2017-08-18 04:00:00,9.3471994e-05,0.00016738367,0.00015755602,6.611042e-05,7.118091e-05,4.7187837e-05
2017-08-18 05:00:00,0.00010613241,6.306773e-05,4.073604e-05,3.9297858e-05,4.0502175e-05,0.0009744229
2017-08-18 06:00:00,5.8890397e-05,6.1355575e-05,0.00010339074,8.6016094e-05,0.00080292724,0.00047631556
2017-08-18 07:00:00,5.5149754e-05,9.435658e-05,3.908463e-05,0.0009381131,0.00051858724,0.0005698071
2017-08-18 08:00:00,5.5567023e-05,3.1727104e-05,0.0008358138,0.0005814455,0.00038233044,0.00068242673
2017-08-18 09:00:00,5.7181867e-05,0.0009681631,0.0005702933,0.0004367151,0.00074464286,0.00091399346
2017-08-18 10:00:00,0.0010917353,0.0006232126,0.000556138,0.0007964263,0.00069752964,0.0013044841
2017-08-18 11:00:00,0.00038847947,0.00032733643,9.967426e-05,9.107476e-05,0.0002726622,7.732393e-05
2017-08-18 12:00:00,9.690893e-05,0.00020574068,0.0004439241,0.00046416058,0.00031664775,0.00045270287
2017-08-18 13:00:00,0.00029892952,0.00049546733,0.0005737226,0.0004398149,0.00046626484,0.0003900885
2017-08-18 14:00:00,0.00018116811,0.00047776208,0.00023638997,0.00022251329,0.00014577642,0.00020457698
2017-08-18 15:00:00,0.0004250329,4.245024e-05,7.751678e-05,2.7870772e-05,5.609819e-05,2.8948902e-05
2017-08-18 16:00:00,0.00033199426,0.00022525771,0.00025911184,0.00020976042,0.0001809001,0.00010406458
2017-08-18 17:00:00,5.7159818e-05,4.5425288e-05,3.690722e-05,4.603323e-05,5.486883e-05,6.0689737e-05
2017-08-18 18:00:00,8.542114e-05,4.0093844e-05,5.459239e-05,4.2607073e-05,0.00010155638,7.822586e-05
2017-08-18 19:00:00,7.4320575e-05,3.3425706e-05,0.00011364357,3.6025074e-05,0.00012526868,8.3367646e-05
2017-08-18 20:00:00,6.749654e-05,4.8455906e-05,6.394289e-05,0.000118446886,5.3440966e-05,7.268338e-05
2017-08-20 21:00:00,9.160431e-05,5.5626846e-05,0.00019830967,0.00010476404,7.346255e-05,5.457876e-05
2017-08-20 22:00:00,0.0001418514,8.045679e-05,4.298699e-05,3.84813e-05,8.262898e-05,5.6634744e-05
2017-08-20 23:00:00,0.0002453778,0.00013704454,0.00013671683,2.8222175e-05,4.3637592e-05,0.00015200916
2017-08-21 00:00:00,8.4233805e-05,6.246615e-05,0.00021827858,0.00013360113,3.0705633e-05,0.00024793477
2017-08-21 01:00:00,3.136455e-05,0.00013430792,0.00013257418,6.450357e-05,0.00031564973,0.0003249902
2017-08-21 02:00:00,0.00022976936,0.00014140323,8.120557e-05,0.00026207377,0.0003600918,0.00031302343
2017-08-21 03:00:00,3.717893e-05,0.00018980962,0.00018683716,0.00017636782,0.00035531088,0.00026149783
2017-08-21 04:00:00,0.0001720396,0.00019529357,0.00027097453,0.00030500002,0.0002816262,0.00028946006
2017-08-21 05:00:00,0.00041418,0.0004022835,0.0004940705,0.00037772357,0.0007532049,0.0004268395
2017-08-21 06:00:00,9.385048e-05,0.00017773981,0.00012995304,0.00020781082,0.0001528477,0.00030910387
2017-08-21 07:00:00,0.00011634919,7.5281576e-05,0.00018639093,0.00011585201,0.00014925092,0.0002545186
2017-08-21 08:00:00,5.2812607e-05,6.9614696e-05,4.7413247e-05,0.000101950995,0.000118153745,0.00021059361
2017-08-21 09:00:00,0.000113644215,5.4901288e-05,0.000120379205,0.00026252202,0.00025473567,8.055079e-05
2017-08-21 10:00:00,7.573228e-05,3.7282167e-05,0.00013936353,0.000110070876,3.8512815e-05,0.00021829591
2017-08-21 11:00:00,8.4503554e-05,0.00023158129,0.00016269604,4.60134e-05,0.0004510492,0.0001588779
2017-08-21 12:00:00,0.00019170152,8.881439e-05,7.326827e-05,0.00025433584,0.00010020172,7.081401e-05
2017-08-21 13:00:00,6.641249e-05,0.00016783,0.00012740152,5.675102e-05,5.5701126e-05,4.45999e-05
2017-08-21 14:00:00,0.00017777966,0.00016565676,4.4299097e-05,3.333699e-05,9.0626956e-05,0.00016035883
2017-08-21 15:00:00,0.00038692082,0.00013677085,0.00011227011,0.00021358232,0.00026926294,0.00023755511
2017-08-21 16:00:00,0.00019059735,0.00017136979,0.00016583377,5.3357526e-05,9.083512e-05,4.368265e-05
2017-08-21 17:00:00,4.1372583e-05,7.0002425e-05,0.00010213157,6.874296e-05,9.40553e-05,3.2722182e-05
2017-08-21 18:00:00,0.00014579603,0.00018034401,9.1621594e-05,0.00013750407,7.1593044e-05,2.1623004e-05
2017-08-21 19:00:00,9.6462114e-05,4.0838662e-05,7.901268e-05,4.3513806e-05,6.894115e-05,4.4954806e-05
2017-08-21 20:00:00,5.123419e-05,3.023744e-05,0.000108841356,0.0001674057,0.00010296545,9.709251e-05
2017-08-21 21:00:00,5.3552656e-05,4.5285262e-05,0.0001597578,7.620864e-05,5.416118e-05,2.4609e-05
2017-08-21 22:00:00,7.300294e-05,0.00015059582,0.00014296794,0.00010737264,5.1754887e-05,0.00022502322
2017-08-21 23:00:00,5.8969323e-05,3.116152e-05,5.4862543e-05,5.7405065e-05,0.00029118525,0.00045155222
2017-08-22 00:00:00,6.590204e-05,4.3229626e-05,0.000107557404,0.00043668484,0.0006374918,0.0004702846
2017-08-22 01:00:00,3.2442083e-05,7.25905e-05,0.00035008742,0.00053724815,0.000532114,0.00024671172
2017-08-22 02:00:00,8.87316e-05,0.00030399038,0.00065319164,0.00058413163,0.00037712813,0.00043470887
2017-08-22 03:00:00,0.00027321224,0.0004948824,0.00044043746,0.00031483054,0.00044180598,0.0003201132
2017-08-22 04:00:00,0.0003388264,0.00024873583,9.035506e-05,0.00014557314,0.00018495994,0.00037517503
2017-08-22 05:00:00,6.6171415e-05,0.00014531672,0.000113008704,0.00011715924,6.682589e-05,0.0008530321
2017-08-22 06:00:00,0.00020328347,6.650679e-05,6.90679e-05,7.824695e-05,0.0009133763,0.0005521035
2017-08-22 07:00:00,9.949321e-05,0.00011094187,0.00023942949,0.0008666141,0.0008183128,0.00065220124
2017-08-22 08:00:00,3.4286084e-05,0.00014224555,0.0011357968,0.0005942346,0.00033134487,0.00016442739
2017-08-22 09:00:00,0.00016352492,0.00089309143,0.0006026306,0.0005282116,0.0001518927,0.00019946239
2017-08-22 10:00:00,0.0008626321,0.0004096801,0.00031244458,3.8340135e-05,8.51104e-05,3.2811622e-05
2017-08-22 11:00:00,0.00036098738,0.00041539324,0.000690729,0.0006036371,0.00079018064,0.00064433494
2017-08-22 12:00:00,0.0001605062,0.0005731284,0.00048859674,0.00041896658,0.00049201737,0.00044206652
2017-08-22 13:00:00,0.00029378696,0.000317273,0.00025618824,0.00017545008,0.00027015046,0.00020415011
2017-08-22 14:00:00,4.7206697e-05,5.0094353e-05,4.892004e-05,5.2809002e-05,5.0645933e-05,3.274083e-05
2017-08-22 15:00:00,3.8765553e-05,8.311758e-05,6.82698e-05,7.038983e-05,3.8432383e-05,3.462409e-05
2017-08-22 16:00:00,0.00013524292,3.085594e-05,5.6871293e-05,6.079628e-05,3.7356058e-05,4.0801857e-05
2017-08-22 17:00:00,9.953509e-05,2.7967013e-05,5.0858664e-05,6.433654e-05,8.572446e-05,3.6911948e-05
2017-08-22 18:00:00,9.8234166e-05,7.895018e-05,5.1105406e-05,4.3610442e-05,5.1730665e-05,2.2371058e-05
2017-08-22 19:00:00,5.3046322e-05,6.149974e-05,0.00012215124,6.58086e-05,8.9915105e-05,3.657597e-05
2017-08-22 20:00:00,3.8537593e-05,8.848507e-05,7.128811e-05,7.5631666e-05,2.2601715e-05,8.096108e-05
2017-08-22 21:00:00,8.4368316e-05,2.6083137e-05,4.0739164e-05,4.4873974e-05,3.9245675e-05,9.2740556e-05
2017-08-22 22:00:00,7.477406e-05,4.4514192e-05,7.4781696e-05,4.777532e-05,5.7325506e-05,3.9586997e-05
2017-08-22 23:00:00,4.3646633e-05,6.3333864e-05,3.620749e-05,9.9966295e-05,7.798572e-05,0.00012862126
2017-08-23 00:00:00,6.87954e-05,3.9978662e-05,8.747409e-05,7.6618184e-05,0.000120664336,0.00029192012
2017-08-23 01:00:00,6.978784e-05,0.00011434181,0.000120261495,7.668672e-05,0.00031171,0.00012671457
2017-08-23 02:00:00,7.5435615e-05,4.874492e-05,0.00014550406,0.00030624564,0.00019513756,0.00017256878
2017-08-23 03:00:00,3.9191626e-05,0.0002198919,0.0003515003,0.00018611745,0.00025657454,0.0006381232
2017-08-23 04:00:00,0.00018034782,0.0004005249,0.00022727084,0.00020501907,0.0005484297,0.0003345508
2017-08-23 05:00:00,0.00026138168,8.4770894e-05,8.528844e-05,0.00037719106,0.00031337867,0.00033666877
2017-08-23 06:00:00,0.00019276621,9.525345e-05,0.00028128418,4.973658e-05,0.00019953294,0.00028647765
2017-08-23 07:00:00,4.3263826e-05,0.00041342308,0.00027749132,0.00026897655,0.00031487807,0.00036084137
2017-08-23 08:00:00,0.00045467197,0.00019454629,0.00035615938,0.00041377902,0.00031292887,0.00028884524
2017-08-23 09:00:00,0.00020567152,4.654436e-05,9.7155935e-05,4.3682503e-05,3.8747592e-05,3.5959678e-05
2017-08-23 10:00:00,0.0001323486,0.00032135847,0.00013455535,0.00015590951,0.00017156228,0.00028708458
2017-08-23 11:00:00,0.00016659242,2.177716e-05,4.6291294e-05,3.6566027e-05,0.00040214887,0.00071223185
2017-08-23 12:00:00,0.00016626278,0.00012983107,0.00014058211,0.000592024,0.0009790288,0.0011404881
2017-08-23 13:00:00,4.902638e-05,3.7130794e-05,0.00050301134,0.0010032816,0.000988036,0.00077425566
2017-08-23 14:00:00,4.7315923e-05,0.00061339716,0.0010802276,0.0010071659,0.00080322626,0.00084235886
2017-08-23 15:00:00,0.00064256863,0.0012510322,0.0011291924,0.000778677,0.0010856312,0.0010955813
2017-08-23 16:00:00,0.0007639594,0.0005861766,0.00058566156,0.00069992116,0.00062003324,0.0005621279
2017-08-23 17:00:00,3.0607483e-05,5.005203e-05,4.5514793e-05,0.00014192381,7.00837e-05,3.221698e-05
2017-08-23 18:00:00,8.410435e-05,4.4982702e-05,0.00012364365,6.328616e-05,5.5938985e-05,0.00025498364
2017-08-23 19:00:00,0.00012582054,0.00018715122,0.0001665279,6.06217e-05,0.00035360124,0.00023885016
2017-08-23 20:00:00,0.00013635345,6.310456e-05,5.3037984e-05,0.00025569106,0.00018990092,0.00010797988
2017-08-23 21:00:00,6.3427666e-05,0.0001272953,0.00018812688,7.6520875e-05,4.8857637e-05,3.8875525e-05
2017-08-23 22:00:00,0.0001249517,0.0002573561,0.00015836576,6.846498e-05,7.2473886e-05,8.211251e-05
2017-08-23 23:00:00,0.00042585857,0.00023624017,0.00018247984,0.00017557095,0.00016646278,9.341227e-05
2017-08-24 00:00:00,0.00011568994,0.00016588965,0.00015513913,0.000112657646,0.00039497527,0.0003577157
2017-08-24 01:00:00,0.00010616174,5.0049646e-05,4.9547532e-05,0.00028796928,0.0003373243,0.0007169526
2017-08-24 02:00:00,2.9000183e-05,3.985021e-05,0.00023590728,0.00031286484,0.0007731343,0.0012297156
2017-08-24 03:00:00,3.3434226e-05,0.00022521689,0.00033801515,0.0005712218,0.00085532136,0.0014697039
2017-08-24 04:00:00,0.00022400166,0.0003700763,0.00062820397,0.0010014036,0.001463438,0.0010322803
2017-08-24 05:00:00,0.00010648832,0.0004436599,0.0009011922,0.00082074763,0.0007605003,0.0009244498
2017-08-24 06:00:00,0.00036564207,0.0008480815,0.001116366,0.0008241947,0.0012827775,0.00034666742
2017-08-24 07:00:00,0.0004303086,0.00063682784,0.0006277516,0.0004410949,0.0001085321,0.00014632323
2017-08-24 08:00:00,0.00012028209,0.00012365091,0.0002267345,0.0003252895,0.0005035508,0.00032229762
2017-08-24 09:00:00,5.0539064e-05,7.878961e-05,0.0004633899,0.00058039743,0.00044660788,0.00060568587
2017-08-24 10:00:00,0.00012694306,0.0004543816,0.00080845045,0.0005249955,0.0005281319,0.00041745798
2017-08-24 11:00:00,0.00076632976,0.00081478956,0.00066652376,0.00049246085,0.00078109803,0.0006484272
2017-08-24 12:00:00,0.0003860283,0.000108530396,0.00023015459,0.00021868203,0.00019473475,2.4230661e-05
2017-08-24 13:00:00,0.00015557367,9.534519e-05,7.7367484e-05,8.3606305e-05,0.00029414563,0.00029980563
2017-08-24 14:00:00,0.00011567484,8.8932975e-05,0.00013512239,0.00011734243,0.00015146619,0.00016588152
2017-08-24 15:00:00,5.3939777e-05,4.3818323e-05,0.00016835067,0.0002744395,0.00024357588,0.0001825645
2017-08-24 16:00:00,3.6681984e-05,0.00022921003,0.0002921642,0.00016402242,0.00020884894,0.00037525216
2017-08-24 17:00:00,0.0002740848,0.00024657926,0.00020877458,0.0001917179,0.00034229812,0.00013880114
2017-08-24 18:00:00,7.810271e-05,6.070931e-05,3.1221036e-05,0.00016215301,4.163778e-05,7.121877e-05
2017-08-24 19:00:00,6.505998e-05,6.510778e-05,0.0001388219,7.931989e-05,0.00013623544,5.7643385e-05
2017-08-24 20:00:00,4.4473694e-05,0.00014537293,6.0384642e-05,0.00010851712,5.627175e-05,6.284553e-05
2017-08-24 21:00:00,0.000278581,3.3479224e-05,0.00010004387,5.0602415e-05,6.912231e-05,0.00015400261
2017-08-24 22:00:00,0.0002531276,0.00023171521,0.00022528287,0.00018519569,0.00035028282,0.00023878147
2017-08-24 23:00:00,7.92103e-05,3.336405e-05,5.791004e-05,0.000121165824,6.351971e-05,0.000119797434
2017-08-25 00:00:00,8.75365e-05,4.590849e-05,0.00010681957,4.450804e-05,7.6006174e-05,6.6690955e-05
2017-08-25 01:00:00,3.781046e-05,9.9610545e-05,7.474693e-05,0.00016208812,4.027364e-05,0.00025546577
2017-08-25 02:00:00,0.0001413124,4.030409e-05,0.000115011724,6.3966094e-05,0.00025853774,5.0516755e-05
2017-08-25 03:00:00,7.821115e-05,2.2757287e-05,0.00015312714,0.00016496645,7.5899385e-05,0.00017397542
2017-08-25 04:00:00,0.00010779401,0.00010573022,0.00023634353,4.4722718e-05,0.00023364973,3.9389077e-05
2017-08-25 05:00:00,0.00023016926,0.0001641836,5.715445e-05,0.00016225442,6.497886e-05,0.00017383524
2017-08-25 06:00:00,0.00039375044,0.00010411059,0.00043778957,0.00012224079,0.00029755087,0.0001790636
2017-08-25 07:00:00,0.00023498607,2.8738215e-05,0.00021181829,3.405751e-05,0.0001040982,3.629783e-05
2017-08-25 08:00:00,0.0002751064,3.4333465e-05,0.00028758877,0.00011370724,0.0002183849,0.00017029335
2017-08-25 09:00:00,0.00025492755,2.604081e-05,0.00011001906,4.1984105e-05,5.533055e-05,2.6054116e-05
2017-08-25 10:00:00,0.00026154448,8.524162e-05,0.00022611549,0.00017018504,0.00022020111,0.00025300783
2017-08-25 11:00:00,0.00017053327,3.2923657e-05,3.2744167e-05,5.3128635e-05,8.34303e-05,0.00013519781
2017-08-25 12:00:00,0.00017707497,0.00011573097,0.00014252987,0.00014359334,0.0002360438,0.00035305886
2017-08-25 13:00:00,5.188506e-05,2.8911147e-05,6.783477e-05,0.00011507793,0.00015335635,0.00012567392
2017-08-25 14:00:00,6.909588e-05,7.0779286e-05,0.00016780944,0.00019856716,0.0001469414,0.00012791615
2017-08-25 15:00:00,6.480043e-05,0.00014865029,0.00020224995,0.00011275653,0.00013450693,6.542988e-05
2017-08-25 16:00:00,0.00012241064,0.00013470066,7.744072e-05,7.376438e-05,5.805732e-05,4.3735727e-05
2017-08-25 17:00:00,8.4642226e-05,3.67165e-05,3.913269e-05,7.58263e-05,6.436888e-05,8.0776575e-05
2017-08-25 18:00:00,0.00010835874,8.528714e-05,0.00016224607,9.95682e-05,0.00016088484,5.5248423e-05
2017-08-25 19:00:00,2.8812361e-05,7.931594e-05,4.716554e-05,9.228559e-05,4.2966236e-05,2.7312717e-05
2017-08-25 20:00:00,9.538725e-05,5.820046e-05,0.00014096033,2.9045254e-05,5.4520737e-05,5.6349607e-05
2017-08-27 21:00:00,4.7641282e-05,5.0716924e-05,8.952455e-05,8.6832806e-05,3.256833e-05,5.4644952e-05
2017-08-27 22:00:00,0.0001051192,4.9287242e-05,9.5193e-05,3.5311135e-05,7.7535915e-05,0.000120205346
2017-08-27 23:00:00,0.0001344486,0.00013555528,6.570408e-05,2.892071e-05,0.00010006041,0.00019977079
2017-08-28 00:00:00,5.0967163e-05,6.151554e-05,0.0001400179,0.00019042769,0.00029208587,0.0002567339
2017-08-28 01:00:00,9.755522e-05,0.0001629642,0.00021772184,0.0003027661,0.0002974117,0.00031173154
2017-08-28 02:00:00,8.2937666e-05,0.00013676903,0.0002570903,0.00022050369,0.0002187689,0.00021829196
2017-08-28 03:00:00,8.4582825e-05,0.00021262938,0.00012772405,0.00016766405,0.00017952481,9.551062e-05
2017-08-28 04:00:00,0.00013681999,9.977568e-05,0.00010834011,0.000100722486,0.0001749837,0.00025988233
2017-08-28 05:00:00,4.5184282e-05,5.8981368e-05,3.9654817e-05,0.00025090392,0.0003444919,0.00057050283
2017-08-28 06:00:00,2.671636e-05,3.3345044e-05,0.0003143746,0.00034119186,0.0007535009,0.0007091782
2017-08-28 07:00:00,3.5924564e-05,0.00025835767,0.0004525298,0.00062426686,0.0007726521,0.0011444979
2017-08-28 08:00:00,0.00043158283,0.00035568676,0.0005911955,0.0006766828,0.0009690797,0.001022001
2017-08-28 09:00:00,0.00011457197,0.00048096175,0.0005576409,0.0007569066,0.00078812725,0.00066227117
2017-08-28 10:00:00,0.00028977313,0.00043334297,0.0007842502,0.00058788166,0.00085096975,0.00081827893
2017-08-28 11:00:00,0.00013838404,0.0006197756,0.00053053256,0.0006169522,0.0005768865,0.00047946637
2017-08-28 12:00:00,0.000547276,0.00048708616,0.0007067259,0.00039835315,0.00028805315,0.00038361418
2017-08-28 13:00:00,4.5406552e-05,0.00013894826,8.771678e-05,5.1040675e-05,9.2778915e-05,2.9074932e-05
2017-08-28 14:00:00,0.00024020145,0.00012433805,4.2223543e-05,4.4908775e-05,3.5100307e-05,2.6522173e-05
2017-08-28 15:00:00,8.770313e-05,0.00023155876,0.00020296233,0.00015446471,0.00015597028,0.00019229256
2017-08-28 16:00:00,0.000107571745,0.00015733787,7.467567e-05,7.874564e-05,0.00016744283,0.00011692116
2017-08-28 17:00:00,5.4135337e-05,3.3707434e-05,4.109534e-05,4.7197816e-05,5.669387e-05,3.6098583e-05
2017-08-28 18:00:00,0.00010438567,5.116728e-05,4.104861e-05,4.0824645e-05,6.296566e-05,3.992398e-05
2017-08-28 19:00:00,4.623173e-05,8.295697e-05,6.131995e-05,4.2040978e-05,4.2139356e-05,0.00014758007
2017-08-28 20:00:00,7.303843e-05,3.743575e-05,4.9736343e-05,5.6102155e-05,0.000112215865,7.322361e-05
2017-08-28 21:00:00,3.1229425e-05,0.00010279702,5.640895e-05,5.3591884e-05,3.476636e-05,4.2619205e-05
2017-08-28 22:00:00,4.6482663e-05,3.6331134e-05,0.00011189605,4.797371e-05,7.144213e-05,0.00014280048
2017-08-28 23:00:00,6.0904873e-05,0.00015555395,0.000103678474,0.00012343215,0.00017173491,0.00026217787
2017-08-29 00:00:00,0.00014373833,6.7839916e-05,9.249354e-05,0.00015983188,0.0003995405,0.00028052198
2017-08-29 01:00:00,9.192611e-05,3.0778865e-05,4.1534717e-05,0.00023229653,0.00014208768,0.0005264956
2017-08-29 02:00:00,6.957431e-05,8.955374e-05,0.0003532534,0.0002077175,0.00044187784,0.00071352895
2017-08-29 03:00:00,0.00010694668,0.00023932403,0.00017919646,0.0005652763,0.00070527726,0.00070760044
2017-08-29 04:00:00,0.00020155967,0.000118368094,0.00045880198,0.0006096514,0.0007702119,0.00042696283
2017-08-29 05:00:00,6.235975e-05,0.0003423373,0.0005357289,0.00055120874,0.00032636497,0.00043226787
2017-08-29 06:00:00,0.00043121263,0.0005671206,0.0007315161,0.0003894336,0.00041789928,0.000358391
2017-08-29 07:00:00,0.00020646192,0.0002879966,3.0388876e-05,9.966897e-05,0.00025228207,0.00012113927
2017-08-29 08:00:00,5.864554e-05,0.00021781327,0.00011151584,4.556021e-05,9.717416e-05,6.624313e-05
2017-08-29 09:00:00,0.00026805978,0.000109396526,2.963748e-05,0.00017510662,0.0001462324,0.00020773122
2017-08-29 10:00:00,0.000115148585,0.0001732318,9.043906e-05,7.7273435e-05,6.476998e-05,0.00024524532
2017-08-29 11:00:00,0.00012887552,2.504963e-05,4.264473e-05,5.3117477e-05,0.00013599623,0.00013723444
2017-08-29 12:00:00,0.00018790139,0.00017251776,0.00020688289,4.8255417e-05,5.0959883e-05,6.675065e-05
2017-08-29 13:00:00,4.813434e-05,3.0060248e-05,0.00017791297,0.00012822161,6.1632425e-05,3.9967224e-05
2017-08-29 14:00:00,5.3437412e-05,0.00015822252,0.00015615541,3.0285488e-05,3.4925793e-05,6.082742e-05
2017-08-29 15:00:00,0.00025764454,0.00020613043,7.727162e-05,4.38203e-05,3.7938753e-05,2.0787498e-05
2017-08-29 16:00:00,3.6005884e-05,0.000104379826,0.00014635517,0.00023310923,0.0001741994,0.0001316076
2017-08-29 17:00:00,0.00014627483,0.0001389533,0.00021328036,0.0002352946,0.00016080902,5.623594e-05
2017-08-29 18:00:00,3.963328e-05,0.00010063581,9.171891e-05,5.3377258e-05,0.00013784484,3.881987e-05
2017-08-29 19:00:00,7.600591e-05,5.757377e-05,3.4014913e-05,0.0001738676,5.2281306e-05,6.0229555e-05
2017-08-29 20:00:00,3.7784976e-05,5.3504788e-05,0.00026551733,0.000100211,2.685596e-05,7.4041e-05
2017-08-29 21:00:00,7.257636e-05,0.00023795546,7.408124e-05,3.5208344e-05,6.859004e-05,0.00010593081
2017-08-29 22:00:00,0.00025078194,7.438161e-05,6.4589614e-05,4.326465e-05,7.895667e-05,6.999368e-05
2017-08-29 23:00:00,0.00019731608,0.00029300211,0.0002186919,0.00013493185,0.00017897872,0.000105459265
2017-08-30 00:00:00,0.00013728756,5.445967e-05,4.1391075e-05,4.0788334e-05,3.000527e-05,0.0003667105
2017-08-30 01:00:00,8.604427e-05,0.000104755134,7.114533e-05,0.000116239324,0.0002593183,0.00035232952
2017-08-30 02:00:00,6.175708e-05,3.831502e-05,9.1049376e-05,0.0003286279,0.00047255994,0.0001969744
2017-08-30 03:00:00,3.7686958e-05,4.440604e-05,0.00043515413,0.0005409668,0.00030756538,0.00030262425
2017-08-30 04:00:00,4.8976213e-05,0.0003045961,0.0006135106,0.00032838812,0.00035026306,0.00036792716
2017-08-30 05:00:00,0.00044977604,0.00054707064,0.00041497117,0.00031062638,0.0007085648,0.00051977136
2017-08-30 06:00:00,0.00017970597,5.3677228e-05,3.2917316e-05,0.00029434013,0.00015761533,0.00019946741
2017-08-30 07:00:00,0.00023302311,0.00013507935,0.0002190928,6.796418e-05,8.0887854e-05,0.00032069293
2017-08-30 08:00:00,5.2694366e-05,0.0003087433,0.0002647057,0.00026497495,0.0005776041,0.00029246305
2017-08-30 09:00:00,0.00038091966,0.00019659137,0.00026389418,0.00049221737,0.00034470847,0.00023813211
2017-08-30 10:00:00,9.223461e-05,5.1083207e-05,0.00022599712,5.1747047e-05,4.8606198e-05,0.00019548358
2017-08-30 11:00:00,5.3890435e-05,0.00034649007,0.00010446573,8.928024e-05,0.00028834995,0.00033500328
2017-08-30 12:00:00,0.00044165173,6.860636e-05,7.967149e-05,0.00015697294,0.0003201595,0.00030784146
2017-08-30 13:00:00,0.0003073956,0.00028741907,6.055024e-05,0.00010519103,4.7427828e-05,9.9884885e-05
2017-08-30 14:00:00,3.3087206e-05,0.00013832017,0.00028558547,0.00016896876,7.5887285e-05,9.95088e-05
2017-08-30 15:00:00,0.0002530659,0.00030691217,0.00027047895,8.5451706e-05,0.00014066932,0.000109270135
2017-08-30 16:00:00,0.00018355857,9.3553e-05,9.16897e-05,5.998869e-05,5.1808398e-05,4.5407945e-05
2017-08-30 17:00:00,6.314163e-05,0.00025025962,0.00014458406,0.00013577119,7.602176e-05,0.00014872511
2017-08-30 18:00:00,0.00023418143,0.00016069913,0.00012135013,4.122145e-05,0.0001685432,0.00023799774
2017-08-30 19:00:00,6.5033724e-05,9.3791765e-05,0.0001519047,5.5916058e-05,0.0001122059,5.186072e-05
2017-08-30 20:00:00,5.2438605e-05,0.00013335801,3.6937527e-05,0.00010573081,5.588493e-05,0.00010688958
2017-08-30 21:00:00,0.000108175984,4.5274985e-05,0.0001493865,7.550529e-05,0.00012657518,0.00015678174
2017-08-30 22:00:00,0.00012272589,0.00020200203,0.0001384341,0.00015467886,0.00020866771,0.0001496846
2017-08-30 23:00:00,0.00017608421,6.5223365e-05,0.00010878952,0.000103682534,4.610104e-05,0.00022874011
2017-08-31 00:00:00,8.4661086e-05,2.8384295e-05,5.6020835e-05,6.1865765e-05,0.00015021952,0.00010725981
2017-08-31 01:00:00,6.833348e-05,5.7753314e-05,4.4292276e-05,0.00020814127,0.000164376,0.00028089533
2017-08-31 02:00:00,4.555708e-05,5.280685e-05,0.00020395243,0.000111567424,0.0002320254,0.00015222408
2017-08-31 03:00:00,6.6640976e-05,0.00018274777,0.00014622872,0.00023199967,0.00015162096,0.00012315126
2017-08-31 04:00:00,0.00028531422,0.00022111295,0.00029769467,0.00018764313,0.00019673136,6.1954954e-05
2017-08-31 05:00:00,4.843144e-05,6.683065e-05,4.5186694e-05,3.153788e-05,0.00021085086,0.00010469399
2017-08-31 06:00:00,0.00013053912,3.685607e-05,4.808735e-05,0.00022104057,0.000105054045,9.31694e-05
2017-08-31 07:00:00,0.00011202886,9.242605e-05,0.00033804696,0.00021972466,0.00018811793,0.00023877405
2017-08-31 08:00:00,2.5475852e-05,0.00027957978,0.00013390675,0.000108458094,0.00019191574,0.00010372331
2017-08-31 09:00:00,0.00030958565,0.00014694752,0.00016593856,0.00023507273,0.00016551463,0.00016101684
2017-08-31 10:00:00,0.00018970281,9.900778e-05,5.3972577e-05,6.867444e-05,6.0482755e-05,6.147224e-05
2017-08-31 11:00:00,4.342085e-05,9.754284e-05,5.936615e-05,8.342775e-05,0.00018706685,0.000105329585
2017-08-31 12:00:00,8.441243e-05,2.6530179e-05,7.934066e-05,0.00017839245,7.466342e-05,2.634188e-05
2017-08-31 13:00:00,5.7219353e-05,2.6803842e-05,0.0001583625,4.4136883e-05,4.8995098e-05,9.817221e-05
2017-08-31 14:00:00,5.916739e-05,0.00018354131,5.872235e-05,2.770928e-05,4.144165e-05,3.148276e-05
2017-08-31 15:00:00,0.00012687132,3.049134e-05,4.2365664e-05,6.1595914e-05,8.9235866e-05,2.932071e-05
2017-08-31 16:00:00,9.764809e-05,0.00018377716,0.00017374079,0.00016403491,0.00013122224,0.00019652981
2017-08-31 17:00:00,7.951057e-05,9.834054e-05,8.598279e-05,5.3962514e-05,0.000112216316,8.293994e-05
2017-08-31 18:00:00,4.8706424e-05,3.1505013e-05,6.557594e-05,7.335636e-05,8.752015e-05,0.00016004714
2017-08-31 19:00:00,2.5683128e-05,9.015339e-05,5.3541204e-05,7.397292e-05,0.00016578907,7.510492e-05
2017-08-31 20:00:00,0.00011973829,9.1470174e-05,6.718062e-05,0.00013840366,9.2056565e-05,3.5765344e-05
2017-08-31 21:00:00,0.00014315273,0.00013776383,0.00024433373,0.00011200156,7.949076e-05,9.0072506e-05
2017-08-31 22:00:00,3.5742883e-05,0.000110446956,5.2429627e-05,4.1027743e-05,4.8930066e-05,3.6847512e-05
2017-08-31 23:00:00,0.00014076309,5.2182113e-05,3.8572533e-05,5.617672e-05,4.129941e-05,8.8720015e-05
2017-09-01 00:00:00,7.66886e-05,8.8001194e-05,0.00012537008,0.00012299047,5.493585e-05,0.00014550966
2017-09-01 01:00:00,6.109224e-05,7.53092e-05,4.3248754e-05,7.015753e-05,0.00021482777,4.1411953e-05
2017-09-01 02:00:00,3.0026362e-05,3.3023138e-05,9.323907e-05,0.0002099612,3.9891176e-05,0.000107641026
2017-09-01 03:00:00,3.3352717e-05,0.00010679085,0.00028887676,5.268822e-05,8.8647095e-05,0.00023812414
2017-09-01 04:00:00,0.00011896698,0.00027585126,3.771595e-05,9.4703595e-05,0.0003034936,0.00024946494
2017-09-01 05:00:00,0.0002440073,7.49621e-05,0.00023963596,0.00040297676,0.00030480596,0.0001605447
2017-09-01 06:00:00,0.00031048362,0.00032475643,0.000678152,0.0005413075,0.00038946947,0.00028976987
2017-09-01 07:00:00,0.00013730043,0.0003561152,0.00030169685,0.0001441093,3.820081e-05,0.00088514556
2017-09-01 08:00:00,0.00025191891,0.0001932147,5.112302e-05,8.211411e-05,0.0009739513,0.0008799383
2017-09-01 09:00:00,4.962132e-05,0.00016087848,0.0003886187,0.00069315184,0.0008946852,0.00096815184
2017-09-01 10:00:00,0.00022948577,0.00033265084,0.0010951512,0.0006352458,0.0012212856,0.0009779595
2017-09-01 11:00:00,0.00017232785,0.0007781897,0.0010786974,0.0009998976,0.0011268976,0.00094351213
2017-09-01 12:00:00,0.0013940431,0.0015940991,0.0014567225,0.0010106025,0.0010964095,0.0018262647
2017-09-01 13:00:00,4.581023e-05,0.00030399748,0.0002022398,0.00015083626,0.00063473417,0.00044670145
2017-09-01 14:00:00,0.00032121054,0.00016456672,5.5454868e-05,0.00089054153,0.0006381759,0.0009001843
2017-09-01 15:00:00,9.060447e-05,0.00015295557,0.0007000023,0.00046543792,0.00078902,0.0007471264
2017-09-01 16:00:00,7.489828e-05,0.0006815235,0.0006416387,0.0007191886,0.000982467,0.00088222255
2017-09-01 17:00:00,0.0008891195,0.00080661266,0.00077763957,0.00079356553,0.0011627483,0.00060565263
2017-09-01 18:00:00,9.922912e-05,0.0003012435,0.00039605485,0.00039058036,6.833767e-05,3.675667e-05
2017-09-01 19:00:00,0.0004239053,0.00051220146,0.00035911167,0.00014984133,8.282045e-05,6.483025e-05
2017-09-01 20:00:00,0.00016196353,0.00013700205,0.00028887956,0.00018135016,0.0002747467,0.00023699483
2017-09-03 21:00:00,4.683237e-05,0.00043235245,0.00035751524,0.0003811785,0.00048767682,0.0003110547
2017-09-03 22:00:00,0.0004949056,0.0004194511,0.00034452914,0.00044564027,0.0005277533,0.00024912943
2017-09-03 23:00:00,6.181203e-05,5.9417325e-05,0.000118212694,0.00014193774,7.817514e-05,6.414861e-05
2017-09-04 00:00:00,5.0854745e-05,0.000105775296,0.00012637473,0.00014626326,8.751558e-05,3.143111e-05
2017-09-04 01:00:00,0.000100187426,9.56037e-05,0.00012540993,0.00012135553,4.3656975e-05,9.688576e-05
2017-09-04 02:00:00,2.9624609e-05,0.00023506756,0.00017750567,9.061775e-05,0.00013854809,0.00015129379
2017-09-04 03:00:00,0.00030615783,0.00018838007,7.7044155e-05,0.00014491909,0.0001871473,0.00022098482
2017-09-04 04:00:00,4.0975083e-05,0.00013236326,7.739067e-05,3.8106526e-05,5.312514e-05,0.00011034577
2017-09-04 05:00:00,0.00011344985,3.9549184e-05,4.093232e-05,7.2877745e-05,0.000120306606,4.451435e-05
2017-09-04 06:00:00,0.00010417138,0.00018743616,0.00020095597,4.806648e-05,0.00019123153,0.00017138837
2017-09-04 07:00:00,5.7454257e-05,0.00012459826,8.5787615e-05,6.430218e-05,6.0189806e-05,0.0003189323
2017-09-04 08:00:00,7.340919e-05,0.00013208321,5.2371117e-05,6.791039e-05,0.0003390565,0.00048331957
2017-09-04 09:00:00,0.00021947308,4.889162e-05,5.6446635e-05,0.0002775997,0.0004198062,0.00042879657
2017-09-04 10:00:00,0.00016858567,0.00017147405,0.00057547,0.00073985505,0.0006062532,0.00062832306
2017-09-04 11:00:00,3.212043e-05,0.00033656054,0.0005618001,0.00048251622,0.00061485724,0.00063356484
2017-09-04 12:00:00,0.00032624963,0.0006493049,0.00064394367,0.000689087,0.0004892048,0.00048066594
2017-09-04 13:00:00,0.0003769119,0.0004120803,0.00030742784,0.00035933504,0.00019659146,0.0002453898
2017-09-04 14:00:00,8.865952e-05,8.955465e-05,0.0001244858,3.981273e-05,8.485053e-05,0.00010825491
2017-09-04 15:00:00,4.1163552e-05,6.568073e-05,5.673848e-05,4.095616e-05,7.0447204e-05,0.00012101224
2017-09-04 16:00:00,4.0737512e-05,7.721552e-05,5.0776456e-05,4.047728e-05,0.00015341477,0.00018622016
2017-09-04 17:00:00,0.00013483112,3.609299e-05,4.275605e-05,0.00015258048,0.00022372455,0.00019616795
2017-09-04 18:00:00,0.000108119326,8.776689e-05,9.5285024e-05,0.00011058711,0.00014514796,6.7041125e-05
2017-09-04 19:00:00,3.5217054e-05,0.00012782578,0.00022461549,0.00016125652,0.00013650098,0.000118104705
2017-09-04 20:00:00,0.0002406852,0.00028402664,0.0001968226,0.00010734138,9.9639e-05,0.000100001176
2017-09-04 21:00:00,5.639789e-05,6.954725e-05,5.4178865e-05,5.187205e-05,5.901181e-05,9.610968e-05
2017-09-04 22:00:00,4.5769833e-05,9.2457274e-05,0.00012825444,0.00012606106,0.00012001284,0.0003173022
2017-09-04 23:00:00,7.833372e-05,0.00011086315,0.00010453249,0.00019075445,0.00023199203,0.00077044906
2017-09-05 00:00:00,4.545583e-05,4.7209647e-05,0.00014618461,0.0002000273,0.0006736611,0.0010465963
2017-09-05 01:00:00,8.439711e-05,7.609906e-05,0.00019282555,0.00052054157,0.0010487081,0.0010492515
2017-09-05 02:00:00,0.0001096166,0.00025554298,0.00070271327,0.0011122273,0.001208449,0.0010040017
2017-09-05 03:00:00,0.00012623538,0.00072812947,0.0012147271,0.0010733599,0.0010143396,0.0007423606
2017-09-05 04:00:00,0.000763396,0.0011866185,0.001856447,0.0010557933,0.0006665699,0.0010198837
2017-09-05 05:00:00,0.00052211777,0.0005589217,0.00033377577,0.00028533928,0.00051657413,0.00014422876
2017-09-05 06:00:00,0.0003073791,0.0001117477,0.0001767897,7.1355746e-05,0.00028210986,0.00025934025
2017-09-05 07:00:00,0.00031500022,0.0003805118,0.0003192577,0.00048875035,0.00054032216,0.00041205296
2017-09-05 08:00:00,8.482709e-05,6.0453072e-05,0.00018167301,0.00019636596,0.00018615469,0.00020078641
2017-09-05 09:00:00,0.00015604783,9.9664096e-05,0.00012796675,0.00010312392,0.00016825553,0.00026351406
2017-09-05 10:00:00,0.00033721878,0.00026128272,0.0002593173,0.00021538133,0.0004837756,0.0005071141
2017-09-05 11:00:00,7.5850876e-05,6.825946e-05,5.5975477e-05,0.00021126785,0.00038545518,0.0005762977
2017-09-05 12:00:00,3.3402837e-05,2.6696274e-05,0.00014480318,0.00030506853,0.0004242464,0.0006966071
2017-09-05 13:00:00,4.4095203e-05,0.0001567049,0.00039873933,0.0005136215,0.00075958465,0.00070518337
2017-09-05 14:00:00,0.00016295463,0.00034981171,0.00052855106,0.0008535208,0.00050374604,0.00075581815
2017-09-05 15:00:00,0.00035172142,0.00034721024,0.0008305283,0.00045323654,0.0006268254,0.00053128495
2017-09-05 16:00:00,0.00019457805,0.00052593765,0.00040114246,0.00050115824,0.00039794043,0.00036255413
2017-09-05 17:00:00,0.0004371727,0.00024662117,0.00040335674,0.0002469516,0.00029896828,0.00025214607
2017-09-05 18:00:00,6.485232e-05,3.2463053e-05,0.00012151711,4.3753425e-05,0.0001212634,7.925872e-05
2017-09-05 19:00:00,6.359215e-05,6.5912216e-05,3.9792056e-05,7.204138e-05,5.3469605e-05,7.553832e-05
2017-09-05 20:00:00,0.00016330298,4.3855605e-05,0.00012365147,8.696714e-05,0.00012484097,0.00022544607
2017-09-05 21:00:00,0.00010963889,2.6766224e-05,3.4955687e-05,3.3918095e-05,0.00011667277,3.0117842e-05
2017-09-05 22:00:00,0.00011875313,9.752945e-05,0.00015384669,0.00018957125,6.927161e-05,4.8192695e-05
2017-09-05 23:00:00,4.8793438e-05,3.9358518e-05,0.00013641667,4.939344e-05,0.00014807451,0.00029487707
2017-09-06 00:00:00,5.038327e-05,0.00014222032,5.8511763e-05,0.000157788,0.00032221575,0.0003198782
2017-09-06 01:00:00,0.00011223998,7.140295e-05,0.00020532792,0.00029850227,0.00025572508,0.0004391291
2017-09-06 02:00:00,0.00015938964,0.00021964668,0.0005481558,0.00029360852,0.0005712442,0.00044585235
2017-09-06 03:00:00,0.00017591822,0.0002777681,0.0002340733,0.00045599855,0.00028697352,0.00032579928
2017-09-06 04:00:00,0.00025318481,0.00017710673,0.00041427236,0.00023141722,0.00031424966,0.0005773933
2017-09-06 05:00:00,4.885903e-05,0.00016351756,4.2622272e-05,7.7230485e-05,0.00045986456,0.0004821202
2017-09-06 06:00:00,0.0002856619,8.425035e-05,0.0001304946,0.00036280137,0.00058812,0.00047982906
2017-09-06 07:00:00,0.00013990019,8.734144e-05,0.0002372438,0.00038996487,0.0004911059,0.0003958543
2017-09-06 08:00:00,5.649225e-05,0.00037165856,0.00036937848,0.0005470572,0.0006854772,0.0003398057
2017-09-06 09:00:00,0.0005047526,0.0004651107,0.0006089394,0.0005922943,0.00022225999,0.0006018216
2017-09-06 10:00:00,0.00017159001,0.00026637636,0.00021593232,3.294493e-05,0.00030191612,0.0004090081
2017-09-06 11:00:00,0.00012597561,9.722398e-05,0.00017147645,0.00024390685,0.00032904244,0.00026712663
2017-09-06 12:00:00,3.4151588e-05,0.00020522819,0.000108483095,0.00013976885,0.00032181616,0.00030597326
2017-09-06 13:00:00,0.00035298968,0.00013994043,0.00020461495,0.00028744235,0.00027376373,0.0003898393
2017-09-06 14:00:00,0.00032114246,0.000499201,0.0006557803,0.00062794605,0.0006171724,0.0003740086
2017-09-06 15:00:00,0.00012656629,0.00019122589,0.00016062048,0.00027110032,0.00013091778,0.00015169034
2017-09-06 16:00:00,0.00019516188,0.00015760925,0.00026406164,8.30251e-05,6.717909e-05,0.000103412494
2017-09-06 17:00:00,5.399822e-05,0.00013312658,7.561136e-05,6.874925e-05,2.6855087e-05,3.1967564e-05
2017-09-06 18:00:00,0.00012228239,7.0647555e-05,9.732885e-05,4.750123e-05,4.6261077e-05,0.00020646569
2017-09-06 19:00:00,0.00021834615,0.00016988008,0.000102076294,0.00016016641,9.397935e-05,6.422792e-05
2017-09-06 20:00:00,4.769412e-05,8.774028e-05,5.0627554e-05,0.00026924475,0.00022453698,0.00029599166
2017-09-06 21:00:00,0.00010683034,3.3471973e-05,0.00028427228,0.00027381477,0.00035584305,0.0001952459
2017-09-06 22:00:00,8.7950124e-05,0.00020121179,0.00023708522,0.0002109121,0.00022285768,0.0002562309
2017-09-06 23:00:00,0.00036305713,0.00021543026,0.00030859277,0.00023185411,0.00031956495,4.1978576e-05
2017-09-07 00:00:00,3.7588165e-05,7.487232e-05,5.6542427e-05,6.1408464e-05,0.00018984695,0.00016398904
2017-09-07 01:00:00,6.749601e-05,3.26059e-05,5.7889392e-05,0.00020021344,0.00020868123,0.00023371495
2017-09-07 02:00:00,0.00010604096,3.272533e-05,0.00032684248,0.00021223177,0.00044025772,3.589935e-05
2017-09-07 03:00:00,0.00011052124,0.00022556812,0.00022218337,0.00027380243,5.031918e-05,0.00027796955
2017-09-07 04:00:00,0.0003486333,0.00028814137,0.00031237144,7.173582e-05,0.00020119062,0.00053408596
2017-09-07 05:00:00,3.1204214e-05,0.00011749451,0.00014808118,0.00038480098,0.0006944809,0.00047210942
2017-09-07 06:00:00,0.00013607625,0.00015997207,0.00046007533,0.0007430142,0.00070581544,0.00059971196
2017-09-07 07:00:00,0.00031575075,0.00058734644,0.00072456116,0.00063158124,0.0005897471,6.036653e-05
2017-09-07 08:00:00,0.0003210719,0.0007499128,0.00063393015,0.00024910105,0.00017483023,0.00017397577
2017-09-07 09:00:00,0.0004602122,0.00030405849,8.0103135e-05,0.00041465086,0.00045574413,0.0002963147
2017-09-07 10:00:00,0.00013782042,0.00026693312,0.00080282876,0.00073047914,0.0005567749,0.0005924496
2017-09-07 11:00:00,0.00018586255,0.0008037813,0.0006843244,0.00056563347,0.0008341868,0.00065869855
2017-09-07 12:00:00,0.00080030126,0.0003882849,0.00032660924,0.00048623953,0.00072804355,0.00064516976
2017-09-07 13:00:00,7.483045e-05,0.00014758005,4.809346e-05,0.00022149428,0.00019523814,0.00025665507
2017-09-07 14:00:00,0.00032492945,4.641548e-05,0.00017169367,0.00017871191,0.00019517564,0.00038611807
2017-09-07 15:00:00,0.0002418246,0.00040731236,0.00041822623,0.0004018857,0.0005952325,0.00034013402
2017-09-07 16:00:00,0.00019653793,0.0002549498,0.0003338262,0.00034416394,0.0002482867,0.00025501905
2017-09-07 17:00:00,4.3340693e-05,8.122326e-05,0.00027753602,0.00010134743,8.7377986e-05,6.4735344e-05
2017-09-07 18:00:00,6.325328e-05,0.00024921313,0.00011208769,5.9460093e-05,7.584117e-05,3.807595e-05
2017-09-07 19:00:00,0.00029843496,8.386243e-05,3.852836e-05,4.381402e-05,5.139152e-05,4.8081325e-05
2017-09-07 20:00:00,0.00014455589,0.00017611696,0.0001400999,0.00018936975,0.00024428262,0.00024251992
2017-09-07 21:00:00,7.5313765e-05,4.2600623e-05,7.904548e-05,9.9983816e-05,0.0001773203,0.00020605265
2017-09-07 22:00:00,3.0203855e-05,3.635808e-05,7.844238e-05,0.00012957669,0.0001643538,0.00016745589
2017-09-07 23:00:00,3.1094456e-05,6.61313e-05,0.000118482734,0.00015420631,0.00019207447,0.00033346194
2017-09-08 00:00:00,5.5245542e-05,0.000106669766,0.0001571306,0.00020776158,0.00030206633,0.0002573332
2017-09-08 01:00:00,8.4440966e-05,0.000113200695,0.00017202836,0.0003095031,0.00025820738,0.00018673207
2017-09-08 02:00:00,9.3161776e-05,0.000108045206,0.0002465123,0.00021098358,0.0001198512,0.00010775689
2017-09-08 03:00:00,6.455236e-05,0.00019530256,0.00018405805,7.276951e-05,5.513277e-05,0.00019941495
2017-09-08 04:00:00,0.0001899621,0.00015563049,4.2041906e-05,3.2501037e-05,0.00026462934,0.00036816602
2017-09-08 05:00:00,3.2453034e-05,0.00012326079,0.00017284727,0.00042745617,0.0004925339,0.00033144891
2017-09-08 06:00:00,0.00014120642,0.00017325547,0.0004944244,0.0004882469,0.00029284667,0.00020830223
2017-09-08 07:00:00,3.3024662e-05,0.00038267294,0.00045127142,0.00019508162,0.00054943986,0.00019987556
2017-09-08 08:00:00,0.0003937318,0.00027144345,0.00020132342,0.00043966735,0.0002952495,0.00029083766
2017-09-08 09:00:00,4.6728077e-05,0.00013704108,0.0009281495,0.0004452863,0.00047013338,0.00089530705
2017-09-08 10:00:00,0.0001712964,0.0007545781,0.00057773135,0.00058616075,0.0007806719,0.00079263316
2017-09-08 11:00:00,0.00086987054,0.00043623525,0.00052666815,0.0005503706,0.0006576884,0.000543473
2017-09-08 12:00:00,0.00023792416,0.00024437095,0.00013817358,6.993873e-05,3.741004e-05,3.172934e-05
2017-09-08 13:00:00,3.0481307e-05,0.00040721564,0.00012495082,0.00013687975,0.0001878214,0.00025715184
2017-09-08 14:00:00,0.00039352023,0.00016251461,0.0001822964,0.00017297223,0.00032047502,2.3462519e-05
2017-09-08 15:00:00,0.00019422578,0.0001656319,0.00012763066,3.8874667e-05,0.00023856715,0.00024453984
2017-09-08 16:00:00,4.6280238e-05,5.3678443e-05,0.00017021871,0.00010196265,0.00012402299,0.00014183077
2017-09-08 17:00:00,5.1868337e-05,0.000139664,0.00015953672,0.00015339801,0.00018962915,0.00014872897
2017-09-08 18:00:00,0.00014117616,0.00020319222,0.0002308197,0.00017602714,0.00020228284,0.00024149651
2017-09-08 19:00:00,0.00034895414,0.00033846046,0.00044119955,0.00021276293,0.00032822692,0.00029710052
2017-09-08 20:00:00,3.0188463e-05,8.4842344e-05,8.661748e-05,8.7423294e-05,9.8358236e-05,3.4009707e-05
2017-09-10 21:00:00,8.160221e-05,6.235558e-05,9.240356e-05,7.9634294e-05,4.9496357e-05,6.049725e-05
2017-09-10 22:00:00,8.464039e-05,3.3006345e-05,4.017873e-05,3.979942e-05,4.2555486e-05,4.8376223e-05
2017-09-10 23:00:00,5.9352562e-05,5.1131523e-05,3.938146e-05,4.382486e-05,5.8514408e-05,0.00019038402
2017-09-11 00:00:00,2.8113647e-05,6.3566746e-05,4.3323533e-05,5.1689796e-05,0.00018779152,0.00023960305
2017-09-11 01:00:00,9.1055255e-05,3.8480954e-05,5.605177e-05,0.00012598926,0.00030156996,0.00052119186
2017-09-11 02:00:00,4.502458e-05,6.7155044e-05,0.00023555511,0.00028995654,0.00047541372,0.0004531571
2017-09-11 03:00:00,6.355639e-05,0.00020122658,0.00024490283,0.0003921807,0.00045511438,0.00042579183
2017-09-11 04:00:00,0.0002086954,0.00022156678,0.0005863033,0.00032396137,0.00039966768,0.00039133365
2017-09-11 05:00:00,9.20896e-05,0.00036795516,0.00039422695,0.00025615378,0.00016156599,2.445974e-05
2017-09-11 06:00:00,0.00039065798,0.0002528254,0.00021137805,0.00014057144,4.274385e-05,5.5121833e-05
2017-09-11 07:00:00,9.793097e-05,0.000104307925,0.00016072324,0.00031394226,0.00015985242,8.430827e-05
2017-09-11 08:00:00,8.195719e-05,0.0001136035,0.00030462383,0.00016422661,6.9668444e-05,2.4291443e-05
2017-09-11 09:00:00,4.0848096e-05,0.00026136695,9.2728085e-05,5.151859e-05,6.748288e-05,0.00024512233
2017-09-11 10:00:00,0.00028541413,6.791586e-05,4.387621e-05,0.00010850586,0.00028403135,0.00013343176
2017-09-11 11:00:00,0.00013822172,0.00024010765,0.00019357365,0.00013833238,6.9265625e-05,4.491449e-05
2017-09-11 12:00:00,0.00014624977,0.00017758462,0.00026587967,4.989336e-05,5.641688e-05,9.391957e-05
2017-09-11 13:00:00,6.9782116e-05,0.00032115827,0.00016009912,0.00018794193,0.00020371174,0.00030970943
2017-09-11 14:00:00,0.0004736561,0.00019926009,0.00020067408,0.00026609274,0.0003182452,0.00028030213
2017-09-11 15:00:00,0.0002500151,0.00010730053,0.00012342015,4.8894482e-05,4.2389638e-05,0.0001310679
2017-09-11 16:00:00,4.5296223e-05,7.032788e-05,0.000103969665,9.9880475e-05,5.265545e-05,0.00013610658
2017-09-11 17:00:00,5.5881395e-05,0.000105448504,0.000114083305,4.999339e-05,0.00013056496,3.9871753e-05
2017-09-11 18:00:00,0.00011619708,3.334798e-05,3.952561e-05,6.92726e-05,4.1914398e-05,3.1796324e-05
2017-09-11 19:00:00,6.943926e-05,8.027734e-05,3.689744e-05,0.00013402879,6.0021473e-05,0.00016283526
2017-09-11 20:00:00,8.950749e-05,4.2955948e-05,0.00011524127,5.490952e-05,0.00011224104,0.00013705011
2017-09-11 21:00:00,0.00011569544,3.827776e-05,6.0397477e-05,0.00014677024,6.4994536e-05,9.422971e-05
2017-09-11 22:00:00,0.0001519204,6.928668e-05,0.00027012033,0.00020696232,0.00015560888,0.00017175791
2017-09-11 23:00:00,6.797782e-05,6.5208944e-05,8.112495e-05,8.554939e-05,5.3083364e-05,3.1100273e-05
2017-09-12 00:00:00,0.00021906765,0.00013997951,0.00013616263,0.000101654994,6.233309e-05,0.0002395827
2017-09-12 01:00:00,2.169085e-05,2.5814557e-05,6.615009e-05,6.117402e-05,0.00042506278,0.0002676323
2017-09-12 02:00:00,3.7807058e-05,4.0866464e-05,7.8230274e-05,0.00034014136,0.00027290697,0.00036052126
2017-09-12 03:00:00,3.7128048e-05,5.3562904e-05,0.0004474812,0.0003180858,0.00030138946,9.9685065e-05
2017-09-12 04:00:00,3.6199206e-05,0.00042218508,0.00026634076,0.00034871278,9.218406e-05,0.00016090873
2017-09-12 05:00:00,0.00050866895,0.00023470462,0.00034246643,6.011602e-05,0.00016835459,3.6847803e-05
2017-09-12 06:00:00,0.00011714902,4.9435333e-05,0.000273472,0.00013871741,0.00030882566,0.0001158803
2017-09-12 07:00:00,6.7365276e-05,0.00019740786,7.109931e-05,0.0002417088,4.8206235e-05,0.00047485664
2017-09-12 08:00:00,0.0003580836,0.00012678179,0.00036356732,7.4134376e-05,0.0004978707,0.00033299634
2017-09-12 09:00:00,0.00020759227,6.991529e-05,0.00017528352,0.00031339,0.00015555332,0.000114446026
2017-09-12 10:00:00,0.00018320984,3.128749e-05,0.00048821574,0.0002726513,0.00018847495,7.001085e-05
2017-09-12 11:00:00,0.0002512041,0.00029866726,0.00017025956,6.088649e-05,8.778309e-05,0.00029086025
2017-09-12 12:00:00,0.00062804134,0.0003450961,0.00024093437,0.00012052236,0.0003448869,0.00041760225
2017-09-12 13:00:00,0.00015487922,0.00023561106,0.00031202674,4.701801e-05,3.9428312e-05,7.431365e-05
2017-09-12 14:00:00,0.00014241599,0.000244682,0.0001670475,8.059911e-05,4.314812e-05,3.4670586e-05
2017-09-12 15:00:00,0.00011844908,0.00021049421,0.00020397297,0.00014150277,0.0001112494,0.00027410573
2017-09-12 16:00:00,0.00048426463,0.0003105735,0.00023662795,0.00026655474,0.00037501694,0.00045879363
2017-09-12 17:00:00,3.97241e-05,9.31121e-05,0.00014104004,4.3926317e-05,4.438693e-05,3.0155747e-05
2017-09-12 18:00:00,9.148419e-05,8.200134e-05,4.8893304e-05,0.00010662518,5.3731044e-05,0.00015724981
2017-09-12 19:00:00,4.1475592e-05,9.803435e-05,0.00015656863,0.00012915434,7.071139e-05,4.0658568e-05
2017-09-12 20:00:00,0.0001593081,0.00016468257,0.00015601912,8.970504e-05,4.1403528e-05,6.526928e-05
2017-09-12 21:00:00,6.968991e-05,2.5260437e-05,0.00021518029,0.0001071533,0.00017584334,9.405178e-05
2017-09-12 22:00:00,4.8969705e-05,0.00024558292,0.00013264638,0.00018705321,0.00011192819,3.5725363e-05
2017-09-12 23:00:00,0.00024988773,0.00012724499,0.00018367861,9.429049e-05,5.974864e-05,3.483957e-05
2017-09-13 00:00:00,8.4461666e-05,4.6882476e-05,6.649998e-05,0.00020122122,0.00017442882,0.00034243465
2017-09-13 01:00:00,4.671011e-05,4.6194167e-05,0.0002467689,0.00013791927,0.00032934514,0.00048125195
2017-09-13 02:00:00,8.260097e-05,0.00021982535,0.00021458259,0.0003022898,0.00048040107,0.00036945753
2017-09-13 03:00:00,0.00024697479,0.00011978515,0.00039259635,0.00048073224,0.00022806315,0.00017952394
2017-09-13 04:00:00,7.9096884e-05,0.00013140506,0.0003086499,0.00012084309,5.7808338e-05,0.00010255013
2017-09-13 05:00:00,0.00019865343,0.0003224543,0.0001993028,0.000116749914,0.000110360306,0.0001472266
2017-09-13 06:00:00,0.00015820154,3.6288442e-05,7.762805e-05,3.813496e-05,4.843775e-05,0.00016096667
2017-09-13 07:00:00,0.00016974087,0.00024381206,0.0001911059,0.0001586932,0.0002699545,7.308205e-05
2017-09-13 08:00:00,0.00011949356,5.5403634e-05,6.841633e-05,0.00015892793,4.8388276e-05,7.57743e-05
2017-09-13 09:00:00,6.033307e-05,5.0418184e-05,0.00012450285,0.00022692414,0.0001549032,4.627626e-05
2017-09-13 10:00:00,2.8048047e-05,0.000106278196,0.000115263894,0.00017777288,6.441671e-05,0.00019838107
2017-09-13 11:00:00,0.00016559813,0.00013179671,0.00016796931,7.8563295e-05,0.00015367233,0.00033068468
2017-09-13 12:00:00,0.00035691788,0.00023024692,6.235076e-05,8.832783e-05,0.00015694744,0.00013516928
2017-09-13 13:00:00,7.300487e-05,0.00017834063,0.00030944205,0.0003885776,0.00029653386,0.00033912534
2017-09-13 14:00:00,0.00029541645,0.0003234467,0.00047820993,0.00035710415,0.00033659546,0.000274876
2017-09-13 15:00:00,0.00019292234,0.00019963352,0.00017088931,0.00013515422,9.794549e-05,4.3332115e-05
2017-09-13 16:00:00,0.00012380222,6.415697e-05,7.367284e-05,6.1390245e-05,0.00010700464,0.00011870742
2017-09-13 17:00:00,7.500567e-05,7.2315066e-05,0.00014592907,0.00023973577,0.00014302516,0.00014327372
2017-09-13 18:00:00,8.71535e-05,8.3665625e-05,0.00014473668,0.00013582649,9.457532e-05,0.00012885552
2017-09-13 19:00:00,0.000116995456,0.00014996975,0.00015025775,7.8729325e-05,0.000112108624,0.00013216482
2017-09-13 20:00:00,0.00011851078,8.847302e-05,6.89954e-05,7.2077004e-05,8.442412e-05,8.03272e-05
2017-09-13 21:00:00,3.3579236e-05,4.615215e-05,4.5967892e-05,2.9618477e-05,3.9814684e-05,3.059182e-05
2017-09-13 22:00:00,7.874357e-05,3.8856608e-05,5.1045317e-05,3.244759e-05,3.6456382e-05,5.8764082e-05
2017-09-13 23:00:00,2.9923787e-05,4.7494865e-05,6.4148524e-05,4.8860165e-05,2.815644e-05,6.5298525e-05
2017-09-14 00:00:00,3.7157228e-05,3.4631597e-05,3.3346587e-05,3.9974777e-05,6.09114e-05,0.0005196403
2017-09-14 01:00:00,3.5971552e-05,2.4060255e-05,4.8335918e-05,6.424203e-05,0.00034458842,0.00046087563
2017-09-14 02:00:00,3.8183658e-05,6.21758e-05,5.752016e-05,0.0003789492,0.00032662266,0.0008743144
2017-09-14 03:00:00,6.11969e-05,4.9686023e-05,0.0005301306,0.0005683864,0.00062659115,0.0008959807
2017-09-14 04:00:00,0.00011086118,0.00053159526,0.0005369368,0.0009251502,0.00051941635,0.00068985455
2017-09-14 05:00:00,0.00041921873,0.0004478563,0.0007852989,0.0009151231,0.0005331163,0.0015722931
2017-09-14 06:00:00,0.00010120585,0.00048744024,0.0005739235,0.0002798876,0.001161381,0.00051920523
2017-09-14 07:00:00,0.00039865234,0.00037985903,0.00017188549,0.0011308258,0.00048069877,0.0006802014
2017-09-14 08:00:00,0.00016286736,8.766505e-05,0.00087891985,0.000260496,0.00037660205,0.00071714335
2017-09-14 09:00:00,0.00025074865,0.0007482794,0.0001805252,0.00030675912,0.00055609376,4.1048133e-05
2017-09-14 10:00:00,0.0011174431,0.00044349188,0.00062199583,0.00067392876,0.00016431928,0.0003595231
2017-09-14 11:00:00,0.00083809206,0.0004096966,0.00022058828,0.00065157475,0.0006716668,0.00069747807
2017-09-14 12:00:00,0.00019082219,0.000352826,0.00018062047,5.0599378e-05,5.760097e-05,0.00034727418
2017-09-14 13:00:00,0.00029642138,0.00030797595,0.00021457796,8.231556e-05,0.0001222876,0.00018183327
2017-09-14 14:00:00,0.0007398403,0.00042683666,0.0004321844,8.1144695e-05,0.0001026444,0.00015041193
2017-09-14 15:00:00,0.0002373894,0.00019218953,0.00047380765,0.00047409328,0.00041308027,0.00037860713
2017-09-14 16:00:00,5.4054904e-05,0.00029771883,0.0003819878,0.00028518948,0.0002450906,0.00043880986
2017-09-14 17:00:00,0.0003321518,0.00026769235,0.00024306744,0.00020884593,0.00028526207,0.00031745894
2017-09-14 18:00:00,5.6807352e-05,3.5543817e-05,7.363737e-05,0.00010935272,0.00023236123,4.9882317e-05
2017-09-14 19:00:00,7.376516e-05,5.679684e-05,8.368429e-05,0.0001511429,3.271037e-05,0.0008471691
2017-09-14 20:00:00,3.8993297e-05,0.00013055568,0.000262193,8.498859e-05,0.0006616517,0.00068256736
2017-09-14 21:00:00,0.00016559503,0.00026662953,6.650363e-05,0.00060187594,0.00075141987,0.0007926237
2017-09-14 22:00:00,0.00014393705,6.980508e-05,0.00081425265,0.00092114694,0.0005580257,0.0007997914
2017-09-14 23:00:00,0.00021403443,0.00047739167,0.00046950788,0.0005276269,0.00045382875,0.0005729296
2017-09-15 00:00:00,0.0010258118,0.00085755845,0.00078320235,0.0007168098,0.00049429585,0.00032864875
2017-09-15 01:00:00,3.3757366e-05,4.321324e-05,0.00014185757,8.468201e-05,0.0003065078,9.102015e-05
2017-09-15 02:00:00,5.2541793e-05,0.000104196515,0.00010956572,0.00033351066,0.00013705253,0.00013185864
2017-09-15 03:00:00,0.00017104782,5.7188983e-05,0.0003418246,7.6826764e-05,0.00012588223,2.8187034e-05
2017-09-15 04:00:00,0.00024828408,0.00044995762,0.0002736882,0.00026305998,0.00010538623,0.00020080563
2017-09-15 05:00:00,0.0003529865,3.1735846e-05,0.00011863255,6.7299574e-05,4.256955e-05,0.00027728482
2017-09-15 06:00:00,0.00034882012,0.00016475825,0.00031682075,0.00034626256,0.00010426682,0.00021951203
2017-09-15 07:00:00,9.150707e-05,7.787505e-05,8.341335e-05,0.0003747836,0.0003805995,0.0007259338
2017-09-15 08:00:00,0.00019936275,9.4355506e-05,0.00026645671,0.00049564533,0.0005447121,0.00026306312
2017-09-15 09:00:00,7.137813e-05,0.0004094241,0.000806038,0.00087428495,0.00038561635,0.0006765347
2017-09-15 10:00:00,0.00049784256,0.00045261573,0.00047781848,0.00030268266,0.0005070806,0.00061497133
2017-09-15 11:00:00,0.00031852015,0.00037272045,2.4810479e-05,0.0002146535,0.00013711999,0.00017364716
2017-09-15 12:00:00,0.00012894724,0.00014030864,4.1869094e-05,8.645384e-05,3.1289146e-05,4.0152616e-05
2017-09-15 13:00:00,0.00037957047,0.0001344598,0.0001927147,0.00016256334,0.00011155554,0.00025235722
2017-09-15 14:00:00,0.00026837032,0.00014730897,0.00017096828,0.00017128034,7.363358e-05,0.00019535428
2017-09-15 15:00:00,0.00010783162,3.171924e-05,4.9241935e-05,0.00012476984,6.785452e-05,0.00011893274
2017-09-15 16:00:00,7.564211e-05,8.365424e-05,7.366386e-05,0.00011641091,0.00015697369,0.00019446663
2017-09-15 17:00:00,5.3404554e-05,9.850117e-05,9.7509226e-05,0.00010570579,0.00011585278,0.00012703135
2017-09-15 18:00:00,0.00011594985,5.0491493e-05,0.00013462603,0.00012294891,0.00017464464,0.00027027813
2017-09-15 19:00:00,0.0002574733,0.00023611274,0.00032463708,0.00026658486,0.00036841785,0.0002077333
2017-09-15 20:00:00,9.544281e-05,8.6559296e-05,0.0001648479,0.00016918207,7.569048e-05,0.00012386915
2017-09-17 21:00:00,5.5311433e-05,0.00011583321,0.00022512866,4.5358767e-05,8.563765e-05,0.00019350626
2017-09-17 22:00:00,8.202608e-05,0.00015482733,5.9552836e-05,5.4170516e-05,0.00014495505,4.2743643e-05
2017-09-17 23:00:00,0.00016037413,5.9165413e-05,6.828362e-05,6.376333e-05,7.600759e-05,6.169823e-05
2017-09-18 00:00:00,0.0002220906,0.0001080928,4.8911017e-05,0.00014952464,3.3189943e-05,0.00014134441
2017-09-18 01:00:00,5.911421e-05,0.00014363481,3.781663e-05,0.0001084244,4.3060325e-05,8.8302004e-05
2017-09-18 02:00:00,0.00014262894,3.3827648e-05,0.00010449959,5.6748537e-05,0.00011343835,2.4303792e-05
2017-09-18 03:00:00,0.0001598594,2.9601606e-05,0.00012947862,0.00020382291,6.590789e-05,4.2039603e-05
2017-09-18 04:00:00,0.00019685092,2.686066e-05,0.000107121305,5.417511e-05,7.49359e-05,0.0002830909
2017-09-18 05:00:00,0.00012772236,0.00027083835,7.8927456e-05,7.7521094e-05,0.00010447808,0.00026950886
2017-09-18 06:00:00,0.00011562049,2.5238181e-05,8.713093e-05,0.00019186796,0.00030786768,0.00041870074
2017-09-18 07:00:00,0.00017603565,0.00015026571,0.00030384646,0.00052807486,0.00038772004,0.0005680572
2017-09-18 08:00:00,3.8597685e-05,0.00025582596,0.0005039098,0.00032426478,0.00031700588,0.0008144806
2017-09-18 09:00:00,0.00020767008,0.00032254818,0.00042016327,0.00041218792,0.000471483,0.0005249483
2017-09-18 10:00:00,0.00030627576,0.00015349437,0.00023416786,0.00048648755,0.00028699505,0.00055711047
2017-09-18 11:00:00,7.4115946e-05,3.6837926e-05,0.00039017294,0.00021816579,0.00037965403,0.00026562306
2017-09-18 12:00:00,9.6453434e-05,0.00036809375,0.00026937146,0.00038515488,0.0002991528,0.0004722579
2017-09-18 13:00:00,0.0003448411,0.00017406986,0.00029989635,0.0001873835,0.00037480364,0.000521458
2017-09-18 14:00:00,0.00015457877,2.6497404e-05,4.131935e-05,0.00013181426,0.0001318442,0.0001156217
2017-09-18 15:00:00,0.00014079179,9.729999e-05,0.00025308298,0.00020869577,0.00025901198,0.00012402385
2017-09-18 16:00:00,5.0556064e-05,0.00014750857,0.00017703496,0.00010410667,4.139828e-05,0.00010108936
2017-09-18 17:00:00,0.0001754867,0.00014733552,0.00018938676,3.3090742e-05,4.8219405e-05,0.00016276917
2017-09-18 18:00:00,3.28279e-05,4.630852e-05,0.00016809112,0.00010867692,7.88495e-05,3.6116555e-05
2017-09-18 19:00:00,3.4596138e-05,0.000119253935,6.862388e-05,7.741674e-05,4.0728784e-05,9.897878e-05
2017-09-18 20:00:00,0.00018391844,6.617239e-05,0.00013494666,5.4261902e-05,9.99029e-05,2.6299407e-05
2017-09-18 21:00:00,0.00010744304,0.00020299834,0.0001344068,2.5730935e-05,0.00012839834,0.00010350325
2017-09-18 22:00:00,0.00017968188,4.49912e-05,6.9032285e-05,5.8987374e-05,5.1021383e-05,1.7600101e-05
2017-09-18 23:00:00,0.0001395058,0.00019594705,0.00012663375,9.777835e-05,0.00014158459,0.0004413607
2017-09-19 00:00:00,0.000118141324,2.3222525e-05,4.2002866e-05,6.0517283e-05,0.00028378793,0.0003251817
2017-09-19 01:00:00,0.00012115059,9.417382e-05,6.258436e-05,0.0002201827,0.00014319904,5.513394e-05
2017-09-19 02:00:00,4.0942967e-05,6.574277e-05,0.00036006683,0.00029560598,5.4575426e-05,7.899707e-05
2017-09-19 03:00:00,5.3268952e-05,0.00027368343,0.0002960754,4.454552e-05,7.1867726e-05,0.0002940299
2017-09-19 04:00:00,0.0003532807,0.00024235058,6.6937966e-05,6.0851693e-05,0.00028556632,0.0002553271
2017-09-19 05:00:00,3.616031e-05,0.00023759864,0.00021119481,0.00052556273,0.00058499194,0.00064818707
2017-09-19 06:00:00,0.0003234556,0.00022809787,0.00046194327,0.00049972336,0.0005244066,0.00039511832
2017-09-19 07:00:00,8.875004e-05,0.00033159088,0.0004919713,0.0003717958,0.00013556947,4.633796e-05
2017-09-19 08:00:00,0.0005249883,0.0004128363,0.00063368893,0.00020620476,0.00010915707,0.00011078543
2017-09-19 09:00:00,9.561118e-05,9.4285926e-05,0.0001440364,0.0002399005,0.00034662473,0.00028830828
2017-09-19 10:00:00,4.281309e-05,0.00022083981,0.0003081077,0.00053123554,0.00024545347,0.0005038611
2017-09-19 11:00:00,0.00030282116,0.00040037875,0.00050959736,0.0004115574,0.00040877122,0.0005035363
2017-09-19 12:00:00,0.00013552907,0.0003081515,0.00023842722,0.00019914843,0.0002715346,0.00026015018
2017-09-19 13:00:00,0.00030688368,0.00014553306,0.000102104896,0.00028226877,0.00018492648,0.00012423059
2017-09-19 14:00:00,0.0001281439,8.346042e-05,5.409171e-05,2.787554e-05,5.5508688e-05,4.7565307e-05
2017-09-19 15:00:00,3.5302055e-05,8.921351e-05,9.4912815e-05,6.200573e-05,4.0725456e-05,9.930201e-05
2017-09-19 16:00:00,0.0002144968,0.00011723647,8.1619255e-05,8.43887e-05,0.00012469404,0.00017914844
2017-09-19 17:00:00,7.4954354e-05,8.3889136e-05,0.00012578016,5.144318e-05,4.7420315e-05,3.616534e-05
2017-09-19 18:00:00,3.7420235e-05,4.7527752e-05,0.00010203844,7.3152674e-05,7.392307e-05,0.00021577736
2017-09-19 19:00:00,6.284607e-05,0.00010572075,0.00011338905,7.035647e-05,0.00025889618,0.000321918
2017-09-19 20:00:00,0.00013487121,0.00012230234,0.00010696798,0.00029392977,0.0002499633,0.0002583198
2017-09-19 21:00:00,3.0648855e-05,4.9268892e-05,0.0002025142,0.0002261561,0.00013408992,0.00018089864
2017-09-19 22:00:00,4.6221023e-05,0.00015905358,0.00028018895,0.0002169693,0.00015926166,0.000100699464
2017-09-19 23:00:00,0.00032614789,0.00016053666,0.00020499252,0.00024596188,0.00012644258,5.2825515e-05
2017-09-20 00:00:00,3.111341e-05,4.0273768e-05,5.7515812e-05,9.295824e-05,0.00017522524,2.9570969e-05
2017-09-20 01:00:00,6.405366e-05,3.4524153e-05,0.00011130469,0.00020414212,4.9288894e-05,9.043951e-05
2017-09-20 02:00:00,2.6901524e-05,4.1045878e-05,0.00013272262,5.8466845e-05,6.386154e-05,0.00010661003
2017-09-20 03:00:00,6.123168e-05,0.00014823892,4.1986284e-05,4.435416e-05,0.00012272887,5.7635032e-05
2017-09-20 04:00:00,0.00012642254,8.5662454e-05,2.939332e-05,8.2782404e-05,0.00011317672,8.292483e-05
2017-09-20 05:00:00,0.00026975965,9.532695e-05,4.3492575e-05,0.00019960142,0.00012026773,2.9405446e-05
2017-09-20 06:00:00,8.74353e-05,0.0001653711,4.5984274e-05,2.8932833e-05,0.000120456934,0.0007151295
2017-09-20 07:00:00,0.00011839677,0.00010515786,0.000104912295,8.1279e-05,0.000513586,0.0011123657
2017-09-20 08:00:00,0.00026588273,0.00017946752,3.8505463e-05,0.000507466,0.000664638,0.0011288209
2017-09-20 09:00:00,3.91141e-05,0.00019171603,0.0007918206,0.00088210474,0.0011674348,0.0015593552
2017-09-20 10:00:00,0.00020288667,0.0007267097,0.0012017873,0.0013047755,0.0012466331,0.00154585
2017-09-20 11:00:00,0.0008304484,0.00091540517,0.0013533847,0.001389046,0.00075181347,0.001420064
2017-09-20 12:00:00,0.00042126354,0.000584812,0.0008628599,0.0008281704,0.00088504667,0.0008995974
2017-09-20 13:00:00,0.00032922084,0.0006240279,0.00044524774,0.00048110276,0.00038788875,0.00043260286
2017-09-20 14:00:00,0.00036852233,0.00013981562,0.00045000872,0.00017484247,0.00016766066,0.00014701152
2017-09-20 15:00:00,0.000107171945,6.732966e-05,8.9801295e-05,8.4058076e-05,9.559344e-05,0.00011709362
2017-09-20 16:00:00,0.0002551315,3.1065665e-05,4.1189036e-05,4.4844357e-05,9.1876565e-05,2.203775e-05
2017-09-20 17:00:00,0.0001834809,0.00015357508,0.00015671634,0.00032549963,0.00016798965,0.00014767208
2017-09-20 18:00:00,1.8781016e-05,4.000195e-05,0.000170652,4.3558895e-05,5.7074074e-05,0.00014543535
2017-09-20 19:00:00,4.1928306e-05,0.00013069634,7.707432e-05,3.533392e-05,0.0001345178,0.0001801569
2017-09-20 20:00:00,0.00012949748,1.8759134e-05,6.309472e-05,0.00020491479,0.00015443006,0.00020883948
2017-09-20 21:00:00,0.000120183286,0.00016814418,0.00022632918,0.00022170552,0.00026879055,0.0002312374
2017-09-20 22:00:00,8.156784e-05,0.00020747991,0.000120637575,0.00017517086,0.00012987963,0.00014964341
2017-09-20 23:00:00,0.00014252483,0.00012387492,0.000121268116,9.9542696e-05,0.000118293334,2.6716174e-05
2017-09-21 00:00:00,2.7389691e-05,2.0617741e-05,5.1947653e-05,3.360206e-05,0.00011387729,0.0005157216
2017-09-21 01:00:00,2.824876e-05,4.1131094e-05,3.285846e-05,0.0001544241,0.0004273149,0.00047907417
2017-09-21 02:00:00,6.820356e-05,2.395752e-05,0.0001383905,0.0004811456,0.00041539886,0.0002516773
2017-09-21 03:00:00,5.42031e-05,0.000108675515,0.00043446347,0.00041718292,0.00019785085,0.00030602768
2017-09-21 04:00:00,0.00020168732,0.00036216204,0.00045872698,0.0002526392,0.0003347438,0.00022968516
2017-09-21 05:00:00,0.00046331208,0.0002537099,0.00013389922,0.0002607012,9.852682e-05,9.673985e-05
2017-09-21 06:00:00,4.2066782e-05,0.0001734044,0.00010426609,0.00013558405,0.00018192129,0.0004144588
2017-09-21 07:00:00,0.0002131255,7.085408e-05,0.00019404874,0.00018276283,0.00021415635,0.00042175097
2017-09-21 08:00:00,0.000120456316,5.015524e-05,3.784031e-05,0.00018096487,0.00026403085,0.000110787514
2017-09-21 09:00:00,0.0001673928,0.000116485004,0.0002754697,0.00038752906,0.00019249272,0.00024338822
2017-09-21 10:00:00,2.6110374e-05,0.00011736606,0.00032422866,7.571634e-05,0.00013007052,0.00035060864
2017-09-21 11:00:00,0.00019330603,0.00023929405,0.00013089775,0.00013666882,0.0002680251,0.0002753659
2017-09-21 12:00:00,0.0001490498,5.4694105e-05,3.7311664e-05,0.0005743832,0.00027416745,0.0002769172
2017-09-21 13:00:00,0.00025820694,0.00020335028,0.0006637862,0.00064787595,0.000333484,0.00051988923
2017-09-21 14:00:00,5.1925028e-05,0.0004004935,0.00036243792,0.0002366206,0.00041568428,0.00039774243
2017-09-21 15:00:00,0.0006942258,0.00039633852,0.0003183945,0.0004293934,0.0003397271,0.00045475902
2017-09-21 16:00:00,8.6301065e-05,0.00021155635,3.217833e-05,7.459753e-05,3.649161e-05,3.607266e-05
2017-09-21 17:00:00,0.00011743933,7.444441e-05,2.3667371e-05,0.00010328429,8.876766e-05,8.348094e-05
2017-09-21 18:00:00,0.0002282164,0.00010283909,0.00022157474,0.00018646088,4.13586e-05,2.7752245e-05
2017-09-21 19:00:00,0.00013814926,3.0430014e-05,7.075896e-05,0.00013330512,0.00016107963,4.5803317e-05
2017-09-21 20:00:00,0.00015263104,0.00011960407,7.229997e-05,8.95459e-05,4.6204397e-05,0.00010413671
2017-09-21 21:00:00,5.741313e-05,0.00013171478,0.00019258058,4.5349578e-05,0.00011648744,9.199894e-05
2017-09-21 22:00:00,0.00019724289,0.00019308038,6.51846e-05,0.00015796818,0.00012453203,3.1694257e-05
2017-09-21 23:00:00,5.890131e-05,0.000118299635,3.8034887e-05,8.2089064e-05,0.00014079633,0.00020072372
2017-09-22 00:00:00,0.00017559489,4.2740514e-05,0.00010717549,0.00018811002,0.00017123562,0.00020542566
2017-09-22 01:00:00,0.0001688682,5.315065e-05,8.036688e-05,0.00010871502,7.943234e-05,0.00022788718
2017-09-22 02:00:00,8.700464e-05,0.00021237406,0.0002883022,0.00019753135,0.0002208355,0.00043521417
2017-09-22 03:00:00,0.00015685262,0.00016108764,0.00013509896,0.00027865317,0.00033019052,0.0007061191
2017-09-22 04:00:00,7.003148e-05,2.0547543e-05,0.00015773134,0.00028001444,0.00037316303,0.0004531462
2017-09-22 05:00:00,6.14787e-05,9.246959e-05,0.00019575437,0.0004535277,0.00039949446,0.0007046291
2017-09-22 06:00:00,0.00015784778,0.00027117858,0.0004926005,0.00035824016,0.000630191,0.00081967737
2017-09-22 07:00:00,0.00016895603,0.00022353436,0.00024813187,0.000743188,0.0004633401,0.0005754475
2017-09-22 08:00:00,0.00028947255,0.00014966466,0.00072957267,0.000426839,0.00031270442,0.00022647166
2017-09-22 09:00:00,5.8096735e-05,0.00034899672,0.00044744296,0.0001800722,0.000105062194,8.46108e-05
2017-09-22 10:00:00,0.0006314912,0.00036034224,0.00020398587,0.00014154622,5.1082156e-05,0.00017840716
2017-09-22 11:00:00,5.2833217e-05,0.00016039133,0.00022538721,0.00044814855,0.00043496286,0.00054524234
2017-09-22 12:00:00,0.00029544535,0.00029788047,0.00044800088,0.0005423349,0.00043152348,0.000364992
2017-09-22 13:00:00,8.623372e-05,0.00027900393,0.00044809742,0.0003022653,0.00018781346,0.00030081425
2017-09-22 14:00:00,0.00023708327,0.00038951373,0.0002115887,0.00016483107,0.00017401144,0.00047060524
2017-09-22 15:00:00,0.00019684777,6.518403e-05,4.453711e-05,4.2777283e-05,0.0001281041,5.515966e-05
2017-09-22 16:00:00,9.238458e-05,0.00015102085,0.0001592168,2.5948264e-05,9.9603094e-05,2.6616333e-05
2017-09-22 17:00:00,7.8221376e-05,4.5494246e-05,0.000100807876,4.8159854e-05,5.478182e-05,5.270402e-05
2017-09-22 18:00:00,4.6453493e-05,0.000119893564,3.6294685e-05,0.00011086345,3.8792627e-05,6.663898e-05
2017-09-22 19:00:00,0.00010919891,2.531884e-05,0.000116520714,4.5201617e-05,6.739315e-05,2.8843502e-05
2017-09-22 20:00:00,0.00016789994,4.199395e-05,0.00016010682,0.00020664527,0.00011389942,0.00012332038
2017-09-24 21:00:00,9.456874e-05,3.458582e-05,0.00010081157,6.124086e-05,4.074301e-05,4.5980276e-05
2017-09-24 22:00:00,0.00014078544,0.00016743343,0.000110893525,0.00011436477,5.0969713e-05,7.392945e-05
2017-09-24 23:00:00,0.00010269547,4.5447756e-05,4.921922e-05,5.13966e-05,3.2409724e-05,7.8564524e-05
2017-09-25 00:00:00,9.131563e-05,7.842016e-05,0.0001355501,6.6479355e-05,4.8351892e-05,0.000338038
2017-09-25 01:00:00,3.9823168e-05,7.278093e-05,6.0876428e-05,6.3923326e-05,0.00024863167,0.00010308892
2017-09-25 02:00:00,9.024038e-05,2.3103212e-05,9.62491e-05,0.00023519361,6.511162e-05,8.643096e-05
2017-09-25 03:00:00,4.490999e-05,8.411849e-05,0.00022004197,5.0178987e-05,0.00011885354,0.00027866397
2017-09-25 04:00:00,0.00010752858,0.00025459033,9.88457e-05,0.00011301968,0.00014976297,2.8102e-05
2017-09-25 05:00:00,0.00043230024,0.00014690337,5.2729145e-05,0.00018461519,8.720903e-05,0.00019072944
2017-09-25 06:00:00,0.00029146302,0.0003442422,0.00045954826,0.00022111325,0.00038917293,0.00056267576
2017-09-25 07:00:00,0.0002635959,0.00023847519,6.6135144e-05,0.00042632312,0.00034022596,0.00023661189
2017-09-25 08:00:00,0.00013096936,0.0001332668,0.00017090762,0.00013234274,7.139676e-05,0.0001600775
2017-09-25 09:00:00,0.0002918701,5.105437e-05,5.0878905e-05,3.8838996e-05,0.00029994256,0.0003536201
2017-09-25 10:00:00,0.00030815523,0.0002557719,0.00019376464,5.704724e-05,8.862097e-05,0.00010854878
2017-09-25 11:00:00,4.4751505e-05,8.1948085e-05,0.00025578836,0.00044979568,0.00031942062,0.0001936171
2017-09-25 12:00:00,7.7289704e-05,0.00025425488,0.00044902964,0.00033634773,0.00014275669,9.322334e-05
2017-09-25 13:00:00,0.00039602644,0.00026389162,0.00032694728,7.679463e-05,6.490576e-05,4.0906332e-05
2017-09-25 14:00:00,9.00559e-05,5.369479e-05,0.00019693105,0.00020153834,0.00013068573,0.00016976237
2017-09-25 15:00:00,3.7011014e-05,0.0002324474,0.00027955006,0.00018775667,0.00015807281,0.00029360538
2017-09-25 16:00:00,0.0002476183,0.00025738738,0.00023751556,0.00021035022,0.00024803643,0.00036720216
2017-09-25 17:00:00,6.314128e-05,4.9041126e-05,5.3821186e-05,0.00010747699,0.00014742315,0.00020959295
2017-09-25 18:00:00,3.1828145e-05,4.7340807e-05,7.3303854e-05,0.00013463158,0.00011783291,0.0001635188
2017-09-25 19:00:00,5.0278657e-05,6.14181e-05,0.00012939761,0.00015005955,0.00021446515,0.00024432613
2017-09-25 20:00:00,0.00014026133,0.00016591587,0.0002492471,0.00023012432,0.00018146189,0.00024246008
2017-09-25 21:00:00,6.750653e-05,0.00012155521,0.00023866899,0.00014879761,0.00016830253,0.00035191956
2017-09-25 22:00:00,5.578091e-05,0.000120702854,9.528074e-05,0.00018049165,0.00016713218,0.0002908586
2017-09-25 23:00:00,0.00011159583,4.5510238e-05,0.00010073178,0.0001931129,0.00024512084,0.00044314648
2017-09-26 00:00:00,4.000003e-05,4.6847257e-05,0.00010723356,0.00023893167,0.00033871058,0.00043298834
2017-09-26 01:00:00,5.6669774e-05,0.00013173584,0.0002802968,0.00044163983,0.00030513876,0.00025546429
2017-09-26 02:00:00,9.8821285e-05,0.00018921822,0.00044375294,0.00034493336,0.00016953365,0.00025349256
2017-09-26 03:00:00,9.4300354e-05,0.0002724273,0.00024839028,0.00013284608,0.0001957264,0.00022776045
2017-09-26 04:00:00,0.00014632076,0.00016663656,4.5525507e-05,0.00010001267,9.2740316e-05,0.00013370035
2017-09-26 05:00:00,3.128694e-05,0.00017838727,8.1982726e-05,8.568433e-05,0.00020239616,0.00014891996
2017-09-26 06:00:00,0.00021725638,6.536102e-05,7.910534e-05,0.00031368833,0.00013013674,8.082087e-05
2017-09-26 07:00:00,0.00014004124,0.0001280127,0.00015228035,5.250001e-05,4.5852325e-05,9.739485e-05
2017-09-26 08:00:00,0.00011455949,0.0002728311,0.00010939004,5.7109606e-05,0.00013203842,0.00013893495
2017-09-26 09:00:00,0.00034322435,9.623444e-05,8.048725e-05,0.000181933,0.00014096143,0.0001846906
2017-09-26 10:00:00,0.00030395962,0.00022973752,7.088876e-05,0.00014821216,3.4013752e-05,0.00031010003
2017-09-26 11:00:00,2.8426497e-05,9.589887e-05,8.6089516e-05,0.00011871426,0.00015416952,0.00015145846
2017-09-26 12:00:00,0.00016283819,8.89556e-05,0.00018211958,0.00015856535,0.000113979266,0.00019906541
2017-09-26 13:00:00,7.25478e-05,5.5127253e-05,0.0002297031,0.00022061513,0.00026445353,0.0002562329
2017-09-26 14:00:00,0.00011613958,0.00021288241,0.00022726449,0.0002783638,0.00015252094,0.00020182728
2017-09-26 15:00:00,0.00044236408,0.00028548742,0.0003435393,0.00031225078,0.00024558778,0.0002960398
2017-09-26 16:00:00,2.6214602e-05,3.756609e-05,5.771288e-05,4.5296503e-05,4.3956778e-05,5.802081e-05
2017-09-26 17:00:00,4.165522e-05,2.3312876e-05,4.5907887e-05,3.42976e-05,4.401487e-05,6.049708e-05
2017-09-26 18:00:00,8.479577e-05,4.6620265e-05,5.905485e-05,6.788981e-05,6.83848e-05,0.0002337823
2017-09-26 19:00:00,2.9816525e-05,2.6448675e-05,5.3996053e-05,4.068979e-05,0.0001757752,0.00014852248
2017-09-26 20:00:00,2.480257e-05,4.2800475e-05,7.219243e-05,0.00035593178,0.0001418622,0.00015143261
2017-09-26 21:00:00,3.1001397e-05,3.956066e-05,0.00034648544,0.00019482984,0.00017314302,0.00013735336
2017-09-26 22:00:00,2.96972e-05,0.00019158871,0.0002418014,0.000279013,0.00018422877,0.0002801338
2017-09-26 23:00:00,0.00038220806,0.00024869508,0.00025462924,0.00021480456,0.00019600091,0.00011756411
2017-09-27 00:00:00,0.0002106623,0.00013489382,0.00015166211,6.720427e-05,0.0002563429,0.00018437093
2017-09-27 01:00:00,2.88276e-05,2.9257295e-05,5.5830584e-05,8.948968e-05,0.0001155179,2.6624313e-05
2017-09-27 02:00:00,3.12519e-05,3.7781898e-05,0.00013045417,0.00013625415,4.4295903e-05,6.1509185e-05
2017-09-27 03:00:00,4.993301e-05,0.00010200715,0.000144685,2.9098392e-05,5.7820933e-05,2.947809e-05
2017-09-27 04:00:00,0.00021836154,0.00016622352,5.255433e-05,7.677565e-05,5.6788944e-05,8.8711764e-05
2017-09-27 05:00:00,2.3868977e-05,0.000108011365,0.00022480835,9.148278e-05,7.8309524e-05,0.00011960823
2017-09-27 06:00:00,0.00014160133,0.00019494891,0.000115471754,9.674597e-05,6.581403e-05,5.3561005e-05
2017-09-27 07:00:00,0.00011586963,2.922289e-05,5.7668658e-05,0.00021445559,0.000118437165,0.00019837252
2017-09-27 08:00:00,0.00013784913,0.00012149544,0.0002648078,0.00022070708,0.00021663039,0.00023974282
2017-09-27 09:00:00,2.7213411e-05,0.00017452045,0.00013488634,0.00015314347,0.000108129374,2.9821344e-05
2017-09-27 10:00:00,0.00026126628,0.00012467986,0.00012861498,0.00010513908,3.496301e-05,8.218557e-05
2017-09-27 11:00:00,6.545635e-05,5.684316e-05,5.657024e-05,0.00018924531,0.00028400583,0.0012178747
2017-09-27 12:00:00,3.9654522e-05,2.7436117e-05,0.00010802306,0.00017526578,0.001444505,0.0014051558
2017-09-27 13:00:00,5.7396428e-05,0.00015103613,0.0002996593,0.0019024513,0.0009167954,0.0019997887
2017-09-27 14:00:00,0.00012779507,0.00017859819,0.0017020516,0.0013582718,0.0015079913,0.0015200998
2017-09-27 15:00:00,0.00019114985,0.0015442198,0.001813839,0.0016923915,0.0013946567,0.0017839508
2017-09-27 16:00:00,0.0023919963,0.0017694084,0.002047623,0.0017475946,0.0017010339,0.0020206985
2017-09-27 17:00:00,6.7830384e-05,2.9940727e-05,0.00012539569,3.981121e-05,0.0001982335,0.00020017232
2017-09-27 18:00:00,4.41604e-05,3.4840534e-05,5.251794e-05,0.00027296387,0.00017293803,0.0002513545
2017-09-27 19:00:00,5.7977806e-05,3.4219967e-05,0.00027621264,0.0002044511,0.00017469825,0.000107518536
2017-09-27 20:00:00,9.4793606e-05,0.00026719665,0.00024206826,0.00025828625,0.00011365636,0.0001615668
2017-09-27 21:00:00,0.00033599953,0.00019041852,0.00022499534,7.665888e-05,8.6639564e-05,8.707647e-05
2017-09-27 22:00:00,6.885851e-05,2.4080988e-05,0.00022691552,0.00017331814,0.00010794405,0.00011870261
2017-09-27 23:00:00,6.5199754e-05,0.00010585681,0.00018985005,8.750192e-05,7.31933e-05,0.00022543072
2017-09-28 00:00:00,0.00020454376,0.00016312856,0.00014797087,0.00010495189,0.00024300677,0.00027857837
2017-09-28 01:00:00,2.8722643e-05,3.8909715e-05,4.9756196e-05,0.00018948427,0.0002388142,0.00040255376
2017-09-28 02:00:00,3.9691382e-05,4.5202843e-05,0.00015634003,0.00022124666,0.0002887005,0.00043271456
2017-09-28 03:00:00,3.990812e-05,0.00019730613,0.00020019311,0.00045602318,0.00035621584,0.00031856037
2017-09-28 04:00:00,0.00022320946,0.00029084427,0.0005286969,0.0004158878,0.00025634898,0.00020696766
2017-09-28 05:00:00,0.000109472625,0.00026844014,0.00035314568,9.2661765e-05,6.958582e-05,0.00030197544
2017-09-28 06:00:00,0.00022202558,0.00020291902,4.8391485e-05,3.6255384e-05,0.00017995408,0.00026050393
2017-09-28 07:00:00,3.664804e-05,0.00014596347,0.00023462698,6.4636326e-05,0.00013700814,0.00015922179
2017-09-28 08:00:00,0.000198122,0.00018992148,5.487467e-05,0.00016596951,9.426174e-05,0.0005796579
2017-09-28 09:00:00,2.9369558e-05,0.00020862154,0.0003550578,0.0002698513,0.0004966454,0.0003984779
2017-09-28 10:00:00,0.00024061475,0.00023510707,0.0003111447,0.00071825716,0.00035274454,0.00037728826
2017-09-28 11:00:00,0.00015646926,8.1429964e-05,0.00045460396,0.00022620913,0.00022291258,0.00015601343
2017-09-28 12:00:00,4.5828467e-05,0.00025965503,0.00011532161,0.00019301985,6.361254e-05,0.00010337875
2017-09-28 13:00:00,0.0004977215,0.00015417738,0.00014277436,0.00016658452,0.00011192305,0.00029758696
2017-09-28 14:00:00,0.0003121452,0.0001695087,0.0002667249,0.00027034103,7.4545285e-05,9.1154965e-05
2017-09-28 15:00:00,6.92369e-05,2.6336267e-05,4.661306e-05,0.00014973168,0.000105815816,0.00012495705
2017-09-28 16:00:00,7.873918e-05,5.88301e-05,0.00011485559,9.0787165e-05,7.127398e-05,0.00014171172
2017-09-28 17:00:00,3.315046e-05,0.00013548139,0.00012315277,0.00015866435,0.00015510667,0.00015160727
2017-09-28 18:00:00,0.00023093815,0.00014347964,0.00014560523,0.00022616843,0.00014957051,0.00032344405
2017-09-28 19:00:00,3.057252e-05,3.1352152e-05,6.1628525e-05,4.7768433e-05,0.00019323708,0.00017951032
2017-09-28 20:00:00,3.952952e-05,6.2393534e-05,5.338861e-05,0.00019911752,0.00021397254,0.00019865835
2017-09-28 21:00:00,8.8465e-05,3.0699208e-05,0.00021869683,0.0002010783,0.00021642563,0.00027783983
2017-09-28 22:00:00,6.593538e-05,0.00016630108,0.00015713443,0.00019294769,0.00015961485,0.00040201127
2017-09-28 23:00:00,0.00022340103,0.0002257742,0.00019133973,0.00026961102,0.00029300182,0.00039565467
2017-09-29 00:00:00,5.153013e-05,6.3146e-05,9.066282e-05,0.00023196437,0.00015983255,0.00040879648
2017-09-29 01:00:00,2.9402865e-05,7.7725126e-05,0.00017241637,0.00018493888,0.0004094922,0.0004468041
2017-09-29 02:00:00,5.428829e-05,0.00016698909,0.00014779644,0.00046614115,0.00040096423,0.0005540423
2017-09-29 03:00:00,0.00018026268,0.000114211325,0.00045520696,0.00039422582,0.0004240697,7.417267e-05
2017-09-29 04:00:00,3.458014e-05,0.0003828291,0.00032438175,0.0003499393,4.2197375e-05,6.1160354e-05
2017-09-29 05:00:00,0.00041188637,0.0002772017,0.0004931631,8.9229674e-05,9.937596e-05,3.9969877e-05
2017-09-29 06:00:00,5.422678e-05,4.6978108e-05,0.00034402907,0.00041026264,0.00023776887,0.00027923033
2017-09-29 07:00:00,0.00013650702,0.00033070584,0.00048761838,0.00024226653,0.00022555099,0.00031745865
2017-09-29 08:00:00,0.00054360385,0.0003553522,0.0003373951,0.0004855161,0.00038685495,0.00034427427
2017-09-29 09:00:00,4.6874877e-05,8.350792e-05,6.4340136e-05,5.7375295e-05,4.6195215e-05,0.00025644567
2017-09-29 10:00:00,0.00020280639,5.753806e-05,8.833528e-05,0.00010121817,0.00022817212,0.0002098776
2017-09-29 11:00:00,8.815079e-05,5.67176e-05,8.930819e-05,0.00040810462,0.00035415683,0.00041612645
2017-09-29 12:00:00,4.6213878e-05,2.044963e-05,0.00039984944,0.00032395672,0.00032204206,0.0003056256
2017-09-29 13:00:00,3.4613997e-05,0.0002594165,0.0003161874,0.0002729612,0.00027587754,0.00041905427
2017-09-29 14:00:00,0.000437679,0.00034184515,0.00034103985,0.0004320231,0.00038973748,0.00088126236
2017-09-29 15:00:00,5.679944e-05,4.248983e-05,5.789702e-05,7.872397e-05,0.00032224806,0.0003334235
2017-09-29 16:00:00,6.8500914e-05,4.8140177e-05,8.302744e-05,0.0005041721,0.0003008012,0.00025385717
2017-09-29 17:00:00,4.8824786e-05,3.4500943e-05,0.0004510324,0.00025500564,0.00013782266,0.0001698229
2017-09-29 18:00:00,6.0846673e-05,0.00033242113,0.00034575321,0.00025292064,0.00013271213,0.00016608945
2017-09-29 19:00:00,0.00051314797,0.00027903257,0.00021901027,0.0002022042,0.00015541281,0.0001634455
2017-09-29 20:00:00,0.00015503519,0.00018646695,0.00022892709,0.00021708469,0.0002459463,0.00032154575
2017-10-01 21:00:00,9.855764e-05,7.5603995e-05,0.0001429265,0.000110495595,0.00016074757,0.00014036418
2017-10-01 22:00:00,4.8334587e-05,6.209732e-05,9.222885e-05,0.00010830767,0.00011522885,2.3389728e-05
2017-10-01 23:00:00,4.0707466e-05,5.9205715e-05,8.538901e-05,9.150017e-05,5.108097e-05,0.0003077061
2017-10-02 00:00:00,3.0228533e-05,4.0828174e-05,6.474967e-05,4.6189572e-05,0.00028119652,0.00031714584
2017-10-02 01:00:00,3.3960237e-05,3.377505e-05,6.134505e-05,0.00027281794,0.0002546878,0.0002592878
2017-10-02 02:00:00,3.124043e-05,8.9013265e-05,0.00034143808,0.00034920167,0.00034694688,0.0006111025
2017-10-02 03:00:00,7.4641786e-05,0.00035113338,0.00040833253,0.00038224953,0.00055235607,0.0006891973
2017-10-02 04:00:00,0.00041375746,0.00022361467,0.00028836168,0.00058379845,0.00063122227,0.00087406824
2017-10-02 05:00:00,2.5425568e-05,4.4522032e-05,0.00031958256,0.0004299715,0.00049030205,0.00047424174
2017-10-02 06:00:00,9.5763135e-05,0.0004025677,0.00041794832,0.0006232836,0.00032118722,0.0005157069
2017-10-02 07:00:00,0.0004077459,0.0005240688,0.000555086,0.0005181944,0.00026450618,0.00054243655
2017-10-02 08:00:00,0.00022738366,0.00025292474,0.000287231,0.00010143299,0.00031258538,0.000521795
2017-10-02 09:00:00,0.00010908974,5.3209606e-05,6.6103115e-05,0.00012595438,0.00027908327,0.00038800074
2017-10-02 10:00:00,6.115214e-05,0.00015161106,7.88428e-05,0.00023848609,0.0003591836,0.0003643703
2017-10-02 11:00:00,0.00012238177,5.5900036e-05,0.00034368792,0.000357772,0.0004337558,0.00044216216
2017-10-02 12:00:00,0.00023705175,0.00043854004,0.00060246437,0.0006171256,0.00039982487,0.0004890868
2017-10-02 13:00:00,0.00028856113,0.00032600915,0.00040978764,0.00034012593,0.00027069234,0.0002958789
2017-10-02 14:00:00,7.8906734e-05,0.0001481777,0.00012722048,5.545054e-05,3.5013396e-05,8.6636486e-05
2017-10-02 15:00:00,0.0001046795,2.4191424e-05,6.674053e-05,6.9619484e-05,5.0105216e-05,0.00019011286
2017-10-02 16:00:00,9.2471186e-05,0.000117644355,0.00010796703,7.954743e-05,0.00023293718,0.00027112223
2017-10-02 17:00:00,6.1901446e-05,6.291376e-05,4.867375e-05,0.00013672754,0.000137909,0.00016098986
2017-10-02 18:00:00,2.297026e-05,5.0549632e-05,0.00012298353,0.00012354544,5.178693e-05,0.00016059737
2017-10-02 19:00:00,7.875515e-05,0.0001272817,0.00016579012,8.1266575e-05,0.00013118496,0.00014672166
2017-10-02 20:00:00,0.00019432488,0.00017664408,0.00013284596,0.00021562747,0.00017728079,0.00018006301
2017-10-02 21:00:00,2.8265682e-05,3.483209e-05,6.490777e-05,4.4474116e-05,7.832725e-05,4.0396466e-05
2017-10-02 22:00:00,5.972036e-05,4.669277e-05,4.118427e-05,6.2806685e-05,5.5040204e-05,0.00023038973
2017-10-02 23:00:00,9.828765e-05,5.0063205e-05,0.00012235955,3.5221015e-05,0.00017603177,9.019152e-05
2017-10-03 00:00:00,3.6343932e-05,4.068176e-05,9.7784905e-05,0.00025823343,0.00017370879,0.00086985505
2017-10-03 01:00:00,6.871359e-05,7.704485e-05,0.00024928586,0.00015820083,0.0004900486,0.0005581238
2017-10-03 02:00:00,0.0001614727,0.00028410912,0.00021071405,0.00071100163,0.00053310033,0.00055447244
2017-10-03 03:00:00,0.00021924793,0.00010935581,0.00061509974,0.0004805233,0.00036839378,0.0008724777
2017-10-03 04:00:00,0.00010458401,0.00042549352,0.00039497673,0.00040916668,0.000760027,0.0006667589
2017-10-03 05:00:00,0.00061910274,0.0004147197,0.00043662352,0.00077159784,0.0008229509,0.00086453155
2017-10-03 06:00:00,0.00012915421,5.470981e-05,0.00045104165,0.00035332819,0.00035480323,0.00056200195
2017-10-03 07:00:00,4.3191674e-05,0.00045863146,0.00037686294,0.000431287,0.0005313258,0.0010044853
2017-10-03 08:00:00,0.00034174684,0.00034530612,0.00037732164,0.0005134617,0.0005366608,0.0005411791
2017-10-03 09:00:00,3.289832e-05,3.7146925e-05,0.00019896278,0.00037819284,0.00025971592,0.00010532572
2017-10-03 10:00:00,7.957809e-05,0.00012390022,0.0003112711,0.0002954558,0.00010064833,0.0002860283
2017-10-03 11:00:00,0.00022022541,0.00038809836,0.00032128592,0.000110359186,0.00024124057,0.00012233932
2017-10-03 12:00:00,0.00030482712,0.00014748714,6.7348716e-05,0.00036190206,0.00023015318,0.00016870505
2017-10-03 13:00:00,9.410171e-05,0.00022562988,0.000695545,0.00036456957,0.00041020423,0.0003113003
2017-10-03 14:00:00,0.0002118356,0.0007076579,0.00033607078,0.00030614523,0.00022336315,0.00023531313
2017-10-03 15:00:00,0.0005209239,0.00022929159,0.00014310997,0.00012874177,9.2526265e-05,0.000110921224
2017-10-03 16:00:00,0.00017761359,0.00026604554,0.0002511085,0.00025783133,0.00016258568,0.00034349138
2017-10-03 17:00:00,9.676704e-05,0.00013824282,8.9630135e-05,0.00014817184,0.00023344251,0.00020350792
2017-10-03 18:00:00,5.345176e-05,4.329449e-05,5.6183846e-05,0.00013061713,6.0244074e-05,6.58058e-05
2017-10-03 19:00:00,2.8292652e-05,3.2567128e-05,0.00013319,4.3590713e-05,5.0125378e-05,4.3541673e-05
2017-10-03 20:00:00,3.8772167e-05,0.00011396806,5.5709155e-05,4.0082534e-05,6.0996812e-05,3.2136588e-05
2017-10-03 21:00:00,8.473347e-05,2.8616363e-05,4.4836233e-05,5.119211e-05,3.565309e-05,0.00014545796
2017-10-03 22:00:00,9.507717e-05,0.000101911675,0.000116217336,0.00012591408,6.845863e-05,0.00016127063
2017-10-03 23:00:00,3.148099e-05,2.2658507e-05,5.722045e-05,0.00016738093,0.00019156789,0.00036473863
2017-10-04 00:00:00,4.213724e-05,3.2492895e-05,0.00023266413,0.00020760157,0.00035084627,0.00050705665
2017-10-04 01:00:00,5.5257256e-05,7.941938e-05,0.00019739082,0.00042761175,0.00032853664,0.00082283275
2017-10-04 02:00:00,0.00025596362,0.0002599442,0.00044176032,0.00042613503,0.00066584884,0.0007362671
2017-10-04 03:00:00,6.947297e-05,0.00032747682,0.00033823334,0.00053646124,0.00033277893,0.0004521444
2017-10-04 04:00:00,0.00032082552,0.00023850176,0.00067361305,0.0003936683,0.00031341313,0.00038294564
2017-10-04 05:00:00,3.6773738e-05,0.0003680168,0.00018431469,0.00018254582,0.00015588071,0.00060403184
2017-10-04 06:00:00,0.00046838034,0.00011648839,0.00021086812,0.00016134296,0.00042456435,0.00041471102
2017-10-04 07:00:00,0.00025780525,0.00014966211,0.00017587445,0.00021343265,8.665947e-05,7.142012e-05
2017-10-04 08:00:00,6.582194e-05,4.0876002e-05,0.00048138332,0.00031276295,0.0002039667,3.2236803e-05
2017-10-04 09:00:00,3.1730186e-05,0.0004315232,0.00042371743,0.00020981324,3.138965e-05,9.3577466e-05
2017-10-04 10:00:00,0.00056439603,0.00028166178,0.00016784082,3.8917377e-05,9.4751485e-05,0.00016761066
2017-10-04 11:00:00,0.00011565357,0.00021419028,0.00039071206,0.0004970475,0.00042808443,0.0004821233
2017-10-04 12:00:00,0.00010465767,0.0003191289,0.0005633257,0.0003555624,0.00042191194,0.0004014812
2017-10-04 13:00:00,0.00027814315,0.00029754677,0.0004929506,0.00033040805,0.00019098769,0.0001605389
2017-10-04 14:00:00,9.335337e-05,0.00017449165,0.00019067778,5.1966657e-05,5.076019e-05,5.3138167e-05
2017-10-04 15:00:00,0.00012820092,8.167405e-05,6.2873296e-05,0.00012373964,0.00014456153,0.00014173673
2017-10-04 16:00:00,3.0024217e-05,0.00012158428,0.00026834724,0.00020445336,0.00017764007,0.00011359907
2017-10-04 17:00:00,0.00017016153,0.00018243758,0.00019140769,0.00023843725,9.9619814e-05,0.00011228428
2017-10-04 18:00:00,0.00018216397,8.191448e-05,7.9493606e-05,3.8091188e-05,6.0439314e-05,0.00018132482
2017-10-04 19:00:00,4.3338845e-05,3.2196964e-05,0.00010947721,0.00010157439,7.8496036e-05,6.4177424e-05
2017-10-04 20:00:00,4.007253e-05,9.9816556e-05,7.28813e-05,8.458863e-05,4.8157297e-05,0.00022057818
2017-10-04 21:00:00,0.00015827978,9.094477e-05,7.0506416e-05,3.6033187e-05,0.0001584697,0.00014209226
2017-10-04 22:00:00,3.3768873e-05,0.0001743073,0.00015279045,0.0002853425,0.00019958253,0.00031603884
2017-10-04 23:00:00,0.00018754223,0.00012857291,0.00035818847,0.00022994197,0.00031120723,9.2447626e-05
2017-10-05 00:00:00,3.615825e-05,9.5847805e-05,0.00010464736,0.00021980496,5.1959054e-05,0.00026476267
2017-10-05 01:00:00,0.00020276847,0.000117582495,0.00021499164,5.8270107e-05,0.00019052463,0.00026527868
2017-10-05 02:00:00,4.2206553e-05,6.777906e-05,0.00020311555,0.00040822529,0.00038256013,0.00060802663
2017-10-05 03:00:00,0.000115045485,0.00012643497,0.00032581942,0.00048027257,0.0004706881,0.00082109537
2017-10-05 04:00:00,0.00031232907,0.00041250186,0.0008262414,0.00061327254,0.00064860407,0.0008223005
2017-10-05 05:00:00,0.00028282995,0.00030960728,0.00048575524,0.0005126201,0.0004399376,0.00038567354
2017-10-05 06:00:00,0.0002505442,0.00018861287,0.00040306975,0.00026888636,0.00014729598,0.00057133794
2017-10-05 07:00:00,3.7305133e-05,0.0001970211,0.00012525888,3.4166238e-05,0.000446173,0.00024177405
2017-10-05 08:00:00,0.00018541432,0.00012313215,4.0930176e-05,0.0004233913,0.00024531604,0.00012770023
2017-10-05 09:00:00,8.453403e-05,0.00011416584,0.00027386393,8.9229994e-05,6.593366e-05,7.112519e-05
2017-10-05 10:00:00,0.0001128102,0.00027784414,0.00015927383,7.150641e-05,0.0001333687,0.00020519515
2017-10-05 11:00:00,0.00043808593,0.00024786327,0.00020215864,0.00022523988,0.00027065095,0.00025850325
2017-10-05 12:00:00,0.00020329698,0.000277542,0.00016440894,9.070718e-05,6.007109e-05,0.0002464095
2017-10-05 13:00:00,0.00012307672,2.043075e-05,8.137577e-05,0.000104718085,9.654524e-05,2.4845536e-05
2017-10-05 14:00:00,0.00016339075,0.00019924899,0.0002571623,4.614489e-05,9.813553e-05,8.705342e-05
2017-10-05 15:00:00,9.592041e-05,9.3713425e-05,0.00010632102,3.156382e-05,4.041434e-05,5.011713e-05
2017-10-05 16:00:00,5.5931647e-05,0.00016317469,8.875328e-05,9.339402e-05,0.00011096502,0.00014931418
2017-10-05 17:00:00,0.00022130364,0.000118151314,0.000149328,0.00015841032,0.00018993208,7.668046e-05
2017-10-05 18:00:00,0.00013404826,7.1672446e-05,6.169907e-05,5.4664877e-05,9.0319954e-05,2.8952638e-05
2017-10-05 19:00:00,7.479762e-05,4.2337688e-05,0.000103442755,5.4018783e-05,7.06376e-05,0.000120130346
2017-10-05 20:00:00,5.2183117e-05,4.217495e-05,9.324974e-05,4.222867e-05,8.583119e-05,2.9305504e-05
2017-10-05 21:00:00,5.377115e-05,7.558919e-05,5.5300647e-05,7.4953095e-05,5.6874538e-05,4.526585e-05
2017-10-05 22:00:00,0.00011783896,2.1562826e-05,8.273004e-05,8.201107e-05,4.627836e-05,8.171506e-05
2017-10-05 23:00:00,0.00011200024,0.00016524228,3.593855e-05,0.00012476047,0.00014507008,0.00018957995
2017-10-06 00:00:00,7.613467e-05,4.85532e-05,3.7054175e-05,0.00010944017,0.00016770701,0.00016281816
2017-10-06 01:00:00,0.0001695856,5.2403233e-05,7.068072e-05,0.00029888249,0.0002255367,0.0003006664
2017-10-06 02:00:00,9.318487e-05,0.00016147297,0.00020135268,0.00014586524,0.00017685881,0.00026229478
2017-10-06 03:00:00,0.000105736384,0.00028242636,0.00022831697,0.0003111997,0.00018643434,0.00060197595
2017-10-08 21:00:00,0.0003410917,0.00024401497,0.00042289906,0.00043924482,0.00046481277,0.00069439027
2017-10-08 22:00:00,5.642401e-05,5.6244487e-05,9.8313416e-05,0.00020764177,0.00018195201,0.00050245423
2017-10-08 23:00:00,0.0001054022,0.00011397738,0.00028888413,0.00023826945,0.00044130054,3.6062196e-05
2017-10-09 00:00:00,4.86664e-05,0.00019257612,0.00020177607,0.00045455535,8.676317e-05,0.00031791136
2017-10-09 01:00:00,0.00022816134,0.0001829896,0.00047738128,0.0001005289,0.00024890585,0.00013855912
2017-10-09 02:00:00,2.8373159e-05,0.0002506031,0.00022377643,9.042963e-05,4.944143e-05,0.00014927881
2017-10-09 03:00:00,0.00034479657,0.00020865203,0.00015448287,4.2062995e-05,0.000120082346,0.000102109705
2017-10-09 04:00:00,0.0008401874,0.00012633725,0.00030160954,0.00031639807,0.0003625373,0.00026273765
2017-10-09 05:00:00,0.0005057752,0.00022453013,0.00012575928,0.000112458816,0.00014559037,0.0004538164
2017-10-09 06:00:00,0.00016309037,0.0002497986,0.00030751678,7.637049e-05,5.314976e-05,0.00018088163
2017-10-09 07:00:00,0.00019331607,0.00012162932,4.9445516e-05,8.003735e-05,5.900206e-05,0.00013394201
2017-10-09 08:00:00,4.7647194e-05,0.00014501752,0.00022059897,0.00012183347,3.610584e-05,0.00011964198
2017-10-09 09:00:00,0.00016558454,0.00020456758,7.293435e-05,3.4298857e-05,0.00010375797,6.421314e-05
2017-10-09 10:00:00,0.00013469734,4.0077954e-05,0.0001016678,4.369024e-05,7.449608e-05,0.00038464373
2017-10-09 11:00:00,0.00017556496,0.00017760768,9.4282834e-05,0.00011602574,0.00030896367,0.0007704201
2017-10-09 12:00:00,0.00010524631,2.9415905e-05,5.0916442e-05,0.00029050454,0.00045980117,0.0006648186
2017-10-09 13:00:00,0.00013061703,4.3866225e-05,0.00016765164,0.000483888,0.00043100966,0.00039261245
2017-10-09 14:00:00,6.363123e-05,0.00037128915,0.0006363604,0.00044512673,0.00034123362,0.00043790822
2017-10-09 15:00:00,0.00025980562,0.00043097194,0.00058951695,0.00040295854,0.000401205,0.0007065913
2017-10-09 16:00:00,0.0002551579,0.0001955544,0.00016990959,0.00020699993,0.00028140977,0.00037992877
2017-10-09 17:00:00,4.0197767e-05,5.958359e-05,5.3588425e-05,0.00020127602,0.00015497304,0.00057933043
2017-10-09 18:00:00,5.855367e-05,3.1503983e-05,0.00019351968,0.000116035626,0.00036581486,0.00041118477
2017-10-09 19:00:00,3.748758e-05,0.00021178542,0.00022637851,0.0005389831,0.0003288621,0.00071199273
2017-10-09 20:00:00,0.00022747138,0.00020598731,0.0005028397,0.0005344149,0.0005999206,0.0003808344
2017-10-09 21:00:00,3.9254057e-05,0.00033398267,0.00027298275,0.00051527994,0.0002373884,0.00028120098
2017-10-09 22:00:00,0.00046549173,0.00027511755,0.00036863613,0.00016810457,0.0003169872,0.00010760929
2017-10-09 23:00:00,6.0677234e-05,0.00016521495,9.9674464e-05,6.650811e-05,0.00022192171,0.00013563833
2017-10-10 00:00:00,0.00021050054,2.069324e-05,0.0001226086,0.0001818393,6.4343505e-05,0.00013696175
2017-10-10 01:00:00,0.00023400082,8.839261e-05,0.00039056735,0.00033171038,5.3060056e-05,0.00019130246
2017-10-10 02:00:00,0.00013370265,0.00018497827,8.6743144e-05,0.00015932805,3.6158155e-05,5.4647895e-05
2017-10-10 03:00:00,0.00036166172,0.00024002501,6.819716e-05,7.36914e-05,7.37857e-05,2.670726e-05
2017-10-10 04:00:00,0.0001194465,0.000286805,0.00019903539,0.00022508384,0.00025861085,0.00022691846
2017-10-10 05:00:00,0.00028675198,0.00010322535,0.00012490644,0.00018450528,0.00012648877,0.00022784104
2017-10-10 06:00:00,0.0002159904,0.000111825946,9.70658e-05,0.0001359424,3.252812e-05,9.249874e-05
2017-10-10 07:00:00,4.1403222e-05,8.1686485e-05,4.6310153e-05,0.00012729288,0.00016626838,0.00020020269
2017-10-10 08:00:00,8.4793515e-05,2.8957587e-05,0.00011636228,0.0001645649,0.0001603997,5.7574885e-05
2017-10-10 09:00:00,8.295402e-05,6.608076e-05,0.00012891256,7.5005286e-05,4.6866648e-05,0.00013447921
2017-10-10 10:00:00,0.00014241807,0.00023035491,0.00011467152,6.823697e-05,0.00013829488,0.00033873148
2017-10-10 11:00:00,0.000108444445,3.274122e-05,8.552082e-05,5.639742e-05,0.0001663202,0.0005128584
2017-10-10 12:00:00,7.351238e-05,8.874611e-05,3.3587366e-05,0.00018761848,0.00025539187,0.00023005404
2017-10-10 13:00:00,0.00010211769,4.519961e-05,0.00024397693,0.0003718974,0.00023479637,0.0004909584
2017-10-10 14:00:00,0.00014539271,0.00025813736,0.0005442881,0.00028027318,0.00042030998,0.0005243575
2017-10-10 15:00:00,0.00018263806,0.00036341307,0.00025933026,0.0003707107,0.00035927986,0.00035813177
2017-10-10 16:00:00,0.00031465612,8.633273e-05,0.00026409354,0.00019979753,0.00013191823,7.494683e-05
2017-10-10 17:00:00,0.00015580868,2.322594e-05,3.7247082e-05,3.8727543e-05,0.00022577746,0.0006451224
2017-10-10 18:00:00,0.00018882434,8.036646e-05,0.00010941866,0.00020785257,0.00040044336,0.00025952214
2017-10-10 19:00:00,3.7489866e-05,2.5449264e-05,0.00022667834,0.00047028292,0.0003638114,0.00047730526
2017-10-10 20:00:00,3.6401892e-05,0.00024909127,0.00054346916,0.00035826128,0.00030028267,0.0007224967
2017-10-10 21:00:00,0.0002880883,0.00058317615,0.0004989204,0.0004302585,0.0007362819,0.00040922136
2017-10-10 22:00:00,0.0004169801,0.00014723605,0.00019227696,0.00043527634,0.0003398865,0.0003276323
2017-10-10 23:00:00,0.00022038638,0.000105293286,0.00027871443,9.7917735e-05,6.585863e-05,0.00014335914
2017-10-11 00:00:00,5.8614594e-05,0.00034444223,0.0002704759,0.00028133608,0.00027561886,0.00025265725
2017-10-11 01:00:00,0.00044135237,0.00020673273,0.00022157973,0.00029742724,0.00019288657,0.00027977178
2017-10-11 02:00:00,0.00015321128,0.00013700643,5.959251e-05,3.913473e-05,5.7619785e-05,6.150368e-05
2017-10-11 03:00:00,3.498388e-05,7.620563e-05,8.100419e-05,0.00014021159,4.7062298e-05,6.185319e-05
2017-10-11 04:00:00,0.00013484355,7.1170885e-05,0.0001621155,8.369269e-05,4.0528827e-05,2.9608149e-05
2017-10-11 05:00:00,4.1397907e-05,6.6060245e-05,4.7606667e-05,0.00010235192,7.513787e-05,9.061833e-05
2017-10-11 06:00:00,7.7577904e-05,1.937522e-05,0.000120784745,5.48314e-05,6.225114e-05,0.0001745408
2017-10-11 07:00:00,0.00010351515,0.0001623872,0.0001474459,0.0001428098,0.00021032857,0.00032236468
2017-10-11 08:00:00,0.00012694413,5.3809807e-05,6.089397e-05,0.00017477965,0.00027138845,0.00018782048
2017-10-11 09:00:00,7.11535e-05,5.658794e-05,7.192636e-05,0.00012132555,5.8786518e-05,2.5706035e-05
2017-10-11 10:00:00,2.7605693e-05,0.000116502226,0.00024850055,9.20668e-05,4.8756472e-05,0.000291206
2017-10-11 11:00:00,0.00013659472,0.00023370331,9.68917e-05,2.9147444e-05,0.00028701138,0.000277023
2017-10-11 12:00:00,0.00014088246,2.5078723e-05,8.84753e-05,0.000456671,0.0002851979,0.0003533457
2017-10-11 13:00:00,0.00012351903,0.00016089519,0.0007709843,0.00052241795,0.00033366514,0.0004303873
2017-10-11 14:00:00,8.8569956e-05,0.000585621,0.00035441553,0.0002913472,0.0003216856,0.00034743405
2017-10-11 15:00:00,0.0004282616,0.00039056828,0.00029725043,0.00029815416,0.00024778923,0.00036061063
2017-10-11 16:00:00,5.363878e-05,0.00010297931,0.00011003039,0.000107447064,7.996242e-05,0.00017303936
2017-10-11 17:00:00,0.00010773925,9.408335e-05,9.270523e-05,3.6682242e-05,0.00011327827,0.00018606328
2017-10-11 18:00:00,3.701361e-05,2.1472615e-05,7.440677e-05,8.015906e-05,0.00014233722,0.00018824854
2017-10-11 19:00:00,1.7874538e-05,4.083657e-05,7.7510536e-05,0.00016175957,0.00015886329,0.00014403714
2017-10-11 20:00:00,6.6994566e-05,6.482198e-05,0.00016970905,0.00015901617,0.00012816818,9.2628594e-05
2017-10-11 21:00:00,0.00014243429,0.00017992483,0.00025733904,0.00017577074,6.0845745e-05,0.00012751528
2017-10-11 22:00:00,0.00012221772,0.00012739075,7.6855846e-05,0.00011561527,0.0002305751,0.00010448445
2017-10-11 23:00:00,2.698204e-05,3.0065936e-05,0.0003232599,0.00038357967,0.00021151979,0.00010075519
2017-10-12 00:00:00,3.74071e-05,0.00023401974,0.0003346185,0.00017630505,9.80075e-05,5.082783e-05
2017-10-12 01:00:00,0.00029357866,0.00031653346,0.0001922323,9.3231836e-05,4.004504e-05,2.6445286e-05
2017-10-12 02:00:00,0.00010802677,4.6140085e-05,0.00015928468,0.00017420317,0.0001389135,0.00015258322
2017-10-12 03:00:00,0.00013785281,0.00021482364,0.00025166225,0.00022262396,0.00017983063,0.00025364984
2017-10-12 04:00:00,0.00010896733,0.00013906255,0.00019811607,0.00011211929,0.000103271734,0.00011105637
2017-10-12 05:00:00,0.00010951348,6.164568e-05,4.0141742e-05,3.8581526e-05,3.301761e-05,3.0994666e-05
2017-10-12 06:00:00,4.2635453e-05,6.627444e-05,9.126583e-05,7.036003e-05,5.3159587e-05,3.557768e-05
2017-10-12 07:00:00,5.363462e-05,4.6957448e-05,7.6276396e-05,5.5154884e-05,5.1728737e-05,6.073054e-05
2017-10-12 08:00:00,3.8594328e-05,4.0120718e-05,6.341895e-05,6.656295e-05,9.418878e-05,5.1518866e-05
2017-10-12 09:00:00,3.6655885e-05,2.9543191e-05,0.00012210659,0.00012122563,5.770271e-05,0.000104753
2017-10-12 10:00:00,4.540421e-05,8.464292e-05,0.00012789358,4.7737947e-05,0.0001108987,0.00016051921
2017-10-12 11:00:00,8.724992e-05,9.110863e-05,4.8494752e-05,7.13216e-05,0.0001138342,9.9716926e-05
2017-10-12 12:00:00,3.1297917e-05,4.9728562e-05,4.024142e-05,5.3731306e-05,4.032381e-05,2.5399317e-05
2017-10-12 13:00:00,9.039006e-05,2.9643144e-05,6.4695676e-05,2.8152863e-05,4.7506484e-05,4.86302e-05
2017-10-12 14:00:00,6.633784e-05,9.8001685e-05,6.773757e-05,4.900827e-05,8.866232e-05,4.6790396e-05
2017-10-12 15:00:00,6.8153124e-05,2.4992756e-05,5.0326933e-05,3.9141898e-05,3.3664786e-05,5.5692184e-05
2017-10-12 16:00:00,6.40006e-05,5.419077e-05,4.8675774e-05,9.040992e-05,3.7072412e-05,0.00013243675
2017-10-12 17:00:00,2.4386636e-05,3.5877256e-05,3.0011784e-05,5.9366186e-05,9.89889e-05,0.00019758604
2017-10-12 18:00:00,4.423294e-05,2.0488995e-05,5.340727e-05,0.00010154623,0.00015417875,0.00021637646
2017-10-12 19:00:00,7.134437e-05,1.9435123e-05,0.00015047946,0.0001645422,0.00019815119,0.00011048182
2017-10-12 20:00:00,6.718804e-05,7.9482386e-05,0.00018331113,0.0002548754,4.6902358e-05,0.00019852936
2017-10-12 21:00:00,0.00019888343,0.00022360237,0.0003841075,0.00016365848,8.624314e-05,0.0002606627
2017-10-12 22:00:00,0.00012457435,0.00017805574,4.1537318e-05,0.00019412335,0.00026004028,0.00048309623
2017-10-12 23:00:00,7.377421e-05,0.00010064575,0.00043329078,0.0006161982,0.00038805677,0.00072823063
2017-10-13 00:00:00,0.00016673694,0.00039352872,0.0004989651,0.00058478303,0.00048644163,0.00085156556
2017-10-13 01:00:00,0.00029532152,0.00041578992,0.00036285134,0.00048285644,0.0005363124,0.0007695942
2017-10-13 02:00:00,0.00017607663,0.00020345305,0.00032026946,0.0004105565,0.0005129478,0.00060296396
2017-10-13 03:00:00,0.00011930096,0.00020873825,0.00030679093,0.0005092446,0.0003428438,0.00054733566
2017-10-13 04:00:00,0.00017684243,0.00021007836,0.00030007077,0.00022414415,0.00036533162,0.00032447302
2017-10-13 05:00:00,0.00013101882,0.00022179857,0.00022012868,0.00027784542,0.00020096234,0.00027657402
2017-10-13 06:00:00,0.00015448798,6.968892e-05,0.00015422143,0.0001453542,0.00011486405,0.00010729103
2017-10-13 07:00:00,0.000101004756,2.1338228e-05,4.1239284e-05,2.4042201e-05,4.24906e-05,7.681329e-05
2017-10-13 08:00:00,7.918273e-05,8.235675e-05,7.798664e-05,2.3674787e-05,2.9608618e-05,2.2666798e-05
2017-10-13 09:00:00,3.1417032e-05,2.7271622e-05,5.692848e-05,8.385504e-05,6.064452e-05,0.00011989283
2017-10-13 10:00:00,4.348159e-05,4.3808413e-05,0.00011136965,9.194626e-05,9.1024005e-05,0.000121003846
2017-10-13 11:00:00,6.0533683e-05,7.2896466e-05,8.980978e-05,0.00012983129,6.862636e-05,4.1671283e-05
2017-10-13 12:00:00,4.3377524e-05,4.447674e-05,7.038173e-05,4.7256737e-05,3.3268767e-05,3.0105297e-05
2017-10-13 13:00:00,2.6689064e-05,5.9962775e-05,4.1734947e-05,3.129536e-05,5.3214313e-05,0.0002003384
2017-10-13 14:00:00,7.644427e-05,3.12396e-05,5.838442e-05,4.043894e-05,0.00018516707,0.00037882858
2017-10-13 15:00:00,5.2691772e-05,5.3235646e-05,9.205504e-05,0.00019935578,0.00028293073,0.00042155382
2017-10-13 16:00:00,4.6343317e-05,4.6075013e-05,0.00020720168,0.00025718112,0.00029504596,0.0004987283
2017-10-13 17:00:00,3.2595854e-05,0.00018250749,0.00050656113,0.0004551397,0.00041087,0.00037495533
2017-10-13 18:00:00,0.00017246153,0.0003754376,0.00050493213,0.00060135656,0.00030335775,0.00034104747
2017-10-13 19:00:00,0.0008285749,0.000674584,0.0007299871,0.000655082,0.00045283855,0.0006759387
2017-10-13 20:00:00,5.768187e-05,0.00012603583,3.0580082e-05,4.6940502e-05,6.46688e-05,3.3978547e-05
2017-10-15 21:00:00,6.165777e-05,4.0693005e-05,6.196203e-05,4.496997e-05,5.559554e-05,5.8508656e-05
2017-10-15 22:00:00,0.00014545764,9.7481025e-05,4.4201766e-05,8.263386e-05,0.000116201736,0.00010098796
2017-10-15 23:00:00,1.9984807e-05,6.156507e-05,3.4871653e-05,4.5821715e-05,4.069982e-05,0.00014162951
2017-10-16 00:00:00,0.00012352063,2.7822098e-05,5.2183084e-05,4.544344e-05,0.0001171069,9.103436e-05
2017-10-16 01:00:00,9.284539e-05,8.804146e-05,8.7684704e-05,0.0002255432,0.00015116783,8.7802546e-05
2017-10-16 02:00:00,4.8180504e-05,1.7750901e-05,0.0001761769,9.458964e-05,3.3512228e-05,0.00010156997
2017-10-16 03:00:00,3.8912083e-05,0.00011647501,9.9747194e-05,3.7432896e-05,0.00010210703,0.00013226336
2017-10-16 04:00:00,0.00017707603,0.00012903588,4.6269855e-05,0.0001399193,8.166428e-05,0.00012741168
2017-10-16 05:00:00,2.8961495e-05,0.00010597758,0.00025404626,0.00026750914,0.00026937632,0.00018252578
2017-10-16 06:00:00,0.00013095577,0.00021775895,0.00021290805,0.00022484937,9.8799486e-05,3.1434247e-05
2017-10-16 07:00:00,0.00015784074,0.00012365419,0.00012853602,5.3815478e-05,7.326042e-05,3.4662884e-05
2017-10-16 08:00:00,4.5751196e-05,5.4973647e-05,0.00010889042,0.00020754064,7.3120405e-05,3.4973924e-05
2017-10-16 09:00:00,3.0896346e-05,8.602825e-05,0.000206137,0.00010649745,4.4959623e-05,5.7744008e-05
2017-10-16 10:00:00,0.0001486442,0.00022415718,0.000155689,6.0797578e-05,3.6455323e-05,8.304579e-05
2017-10-16 11:00:00,0.00014341483,2.0827027e-05,8.468697e-05,0.00018994583,0.0001534614,0.00013337488
2017-10-16 12:00:00,0.00013904808,0.00020174823,0.00029477314,0.00034921707,0.00023869981,0.00032610667
2017-10-16 13:00:00,8.9035784e-05,0.00019346432,0.00018755897,0.00017370582,0.00012431387,2.4565696e-05
2017-10-16 14:00:00,0.00017163741,0.00010786426,0.00011869331,0.00010119149,4.447084e-05,3.799093e-05
2017-10-16 15:00:00,4.1670995e-05,2.4313431e-05,4.472283e-05,0.00016679052,0.0001379103,0.0001507696
2017-10-16 16:00:00,4.45842e-05,2.2806369e-05,0.00020423926,0.00014392918,0.00011960873,0.00013132744
2017-10-16 17:00:00,5.5733224e-05,0.00012231349,0.00012923824,0.00013069186,0.00010833897,2.3134546e-05
2017-10-16 18:00:00,0.00012654984,0.00018530225,0.00013205684,0.00015424645,5.6866236e-05,0.0002868502
2017-10-16 19:00:00,5.6029156e-05,6.255397e-05,5.9167625e-05,0.00016066448,0.0004052285,0.0004050023
2017-10-16 20:00:00,3.0587013e-05,2.1075974e-05,0.00010503853,0.00049740326,0.0004630248,0.0002705559
2017-10-16 21:00:00,3.649348e-05,0.00010587694,0.0004914299,0.00037804045,0.00024081812,0.00036626917
2017-10-16 22:00:00,0.00014224644,0.00051137526,0.00051519077,0.000341284,0.00034473123,0.00041513445
2017-10-16 23:00:00,0.00045338226,0.00033139554,0.00022380984,0.00029273235,0.0003205591,0.0004014959
2017-10-17 00:00:00,0.00011170163,0.0001467575,0.00010724548,8.1772814e-05,4.2579963e-05,0.00019840583
2017-10-17 01:00:00,7.8939855e-05,3.8231614e-05,3.4156285e-05,8.0761354e-05,9.948233e-05,9.197909e-05
2017-10-17 02:00:00,6.7521e-05,7.5040334e-05,0.00021223044,3.5603858e-05,0.00013831811,0.0005794386
2017-10-17 03:00:00,4.4525947e-05,9.457329e-05,9.702406e-05,0.000121475125,0.00042998182,0.00014927104
2017-10-17 04:00:00,0.00017507694,0.00010351309,9.1160786e-05,0.000466132,0.00014593541,0.0003564678
2017-10-17 05:00:00,0.00023970054,3.427216e-05,0.00033533096,7.081658e-05,0.00019958337,9.986395e-05
2017-10-17 06:00:00,0.00023711307,0.00044882327,0.00019003238,0.00045669367,0.00026965857,0.00052896957
2017-10-17 07:00:00,0.0005367643,5.2595344e-05,0.00029627807,0.0001317133,0.00034541875,0.0005875832
2017-10-17 08:00:00,0.00048472697,8.178225e-05,0.00026218873,3.3162312e-05,0.00020493323,3.105544e-05
2017-10-17 09:00:00,0.00027244416,7.757168e-05,0.00029628508,0.00047353585,0.00024188089,0.0003173435
2017-10-17 10:00:00,0.00016261157,0.00011335476,0.0002904848,0.00013360074,0.00010300758,0.00011730361
2017-10-17 11:00:00,0.00034647787,0.0003395172,0.00021902249,0.00026371403,0.00022428269,0.00030184467
2017-10-17 12:00:00,0.00028269578,2.3860599e-05,3.7886097e-05,4.5924804e-05,3.2639437e-05,0.00019636437
2017-10-17 13:00:00,0.00027133944,0.00021591854,0.00023477314,0.00019659872,4.0540413e-05,0.00010227821
2017-10-17 14:00:00,2.856154e-05,2.4827066e-05,4.6414178e-05,0.00016850048,5.232223e-05,6.837544e-05
2017-10-17 15:00:00,4.3317534e-05,3.1366057e-05,0.00021799422,6.218696e-05,6.174893e-05,0.00011700295
2017-10-17 16:00:00,2.7116219e-05,0.00020136077,4.8928145e-05,0.000115838324,8.81062e-05,0.00013711993
2017-10-17 17:00:00,0.00025540555,6.4428175e-05,7.4780844e-05,0.0001253592,0.000117979645,0.00017621691
2017-10-17 18:00:00,0.0001307157,0.00011431796,8.136993e-05,5.1349358e-05,6.889154e-05,6.22252e-05
2017-10-17 19:00:00,4.6464265e-05,7.745633e-05,9.990762e-05,0.00022141004,6.709568e-05,6.7457e-05
2017-10-17 20:00:00,6.375401e-05,8.044392e-05,0.00022031383,6.3405336e-05,0.00010650696,3.4631958e-05
2017-10-17 21:00:00,4.7010628e-05,0.00013347875,4.3826367e-05,0.00012054767,5.5861467e-05,3.7434813e-05
2017-10-17 22:00:00,0.00013986725,4.042497e-05,0.000180449,7.4926655e-05,4.003124e-05,4.78149e-05
2017-10-17 23:00:00,0.00015126115,0.00028088712,0.00015539763,7.331915e-05,5.6024925e-05,5.8421792e-05
2017-10-18 00:00:00,0.00016223904,6.75424e-05,5.1965257e-05,0.0001060946,0.00012126639,0.00020910118
2017-10-18 01:00:00,0.000101802776,0.0001546753,0.0002151036,0.0003143214,0.00024817672,0.0003140679
2017-10-18 02:00:00,0.00011992537,0.00013909023,0.00020525136,0.00026506063,0.00020452827,3.348971e-05
2017-10-18 03:00:00,5.3540673e-05,0.00011048723,0.00025785938,0.00018462684,7.469961e-05,0.00011155571
2017-10-18 04:00:00,0.000113305854,0.0001562768,0.00019511473,0.00013315391,7.392651e-05,0.00019674144
2017-10-18 05:00:00,7.762122e-05,8.983087e-05,0.00029955187,4.334737e-05,9.442143e-05,0.00033140447
2017-10-18 06:00:00,3.4568468e-05,0.0002831195,5.9309405e-05,5.344939e-05,0.0002756372,0.00039305765
2017-10-18 07:00:00,0.0003844765,7.620612e-05,5.618487e-05,0.0002495166,0.00033657235,0.00022200296
2017-10-18 08:00:00,0.0003266636,0.00032886368,0.0005096684,0.0006118819,0.0005200942,0.0005200402
2017-10-18 09:00:00,0.000105947474,0.00032589174,0.000501397,0.00023226935,0.00029789677,0.00032211436
2017-10-18 10:00:00,0.00025327282,0.00041872912,0.00024814185,0.00021757957,0.0002276762,0.0001729545
2017-10-18 11:00:00,0.00020577642,2.1776345e-05,4.6519504e-05,5.0927683e-05,5.399133e-05,0.00010703754
2017-10-18 12:00:00,0.00018230706,0.00011527659,0.00012802337,0.00016538573,6.1116436e-05,0.00015564618
2017-10-18 13:00:00,6.9321766e-05,3.9771676e-05,4.8450955e-05,0.00014543295,0.00024716827,0.00019066191
2017-10-18 14:00:00,4.1983072e-05,6.855055e-05,0.00010213564,0.00022304725,0.00015416971,0.00025099918
2017-10-18 15:00:00,6.869752e-05,0.00012223136,0.00036150904,0.00014862732,0.00023144837,0.00026310378
2017-10-18 16:00:00,0.0002588747,0.00039166797,0.00016237891,0.00029528892,0.00021510027,0.00030892866
2017-10-18 17:00:00,0.00022441243,5.8793652e-05,8.939498e-05,0.00012143743,0.00011769198,0.00015407988
2017-10-18 18:00:00,0.00016053264,0.00010235949,8.009094e-05,4.0379782e-05,4.165763e-05,5.923407e-05
2017-10-18 19:00:00,7.1619346e-05,9.802275e-05,0.00010900807,9.1321046e-05,0.00011935122,0.00024598354
2017-10-18 20:00:00,5.4934248e-05,7.479052e-05,6.776118e-05,9.084299e-05,0.00015986274,0.00024426935
2017-10-18 21:00:00,4.0466253e-05,2.2610584e-05,0.00015054837,0.00018750489,0.00014590693,0.00021882112
2017-10-18 22:00:00,2.0862099e-05,0.0001106907,0.0001837327,0.000181018,0.00014577305,0.00016929317
2017-10-18 23:00:00,0.00013185246,9.865009e-05,0.00017262148,0.00020277398,0.00017875063,4.218325e-05
2017-10-19 00:00:00,7.323602e-05,6.642405e-05,9.444583e-05,0.00014607656,5.4800435e-05,4.1942243e-05
2017-10-19 01:00:00,3.968697e-05,2.319879e-05,7.39218e-05,0.000115003124,0.00010876874,0.00015530139
2017-10-19 02:00:00,4.4000677e-05,4.1097876e-05,0.00013753756,0.00011414407,0.00016958611,0.0002928763
2017-10-19 03:00:00,4.1005573e-05,0.00011427724,0.00014546578,0.00014287302,0.00023983432,0.00031500435
2017-10-19 04:00:00,0.000244295,0.00013503665,0.00027056216,0.00032811626,0.0003355691,0.00028235375
2017-10-19 05:00:00,2.7136066e-05,5.0973184e-05,0.00021435601,0.00016946971,0.00017747516,0.00022339677
2017-10-19 06:00:00,8.696399e-05,0.00025355647,0.00021599409,0.00016442648,0.00028391468,0.00041743042
2017-10-19 07:00:00,0.000119250326,0.00012520025,0.00012990573,0.00019872327,0.00036900022,0.00024246218
2017-10-19 08:00:00,2.8965951e-05,3.4640227e-05,6.072359e-05,0.000279103,6.739671e-05,0.00022163625
2017-10-19 09:00:00,4.070898e-05,7.312714e-05,0.0002471381,9.0633686e-05,0.00017289573,0.00033964487
2017-10-19 10:00:00,0.00013735742,0.0003781928,0.00015630796,0.00025147793,0.00028541038,0.00011183571
2017-10-19 11:00:00,0.00022801744,2.7628792e-05,0.0001295708,0.00016281064,3.340823e-05,0.00021509957
2017-10-19 12:00:00,0.00026043475,0.00010891941,5.991615e-05,0.00023429836,4.6611298e-05,5.1927895e-05
2017-10-19 13:00:00,0.00013934671,0.0001476905,2.841504e-05,0.00016937443,9.1921065e-05,0.00029403673
2017-10-19 14:00:00,9.048203e-05,0.000121661375,0.00011226039,7.750787e-05,0.00014100864,0.000114727685
2017-10-19 15:00:00,0.00021101134,2.411952e-05,5.034608e-05,9.538836e-05,6.119741e-05,2.8014456e-05
2017-10-19 16:00:00,0.0002730941,0.0001467582,0.00024382416,0.00022674837,0.00013224635,0.00018478416
2017-10-19 17:00:00,3.0344496e-05,0.00012463999,8.05829e-05,2.8697179e-05,8.136997e-05,0.00015507774
2017-10-19 18:00:00,0.00017946304,8.194838e-05,3.7909733e-05,6.57857e-05,8.9210946e-05,0.00014181146
2017-10-19 19:00:00,5.8716323e-05,9.977395e-05,6.451564e-05,0.0002423359,0.00015756552,0.00021541197
2017-10-19 20:00:00,9.787447e-05,2.655677e-05,0.000271075,0.00021969892,0.0002203069,0.00018954946
2017-10-19 21:00:00,8.994253e-05,0.00016023865,0.00016466212,0.00024278006,0.00016162598,0.00012991845
2017-10-19 22:00:00,0.00021272925,0.00018116682,0.00032111572,0.0002110346,0.00021324077,0.00020874437
2017-10-19 23:00:00,2.6448943e-05,6.925136e-05,6.129011e-05,4.5483615e-05,3.3725482e-05,7.8945886e-05
2017-10-20 00:00:00,6.829439e-05,3.7789236e-05,5.0472678e-05,5.3777178e-05,9.07166e-05,0.00020315385
2017-10-20 01:00:00,2.8790824e-05,4.415245e-05,4.5726112e-05,0.00012606566,0.00021487531,0.00026216387
2017-10-20 02:00:00,5.630172e-05,3.0073996e-05,0.00016153953,0.00019623723,0.00022345883,0.00027062767
2017-10-20 03:00:00,4.9183327e-05,0.00013808066,0.00028676167,0.00020494578,0.00017897367,0.00030015406
2017-10-20 04:00:00,0.00013211112,0.00025716017,0.00024023834,0.00021788132,0.0002173684,0.0006944784
2017-10-20 05:00:00,0.00015971078,9.7514334e-05,0.00017456617,0.00014229503,0.0004380882,0.00024165731
2017-10-20 06:00:00,5.1889754e-05,2.488208e-05,6.156914e-05,0.00036158724,0.000295218,0.0005196213
2017-10-20 07:00:00,2.9582443e-05,6.412506e-05,0.00046587313,0.0003568873,0.00040665755,7.9646285e-05
2017-10-20 08:00:00,7.32596e-05,0.0003430274,0.0005356053,0.000548635,7.434486e-05,9.93448e-05
2017-10-20 09:00:00,0.00033946094,0.0004315627,0.00075842097,0.00013424373,0.00011818309,4.0365067e-05
2017-10-20 10:00:00,0.0007938756,0.0010541525,0.00046999488,0.0003776184,0.00021571084,0.00019875875
2017-10-20 11:00:00,0.00018688588,0.00030513213,0.0002478211,0.00039728024,0.00030102342,0.00065732806
2017-10-20 12:00:00,0.00047896113,0.0003974552,0.00051153125,0.0006017538,0.0005761948,0.0006585004
2017-10-20 13:00:00,3.9603437e-05,0.00012628523,0.0001292718,0.00025173053,0.00019408323,0.0004241045
2017-10-20 14:00:00,0.00015793368,0.00013355802,0.00023276871,0.00024352173,0.00027371198,0.0005626066
2017-10-20 15:00:00,4.7623234e-05,0.00012892562,0.00012387136,0.00018103796,0.00015304635,0.00029180798
2017-10-20 16:00:00,0.00015269865,0.00010132316,0.00018206079,0.00017172482,0.00022021515,0.00014691622
2017-10-20 17:00:00,3.163874e-05,6.1023577e-05,0.00012327867,0.00018050347,5.102535e-05,0.00012045052
2017-10-20 18:00:00,0.000105808555,0.00012059421,0.00017750917,4.291643e-05,7.887492e-05,0.0002466745
2017-10-20 19:00:00,4.9193997e-05,9.648088e-05,4.070669e-05,4.2170042e-05,0.00010994451,0.00012647585
2017-10-20 20:00:00,7.4725845e-05,6.430873e-05,6.0690236e-05,0.00011738769,6.7442415e-05,8.192315e-05
2017-10-22 21:00:00,0.00016136144,7.220395e-05,7.773721e-05,3.4779318e-05,3.905777e-05,3.6679307e-05
2017-10-22 22:00:00,4.7517085e-05,0.00015894478,0.000109182976,8.371342e-05,8.278783e-05,0.00035744446
2017-10-22 23:00:00,0.00018515227,7.0828464e-05,0.00013220913,5.3841297e-05,0.00019310918,0.00044930997
2017-10-23 00:00:00,0.000100697594,5.765782e-05,0.00010011905,0.00010528262,0.0002310276,0.0001661435
2017-10-23 01:00:00,3.988445e-05,3.8778544e-05,0.00014613384,0.00035408794,0.00022313392,0.00021918639
2017-10-23 02:00:00,7.924588e-05,0.00014162094,0.00030425354,0.0001907315,0.00020971599,0.00020965165
2017-10-23 03:00:00,0.00018778624,0.0003275345,0.00016712768,0.00026942964,0.00024736178,8.641982e-05
2017-10-23 04:00:00,0.00023356729,5.8638536e-05,0.000108449414,0.00011591014,7.565555e-05,9.884569e-05
2017-10-23 05:00:00,0.00017012365,9.589664e-05,7.733257e-05,0.00020376172,0.00024685424,0.00021948387
2017-10-23 06:00:00,6.4393986e-05,5.981336e-05,0.00012302889,0.00018436882,0.0001645708,9.7804455e-05
2017-10-23 07:00:00,2.6713135e-05,0.00021933274,0.00028455342,0.0002229258,0.0001589732,7.888963e-05
2017-10-23 08:00:00,0.00023915467,0.00022268893,0.00029226014,0.00013426876,6.973765e-05,0.00028031302
2017-10-23 09:00:00,7.575566e-05,5.8984948e-05,4.728221e-05,6.802311e-05,0.00011043762,0.0001256279
2017-10-23 10:00:00,2.1613456e-05,6.3463645e-05,0.00018960152,6.642924e-05,4.3330314e-05,3.7412945e-05
2017-10-23 11:00:00,9.2902046e-05,0.00012853426,5.1183702e-05,8.615736e-05,4.34193e-05,0.00021108505
2017-10-23 12:00:00,0.00010427045,0.0001370266,0.0001588027,8.50923e-05,0.0001273904,0.0001782292
2017-10-23 13:00:00,0.00020797162,0.0002183236,0.00014221911,7.930942e-05,6.538973e-05,3.8886577e-05
2017-10-23 14:00:00,5.0148894e-05,5.297827e-05,0.00028970832,0.00021776499,0.00016114935,0.00015061465
2017-10-23 15:00:00,0.00012156712,0.0002862134,0.00029260866,0.0002528107,0.00022531985,0.00023745974
2017-10-23 16:00:00,0.00023980897,0.00020802775,0.00014960284,0.0001155914,0.00020960098,0.00015905926
2017-10-23 17:00:00,2.4944498e-05,4.692116e-05,9.4673414e-05,3.5028817e-05,3.7691025e-05,0.00014275363
2017-10-23 18:00:00,6.126651e-05,6.3928994e-05,4.346926e-05,3.5336885e-05,9.2289265e-05,0.0002489951
2017-10-23 19:00:00,4.0143626e-05,5.063248e-05,4.2891144e-05,0.00015349823,0.00029878117,0.00019654406
2017-10-23 20:00:00,0.00010852243,5.670183e-05,0.00018905323,0.0002611441,0.0001664674,0.00027794042
2017-10-23 21:00:00,4.2008945e-05,8.0596605e-05,0.00021749044,0.00013215112,0.00018962537,0.00020344874
2017-10-23 22:00:00,0.00018456964,0.00019407232,0.00018444481,0.00021213407,0.00019505365,0.00044071753
2017-10-23 23:00:00,0.00017355694,6.4047905e-05,0.00012861467,0.00014686205,0.00022399076,0.00047130778
2017-10-24 00:00:00,0.00011901832,5.279316e-05,3.5615005e-05,8.833664e-05,0.00018743648,6.680675e-05
2017-10-24 01:00:00,9.4107025e-05,7.0727416e-05,0.00022904534,0.00037315395,0.000111242305,0.00028360548
2017-10-24 02:00:00,3.2221116e-05,0.00014135413,0.00041890822,0.00010513025,0.00021898164,0.00022016748
2017-10-24 03:00:00,0.00014660737,0.00030209305,8.9841924e-05,0.00018229413,0.0002607689,0.00028460548
2017-10-24 04:00:00,0.00021780997,4.3487456e-05,6.09308e-05,0.00016203927,0.00015013647,0.00012181923
2017-10-24 05:00:00,0.00029011088,9.789436e-05,4.723113e-05,7.166165e-05,6.662168e-05,9.5101415e-05
2017-10-24 06:00:00,0.00015537787,0.00014546567,0.00017254727,0.00011504157,0.00029021883,0.00053186645
2017-10-24 07:00:00,9.260575e-05,7.3684365e-05,5.055872e-05,0.00016554844,0.00023560824,0.00020282887
2017-10-24 08:00:00,3.1629934e-05,5.336593e-05,0.0001238461,0.00018286645,9.4027484e-05,6.835707e-05
2017-10-24 09:00:00,7.1473e-05,0.00010865643,0.0002198339,0.00012566498,7.646967e-05,0.00022424343
2017-10-24 10:00:00,0.0002878808,0.00027755048,0.00022178417,0.0001258278,0.00020082644,2.6115848e-05
2017-10-24 11:00:00,8.642142e-05,2.6168847e-05,6.86569e-05,6.9868234e-05,0.00014303887,0.00021739896
2017-10-24 12:00:00,8.1148915e-05,0.00010768799,3.0311789e-05,0.0002950102,0.0002775414,0.00022969811
2017-10-24 13:00:00,6.322838e-05,5.8392878e-05,0.00021254446,0.00023586415,0.00018718309,0.0001642181
2017-10-24 14:00:00,0.00013730708,0.00015984559,0.00025357527,0.00019722848,0.0001108516,0.00021316703
2017-10-24 15:00:00,0.00042953042,0.00042336396,0.00032405535,0.00023823271,0.00021248849,0.00025865232
2017-10-24 16:00:00,0.00015499446,6.894585e-05,3.885414e-05,4.401401e-05,7.415138e-05,7.8906596e-05
2017-10-24 17:00:00,5.9937913e-05,0.00012989136,0.00011745493,5.569278e-05,2.813166e-05,2.4525594e-05
2017-10-24 18:00:00,0.000105348074,6.0119633e-05,3.075175e-05,5.0131537e-05,3.702889e-05,2.612651e-05
2017-10-24 19:00:00,4.4458917e-05,7.197288e-05,0.00013642745,0.00011390148,6.265503e-05,0.00011003254
2017-10-24 20:00:00,6.138991e-05,8.332097e-05,0.00010515265,6.3164116e-05,0.0001034537,5.5977074e-05
2017-10-24 21:00:00,7.083857e-05,7.0722446e-05,4.9067334e-05,5.1179835e-05,4.6901536e-05,8.442353e-05
2017-10-24 22:00:00,3.7897218e-05,3.490992e-05,4.0695657e-05,4.272781e-05,0.0001119821,0.00010700327
2017-10-24 23:00:00,6.051631e-05,2.3670484e-05,6.852537e-05,0.00012402728,0.000102426115,0.0002778102
2017-10-25 00:00:00,6.628797e-05,2.9590803e-05,9.203612e-05,5.004101e-05,0.00021943111,0.00012141213
2017-10-25 01:00:00,5.7896235e-05,0.00015447242,0.00010255265,0.00027794606,0.00010413776,0.00031201186
2017-10-25 02:00:00,0.00010497243,7.325908e-05,0.00026104698,9.552504e-05,0.00035858358,0.00046038238
2017-10-25 03:00:00,3.8570957e-05,0.00015123493,5.5915163e-05,0.00024446234,0.000285017,0.00018595766
2017-10-25 04:00:00,0.00020159193,5.672179e-05,0.0003556076,0.00034559827,0.00017842483,0.00025152406
2017-10-25 05:00:00,0.00016866207,9.959209e-05,0.00018129838,4.3218388e-05,0.00014859805,0.0002119637
2017-10-25 06:00:00,0.00029055425,0.0002577144,0.00015172394,0.00022486402,7.2218856e-05,5.584671e-05
2017-10-25 07:00:00,5.4754873e-05,9.595825e-05,5.118904e-05,0.0003000972,0.00024225717,0.0004996126
2017-10-25 08:00:00,0.00019321924,5.5557455e-05,0.000375809,0.00037447189,0.00038117994,0.0004318909
2017-10-25 09:00:00,0.00013678444,0.00020246617,0.00012857457,0.00036587904,0.0001902876,0.00053853454
2017-10-25 10:00:00,0.00030068075,0.00027865547,0.000601791,0.0004220751,0.00050518685,0.0006057883
2017-10-25 11:00:00,3.328803e-05,0.00015671729,0.00013558606,0.00037329752,0.0002252868,0.0004103491
2017-10-25 12:00:00,0.00021306785,0.00015536005,0.0003579537,0.00030554112,0.0005738912,0.0004818126
2017-10-25 13:00:00,9.9854384e-05,0.000120457786,0.00010541771,0.0003046101,0.00014718644,8.713411e-05
2017-10-25 14:00:00,0.0002829352,0.00018695278,0.00036340172,0.00035618868,0.00014713548,0.00027230612
2017-10-25 15:00:00,6.314279e-05,0.00028330903,9.520405e-05,5.4600634e-05,5.061502e-05,9.787179e-05
2017-10-25 16:00:00,0.0003804816,0.00012431455,3.96306e-05,8.765536e-05,0.000119882396,0.00012597501
2017-10-25 17:00:00,0.00016148995,0.00030259174,0.00021230677,0.00011114268,8.100394e-05,0.00015808736
2017-10-25 18:00:00,0.00017866038,3.3779048e-05,3.697664e-05,3.4585784e-05,0.00018844107,0.00018037106
2017-10-25 19:00:00,0.000119868404,0.00013848925,0.00014133977,0.00037113272,0.00022132864,0.00025249968
2017-10-25 20:00:00,8.363233e-05,5.6545407e-05,0.0003261156,0.0001986338,8.499004e-05,0.00011614816
2017-10-25 21:00:00,3.9413095e-05,0.00026305346,0.00014267949,6.514723e-05,5.5605597e-05,0.000104039405
2017-10-25 22:00:00,0.00024099478,0.000119713804,7.8745485e-05,8.649432e-05,0.00012309209,4.0158473e-05
2017-10-25 23:00:00,0.00012375742,0.00019042773,0.0001920576,0.00013507779,0.00014005872,0.00016034025
2017-10-26 00:00:00,0.00010547321,6.229706e-05,5.742082e-05,0.00011392577,0.00019491465,0.0001304531
2017-10-26 01:00:00,3.583498e-05,6.36105e-05,5.472849e-05,0.00030215632,0.00021024117,0.0001210385
2017-10-26 02:00:00,6.317888e-05,3.7727244e-05,0.00036827062,0.00023724583,9.945086e-05,0.0002376017
2017-10-26 03:00:00,9.11961e-05,0.0002463263,0.00022260203,6.676985e-05,8.4031206e-05,0.0003294734
2017-10-26 04:00:00,0.0004410204,0.00023559072,9.890276e-05,0.00027821367,0.00036108153,0.00062481535
2017-10-26 05:00:00,0.00010057611,0.0002519061,0.00013928692,6.373568e-05,0.00014296356,0.00013110516
2017-10-26 06:00:00,0.00012965924,2.4845765e-05,0.00016936817,0.0003210644,0.00019887536,0.00045759833
2017-10-26 07:00:00,0.00016407776,0.0002255502,0.00047609615,0.000347121,0.0004252571,0.0007452027
2017-10-26 08:00:00,0.00022244222,0.00033244697,0.00025127662,0.0005196049,0.00044123997,0.00034859657
2017-10-26 09:00:00,0.0002445094,6.219205e-05,0.000362963,0.00047293876,0.00021179266,0.00017202317
2017-10-26 10:00:00,0.00011597905,0.00012374434,0.00035428558,0.000111787944,4.7314246e-05,2.5452488e-05
2017-10-26 11:00:00,0.00028094256,0.00033247875,0.00019653044,7.372655e-05,9.6235446e-05,2.47856e-05
2017-10-26 12:00:00,0.00013865424,4.1354066e-05,0.0001708031,0.0001153245,0.00020179948,5.86511e-05
2017-10-26 13:00:00,0.00021520465,0.0002028245,0.00029294472,0.00028309377,0.00017150945,6.767247e-05
2017-10-26 14:00:00,9.977996e-05,6.5908534e-05,0.00018955063,3.42337e-05,8.060427e-05,7.142375e-05
2017-10-26 15:00:00,4.8362246e-05,0.00010909631,0.00010192516,0.00023403113,0.00012035907,0.00019088142
2017-10-26 16:00:00,0.00015490733,5.4343018e-05,0.00018528222,0.00013360965,0.00014357624,0.00017252122
2017-10-26 17:00:00,0.00020468894,0.00032262193,0.00024728387,0.00019689022,0.00019457069,0.00028781433
2017-10-26 18:00:00,0.00017565153,0.00010390871,0.0001080331,0.00014745381,0.00014369766,0.0002886215
2017-10-26 19:00:00,6.880053e-05,5.4850792e-05,4.9829887e-05,3.616139e-05,0.00026800146,0.00073245884
2017-10-26 20:00:00,3.4426346e-05,4.3211843e-05,7.733909e-05,0.0003146802,0.00066659687,0.00034289458
2017-10-26 21:00:00,4.481011e-05,4.6282792e-05,0.000466614,0.0005601638,0.00036701653,0.00043389737
2017-10-26 22:00:00,3.0276855e-05,0.0003765613,0.00051233475,0.00045229055,0.0004010474,0.0005808866
2017-10-26 23:00:00,0.0005876825,0.00065583445,0.00056037935,0.00045188406,0.000464274,0.00036891803
2017-10-27 00:00:00,0.0001790165,7.342928e-05,0.00014099933,0.0002460271,8.0281716e-05,0.000292361
2017-10-27 01:00:00,0.00019272315,7.405256e-05,4.522039e-05,0.0001293477,5.1874602e-05,0.00010408938
2017-10-27 02:00:00,5.853423e-05,0.0001413384,3.2655993e-05,0.00019898753,0.0001994145,0.000104085644
2017-10-27 03:00:00,0.00012541086,3.045932e-05,0.00014873008,0.00015140757,7.178692e-05,0.00011927899
2017-10-27 04:00:00,0.00017515496,6.074495e-05,0.0001066915,5.6868368e-05,6.7713656e-05,8.385207e-05
2017-10-27 05:00:00,0.00020513198,0.00023360531,7.292543e-05,0.00013779836,4.808559e-05,0.00020924557
2017-10-27 06:00:00,4.260214e-05,8.6195265e-05,4.4625845e-05,0.00013195667,7.14055e-05,0.00030491836
2017-10-27 07:00:00,0.00016619047,4.942908e-05,0.00019950216,3.7622332e-05,0.00020327602,0.00026662135
2017-10-27 08:00:00,0.00011962089,5.928033e-05,0.0002082659,0.00030228606,0.0003792791,0.0006488978
2017-10-27 09:00:00,0.0001587603,8.2118524e-05,0.00033781986,0.0002480365,0.00036747853,0.00030128035
2017-10-27 10:00:00,0.00024950644,0.0003589972,0.0004909655,0.00072333985,0.0003523861,0.0004285408
2017-10-27 11:00:00,0.00029645034,0.00016166265,0.0004466519,0.0003092831,0.00014928072,0.00038943105
2017-10-27 12:00:00,3.6763315e-05,0.00021385311,5.674442e-05,3.8843107e-05,0.00012587816,0.00019211789
2017-10-27 13:00:00,0.0003317686,4.9250088e-05,5.0103055e-05,0.00013390294,0.00015479904,0.00013423606
2017-10-27 14:00:00,0.00025302492,0.00023188624,0.00014642498,4.959254e-05,0.000115218325,3.012892e-05
2017-10-27 15:00:00,5.2994943e-05,7.743406e-05,0.00017701226,8.39486e-05,0.00015622636,0.00033554458
2017-10-27 16:00:00,0.00014656318,0.00020264725,0.0001333111,0.0002214945,0.0002566233,0.00041744727
2017-10-27 17:00:00,8.380209e-05,2.8144876e-05,0.000112100206,0.00018793019,0.00027847796,0.00022771176
2017-10-27 18:00:00,7.3560426e-05,3.075926e-05,0.00016092315,0.00027070963,0.00013102172,7.508475e-05
2017-10-27 19:00:00,0.00014022907,0.00015331792,0.00036950875,0.00025242567,0.000110685134,0.00010620463
2017-10-27 20:00:00,0.00010683088,0.00019939248,0.0001347013,8.7574415e-05,3.327322e-05,2.5601932e-05
2017-10-29 21:00:00,0.0001427699,3.177807e-05,8.778982e-05,0.00011346161,0.00010694135,0.000110178895
2017-10-29 22:00:00,0.00011981915,0.00015721806,0.00025853558,0.00020577309,0.00019085633,0.00021268269
2017-10-29 23:00:00,0.00012215498,0.00015802619,0.00014387586,0.00010841329,0.000102128964,3.093538e-05
2017-10-30 00:00:00,5.8278503e-05,7.399606e-05,8.245746e-05,0.00012931079,5.462775e-05,0.00010926252
2017-10-30 01:00:00,3.0155375e-05,2.1080517e-05,5.8746522e-05,0.0001356793,0.00017297006,0.000284878
2017-10-30 02:00:00,2.1674685e-05,4.9782935e-05,0.00018222044,0.00018408574,0.00027986872,0.00046955977
2017-10-30 03:00:00,6.650387e-05,0.00015836,0.00015184803,0.0002822972,0.00035353538,0.0004040138
2017-10-30 04:00:00,0.00027747557,0.0002618551,0.00038705603,0.00047692293,0.00033868296,0.00037216526
2017-10-30 05:00:00,6.068468e-05,0.0001641761,0.00043212067,0.00020805563,0.00031529693,0.00037348215
2017-10-30 06:00:00,0.000119652024,0.00023512996,0.0001832659,0.0002528912,0.00022685985,0.00011848692
2017-10-30 07:00:00,0.00021809591,3.311066e-05,0.00011429077,0.00012903965,3.0271662e-05,3.5082998e-05
2017-10-30 08:00:00,0.00017001227,7.540397e-05,5.0089675e-05,0.00017648513,0.00010854418,0.00042625342
2017-10-30 09:00:00,9.795211e-05,0.00012598102,5.7129488e-05,3.9544837e-05,0.00021974492,3.5718404e-05
2017-10-30 10:00:00,5.9797003e-05,0.00011107287,0.000114110786,0.00043329544,4.8201313e-05,4.9654358e-05
2017-10-30 11:00:00,0.00023880169,0.00010145371,0.0003181112,0.00010511962,2.5097299e-05,3.6107147e-05
2017-10-30 12:00:00,4.660777e-05,0.00016934222,9.084435e-05,0.00014588572,0.00011496391,3.3766668e-05
2017-10-30 13:00:00,0.00029398754,4.207835e-05,0.00012070823,0.00014282174,5.440588e-05,4.3362692e-05
2017-10-30 14:00:00,0.0003296323,0.00029305075,0.00037803216,0.00017611551,0.00016705315,0.00020003549
2017-10-30 15:00:00,0.0001342095,0.000112896916,0.00010305175,5.981792e-05,6.6046094e-05,8.012041e-05
2017-10-30 16:00:00,3.8659735e-05,0.00017451405,0.00014678876,0.00019444671,0.0001342697,0.0003627531
2017-10-30 17:00:00,0.0002480534,0.00014401392,0.00013490261,0.00018133347,0.00025906987,0.00033359815
2017-10-30 18:00:00,2.895491e-05,2.313951e-05,3.9406023e-05,0.00010427969,0.00013985607,0.00016764805
2017-10-30 19:00:00,4.667193e-05,3.8532628e-05,9.744473e-05,0.0001672509,0.00018420581,0.00014474876
2017-10-30 20:00:00,3.376274e-05,7.564644e-05,0.0002008532,0.00020430223,0.0001320921,0.00024136927
2017-10-30 21:00:00,9.928715e-05,0.00012165004,0.00019682046,0.00021251227,0.00020696702,0.0001541533
2017-10-30 22:00:00,7.434757e-05,9.797636e-05,9.083419e-05,0.00016635357,8.9951915e-05,2.056533e-05
2017-10-30 23:00:00,4.0062056e-05,2.6648851e-05,9.428738e-05,4.2943495e-05,6.97464e-05,7.062741e-05
2017-10-31 00:00:00,3.941631e-05,7.210263e-05,4.5104247e-05,7.332342e-05,7.416952e-05,0.00011998554
2017-10-31 01:00:00,0.00013155931,3.6447083e-05,0.00012066274,5.8362893e-05,8.762266e-05,6.506422e-05
2017-10-31 02:00:00,8.5084735e-05,0.00018069286,0.00015868014,0.00014017936,3.614134e-05,5.578023e-05
2017-10-31 03:00:00,0.00011312379,6.0845516e-05,0.000111118585,5.75944e-05,3.5216395e-05,3.563868e-05
2017-10-31 04:00:00,2.9892199e-05,2.755694e-05,0.00016068951,0.00014206948,6.848072e-05,3.559962e-05
2017-10-31 05:00:00,4.2034542e-05,0.00013329517,0.000120797486,5.110541e-05,2.9514964e-05,5.678918e-05
2017-10-31 06:00:00,0.00017168907,0.00014496362,7.663894e-05,5.1136718e-05,7.2476265e-05,5.351084e-05
2017-10-31 07:00:00,5.559213e-05,7.412288e-05,0.00012027778,5.599551e-05,8.307422e-05,2.8170933e-05
2017-10-31 08:00:00,7.605876e-05,9.528742e-05,7.343922e-05,6.074813e-05,4.603194e-05,2.9384473e-05
2017-10-31 09:00:00,4.1189687e-05,3.761567e-05,4.9206916e-05,5.232814e-05,7.661392e-05,6.5725384e-05
2017-10-31 10:00:00,7.7968725e-05,3.1944517e-05,9.6223725e-05,0.00013447118,9.0999914e-05,2.3056158e-05
2017-10-31 11:00:00,4.8325088e-05,3.1922635e-05,0.00010655692,6.7902874e-05,4.886882e-05,0.00036751252
2017-10-31 12:00:00,6.499706e-05,9.1288915e-05,9.022713e-05,2.5295463e-05,0.00036469917,2.5741834e-05
2017-10-31 13:00:00,7.609703e-05,3.269786e-05,8.677544e-05,0.00033942796,8.2749895e-05,4.0418643e-05
2017-10-31 14:00:00,3.6853235e-05,9.9255885e-05,0.00030739003,9.557788e-05,0.00010866112,3.676461e-05
2017-10-31 15:00:00,0.00012720007,0.0002530524,8.096821e-05,6.9108e-05,3.7812242e-05,2.6572283e-05
2017-10-31 16:00:00,0.00043814987,3.485578e-05,4.478046e-05,8.4327476e-05,0.00010115116,2.9100476e-05
2017-10-31 17:00:00,0.000326392,0.0003442011,0.00036473136,0.00031328303,0.0003014404,0.0003949543
2017-10-31 18:00:00,2.6919917e-05,4.446498e-05,0.000101057754,3.254665e-05,3.4422566e-05,2.3897028e-05
2017-10-31 19:00:00,8.967236e-05,9.647467e-05,4.1908293e-05,3.4990637e-05,4.3077267e-05,2.8093804e-05
2017-10-31 20:00:00,4.1200026e-05,4.7313788e-05,7.6151315e-05,5.1626663e-05,6.8931535e-05,0.00014375467
2017-10-31 21:00:00,0.00012011517,9.530623e-05,8.694847e-05,4.5859157e-05,0.00010947267,0.00010604189
2017-10-31 22:00:00,4.1883108e-05,2.0036989e-05,4.35277e-05,5.605177e-05,4.608534e-05,9.6472926e-05
2017-10-31 23:00:00,4.1901316e-05,2.4786234e-05,4.3151515e-05,3.310251e-05,0.00011880453,6.679379e-05
2017-11-01 00:00:00,2.3255703e-05,5.1295694e-05,6.9575064e-05,0.00011411536,4.332758e-05,3.0835447e-05
2017-11-01 01:00:00,0.00011066725,5.1031966e-05,0.00015555014,5.6204117e-05,4.721954e-05,0.00011743114
2017-11-01 02:00:00,4.9986284e-05,0.00013085922,7.263648e-05,0.00011375438,0.00014427626,0.00019456806
2017-11-01 03:00:00,0.00015419851,5.361754e-05,6.569815e-05,0.00014009862,0.00012560058,0.00025215687
2017-11-01 04:00:00,0.00010454869,6.0191738e-05,5.321202e-05,4.140311e-05,0.00014684156,0.00017627442
2017-11-01 05:00:00,2.3809294e-05,8.2769e-05,0.00013863794,0.00020499688,0.00017955535,0.00027606866
2017-11-01 06:00:00,0.000118588316,9.843718e-05,0.00027436536,0.00025077906,0.00012045909,0.0003599735
2017-11-01 07:00:00,3.0055657e-05,0.00014506982,0.00019956063,0.00012568891,0.00033765982,0.00054715964
2017-11-01 08:00:00,0.00017559706,0.00014465426,0.00014789157,0.00046748173,0.0005154633,0.0004227763
2017-11-01 09:00:00,3.8291644e-05,2.393198e-05,0.0003297649,0.0005502021,0.00035207407,0.00046803514
2017-11-01 10:00:00,4.664156e-05,0.00028220075,0.00053843315,0.00034442087,0.0004516506,0.00038281368
2017-11-01 11:00:00,0.0003567945,0.00050514087,0.00036532612,0.0004413776,0.0003363552,0.00049107906
2017-11-01 12:00:00,0.00023162954,7.208695e-05,0.00017364642,0.00021985917,8.600116e-05,0.000117280644
2017-11-01 13:00:00,0.0001872754,3.921903e-05,4.800812e-05,8.2276514e-05,0.00010465864,3.715314e-05
2017-11-01 14:00:00,0.00022689337,0.00010060743,5.5401913e-05,4.8956335e-05,0.00012329049,0.00021864945
2017-11-01 15:00:00,7.048535e-05,0.000100087535,0.00014250893,5.7009285e-05,5.537841e-05,9.524384e-05
2017-11-01 16:00:00,5.5505072e-05,8.81358e-05,4.9333306e-05,9.934043e-05,6.965979e-05,0.00013090136
2017-11-01 17:00:00,7.208333e-05,9.707525e-05,0.00018117517,0.00018100985,0.00016095287,0.00016192367
2017-11-01 18:00:00,0.00012614537,0.00017339391,0.00011402864,0.00023359657,0.00016047114,0.00029914358
2017-11-01 19:00:00,0.00010451304,7.4605785e-05,0.000113098904,0.00013323592,0.0002370791,0.0001794629
2017-11-01 20:00:00,5.7658875e-05,7.554625e-05,5.961477e-05,0.00021165448,0.0001346274,0.00012793654
2017-11-01 21:00:00,9.392065e-05,4.026984e-05,0.0001906925,0.00013662613,0.00011323447,0.00017113949
2017-11-01 22:00:00,4.516341e-05,0.00011687908,0.0001038317,6.599725e-05,7.532178e-05,0.00013969644
2017-11-01 23:00:00,0.00024650004,9.23296e-05,0.00013012897,0.00014813906,0.00015267105,7.3519266e-05
2017-11-02 00:00:00,9.111767e-05,6.196191e-05,4.5703033e-05,4.9533108e-05,9.278127e-05,0.00017356213
2017-11-02 01:00:00,3.832456e-05,4.1341693e-05,8.730143e-05,3.244787e-05,7.621091e-05,0.0001762127
2017-11-02 02:00:00,2.819505e-05,7.234655e-05,5.2324074e-05,9.300188e-05,0.00016825419,0.0002131624
2017-11-02 03:00:00,8.854453e-05,4.849169e-05,0.00015783223,0.00014309386,0.00024627658,0.00019257901
2017-11-02 04:00:00,0.00014127516,0.00012916511,0.0002150582,0.0003072052,0.0002019822,0.0008308618
2017-11-02 05:00:00,8.795409e-05,0.00011422638,0.00018446107,0.00014085522,0.0006905895,0.0008366082
2017-11-02 06:00:00,7.711719e-05,0.00011371338,8.6792184e-05,0.0006914024,0.00067185884,0.0014726813
2017-11-02 07:00:00,0.00010877088,3.187188e-05,0.00063078664,0.00058069034,0.0010428326,0.0012491451
2017-11-02 08:00:00,8.1660924e-05,0.00058185565,0.0007325441,0.0013591989,0.0013534559,0.0016206179
2017-11-02 09:00:00,0.00082278566,0.00059713895,0.001519834,0.001701739,0.0014212091,0.0020027407
2017-11-02 10:00:00,5.3407544e-05,0.00077617186,0.0010203039,0.00086178846,0.0009891636,0.0017471707
2017-11-02 11:00:00,0.00061542564,0.0011111201,0.0010192198,0.0013343911,0.0011868944,0.0015211351
2017-11-02 12:00:00,0.00029334318,0.00035865532,0.00064311357,0.0009399457,0.00079422735,0.0010656761
2017-11-02 13:00:00,7.69045e-05,0.0003028658,0.00065978157,0.0007684848,0.00071308453,0.00072992966
2017-11-02 14:00:00,0.0002946097,0.00047383585,0.00057048333,0.00077318185,0.0005633813,0.00083400175
2017-11-02 15:00:00,0.00040405942,0.0003212274,0.0005351137,0.00044134504,0.00034166785,0.0005179799
2017-11-02 16:00:00,0.00010946563,0.00026068653,0.00020512298,0.00016454338,0.00019105371,0.0003900448
2017-11-02 17:00:00,0.00021183574,0.00014012386,7.9158795e-05,0.00024684684,0.00025665123,0.00046429937
2017-11-02 18:00:00,6.947021e-05,8.200605e-05,5.1688465e-05,0.00016246719,0.0002591177,0.00018923465
2017-11-02 19:00:00,8.1047685e-05,7.6502154e-05,0.000171674,0.00029075655,0.00020282889,0.0002619299
2017-11-02 20:00:00,0.00017650914,0.00024121845,0.00033225666,0.0003112023,0.00027759123,0.00022728805
2017-11-02 21:00:00,0.00016915788,0.00022741302,0.00022100829,0.00015994672,0.000112660644,0.00020515027
2017-11-02 22:00:00,0.0001383306,8.3560175e-05,4.807605e-05,4.4157085e-05,5.724118e-05,6.143878e-05
2017-11-02 23:00:00,4.64243e-05,5.055943e-05,0.00014825177,7.2892406e-05,0.00011490444,0.00010105632
2017-11-03 00:00:00,7.5798125e-05,9.897264e-05,4.712114e-05,0.0001101649,0.00012418184,3.68331e-05
2017-11-03 01:00:00,5.655658e-05,3.292074e-05,0.00013842965,0.00015913311,3.372127e-05,0.00011159631
2017-11-03 02:00:00,0.00010037326,6.812967e-05,0.00034146497,7.64258e-05,0.00020540216,0.00010181362
2017-11-03 03:00:00,0.00016552466,0.00016770454,4.3700926e-05,0.00011262745,4.9717226e-05,0.00015129123
2017-11-03 04:00:00,0.000410768,0.00011736928,0.00026792072,0.00015115608,0.00021400893,0.00051248755
2017-11-03 05:00:00,0.00015931173,4.4328724e-05,0.00019751936,3.9139206e-05,0.00025871987,0.00045117922
2017-11-03 06:00:00,0.00016621688,2.1804439e-05,0.00010925817,0.00041176227,0.00035746774,0.0007971636
2017-11-03 07:00:00,0.00015762217,3.0132402e-05,0.00027267548,0.0003929962,0.000596144,0.0005768826
2017-11-03 08:00:00,0.00011268476,0.0004490486,0.00057792454,0.0005883729,0.0006725261,0.0009538352
2017-11-03 09:00:00,0.000373323,0.00041909373,0.0007244407,0.0008970353,0.0005763588,0.00037761353
2017-11-03 10:00:00,0.000114044524,0.00037729013,0.00040924273,0.00039714994,0.00022993515,0.00027873355
2017-11-03 11:00:00,0.0003791003,0.0002879468,0.00029621355,0.00011159592,0.00020224505,3.317064e-05
2017-11-03 12:00:00,3.1274645e-05,2.5901501e-05,0.00017672294,9.395502e-05,0.00017440646,0.0002623956
2017-11-03 13:00:00,2.1775766e-05,0.00018465932,8.373236e-05,0.00030294646,0.00021532955,0.0002988382
2017-11-03 14:00:00,0.00019741824,8.6341024e-05,0.0002430544,0.00024371827,0.00025441198,0.00038044763
2017-11-03 15:00:00,9.076034e-05,0.00011846772,0.000107124106,0.00016876298,0.00014473501,4.835943e-05
2017-11-03 16:00:00,0.0002233751,0.00014523891,0.00027680115,0.00029047503,8.582143e-05,0.00026793426
2017-11-03 17:00:00,2.8597244e-05,7.419478e-05,0.00014001848,7.008901e-05,0.000110003035,0.00012264385
2017-11-03 18:00:00,0.00010576945,7.959813e-05,7.809745e-05,0.00014580152,8.0511265e-05,0.00016613925
2017-11-03 19:00:00,5.29257e-05,0.00014431137,6.207349e-05,5.0772796e-05,9.1834074e-05,6.0344348e-05
2017-11-03 20:00:00,0.00021372476,2.5471296e-05,4.911785e-05,8.892398e-05,4.358508e-05,0.00012143527
2017-11-05 22:00:00,0.00017618378,0.00016140674,0.0002946121,0.00024225807,0.0002103145,0.00030368654
2017-11-05 23:00:00,3.145381e-05,6.9268724e-05,5.964359e-05,0.00011178731,0.00013611712,0.00014647699
2017-11-06 00:00:00,0.00013035211,5.0174844e-05,0.000110973975,0.00018708946,0.0001298031,0.00014874488
2017-11-06 01:00:00,4.5858607e-05,7.874005e-05,0.000111913,8.12591e-05,5.7547604e-05,6.0434548e-05
2017-11-06 02:00:00,0.000104520186,0.00012299324,0.0001388201,0.0001050308,0.00012764866,0.00042399805
2017-11-06 03:00:00,6.4999265e-05,3.824376e-05,4.9890437e-05,8.504797e-05,0.00023959475,0.0003509813
2017-11-06 04:00:00,2.969442e-05,2.7446897e-05,4.3038028e-05,0.00026102367,0.00028830802,0.00035304786
2017-11-06 05:00:00,3.340065e-05,3.4030396e-05,0.0002820178,0.00038048316,0.00031760722,0.00019790344
2017-11-06 06:00:00,4.7540027e-05,0.0002162527,0.00031559094,0.0002936758,0.00022379469,4.9062965e-05
2017-11-06 07:00:00,0.0003066054,0.00028044343,0.000373767,0.00016991138,7.585156e-05,3.4222827e-05
2017-11-06 08:00:00,0.00011916079,6.337588e-05,4.4380133e-05,0.00025845677,0.00019935115,0.00023111467
2017-11-06 09:00:00,3.3305943e-05,8.5989086e-05,0.000416257,0.0002665222,0.00020386267,0.0001905779
2017-11-06 10:00:00,0.000103821716,0.00027887183,0.0002853127,0.00027259102,0.00012452512,3.2235825e-05
2017-11-06 11:00:00,0.00035236496,0.00020813842,0.00022578052,7.25813e-05,0.00010971864,4.832584e-05
2017-11-06 12:00:00,0.00011157594,6.182476e-05,0.0001936447,0.0004609953,0.00024106742,0.00038357518
2017-11-06 13:00:00,4.8868522e-05,0.00013970266,0.00030946342,0.00014297893,0.00023734303,0.00040156022
2017-11-06 14:00:00,0.00014784139,0.0003239795,0.00022225878,0.00036670367,0.00038302914,0.00042293032
2017-11-06 15:00:00,0.00025769108,5.4671036e-05,0.0002183931,0.00036268553,0.00028899507,0.00028769753
2017-11-06 16:00:00,0.00018064132,2.0259991e-05,0.000260747,0.0001562758,0.000104659906,3.8099774e-05
2017-11-06 17:00:00,0.00013834865,0.0003682327,0.00029902317,0.00019135766,0.00011341142,0.00028259796
2017-11-06 18:00:00,0.00034708827,0.00015919599,0.00018496126,8.9682726e-05,0.00018423922,0.00011688433
2017-11-06 19:00:00,0.0001431865,0.00010706433,0.00019135537,6.521497e-05,9.737396e-05,0.00029309682
2017-11-06 20:00:00,2.1764841e-05,0.00010232503,6.2818624e-05,3.3616772e-05,0.00012222327,0.00012510373
2017-11-06 21:00:00,0.00010752207,3.178983e-05,4.5217294e-05,0.00018153951,0.00014691112,0.0002023103
2017-11-06 22:00:00,0.00018346259,5.5856504e-05,0.00014133932,6.496724e-05,0.00010141154,0.00020843573
2017-11-06 23:00:00,7.6972356e-05,0.00026497463,0.00018022761,0.00016717648,0.00024831612,0.00022192157
2017-11-07 00:00:00,0.00025348767,0.000117304226,0.0001776331,0.0003125932,0.00017757578,6.579489e-05
2017-11-07 01:00:00,7.568483e-05,3.2140757e-05,0.00013617614,5.0939754e-05,0.000109900226,0.000106226646
2017-11-07 02:00:00,4.3321455e-05,0.00020390413,5.424257e-05,0.00011551009,7.297325e-05,4.959387e-05
2017-11-07 03:00:00,0.00013796102,2.8482258e-05,0.00011950492,0.000106744716,6.021955e-05,8.165827e-05
2017-11-07 04:00:00,0.00021311965,0.00031278245,0.00034930988,0.00021127616,8.057008e-05,6.418293e-05
2017-11-07 05:00:00,0.0001715855,0.00012323108,0.000116361975,4.6616457e-05,6.785643e-05,4.745564e-05
2017-11-07 06:00:00,3.9848663e-05,3.811039e-05,0.00016474443,0.00016192425,6.6014865e-05,6.909396e-05
2017-11-07 07:00:00,7.599792e-05,0.00016722413,0.000263582,6.704377e-05,9.970334e-05,8.654998e-05
2017-11-07 08:00:00,0.00014736578,0.00014522209,4.231203e-05,9.703036e-05,3.4198452e-05,6.567223e-05
2017-11-07 09:00:00,4.5523073e-05,7.7762335e-05,5.9522336e-05,9.491488e-05,4.964457e-05,0.00021120012
2017-11-07 10:00:00,0.00016434386,8.8123066e-05,0.00015191369,9.5049225e-05,0.00021676453,0.0003703581
2017-11-07 11:00:00,9.711283e-05,2.2272267e-05,6.0939947e-05,0.00014750638,0.00026351545,0.00012510287
2017-11-07 12:00:00,6.494953e-05,3.0465235e-05,0.00023654725,0.0002491661,0.00012849,0.0002264297
2017-11-07 13:00:00,4.741107e-05,0.00013396486,0.00037109377,0.000116151925,0.00012722258,0.00013102763
2017-11-07 14:00:00,0.00023821193,0.00030432717,0.0001810689,0.00022631374,0.00015180455,5.4236236e-05
2017-11-07 15:00:00,0.00019200752,2.2835804e-05,5.489311e-05,3.151117e-05,6.828267e-05,5.1119823e-05
2017-11-07 16:00:00,0.00019759318,0.00011710383,0.00015001878,0.00022881999,0.00023116043,0.00014421513
2017-11-07 17:00:00,5.841338e-05,3.4809116e-05,6.5610475e-05,4.5195855e-05,3.2584237e-05,6.874766e-05
2017-11-07 18:00:00,2.9690918e-05,0.00012564674,0.000115862334,4.857688e-05,5.4752014e-05,0.00015328029
2017-11-07 19:00:00,0.00010400681,6.830673e-05,4.7019825e-05,4.87998e-05,0.00015559321,0.00017882409
2017-11-07 20:00:00,4.007349e-05,9.939285e-05,8.810535e-05,8.173323e-05,9.8822435e-05,0.00013254854
2017-11-07 21:00:00,7.644521e-05,9.3233284e-05,9.488172e-05,0.00012184045,0.00022025626,0.0002378435
2017-11-07 22:00:00,5.685028e-05,0.00012201802,0.00024519677,0.0002797215,0.00018961652,0.000284324
2017-11-07 23:00:00,0.00025449388,0.00019910028,0.00035122226,0.00027990615,0.0002969427,0.0003364093
2017-11-08 00:00:00,5.0913255e-05,0.00011636088,0.00012204661,9.198356e-05,0.00017920915,1.9405583e-05
2017-11-08 01:00:00,8.4888175e-05,9.170348e-05,0.000107899934,8.947742e-05,5.531318e-05,0.00018073236
2017-11-08 02:00:00,3.3576398e-05,2.5399479e-05,5.7562185e-05,0.00012509314,0.00022574443,0.00012594048
2017-11-08 03:00:00,2.4103862e-05,3.866607e-05,0.000203385,0.0002877714,0.00011132924,2.770366e-05
2017-11-08 04:00:00,5.528931e-05,0.00012634991,0.00031097664,0.00015035062,3.374456e-05,0.00011571235
2017-11-08 05:00:00,0.00023685499,0.00032127113,0.00018608391,4.2973064e-05,0.00017102205,0.00011825268
2017-11-08 06:00:00,0.0002620364,2.808474e-05,0.00011248014,5.5951823e-05,5.502892e-05,0.00039574807
2017-11-08 07:00:00,0.00030410505,0.0003266468,0.00016320871,0.0001990435,0.00033235684,0.0005548818
2017-11-08 08:00:00,0.00014828579,3.0164554e-05,3.3770542e-05,0.00033600625,0.00020431273,0.00016535808
2017-11-08 09:00:00,0.00019437834,9.8457596e-05,0.00022969283,0.00034016976,4.2013777e-05,0.0002529508
2017-11-08 10:00:00,6.415554e-05,0.0003578025,0.00043807577,0.0001207654,0.00030260047,0.00022177848
2017-11-08 11:00:00,0.0003515769,0.00039352773,9.3166425e-05,0.00034564742,0.00012200408,0.00020606365
2017-11-08 12:00:00,0.000113817194,0.0002756811,5.2975858e-05,0.00011928401,7.0916634e-05,2.543647e-05
2017-11-08 13:00:00,0.0003531297,9.4225914e-05,0.00025445278,0.00016253366,0.000107847685,0.00015851566
2017-11-08 14:00:00,0.00026767765,0.00012554952,0.00016692434,0.00021640798,0.00018390993,0.0001694504
2017-11-08 15:00:00,0.0001846733,7.926845e-05,4.2066364e-05,4.041168e-05,3.565071e-05,6.216388e-05
2017-11-08 16:00:00,9.3206814e-05,0.00010784887,9.14368e-05,0.00012998687,7.47511e-05,9.905366e-05
2017-11-08 17:00:00,5.9377653e-05,4.0017687e-05,0.00011004925,3.244398e-05,6.774781e-05,9.814807e-05
2017-11-08 18:00:00,3.2440403e-05,3.5284225e-05,7.332649e-05,3.8513444e-05,7.1609706e-05,0.00025024713
2017-11-08 19:00:00,7.622395e-05,3.4028766e-05,4.775695e-05,0.0001392733,0.00014399378,0.00058363524
2017-11-08 20:00:00,0.00012029442,3.1478943e-05,0.0001461345,0.0002484917,0.0005868957,0.0005450098
2017-11-08 21:00:00,7.6242344e-05,0.00011245797,0.00019996914,0.00062712166,0.00032820573,0.00056452863
2017-11-08 22:00:00,0.0002120032,0.00026085143,0.00063574745,0.0005913418,0.00034913866,0.00046362652
2017-11-08 23:00:00,0.0001137314,0.00034011443,0.00042207434,0.00040069403,0.0003231694,0.00041750594
2017-11-09 00:00:00,0.00043777013,0.0002449916,0.0003435206,0.00032661724,0.00025367734,0.00038594464
2017-11-09 01:00:00,0.0001560735,8.255723e-05,6.753121e-05,6.937439e-05,6.5555454e-05,0.00028003615
2017-11-09 02:00:00,5.4839813e-05,6.0106886e-05,5.958932e-05,7.080883e-05,0.00017696977,0.00040337144
2017-11-09 03:00:00,4.020182e-05,2.1439919e-05,5.8397134e-05,0.00018353088,0.00022290442,0.00019981652
2017-11-09 04:00:00,2.7811915e-05,3.119817e-05,0.0002778636,0.00033820988,0.00018491785,0.00010716567
2017-11-09 05:00:00,4.8890266e-05,0.00022535335,0.0003680377,0.00017028116,0.00010845128,4.894423e-05
2017-11-09 06:00:00,0.0003307418,0.00041176914,0.00024549622,0.00013189037,6.050029e-05,7.311661e-05
2017-11-09 07:00:00,0.00017342255,2.1144428e-05,0.00012992836,0.00021548779,8.5665706e-05,0.00012169469
2017-11-09 08:00:00,0.00017596525,0.00024546284,0.00030607058,0.00030813317,0.00020170725,0.000419774
2017-11-09 09:00:00,0.00013035367,0.00012304915,0.00017887504,0.00013572036,0.0002713383,0.0003109676
2017-11-09 10:00:00,7.2550014e-05,5.5769644e-05,4.9475813e-05,0.00019685194,0.00025976545,0.0002111654
2017-11-09 11:00:00,2.2915494e-05,3.6771336e-05,0.00014668616,0.00030049888,0.00013890078,5.9642392e-05
2017-11-09 12:00:00,4.4383632e-05,0.00014709604,0.00029399586,0.0001280551,5.4666983e-05,9.6310636e-05
2017-11-09 13:00:00,0.00024210387,0.00036226664,0.00015854323,9.956974e-05,0.0001368088,0.00013153
2017-11-09 14:00:00,0.00022840226,2.5362628e-05,0.00010938706,4.411261e-05,4.468531e-05,9.181888e-05
2017-11-09 15:00:00,0.00015190683,0.00027388637,0.0001948974,0.00010860519,0.00018767435,0.00022779686
2017-11-09 16:00:00,0.00011488607,4.6755616e-05,3.8830818e-05,7.8717836e-05,0.00010899606,0.00010564468
2017-11-09 17:00:00,6.4842316e-05,7.643779e-05,4.719239e-05,3.770019e-05,4.822578e-05,3.8973547e-05
2017-11-09 18:00:00,4.277267e-05,4.158184e-05,6.708924e-05,3.4435554e-05,4.8636848e-05,4.5972636e-05
2017-11-09 19:00:00,0.00010381091,8.371953e-05,0.00010510086,4.2826705e-05,5.7844616e-05,2.122253e-05
2017-11-09 20:00:00,4.112142e-05,4.8900667e-05,7.037465e-05,6.7794135e-05,8.364999e-05,3.9413157e-05
2017-11-09 21:00:00,7.185507e-05,5.593101e-05,4.3339835e-05,0.0001323342,4.0883635e-05,3.2065484e-05
2017-11-09 22:00:00,4.5972127e-05,2.8657858e-05,6.6451656e-05,4.4938777e-05,4.5432716e-05,6.136644e-05
2017-11-09 23:00:00,5.6960165e-05,5.534075e-05,4.9343438e-05,4.690504e-05,5.949718e-05,0.000101387726
2017-11-10 00:00:00,9.8302626e-05,3.6986134e-05,3.4694836e-05,0.00010078769,0.00010554957,4.8230035e-05
2017-11-10 01:00:00,8.353262e-05,5.8558497e-05,5.3233533e-05,9.754814e-05,3.4805184e-05,0.00022639746
2017-11-10 02:00:00,3.1157095e-05,5.6091812e-05,0.00010875607,5.0285158e-05,0.00020037823,0.00014874691
2017-11-10 03:00:00,9.892877e-05,0.00016252701,7.855499e-05,0.00016706875,0.0001412934,0.00019623812
2017-11-10 04:00:00,7.909631e-05,2.7021308e-05,0.00017799687,0.00025900383,0.00015770439,0.00022850318
2017-11-10 05:00:00,8.986639e-05,0.0003203444,0.00030925937,0.00030665094,0.00029275316,0.00016793607
2017-11-10 06:00:00,0.0003538948,0.00018841078,0.00017764165,0.00029498222,0.00018844595,0.00010042535
2017-11-10 07:00:00,3.741381e-05,3.3240307e-05,4.3584067e-05,4.755005e-05,0.00010947989,2.5448917e-05
2017-11-10 08:00:00,3.228413e-05,5.512831e-05,4.172134e-05,0.00011149378,3.3011536e-05,0.0005530495
2017-11-10 09:00:00,5.5453245e-05,1.6770706e-05,0.0001514961,5.3406256e-05,0.00069960114,0.00045811993
2017-11-10 10:00:00,6.800138e-05,0.00019702277,4.527566e-05,0.00063136354,0.00036578748,0.00045391664
2017-11-10 11:00:00,0.00014078894,6.0870094e-05,0.0006303918,0.0004925737,0.00038670498,0.00066766026
2017-11-10 12:00:00,0.00019525137,0.00070462,0.00047661123,0.00079303427,0.00079595856,0.00066274934
2017-11-10 13:00:00,0.00075309974,0.00043913446,0.0007077161,0.00073448505,0.0004915019,0.00041711822
2017-11-10 14:00:00,0.00016763402,6.916229e-05,9.037468e-05,3.7563306e-05,3.8225066e-05,6.438187e-05
2017-11-10 15:00:00,0.0002524314,0.000158824,0.000104590705,0.00012769061,0.00017889959,4.412036e-05
2017-11-10 16:00:00,3.9681727e-05,4.639322e-05,5.8841237e-05,2.8699757e-05,0.0001535693,0.000106056126
2017-11-10 17:00:00,9.730957e-05,7.769681e-05,5.888754e-05,0.00023162135,0.0002023657,5.4430577e-05
2017-11-10 18:00:00,3.6545614e-05,6.2009465e-05,0.00012750531,0.00015811362,4.057053e-05,3.4483906e-05
2017-11-10 19:00:00,0.00011721866,9.98777e-05,0.00011679462,6.487098e-05,3.692703e-05,0.00012873966
2017-11-10 20:00:00,0.00023699409,0.00020779963,5.485321e-05,0.00011947889,0.00021884892,0.00014243819
2017-11-10 21:00:00,3.57062e-05,0.00014995373,5.5545424e-05,7.991866e-05,2.9403513e-05,8.528343e-05
2017-11-12 22:00:00,0.00021620035,8.705926e-05,7.193676e-05,3.916394e-05,8.061662e-05,4.8125996e-05
2017-11-12 23:00:00,0.00012390506,0.00023306589,0.00014189062,8.822e-05,0.00010404367,5.7091842e-05
2017-11-13 00:00:00,0.00017810953,7.128849e-05,4.456111e-05,4.6452697e-05,5.074319e-05,1.9845007e-05
2017-11-13 01:00:00,8.144093e-05,0.00012637835,0.00011221889,0.00017623475,8.718445e-05,0.000105817795
2017-11-13 02:00:00,8.590613e-05,3.7346592e-05,8.066223e-05,6.8203575e-05,9.0498106e-05,0.00018809052
2017-11-13 03:00:00,6.515419e-05,3.186694e-05,4.166224e-05,3.5789893e-05,0.00010242718,3.0712323e-05
2017-11-13 04:00:00,7.6384546e-05,3.3123386e-05,4.565744e-05,0.00017199515,3.5136734e-05,0.00024194313
2017-11-13 05:00:00,5.640169e-05,4.2217387e-05,0.00014845718,4.4073855e-05,0.00025496678,0.00026315206
2017-11-13 06:00:00,2.5208552e-05,9.258766e-05,5.4422308e-05,0.0003371177,0.00032077593,0.00033873608
2017-11-13 07:00:00,0.00016960068,1.851259e-05,0.00030987468,0.0003629781,0.0003705942,0.0003031428
2017-11-13 08:00:00,0.0002058643,0.00013567138,0.00022871092,0.00029980537,0.0002747595,0.00018534531
2017-11-13 09:00:00,0.00032885635,0.00024258191,0.0003906067,0.000472811,0.00040105436,0.00017189365
2017-11-13 10:00:00,3.1298045e-05,0.00012454855,8.738483e-05,0.00011117981,9.181916e-05,0.00028763124
2017-11-13 11:00:00,0.00010170308,8.732615e-05,0.000110954905,0.00014444724,0.00031524696,0.00019457411
2017-11-13 12:00:00,2.139549e-05,3.920908e-05,0.00018998166,0.00058192207,0.00026932044,0.00026413435
2017-11-13 13:00:00,4.6160447e-05,0.00019824468,0.00029487722,0.00040476618,0.00023560668,0.00034048088
2017-11-13 14:00:00,0.00027726253,0.00050867046,0.0003720164,0.00035769306,0.00035295243,0.00030503154
2017-11-13 15:00:00,0.00024988633,0.00018292048,0.00012859037,0.00021535806,0.00010918447,0.00010691507
2017-11-13 16:00:00,4.0395233e-05,0.000111493835,3.3932567e-05,9.768925e-05,6.145719e-05,3.0047428e-05
2017-11-13 17:00:00,7.865638e-05,2.7549173e-05,5.770985e-05,3.9956525e-05,2.2485137e-05,4.99221e-05
2017-11-13 18:00:00,7.066543e-05,3.543176e-05,5.7996753e-05,9.960017e-05,0.00010755971,4.03291e-05
2017-11-13 19:00:00,4.7793063e-05,2.8347204e-05,5.030763e-05,7.581839e-05,6.9812995e-05,7.393036e-05
2017-11-13 20:00:00,4.901339e-05,6.627811e-05,9.8133256e-05,5.9201553e-05,8.902367e-05,5.506425e-05
2017-11-13 21:00:00,5.3175536e-05,7.9161815e-05,0.000109186214,9.654319e-05,4.1380128e-05,4.2593354e-05
2017-11-13 22:00:00,6.288049e-05,0.00010842201,3.877367e-05,3.666537e-05,6.8616595e-05,8.956968e-05
2017-11-13 23:00:00,0.00021298326,2.8275801e-05,5.3778796e-05,0.00011243039,0.00011788324,0.0001514659
2017-11-14 00:00:00,0.00019680732,9.1168506e-05,6.293141e-05,2.7770733e-05,4.373637e-05,0.00021033171
2017-11-14 01:00:00,4.496745e-05,9.151981e-05,0.000108473556,0.00021657841,0.00039427017,0.0005517314
2017-11-14 02:00:00,7.685099e-05,0.00010761841,0.00014324664,0.00039491043,0.0006550411,0.00067148235
2017-11-14 03:00:00,5.7611018e-05,8.8406545e-05,0.00030113957,0.0006842568,0.0004977955,0.0005089947
2017-11-14 04:00:00,8.898995e-05,0.00025323042,0.0005011823,0.00071553397,0.00062148523,0.00041409247
2017-11-14 05:00:00,0.00026345343,0.00047417375,0.0004932424,0.0005778851,0.00043048093,0.0005895895
2017-11-14 06:00:00,0.00052211544,0.0002868007,0.00025146743,0.0003609255,0.00028893657,0.00037861205
2017-11-14 07:00:00,4.689345e-05,2.1801876e-05,6.689239e-05,4.385068e-05,6.0612416e-05,0.00013454746
2017-11-14 08:00:00,2.8726678e-05,6.800883e-05,2.2067816e-05,8.429709e-05,0.00017487357,0.00012606476
2017-11-14 09:00:00,0.0001008207,2.3300157e-05,7.4600015e-05,0.00021693186,8.777456e-05,0.000120684286
2017-11-14 10:00:00,7.965181e-05,9.9745455e-05,0.00012547032,0.00011043239,7.693363e-05,0.00015918598
2017-11-14 11:00:00,5.7328492e-05,0.00022827143,0.00012913624,0.00015698728,0.00022874238,0.0001864225
2017-11-14 12:00:00,0.00035055954,0.00018393125,0.00018613525,0.00033669465,0.00022061027,0.00028090287
2017-11-14 13:00:00,5.422827e-05,2.5724592e-05,0.000120841876,4.7766032e-05,0.00013469916,0.00016905005
2017-11-14 14:00:00,4.1091887e-05,0.000112044785,3.7414084e-05,0.00021535721,0.00020758348,0.000121876285
2017-11-14 15:00:00,0.00015364708,2.8666382e-05,0.0002003774,0.0002203383,8.917932e-05,0.00015359897
2017-11-14 16:00:00,0.00014131369,6.721969e-05,0.000108319226,4.1197567e-05,0.00015043185,0.00032558595
2017-11-14 17:00:00,0.000218389,0.00017660565,0.00012766854,0.0003938989,0.000350366,0.00023468306
2017-11-14 18:00:00,6.0520244e-05,4.0541945e-05,9.23317e-05,0.00028313597,8.488947e-05,9.767794e-05
2017-11-14 19:00:00,9.646193e-05,7.020455e-05,0.00014152886,6.1690145e-05,5.9404385e-05,7.3455e-05
2017-11-14 20:00:00,0.00019986118,0.00026265773,0.000118383774,0.00021896305,0.00016202881,0.00015583649
2017-11-14 21:00:00,0.00016662184,2.7229362e-05,7.097772e-05,5.6831188e-05,6.2969135e-05,9.314e-05
2017-11-14 22:00:00,0.00016810751,7.754371e-05,6.767591e-05,8.489494e-05,3.4498844e-05,9.3037765e-05
2017-11-14 23:00:00,5.7212e-05,4.0381987e-05,6.642997e-05,0.00010961691,4.358099e-05,3.8211612e-05
2017-11-15 00:00:00,1.9793124e-05,3.0123054e-05,6.172558e-05,3.274232e-05,9.450193e-05,3.0123056e-05
2017-11-15 01:00:00,4.1451764e-05,6.204007e-05,3.545086e-05,7.834358e-05,4.408947e-05,5.6046716e-05
2017-11-15 02:00:00,5.2936404e-05,3.1804495e-05,7.082405e-05,4.075776e-05,4.9422943e-05,8.9281355e-05
2017-11-15 03:00:00,6.7766545e-05,0.00012892569,5.4267213e-05,5.3765005e-05,0.00010647246,9.803891e-05
2017-11-15 04:00:00,7.994078e-05,2.9275825e-05,6.4173226e-05,6.671471e-05,0.000117417585,2.563652e-05
2017-11-15 05:00:00,8.637626e-05,0.00012232143,3.100116e-05,0.0002233516,8.184941e-05,8.1479506e-05
2017-11-15 06:00:00,9.58514e-05,5.457232e-05,0.00011978201,5.1631858e-05,0.00016484689,7.738755e-05
2017-11-15 07:00:00,0.00015148139,8.352375e-05,5.49657e-05,0.00023683562,0.00012956565,2.8854241e-05
2017-11-15 08:00:00,0.00023254419,8.182211e-05,9.069346e-05,4.29861e-05,0.00010748968,9.432813e-05
2017-11-15 09:00:00,0.00011136837,0.00024056864,0.00015573547,8.951095e-05,0.00021309424,0.00018462242
2017-11-15 10:00:00,0.0002576046,0.00012387909,5.7359804e-05,0.00023385303,9.9228906e-05,8.3562096e-05
2017-11-15 11:00:00,0.00011986948,0.00020353927,4.723486e-05,8.786772e-05,0.0001102825,0.00010251478
2017-11-15 12:00:00,0.00013491446,0.00011793944,4.0287065e-05,4.9490645e-05,5.4797834e-05,7.118024e-05
2017-11-15 13:00:00,0.00021310124,0.00014253211,6.542174e-05,8.248231e-05,5.741621e-05,3.2406817e-05
2017-11-15 14:00:00,0.00011590657,0.00013261609,0.00013858615,0.0001893919,0.00017943802,0.0001207067
2017-11-15 15:00:00,7.2298e-05,6.033603e-05,8.244212e-05,0.000106337735,3.9860824e-05,3.2775668e-05
2017-11-15 16:00:00,3.099659e-05,5.4110616e-05,8.5975014e-05,3.143856e-05,2.7700424e-05,3.1144238e-05
2017-11-15 17:00:00,5.748671e-05,8.0288184e-05,4.897897e-05,3.4535613e-05,4.6224595e-05,0.00010667284
2017-11-15 18:00:00,8.0040285e-05,6.444035e-05,4.4216897e-05,3.7276364e-05,0.00010926489,3.8642906e-05
2017-11-15 19:00:00,0.00010965496,0.00010192084,5.2793777e-05,0.0001812124,7.540883e-05,4.0265648e-05
2017-11-15 20:00:00,6.79384e-05,5.8803376e-05,5.857578e-05,6.875916e-05,6.331225e-05,3.4421155e-05
2017-11-15 21:00:00,5.3318035e-05,0.000100075464,5.1431954e-05,6.442236e-05,4.8607253e-05,2.910294e-05
2017-11-15 22:00:00,0.00014682763,3.9499784e-05,4.1800176e-05,6.492602e-05,4.2479394e-05,8.327747e-05
2017-11-15 23:00:00,0.00011088338,0.00011175849,8.5710904e-05,0.00012962511,0.00019461525,0.00039543875
2017-11-16 00:00:00,7.430164e-05,3.2342516e-05,4.6621848e-05,0.00018901455,0.00022051556,0.00016565686
2017-11-16 01:00:00,8.589225e-05,3.0177844e-05,0.00015053817,0.00024555033,0.00015176006,4.7473688e-05
2017-11-16 02:00:00,9.486583e-05,0.00019301291,0.00018482993,0.00022169558,3.742321e-05,0.000100099875
2017-11-16 03:00:00,0.00013399741,0.00024094393,0.00013989388,4.7318168e-05,9.4127965e-05,0.0002540379
2017-11-16 04:00:00,0.00012874375,4.550442e-05,0.00013875883,2.9122637e-05,0.00011653967,0.0006159503
2017-11-16 05:00:00,7.918589e-05,0.00024276382,0.00011385432,6.953441e-05,0.00045285275,0.00032737188
2017-11-16 06:00:00,0.00026073825,6.627844e-05,6.957375e-05,0.0006125445,0.00034584114,4.0786625e-05
2017-11-16 07:00:00,0.00017733843,0.00021289597,0.00057321123,0.00073672354,0.00016042679,0.00048149767
2017-11-16 08:00:00,0.0001621836,0.00059972843,0.000469589,3.9428618e-05,0.00044051686,0.0002556009
2017-11-16 09:00:00,0.00046774658,0.00028119882,0.00013815158,0.00037855873,0.00012785391,0.00041089082
2017-11-16 10:00:00,0.00015821357,0.00043995125,0.00012205412,0.00025149575,0.0001338831,2.1148691e-05
2017-11-16 11:00:00,0.00044863208,2.7273582e-05,0.00015333481,0.0002964833,8.619126e-05,0.0002464849
2017-11-16 12:00:00,0.00052231486,0.0003103084,0.00060130365,0.00047896127,0.000578903,0.00044653408
2017-11-16 13:00:00,0.00017440662,0.00032293034,0.0001574936,0.0002760719,0.0001957752,0.00018370396
2017-11-16 14:00:00,0.0005949441,0.00022797748,0.00038026957,0.00041192884,0.00020558566,0.0001990423
2017-11-16 15:00:00,0.00015988441,5.2601572e-05,3.913316e-05,0.000106615174,0.00012591007,6.667649e-05
2017-11-16 16:00:00,0.0001903497,0.00011674898,4.5454737e-05,3.0306577e-05,6.0759347e-05,8.2438215e-05
2017-11-16 17:00:00,2.967212e-05,0.00012504542,0.00014261359,8.6680644e-05,5.4196495e-05,5.7164703e-05
2017-11-16 18:00:00,0.00013758219,0.0001498646,7.428386e-05,4.911543e-05,3.904652e-05,4.940968e-05
2017-11-16 19:00:00,5.310712e-05,3.3906006e-05,8.820758e-05,0.00016928207,2.7093527e-05,4.569449e-05
2017-11-16 20:00:00,8.597562e-05,0.00011465455,0.00014420222,0.00012141211,8.593738e-05,7.853881e-05
2017-11-16 21:00:00,6.522347e-05,0.00016782206,4.9909082e-05,6.353814e-05,5.5125995e-05,1.8909172e-05
2017-11-16 22:00:00,0.00013648355,2.7145874e-05,3.502583e-05,3.50574e-05,5.3591226e-05,4.0947278e-05
2017-11-16 23:00:00,0.00011538114,0.00010202725,8.000904e-05,0.00013609085,0.0001374572,4.4814227e-05
2017-11-17 00:00:00,3.0584444e-05,3.9251154e-05,4.073585e-05,3.2338627e-05,6.218864e-05,0.0001694614
2017-11-17 01:00:00,4.554206e-05,4.2401814e-05,4.5525238e-05,6.0825696e-05,0.0001408637,0.00017900582
2017-11-17 02:00:00,7.143774e-05,3.0566564e-05,5.5293793e-05,0.00025058043,0.00022897386,0.00018906953
2017-11-17 03:00:00,4.5265104e-05,7.497532e-05,0.000112473186,0.00014357618,0.00018907519,8.733662e-05
2017-11-17 04:00:00,8.906484e-05,0.00016940245,0.00022591335,0.00026937298,8.527914e-05,6.1785424e-05
2017-11-17 05:00:00,0.00026305648,0.00020870513,0.00017806886,4.5669403e-05,0.00012871958,2.4897981e-05
2017-11-17 06:00:00,5.249457e-05,0.00042760643,0.00020245947,0.0001144394,0.00020969348,0.00017981639
2017-11-17 07:00:00,0.0005499601,0.000246397,8.703001e-05,0.00027869854,0.00020603124,0.000298574
2017-11-17 08:00:00,0.00025155267,0.0003519569,0.000115087205,0.00024540344,6.213174e-05,3.3060223e-05
2017-11-17 09:00:00,0.00023772067,2.787011e-05,5.2961386e-05,0.00019857302,0.00014750524,7.6685654e-05
2017-11-17 10:00:00,0.00024149114,0.000112106005,0.00047186107,0.0003602899,0.00021008647,0.00028300835
2017-11-17 11:00:00,5.812474e-05,0.000248678,0.000110268316,0.00010197691,0.00011536229,0.0001393087
2017-11-17 12:00:00,0.00034266757,0.00022163382,0.00010555665,0.00018421032,0.0001250361,0.00027627114
2017-11-17 13:00:00,5.7291403e-05,0.00011374676,0.00010000341,6.594705e-05,4.3777058e-05,3.866261e-05
2017-11-17 14:00:00,0.000116602794,4.3810673e-05,2.1641983e-05,0.00010914814,4.6631023e-05,3.127593e-05
2017-11-17 15:00:00,9.219491e-05,7.1699724e-05,0.00017546107,0.00015923745,7.8294106e-05,3.33e-05
2017-11-17 16:00:00,4.7563834e-05,0.00013846769,8.846414e-05,4.127288e-05,3.7170983e-05,3.298043e-05
2017-11-17 17:00:00,0.00012908036,6.990465e-05,4.4553217e-05,5.287726e-05,3.2100113e-05,0.00014273272
2017-11-17 18:00:00,3.2964796e-05,9.5600495e-05,0.00012058509,8.177815e-05,0.0001786076,0.00022371809
2017-11-17 19:00:00,9.334226e-05,0.00012935705,5.878685e-05,0.00030363453,0.00021793002,0.00016539666
2017-11-17 20:00:00,7.859339e-05,2.6411164e-05,0.0001922477,0.00015272184,0.00012259022,6.1769504e-05
2017-11-17 21:00:00,0.00011065723,0.00014515477,0.00011950025,0.0001477781,3.990713e-05,8.721645e-05
2017-11-19 22:00:00,0.0002654131,0.00014432136,0.00016899293,0.000100817124,0.00015775635,5.046544e-05
2017-11-19 23:00:00,5.868533e-05,4.127803e-05,0.000120723766,6.690179e-05,0.00010761726,3.379245e-05
2017-11-20 00:00:00,3.30656e-05,0.00010573502,3.387931e-05,0.00018132855,4.4344586e-05,0.00010830058
2017-11-20 01:00:00,0.00012195224,3.7069876e-05,0.0001236491,4.305239e-05,0.00015422227,5.9964066e-05
2017-11-20 02:00:00,9.245853e-05,7.917036e-05,0.00012171372,0.00029947123,0.00011698344,0.00019821236
2017-11-20 03:00:00,0.00015217619,5.972822e-05,0.00016634462,7.821125e-05,0.00011395176,6.105401e-05
2017-11-20 04:00:00,0.00018395338,0.00023068002,0.00016120214,0.000287769,0.00018492466,0.00012416158
2017-11-20 05:00:00,0.00017205857,3.321575e-05,9.435978e-05,4.2005362e-05,4.607235e-05,9.744955e-05
2017-11-20 06:00:00,0.00013455897,3.230309e-05,8.35779e-05,0.00016781464,0.00016940382,0.00037641413
2017-11-20 07:00:00,0.00011811611,2.718768e-05,5.7117846e-05,0.00015841388,0.00038454434,0.00019932161
2017-11-20 08:00:00,0.000115949275,0.00019062051,0.00016073603,0.0005739275,0.00026157772,0.0003428355
2017-11-20 09:00:00,0.000121447,0.00016825387,0.00032614378,0.0002643007,0.00031864826,0.00011071846
2017-11-20 10:00:00,7.9877864e-05,0.0002490695,0.00015021893,0.00023712777,6.1292725e-05,0.0001627133
2017-11-20 11:00:00,0.00028170596,0.00012312263,0.00017504461,4.6347537e-05,9.771276e-05,0.00012647698
2017-11-20 12:00:00,0.00021371066,7.296277e-05,0.0001938467,0.00013213378,8.781556e-05,5.8910868e-05
2017-11-20 13:00:00,9.9104e-05,9.489183e-05,4.9414888e-05,8.147476e-05,7.709134e-05,8.873389e-05
2017-11-20 14:00:00,0.00017308723,3.7620222e-05,4.3250933e-05,6.6632994e-05,7.903676e-05,2.5613834e-05
2017-11-20 15:00:00,0.00015504172,0.0001698619,0.00016747715,0.00023413541,0.00012829065,9.872496e-05
2017-11-20 16:00:00,5.26273e-05,8.6719076e-05,0.00011470561,6.36024e-05,3.8300826e-05,3.8258087e-05
2017-11-20 17:00:00,6.5342894e-05,5.2297502e-05,4.4600783e-05,2.3796161e-05,3.3712e-05,0.0001259212
2017-11-20 18:00:00,4.594059e-05,2.693769e-05,5.2424755e-05,6.075495e-05,7.994752e-05,6.477792e-05
2017-11-20 19:00:00,6.6382905e-05,7.069352e-05,4.821706e-05,6.895905e-05,4.079478e-05,3.9745366e-05
2017-11-20 20:00:00,4.1495397e-05,2.8060935e-05,0.00010664594,8.738636e-05,0.000104394036,6.6413166e-05
2017-11-20 21:00:00,3.3982076e-05,0.000106560365,9.3755276e-05,0.00014695528,7.9139e-05,0.00012234433
2017-11-20 22:00:00,0.0001416775,7.847973e-05,0.00011434292,0.00011196288,0.0001418682,0.00014643019
2017-11-20 23:00:00,5.067843e-05,6.063831e-05,5.1022525e-05,6.6602086e-05,6.614034e-05,7.572618e-05
2017-11-21 00:00:00,6.098374e-05,3.8072776e-05,5.329063e-05,5.9409034e-05,7.959828e-05,0.0002596223
2017-11-21 01:00:00,3.6726706e-05,3.6973586e-05,6.333629e-05,0.0001165522,0.00022685244,0.0003096584
2017-11-21 02:00:00,4.410879e-05,5.9780694e-05,0.00011455242,0.00034661198,0.00045011347,0.0006299822
2017-11-21 03:00:00,4.539302e-05,0.00012352891,0.00026625843,0.0006190481,0.0005173296,0.00046586158
2017-11-21 04:00:00,0.00019939002,0.00030050095,0.00046361578,0.0007798322,0.00059540337,0.00065164414
2017-11-21 05:00:00,0.00048817793,0.0007519413,0.000710492,0.0008337499,0.0007788752,0.0009433789
2017-11-21 06:00:00,0.000368435,0.0004891842,0.00036444757,0.00056618627,0.00071566366,0.0005397119
2017-11-21 07:00:00,0.00014100221,8.683409e-05,0.00016524464,0.0007060232,0.0006036271,0.0005570953
2017-11-21 08:00:00,3.4988618e-05,0.000113294496,0.00040050855,0.0007064721,0.00042357677,0.0004997931
2017-11-21 09:00:00,0.00013443067,0.00043793296,0.0004667761,0.00052277616,0.00052647805,0.0005986903
2017-11-21 10:00:00,0.00044113683,0.00047640607,0.00037801685,0.00056005403,0.0004039909,0.0005587771
2017-11-21 11:00:00,0.00010563757,0.00012514161,0.00013264762,0.0002910767,0.00044140965,0.00069057255
2017-11-21 12:00:00,3.4136694e-05,5.3310625e-05,0.00018525377,0.00037927824,0.00068226445,0.00044537152
2017-11-21 13:00:00,8.114514e-05,0.00015804294,0.00039846796,0.0007204857,0.0005826498,0.00058147043
2017-11-21 14:00:00,0.00015024352,0.0003594143,0.00064433727,0.00061983627,0.00046108323,0.0005160671
2017-11-21 15:00:00,0.00036320614,0.00074455526,0.0003199297,0.0005339408,0.00052952196,0.0004551864
2017-11-21 16:00:00,0.00042251835,0.00022780741,0.00018732813,0.00020939752,0.00024558476,0.00011689165
2017-11-21 17:00:00,0.00012760036,0.00012643551,7.7630444e-05,3.7278543e-05,0.0001852709,0.00013932139
2017-11-21 18:00:00,4.44846e-05,3.9636965e-05,6.6432316e-05,7.414215e-05,6.188912e-05,7.5780335e-05
2017-11-21 19:00:00,7.339762e-05,0.00011789935,5.4886223e-05,4.1701627e-05,6.798011e-05,4.085959e-05
2017-11-21 20:00:00,7.861248e-05,7.5638105e-05,7.243876e-05,0.00010691293,4.709198e-05,3.5733923e-05
2017-11-21 21:00:00,0.00019917425,7.469273e-05,0.00016088158,9.609743e-05,4.241069e-05,9.174925e-05
2017-11-21 22:00:00,4.8992806e-05,2.9154993e-05,4.8488997e-05,0.00014508613,4.5384026e-05,8.044103e-05
2017-11-21 23:00:00,8.26222e-05,3.0137753e-05,7.7081764e-05,3.0376585e-05,6.3269654e-05,2.8590375e-05
2017-11-22 00:00:00,8.733037e-05,0.00010730033,7.375158e-05,5.495704e-05,4.800145e-05,0.0003210868
2017-11-22 01:00:00,8.860828e-05,3.4096796e-05,9.2441034e-05,3.6389465e-05,0.00022718862,0.00059471995
2017-11-22 02:00:00,7.471915e-05,0.00014576649,9.189567e-05,0.00016456783,0.00056971173,0.00050518516
2017-11-22 03:00:00,0.00012592837,2.9306546e-05,0.00024665822,0.0007526815,0.00073626306,0.000571694
2017-11-22 04:00:00,0.00013858678,0.0003913108,0.0005904858,0.00077435764,0.0010964022,0.00084454974
2017-11-22 05:00:00,0.00039535703,0.0005186968,0.00058581267,0.00097200816,0.0008744933,0.0004887444
2017-11-22 06:00:00,0.000494691,0.00031993084,0.0005473975,0.0006748882,0.00030269282,0.00043437874
2017-11-22 07:00:00,3.210836e-05,0.000117277326,0.000121831414,3.489725e-05,9.876791e-05,0.00028750536
2017-11-22 08:00:00,0.0001281864,0.00015155238,6.487387e-05,9.106837e-05,0.00022927205,0.00046757888
2017-11-22 09:00:00,4.6293615e-05,0.00016306198,4.050469e-05,0.00043471958,0.0004344246,0.000568349
2017-11-22 10:00:00,0.00018531953,4.6503374e-05,0.00036582394,0.0008326372,0.0005626265,0.0008943679
2017-11-22 11:00:00,0.00017602778,0.00021730128,0.00045711492,0.000693126,0.0005374926,0.0004715379
2017-11-22 12:00:00,0.00049424305,0.00074172515,0.0004649968,0.00085147715,0.0005696102,0.00048563516
2017-11-22 13:00:00,0.00036383784,0.00052827183,0.0002911121,0.00032037837,0.0003668961,0.00040949316
2017-11-22 14:00:00,0.00015393394,4.393543e-05,5.3765423e-05,0.000115261115,0.00011204919,0.00016063866
2017-11-22 15:00:00,8.038733e-05,9.8620425e-05,3.3106502e-05,3.494789e-05,6.470029e-05,0.00030151848
2017-11-22 16:00:00,8.30187e-05,6.538134e-05,7.868181e-05,0.000112632995,0.00045653078,0.00018081554
2017-11-22 17:00:00,0.00018004251,0.00014192115,0.00022234816,0.000543416,0.00030781078,0.0003124798
2017-11-22 18:00:00,4.9204158e-05,5.6073623e-05,0.00035836475,0.00014729034,0.00017230303,8.0756276e-05
2017-11-22 19:00:00,6.920509e-05,0.00030659317,0.00011759657,0.00021132898,7.0541384e-05,0.00018896085
2017-11-22 20:00:00,0.00048733604,9.514589e-05,0.00011716638,6.2336505e-05,0.00016698576,0.00014296803
2017-11-22 21:00:00,0.00024075978,0.00021651313,0.00024224591,0.0002266321,0.00011181354,9.7947624e-05
2017-11-22 22:00:00,4.5234818e-05,6.724481e-05,5.075819e-05,9.710331e-05,8.5766354e-05,6.420436e-05
2017-11-22 23:00:00,0.00013982251,1.9956027e-05,5.7991838e-05,5.6774803e-05,4.148981e-05,0.00029455623
2017-11-23 00:00:00,0.0001597224,0.00015676967,0.00018171886,0.00016417172,0.00016234841,0.00021163313
2017-11-23 01:00:00,6.935622e-05,7.998487e-05,5.6568282e-05,0.00034127396,0.00013397756,0.00013981774
2017-11-23 02:00:00,2.473656e-05,4.3547334e-05,0.00026009776,0.00012597737,0.00016906962,4.12213e-05
2017-11-23 03:00:00,5.152466e-05,0.0004406674,0.00011622644,0.00029910705,5.3347205e-05,8.231555e-05
2017-11-23 04:00:00,0.00044498875,0.0001152193,0.00019098859,8.179632e-05,0.00012372919,0.00022289625
2017-11-23 05:00:00,0.00065536064,0.00015560954,0.0003888485,0.00054066716,0.0004175462,0.00057306857
2017-11-23 06:00:00,0.00034223995,6.0262784e-05,4.314637e-05,0.00012589413,0.00012882869,7.284639e-05
2017-11-23 07:00:00,0.00030129153,0.00033547124,0.00031054864,0.0004879991,0.00021251016,0.00013772653
2017-11-23 08:00:00,9.674735e-05,0.0001303924,0.00020352131,3.0595133e-05,6.0986466e-05,4.3293778e-05
2017-11-23 09:00:00,0.00011944809,0.00017113004,0.00011371556,0.00018328488,5.877299e-05,3.8553575e-05
2017-11-23 10:00:00,9.5360134e-05,0.0002071729,0.00017422519,0.0001724739,0.00011187532,9.2553215e-05
2017-11-23 11:00:00,0.0002926544,0.0003030981,0.0001762363,0.00021678043,0.0001653498,8.5515814e-05
2017-11-23 12:00:00,7.144766e-05,4.701874e-05,7.367384e-05,5.4556527e-05,0.000107652624,0.00015785024
2017-11-23 13:00:00,0.00012218113,0.00011253854,0.00010254117,0.00014518935,0.00019240566,0.00016774237
2017-11-23 14:00:00,4.4951135e-05,2.8941762e-05,5.4519576e-05,0.00014632927,4.1033134e-05,8.12344e-05
2017-11-23 15:00:00,4.32612e-05,5.5844615e-05,0.00010937109,4.028676e-05,5.667551e-05,2.5283349e-05
2017-11-23 16:00:00,8.778111e-05,0.000109041575,5.65328e-05,0.00011953962,5.1356386e-05,6.63557e-05
2017-11-23 17:00:00,8.183179e-05,2.30407e-05,5.47497e-05,5.1605777e-05,0.00012200869,0.0002901231
2017-11-23 18:00:00,0.00012385861,3.0420882e-05,9.747569e-05,0.0002656495,0.00037032765,0.00069319626
2017-11-23 19:00:00,6.52337e-05,2.1192332e-05,9.947905e-05,0.00034343562,0.0006375582,0.00081742246
2017-11-23 20:00:00,6.706689e-05,0.00021503605,0.00022532254,0.00070993195,0.0007222554,0.0005583868
2017-11-23 21:00:00,0.0001147157,0.00024787843,0.00062354445,0.00091471104,0.000537323,0.0005021346
2017-11-23 22:00:00,0.000245318,0.00052983337,0.0006021684,0.00052001723,0.00031884405,0.0002898969
2017-11-23 23:00:00,0.00040766108,0.0005437352,0.00019693028,0.00021163611,0.00015900754,0.00037039
2017-11-24 00:00:00,0.00012213989,6.426324e-05,0.00010986488,0.0001261245,4.2639058e-05,0.0002576331
2017-11-24 01:00:00,0.00023433476,0.00024596634,0.00027226025,0.00011639446,0.00048222792,0.00038161915
2017-11-24 02:00:00,9.0126014e-05,7.9858946e-05,9.32968e-05,0.00034270954,0.00027374103,0.00024794228
2017-11-24 03:00:00,3.8475195e-05,0.00011393509,0.00028858718,0.00026380183,0.00013831307,6.1113235e-05
2017-11-24 04:00:00,0.00021754655,0.0003225491,0.00033003508,0.00013646786,4.9092174e-05,0.00013574635
2017-11-24 05:00:00,0.00041258504,0.00039994594,0.0001950501,0.00012212369,0.0002471341,0.00022861705
2017-11-24 06:00:00,3.283634e-05,0.00010773106,0.0002294585,0.00010421178,3.632397e-05,2.1534164e-05
2017-11-24 07:00:00,0.00017182382,0.00023820886,0.00013116114,0.00010798112,3.4384615e-05,9.05907e-05
2017-11-24 08:00:00,0.00019839665,2.5609581e-05,6.3975036e-05,9.825157e-05,3.4367353e-05,0.00020072096
2017-11-24 09:00:00,0.00017482747,0.00019224182,0.00024787153,0.00012827055,0.00029448347,6.666021e-05
2017-11-24 10:00:00,4.0621955e-05,0.00011874685,4.4929926e-05,0.00024691387,7.8096346e-05,9.6425436e-05
2017-11-24 11:00:00,8.7423665e-05,5.7445915e-05,0.00020016578,9.9328856e-05,0.00012857467,0.00012743534
2017-11-24 12:00:00,0.00012914346,0.000113525646,0.00015661359,0.00028804014,0.00017992084,0.00018348607
2017-11-24 13:00:00,0.00030753724,8.224209e-05,0.00011328978,0.00010555173,4.3985317e-05,3.2276424e-05
2017-11-24 14:00:00,0.00029620866,0.0003391695,0.00032303735,0.0003121394,0.00018271024,8.6382555e-05
2017-11-24 15:00:00,8.160899e-05,5.709026e-05,5.2418734e-05,7.163364e-05,0.00012593064,0.0004533948
2017-11-24 16:00:00,3.2047246e-05,9.0914975e-05,8.941318e-05,0.00023327336,0.00059152825,0.0009890223
2017-11-24 17:00:00,6.44961e-05,8.362362e-05,0.00015158014,0.00055065705,0.000952387,0.0005425876
2017-11-24 18:00:00,4.0811112e-05,0.00012166151,0.00040746306,0.00089373905,0.00064711313,0.0007871033
2017-11-24 19:00:00,0.00014199666,0.00039853022,0.0010107922,0.0008638513,0.0005360171,0.000564487
2017-11-24 20:00:00,0.00043791186,0.0005678398,0.00067875895,0.00077322946,0.0006755468,0.0007121065
2017-11-24 21:00:00,0.0005362102,0.0003622504,0.00024361633,0.00052160793,0.00040609072,0.0005682047
2017-11-26 22:00:00,0.00018810396,0.00012529793,4.692219e-05,6.54962e-05,6.806627e-05,3.481864e-05
2017-11-26 23:00:00,3.7780646e-05,0.0001165647,0.00010324908,0.00023789682,0.000105157626,0.00011375376
2017-11-27 00:00:00,0.00016746669,0.00010744799,0.00023974602,0.00018948622,0.00013407932,0.00015211408
2017-11-27 01:00:00,3.1607182e-05,0.00011446201,5.0739436e-05,4.1080093e-05,0.00028571926,0.0009943454
2017-11-27 02:00:00,0.00016577209,5.3635613e-05,4.377043e-05,0.00029962958,0.0006918653,0.0010957129
2017-11-27 03:00:00,0.00011578482,0.00014916407,0.0003622563,0.0011854676,0.001139629,0.0010004463
2017-11-27 04:00:00,4.7591435e-05,0.0003444981,0.0009841239,0.0008998186,0.0006674516,0.0006283435
2017-11-27 05:00:00,0.00040975426,0.0010257313,0.00075560046,0.0010024451,0.00050569646,0.00063820696
2017-11-27 06:00:00,0.0009213078,0.0006397206,0.0004023719,0.0003469541,0.00037664708,0.00025841588
2017-11-27 07:00:00,8.552153e-05,0.00014843773,0.0003346336,0.00024911706,0.00044695006,0.0004892084
2017-11-27 08:00:00,0.00014595914,0.0002502909,0.00016917259,0.00043588335,0.0005893718,0.00050197256
2017-11-27 09:00:00,0.00023208838,8.566889e-05,0.00015909769,0.0005999877,0.0006900458,0.0007011619
2017-11-27 10:00:00,0.00015778256,0.00010637854,0.00019979366,0.00048777362,0.00043687146,0.00044958325
2017-11-27 11:00:00,0.00026131194,0.00039311987,0.0004144862,0.0007385392,0.0005175619,0.0007383785
2017-11-27 12:00:00,0.0002992763,0.0003162428,0.0004679867,0.00044499175,0.0006218232,0.0005283129
2017-11-27 13:00:00,0.00021609402,0.0001914712,0.00011615829,0.00036543826,0.00028830007,0.0003359823
2017-11-27 14:00:00,0.00015495639,3.5373458e-05,0.00017197791,0.00028046945,0.00033915025,0.00021188297
2017-11-27 15:00:00,0.0001508513,5.2567775e-05,0.0001266943,0.00020995949,0.000119658675,0.000109197965
2017-11-27 16:00:00,0.0002389541,0.00030051742,0.0002795714,0.00030354242,0.00017501914,0.00017303725
2017-11-27 17:00:00,0.00010460088,0.00012002767,0.000100317826,6.002273e-05,3.397005e-05,8.05781e-05
2017-11-27 18:00:00,7.431048e-05,3.1272022e-05,4.0639297e-05,8.8322886e-05,0.00014246751,2.4774112e-05
2017-11-27 19:00:00,5.6695884e-05,8.501629e-05,0.00012961711,0.00025567395,3.97594e-05,7.183171e-05
2017-11-27 20:00:00,6.033954e-05,8.54245e-05,0.00016352111,5.36341e-05,4.017453e-05,7.871459e-05
2017-11-27 21:00:00,0.000100599966,0.00013303751,3.6481095e-05,4.4577504e-05,5.3568256e-05,5.2388397e-05
2017-11-27 22:00:00,0.00011568659,7.679197e-05,4.2883155e-05,2.7265523e-05,3.359568e-05,6.5530454e-05
2017-11-27 23:00:00,0.0001932003,0.000130394,6.6757246e-05,6.905117e-05,4.7776797e-05,3.5411445e-05
2017-11-28 00:00:00,5.380331e-05,8.2960294e-05,9.490675e-05,0.00012793308,0.00012111351,2.646499e-05
2017-11-28 01:00:00,7.707585e-05,4.3404187e-05,8.245586e-05,0.00014739082,3.8655253e-05,4.0221345e-05
2017-11-28 02:00:00,2.7336977e-05,5.1238523e-05,7.0604336e-05,5.180887e-05,2.9758861e-05,0.00017086811
2017-11-28 03:00:00,7.487717e-05,7.908702e-05,5.805513e-05,4.335973e-05,0.00012329534,3.4171888e-05
2017-11-28 04:00:00,4.1433726e-05,8.4331536e-05,5.7391884e-05,0.0002246094,5.69287e-05,0.00028157138
2017-11-28 05:00:00,0.00013678106,7.6550314e-05,0.00019447606,0.00010025661,0.00028229275,0.0003416448
2017-11-28 06:00:00,5.128276e-05,0.00012553071,4.453812e-05,0.00026445053,0.0002976146,0.000158055
2017-11-28 07:00:00,0.0002038494,4.5200286e-05,0.00016530386,0.00034224664,0.0002146762,2.9409282e-05
2017-11-28 08:00:00,0.00017751308,0.00011057606,0.00019650786,0.0001061314,0.00012778444,4.2281863e-05
2017-11-28 09:00:00,0.00033350658,0.00035240053,0.00022907097,4.861219e-05,0.00016662154,7.4825984e-05
2017-11-28 10:00:00,0.00013367255,2.248532e-05,0.00022836038,4.605928e-05,0.0002369696,0.0002610365
2017-11-28 11:00:00,0.00013318907,0.00020951356,0.00014205731,0.00042459878,0.00032837444,0.00034812954
2017-11-28 12:00:00,0.00032739027,5.2896165e-05,0.00022857022,0.00036656254,0.00036517013,0.00025902313
2017-11-28 13:00:00,0.00025411395,6.595642e-05,9.6099255e-05,0.00017063488,7.929855e-05,1.9120422e-05
2017-11-28 14:00:00,0.00035027825,0.00026282662,0.00028426276,0.00031559443,0.00016506194,0.00014082299
2017-11-28 15:00:00,5.7582638e-05,8.646667e-05,4.283143e-05,6.4108186e-05,6.67942e-05,0.00014907945
2017-11-28 16:00:00,7.824835e-05,2.5531956e-05,7.678073e-05,0.00010050556,0.00014975779,4.4911118e-05
2017-11-28 17:00:00,0.00010224994,0.000114781426,0.00013890481,0.00024585452,7.8193254e-05,8.57393e-05
2017-11-28 18:00:00,9.9469275e-05,0.00010806927,0.00019126106,6.061974e-05,5.5673478e-05,6.469121e-05
2017-11-28 19:00:00,3.183512e-05,0.00010311173,6.319039e-05,5.4700467e-05,3.4266497e-05,7.044684e-05
2017-11-28 20:00:00,9.022677e-05,8.47567e-05,6.4264714e-05,6.359154e-05,3.877132e-05,5.552267e-05
2017-11-28 21:00:00,0.00013508859,9.369093e-05,0.000112743386,6.775972e-05,9.4961455e-05,8.802415e-05
2017-11-28 22:00:00,3.0251329e-05,4.5649627e-05,9.471353e-05,6.0588056e-05,2.9216695e-05,5.092216e-05
2017-11-28 23:00:00,3.8573296e-05,7.06915e-05,4.478555e-05,3.5438916e-05,5.5704226e-05,0.00016033488
2017-11-29 00:00:00,7.298492e-05,4.112779e-05,4.1369e-05,0.00011327134,0.00019983633,0.00022492473
2017-11-29 01:00:00,5.7567166e-05,8.812898e-05,9.23144e-05,0.00027978464,0.00021931616,0.00043614095
2017-11-29 02:00:00,6.58331e-05,8.7075205e-05,0.00017761119,0.00032912992,0.0003777238,0.00022895382
2017-11-29 03:00:00,5.3277938e-05,0.0001668445,0.0002280702,0.00052431406,0.00021114845,9.51647e-05
2017-11-29 04:00:00,0.00015773118,0.00015319005,0.000399419,0.00021939343,7.2194736e-05,0.00012865565
2017-11-29 05:00:00,0.00012393076,0.00035015092,7.66931e-05,4.1382184e-05,4.48391e-05,0.00011268837
2017-11-29 06:00:00,0.00020873321,3.4945886e-05,0.00013610814,8.0926366e-05,0.00017605432,9.566935e-05
2017-11-29 07:00:00,0.00030377824,0.00020945998,0.00021194691,0.0004545568,0.00027495762,0.00011319936
2017-11-29 08:00:00,0.00014784526,6.1655555e-05,0.00022288851,9.514428e-05,0.00019600627,0.00036659828
2017-11-29 09:00:00,9.558034e-05,0.00013066111,3.3962096e-05,0.000508243,0.0005208253,0.0005540773
2017-11-29 10:00:00,0.00024955376,3.806519e-05,0.0003518175,0.0005965387,0.000444787,0.00040805442
2017-11-29 11:00:00,0.00018857751,0.00050022063,0.0006052846,0.00075918145,0.0005670586,0.00051440916
2017-11-29 12:00:00,0.00050509465,0.0005971631,0.0004807413,0.0009337679,0.00063818746,0.0011707699
2017-11-29 13:00:00,0.00023788224,0.00019184477,0.00025693374,0.0003727202,0.0008645878,0.00049137644
2017-11-29 14:00:00,6.843146e-05,0.00010351635,0.00016846656,0.0007103624,0.00058587524,0.00058411085
2017-11-29 15:00:00,0.00017635718,0.00016813268,0.0005228147,0.000524079,0.00048105314,0.00030703875
2017-11-29 16:00:00,5.7934816e-05,0.00045867142,0.00038030357,0.00043846003,0.00034091392,0.00019482983
2017-11-29 17:00:00,0.0005883838,0.00034659065,0.0003548205,0.00035719076,0.0002504694,0.00026487783
2017-11-29 18:00:00,8.679155e-05,5.8755955e-05,0.0001243269,0.0001634401,0.00014251283,3.8627863e-05
2017-11-29 19:00:00,3.6953723e-05,2.7931457e-05,8.9269364e-05,8.454243e-05,4.4179174e-05,3.2819677e-05
2017-11-29 20:00:00,5.8725356e-05,0.00011144484,8.24771e-05,6.695592e-05,4.234122e-05,0.00016114672
2017-11-29 21:00:00,6.435036e-05,6.825018e-05,7.1468574e-05,5.2544416e-05,0.0002124885,0.0002601593
2017-11-29 22:00:00,3.1741558e-05,9.053555e-05,8.366881e-05,0.00031179783,0.0003001273,0.00019523798
2017-11-29 23:00:00,0.00018849206,0.00011471762,0.00020796242,0.0003841755,0.00020309418,0.00017360577
2017-11-30 00:00:00,5.1883922e-05,0.00018540483,0.00020338903,0.00010177606,9.673857e-05,6.396219e-05
2017-11-30 01:00:00,0.00020026251,0.00021225236,0.00011620092,0.0001280904,8.884539e-05,0.0003190623
2017-11-30 02:00:00,6.447479e-05,5.969841e-05,6.298486e-05,9.268454e-05,0.00017212887,0.0001690107
2017-11-30 03:00:00,0.00012587407,0.000116463,0.000142104,0.00011504617,0.00010062316,0.00012388329
2017-11-30 04:00:00,3.0864972e-05,4.6826957e-05,0.00021560364,0.00022573612,0.00020704126,0.00020839414
2017-11-30 05:00:00,4.1195555e-05,0.00024172684,0.00021285434,0.00023492116,0.00026529082,0.00019842508
2017-11-30 06:00:00,0.00029844505,0.00032910975,0.0002782277,0.00031817573,0.00024488766,0.0002649706
2017-11-30 07:00:00,5.889007e-05,4.9738414e-05,4.9242553e-05,4.7623864e-05,6.5837645e-05,2.218858e-05
2017-11-30 08:00:00,7.8353296e-05,5.9222486e-05,4.054172e-05,0.00014954439,6.623399e-05,3.251067e-05
2017-11-30 09:00:00,3.3616183e-05,3.6841077e-05,4.4302447e-05,2.8267825e-05,6.248445e-05,5.4495944e-05
2017-11-30 10:00:00,5.5023345e-05,7.3339324e-05,4.4882316e-05,5.84321e-05,7.974728e-05,3.786324e-05
2017-11-30 11:00:00,0.00010174881,5.6994042e-05,4.2188032e-05,0.00014186166,6.698419e-05,0.00010230003
2017-11-30 12:00:00,9.2757684e-05,0.00010486182,4.768959e-05,3.305066e-05,5.195946e-05,3.3006167e-05
2017-11-30 13:00:00,8.620521e-05,8.849631e-05,6.150978e-05,0.000106702835,6.394763e-05,4.5018325e-05
2017-11-30 14:00:00,0.00014545086,0.00011704412,9.942634e-05,0.00015387074,7.516914e-05,8.286642e-05
2017-11-30 15:00:00,5.2440326e-05,3.0064853e-05,4.7938327e-05,3.4548084e-05,5.265295e-05,2.9340774e-05
2017-11-30 16:00:00,5.2863656e-05,4.480475e-05,5.062588e-05,4.397803e-05,4.9182345e-05,2.7921544e-05
2017-11-30 17:00:00,3.6722002e-05,3.2431686e-05,6.761143e-05,6.0056096e-05,4.1993517e-05,0.00010786925
2017-11-30 18:00:00,5.3939086e-05,8.8730514e-05,3.5659792e-05,5.0368402e-05,9.1335474e-05,5.5344233e-05
2017-11-30 19:00:00,6.419602e-05,4.2247757e-05,5.138599e-05,0.00012642096,3.853738e-05,9.374002e-05
2017-11-30 20:00:00,6.6032844e-05,6.220917e-05,9.0730886e-05,3.9329294e-05,0.00012316827,3.594902e-05
2017-11-30 21:00:00,3.603111e-05,0.0001044126,4.7020727e-05,0.00012232196,3.5073626e-05,4.5158205e-05
2017-11-30 22:00:00,0.00013245294,5.5679397e-05,9.6739575e-05,4.19551e-05,5.5861517e-05,3.0794956e-05
2017-11-30 23:00:00,0.00013615053,0.00018595184,9.617525e-05,0.00021071047,0.00014216348,5.960763e-05
2017-12-01 00:00:00,0.00015914314,1.9971345e-05,7.819497e-05,7.863552e-05,3.2057134e-05,2.5681886e-05
2017-12-01 01:00:00,0.00017466687,4.458475e-05,6.2133484e-05,0.00011990155,9.5895026e-05,2.9219598e-05
2017-12-01 02:00:00,8.9637884e-05,5.6498608e-05,3.7526726e-05,3.4547604e-05,0.00012739554,0.00024059639
2017-12-01 03:00:00,2.988289e-05,8.124751e-05,8.519096e-05,9.0872454e-05,0.00022158834,0.00019917707
2017-12-01 04:00:00,9.163065e-05,6.432296e-05,9.0923924e-05,0.0002886048,0.00022167029,5.134e-05
2017-12-01 05:00:00,4.2249703e-05,0.00015309817,0.00020563598,0.00033324584,0.0001201619,0.0003781507
2017-12-01 06:00:00,0.0002313808,0.00040313439,0.00024637757,0.0001564611,0.0003614797,0.0007286688
2017-12-01 07:00:00,0.00023725939,0.0001269955,5.4963166e-05,0.0002998134,0.0005583494,0.000862072
2017-12-01 08:00:00,7.116718e-05,0.00017565223,8.077629e-05,0.0005614702,0.0008018816,0.0007114595
2017-12-01 09:00:00,0.00021406065,0.00015061938,0.00029886662,0.0008693432,0.0011689969,0.0010435937
2017-12-01 10:00:00,0.00036057702,0.00074193074,0.00086267095,0.0014677708,0.0011620622,0.0009776714
2017-12-01 11:00:00,0.00046541964,0.0007855868,0.0008245491,0.0011650398,0.0007823372,0.0008913848
2017-12-01 12:00:00,0.00047282886,0.00032224102,0.0005733974,0.0005879414,0.00038342734,0.0004418185
2017-12-01 13:00:00,0.0002511315,0.00030842554,9.17722e-05,0.00012055553,0.000105994564,0.00012917121
2017-12-01 14:00:00,5.176678e-05,0.00010486421,0.00012654041,0.00011627221,5.7994766e-05,0.000112801725
2017-12-01 15:00:00,0.00016068296,0.00018509323,0.00016182728,7.553717e-05,0.00018335885,4.1598923e-05
2017-12-01 16:00:00,6.392556e-05,3.018042e-05,6.496023e-05,4.496243e-05,0.00013014638,3.945471e-05
2017-12-01 17:00:00,5.8050806e-05,7.546587e-05,4.5563258e-05,0.00016410029,3.816068e-05,0.0001462685
2017-12-01 18:00:00,8.90183e-05,2.2154083e-05,0.00012517278,3.0970186e-05,0.0002132394,9.271597e-05
2017-12-01 19:00:00,9.47045e-05,7.89669e-05,7.37053e-05,0.00029210752,0.000133955,0.00016252401
2017-12-01 20:00:00,0.0001288344,5.0514605e-05,0.00016568172,0.000105500956,0.00012215396,4.338152e-05
2017-12-01 21:00:00,0.0001423301,0.00032967693,0.0002164463,0.00031263457,0.00016117205,0.0001801981
2017-12-03 22:00:00,0.00022146993,0.00010541974,0.00015656678,4.419813e-05,6.735466e-05,3.4948833e-05
2017-12-03 23:00:00,0.00011531229,4.4534696e-05,0.000109770415,0.00014736799,0.00014430778,8.945794e-05
2017-12-04 00:00:00,8.059998e-05,8.976951e-05,5.548777e-05,0.00013891458,3.0780277e-05,8.130583e-05
2017-12-04 01:00:00,0.00014960315,0.000108049964,0.00019915745,9.829894e-05,0.00018668399,0.00028043287
2017-12-04 02:00:00,4.5504243e-05,5.0660772e-05,6.0442268e-05,5.569731e-05,0.00019865409,7.3128096e-05
2017-12-04 03:00:00,8.688177e-05,2.7007352e-05,4.746767e-05,0.0002573434,0.000101590194,0.00020007168
2017-12-04 04:00:00,9.85735e-05,2.8145614e-05,0.0001499307,5.7609843e-05,0.0001522892,0.00010936332
2017-12-04 05:00:00,0.0001157645,0.00022872318,0.00011928845,0.00025692408,0.00021944604,0.000261731
2017-12-04 06:00:00,0.00019789496,6.1298764e-05,0.000171449,0.00016182016,0.00022050196,0.00033351773
2017-12-04 07:00:00,0.00019909452,2.8984801e-05,5.343889e-05,0.00011200196,0.00020979068,3.230804e-05
2017-12-04 08:00:00,0.00018088018,9.567822e-05,0.00015488725,0.00057710515,9.690224e-05,0.00014970334
2017-12-04 09:00:00,5.2297393e-05,6.1921775e-05,0.00025546816,4.3427674e-05,0.0003201007,0.00039392
2017-12-04 10:00:00,0.00013861267,0.0003548573,4.949543e-05,0.00030079184,0.00035086236,0.00041787163
2017-12-04 11:00:00,0.00028240035,8.4383566e-05,0.00037402185,0.0005577541,0.00050204847,0.00051770953
2017-12-04 12:00:00,0.000419855,0.0006936577,0.0007417792,0.00094877114,0.00072180136,0.00083978416
2017-12-04 13:00:00,0.00038693086,0.0005634055,0.0005072507,0.0005656774,0.00059351744,0.00060314947
2017-12-04 14:00:00,0.0001586293,0.0002812046,0.0002467181,0.0002583026,0.00024052284,0.0002863998
2017-12-04 15:00:00,0.00017849443,0.00012387669,0.00014779092,0.00017540058,0.0001889922,0.00013298419
2017-12-04 16:00:00,3.845243e-05,4.341991e-05,4.989769e-05,9.441512e-05,5.6724115e-05,2.3243249e-05
2017-12-04 17:00:00,4.54213e-05,4.27041e-05,7.501105e-05,4.0266805e-05,5.657079e-05,8.223183e-05
2017-12-04 18:00:00,4.0027302e-05,7.267907e-05,4.21318e-05,7.805344e-05,0.00011253503,2.3785311e-05
2017-12-04 19:00:00,7.9253856e-05,2.6905705e-05,5.7714067e-05,0.00012797164,2.6896867e-05,3.0124158e-05
2017-12-04 20:00:00,7.0551454e-05,0.00012360264,0.00016300354,5.6473942e-05,5.9319467e-05,9.6909826e-05
2017-12-04 21:00:00,0.00010202894,0.00014558011,4.2693624e-05,4.4670087e-05,7.835867e-05,7.609066e-05
2017-12-04 22:00:00,8.50823e-05,8.526206e-05,5.3825483e-05,5.0955852e-05,4.167931e-05,5.5209395e-05
2017-12-04 23:00:00,0.00017793539,0.00011325486,6.766548e-05,4.9306927e-05,8.244233e-05,3.4659675e-05
2017-12-05 00:00:00,5.105675e-05,8.958624e-05,0.00010817764,5.6115157e-05,0.00014325063,0.00014801482
2017-12-05 01:00:00,8.8758774e-05,7.360238e-05,6.3491665e-05,0.0001542143,0.0001490914,7.811347e-05
2017-12-05 02:00:00,3.3238346e-05,3.538493e-05,6.420171e-05,0.0002804425,3.5004934e-05,0.00021782718
2017-12-05 03:00:00,8.477517e-05,5.0963667e-05,0.00021661751,3.662937e-05,0.0002150046,0.0002311481
2017-12-05 04:00:00,0.00013771775,0.00022817345,5.56142e-05,0.00017852109,0.0002151378,0.00025970177
2017-12-05 05:00:00,0.00031092222,4.025496e-05,0.00018390598,0.00042278162,0.00027653802,0.00037072942
2017-12-05 06:00:00,0.0003355642,5.980762e-05,6.1463e-05,3.3668326e-05,9.968004e-05,8.940929e-05
2017-12-05 07:00:00,0.0002996282,0.00031665867,0.00024823216,0.0004928222,0.00013949607,0.00035830785
2017-12-05 08:00:00,0.00011130127,9.37598e-05,0.00017668399,6.2593834e-05,0.00019193457,0.00022002908
2017-12-05 09:00:00,3.7237318e-05,7.172682e-05,0.000124982,0.00016315789,0.00020713969,0.00014843645
2017-12-05 10:00:00,0.00014886835,0.00014591083,9.6337906e-05,0.00031089105,0.000117164076,0.00022026857
2017-12-05 11:00:00,0.00033387615,3.6478337e-05,0.00017127139,5.4574088e-05,0.00015146661,0.00028118977
2017-12-05 12:00:00,0.00036064108,0.00042483766,0.00018278028,0.00040801926,0.0004885144,0.0005171875
2017-12-05 13:00:00,0.00015005098,3.0716274e-05,0.000110790636,0.00029010314,0.0007070627,0.00045160137
2017-12-05 14:00:00,0.0001501972,1.5264302e-05,0.00015638355,0.0005461135,0.00042773384,0.00046400807
2017-12-05 15:00:00,0.00015739603,0.0002726142,0.00039352736,0.00067694875,0.00069768244,0.0004553303
2017-12-05 16:00:00,0.00021542152,0.00053163106,0.0004790875,0.0006274769,0.0003447808,0.00025205401
2017-12-05 17:00:00,0.00044795853,0.00029091473,0.00029710997,0.00022548692,0.00018577951,0.00014723661
2017-12-05 18:00:00,9.203629e-05,3.448507e-05,0.00016682183,0.00020924154,0.00016031918,6.616832e-05
2017-12-05 19:00:00,8.56222e-05,0.00010069858,0.00012163555,0.00015031743,3.3608172e-05,9.2330185e-05
2017-12-05 20:00:00,0.00021571096,0.00025095968,0.00019277855,9.197455e-05,0.00019311381,0.00018738369
2017-12-05 21:00:00,4.3546643e-05,4.201157e-05,9.3153234e-05,8.127642e-05,0.000100752535,3.9089184e-05
2017-12-05 22:00:00,3.210437e-05,0.00013656385,4.2179345e-05,8.185654e-05,2.9317147e-05,2.7065507e-05
2017-12-05 23:00:00,0.00013202148,2.3142025e-05,6.538862e-05,4.746496e-05,3.3280496e-05,0.00017365506
2017-12-06 00:00:00,0.00020386222,0.00013697299,0.00011040026,0.0001527694,0.00018623885,0.00036729645
2017-12-06 01:00:00,5.4957654e-05,2.4980853e-05,3.5896053e-05,0.00014937701,0.00022925412,0.00029731635
2017-12-06 02:00:00,6.114005e-05,3.6637295e-05,9.7168915e-05,0.00029155932,0.00022779682,0.00013922552
2017-12-06 03:00:00,3.4590576e-05,0.00013938115,0.0002939612,0.00037724225,0.00018649863,4.2265703e-05
2017-12-06 04:00:00,0.00020389774,0.0003415738,0.00029551945,0.00023743116,6.151027e-05,9.9390454e-05
2017-12-06 05:00:00,0.00020323214,0.00017245485,0.000132213,0.00014081884,0.00021377768,0.00037294673
2017-12-06 06:00:00,6.594616e-05,4.0502237e-05,0.0002772005,0.0005090516,0.00040252914,0.0004196088
2017-12-06 07:00:00,0.00012874417,0.00039890854,0.00046727888,0.00063500484,0.00052370183,0.00051832036
2017-12-06 08:00:00,0.00032213196,0.00047181087,0.00036510066,0.00048477392,0.0003894466,0.00019362637
2017-12-06 09:00:00,9.168578e-05,0.00016844342,0.00014367733,0.00018641022,2.9091874e-05,0.0001606023
2017-12-06 10:00:00,0.00014652214,0.00010790732,0.00012417816,0.00015030609,0.00020976603,0.00011860492
2017-12-06 11:00:00,5.008149e-05,3.8385933e-05,0.00019414313,0.00041329162,0.00019482581,0.0003150476
2017-12-06 12:00:00,5.3983113e-05,0.00017934806,0.00033486483,0.00025774704,0.0002732963,0.0002748249
2017-12-06 13:00:00,0.0003284838,0.00040536193,0.00024751583,0.00029491296,0.0003410511,0.0001733958
2017-12-06 14:00:00,0.00013964882,2.9965004e-05,8.179749e-05,0.00026684612,3.913321e-05,6.253356e-05
2017-12-06 15:00:00,0.0001536455,4.121336e-05,9.744417e-05,0.0001188829,0.00014679696,0.00011789319
2017-12-06 16:00:00,0.0001351144,0.0002002309,3.128557e-05,9.8954624e-05,4.248912e-05,3.781822e-05
2017-12-06 17:00:00,0.00013231588,9.268003e-05,0.0001391988,0.0001371817,7.361573e-05,3.669395e-05
2017-12-06 18:00:00,0.00023457858,0.00024765386,0.00019366472,0.00020481696,0.0001335193,4.524294e-05
2017-12-06 19:00:00,9.875195e-05,6.303556e-05,4.7848596e-05,6.009309e-05,0.00012461784,0.0002300133
2017-12-06 20:00:00,9.400819e-05,9.7403485e-05,0.00012736346,0.0002764029,0.00017814102,0.00016156628
2017-12-06 21:00:00,7.66378e-05,8.700978e-05,0.0001471551,0.00032142524,0.00019294422,0.0001995648
2017-12-06 22:00:00,7.107928e-05,0.00015267584,0.00017644,0.00028119356,0.00011670156,0.00017282639
2017-12-06 23:00:00,0.00012462754,0.00022712736,0.00016825066,0.00012287349,0.00010648104,0.00012829015
2017-12-07 00:00:00,0.00011311357,7.494592e-05,5.4344193e-05,9.255627e-05,8.3348365e-05,3.1220174e-05
2017-12-07 01:00:00,2.6940017e-05,8.236313e-05,5.5266293e-05,4.884717e-05,4.372144e-05,0.000351884
2017-12-07 02:00:00,8.689294e-05,3.3149554e-05,4.190555e-05,4.4426826e-05,0.00026814186,0.00040278942
2017-12-07 03:00:00,8.413188e-05,9.778755e-05,4.683378e-05,0.0002818624,0.00044528936,0.00045893717
2017-12-07 04:00:00,5.4837175e-05,2.385401e-05,0.00025037728,0.0005934579,0.00036421983,0.000429973
2017-12-07 05:00:00,6.172077e-05,0.000315405,0.0005693762,0.00065110554,0.00045257166,0.00027275097
2017-12-07 06:00:00,0.00039679746,0.00039983675,0.0003754481,0.00047682956,0.00025498887,7.8032004e-05
2017-12-07 07:00:00,0.00024035416,0.00024697185,0.00013095321,3.1867963e-05,0.00018801042,0.00067146396
2017-12-07 08:00:00,3.414337e-05,8.216465e-05,0.00018699157,0.0004362414,0.0011861222,0.0011881471
2017-12-07 09:00:00,0.00010793001,0.00023731386,0.00025839283,0.0013089406,0.00095184485,0.0012925152
2017-12-07 10:00:00,0.00015378537,0.00034015643,0.00082748703,0.0015484504,0.0010200961,0.00074326224
2017-12-07 11:00:00,0.00030641287,0.001024075,0.00086616614,0.0009306268,0.00039823883,0.000871896
2017-12-07 12:00:00,0.0007512538,0.0011326568,0.0005596156,0.00067201565,0.0007112824,0.0004941584
2017-12-07 13:00:00,0.0003980302,5.8750367e-05,0.00022468479,0.00017068007,8.850002e-05,2.7210079e-05
2017-12-07 14:00:00,0.00041533256,0.0004997132,0.00012283504,0.00052645686,0.0002519793,0.0002196258
2017-12-07 15:00:00,0.00015558764,0.00022196633,5.782752e-05,5.339812e-05,5.713616e-05,0.00016501003
2017-12-07 16:00:00,0.00039570022,8.5595966e-05,0.00015270375,0.00021740049,4.9256443e-05,8.5699954e-05
2017-12-07 17:00:00,0.00024032484,0.00015048048,0.00014149476,0.0003876082,0.00019395187,4.413045e-05
2017-12-07 18:00:00,0.00011663435,7.805507e-05,0.0001506805,6.337354e-05,0.000143606,0.00018029462
2017-12-07 19:00:00,5.0628318e-05,0.00017238084,0.00011692929,0.00013355854,0.00012852874,8.147987e-05
2017-12-07 20:00:00,0.00024877372,9.0663176e-05,9.0306574e-05,0.00010517625,6.077796e-05,7.777374e-05
2017-12-07 21:00:00,0.00017093295,0.00034234324,0.00023790677,0.0003029137,0.0003565585,0.0003451337
2017-12-07 22:00:00,0.00018673607,0.00018723737,0.000118388794,0.000201895,0.00015450521,0.00046312873
2017-12-07 23:00:00,4.0726925e-05,3.9924722e-05,4.817625e-05,6.282143e-05,0.00029686696,0.00015689226
2017-12-08 00:00:00,5.2854208e-05,4.1591786e-05,5.348666e-05,0.0003381428,0.00013949709,8.646016e-05
2017-12-08 01:00:00,9.114166e-05,7.544532e-05,0.0002545104,0.0002124974,0.000109472065,0.00031556847
2017-12-08 02:00:00,4.4022338e-05,0.00027665976,0.00014122426,7.5827025e-05,0.00024451254,0.0001243628
2017-12-08 03:00:00,0.0002936769,0.00017447627,6.947126e-05,0.00029435926,0.00012874806,0.00019906796
2017-12-08 04:00:00,0.0001643527,0.00016445748,5.372898e-05,0.00040981188,0.00049148063,0.00036493887
2017-12-08 05:00:00,8.968165e-05,0.00018787614,0.00022399065,0.00055079313,0.00029825064,0.00030198268
2017-12-08 06:00:00,0.00026740733,0.00021838391,0.00036022806,0.00018979705,0.00033691034,0.0006616637
2017-12-08 07:00:00,0.0005573309,0.000822549,0.00024395325,0.00059420394,0.0010355372,0.0009904562
2017-12-08 08:00:00,0.00031586978,3.4626577e-05,0.00014185664,0.0006237767,0.00062990125,0.00048357484
2017-12-08 09:00:00,0.0002504664,4.5846547e-05,0.00025753852,0.00049684395,0.0003282138,0.00027520608
2017-12-08 10:00:00,0.0001893364,0.0006819137,0.0004610095,0.0006160517,9.8570104e-05,8.606008e-05
2017-12-08 11:00:00,0.00037940207,0.0005640362,0.00027861205,0.00031311155,0.00019548087,5.5657638e-05
2017-12-08 12:00:00,0.00015891163,0.00010369169,0.000374853,0.00060270564,0.00034688538,0.00032292833
2017-12-08 13:00:00,9.874127e-05,0.00067525695,0.0006990162,0.0004675284,0.00047952912,0.00027458463
2017-12-08 14:00:00,0.00086781726,0.0007319984,0.00038599913,0.0005205662,0.00030915017,0.0003062895
2017-12-08 15:00:00,7.497025e-05,0.00017634813,0.00015564355,0.00028406392,0.00021834728,0.0003651865
2017-12-08 16:00:00,0.00022912025,0.00018468648,0.00015639627,0.00024818725,0.00056135893,0.00073683204
2017-12-08 17:00:00,2.6318205e-05,7.411494e-05,5.1628966e-05,0.0003537384,0.00056083367,0.00032189125
2017-12-08 18:00:00,7.593553e-05,6.305023e-05,0.00030834906,0.00056739454,0.0003001629,0.00025228792
2017-12-08 19:00:00,4.587374e-05,0.00033710498,0.0005836931,0.00033229674,0.00017315577,0.00022339523
2017-12-08 20:00:00,0.0004505067,0.00061824935,0.0002740024,0.00021563281,0.00022569906,0.00023962867
2017-12-08 21:00:00,0.00026939242,2.1843529e-05,7.9760764e-05,6.1686165e-05,3.596244e-05,1.8606252e-05
2017-12-10 22:00:00,0.0003018037,0.0002886411,0.00024023934,0.00030288656,0.00020331549,0.00016024095
2017-12-10 23:00:00,0.00011492264,4.452138e-05,3.0462856e-05,4.5825665e-05,5.6363642e-05,7.77678e-05
2017-12-11 00:00:00,6.9333604e-05,6.846962e-05,8.001905e-05,0.00013004288,0.00011345086,0.00037569867
2017-12-11 01:00:00,5.404047e-05,4.1202893e-05,8.438281e-05,0.000151777,0.00031400268,2.382773e-05
2017-12-11 02:00:00,3.8416933e-05,5.4214113e-05,7.800467e-05,0.00041595788,5.1824554e-05,0.0002024284
2017-12-11 03:00:00,7.248547e-05,0.000111141184,0.0002747326,4.6508278e-05,0.00021746808,0.0002590346
2017-12-11 04:00:00,4.2558408e-05,0.00028234572,9.527691e-05,0.00022623327,0.000248001,0.0001618775
2017-12-11 05:00:00,0.0003118081,0.00014542899,0.00015054717,0.0002711024,9.6860276e-05,0.00014782933
2017-12-11 06:00:00,0.00047305992,7.088546e-05,3.6361733e-05,0.00018938436,0.00013618634,5.868535e-05
2017-12-11 07:00:00,0.00029499384,0.00043214642,0.00020296354,0.0002601626,0.00038260216,0.0004131665
2017-12-11 08:00:00,8.479309e-05,7.509589e-05,5.811254e-05,0.00016007067,0.00015525799,5.7399902e-05
2017-12-11 09:00:00,0.00014868898,0.00015489044,6.166461e-05,0.00012565932,4.417858e-05,4.2403215e-05
2017-12-11 10:00:00,4.369586e-05,0.00023738261,0.00020145845,0.00018169578,0.00017316686,0.0002197854
2017-12-11 11:00:00,0.00019633851,0.00023290205,0.00012424182,0.00012061236,0.00021220603,9.579542e-05
2017-12-11 12:00:00,6.157332e-05,5.536086e-05,4.1674823e-05,4.752322e-05,5.4073604e-05,0.00013359697
2017-12-11 13:00:00,0.00014783966,8.4550826e-05,5.359106e-05,0.0001594657,0.00018506157,0.00023421449
2017-12-11 14:00:00,5.50991e-05,8.487175e-05,4.2430147e-05,0.00014034862,0.00011628054,0.0001472136
2017-12-11 15:00:00,8.999966e-05,2.8534761e-05,0.00011988168,0.00015425199,0.00018516384,0.00023452514
2017-12-11 16:00:00,0.0001204251,0.00017616512,0.00021897256,0.0004031322,0.00029883176,0.0003845476
2017-12-11 17:00:00,0.00013889968,0.00012146356,0.00020655812,0.00039546183,0.00018890521,0.000289687
2017-12-11 18:00:00,6.291754e-05,0.00014337775,0.000120448116,0.00022575507,0.00023144415,0.00022677142
2017-12-11 19:00:00,0.00013003072,0.00015695814,0.00018143193,0.00029046356,0.00022875349,0.00025024745
2017-12-11 20:00:00,0.00011009034,7.895058e-05,0.00011212091,0.00019057519,0.00017856456,0.00017079632
2017-12-11 21:00:00,2.0492556e-05,6.195944e-05,8.330541e-05,0.00011646157,0.00010795663,2.2452814e-05
2017-12-11 22:00:00,6.835303e-05,8.802129e-05,0.00011430469,0.00013231563,4.6951995e-05,3.1151096e-05
2017-12-11 23:00:00,6.245748e-05,6.0115803e-05,6.7340814e-05,3.7854465e-05,6.1243525e-05,4.5326677e-05
2017-12-12 00:00:00,2.5821728e-05,5.4814427e-05,5.056802e-05,0.00010400147,9.2309485e-05,0.00016078053
2017-12-12 01:00:00,4.8663707e-05,8.3857e-05,0.00010810143,9.990084e-05,0.00017983861,0.00036001194
2017-12-12 02:00:00,0.00014565102,9.6582866e-05,0.00010626548,0.00025816046,0.0005280403,0.000316665
2017-12-12 03:00:00,5.2229316e-05,3.0774037e-05,0.0001394198,0.0004043662,0.0002314447,4.7383885e-05
2017-12-12 04:00:00,3.3907785e-05,0.00017976908,0.00029448973,0.00022625692,5.418071e-05,2.6508018e-05
2017-12-12 05:00:00,0.00020570669,0.00033800572,0.00019269831,5.712981e-05,4.566871e-05,0.0002821211
2017-12-12 06:00:00,0.00017767279,8.7143795e-05,8.143841e-05,0.00015159968,0.00016039184,0.0003929953
2017-12-12 07:00:00,0.00011786813,0.00023448198,0.000210456,3.3257027e-05,0.0001858236,0.00026001412
2017-12-12 08:00:00,0.0002530754,0.00020077499,0.00010076717,0.0003181599,0.0003796809,0.00028728077
2017-12-12 09:00:00,8.4410654e-05,0.0002225474,0.00047058752,0.00081210636,0.00034173424,0.00039948244
2017-12-12 10:00:00,0.00037672895,0.0005205569,0.00050753105,0.00054926897,0.00047770466,0.00093942875
2017-12-12 11:00:00,0.00024119248,0.00023714788,0.00015999707,0.00048344568,0.00054985797,0.0005610854
2017-12-12 12:00:00,0.0001491178,3.9332852e-05,0.00016715829,0.0005018776,0.00033642777,0.00022515048
2017-12-12 13:00:00,0.000109572415,9.8778684e-05,0.00035161249,0.0002740914,0.00022584636,6.4620624e-05
2017-12-12 14:00:00,0.00026527312,0.0005342458,0.0002148626,0.00029918883,0.00012953213,0.00015876703
2017-12-12 15:00:00,0.00032552428,0.00017700183,0.00010346584,6.67415e-05,6.176793e-05,0.000114294715
2017-12-12 16:00:00,5.5806133e-05,0.00012123625,0.00025411337,0.00036862915,0.00041963198,0.00032161712
2017-12-12 17:00:00,0.000118584045,0.0002900104,0.00024182299,0.00034191238,0.00035374588,0.00019732666
2017-12-12 18:00:00,0.00020757258,0.00016419544,0.00019569477,0.00031288425,7.1787515e-05,0.00017278343
2017-12-12 19:00:00,3.063022e-05,8.357178e-05,0.00012363298,7.84942e-05,5.640469e-05,5.662969e-05
2017-12-12 20:00:00,0.000110988985,9.294172e-05,7.015719e-05,5.7072084e-05,6.360483e-05,0.00031759674
2017-12-12 21:00:00,4.3807086e-05,0.000102855265,4.3411987e-05,3.1801348e-05,0.00015767178,9.519512e-05
2017-12-12 22:00:00,0.00023582664,6.8197405e-05,5.8080324e-05,0.00022542225,0.00011123902,0.00015598132
2017-12-12 23:00:00,0.00011920659,0.00010097123,0.00026540182,0.00027905937,0.00039653797,0.00014580972
2017-12-13 00:00:00,3.1371317e-05,0.0002656604,0.00021040716,0.00028266167,8.431901e-05,6.146638e-05
2017-12-13 01:00:00,0.00032805026,0.00013217067,0.00022355058,0.000121443976,7.29423e-05,5.33129e-05
2017-12-13 02:00:00,7.894972e-05,3.9650815e-05,0.00016216497,0.0003549156,0.0003230193,0.00024676163
2017-12-13 03:00:00,0.00014230062,0.00010059513,0.0002683225,0.00026967167,0.00025131018,0.00013124838
2017-12-13 04:00:00,0.0002538593,0.00033508378,0.00025485017,0.00033609074,0.00017279499,0.00041401832
2017-12-13 05:00:00,0.00018115099,0.00018188095,9.986038e-05,7.794889e-05,0.0002799727,0.00025028925
2017-12-13 06:00:00,4.3314656e-05,2.7158894e-05,9.830293e-05,0.00024761676,0.00011688326,0.00023113455
2017-12-13 07:00:00,2.5334139e-05,9.014809e-05,0.00018761585,0.00017402528,0.00019356472,0.00038788063
2017-12-13 08:00:00,0.00013431815,0.0002217713,0.00014679179,0.00026849317,0.00042075367,0.0005636259
2017-12-13 09:00:00,0.00036050924,0.0002712844,0.00032049074,0.0006963979,0.00041002766,0.00052134146
2017-12-13 10:00:00,4.4199496e-05,8.9181216e-05,0.00030454565,0.00031766298,0.00033138815,0.00023334201
2017-12-13 11:00:00,0.00012321206,0.0005085201,0.00040230193,0.00041685172,0.00036534076,0.00021953777
2017-12-13 12:00:00,0.0003693904,0.00037186345,0.000327117,0.00026974277,0.00021383894,0.0002317467
2017-12-13 13:00:00,4.2062435e-05,3.166776e-05,6.688914e-05,8.165919e-05,2.76052e-05,5.2200267e-05
2017-12-13 14:00:00,2.558978e-05,0.000100262005,6.343716e-05,6.6934204e-05,0.00010776103,7.733497e-05
2017-12-13 15:00:00,0.000106740685,5.184318e-05,4.491804e-05,0.00012694763,6.0552014e-05,0.00015361607
2017-12-13 16:00:00,3.7563506e-05,4.12537e-05,5.4210603e-05,3.492214e-05,0.00014361624,0.000115979245
2017-12-13 17:00:00,4.1998006e-05,6.178073e-05,3.6829613e-05,0.0001940565,0.00018069123,5.148672e-05
2017-12-13 18:00:00,0.00010625148,4.7979494e-05,0.00019175402,0.00018501263,7.081502e-05,9.96161e-05
2017-12-13 19:00:00,8.438919e-05,0.00011709893,0.00014980111,2.8387987e-05,3.417898e-05,3.6194495e-05
2017-12-13 20:00:00,0.00021087832,0.00017984367,4.458983e-05,7.399884e-05,7.927415e-05,0.00013593904
2017-12-13 21:00:00,3.7930513e-05,0.00010880105,7.413435e-05,5.8385434e-05,3.4777953e-05,9.096185e-05
2017-12-13 22:00:00,0.00016370225,0.00012531868,6.898883e-05,2.7582782e-05,0.00012773689,0.00019433863
2017-12-13 23:00:00,4.8262216e-05,6.562266e-05,0.00014097392,4.1738836e-05,6.1730614e-05,5.793687e-05
2017-12-14 00:00:00,4.4350465e-05,0.00012527521,3.0735293e-05,0.00010061355,7.9043406e-05,3.9529587e-05
2017-12-14 01:00:00,0.00012393815,5.063863e-05,9.861782e-05,0.00010445819,5.150649e-05,0.00012036299
2017-12-14 02:00:00,0.0001423103,0.00018092137,0.00015978246,0.00014849693,0.00022340157,0.0001989417
2017-12-14 03:00:00,0.0001148301,6.8756824e-05,4.890011e-05,0.00012116406,0.00012525504,0.00022641015
2017-12-14 04:00:00,2.7408874e-05,4.5284654e-05,4.273324e-05,4.019566e-05,0.00012346075,5.540964e-05
2017-12-14 05:00:00,5.7604066e-05,3.9135313e-05,6.768405e-05,0.00024613607,6.719098e-05,0.00025843256
2017-12-14 06:00:00,9.635151e-05,8.739412e-05,0.00021600196,0.000114637776,0.00026002174,5.8387544e-05
2017-12-14 07:00:00,5.3218613e-05,0.0001905276,6.314238e-05,0.00025383133,0.00012251548,7.3402545e-05
2017-12-14 08:00:00,0.00018979481,2.952781e-05,0.00021198526,0.00015669868,0.00010246042,3.3173543e-05
2017-12-14 09:00:00,0.00021216915,4.6953675e-05,0.00027780447,0.00033990564,0.00013279796,0.0001153431
2017-12-14 10:00:00,0.0001968624,0.00016234521,0.00014255357,3.1058164e-05,4.6078214e-05,9.397236e-05
2017-12-14 11:00:00,0.00048410532,0.00023192911,0.00017828292,0.00021847743,0.00021642639,0.00023865023
2017-12-14 12:00:00,8.496173e-05,0.00017026045,0.00013855984,4.8579197e-05,5.3741507e-05,0.00033653426
2017-12-14 13:00:00,0.0001443227,0.000132843,4.6626064e-05,4.0299004e-05,0.00032785194,0.0003128296
2017-12-14 14:00:00,3.5962043e-05,0.0001350583,9.958611e-05,0.00026657875,0.00021651291,0.0003211068
2017-12-14 15:00:00,0.00016011001,0.00012974575,0.00027617032,0.000256736,0.00025576595,0.00014781332
2017-12-14 16:00:00,2.6176267e-05,0.00030006448,0.00034608287,0.00042461546,0.00029067404,0.00035485823
2017-12-14 17:00:00,0.00050910807,0.00037495923,0.00038446707,0.00037227315,0.00036727695,0.00045651576
2017-12-14 18:00:00,7.1409595e-05,4.595832e-05,6.8917296e-05,3.229227e-05,6.0345224e-05,0.00014225382
2017-12-14 19:00:00,0.000107220316,2.6472379e-05,3.8163602e-05,0.00012332284,0.0001826187,0.00013188014
2017-12-14 20:00:00,9.260096e-05,4.093388e-05,5.924309e-05,0.0001191535,6.2597916e-05,4.7185586e-05
2017-12-14 21:00:00,8.371574e-05,0.000104816034,0.00018533472,0.00014973835,8.527387e-05,0.00018498092
2017-12-14 22:00:00,8.835289e-05,0.00011874421,8.57752e-05,9.530452e-05,0.0001347484,0.00011739999
2017-12-14 23:00:00,0.00012388123,3.9532755e-05,4.5598168e-05,0.00014065181,6.653255e-05,0.00023370002
2017-12-15 00:00:00,6.68117e-05,8.068057e-05,5.4079348e-05,3.3760974e-05,0.00018716646,0.00017504065
2017-12-15 01:00:00,3.659118e-05,0.000115538205,4.8119247e-05,0.0003117733,0.000206901,0.00039066403
2017-12-15 02:00:00,0.00013157277,3.355936e-05,0.000243138,0.00027730784,0.00039316382,0.00032740284
2017-12-15 03:00:00,6.953713e-05,0.00013648764,0.00015599898,0.00042981785,0.00026396028,0.00019106043
2017-12-15 04:00:00,0.0002962893,0.00030319486,0.00034667595,0.00048051312,0.00027582856,0.00036015201
2017-12-15 05:00:00,2.8450895e-05,0.00027998403,0.00016722457,0.000110604175,0.000221842,0.00023972394
2017-12-15 06:00:00,0.00037672181,0.00019547193,0.000102569014,0.00020794473,0.00019368312,0.00013417382
2017-12-15 07:00:00,4.6897865e-05,0.00017279052,5.5817894e-05,3.549367e-05,0.00041661444,0.0002572391
2017-12-15 08:00:00,0.00016070467,3.3530545e-05,5.166932e-05,0.0005045916,0.00022654209,0.00020115849
2017-12-15 09:00:00,0.00012471831,0.00011977304,0.00028406846,0.00023520619,0.00010051804,0.00016957454
2017-12-15 10:00:00,8.63531e-05,0.0003892549,0.0003043612,0.00020090159,0.00025296875,0.00020646951
2017-12-15 11:00:00,0.0005900612,0.0003202365,0.00022216569,0.00042185505,0.00033031582,0.000273933
2017-12-15 12:00:00,0.00013692763,0.0001829441,5.3569875e-05,0.00013422302,4.4361375e-05,6.654256e-05
2017-12-15 13:00:00,7.933209e-05,8.255443e-05,3.1772935e-05,0.00013336648,0.00015303808,0.000105161016
2017-12-15 14:00:00,0.00020528518,0.00010358427,0.00017361126,0.00034609955,0.00023989573,0.0002136667
2017-12-15 15:00:00,8.584527e-05,6.293901e-05,0.00010156354,7.324355e-05,9.605369e-05,0.00010217827
2017-12-15 16:00:00,0.00010943698,0.00017396039,0.00011260466,0.00026254877,0.00020216756,0.0001940248
2017-12-15 17:00:00,8.889926e-05,3.4944052e-05,9.105059e-05,0.00013008458,6.843334e-05,0.00012495568
2017-12-15 18:00:00,5.652702e-05,3.7294398e-05,5.1739724e-05,4.7644015e-05,4.548961e-05,0.00012218546
2017-12-15 19:00:00,9.776925e-05,0.000102346414,6.21897e-05,0.000114495364,0.00018318923,0.00015423333
2017-12-15 20:00:00,3.4579236e-05,3.5641027e-05,4.5234978e-05,0.00014036763,0.000119785305,0.00013970758
2017-12-15 21:00:00,4.5931953e-05,3.55343e-05,0.00011314066,0.00014942144,0.00013416949,0.000102506434
2017-12-17 22:00:00,8.1345366e-05,0.00012931526,0.000115185954,0.00024515166,0.00014232902,0.00014362512
2017-12-17 23:00:00,0.00012993354,9.8634504e-05,0.00016506638,0.00015844805,0.000125713,9.060999e-05
2017-12-18 00:00:00,3.1262025e-05,7.4436306e-05,4.8745682e-05,7.4274765e-05,4.7897258e-05,7.539263e-05
2017-12-18 01:00:00,9.545841e-05,5.2025604e-05,5.9269085e-05,7.3202034e-05,9.8643875e-05,0.00021092652
2017-12-18 02:00:00,4.445538e-05,3.9980354e-05,5.8944246e-05,7.7256125e-05,0.00017012934,0.00022544125
2017-12-18 03:00:00,5.301291e-05,2.497045e-05,5.705913e-05,0.00027339748,0.0002416061,0.000273218
2017-12-18 04:00:00,3.1295625e-05,5.533692e-05,0.00018974682,0.00029296748,0.00026254402,0.00014263285
2017-12-18 05:00:00,9.8325734e-05,0.00020834676,0.00019373705,0.00034214015,0.00015338638,0.00021914863
2017-12-18 06:00:00,0.00023363784,0.0002232226,0.00018687616,0.0001326936,0.00016311285,8.879335e-05
2017-12-18 07:00:00,7.199417e-05,7.447672e-05,7.7094024e-05,3.0215033e-05,0.00022316439,3.023473e-05
2017-12-18 08:00:00,3.632176e-05,8.643169e-05,6.363202e-05,0.00032684498,3.9263334e-05,3.2455777e-05
2017-12-18 09:00:00,0.00016411561,7.455098e-05,0.00033138512,4.6233108e-05,7.088799e-05,4.4763805e-05
2017-12-18 10:00:00,6.083165e-05,0.00018554262,7.409157e-05,9.984829e-05,0.00013874829,2.530099e-05
2017-12-18 11:00:00,0.0003333569,4.4995606e-05,5.684431e-05,0.0001262936,5.188869e-05,5.26633e-05
2017-12-18 12:00:00,0.00030590993,0.00025916245,0.0003998682,0.00024574986,0.00019337195,9.972626e-05
2017-12-18 13:00:00,2.6203747e-05,9.3355295e-05,4.8184083e-05,5.016165e-05,0.00013636313,0.00029451502
2017-12-18 14:00:00,0.0001262717,6.837667e-05,7.26785e-05,0.00014390673,0.00028433587,0.0003474433
2017-12-18 15:00:00,0.00016398367,0.00015466855,0.00020066115,0.0005164462,0.000536147,0.00038262937
2017-12-18 16:00:00,2.2312646e-05,9.10748e-05,0.00026898558,0.0004067054,0.0003044761,0.00018884974
2017-12-18 17:00:00,9.823113e-05,0.00030058788,0.000394354,0.0003136304,0.0002459371,0.0002622824
2017-12-18 18:00:00,0.00030204776,0.00023111184,0.00017794236,0.00018106149,0.00016540308,0.00017553095
2017-12-18 19:00:00,0.00014229519,4.428872e-05,8.0074235e-05,6.2933825e-05,5.8953545e-05,8.3960134e-05
2017-12-18 20:00:00,0.000115274765,0.00015058674,0.00013827092,7.474997e-05,3.6513742e-05,3.070927e-05
2017-12-18 21:00:00,6.85368e-05,5.8698315e-05,6.908516e-05,9.7087715e-05,7.248988e-05,3.270658e-05
2017-12-18 22:00:00,3.076757e-05,0.00012473906,6.313025e-05,0.000107496984,6.810483e-05,6.5268985e-05
2017-12-18 23:00:00,0.00010143976,0.000102392936,9.4984985e-05,6.977215e-05,3.7551075e-05,3.4355864e-05
2017-12-19 00:00:00,2.9867586e-05,3.40427e-05,5.161407e-05,6.8705966e-05,0.00010874405,2.8281444e-05
2017-12-19 01:00:00,2.726997e-05,6.0663802e-05,6.477548e-05,0.00014610388,3.7573354e-05,0.0002520933
2017-12-19 02:00:00,8.4138e-05,7.892159e-05,0.00011311917,5.635368e-05,0.00035477307,0.00023022263
2017-12-19 03:00:00,2.7044714e-05,7.563135e-05,3.9630482e-05,0.0003013784,0.00015146208,6.739544e-05
2017-12-19 04:00:00,7.88406e-05,4.304147e-05,0.00024156063,0.00018201735,4.4336535e-05,3.7990918e-05
2017-12-19 05:00:00,0.000100026875,0.0002567094,0.00012034557,4.4842003e-05,4.8783346e-05,4.35344e-05
2017-12-19 06:00:00,0.0003725588,0.00018540848,7.1385206e-05,8.046533e-05,5.588148e-05,0.0003233472
2017-12-19 07:00:00,0.00016140063,0.00025675676,0.00022861293,0.00022249666,0.00054780516,0.00080178014
2017-12-19 08:00:00,0.00016308611,0.00011023947,0.00011480616,0.0005474954,0.0005768576,0.000774073
2017-12-19 09:00:00,5.839109e-05,4.0596282e-05,0.00029889971,0.000575122,0.0006368756,0.0009043924
2017-12-19 10:00:00,2.7725295e-05,0.00044076308,0.00044929323,0.0007315597,0.00063342886,0.00083051197
2017-12-19 11:00:00,0.00047196337,0.00049276504,0.000608095,0.0009192844,0.0006265307,0.00050588726
2017-12-19 12:00:00,0.00018677027,0.0004848588,0.00029956969,0.00041638027,0.00027698633,0.00019844176
2017-12-19 13:00:00,0.0002341806,0.00026864142,0.00028786183,0.00021363731,6.4119566e-05,4.4306373e-05
2017-12-19 14:00:00,0.00011707789,7.3112154e-05,3.9382747e-05,0.00016744458,0.00018539805,0.00014299485
2017-12-19 15:00:00,2.5829358e-05,0.000117775904,0.0001746478,0.00031816188,0.00021365382,0.00015519797
2017-12-19 16:00:00,0.0001280938,0.00027463603,0.0002943009,0.00026830033,0.00019996746,0.00022605494
2017-12-19 17:00:00,0.00021830124,0.00024541077,9.736346e-05,0.000115678675,0.000191412,0.0002166347
2017-12-19 18:00:00,0.00011166914,2.3475077e-05,4.5629902e-05,7.062812e-05,0.00015466618,5.005321e-05
2017-12-19 19:00:00,0.00013487865,0.00016479014,5.2687352e-05,6.496401e-05,5.505105e-05,4.1997664e-05
2017-12-19 20:00:00,5.9105612e-05,4.0032362e-05,0.00010751087,6.659408e-05,0.00011767027,0.0002687892
2017-12-19 21:00:00,0.0001255101,0.00015739625,9.7902295e-05,0.00021472826,0.00029267042,0.00020107966
2017-12-19 22:00:00,0.00014035149,3.150193e-05,0.00010203069,0.00025318607,0.00016793785,0.00015829879
2017-12-19 23:00:00,0.00010763008,3.3420558e-05,0.00013681146,0.0001395052,8.118951e-05,9.5362826e-05
2017-12-20 00:00:00,0.000107084576,0.00020435479,0.00017377242,0.00022388836,0.00015481576,7.935303e-05
2017-12-20 01:00:00,0.00017876309,0.00010914533,7.1120754e-05,0.00012366618,0.00013501747,0.00010831728
2017-12-20 02:00:00,6.379147e-05,7.0765374e-05,5.5953973e-05,0.00040849895,0.00021218472,0.00016286857
2017-12-20 03:00:00,3.183791e-05,3.9356673e-05,0.00024653686,0.00024066979,0.000102682,4.9374474e-05
2017-12-20 04:00:00,3.9199716e-05,0.0002225106,0.00019067785,0.000100328594,4.5739456e-05,0.0002263065
2017-12-20 05:00:00,0.00039483097,0.00027133359,0.00010007991,7.695117e-05,0.00021337863,0.00021452238
2017-12-20 06:00:00,6.9967995e-05,0.00022118093,0.0001831618,3.6590023e-05,3.8534075e-05,0.00022024316
2017-12-20 07:00:00,0.00014477439,0.00017015162,4.740159e-05,4.2541287e-05,0.00021129717,0.00014205379
2017-12-20 08:00:00,5.6338125e-05,0.00016970948,0.0001226837,0.00013452758,5.326141e-05,0.00011760136
2017-12-20 09:00:00,0.00025410613,0.0001962079,0.00010626233,3.7559872e-05,0.000110243454,0.00013764456
2017-12-20 10:00:00,3.020884e-05,0.00023768478,0.0001874869,0.00035723526,0.0003155097,0.00022978765
2017-12-20 11:00:00,0.00036309753,0.00023267991,0.00030089,0.00033534857,0.00030704724,0.00041541978
2017-12-20 12:00:00,0.00013783683,2.4520632e-05,5.7176654e-05,9.794839e-05,0.00013486111,0.0008096439
2017-12-20 13:00:00,0.00014825606,0.00010399158,0.00017728597,0.00032877273,0.0009317072,0.0010376188
2017-12-20 14:00:00,6.48802e-05,6.9280504e-05,0.00018480528,0.0010131657,0.00093069545,0.0006540299
2017-12-20 15:00:00,5.739779e-05,0.00017137882,0.0007468737,0.0013242963,0.0007049452,0.00071969547
2017-12-20 16:00:00,0.00015937886,0.0010652896,0.0009813276,0.0012517944,0.00065427227,0.0010757726
2017-12-20 17:00:00,0.001046284,0.000887274,0.0006391162,0.0009781626,0.0009346126,0.001129013
2017-12-20 18:00:00,7.818864e-05,7.426043e-05,7.067366e-05,0.00030137488,0.00029043492,0.0003186236
2017-12-20 19:00:00,4.884453e-05,2.9507197e-05,0.00018725348,0.0002036,0.00021875756,0.00011303994
2017-12-20 20:00:00,4.7001675e-05,0.00020039146,0.00026702683,0.0002848361,0.00011856952,0.00017133048
2017-12-20 21:00:00,0.00023609448,0.00017998078,0.0002934832,0.00012647775,0.00014061034,8.486528e-05
2017-12-20 22:00:00,7.9158024e-05,6.826132e-05,6.549571e-05,3.8133705e-05,6.9079295e-05,0.00016789985
2017-12-20 23:00:00,4.794225e-05,0.00011601388,5.1594292e-05,0.000116513,0.00019793533,0.00019827198
2017-12-21 00:00:00,0.00022766208,8.503783e-05,0.00015292192,0.0002351651,0.0002141721,0.00040248747
2017-12-21 01:00:00,8.653499e-05,2.150656e-05,0.00010258948,0.00012562479,0.0002495016,8.9837566e-05
2017-12-21 02:00:00,9.1994036e-05,0.00013007161,0.0001790897,0.00026025728,0.00010238166,0.00022527354
2017-12-21 03:00:00,9.1081805e-05,0.00015946636,0.00020525661,9.0232454e-05,0.00021046936,3.989813e-05
2017-12-21 04:00:00,7.873975e-05,0.00014195593,5.1633513e-05,0.00015232134,9.157565e-05,4.239345e-05
2017-12-21 05:00:00,0.000121729965,4.8407248e-05,8.821612e-05,0.00022107486,4.1285693e-05,0.000115680785
2017-12-21 06:00:00,0.0001561526,3.497801e-05,0.0002658755,0.00014536634,0.00017637337,4.4973774e-05
2017-12-21 07:00:00,0.00017881539,0.00014772522,4.7878442e-05,8.133249e-05,7.822441e-05,0.0002814578
2017-12-21 08:00:00,0.00035421987,8.68253e-05,0.000149433,4.1717096e-05,0.00020404572,0.0005390369
2017-12-21 09:00:00,0.00019763244,4.3434684e-05,0.0001967325,0.0004888468,0.00077113725,0.0006040348
2017-12-21 10:00:00,0.00015304115,6.527808e-05,0.000339018,0.00080949225,0.00051020656,0.0004213415
2017-12-21 11:00:00,0.00020461906,0.0004527178,0.0008358797,0.0010566806,0.0006904267,0.00044613122
2017-12-21 12:00:00,0.00035645632,0.00060500205,0.0006533457,0.0005201072,0.00032409746,0.0002817638
2017-12-21 13:00:00,0.0005359289,0.00047198913,0.0002306162,9.109969e-05,0.00012658449,0.00019772488
2017-12-21 14:00:00,3.4140325e-05,0.00014801355,0.00023100144,0.00028031177,0.0001384724,5.1139596e-05
2017-12-21 15:00:00,0.00020973096,0.0003702595,0.00020638881,0.00015804576,3.5984198e-05,0.00017970515
2017-12-21 16:00:00,0.0001996931,7.9056874e-05,6.100433e-05,0.00019620913,0.00037828425,0.00017428497
2017-12-21 17:00:00,0.0001180422,0.00017435216,0.0003009808,0.0005515855,0.00030647218,0.00018192273
2017-12-21 18:00:00,7.134197e-05,0.0002832977,0.00038387137,0.0002451676,7.052127e-05,8.7332926e-05
2017-12-21 19:00:00,0.00023034564,0.00038824315,0.00020102887,5.879227e-05,6.398625e-05,4.9396276e-05
2017-12-21 20:00:00,0.00022885128,3.9465165e-05,0.00014353542,0.00015556894,0.00010837742,8.530757e-05
2017-12-21 21:00:00,0.0001760656,0.00037684865,0.00025652946,0.0003421038,0.00029558528,0.00032668843
2017-12-21 22:00:00,0.00023497092,0.00016181055,0.00021252119,0.00016791937,0.00013926633,0.00013277287
2017-12-21 23:00:00,5.0128874e-05,2.535691e-05,4.7975762e-05,4.2656575e-05,4.166726e-05,2.8490847e-05
2017-12-22 00:00:00,3.3612137e-05,5.6028497e-05,5.328892e-05,2.7438387e-05,3.80517e-05,0.00010938369
2017-12-22 01:00:00,7.948002e-05,3.8212853e-05,5.028486e-05,3.275755e-05,9.950314e-05,4.7499245e-05
2017-12-22 02:00:00,5.8186415e-05,4.0837254e-05,6.319464e-05,0.00019243894,4.493756e-05,0.00022243368
2017-12-22 03:00:00,3.7356593e-05,4.3506516e-05,0.00012464939,3.401082e-05,0.00014896976,0.00029683285
2017-12-22 04:00:00,2.9359962e-05,0.0001181393,4.1023897e-05,0.00023965485,0.0003028828,0.0002155501
2017-12-22 05:00:00,0.00014756477,2.9724155e-05,0.00016720218,0.00042048484,0.00016038411,0.0002706066
2017-12-22 06:00:00,0.00020516546,8.984213e-05,0.00020214914,0.00013563473,0.00012444892,0.00010319224
2017-12-22 07:00:00,0.00032489633,0.00035831388,0.000163014,0.00034305739,0.00022184392,9.697343e-05
2017-12-22 08:00:00,0.00017341156,4.581347e-05,7.237756e-05,5.180079e-05,0.00033420676,0.00039929297
2017-12-22 09:00:00,0.00014777876,6.1598075e-05,8.843564e-05,0.00042671573,0.0007155585,0.00036419646
2017-12-22 10:00:00,6.5739005e-05,2.7388765e-05,0.00028580253,0.00056740385,0.00034388914,0.00062818837
2017-12-22 11:00:00,4.2943862e-05,0.00034889483,0.0005972005,0.0004262363,0.000448878,0.00062250317
2017-12-22 12:00:00,0.00045877518,0.00051881257,0.00034701073,0.0006076803,0.0006134135,0.0004436155
2017-12-22 13:00:00,0.00028998856,2.8976254e-05,0.0001705874,0.00041795443,0.0003035891,0.00028759585
2017-12-22 14:00:00,0.00027066734,3.9526843e-05,0.00017494055,0.00011438131,0.00014851593,0.00022526293
2017-12-22 15:00:00,0.00023085818,0.00045613607,0.00023921164,0.00037346335,0.00046246673,0.00040927538
2017-12-22 16:00:00,0.00024161494,0.00011625501,0.00016673008,0.0003266944,0.00022909387,0.00028679048
2017-12-22 17:00:00,5.0292583e-05,3.187377e-05,8.504576e-05,0.000191628,0.00013385371,7.10991e-05
2017-12-22 18:00:00,8.168512e-05,0.00014396022,0.00017044481,0.00024136656,0.00011683253,3.360514e-05
2017-12-22 19:00:00,0.00012320252,9.929075e-05,0.00014681288,9.8827484e-05,5.9750426e-05,3.977428e-05
2017-12-22 20:00:00,8.452594e-05,0.000108533866,3.8835216e-05,0.00016797738,0.00013380563,0.00020086856
2017-12-22 21:00:00,5.346657e-05,6.8580266e-05,0.00020578975,0.0002226533,0.00023749261,0.00020129354
2017-12-26 00:00:00,0.0001818769,0.00024435527,0.00018026849,0.00038699745,0.00022181659,0.00020248373
2017-12-26 01:00:00,0.00013595176,0.0001234313,0.00023683315,0.0001605527,0.00017233258,0.00024303603
2017-12-26 02:00:00,3.2034375e-05,0.00011335799,5.6991565e-05,7.16215e-05,0.00011397958,0.0003582521
2017-12-26 03:00:00,0.0001505995,6.1702915e-05,8.2096354e-05,0.00022003648,0.0003677461,0.00041327297
2017-12-26 04:00:00,9.174562e-05,6.564671e-05,6.655847e-05,0.000311993,0.00034255668,0.00032550606
2017-12-26 05:00:00,3.4916284e-05,0.00010759137,0.00028090682,0.00048369606,0.00036355414,0.0004935934
2017-12-26 06:00:00,0.00015351124,0.00026976204,0.00036888168,0.00051276974,0.000558403,0.0004535989
2017-12-26 07:00:00,0.00023356023,0.00028295757,0.00021887387,0.0004638966,0.00032580324,0.00039493322
2017-12-26 08:00:00,0.0001555964,0.00016239136,0.00022053075,0.00024260048,0.00019531419,0.00013890996
2017-12-26 09:00:00,3.321075e-05,0.000112629285,7.996252e-05,0.00015821739,5.0975523e-05,0.0002600306
2017-12-26 10:00:00,0.0001376113,7.8617806e-05,8.551718e-05,0.00010097943,0.00030033546,0.00025624986
2017-12-26 11:00:00,4.4338594e-05,2.6580316e-05,5.274313e-05,0.00021950001,0.00018213979,0.00010721657
2017-12-26 12:00:00,5.456012e-05,2.6454272e-05,0.00020128785,0.00033954653,0.00013902188,4.258687e-05
2017-12-26 13:00:00,6.392449e-05,0.0001766543,0.00026016345,0.00017379248,6.894809e-05,4.1021194e-05
2017-12-26 14:00:00,0.0002558433,0.00028269144,0.00021282242,6.872351e-05,3.5722816e-05,0.00014760827
2017-12-26 15:00:00,7.876309e-05,4.3632477e-05,0.0003040224,0.00021975017,0.00031045504,0.00040085494
2017-12-26 16:00:00,0.00016057817,0.0003357926,0.00025915005,0.00054241874,0.00040889066,0.00045692094
2017-12-26 17:00:00,0.00032519593,0.0002076626,0.00026807134,0.00040320682,0.00039271917,0.00019348979
2017-12-26 18:00:00,6.5720036e-05,0.000103898776,0.00014551291,0.00015663782,0.00010075056,9.3616356e-05
2017-12-26 19:00:00,0.0002064859,0.00020581507,0.00020855357,0.00015873472,0.00011703694,0.00015636075
2017-12-26 20:00:00,4.8167374e-05,6.170227e-05,4.4760916e-05,3.1884007e-05,3.5562476e-05,4.7705646e-05
2017-12-26 21:00:00,4.509163e-05,3.455417e-05,5.6043682e-05,5.2330895e-05,3.5019806e-05,8.631374e-05
2017-12-26 22:00:00,6.86583e-05,6.674467e-05,6.0656897e-05,5.1475425e-05,7.940644e-05,0.000106794345
2017-12-26 23:00:00,3.327819e-05,2.413148e-05,4.832405e-05,0.00010317676,9.067542e-05,0.00014106624
2017-12-27 00:00:00,3.5964247e-05,3.6048412e-05,5.4395445e-05,7.8517485e-05,0.00010925693,0.000115128656
2017-12-27 01:00:00,3.803883e-05,5.560488e-05,8.482697e-05,0.00017387573,9.7814045e-05,0.00012293893
2017-12-27 02:00:00,8.173775e-05,0.000107183645,0.00015785512,0.00018540933,0.00015002035,0.0002583489
2017-12-27 03:00:00,3.528796e-05,7.54598e-05,8.866844e-05,0.000112833506,0.00029581683,0.00022355217
2017-12-27 04:00:00,9.5424475e-05,6.25248e-05,8.062425e-05,0.00027384065,0.0002167027,0.00025808482
2017-12-27 05:00:00,2.533982e-05,4.7386337e-05,0.00023297833,0.00017761685,0.00019654814,0.00019537596
2017-12-27 06:00:00,3.552999e-05,0.00018073515,0.000135003,0.00020925926,0.00022654345,0.00018459777
2017-12-27 07:00:00,0.00020502483,0.0001504099,0.0001987263,0.00020188789,0.00021485082,0.0004523855
2017-12-27 08:00:00,4.2684052e-05,2.9625666e-05,5.2363826e-05,7.2872375e-05,0.00038148262,0.00032984797
2017-12-27 09:00:00,4.6828125e-05,4.5669567e-05,5.9110498e-05,0.00040633412,0.0002353769,5.8412134e-05
2017-12-27 10:00:00,4.4634908e-05,6.3116204e-05,0.0002681445,0.0003424628,4.6396075e-05,4.418977e-05
2017-12-27 11:00:00,3.923618e-05,0.00027493582,0.0002561251,3.392981e-05,3.0044775e-05,0.00012904794
2017-12-27 12:00:00,0.00037381882,0.00027178705,5.803596e-05,3.6112844e-05,0.00016935621,0.00021116047
2017-12-27 13:00:00,4.8210222e-05,0.0002806352,0.00028121553,0.000112573056,4.0501436e-05,0.00026552044
2017-12-27 14:00:00,0.00035362225,0.00025279057,8.869198e-05,5.6231256e-05,0.0002420698,0.0002653706
2017-12-27 15:00:00,3.0640058e-05,0.00016371951,0.0003050078,0.0006662041,0.00054884295,0.00044779928
2017-12-27 16:00:00,0.00023246497,0.00032106938,0.00049234444,0.0006619277,0.00039815754,0.00038353086
2017-12-27 17:00:00,0.00014675125,0.00039240322,0.00036363368,0.00035876242,0.00023844786,0.00027323086
2017-12-27 18:00:00,0.0003674384,0.00029719254,0.00016611168,0.00019927822,0.00019169743,0.0001075259
2017-12-27 19:00:00,4.515942e-05,6.239193e-05,9.842207e-05,5.0385523e-05,0.00012236123,3.282042e-05
2017-12-27 20:00:00,0.000109304,0.00012223866,5.1338306e-05,0.00013532068,4.2172902e-05,4.3673812e-05
2017-12-27 21:00:00,4.5670036e-05,4.267621e-05,5.9691512e-05,4.6867837e-05,4.381041e-05,5.3690997e-05
2017-12-27 22:00:00,9.005818e-05,5.056485e-05,7.1442184e-05,9.2870716e-05,6.902385e-05,0.00010275308
2017-12-27 23:00:00,0.00011299875,4.8159392e-05,3.2060325e-05,3.0324503e-05,7.9552425e-05,2.4935975e-05
2017-12-28 00:00:00,0.0001565113,0.00011493627,8.378586e-05,0.0001810622,6.943123e-05,9.21582e-05
2017-12-28 01:00:00,4.4308028e-05,2.4400206e-05,5.8187157e-05,4.1572563e-05,4.9349565e-05,0.00018163233
2017-12-28 02:00:00,3.694285e-05,6.851127e-05,4.6700574e-05,8.5928456e-05,0.00020444114,3.2251206e-05
2017-12-28 03:00:00,8.084928e-05,3.5712277e-05,5.040693e-05,0.00018860887,3.72638e-05,5.7488e-05
2017-12-28 04:00:00,0.00011738089,2.5197483e-05,0.00022251686,8.06025e-05,4.0251667e-05,9.825468e-05
2017-12-28 05:00:00,8.301292e-05,0.00020198822,4.965439e-05,0.00012794428,5.925537e-05,5.0371684e-05
2017-12-28 06:00:00,0.0003179774,6.2351704e-05,5.8316473e-05,0.00015333884,2.3803153e-05,0.00013954559
2017-12-28 07:00:00,0.000216089,0.0002601333,0.00013406119,0.00028120584,0.00010343906,0.00016822145
2017-12-28 08:00:00,0.000117785836,6.2277315e-05,5.2924275e-05,7.7429875e-05,3.225595e-05,4.4140434e-05
2017-12-28 09:00:00,0.00020579156,4.8029768e-05,0.00014098856,9.073707e-05,7.3397685e-05,0.00018554193
2017-12-28 10:00:00,0.00013060217,2.7066608e-05,7.572194e-05,0.00011644434,0.00027710726,0.0007337023
2017-12-28 11:00:00,0.00012111165,4.8020855e-05,5.0897357e-05,0.00026739345,0.00052829453,0.0003470201
2017-12-28 12:00:00,0.000105234736,0.00010282466,0.00035613962,0.0007866372,0.0005359087,0.00046897147
2017-12-28 13:00:00,5.682077e-05,0.000264093,0.0005722399,0.0007136486,0.00038281863,0.0006333795
2017-12-28 14:00:00,0.00034095743,0.00061858894,0.0003825614,0.0006065036,0.00048127474,0.0005723811
2017-12-28 15:00:00,0.0005190715,0.00039156983,0.00032765753,0.00038701118,0.00029587335,0.00025176574
2017-12-28 16:00:00,5.519769e-05,0.00011092399,4.8722428e-05,8.589977e-05,5.0035796e-05,0.00020191127
2017-12-28 17:00:00,9.278063e-05,2.5988815e-05,6.7791254e-05,4.037162e-05,0.00016581042,0.00015176358
2017-12-28 18:00:00,8.291115e-05,4.035039e-05,6.123354e-05,0.00011784033,5.7104317e-05,3.1963926e-05
2017-12-28 19:00:00,6.5294735e-05,4.4901833e-05,0.00015951273,0.00013137696,5.1581108e-05,8.2615945e-05
2017-12-28 20:00:00,4.769515e-05,0.00015074066,6.371894e-05,3.8168007e-05,6.0057526e-05,0.00011331818
2017-12-28 21:00:00,0.00020001864,8.7884066e-05,4.1688083e-05,6.361949e-05,7.3755924e-05,7.9563135e-05
2017-12-28 22:00:00,7.661709e-05,0.0001493005,7.2261384e-05,4.156931e-05,7.079623e-05,5.0826035e-05
2017-12-28 23:00:00,0.00012768607,4.9228962e-05,4.758283e-05,4.9770642e-05,9.501386e-05,6.521778e-05
2017-12-29 00:00:00,5.9043443e-05,0.00012485677,6.7620174e-05,0.00021936142,0.00012731634,0.00012828373
2017-12-29 01:00:00,8.375556e-05,2.7718936e-05,9.826997e-05,0.00012192327,0.000112668495,8.9994566e-05
2017-12-29 02:00:00,6.1205974e-05,0.000109085,6.0403876e-05,5.199626e-05,4.5747238e-05,2.9221941e-05
2017-12-29 03:00:00,0.00018748769,8.5398606e-05,0.000107640575,8.157643e-05,5.527585e-05,7.339041e-05
2017-12-29 04:00:00,4.586892e-05,3.719148e-05,6.606258e-05,0.00013650932,0.00014557021,0.00026306705
2017-12-29 05:00:00,3.421125e-05,4.933585e-05,7.122312e-05,0.00022223183,0.0001698489,4.790477e-05
2017-12-29 06:00:00,5.6494835e-05,7.427958e-05,0.00019796658,0.00023158881,5.295552e-05,2.803976e-05
2017-12-29 07:00:00,7.432423e-05,0.00016330172,0.00016089488,3.217692e-05,6.8189016e-05,0.00010305433
2017-12-29 08:00:00,0.00012975273,0.00013429999,5.636213e-05,8.284639e-05,0.00010198609,0.00021428711
2017-12-29 09:00:00,4.5858957e-05,0.00013895433,0.00017978875,0.00027345217,0.0002564796,0.00019082459
2017-12-29 10:00:00,0.00022108428,0.00029032276,0.00025934586,0.00035970323,0.00024830987,0.00028870773
2017-12-29 11:00:00,0.00010062223,9.581604e-05,0.00016487204,0.00011651049,0.000100405334,2.6338335e-05
2017-12-29 12:00:00,7.027286e-05,9.4240095e-05,4.7805977e-05,0.000112675436,8.660161e-05,2.4462735e-05
2017-12-29 13:00:00,0.0001078708,3.0659998e-05,4.4446595e-05,0.00010858168,6.8286165e-05,7.0089474e-05
2017-12-29 14:00:00,0.00011952886,3.2921846e-05,0.00021642479,0.00017412553,0.00012876857,0.00014479132
2017-12-29 15:00:00,7.3871735e-05,9.327229e-05,6.740064e-05,6.195681e-05,8.520052e-05,0.00018885917
2017-12-29 16:00:00,0.00030304168,9.763641e-05,0.000102576756,0.0002130252,0.0002323789,0.00018089583
2017-12-29 17:00:00,8.531523e-05,8.613694e-05,3.3176857e-05,0.00011374403,3.6083893e-05,9.091389e-05
2017-12-29 18:00:00,3.8958067e-05,6.751643e-05,0.00012320187,7.1496164e-05,5.5752094e-05,0.00019275634
2017-12-29 19:00:00,0.00010770653,0.00014431699,9.300822e-05,2.8033577e-05,0.00017562839,0.00037627356
2017-12-29 20:00:00,9.86287e-05,3.0910538e-05,8.10994e-05,0.00034694778,0.00042915752,0.0003546385
2017-12-29 21:00:00,0.00013017702,0.0002025482,0.00041594217,0.00054844085,0.00037924023,0.00044828458
2018-01-02 00:00:00,0.000113738075,0.00025291246,0.00038300038,0.000550295,0.00025698723,0.00025942744
2018-01-02 01:00:00,0.00027978423,0.00031353682,0.00029486188,0.00030738904,0.00020608517,0.00024144788
2018-01-02 02:00:00,0.00017904626,0.00013365573,3.4661392e-05,7.53562e-05,6.907807e-05,4.855251e-05
2018-01-02 03:00:00,2.8773855e-05,8.8852736e-05,7.834354e-05,8.93034e-05,8.041141e-05,0.00015610273
2018-01-02 04:00:00,0.00013539699,6.645066e-05,7.501149e-05,9.090198e-05,0.00019962326,0.000117366806
2018-01-02 05:00:00,4.6432317e-05,3.9358125e-05,4.7313686e-05,8.786808e-05,4.3100394e-05,7.5216994e-05
2018-01-02 06:00:00,4.619667e-05,3.2319476e-05,0.00014604504,7.714357e-05,8.119723e-05,3.327538e-05
2018-01-02 07:00:00,4.3018055e-05,0.000104159306,7.988901e-05,0.00010521224,2.7714132e-05,2.7848693e-05
2018-01-02 08:00:00,0.00012764928,4.7311292e-05,7.759489e-05,4.07176e-05,5.7595727e-05,2.9388671e-05
2018-01-02 09:00:00,0.000103960454,4.5645942e-05,0.00013440299,0.00016458772,6.352477e-05,8.414529e-05
2018-01-02 10:00:00,6.4839485e-05,5.8838978e-05,8.508641e-05,3.711697e-05,6.1677274e-05,3.5363082e-05
2018-01-02 11:00:00,0.00012500458,8.283983e-05,5.154467e-05,0.000102990954,3.4465327e-05,6.9285576e-05
2018-01-02 12:00:00,4.5186665e-05,6.0954975e-05,3.54446e-05,0.00012730798,3.284335e-05,0.00014196264
2018-01-02 13:00:00,6.5786786e-05,3.9122744e-05,0.00010690863,6.171882e-05,0.00017754201,0.00012532581
2018-01-02 14:00:00,6.528624e-05,7.422897e-05,3.6578196e-05,0.00028820612,0.00018219015,3.23072e-05
2018-01-02 15:00:00,0.00013022391,3.2929976e-05,0.0001457963,0.00014495949,6.983174e-05,4.243991e-05
2018-01-02 16:00:00,0.00010189243,0.00035572393,0.0002002904,4.6706286e-05,6.302499e-05,6.64425e-05
2018-01-02 17:00:00,0.0003246737,0.00014498766,6.42879e-05,4.0828963e-05,4.2952903e-05,8.7858316e-05
2018-01-02 18:00:00,9.40425e-05,0.0002796209,0.0002166687,0.00025667777,0.00032108644,0.0003012612
2018-01-02 19:00:00,0.0003426835,0.00019614444,0.00018633239,0.00034197822,0.00027431338,0.00041441823
2018-01-02 20:00:00,4.694236e-05,6.5828e-05,5.5576937e-05,0.00011590077,0.00021398015,0.0001368063
2018-01-02 21:00:00,3.2751665e-05,0.00010148481,0.0001250164,0.00030039283,0.00020428411,0.00030097782
2018-01-02 22:00:00,0.00014711749,0.00014671289,0.0002658435,0.00027526967,0.00025996688,0.00014857302
2018-01-02 23:00:00,5.622766e-05,0.00017431747,9.44778e-05,0.00021833167,0.00018420798,0.00012450726
2018-01-03 00:00:00,0.00021744984,0.000108102744,0.00017037013,0.00019451989,0.00015487704,0.00014203966
2018-01-03 01:00:00,5.2695825e-05,8.211506e-05,6.740037e-05,3.5175955e-05,2.8319386e-05,2.5625746e-05
2018-01-03 02:00:00,0.0001496281,8.652153e-05,6.477133e-05,8.6790475e-05,4.581141e-05,7.555973e-05
2018-01-03 03:00:00,3.8043996e-05,3.3750883e-05,4.2597545e-05,7.117425e-05,4.337079e-05,3.597011e-05
2018-01-03 04:00:00,4.9098708e-05,3.8368198e-05,6.0082093e-05,3.9326223e-05,4.195063e-05,0.00014944043
2018-01-03 05:00:00,3.0916828e-05,3.86381e-05,6.0339742e-05,4.78025e-05,0.00011095432,0.00015025021
2018-01-03 06:00:00,6.365747e-05,3.167703e-05,4.309803e-05,0.000142089,0.00013014396,0.00026619228
2018-01-03 07:00:00,9.771854e-05,3.296098e-05,0.00013153604,0.000104922656,0.0002474097,0.00025930305
2018-01-03 08:00:00,6.632884e-05,0.0001672594,0.00019932303,0.00033864245,0.00036461462,0.00026513278
2018-01-03 09:00:00,0.00020313972,0.0001315327,0.00027977073,0.0003374846,0.0001772679,0.00014015468
2018-01-03 10:00:00,2.6652026e-05,0.00013864269,0.00021616937,9.598189e-05,0.00025066867,5.5924505e-05
2018-01-03 11:00:00,0.00014635756,0.0002689859,8.498414e-05,0.00035211636,7.1889655e-05,7.643783e-05
2018-01-03 12:00:00,9.8881304e-05,8.342671e-05,0.00037565854,0.00019562036,0.00016056749,0.00023988607
2018-01-03 13:00:00,0.00016891283,0.0005417182,0.00032900658,0.00035023046,0.00028802242,0.00030190832
2018-01-03 14:00:00,0.0004984488,0.00017582017,0.00016721778,0.00024979247,0.00020379756,8.003506e-05
2018-01-03 15:00:00,0.0002508896,0.00017795246,9.628347e-05,0.00011254066,0.00019851502,0.00022736385
2018-01-03 16:00:00,5.4927914e-05,0.000104531544,6.526993e-05,4.6597375e-05,4.8046993e-05,0.0001208491
2018-01-03 17:00:00,8.99957e-05,5.889213e-05,6.219435e-05,8.2872706e-05,0.00016908691,0.00011217118
2018-01-03 18:00:00,3.0532497e-05,0.00014369884,0.00010454975,0.00026137667,0.00014108181,0.00023636199
2018-01-03 19:00:00,0.00012774738,0.00013847946,0.0002093941,0.0002033393,0.0002072024,8.1410595e-05
2018-01-03 20:00:00,2.272432e-05,0.0001302957,8.76219e-05,0.00010773414,3.2979304e-05,5.294904e-05
2018-01-03 21:00:00,0.00015008314,5.020705e-05,9.2113034e-05,4.3802396e-05,4.7342888e-05,3.1128493e-05
2018-01-03 22:00:00,5.8493406e-05,3.124376e-05,0.00010581354,6.989703e-05,0.00010237255,9.4182025e-05
2018-01-03 23:00:00,5.3237585e-05,6.213243e-05,4.07375e-05,0.00012321722,6.9848014e-05,0.00019769072
2018-01-04 00:00:00,0.000115577335,8.0862956e-05,0.00011632079,0.00016260133,0.00015922762,0.00031507114
2018-01-04 01:00:00,5.503619e-05,3.3939537e-05,4.5742116e-05,0.00025102682,0.00023296768,0.00018868451
2018-01-04 02:00:00,6.7211695e-05,6.2714804e-05,0.00015622746,0.00025254142,0.00022859222,0.0001052573
2018-01-04 03:00:00,2.2555798e-05,0.00015740056,0.00023604007,0.0002733948,5.5126613e-05,7.5954835e-05
2018-01-04 04:00:00,0.00025582372,0.00023021574,0.00019387699,8.123095e-05,8.93433e-05,0.00024120352
2018-01-04 05:00:00,7.187615e-05,6.797451e-05,0.00012405765,8.766584e-05,0.00017371497,0.00021320273
2018-01-04 06:00:00,2.6016784e-05,0.00017393392,0.000113077855,0.00018163215,0.00018260335,0.00015615956
2018-01-04 07:00:00,0.0002248559,0.000119620796,0.00013091999,0.00023472188,0.00019872091,0.00022730256
2018-01-04 08:00:00,7.394909e-05,0.00027711855,0.00042730066,0.00048232923,0.00031984109,0.0004425455
2018-01-04 09:00:00,0.00038950954,0.00048120547,0.00029113973,0.00043688223,0.00043269477,0.00040601793
2018-01-04 10:00:00,9.402008e-05,7.481873e-05,7.3223106e-05,0.00023614902,0.00031002174,8.4372965e-05
2018-01-04 11:00:00,2.8541464e-05,2.6136639e-05,0.00012792286,0.00018486616,3.044279e-05,0.00013867563
2018-01-04 12:00:00,2.2695958e-05,0.00018595271,0.00021382117,4.433351e-05,0.00010964695,7.2847724e-05
2018-01-04 13:00:00,0.0001975996,0.00016070342,4.0210696e-05,0.00012088767,8.521448e-05,8.220816e-05
2018-01-04 14:00:00,0.00010917392,0.00012729336,3.3457094e-05,4.9607894e-05,6.227622e-05,6.8113564e-05
2018-01-04 15:00:00,0.00022738751,6.661335e-05,7.7482226e-05,0.00013570838,0.00014035641,0.0001365955
2018-01-04 16:00:00,0.00015198601,8.238609e-05,7.3875366e-05,6.801306e-05,2.9064e-05,0.00011345117
2018-01-04 17:00:00,6.9561815e-05,6.414301e-05,6.553347e-05,0.00010262321,0.0002496392,4.3249725e-05
2018-01-04 18:00:00,3.499673e-05,3.628765e-05,8.3030776e-05,0.00020470614,3.779161e-05,3.1926545e-05
2018-01-04 19:00:00,3.6044377e-05,7.7124256e-05,0.00018978042,5.2845724e-05,3.0208892e-05,7.038554e-05
2018-01-04 20:00:00,5.9892565e-05,0.00013049711,5.54893e-05,8.431289e-05,6.361494e-05,8.2739614e-05
2018-01-04 21:00:00,0.0001877171,9.325979e-05,0.000107529246,0.0001723738,0.00012625496,0.00016680708
2018-01-04 22:00:00,0.00021945078,0.00023974758,0.00021708981,0.00035290924,0.00029475667,0.00030703226
2018-01-04 23:00:00,5.1579336e-05,7.9525475e-05,0.00011720826,0.00020726747,0.00012906855,0.00022990478
2018-01-05 00:00:00,8.3598134e-05,7.822622e-05,0.00012898662,0.00019205533,0.00026598148,0.00039313277
2018-01-05 01:00:00,3.800928e-05,0.000116533956,0.000101744314,0.0001837501,0.00037726524,0.00043812726
2018-01-05 02:00:00,0.00010371838,8.639665e-05,0.00019668211,0.00052042055,0.0003162726,0.0003491216
2018-01-05 03:00:00,3.6379126e-05,0.00013307977,0.00030978728,0.00038863742,0.00048234162,0.0003441172
2018-01-05 04:00:00,0.00014145183,0.00035977317,0.00035078058,0.00058136234,0.00048251962,0.00030686895
2018-01-05 05:00:00,0.0003557803,0.00023872894,0.00027036772,0.00039498686,0.0001957399,0.00018582713
2018-01-05 06:00:00,2.4571009e-05,0.0001312151,7.1594695e-05,3.797956e-05,4.0758598e-05,5.3799657e-05
2018-01-05 07:00:00,0.00016825215,9.4806805e-05,3.3448e-05,3.7482496e-05,5.8632195e-05,0.00013417071
2018-01-05 08:00:00,7.776428e-05,0.00011954096,0.00014643719,5.5180233e-05,3.8984734e-05,9.3137e-05
2018-01-05 09:00:00,0.00010420953,7.259509e-05,5.7540186e-05,8.322737e-05,0.00012918051,0.00010847992
2018-01-05 10:00:00,2.914776e-05,0.000108812426,0.00013235897,0.00029695834,0.00021159386,7.576306e-05
2018-01-05 11:00:00,9.725254e-05,0.00020817172,0.00021731581,0.00022146442,8.038429e-05,0.0001907833
2018-01-05 12:00:00,7.702268e-05,0.00019605189,0.0001596774,3.3930475e-05,0.00015210312,0.00018842384
2018-01-05 13:00:00,0.00013155052,9.258612e-05,7.83057e-05,0.00023286506,0.00016264347,0.00018629979
2018-01-05 14:00:00,3.456261e-05,0.00017444263,8.266316e-05,0.00013636677,0.00014364194,8.90564e-05
2018-01-05 15:00:00,0.0002174269,8.1711136e-05,9.609183e-05,0.00020569026,0.000101320715,9.935193e-05
2018-01-05 16:00:00,0.00029004933,0.00027008107,0.0003025785,0.00026474407,6.880616e-05,5.751882e-05
2018-01-05 17:00:00,2.7457769e-05,0.00011364666,4.9220722e-05,0.00016425576,0.00015086174,0.00021158168
2018-01-05 18:00:00,0.000104972096,3.369307e-05,0.00013912423,0.00021106856,0.00022816534,0.00020632506
2018-01-05 19:00:00,0.000115377385,0.00022954984,0.00021435303,0.00036208014,0.00024407913,0.00024743757
2018-01-05 20:00:00,0.0002334217,0.00020162694,0.00023221501,0.00025675676,0.00011943274,0.00019002338
2018-01-05 21:00:00,3.406025e-05,5.7790054e-05,4.155644e-05,9.082686e-05,3.188049e-05,8.7713306e-05
2018-01-07 22:00:00,7.089079e-05,5.3901804e-05,5.661707e-05,4.1147083e-05,0.0001050914,2.4735662e-05
2018-01-07 23:00:00,5.620299e-05,0.00010573902,8.4986714e-05,0.00018704658,5.8110265e-05,8.212258e-05
2018-01-08 00:00:00,0.00012876057,6.2575244e-05,0.0001299493,6.4732114e-05,7.4410666e-05,0.00010128552
2018-01-08 01:00:00,6.763223e-05,7.301654e-05,4.556635e-05,3.5938192e-05,6.65936e-05,0.0001391286
2018-01-08 02:00:00,0.00012064572,2.8668632e-05,6.5842265e-05,0.00014017007,0.00016927577,0.00012510995
2018-01-08 03:00:00,0.00011005638,5.4680215e-05,6.0697726e-05,0.0001406716,6.867569e-05,0.00035845174
2018-01-08 04:00:00,6.2753556e-05,0.000113856266,0.0002543761,0.00018284858,0.0003036667,0.00048362487
2018-01-08 05:00:00,7.188935e-05,0.00018575738,9.947654e-05,0.00038207832,0.00047163854,0.00035439682
2018-01-08 06:00:00,0.00016396015,5.898011e-05,0.00027168135,0.00057633914,0.00053855823,0.000544998
2018-01-08 07:00:00,8.361936e-05,0.00022852232,0.00038786916,0.00046027976,0.00047182015,0.00058652123
2018-01-08 08:00:00,0.0002521186,0.00042316536,0.00042991704,0.00059155613,0.00071047834,0.00044723056
2018-01-08 09:00:00,0.0002660301,0.00020945344,0.00030798075,0.00054810714,0.00024850716,0.00032832444
2018-01-08 10:00:00,3.802528e-05,9.963225e-05,0.00023026502,0.00013147741,0.00015372013,0.00043931065
2018-01-08 11:00:00,0.00014203202,0.00025049853,9.033367e-05,0.0002148682,0.00045068772,0.00052547856
2018-01-08 12:00:00,0.00015373198,2.7189531e-05,6.933659e-05,0.0003024498,0.0005716801,0.0004646751
2018-01-08 13:00:00,0.00014696966,4.9365975e-05,0.00025326337,0.00050367124,0.0003594235,0.00022962829
2018-01-08 14:00:00,0.00012843516,0.00036637048,0.00044117394,0.0006115566,0.00028784992,0.00030401727
2018-01-08 15:00:00,0.00034718667,0.00047104748,0.00039471086,0.00035376873,0.00019490026,7.0400965e-05
2018-01-08 16:00:00,0.00019205191,0.00018231166,7.064324e-05,3.5723053e-05,0.00016117792,0.00015952358
2018-01-08 17:00:00,3.0152434e-05,0.00013260968,0.00016418313,0.00038315877,0.0003505253,0.00010318244
2018-01-08 18:00:00,0.00014270064,0.00019749401,0.0003681958,0.00037642688,0.00010335084,7.148994e-05
2018-01-08 19:00:00,9.220686e-05,0.0002416277,0.0001591501,5.56631e-05,4.980033e-05,6.821508e-05
2018-01-08 20:00:00,0.000279198,0.00016938924,0.00010086262,0.00012864375,4.335281e-05,4.4581935e-05
2018-01-08 21:00:00,4.8677262e-05,0.00027387892,0.00020839866,0.00021420744,0.0002011087,0.00020841906
2018-01-08 22:00:00,0.00029431994,0.00023467878,0.00012952644,0.00023658098,0.00020348244,0.0003694074
2018-01-08 23:00:00,4.2481504e-05,0.000114120245,5.5668068e-05,5.0222225e-05,0.00011274625,0.00016128935
2018-01-09 00:00:00,0.00010646476,7.502689e-05,4.544747e-05,0.00013361344,0.00015835027,0.0003023775
2018-01-09 01:00:00,4.14525e-05,0.00014374292,0.00020139189,0.00033196522,0.0003099235,0.00040551086
2018-01-09 02:00:00,0.000113987706,0.0001949729,0.0002020331,0.00041820653,0.00041998655,0.0008114636
2018-01-09 03:00:00,0.00015548465,0.00012730822,0.0002688102,0.0004212306,0.0007001005,0.0007041151
2018-01-09 04:00:00,7.3442156e-05,0.00020636288,0.00024744836,0.0009344492,0.00066756207,0.00051173643
2018-01-09 05:00:00,0.00011415738,0.00029971558,0.00059948745,0.0006050764,0.0003586049,0.00033485368
2018-01-09 06:00:00,0.00017417087,0.0003697264,0.0004555254,0.00042340002,0.00033266214,0.00024439118
2018-01-09 07:00:00,0.00061735185,0.00043465916,0.0002370085,0.00033303432,0.00018477692,9.876613e-05
2018-01-09 08:00:00,5.336535e-05,0.00012887735,0.00011829742,0.000187537,0.00040628,0.0003714759
2018-01-09 09:00:00,0.00018857082,7.57351e-05,0.00017474794,0.0005287365,0.0003565284,0.000230883
2018-01-09 10:00:00,7.0161506e-05,3.490447e-05,0.00037586727,0.00024008474,0.00013798512,0.00019558142
2018-01-09 11:00:00,9.0349364e-05,0.00040035098,0.00028705457,0.00023798303,0.00022050456,0.00019003292
2018-01-09 12:00:00,0.00038674907,0.00021580435,0.00012951203,0.00019093105,0.0001887035,6.505308e-05
2018-01-09 13:00:00,0.00013564179,0.00015455575,7.6832905e-05,0.00013155268,0.00020556235,0.00036174693
2018-01-09 14:00:00,9.577837e-05,2.0277617e-05,4.9026406e-05,0.00016256895,0.00018435153,0.0001575672
2018-01-09 15:00:00,9.2270246e-05,8.230363e-05,5.0066592e-05,0.00019325379,8.384858e-05,8.7596265e-05
2018-01-09 16:00:00,4.7758054e-05,0.00013219364,0.00021773006,0.0001975835,0.0001208854,0.00023298107
2018-01-09 17:00:00,0.0002029674,0.0001758268,0.0001437841,0.00021450804,0.00023118277,0.00017072637
2018-01-09 18:00:00,0.00010832465,5.3225016e-05,7.7260396e-05,0.00013422825,0.00010160856,2.8810844e-05
2018-01-09 19:00:00,6.530059e-05,3.3668126e-05,4.9261518e-05,4.0617804e-05,8.412563e-05,0.00021334684
2018-01-09 20:00:00,5.157086e-05,9.495743e-05,6.068985e-05,6.327168e-05,0.0001669548,0.00015586047
2018-01-09 21:00:00,6.989885e-05,3.6138892e-05,6.539356e-05,0.0002946369,0.00015379544,8.395911e-05
2018-01-09 22:00:00,3.3689943e-05,0.00013587659,0.0003088265,0.00022622278,0.0001783436,4.991358e-05
2018-01-09 23:00:00,0.00012445281,0.00033963769,0.00019777029,0.00015590811,3.808644e-05,0.00020237778
2018-01-10 00:00:00,0.00022214955,0.00010295527,5.454434e-05,0.00012813031,0.00010541572,0.00018974316
2018-01-10 01:00:00,9.64094e-05,0.00012386109,0.00020901668,6.7369256e-05,6.183943e-05,2.4683459e-05
2018-01-10 02:00:00,8.776629e-05,0.00016618175,5.619376e-05,0.00013991036,6.1009214e-05,0.0001750704
2018-01-10 03:00:00,0.00016534493,0.000118542455,0.00014459934,0.00015132554,0.00018000895,0.00043799856
2018-01-10 04:00:00,0.0002678955,0.00035226383,0.0002409482,0.00033814055,0.0005150926,0.0006302383
2018-01-10 05:00:00,9.170737e-05,5.2352054e-05,8.624366e-05,0.0004928279,0.00040668514,0.00034937434
2018-01-10 06:00:00,7.829934e-05,3.3417735e-05,0.00030912703,0.00046978102,0.00021458617,0.000116911266
2018-01-10 07:00:00,9.256301e-05,0.00025407824,0.0003121249,0.00030797362,0.00010309763,0.0003514558
2018-01-10 08:00:00,0.00041495057,0.0004401426,0.00019434508,8.512227e-05,0.00030026407,0.00021902785
2018-01-10 09:00:00,6.243385e-05,9.843766e-05,0.00018994232,4.2736334e-05,7.5513984e-05,0.00017997043
2018-01-10 10:00:00,0.000142416,0.00029168534,5.345545e-05,0.0001722783,0.00017323405,0.000110330344
2018-01-10 11:00:00,0.00021590553,0.00010359969,4.543954e-05,0.00015739138,7.488019e-05,7.556147e-05
2018-01-10 12:00:00,0.00033079876,0.0001292677,4.4402208e-05,0.00010096437,9.13945e-05,0.00021810742
2018-01-10 13:00:00,0.00013305926,0.00019878177,0.00014030199,0.00017827518,4.098072e-05,7.327253e-05
2018-01-10 14:00:00,0.00014798503,6.242306e-05,7.848455e-05,0.00016577271,0.00015484885,0.00012111386
2018-01-10 15:00:00,6.8945934e-05,7.1755276e-05,0.00023862782,0.00028794887,0.00022981121,0.00026341173
2018-01-10 16:00:00,3.5561017e-05,0.00015520773,0.0002245151,0.00022048647,0.00025929874,0.00027183723
2018-01-10 17:00:00,0.00025366314,0.00021731795,0.00023996139,0.000304042,0.0002420666,0.00023631366
2018-01-10 18:00:00,8.762517e-05,5.2782543e-05,8.8428125e-05,9.3170245e-05,0.00011462869,0.00012810706
2018-01-10 19:00:00,4.2730397e-05,3.1252883e-05,4.0787723e-05,3.72369e-05,7.5866876e-05,8.045641e-05
2018-01-10 20:00:00,3.8935606e-05,3.2498017e-05,5.4974895e-05,6.791865e-05,7.148858e-05,2.8888418e-05
2018-01-10 21:00:00,2.4008668e-05,2.9842506e-05,5.4771008e-05,0.00015176188,5.142135e-05,8.4930914e-05
2018-01-10 22:00:00,3.26312e-05,4.937321e-05,0.00011526524,8.7714085e-05,0.00011187708,0.000114329574
2018-01-10 23:00:00,4.77923e-05,9.333219e-05,7.169722e-05,0.00017051781,0.00010428819,0.0002443826
2018-01-11 00:00:00,0.0002179087,9.138593e-05,0.00012235815,0.00017249766,0.00027134878,0.00023126895
2018-01-11 01:00:00,7.745401e-05,2.3084045e-05,4.5713077e-05,0.00019316276,0.0001128611,9.566638e-05
2018-01-11 02:00:00,7.318854e-05,7.554913e-05,0.00015453948,0.0001978918,0.00010786809,0.0004107814
2018-01-11 03:00:00,3.8081267e-05,0.00012984636,0.00014535258,0.00013886749,0.00022996386,0.0005603989
2018-01-11 04:00:00,0.00016016289,0.00018499923,7.487198e-05,0.00042338835,0.00038683333,0.00047520283
2018-01-11 05:00:00,2.3173008e-05,4.8151753e-05,0.00021881929,0.0004945502,0.0004182179,0.00056751654
2018-01-11 06:00:00,7.277987e-05,0.0002517271,0.0002750075,0.00062476017,0.00043832447,0.0003102167
2018-01-11 07:00:00,0.0003821781,0.00040584363,0.00050586794,0.0007653087,0.0005126828,0.0008949251
2018-01-11 08:00:00,0.00015174826,0.00019758483,0.00044614394,0.00035300586,0.000533103,0.0004175732
2018-01-11 09:00:00,0.00018680278,0.00034590563,0.00012938671,0.0005567422,0.00029929465,0.00014260522
2018-01-11 10:00:00,0.0001972632,2.9835375e-05,0.00028705344,0.00020294817,4.6567908e-05,0.00014073898
2018-01-11 11:00:00,0.00021419884,0.00014777636,6.617498e-05,0.00012314787,6.3736916e-05,9.438932e-05
2018-01-11 12:00:00,0.0004176246,0.00021158734,4.5308538e-05,0.0002254336,4.636719e-05,0.00013386676
2018-01-11 13:00:00,0.00013865001,0.0003205712,0.0001160188,0.0002388095,0.00014541628,0.00023019235
2018-01-11 14:00:00,0.00024485547,3.0150199e-05,0.00015881537,5.1287698e-05,0.00011047751,0.000115236726
2018-01-11 15:00:00,0.00022594898,3.7806847e-05,9.035242e-05,0.00010186784,4.038335e-05,0.000116842006
2018-01-11 16:00:00,0.0002089565,5.016615e-05,0.00010573167,0.00013516171,4.555738e-05,9.1134905e-05
2018-01-11 17:00:00,0.0001683782,0.00010283308,3.9414612e-05,0.00011773169,3.1283864e-05,0.0001311962
2018-01-11 18:00:00,7.334313e-05,0.0001304639,4.9588925e-05,6.949373e-05,9.403873e-05,2.5800155e-05
2018-01-11 19:00:00,5.76073e-05,6.734256e-05,5.3804884e-05,0.00013913875,4.7366495e-05,3.791352e-05
2018-01-11 20:00:00,0.00010591468,3.842364e-05,0.00020745401,8.566364e-05,7.282478e-05,8.70967e-05
2018-01-11 21:00:00,9.999053e-05,0.00013024168,3.7765796e-05,4.645565e-05,5.2055875e-05,3.374773e-05
2018-01-11 22:00:00,0.00018225172,0.000104201135,7.851794e-05,0.00014938964,0.00011902642,5.309367e-05
2018-01-11 23:00:00,0.00012598919,0.00012621135,5.5046297e-05,6.189102e-05,8.6538224e-05,0.000243329
2018-01-12 00:00:00,3.7702266e-05,5.219687e-05,4.095241e-05,3.8657072e-05,0.00018544932,0.00013692511
2018-01-12 01:00:00,7.164009e-05,6.487912e-05,5.2243427e-05,0.00022547325,0.00024612775,0.00021627231
2018-01-12 02:00:00,5.4349748e-05,7.529565e-05,0.0002752076,0.00024892704,0.00027227114,0.00026510374
2018-01-12 03:00:00,5.8533733e-05,0.00030253705,0.00021110094,0.00032203717,0.00040050093,0.00024864243
2018-01-12 04:00:00,0.00026732893,0.00025081015,0.00027615993,0.00040578085,0.00026935025,0.00019969481
2018-01-12 05:00:00,3.0593248e-05,7.8875084e-05,0.00021776112,0.00010371251,7.002132e-05,0.000103564744
2018-01-12 06:00:00,0.0001071834,0.00017822853,8.028994e-05,5.1222287e-05,0.00011237905,5.9884405e-05
2018-01-12 07:00:00,0.00014390203,5.238007e-05,4.571646e-05,7.767312e-05,3.6163e-05,0.00030494493
2018-01-12 08:00:00,9.5587755e-05,0.00015501045,7.924839e-05,0.000103454186,0.00023372205,0.00012381445
2018-01-12 09:00:00,6.693253e-05,4.8498656e-05,6.077903e-05,0.00035531798,0.00022488562,0.00015517429
2018-01-12 10:00:00,9.934512e-05,4.170466e-05,0.0003624607,0.00022890713,0.00022868972,7.385748e-05
2018-01-12 11:00:00,9.08892e-05,0.0003604974,0.00015756588,0.00015808827,3.6570786e-05,3.677466e-05
2018-01-12 12:00:00,0.00038075916,0.00024108427,0.0002113127,6.525233e-05,0.00011240348,7.888834e-05
2018-01-12 13:00:00,0.0001546118,0.00019458104,0.00032250315,0.0002812302,0.0002956768,0.00015247443
2018-01-12 14:00:00,4.4420645e-05,0.0002598688,0.00016872567,0.00019628683,8.4828214e-05,0.000106686275
2018-01-12 15:00:00,0.00015816157,0.00012729426,0.00012875891,6.0070644e-05,0.00014919114,8.14726e-05
2018-01-12 16:00:00,5.837364e-05,3.2861066e-05,7.690021e-05,0.0002742748,0.00023645606,0.00010586293
2018-01-12 17:00:00,5.1160532e-05,7.243673e-05,0.00026137425,0.00019490565,0.00013909898,4.3331806e-05
2018-01-12 18:00:00,8.832087e-05,0.00039163552,0.00021746072,0.00011658649,8.980993e-05,4.3756016e-05
2018-01-12 19:00:00,0.00021645805,0.00018067608,9.145791e-05,3.7138856e-05,6.298597e-05,9.214395e-05
2018-01-12 20:00:00,8.493516e-05,0.0001761926,0.00023242238,0.00026426863,0.000112391135,6.930858e-05
2018-01-12 21:00:00,0.00012180008,0.00019436958,0.00022996674,8.2837294e-05,4.6414003e-05,6.5588196e-05
2018-01-14 22:00:00,0.00011428518,0.00011863287,5.0887516e-05,7.33111e-05,0.00017753264,0.00014773796
2018-01-14 23:00:00,3.9676026e-05,0.00014112671,0.0001679867,0.00026128965,0.00032220563,0.0003297751
2018-01-15 00:00:00,0.00017498308,0.00023512554,0.00031573523,0.0004100983,0.00047573075,0.0005551132
2018-01-15 01:00:00,8.114559e-05,0.00022681634,0.0002497278,0.00036378196,0.0006700311,0.00050796266
2018-01-15 02:00:00,0.00012967437,0.00020922077,0.00021358645,0.0006613394,0.00070296356,0.00045296087
2018-01-15 03:00:00,0.000110669585,0.0001927998,0.00038408645,0.00049114204,0.00051330216,0.00023180743
2018-01-15 04:00:00,0.00011437214,0.00051237294,0.00046497764,0.00047289015,0.00017837546,0.0004213184
2018-01-15 05:00:00,0.00047441965,0.00053506944,0.0003104852,0.00015215621,0.00041077728,0.00052586396
2018-01-15 06:00:00,4.8487786e-05,7.244047e-05,0.00018443796,0.00014947887,0.00036165168,0.000258518
2018-01-15 07:00:00,3.092212e-05,0.0002577597,8.308509e-05,0.0003686919,0.0002921562,0.00028969144
2018-01-15 08:00:00,0.000318299,9.044573e-05,0.00030236936,0.000305503,0.00031024596,0.00016873267
2018-01-15 09:00:00,0.00031187557,0.000626037,0.00042233066,0.0006176874,0.0002672704,0.0003789275
2018-01-15 10:00:00,0.00028803828,0.00027291288,0.0002396329,0.000189855,0.00020819445,0.00012321648
2018-01-15 11:00:00,3.5801077e-05,9.210029e-05,8.74356e-05,4.8320486e-05,8.4157175e-05,0.00012474999
2018-01-15 12:00:00,6.353776e-05,9.212739e-05,8.074838e-05,0.000117538155,0.00013856022,0.00011909451
2018-01-15 13:00:00,0.00010816458,0.0001253367,0.00012816674,9.442551e-05,9.606714e-05,2.4002285e-05
2018-01-15 14:00:00,7.761203e-05,5.0588405e-05,0.00016352536,0.00023260065,0.00010251023,0.00011960321
2018-01-15 15:00:00,8.5837346e-05,0.0002539434,0.00016750464,9.0256384e-05,0.00012131358,5.5822304e-05
2018-01-15 16:00:00,0.00032197827,0.00022661765,0.00015311899,0.00016009249,0.0001242052,9.4571296e-05
2018-01-15 17:00:00,3.3722834e-05,9.445441e-05,8.087576e-05,9.151625e-05,0.000103164544,9.260575e-05
2018-01-15 18:00:00,0.00011640066,6.784375e-05,0.000101979225,0.00010433869,0.00012995423,4.3796004e-05
2018-01-15 19:00:00,5.7755464e-05,2.9582443e-05,6.223994e-05,7.551887e-05,3.6561774e-05,5.1463223e-05
2018-01-15 20:00:00,4.5965422e-05,9.259935e-05,0.00010642881,4.2608288e-05,0.00011324972,8.406139e-05
2018-01-15 21:00:00,4.996188e-05,6.160327e-05,3.0336609e-05,0.00010491908,5.188324e-05,2.7945625e-05
2018-01-15 22:00:00,2.9738287e-05,5.807926e-05,5.1148374e-05,5.5935023e-05,4.7507696e-05,7.028446e-05
2018-01-15 23:00:00,0.0001141192,4.929231e-05,4.8281745e-05,6.783504e-05,8.5655614e-05,9.473464e-05
2018-01-16 00:00:00,0.00014400094,9.357295e-05,3.8270173e-05,5.5087563e-05,0.00018523638,0.00020242258
2018-01-16 01:00:00,3.7842474e-05,0.00010634231,0.00011405524,0.00027953892,0.00035802386,0.00045871382
2018-01-16 02:00:00,8.580599e-05,0.000114221526,0.00023230244,0.00035179066,0.00035328348,0.0003269762
2018-01-16 03:00:00,5.9338683e-05,0.000276493,0.00023536808,0.00054044806,0.00037423908,0.00045061356
2018-01-16 04:00:00,0.00015856916,0.00025689628,0.00036611114,0.0005253296,0.0006431601,0.00030178507
2018-01-16 05:00:00,8.7581895e-05,0.0003633461,0.00027510177,0.00043415203,0.0005187821,0.00026705881
2018-01-16 06:00:00,0.00024019169,0.00023112685,0.00030154907,0.00035904424,0.00019658652,0.0003517465
2018-01-16 07:00:00,3.7100916e-05,0.00022666664,0.00018798398,8.517899e-05,0.00019515188,0.00020614505
2018-01-16 08:00:00,0.0001640335,0.00019016155,6.905484e-05,0.00028862554,0.00026460475,7.531575e-05
2018-01-16 09:00:00,3.827905e-05,0.00011774675,0.00011527854,0.0001299301,4.101391e-05,0.000113755006
2018-01-16 10:00:00,7.684595e-05,0.00012721283,0.000121802965,4.426287e-05,8.61445e-05,8.8997105e-05
2018-01-16 11:00:00,0.00021199211,0.00031144044,5.3952535e-05,0.00016079328,0.00018624953,6.354328e-05
2018-01-16 12:00:00,6.998219e-05,0.00016479145,4.395919e-05,3.1890962e-05,0.00014526027,0.00012835432
2018-01-16 13:00:00,0.00018916983,5.168814e-05,6.407403e-05,0.00016631563,0.00013774743,0.00023162055
2018-01-16 14:00:00,0.00018911036,0.00013856278,4.218202e-05,6.6241075e-05,0.00012561184,5.8158697e-05
2018-01-16 15:00:00,3.8562594e-05,0.00016905,0.00015177096,0.00027113492,0.00019945473,0.00015252769
2018-01-16 16:00:00,0.00019625465,0.00019147834,0.00024048646,0.00019379957,0.00019192354,7.0747774e-05
2018-01-16 17:00:00,3.731815e-05,0.00015873551,7.4972624e-05,8.959747e-05,6.693347e-05,5.9680424e-05
2018-01-16 18:00:00,0.000115381714,5.889085e-05,7.4342155e-05,6.341256e-05,7.3887335e-05,0.0001340815
2018-01-16 19:00:00,5.3654796e-05,4.14603e-05,0.00014051754,5.5320514e-05,6.7476e-05,0.00012877746
2018-01-16 20:00:00,2.8907816e-05,0.00015999307,5.0305345e-05,0.00012618511,0.00019407758,8.5414074e-05
2018-01-16 21:00:00,0.00013714348,4.3220436e-05,0.00016072592,0.00021387135,6.4856526e-05,2.6353446e-05
2018-01-16 22:00:00,0.00017295084,0.00027236424,0.00050253,0.00021611691,0.00013145144,2.4789693e-05
2018-01-16 23:00:00,0.00014382487,0.00023601027,6.4919215e-05,5.312622e-05,0.00014627592,0.00011943508
2018-01-17 00:00:00,7.129204e-05,4.23881e-05,0.00015259367,0.00025560765,0.00018650999,0.00010767928
2018-01-17 01:00:00,0.00011116548,0.00025912744,0.00032180373,0.00026614117,0.00017704116,3.4580626e-05
2018-01-17 02:00:00,0.00012348934,0.00028205707,0.00022049971,0.000110297195,0.00010231005,5.0934457e-05
2018-01-17 03:00:00,0.00015213978,0.00016797386,5.3413776e-05,0.00021027605,5.0549268e-05,0.0006225713
2018-01-17 04:00:00,3.2428576e-05,0.00011383298,0.000337638,0.00017665209,0.0011467347,0.00092086487
2018-01-17 05:00:00,0.00011999028,0.00037486127,0.000118180214,0.0010773493,0.0009584621,0.00087222183
2018-01-17 06:00:00,0.00020209243,6.817338e-05,0.00096926134,0.0012648691,0.0009915219,0.00075908576
2018-01-17 07:00:00,0.00016092353,0.0011450616,0.00081267743,0.00078823854,0.00080476317,0.00034945586
2018-01-17 08:00:00,0.0011373251,0.0013982785,0.0008098299,0.00086973154,0.0006942009,0.0005190405
2018-01-17 09:00:00,0.00019206583,8.158898e-05,5.0138417e-05,0.00011540388,0.00012770866,0.00037057977
2018-01-17 10:00:00,0.00013551625,0.00024274646,0.0003081478,0.00033169365,0.000530462,0.0004554696
2018-01-17 11:00:00,4.8878886e-05,0.00025375286,0.00022671833,0.0005967062,0.00064036896,0.0004406853
2018-01-17 12:00:00,0.00020046261,0.00025628327,0.0006163837,0.0004362146,0.00049825537,0.0003977994
2018-01-17 13:00:00,7.2292234e-05,0.000541954,0.00032632385,0.00041519414,0.0003544926,0.00039520563
2018-01-17 14:00:00,0.0004846871,0.00047303163,0.0003637154,0.00038442333,0.00041651903,0.00040287923
2018-01-17 15:00:00,3.383964e-05,2.5823776e-05,4.1343574e-05,7.870112e-05,0.00018559104,9.042379e-05
2018-01-17 16:00:00,4.3489985e-05,4.5289962e-05,7.809952e-05,0.00019759497,0.00015888804,5.2542626e-05
2018-01-17 17:00:00,2.9663948e-05,9.515575e-05,0.00016759352,0.00015418138,4.236082e-05,5.6078297e-05
2018-01-17 18:00:00,0.000100854704,0.00026073284,0.00011501812,9.740821e-05,6.596656e-05,5.7053563e-05
2018-01-17 19:00:00,0.00021808269,0.00013866578,4.09921e-05,6.041224e-05,4.229665e-05,0.00011373563
2018-01-17 20:00:00,5.4348868e-05,0.00023267859,0.00019460692,0.0002479887,0.00030899682,7.189768e-05
2018-01-17 21:00:00,9.276273e-05,0.0002205322,0.00014134488,0.00023294467,7.3170304e-05,3.777694e-05
2018-01-17 22:00:00,9.5090385e-05,9.930654e-05,0.00018307043,4.5278106e-05,0.00010275962,5.0307615e-05
2018-01-17 23:00:00,3.7275036e-05,0.0001218919,0.00010356058,0.00021419923,0.0001459228,0.00025295943
2018-01-18 00:00:00,0.00015859769,0.00013776182,0.00020320975,0.00011993729,0.0002763469,0.00027849825
2018-01-18 01:00:00,0.000208157,0.0004808445,0.00023258076,0.00033809978,0.0004417613,0.00031648393
2018-01-18 02:00:00,0.00012673874,3.3245182e-05,0.0001765136,0.00014597346,0.00015800277,7.412215e-05
2018-01-18 03:00:00,0.00012227245,8.072626e-05,8.115035e-05,0.00015058837,4.7284015e-05,2.3221432e-05
2018-01-18 04:00:00,0.00022134048,0.00026982924,0.00022406857,6.1345716e-05,7.887965e-05,0.00012530379
2018-01-18 05:00:00,4.303588e-05,9.647904e-05,8.238909e-05,9.0538364e-05,3.6690504e-05,0.00071275234
2018-01-18 06:00:00,3.2626886e-05,0.00017038915,9.8244185e-05,4.9667986e-05,0.00085464725,0.00089645386
2018-01-18 07:00:00,0.00020255105,0.00015386028,5.7790767e-05,0.0011733728,0.0014651746,0.0013268763
2018-01-18 08:00:00,6.8762405e-05,0.000113797854,0.00088572426,0.0011552894,0.0017095766,0.001118688
2018-01-18 09:00:00,4.736739e-05,0.001145698,0.0011786435,0.0015459673,0.0017645726,0.0011719542
2018-01-18 10:00:00,0.0012351285,0.0019274815,0.0014756188,0.0019460275,0.0013586775,0.0010184007
2018-01-18 11:00:00,0.00042126665,0.00071908627,0.0005834855,0.00048754696,0.0005041775,0.00031654374
2018-01-18 12:00:00,0.0002632971,0.0003631677,5.754442e-05,0.00011364868,0.00010634886,0.00010150104
2018-01-18 13:00:00,4.422386e-05,0.00030010764,0.00013925647,0.00015952764,0.00011613997,0.0001832501
2018-01-18 14:00:00,0.00032571246,0.00022790031,0.00015893955,0.00016381805,0.0002604508,0.00019137932
2018-01-18 15:00:00,7.006409e-05,4.6017827e-05,7.826516e-05,5.2629628e-05,7.870163e-05,5.6166886e-05
2018-01-18 16:00:00,4.446838e-05,6.0122897e-05,0.00010917862,0.00010419801,3.8873495e-05,8.246528e-05
2018-01-18 17:00:00,5.6866782e-05,0.00011390182,0.000105443534,5.1035644e-05,8.9334506e-05,0.00023270056
2018-01-18 18:00:00,0.0001511273,0.0001957419,4.373169e-05,9.9156205e-05,0.00022324861,9.113846e-05
2018-01-18 19:00:00,4.8352962e-05,0.00021136698,0.00017720563,0.00036720393,0.00015981394,0.00019064099
2018-01-18 20:00:00,0.00017868933,0.0002726645,0.00041113756,0.000253052,0.00016582818,0.00027609704
2018-01-18 21:00:00,8.339909e-05,0.00032722476,0.000108848784,0.000120876735,0.00013872149,0.00016303018
2018-01-18 22:00:00,0.0003013351,5.860062e-05,5.1469473e-05,0.00014578039,0.00015380401,4.303994e-05
2018-01-18 23:00:00,0.00029145682,0.000222361,8.348334e-05,7.4373165e-05,0.00021486929,0.00013346561
2018-01-19 00:00:00,4.630492e-05,0.00011743315,0.00011125679,5.425231e-05,4.5390436e-05,0.00021203163
2018-01-19 01:00:00,7.371536e-05,9.34089e-05,6.0905244e-05,6.272805e-05,0.00019851362,0.0008026489
2018-01-19 02:00:00,7.0698494e-05,0.00015591926,5.3728127e-05,0.00013827777,0.00067632477,0.0009555004
2018-01-19 03:00:00,0.00018508507,0.00011000772,0.00013317143,0.0009873495,0.00094105914,0.0008400236
2018-01-19 04:00:00,8.221407e-05,0.00028981798,0.0011278376,0.0009770114,0.0010353932,0.00060957763
2018-01-19 05:00:00,0.0003101242,0.0014676505,0.0013427032,0.001045289,0.001094121,0.000789117
2018-01-19 06:00:00,0.0007548384,0.0011293174,0.0007519419,0.0010319878,0.0011002165,0.0005607088
2018-01-19 07:00:00,0.00025937957,0.00016607142,0.00016532937,0.00037757788,9.543712e-05,0.00041998952
2018-01-19 08:00:00,0.000118859345,3.6438254e-05,0.00012486134,8.261696e-05,0.00014997565,0.00026818417
2018-01-19 09:00:00,7.431903e-05,0.00027176944,3.680355e-05,0.00025270853,0.00044711377,0.00012642212
2018-01-19 10:00:00,0.00018584443,0.00012620189,0.00015935318,0.0004507193,8.720314e-05,9.992303e-05
2018-01-19 11:00:00,0.00022837182,0.00010102471,0.00016180231,5.0199247e-05,3.2500993e-05,0.00028804602
2018-01-19 12:00:00,0.00030434158,0.00056723366,0.00014431316,0.00026486107,0.00063440076,0.0008786933
2018-01-19 13:00:00,0.0001867706,0.00014397131,7.084556e-05,0.00038278033,0.00071727915,0.0004261659
2018-01-19 14:00:00,0.000341287,0.00030693694,0.0001451268,0.00040023084,0.00051691406,0.00044997118
2018-01-19 15:00:00,9.258547e-05,0.00063289097,0.0008048908,0.0009790297,0.0010116838,0.00072512747
2018-01-19 16:00:00,0.0005063017,0.0010815469,0.0005896506,0.0009673023,0.0010126061,0.0006460021
2018-01-19 17:00:00,0.0003814114,0.00040365776,0.00047499224,0.0006170655,0.00035649913,0.00035823882
2018-01-19 18:00:00,0.000100916935,0.00036372268,0.00027314806,0.00016065015,0.00014317317,0.00022938347
2018-01-19 19:00:00,0.00018793422,0.00037351926,8.101744e-05,7.7902725e-05,0.00015833587,0.000102123464
2018-01-19 20:00:00,0.00012477698,0.00012843615,0.00012431131,4.1359788e-05,5.650116e-05,2.9148056e-05
2018-01-19 21:00:00,0.0001684168,0.00024936712,7.868313e-05,0.00011318474,5.2530304e-05,6.8633504e-05
2018-01-21 22:00:00,3.265225e-05,0.00012559252,6.114376e-05,0.00015156266,0.0002134221,0.0002871776
2018-01-21 23:00:00,0.00015038197,9.203732e-05,0.00017047412,0.0003195365,0.0005280056,0.00017586122
2018-01-22 00:00:00,6.904692e-05,6.86118e-05,0.000161501,0.00045956732,0.00014809634,0.00016076071
2018-01-22 01:00:00,0.00011801885,0.00031602712,0.00025900212,0.00018420792,0.0002348792,0.0003709264
2018-01-22 02:00:00,0.00015933532,0.00035967396,9.709806e-05,0.00013753578,0.0004519018,0.0007908411
2018-01-22 03:00:00,0.0002331995,3.778007e-05,4.8360358e-05,0.00035004062,0.00073178497,0.00070920575
2018-01-22 04:00:00,0.00026349805,0.00021377181,9.756691e-05,0.0006582861,0.0007628517,0.00039586847
2018-01-22 05:00:00,4.772188e-05,0.00044776048,0.00078240834,0.0010230942,0.00065129506,0.00063658453
2018-01-22 06:00:00,0.0003852694,0.00088290335,0.0008800925,0.0005674561,0.00081472506,0.00070440845
2018-01-22 07:00:00,0.0004786558,0.00094045815,0.0003994494,0.0005605043,0.00082318386,0.00025814926
2018-01-22 08:00:00,0.0002641291,9.575496e-05,0.00011996354,0.00038306855,2.7134342e-05,2.0812176e-05
2018-01-22 09:00:00,0.00040084735,7.602787e-05,0.00016326342,0.00021529286,0.00019785932,0.0001013709
2018-01-22 10:00:00,0.0002228032,0.000541346,0.00012707716,7.76398e-05,0.00015125582,0.00016430665
2018-01-22 11:00:00,0.00024234,0.00015118171,0.0001245819,5.645058e-05,4.7676345e-05,3.5535817e-05
2018-01-22 12:00:00,0.00036449256,0.00041844937,0.00028041445,0.00013876388,0.00018319921,0.00015031776
2018-01-22 13:00:00,4.5020322e-05,0.00010373826,0.00016471557,0.0002182103,8.5146574e-05,9.292963e-05
2018-01-22 14:00:00,0.00012789076,0.00025793858,0.00017382782,0.00017326137,0.00012341586,2.7973927e-05
2018-01-22 15:00:00,9.442508e-05,0.00012760636,4.5389173e-05,7.320264e-05,7.49497e-05,3.986039e-05
2018-01-22 16:00:00,5.945162e-05,6.751555e-05,7.356055e-05,0.00013151896,0.0001394617,6.46129e-05
2018-01-22 17:00:00,9.574552e-05,5.4630556e-05,0.00021133224,0.0001462411,0.00010888387,0.00015222548
2018-01-22 18:00:00,2.977559e-05,0.00015192853,7.773032e-05,4.7384885e-05,8.4527666e-05,3.1867065e-05
2018-01-22 19:00:00,0.00016141403,8.0143094e-05,6.127213e-05,9.8843324e-05,4.5109973e-05,2.2307784e-05
2018-01-22 20:00:00,7.20782e-05,0.000105844316,3.5708337e-05,6.85927e-05,0.000116683135,3.9469418e-05
2018-01-22 21:00:00,4.5957113e-05,6.629519e-05,3.4075772e-05,0.00010213685,9.735533e-05,3.8805923e-05
2018-01-22 22:00:00,0.00010282008,4.1781106e-05,3.968344e-05,0.00013574565,3.4793913e-05,4.8298298e-05
2018-01-22 23:00:00,6.5835404e-05,0.00011935289,5.8919082e-05,8.021752e-05,4.2433556e-05,6.6786844e-05
2018-01-23 00:00:00,4.072321e-05,0.00013970838,6.160554e-05,4.1482443e-05,5.299337e-05,0.00018470311
2018-01-23 01:00:00,0.00019926931,3.206845e-05,7.3206465e-05,3.426096e-05,0.00023549332,0.00035724134
2018-01-23 02:00:00,0.00019050585,0.00010431247,0.000114290466,0.00014174858,0.00032912116,0.000269268
2018-01-23 03:00:00,0.000100359735,2.5330784e-05,0.0003137771,0.0004348231,0.00044634385,0.0006544686
2018-01-23 04:00:00,8.3756e-05,0.00032595653,0.0003802974,0.00043326037,0.00051383505,0.00046950628
2018-01-23 05:00:00,0.00037679827,0.00059046026,0.0004425095,0.000784849,0.00078524975,0.00034619795
2018-01-23 06:00:00,0.0001898432,0.00028964924,0.00044152522,0.00029158875,0.00019165763,0.00025700158
2018-01-23 07:00:00,7.68633e-05,0.00033035697,0.0003847968,5.988596e-05,0.00020326457,0.0001693517
2018-01-23 08:00:00,0.00030488905,0.00033852932,7.353294e-05,0.00023011961,0.00026744552,5.6769746e-05
2018-01-23 09:00:00,3.7769754e-05,0.0003332527,0.00012665654,0.00010733116,0.00023881596,0.00031073598
2018-01-23 10:00:00,0.00037955111,9.40869e-05,0.0001335371,0.00026509096,0.00044589478,0.00031043228
2018-01-23 11:00:00,0.00024139605,0.00044783848,6.315477e-05,0.0002056239,0.0001781937,0.00042680884
2018-01-23 12:00:00,0.00016073065,0.000203588,0.00038967343,0.0003455579,0.00074364035,0.00071819103
2018-01-23 13:00:00,0.00028711394,0.0006192864,0.00031987537,0.00090906676,0.0008838668,0.00074682315
2018-01-23 14:00:00,0.00020820044,0.00029667767,0.0005929646,0.0006415593,0.00055984233,0.0002965708
2018-01-23 15:00:00,3.5760677e-05,0.00040610958,0.00042196774,0.00029085643,0.00019867606,0.00011053675
2018-01-23 16:00:00,0.0004348262,0.00048369178,0.00024361386,0.00022361167,0.00019492545,0.00036924225
2018-01-23 17:00:00,0.00010022347,3.5299956e-05,0.00011269667,0.00015176425,4.4693206e-05,0.00042436927
2018-01-23 18:00:00,9.579087e-05,0.00018441422,0.0002382541,4.511913e-05,0.00050303957,0.00026646594
2018-01-23 19:00:00,0.00016685064,0.00021851873,4.89161e-05,0.0006694148,0.0002839556,3.7884678e-05
2018-01-23 20:00:00,6.351443e-05,0.0002493108,0.0005985087,0.00038529444,0.00013830504,8.779209e-05
2018-01-23 21:00:00,0.0002417881,0.0010364652,0.00047107547,0.00022011924,0.00014053076,0.00011626943
2018-01-23 22:00:00,0.0005519592,0.00039677633,6.940058e-05,4.7974532e-05,0.0002647866,0.00033320385
2018-01-23 23:00:00,0.00025932345,0.0005996324,0.00053512864,0.00078387774,0.0008728462,0.0008524815
2018-01-24 00:00:00,0.00046974953,0.00053591636,0.0006125003,0.0006957546,0.0009820281,0.0006774261
2018-01-24 01:00:00,6.707172e-05,0.0002844269,0.00020224089,0.00070936384,0.0007664038,0.00028896634
2018-01-24 02:00:00,0.0003338576,0.00045365863,0.0006687768,0.0008672896,0.00046399658,0.00041689898
2018-01-24 03:00:00,8.8441906e-05,0.00064671045,0.0005242026,0.00037910926,0.00020177552,0.00016517163
2018-01-24 04:00:00,0.00051771034,0.00056447886,0.00031328094,0.00011496304,0.00012267436,0.00040210236
2018-01-24 05:00:00,6.181029e-05,0.00013251328,0.00019092504,0.00019359212,0.00018236326,9.675997e-05
2018-01-24 06:00:00,0.00015561156,0.0003192539,0.00022006138,0.00016376235,0.00011208256,4.1749092e-05
2018-01-24 07:00:00,0.00015464087,0.00017271121,0.00034161375,0.00025446372,0.00010723492,7.141007e-05
2018-01-24 08:00:00,4.3213764e-05,0.00065755734,0.00028370955,0.00026811787,0.00025872508,5.2177737e-05
2018-01-24 09:00:00,0.0005794606,0.00054285605,0.00020031075,0.00020725453,0.0001338278,7.562126e-05
2018-01-24 10:00:00,6.2324936e-05,0.00026937248,0.00023652561,0.0006578786,0.00025720688,0.0005470227
2018-01-24 11:00:00,0.00015993694,0.00019525709,0.0005140589,0.00023449826,0.0006382474,0.0006111992
2018-01-24 12:00:00,2.0707119e-05,0.00046457906,0.00011145894,0.00043448407,0.00093328755,0.00014087511
2018-01-24 13:00:00,0.00040377412,0.0001353127,0.0005147958,0.0009824331,0.0002643123,9.643897e-05
2018-01-24 14:00:00,0.00023148592,0.00015231909,0.00042133903,8.6137974e-05,0.0004222423,0.00073418394
2018-01-24 15:00:00,0.00035042025,0.0010390405,0.00014573017,0.00017824312,0.00079221046,0.0007211572
2018-01-24 16:00:00,0.0005346663,0.00031524675,0.0004899354,0.0009030349,0.0013361563,0.0008978805
2018-01-24 17:00:00,0.0007733934,0.0012735011,0.0015135222,0.0015169287,0.001485416,0.0010784315
2018-01-24 18:00:00,0.0004913934,0.00088562985,0.0010306842,0.000620389,0.0007010816,0.00044738973
2018-01-24 19:00:00,0.00060164026,0.0010068687,0.0004806842,0.00037765168,0.00029363413,0.00020125178
2018-01-24 20:00:00,0.00033226606,8.519178e-05,0.00010716836,0.00014699748,0.00015631832,6.085031e-05
2018-01-24 21:00:00,0.00026727255,0.00044356138,0.00042536194,0.00036319467,0.00021546772,0.00032776114
2018-01-24 22:00:00,0.00018437159,0.00030168972,0.00019740533,3.4987086e-05,0.00025904784,0.0003025815
2018-01-24 23:00:00,6.156333e-05,7.8243684e-05,0.00016637426,8.679207e-05,0.00023497824,0.0001772114
2018-01-25 00:00:00,3.8167087e-05,0.00032955327,4.463985e-05,0.00023469992,0.00018123811,0.00014774161
2018-01-25 01:00:00,0.00025893294,3.2524327e-05,0.0001536114,0.00022298303,0.0001833258,8.820498e-05
2018-01-25 02:00:00,0.0002897017,0.0005741234,0.00033337052,0.0003761849,0.00026462312,0.00033670047
2018-01-25 03:00:00,0.00020596632,0.0002964329,0.00018884942,0.00016120149,0.00026016927,0.00031960936
2018-01-25 04:00:00,2.2377517e-05,2.8737983e-05,5.8070982e-05,0.00013682031,0.00032946235,0.00040230146
2018-01-25 05:00:00,4.2928667e-05,5.5858607e-05,0.00010679282,0.00030240885,0.00052135723,0.00034158316
2018-01-25 06:00:00,5.5195123e-05,0.00013851024,0.00032279245,0.0004651938,0.0004457955,0.00046340295
2018-01-25 07:00:00,0.00017740452,0.0005188298,0.00061248225,0.0004715866,0.0008072796,0.000610767
2018-01-25 08:00:00,0.00016882598,0.00039892763,0.00032805584,0.0004952957,0.0005491983,0.00027450957
2018-01-25 09:00:00,0.0002868891,0.00023604026,0.0003395166,0.0005257037,0.00016320436,0.0001228833
2018-01-25 10:00:00,4.4151344e-05,0.00019231699,0.00036557985,2.8243294e-05,6.2895524e-05,0.00018996828
2018-01-25 11:00:00,0.00017476756,0.00051676313,5.300382e-05,5.000479e-05,0.00016575851,0.00019023789
2018-01-25 12:00:00,0.000208286,0.00023064118,0.00018953004,0.0003355449,0.00029978732,3.594721e-05
2018-01-25 13:00:00,0.00035583923,0.00034485126,0.0004329136,0.00043814676,0.00024584186,0.00020276214
2018-01-25 14:00:00,4.2509466e-05,0.00023353168,0.00018988665,0.000109274,3.7582344e-05,4.7570433e-05
2018-01-25 15:00:00,0.00017558009,0.00023950874,8.8133886e-05,4.2034913e-05,5.5285207e-05,3.5848985e-05
2018-01-25 16:00:00,3.766896e-05,0.0003388033,0.00017097594,0.00013952574,0.00018121985,6.013264e-05
2018-01-25 17:00:00,0.00029591363,0.00025711194,0.00015369891,0.0002560408,0.00011433337,0.00013502238
2018-01-25 18:00:00,0.00011553363,0.00012461035,6.2460575e-05,0.00016787682,9.894325e-05,2.4778165e-05
2018-01-25 19:00:00,7.363747e-05,5.1950316e-05,0.00010312593,4.9054157e-05,6.243746e-05,5.9741422e-05
2018-01-25 20:00:00,7.7743745e-05,4.6947014e-05,4.2760556e-05,0.00012285211,0.000120008015,0.00026216818
2018-01-25 21:00:00,0.00012136172,9.640351e-05,3.9801263e-05,6.422236e-05,0.0003449571,0.00023040906
2018-01-25 22:00:00,5.1513874e-05,0.00020936328,0.00013974635,0.00051149394,0.0003309744,0.0002616767
2018-01-25 23:00:00,0.00013509867,0.0001794521,0.00037934052,0.00039806374,0.0003241581,0.0002474078
2018-01-26 00:00:00,2.8292478e-05,0.00043481932,0.00030620108,0.00027637905,0.0002195014,0.00034816453
2018-01-26 01:00:00,0.0003848326,0.00041683804,0.00030117514,0.0002686793,0.00043367525,0.00038246255
2018-01-26 02:00:00,0.000100765275,9.424654e-05,0.000116990035,8.9457506e-05,0.00032104025,0.00011930139
2018-01-26 03:00:00,5.2216365e-05,7.327188e-05,0.00014990281,0.00032679754,0.00028534268,9.522358e-05
2018-01-26 04:00:00,6.660882e-05,0.00022202705,0.00033743161,0.00032715083,0.00018063841,9.621652e-05
2018-01-26 05:00:00,0.0002332579,0.0004269488,0.00029855777,0.0002696511,0.0001926663,5.60169e-05
2018-01-26 06:00:00,0.00021227733,0.00019394889,6.958307e-05,3.284084e-05,0.00018124715,0.00034926322
2018-01-26 07:00:00,4.9137812e-05,0.00014094336,0.00012744972,0.00043975466,0.00059593964,0.00039155185
2018-01-26 08:00:00,0.00019197197,0.00018615705,0.00036436893,0.0005442558,0.00044787905,0.0005949834
2018-01-26 09:00:00,3.656988e-05,0.0002700628,0.0003897977,0.00030925983,0.00070901396,0.00040529686
2018-01-26 10:00:00,0.00024781135,0.0005998534,0.00032324492,0.00079014833,0.0003384266,0.00046886696
2018-01-26 11:00:00,0.00023668927,0.00012358754,0.00039500574,0.00023981053,0.00036977342,0.00029782075
2018-01-26 12:00:00,0.00014880708,0.00047228453,0.000117333824,0.00017363571,0.00015261145,0.0001285268
2018-01-26 13:00:00,0.000589171,0.00027547052,0.00021144448,0.00022434158,0.00024917748,0.00032407866
2018-01-26 14:00:00,0.00024305846,0.00024708273,0.00015860963,0.00023946413,3.7835987e-05,7.1857576e-05
2018-01-26 15:00:00,0.00011853229,7.984106e-05,7.804112e-05,0.00022886826,0.00021487757,0.00021435904
2018-01-26 16:00:00,3.1470576e-05,3.63692e-05,0.00014774803,0.00026763437,0.0003733591,0.00020571105
2018-01-26 17:00:00,3.218548e-05,0.000266842,0.00022459959,0.000251486,0.00023745578,0.000112153444
2018-01-26 18:00:00,0.0002455741,0.00037492206,0.00032788565,0.00038293056,0.00011208165,8.574118e-05
2018-01-26 19:00:00,8.396182e-05,0.000718578,0.00044740704,0.0003236585,5.9981317e-05,0.00013446141
2018-01-26 20:00:00,0.0007644045,0.0008359385,0.0003900458,0.00012525683,0.0003146296,0.00013199219
2018-01-26 21:00:00,5.42803e-05,0.00023948864,0.00029877885,0.0003027114,0.0003422659,0.000350202
2018-01-28 22:00:00,0.00017670503,0.00042477116,0.0002901414,0.0004549505,0.0004308382,0.00024868475
2018-01-28 23:00:00,0.00032641724,0.00016167203,0.00014231275,0.0003009745,0.00021703565,0.00032352068
2018-01-29 00:00:00,0.00016161373,3.8591712e-05,9.9470686e-05,5.1440897e-05,0.00019138161,0.000109184315
2018-01-29 01:00:00,0.00017263564,0.00028218064,8.398791e-05,0.000316983,3.9134822e-05,5.0240036e-05
2018-01-29 02:00:00,9.309214e-05,6.5704255e-05,0.00023160511,0.000107875,0.00017867703,0.00020982066
2018-01-29 03:00:00,0.0001510593,0.00016189576,0.00022150113,0.00028750263,0.00040841894,0.00043411436
2018-01-29 04:00:00,0.0002738878,0.00012072232,0.00014867012,0.00026357226,0.0002949717,0.00023058928
2018-01-29 05:00:00,0.00028692672,0.00042928066,0.00044670285,0.0006966932,0.00061793526,0.0002445788
2018-01-29 06:00:00,7.427953e-05,0.00021954376,0.00038080924,0.0002740775,5.8744743e-05,0.00015279082
2018-01-29 07:00:00,0.00014000041,0.00045403792,0.00018457128,3.78309e-05,0.000115219904,4.1391857e-05
2018-01-29 08:00:00,0.00022128355,9.600033e-05,0.00013499516,3.8092516e-05,0.00016872634,4.963493e-05
2018-01-29 09:00:00,0.00015859625,0.0004352455,0.00017161868,0.00023853936,8.6977e-05,0.00040101272
2018-01-29 10:00:00,0.00018707602,0.00010463335,0.00020936123,4.0953888e-05,0.0004371086,0.00013907187
2018-01-29 11:00:00,0.00014252495,3.313435e-05,0.00015701549,0.00018064874,4.1569467e-05,7.828668e-05
2018-01-29 12:00:00,0.00018336509,8.564816e-05,0.00035572512,7.5090364e-05,3.1933047e-05,0.00010823334
2018-01-29 13:00:00,0.00024622917,0.00024029787,6.175757e-05,0.00018316759,0.0002168449,0.00024030205
2018-01-29 14:00:00,0.00056380965,0.00023763861,8.9034154e-05,6.3287334e-05,4.5321176e-05,5.639495e-05
2018-01-29 15:00:00,0.00032021746,0.00027648156,0.00045664204,0.0005568081,0.0005201949,0.00039537344
2018-01-29 16:00:00,0.0001048902,0.00030915576,0.00020229086,0.00026244367,0.00024403291,0.00014195051
2018-01-29 17:00:00,0.00018241284,0.0002031453,9.4880575e-05,0.0001610104,8.6120715e-05,0.00020826854
2018-01-29 18:00:00,2.9940258e-05,3.3820186e-05,5.2695043e-05,6.9708185e-05,0.000129675,0.00010614182
2018-01-29 19:00:00,4.454362e-05,3.2006894e-05,5.2483658e-05,0.00016795917,0.000126096,3.896696e-05
2018-01-29 20:00:00,2.8665638e-05,7.293696e-05,0.00012235089,0.00012878694,3.4581462e-05,2.3703504e-05
2018-01-29 21:00:00,6.63953e-05,0.00018840111,0.00010548351,5.8625432e-05,4.400019e-05,2.796347e-05
2018-01-29 22:00:00,0.0002320003,0.00021001532,7.251542e-05,4.5314075e-05,5.9414266e-05,3.227186e-05
2018-01-29 23:00:00,3.276756e-05,0.000107149295,0.00013206877,9.1387745e-05,0.00011839449,0.0001780403
2018-01-30 00:00:00,0.00010746103,0.00014671027,0.00013047615,0.00010028432,0.00029496854,0.00016633494
2018-01-30 01:00:00,6.170859e-05,4.0450308e-05,4.5196026e-05,0.0001846219,0.00012648043,0.00031463974
2018-01-30 02:00:00,5.1528146e-05,3.51332e-05,0.00014544022,0.0001066777,0.00027718104,0.00020778182
2018-01-30 03:00:00,4.5279074e-05,0.0002721679,0.00015477858,0.00039832672,0.00032784403,0.00012838183
2018-01-30 04:00:00,0.00021596348,0.00011379963,0.00020420695,0.0002820586,0.00014588668,0.00016750919
2018-01-30 05:00:00,8.271543e-05,0.00018768967,0.00020600863,5.1543164e-05,0.0001865651,3.4186625e-05
2018-01-30 06:00:00,0.0002270796,0.00029010716,5.7332985e-05,0.00020741079,3.0417143e-05,8.651813e-05
2018-01-30 07:00:00,4.435593e-05,0.00016568552,2.9513525e-05,0.00019326645,0.00025047193,0.0005413274
2018-01-30 08:00:00,0.00015347531,4.7918173e-05,0.00013512475,0.00025610937,0.00054186047,0.00061878376
2018-01-30 09:00:00,0.00020373944,5.6003915e-05,0.00014747473,0.00051076716,0.0005206935,0.0004147173
2018-01-30 10:00:00,0.00026242458,0.00041035106,0.0006938407,0.0009195223,0.0005268965,0.00055621204
2018-01-30 11:00:00,0.00019629946,0.0005946369,0.0007628315,0.00041937604,0.00037877378,0.00030896533
2018-01-30 12:00:00,0.0004229362,0.00068417715,0.0002667143,0.00034688358,0.00023952738,0.00027796312
2018-01-30 13:00:00,0.00027602623,6.1032406e-05,4.2502525e-05,5.1980493e-05,0.00024071179,0.00016418973
2018-01-30 14:00:00,0.00027656122,0.00028222427,0.00022614918,6.284969e-05,2.353575e-05,4.722587e-05
2018-01-30 15:00:00,4.170516e-05,8.882135e-05,0.0002600453,0.00027476103,0.00025523067,0.00026559786
2018-01-30 16:00:00,3.459863e-05,0.000320718,0.0002018555,0.00026780274,0.00023601903,0.00032480047
2018-01-30 17:00:00,0.00026932854,0.00030151484,0.00025402653,0.00022266043,0.00041178137,0.00020892198
2018-01-30 18:00:00,4.095704e-05,4.533007e-05,3.2664047e-05,0.0002259944,7.08922e-05,0.00011039919
2018-01-30 19:00:00,6.406847e-05,5.881677e-05,0.0002363882,8.593084e-05,0.00016104006,0.00022046625
2018-01-30 20:00:00,3.0594052e-05,0.00023774836,6.677191e-05,0.00013087362,0.000234893,0.00020282468
2018-01-30 21:00:00,0.00021818398,6.542152e-05,0.00015405047,0.00023087647,0.00021490555,0.00025608722
2018-01-30 22:00:00,0.00016553067,5.6291134e-05,4.0915842e-05,9.548048e-05,0.00015954422,0.00017119909
2018-01-30 23:00:00,0.0001055518,0.00015626464,0.00020542825,0.00034477204,0.00035973938,9.0872716e-05
2018-01-31 00:00:00,6.0151182e-05,0.00014051744,0.00029078903,0.00035842968,4.7142603e-05,5.4768498e-05
2018-01-31 01:00:00,9.943881e-05,0.00023004522,0.00026903674,3.9178914e-05,4.2662105e-05,0.00032747013
2018-01-31 02:00:00,0.0001517527,0.00018518958,0.00011314489,6.487173e-05,0.00039134754,0.000326015
2018-01-31 03:00:00,9.378543e-05,0.00027078998,0.00013087247,0.0003147217,0.0002595358,0.00013559028
2018-01-31 04:00:00,0.00031270916,0.0002968703,0.00023123155,0.00020886974,0.00021545528,0.00016856757
2018-01-31 05:00:00,4.4511995e-05,0.00036417774,0.00040984558,0.00044702739,0.0004127327,0.0002714196
2018-01-31 06:00:00,0.00060517894,0.0004347129,0.0004165496,0.0005375756,0.0004889991,0.0004968444
2018-01-31 07:00:00,6.172236e-05,5.699881e-05,4.7411268e-05,3.9314116e-05,0.00037114503,0.00050980237
2018-01-31 08:00:00,3.0410532e-05,7.595198e-05,4.831412e-05,0.00044084416,0.00050333526,0.00049478817
2018-01-31 09:00:00,9.4309e-05,3.853149e-05,0.00048952474,0.0006439032,0.00056859443,0.0006029861
2018-01-31 10:00:00,4.596873e-05,0.00045581406,0.00076945627,0.00064637465,0.0007393116,0.0006155319
2018-01-31 11:00:00,0.0005891666,0.0010618401,0.00060018816,0.00064495666,0.0006827273,0.0006417614
2018-01-31 12:00:00,0.00060088787,0.00027593825,0.00040221674,0.00038970885,0.0007174146,0.00042271038
2018-01-31 13:00:00,0.0002239134,5.3802705e-05,4.10685e-05,0.00035161676,0.00014892984,0.00010122924
2018-01-31 14:00:00,0.00017065824,0.00024559736,0.00051327155,0.00038556464,0.0002383142,0.0002649155
2018-01-31 15:00:00,7.343736e-05,0.0003670173,0.0002010582,0.0001650695,0.00023526624,0.00017581244
2018-01-31 16:00:00,0.00038336095,0.0002130079,0.00011269251,0.00022514306,0.00019608732,2.9449686e-05
2018-01-31 17:00:00,0.0002010036,0.00026064887,0.00011066792,0.000116994175,0.00029408734,0.00014417946
2018-01-31 18:00:00,0.00010218936,9.592087e-05,4.8681606e-05,0.0002058073,9.352482e-05,8.864238e-05
2018-01-31 19:00:00,0.00016603775,0.00012922096,0.00012225428,9.116358e-05,0.00017800619,0.00026716106
2018-01-31 20:00:00,3.8346763e-05,0.00027193004,0.00013955013,7.803259e-05,0.00023993543,0.00027520358
2018-01-31 21:00:00,0.00023111992,0.00011636041,0.00010882337,0.000309607,0.00037581357,0.00030817732
2018-01-31 22:00:00,0.000120027995,0.0002839998,0.00040926234,0.0005810551,0.00061766506,0.000672244
2018-01-31 23:00:00,0.00022838947,0.00047980438,0.00056645775,0.00045843536,0.00079715555,0.00041718798
2018-02-01 00:00:00,0.00021612458,0.0004450093,0.00043738808,0.0004937334,0.0003131171,8.911339e-05
2018-02-01 01:00:00,0.00021191662,0.00029207315,0.00039120112,0.0002154448,5.732126e-05,0.00033663175
2018-02-01 02:00:00,7.5634205e-05,0.00036853217,7.4542826e-05,0.00017667793,0.0005772109,2.4567753e-05
2018-02-01 03:00:00,0.00024509063,3.5589183e-05,0.00027147884,0.00065051357,4.8704922e-05,0.00017712222
2018-02-01 04:00:00,0.00022802716,0.00048955285,0.00094668235,0.00024606907,0.00040350514,0.00035875532
2018-02-01 05:00:00,0.000312372,0.0008095667,6.1870734e-05,0.0003243044,0.0003623444,0.00042598147
2018-02-01 06:00:00,0.0004309606,0.00023995925,0.00013132892,0.00023309482,0.0002635101,0.00081792445
2018-02-01 07:00:00,0.0008268583,0.00033260736,8.772654e-05,0.0001523328,0.0013647251,0.0007274487
2018-02-01 08:00:00,0.00034542542,0.0005548344,0.0003638865,0.0009988898,0.00057317695,0.00083464116
2018-02-01 09:00:00,0.00012279031,0.00014382879,0.001216902,0.0010185488,0.0014978906,0.0009706141
2018-02-01 10:00:00,2.9428906e-05,0.0017511393,0.001139602,0.0017901023,0.0012394724,0.0010330116
2018-02-01 11:00:00,0.00173175,0.0015146355,0.0013057851,0.00095683953,0.0013826296,0.00082174386
2018-02-01 12:00:00,0.00015406552,0.00017668057,0.00014169705,7.184515e-05,0.00014587125,0.0010481155
2018-02-01 13:00:00,0.00028292718,8.489558e-05,4.5430836e-05,7.883459e-05,0.0015301618,0.0009766917
2018-02-01 14:00:00,0.00032147803,0.00021217983,0.00025675568,0.0013468035,0.0013961794,0.0014860888
2018-02-01 15:00:00,9.605542e-05,6.326974e-05,0.0013920175,0.0011011799,0.0012318997,0.0015586558
2018-02-01 16:00:00,6.9768e-05,0.0021431462,0.0012256212,0.0014946864,0.0017181771,0.0012253866
2018-02-01 17:00:00,0.0017590317,0.0012391029,0.0014361129,0.0014735961,0.0013850051,0.0008923815
2018-02-01 18:00:00,0.00026637327,0.0001144557,0.00027369283,5.8121856e-05,0.00021553197,0.00043271526
2018-02-01 19:00:00,0.00019157161,0.0007659229,0.00019030884,5.1198964e-05,0.00031245252,0.00019662207
2018-02-01 20:00:00,0.00047137187,6.827614e-05,0.00019984007,0.000518531,0.00041851454,0.0002860936
2018-02-01 21:00:00,0.0003225672,0.00076300063,0.0007127632,0.00070861506,0.00082244683,0.000643786
2018-02-01 22:00:00,0.00021634017,0.0007161284,0.00043756724,0.00053619244,0.00039100312,0.0004812533
2018-02-01 23:00:00,0.00048467523,0.0003990636,0.00036102178,0.00019526681,0.00046296325,0.00044330285
2018-02-02 00:00:00,6.830258e-05,3.669703e-05,0.00019150465,3.8554437e-05,0.00020960337,0.0006675018
2018-02-02 01:00:00,7.244632e-05,0.000121644145,8.185382e-05,0.00032686425,0.00060032343,0.00046878858
2018-02-02 02:00:00,0.00014873371,5.0086677e-05,0.0002911193,0.00077751203,0.0004398889,0.00028519204
2018-02-02 03:00:00,0.00016735843,0.00055996847,0.0010477029,0.00064496056,0.00051766005,0.000550668
2018-02-02 04:00:00,0.00036150133,0.0008842946,0.0005119104,0.0003612258,0.00039355014,8.989439e-05
2018-02-02 05:00:00,0.0005413925,0.0003158784,7.416589e-05,0.00014067348,0.00017297985,0.00011624026
2018-02-02 06:00:00,0.00014954219,0.00039382745,0.00023820103,0.00044425836,0.00043019865,0.00059537886
2018-02-02 07:00:00,0.00013116439,0.00013920807,0.00039302665,0.00030396236,0.00054194714,0.00033489894
2018-02-02 08:00:00,4.4246433e-05,0.00038179284,0.0002117748,0.00036354386,0.0001865718,0.00028884373
2018-02-02 09:00:00,0.00035664247,0.00034084244,0.00039910738,0.00024706428,0.0002527774,0.0005599015
2018-02-02 10:00:00,5.1414372e-05,0.00019488382,4.6946647e-05,0.00012697317,0.0003261842,2.2725899e-05
2018-02-02 11:00:00,0.00024899287,2.6580617e-05,0.00014893673,0.0003561006,3.5212015e-05,4.4027398e-05
2018-02-02 12:00:00,0.00021900337,8.768624e-05,0.0001283598,0.00018120662,0.00023733197,7.4062664e-05
2018-02-02 13:00:00,0.00015778959,0.00041135802,5.291733e-05,8.165026e-05,0.00029111694,0.00025006372
2018-02-02 14:00:00,0.00021935336,0.00014016977,0.00014472015,0.00020383818,0.0002253841,5.6093642e-05
2018-02-02 15:00:00,0.00028165724,0.00042682272,3.943114e-05,4.5825087e-05,0.00013699551,6.916973e-05
2018-02-02 16:00:00,0.00012513908,0.0003308002,0.00029425556,0.00016400823,0.00034823045,0.00011798193
2018-02-02 17:00:00,0.00037378992,0.0003589018,0.0001861358,0.0004562984,0.00020702281,0.00031601274
2018-02-02 18:00:00,3.6204056e-05,0.00018749757,7.2881e-05,0.00017700276,3.7621936e-05,0.00019990656
2018-02-02 19:00:00,0.00018198202,8.857222e-05,0.00021589303,3.670351e-05,0.0003743952,0.00019562998
2018-02-02 20:00:00,0.00030600576,5.0181152e-05,0.0001169274,0.00045146715,0.00041534656,0.00018421758
2018-02-02 21:00:00,0.00032288415,0.0001224551,0.00025060872,0.00024526223,4.1382413e-05,4.552163e-05
2018-02-04 22:00:00,0.00015412363,0.000706417,0.00058348663,0.00020991541,0.00034321367,0.00019649572
2018-02-04 23:00:00,0.00046482598,0.00046793526,6.5446286e-05,0.0001346307,9.314826e-05,6.934417e-05
2018-02-05 00:00:00,6.2716186e-05,0.00032627472,0.0001845215,0.00023206376,0.00029185557,4.726455e-05
2018-02-05 01:00:00,0.00025424673,0.00027801402,0.00021517008,0.00027786885,5.4088883e-05,0.00010240473
2018-02-05 02:00:00,7.221464e-05,2.5820085e-05,3.7740712e-05,0.0001839678,0.00013589306,4.867579e-05
2018-02-05 03:00:00,3.3458786e-05,7.876621e-05,0.00014362385,7.515139e-05,2.9956767e-05,9.6782016e-05
2018-02-05 04:00:00,2.8786877e-05,0.00020546382,0.00010956577,2.9959612e-05,0.00022974686,0.00021430374
2018-02-05 05:00:00,0.00030066102,0.00014470685,5.943795e-05,0.00015396645,0.00029557836,0.00038076672
2018-02-05 06:00:00,0.00010442747,0.00016769062,4.9968836e-05,0.000112949536,0.00025817074,0.00041968407
2018-02-05 07:00:00,0.0001108237,7.587304e-05,0.00023105179,0.00030252917,0.00049035763,0.00066062744
2018-02-05 08:00:00,0.00015763141,0.0004134548,0.00040635085,0.0006451112,0.0007404711,0.0007108037
2018-02-05 09:00:00,0.0002390965,0.0004257384,0.0005609177,0.00067626504,0.0007200225,0.00072820124
2018-02-05 10:00:00,0.00020361242,0.00045155446,0.0005373582,0.0004180912,0.0004910266,0.00028012387
2018-02-05 11:00:00,0.00035765403,0.0006520515,0.0003309947,0.00053885346,0.00014669822,7.834159e-05
2018-02-05 12:00:00,0.00024921258,0.00015391895,0.0002445261,8.378321e-05,0.00015745613,0.00020529113
2018-02-05 13:00:00,0.0001054074,5.0944305e-05,0.0003759293,0.00038198833,0.0005315584,0.0002914664
2018-02-05 14:00:00,0.000103073,0.00040039702,0.00027281928,0.00046480173,0.000317425,0.00023456181
2018-02-05 15:00:00,0.00033550046,0.0005800202,0.00055465667,0.0004410421,0.00044364017,0.00030584255
2018-02-05 16:00:00,9.6801254e-05,0.0003061314,0.00012729576,0.00016934254,0.00017450267,0.00010056223
2018-02-05 17:00:00,0.00024165936,8.981224e-05,4.0707597e-05,9.150163e-05,5.9301674e-05,3.5344052e-05
2018-02-05 18:00:00,0.00012287564,0.00015231922,8.91801e-05,0.000108009954,0.00014834061,4.4347846e-05
2018-02-05 19:00:00,5.6290377e-05,4.5548317e-05,4.7127727e-05,0.00011198432,5.6765286e-05,0.000117253876
2018-02-05 20:00:00,3.7518847e-05,3.0419282e-05,0.00010623899,9.933257e-05,0.00018170233,2.903424e-05
2018-02-05 21:00:00,5.0128856e-05,0.000104576,8.5130356e-05,0.0001727021,4.439822e-05,8.220036e-05
2018-02-05 22:00:00,9.1599846e-05,0.00011668766,0.00018345825,3.4148976e-05,0.00011850138,0.0001633227
2018-02-05 23:00:00,0.00017745879,0.00013825118,6.001931e-05,4.6039742e-05,0.00018003346,0.0003124055
2018-02-06 00:00:00,0.00032267885,0.000115312294,0.00016421449,0.0002797943,0.00047172603,0.00057024084
2018-02-06 01:00:00,0.00014689397,7.1587834e-05,9.287504e-05,0.00028379692,0.00023059495,0.00013055032
2018-02-06 02:00:00,0.00013505283,0.00028950852,0.00051211024,0.00034366158,4.421468e-05,0.00024897617
2018-02-06 03:00:00,0.00012916421,0.0005360559,0.00025792376,0.00015098474,0.00036203064,0.0004518062
2018-02-06 04:00:00,0.00035383573,0.00018432518,0.00032021795,0.0005,0.0005640985,0.00076195854
2018-02-06 05:00:00,0.00012771801,0.0005803018,0.00052282604,0.0010925474,0.0010761429,0.0008845751
2018-02-06 06:00:00,0.0005777631,0.0008387644,0.0006845388,0.0013332888,0.0009452203,0.0011233352
2018-02-06 07:00:00,0.00029500708,0.00061455707,0.00072369195,0.00060219486,0.0007663759,0.0007837938
2018-02-06 08:00:00,0.0002837686,0.00071807194,0.00044066983,0.0006860113,0.0004948889,0.00011247971
2018-02-06 09:00:00,0.00047648384,0.00024814275,0.00038743587,0.0004681153,4.628619e-05,0.00018569666
2018-02-06 10:00:00,0.00029912376,8.631758e-05,7.969175e-05,0.00052794494,0.0006568885,0.0004352145
2018-02-06 11:00:00,0.00036284328,0.00032180967,0.00022408743,0.00051131484,0.0003122211,0.00030503495
2018-02-06 12:00:00,7.2139606e-05,0.00074059766,0.0008761701,0.0004917605,0.00083357614,0.00046970943
2018-02-06 13:00:00,0.00068576704,0.0006571736,0.0005294452,0.00067244424,0.00043198947,0.0005965159
2018-02-06 14:00:00,0.0004242271,8.618553e-05,0.00026608614,6.5016386e-05,0.0002182351,9.086368e-05
2018-02-06 15:00:00,0.00026988494,0.00011703125,0.00020480172,7.47915e-05,0.0001471715,0.00017899652
2018-02-06 16:00:00,0.00016585282,3.4147037e-05,0.00020946517,6.9630485e-05,3.7660015e-05,4.804127e-05
2018-02-06 17:00:00,0.00016352424,4.8958686e-05,6.970539e-05,0.00012819386,0.00014620712,0.0002015681
2018-02-06 18:00:00,0.00020339558,8.4557934e-05,4.0808125e-05,5.585682e-05,0.00014232594,9.898071e-05
2018-02-06 19:00:00,0.00012090405,0.00020108742,0.0001841166,0.00038450185,0.00030124906,0.00029263936
2018-02-06 20:00:00,8.905986e-05,0.0001564901,0.00025448794,0.00022066076,0.00014695627,0.00025415965
2018-02-06 21:00:00,8.052947e-05,0.000297124,0.00018514028,0.00016878998,0.00020548767,0.00013777209
2018-02-06 22:00:00,0.00014846603,0.00012979507,8.366634e-05,0.00025690053,0.00018592193,0.0002677745
2018-02-06 23:00:00,9.415241e-05,6.3855725e-05,0.000119695615,6.5693865e-05,0.00025056134,0.00048650557
2018-02-07 00:00:00,2.831008e-05,0.00021302112,7.869239e-05,0.00038411136,0.00043623775,0.00028441392
2018-02-07 01:00:00,0.00021161139,0.00011470512,0.00027197404,0.0004707873,0.00046492615,0.00021606548
2018-02-07 02:00:00,0.000119645534,0.0003286265,0.0003136984,0.00027265886,0.00016643714,0.00026252636
2018-02-07 03:00:00,0.0003426297,0.00064446987,0.00022871065,0.00031762253,0.00047243663,0.00022662022
2018-02-07 04:00:00,0.00022624827,0.00012329339,2.8212069e-05,0.0002040911,7.913611e-05,0.00022684445
2018-02-07 05:00:00,0.00010312339,0.00020841464,4.5889912e-05,8.342777e-05,0.00010726457,0.00010628078
2018-02-07 06:00:00,0.00014647601,0.00013736976,3.0901716e-05,0.00016601972,0.00018781224,0.0002519639
2018-02-07 07:00:00,0.00025236682,0.0001493454,0.00027086856,0.00034952917,0.000416023,0.00024992056
2018-02-07 08:00:00,0.00013633918,6.5300366e-05,0.00011240436,0.0002118413,0.00010534114,6.563431e-05
2018-02-07 09:00:00,0.00019919996,0.00035201988,0.00024577818,0.00025409192,0.00014853393,0.00019978316
2018-02-07 10:00:00,0.00010186671,0.00019999748,9.7576536e-05,6.1384504e-05,0.00046505852,0.0005058944
2018-02-07 11:00:00,0.00012243344,4.4559656e-05,6.886617e-05,0.000510185,0.00054391415,0.00041079463
2018-02-07 12:00:00,0.00013169661,0.00014374017,0.00043374643,0.0007735638,0.00063535926,0.0004745419
2018-02-07 13:00:00,5.6253226e-05,0.00064546184,0.00067147816,0.0005766726,0.0005315544,0.00049072097
2018-02-07 14:00:00,0.0005334027,0.00081224006,0.00038397865,0.00059042865,0.00054510887,0.00041487257
2018-02-07 15:00:00,0.00020163778,0.00021055395,0.0002762009,0.00017275619,0.00023539027,0.00014518751
2018-02-07 16:00:00,6.627671e-05,6.511741e-05,3.362571e-05,5.3386364e-05,6.719981e-05,4.2734096e-05
2018-02-07 17:00:00,0.00010309933,5.6575016e-05,7.798637e-05,7.5038515e-05,2.5643085e-05,4.6834208e-05
2018-02-07 18:00:00,8.399267e-05,3.5680834e-05,4.8287668e-05,0.00010834757,0.00010419591,0.00010250744
2018-02-07 19:00:00,7.6693774e-05,5.894458e-05,3.787241e-05,0.000117847776,6.0445273e-05,3.043467e-05
2018-02-07 20:00:00,4.4535365e-05,9.080543e-05,0.00013617479,0.00011846965,7.567846e-05,0.00014634366
2018-02-07 21:00:00,9.741223e-05,0.00016448372,0.00010536453,8.7706954e-05,0.00018210152,0.00011880627
2018-02-07 22:00:00,9.539579e-05,5.378433e-05,3.6501482e-05,0.0001025942,8.901951e-05,4.059469e-05
2018-02-07 23:00:00,4.3268723e-05,7.4383956e-05,5.5960834e-05,4.697639e-05,3.2365173e-05,0.00034001798
2018-02-08 00:00:00,4.6604742e-05,8.316504e-05,4.3213728e-05,3.6251615e-05,0.00033262355,0.00020928311
2018-02-08 01:00:00,0.00013675445,8.1720355e-05,5.6047098e-05,0.00040875011,0.00018887804,9.9086494e-05
2018-02-08 02:00:00,6.173369e-05,7.712485e-05,0.00043412778,0.00036608108,5.06496e-05,0.00021454056
2018-02-08 03:00:00,7.167162e-05,0.00054173835,0.000271736,0.00012179471,0.00032745927,0.00010554925
2018-02-08 04:00:00,0.000507713,0.00037225994,0.00013417234,0.0003419781,0.00014231268,0.00022328597
2018-02-08 05:00:00,0.00012538038,0.0005973127,0.00079950166,0.00046238874,0.0006126643,0.0006937053
2018-02-08 06:00:00,0.00043010685,0.00068786874,0.0004233667,0.0005763022,0.00073908246,0.00048621767
2018-02-08 07:00:00,0.0003399856,6.1946885e-05,0.00013879189,0.00038371983,0.00028250593,0.00013910986
2018-02-08 08:00:00,0.00033310105,0.00013256854,0.00012402155,9.554649e-05,8.784293e-05,0.00023244799
2018-02-08 09:00:00,0.00017576282,0.00046875395,0.00029380614,0.00018478323,0.0005198743,0.00058712997
2018-02-08 10:00:00,0.00025645574,0.00024103082,6.313157e-05,0.00040481903,0.00066641055,0.00047595942
2018-02-08 11:00:00,8.4631305e-05,0.00020109017,0.00023293059,0.00041262893,0.00028892356,0.000508568
2018-02-08 12:00:00,0.00017142245,0.00037416836,0.000518975,0.00041311927,0.0006189807,0.00075514684
2018-02-08 13:00:00,0.00059039396,0.0005776034,0.0005017748,0.00078476686,0.001007839,0.00074721617
2018-02-08 14:00:00,0.00023716656,0.00018403573,0.00033932214,0.00046895666,0.0006342317,0.00034315273
2018-02-08 15:00:00,8.899229e-05,0.00025652986,0.00027362007,0.0005479683,0.00023164337,0.0002480817
2018-02-08 16:00:00,0.00030740682,0.0004858944,0.00054802466,0.0004042097,0.0003542197,0.00041841855
2018-02-08 17:00:00,0.00018053896,0.0005049939,0.00017199742,0.00015755538,0.0002677556,0.0001417085
2018-02-08 18:00:00,0.00023814876,8.066778e-05,5.4644606e-05,0.00012530305,5.7403828e-05,5.8167334e-05
2018-02-08 19:00:00,0.00014821565,0.00028283356,0.00011260197,0.00015187517,0.00026682546,0.00021586471
2018-02-08 20:00:00,6.595036e-05,9.273804e-05,4.780911e-05,8.983761e-05,0.00018010508,6.811863e-05
2018-02-08 21:00:00,0.00014596856,7.261931e-05,6.9913825e-05,0.00012602737,5.9413196e-05,0.00012891654
2018-02-08 22:00:00,7.93323e-05,0.00026867227,0.0002916723,0.00017080882,0.00026442445,0.00018863
2018-02-08 23:00:00,0.00012685604,0.00029359723,9.149744e-05,0.00018093994,0.00013854519,0.00014297264
2018-02-09 00:00:00,8.261766e-05,4.4855933e-05,9.7793025e-05,6.6934255e-05,7.571369e-05,0.00012151099
2018-02-09 01:00:00,0.00012406708,3.080168e-05,5.6212804e-05,4.700027e-05,0.00023946853,2.4015477e-05
2018-02-09 02:00:00,0.00015730267,7.109556e-05,8.980728e-05,0.00019967947,0.00010553317,0.00012116006
2018-02-09 03:00:00,5.5933164e-05,6.382562e-05,0.00019397994,4.1537176e-05,9.982489e-05,3.630684e-05
2018-02-09 04:00:00,7.2203926e-05,0.0002918144,6.1416715e-05,0.00012629111,9.250218e-05,7.7595614e-05
2018-02-09 05:00:00,0.0002676925,6.7868226e-05,0.00016394685,8.709747e-05,7.4576485e-05,4.2854354e-05
2018-02-09 06:00:00,0.0003381182,0.0004920048,0.0003087593,0.00022578602,0.00024953656,0.0005024554
2018-02-09 07:00:00,0.00012804147,8.071287e-05,7.333475e-05,6.0012873e-05,0.00064131495,0.000760349
2018-02-09 08:00:00,5.8050784e-05,8.5258536e-05,8.456357e-05,0.0007623393,0.000723559,0.0005863838
2018-02-09 09:00:00,4.8079626e-05,5.329561e-05,0.00061101443,0.00089709944,0.00087190454,0.00036954295
2018-02-09 10:00:00,5.8123256e-05,0.0009765914,0.00093323947,0.00088255556,0.00054179743,0.00030440927
2018-02-09 11:00:00,0.0009302165,0.0009820663,0.0009129932,0.00055050215,0.00033609418,0.00019520802
2018-02-09 12:00:00,0.0002690083,0.00017532818,2.5393569e-05,0.0003146593,0.00043772583,7.105482e-05
2018-02-09 13:00:00,0.00019733909,0.0003177104,0.0007229516,0.0006958853,0.00027941389,0.00034453857
2018-02-09 14:00:00,0.00019638531,0.00073307066,0.00046143166,0.0002833332,0.00040787895,0.0001374649
2018-02-09 15:00:00,0.0004776329,0.00048152686,8.757345e-05,0.00025131638,0.0001270093,0.00011807599
2018-02-09 16:00:00,3.1886048e-05,0.00038155206,0.00010576398,0.0002609442,0.00048001364,0.00025310236
2018-02-09 17:00:00,0.00030211522,0.00013396353,0.00019290268,0.00063324696,0.00030037243,0.000107577034
2018-02-09 18:00:00,0.00022801732,7.891886e-05,0.00028121722,4.9554706e-05,0.000118173586,3.233045e-05
2018-02-09 19:00:00,0.00016174614,0.0005972788,0.00022202567,4.8511025e-05,8.316309e-05,2.0688198e-05
2018-02-09 20:00:00,0.00044433132,0.00013019395,9.548769e-05,3.4187957e-05,9.37985e-05,2.6480147e-05
2018-02-09 21:00:00,0.00030256758,0.0006227638,0.00032079607,0.0004721467,0.00028238678,0.00025914545
2018-02-11 22:00:00,0.00022228021,0.00011099602,0.00020085656,0.00014155975,0.0001987496,0.00017407199
2018-02-11 23:00:00,6.148106e-05,9.020773e-05,7.9320875e-05,6.256812e-05,5.0757186e-05,5.9432678e-05
2018-02-12 00:00:00,0.0001747604,6.505333e-05,0.00012523503,0.00012277618,4.567012e-05,0.00016850277
2018-02-12 01:00:00,0.00014223308,5.6511868e-05,8.4317726e-05,0.00013393474,0.0003284067,2.47703e-05
2018-02-12 02:00:00,9.3474584e-05,0.00012136221,6.0514576e-05,0.0001855743,0.00010444625,6.3905376e-05
2018-02-12 03:00:00,4.253219e-05,9.521615e-05,0.00018344387,6.765421e-05,3.2560256e-05,4.1488376e-05
2018-02-12 04:00:00,0.00016559035,0.00042065408,4.7056776e-05,4.8997183e-05,3.2290274e-05,0.00016796075
2018-02-12 05:00:00,0.00022534985,0.00019911535,0.00010117516,0.00015315916,8.4815125e-05,0.00017132142
2018-02-12 06:00:00,0.00036645343,0.00039363056,0.00033097208,0.00012326591,3.9050352e-05,7.5377444e-05
2018-02-12 07:00:00,8.0831305e-05,2.8551509e-05,0.00020372178,0.00025827353,0.00037302647,0.00076573296
2018-02-12 08:00:00,3.752851e-05,0.00023248127,0.00025978114,0.00037862547,0.0008552775,0.00043935527
2018-02-12 09:00:00,0.0002916946,0.0003861387,0.00030879132,0.0007910725,0.0005643564,0.00045316303
2018-02-12 10:00:00,0.00017064653,0.00023819596,0.0006027762,0.0004188305,0.000492488,0.000211612
2018-02-12 11:00:00,5.7469715e-05,0.00067992305,0.0003148635,0.0002785151,0.00017554295,0.0002182339
2018-02-12 12:00:00,0.00046961274,0.00027605708,0.0003320297,0.00014361287,0.00020617043,0.00040201403
2018-02-12 13:00:00,0.00034219146,0.00017645926,0.00033397903,0.00020704976,0.0001588348,0.0002035114
2018-02-12 14:00:00,0.00010272335,0.00016561228,4.4329543e-05,0.00037605048,0.00046281886,0.0006016122
2018-02-12 15:00:00,0.00022157504,7.5658776e-05,0.00023649608,0.00043400447,0.0006322915,0.0004678344
2018-02-12 16:00:00,0.00013507123,0.0006381128,0.00067550084,0.00091611454,0.00051539234,0.0007200064
2018-02-12 17:00:00,0.00040475893,0.00069676596,0.0007317675,0.0006727935,0.0006179953,0.00041334785
2018-02-12 18:00:00,0.00019830972,0.00058914564,0.00038217538,0.00044693402,0.00014133322,0.00021853922
2018-02-12 19:00:00,0.0004180053,0.0002306723,0.00032486953,8.5014915e-05,0.00017470989,0.000117752075
2018-02-12 20:00:00,0.0001929992,4.6312172e-05,0.0002683515,0.00014232918,0.00010926667,3.3928285e-05
2018-02-12 21:00:00,0.00019937666,0.00016915794,3.8082846e-05,7.535968e-05,0.00012226343,0.00022127134
2018-02-12 22:00:00,0.00027212483,0.00015436749,6.3087005e-05,2.9286428e-05,0.00015831042,0.00012077903
2018-02-12 23:00:00,0.00016652526,0.00022412554,0.00020220013,0.0004239633,0.00013772624,3.2556167e-05
2018-02-13 00:00:00,0.00010369123,0.0001560076,0.0002353315,4.321642e-05,9.6481745e-05,0.000243886
2018-02-13 01:00:00,9.61067e-05,0.0002619247,0.000119647826,0.00018490966,0.00040179372,0.00059043727
2018-02-13 02:00:00,0.00026471785,0.00017032199,0.00020535466,0.0003818248,0.00069923414,0.00041850368
2018-02-13 03:00:00,0.00040328526,0.0005290453,0.0005339056,0.00085261825,0.00057451986,0.0006614214
2018-02-13 04:00:00,0.00011122508,0.00039038944,0.0006888701,0.00047464203,0.0005461804,5.678057e-05
2018-02-13 05:00:00,0.00028693478,0.0008680905,0.00025398846,0.00038970337,0.0001337549,0.0005598183
2018-02-13 06:00:00,0.00044899384,0.0001483426,0.00021566478,0.0003072491,0.00088926003,0.0006643736
2018-02-13 07:00:00,0.00023749772,0.00019283543,0.0006928164,0.0010389666,0.00089880265,0.0009735498
2018-02-13 08:00:00,0.00013683467,0.0006088493,0.0010220241,0.00078630215,0.0009622035,0.00062746904
2018-02-13 09:00:00,0.00061249716,0.0016126306,0.00093959103,0.0011291695,0.0009991565,0.00033563285
2018-02-13 10:00:00,0.0007453522,0.00057275913,0.0004142515,0.0004692863,8.198023e-05,0.00021418513
2018-02-13 11:00:00,6.991001e-05,7.0459624e-05,7.288442e-05,0.00059945625,0.00066454615,0.00065483805
2018-02-13 12:00:00,0.00017604059,2.5957142e-05,0.00051340467,0.0007363265,0.00065249205,0.00045222667
2018-02-13 13:00:00,0.00012901094,0.00061648997,0.00083626324,0.00074258866,0.0008858012,0.0003460664
2018-02-13 14:00:00,0.0007291397,0.0010071858,0.0006248471,0.00069299364,0.00026554868,0.00035584957
2018-02-13 15:00:00,0.00018180115,0.00033728482,0.0001434915,0.00017341085,0.00014401072,3.404327e-05
2018-02-13 16:00:00,0.00013347542,3.2159725e-05,0.0003026734,0.00026594958,0.0001467313,0.00010872485
2018-02-13 17:00:00,0.00013346226,0.00055988424,0.00030421157,0.00028052155,0.00029193197,0.0001705137
2018-02-13 18:00:00,0.00038781384,0.00037623846,0.0002454104,0.00016617056,0.00010674763,4.501639e-05
2018-02-13 19:00:00,4.2576383e-05,0.00016531188,0.00013217285,0.00020883114,0.00029408475,0.0001017712
2018-02-13 20:00:00,9.012017e-05,0.00017117303,0.00016006143,0.00023574775,0.0001356216,0.00012962335
2018-02-13 21:00:00,6.340814e-05,0.00015498465,0.00011865293,0.00010597412,9.9782104e-05,0.00010448569
2018-02-13 22:00:00,0.00011525782,0.00016968918,8.542565e-05,8.425085e-05,7.896263e-05,7.582896e-05
2018-02-13 23:00:00,7.164687e-05,6.585963e-05,5.2310297e-05,4.9329636e-05,5.3573687e-05,0.00013307056
2018-02-14 00:00:00,8.891409e-05,8.247376e-05,4.032985e-05,3.619351e-05,0.00011686586,9.612541e-05
2018-02-14 01:00:00,3.7289203e-05,8.843198e-05,0.00011153755,0.00018158705,4.1823077e-05,7.0478585e-05
2018-02-14 02:00:00,6.0689814e-05,0.00011555975,0.00017335787,4.8290505e-05,0.000115361334,0.00035957462
2018-02-14 03:00:00,5.6547906e-05,0.00014932244,7.899251e-05,0.00015797777,0.00045268802,0.00070796104
2018-02-14 04:00:00,0.00013184034,0.000119851196,0.00017363692,0.00054386153,0.00061288074,0.000507959
2018-02-14 05:00:00,0.00022228093,0.0003514311,0.00077081565,0.0008893518,0.00051180716,0.0006950354
2018-02-14 06:00:00,8.4857544e-05,0.0006604106,0.000553478,0.00047547437,0.0005855342,0.00049278623
2018-02-14 07:00:00,0.0004304699,0.0006406481,0.00037330718,0.0005322791,0.0007292653,0.00034533755
2018-02-14 08:00:00,0.00022184983,2.0089725e-05,0.00012618973,0.00021016209,0.000111821515,0.00064751704
2018-02-14 09:00:00,0.00018105813,9.6275304e-05,6.4021755e-05,7.172221e-05,0.00067036797,0.00053228287
2018-02-14 10:00:00,0.00015570516,0.00022870478,6.1004423e-05,0.0007928313,0.0010638091,0.0010535662
2018-02-14 11:00:00,0.00013348258,3.1955162e-05,0.0008537173,0.0010366624,0.0011296007,0.00085606566
2018-02-14 12:00:00,0.00011390361,0.00083708385,0.0007085989,0.00082657847,0.0010691452,0.00046268702
2018-02-14 13:00:00,0.00096872146,0.0010919762,0.0009390835,0.0012455037,0.00074733444,0.0011353205
2018-02-14 14:00:00,0.00022895545,0.0005136562,0.0005208431,0.00021293631,0.00042208354,0.00039652947
2018-02-14 15:00:00,0.00020091332,0.00036799457,4.9382703e-05,0.00038671345,0.00030141685,0.00027321427
2018-02-14 16:00:00,0.00017225037,8.79717e-05,0.000117361975,0.00015538449,0.00032426298,4.1168827e-05
2018-02-14 17:00:00,0.00033697096,3.8578182e-05,3.2209562e-05,0.00010904208,0.00016743699,0.000119951175
2018-02-14 18:00:00,0.0004208493,0.00029438367,0.00030906565,0.000107405685,7.194941e-05,6.2849525e-05
2018-02-14 19:00:00,5.4366395e-05,0.00014830813,0.00013078976,0.00014597653,0.00020568544,0.0001945774
2018-02-14 20:00:00,0.00016706392,0.00015282576,0.00014865024,0.00014825755,0.00018651459,0.00017607567
2018-02-14 21:00:00,0.00035370304,0.00042489383,0.00032863556,0.00028323516,0.0003186092,5.2577954e-05
2018-02-14 22:00:00,7.18308e-05,4.0356623e-05,9.8510194e-05,0.00010585784,0.00015557582,8.687116e-05
2018-02-14 23:00:00,2.3652727e-05,6.77641e-05,7.871356e-05,0.000181273,6.0997103e-05,8.950718e-05
2018-02-15 00:00:00,6.404367e-05,3.9085367e-05,0.00023498027,6.819261e-05,0.000112113376,4.8965965e-05
2018-02-15 01:00:00,3.089099e-05,0.00026420268,3.877213e-05,0.00019142644,9.3657785e-05,0.00028857353
2018-02-15 02:00:00,0.0003784319,2.7564329e-05,0.00018589263,0.00011161467,0.00038331363,0.0005737481
2018-02-15 03:00:00,0.00030992556,9.759836e-05,0.00017889505,0.00024431074,0.0004046423,0.000118564574
2018-02-15 04:00:00,0.00027064208,0.00012548253,0.0004304934,0.0007041323,0.00033184583,0.00044897443
2018-02-15 05:00:00,8.656588e-05,0.00038925916,0.0005471979,0.00025848422,0.00048249747,0.00025236377
2018-02-15 06:00:00,0.00040832473,0.0006751292,0.00038656784,0.00047506174,0.00043031914,6.2577456e-05
2018-02-15 07:00:00,0.00018275602,9.868772e-05,0.00011342503,9.9624456e-05,0.00035611255,0.0003181589
2018-02-15 08:00:00,0.00028351502,3.975158e-05,5.9270315e-05,0.0007786964,0.0005966212,0.00032120946
2018-02-15 09:00:00,0.0002468139,0.00018385253,0.00049260905,0.00043128195,0.00022163194,5.001128e-05
2018-02-15 10:00:00,3.6701113e-05,0.0007122026,0.0007124772,0.00039435326,6.439735e-05,0.00021836406
2018-02-15 11:00:00,0.00055769517,0.0008685751,0.00038045866,5.9662787e-05,0.00017708,0.000329981
2018-02-15 12:00:00,4.3853033e-05,0.00030977686,0.000483207,0.00038865817,0.00014735853,0.00011003506
2018-02-15 13:00:00,0.00030597,0.00062368484,0.0004133158,0.00013882741,0.0001694118,0.0004374
2018-02-15 14:00:00,0.00038127817,0.00014151778,0.00012245952,7.660545e-05,0.00025610958,0.00019333104
2018-02-15 15:00:00,0.00019631682,0.0003964736,0.00025296403,6.812809e-05,5.1402847e-05,8.460443e-05
2018-02-15 16:00:00,0.00031764488,0.00023957845,9.614496e-05,8.608027e-05,4.5946905e-05,7.987087e-05
2018-02-15 17:00:00,6.9026646e-05,0.0005014216,0.00034285674,0.0002728156,6.173865e-05,0.00014439522
2018-02-15 18:00:00,0.00035262393,0.00041615203,0.00019805534,4.2551674e-05,0.0001445978,0.00013376055
2018-02-15 19:00:00,4.538278e-05,7.2526425e-05,0.0002858042,0.00018557151,0.00011598982,9.410722e-05
2018-02-15 20:00:00,3.854773e-05,0.00028632293,0.00014867987,0.00014184769,0.00015659907,0.000115019415
2018-02-15 21:00:00,0.00031490801,0.00013631115,0.00011822497,0.00013958459,0.00016078103,7.023302e-05
2018-02-15 22:00:00,9.311731e-05,0.00016110191,9.540327e-05,5.0029423e-05,0.00012492835,5.0877847e-05
2018-02-15 23:00:00,5.490114e-05,2.6321988e-05,6.6463304e-05,3.8357644e-05,5.279573e-05,0.000105256484
2018-02-16 00:00:00,4.5737168e-05,0.00011878349,3.876122e-05,0.000117091295,0.00020169784,0.00040654396
2018-02-16 01:00:00,6.164789e-05,4.1379124e-05,4.3279495e-05,0.00017148646,0.00044667133,0.00021749001
2018-02-16 02:00:00,8.6908076e-05,3.5761383e-05,0.000115558614,0.00039648058,0.00019424695,6.359231e-05
2018-02-16 03:00:00,8.1306665e-05,0.0001988421,0.00037733858,0.00024830474,0.00018904945,5.472421e-05
2018-02-16 04:00:00,0.00012995063,0.00048901147,0.00020650442,0.00012295836,3.461267e-05,0.00019038898
2018-02-16 05:00:00,0.00043999543,0.000105776526,3.905754e-05,0.00011150596,0.00029787893,0.0001948159
2018-02-16 06:00:00,0.00024041045,0.00040265074,0.00053922704,0.0005352572,0.00049191306,8.960633e-05
2018-02-16 07:00:00,0.000112832415,0.0002948332,0.0004043059,0.00032097843,8.449938e-05,0.00015835497
2018-02-16 08:00:00,0.00010692902,0.00053778273,0.00025769675,0.0002011622,0.00011755901,0.00010408453
2018-02-16 09:00:00,0.00039640645,0.00019411572,0.0002858122,4.6072215e-05,0.00011801059,0.00028958078
2018-02-16 10:00:00,0.00012799751,0.00070367416,0.0002564262,0.00017783204,0.00020847612,0.00033479047
2018-02-16 11:00:00,0.0006895149,0.00019125133,4.1495692e-05,0.0003157215,0.0004920907,0.00023140133
2018-02-16 12:00:00,0.0004147364,0.00066736876,0.00066524465,0.0010041192,0.00072897616,0.00037010378
2018-02-16 13:00:00,0.00017962663,0.0005871698,0.0007533465,0.00038484484,0.00044741275,0.00023201629
2018-02-16 14:00:00,0.000373569,0.0007389267,0.0003209639,0.00025162703,0.00023519236,3.2555155e-05
2018-02-16 15:00:00,0.00021548838,5.5663633e-05,6.9142035e-05,0.0001251106,0.00026272258,0.0003718484
2018-02-16 16:00:00,0.00029314117,0.00018390095,0.0002348151,0.00045735028,0.0005431323,0.00037475716
2018-02-16 17:00:00,5.074942e-05,0.00011622718,0.00028890092,0.0002823077,0.00032118039,0.00045178673
2018-02-16 18:00:00,5.322399e-05,0.00034647537,0.00031407853,0.0003673635,0.00040942422,0.00036432277
2018-02-16 19:00:00,0.00026559996,0.0003377825,0.00023479655,0.0004367723,0.00068264606,0.0007756593
2018-02-16 20:00:00,5.419268e-05,4.8374284e-05,0.000248382,0.0004039542,0.0005129365,0.00043825517
2018-02-16 21:00:00,4.2031887e-05,0.00020816765,0.0003264293,0.00043153632,0.00045581747,0.0004674685
2018-02-18 22:00:00,0.00022001938,0.00039554937,0.0004914416,0.00041631737,0.00064990274,0.0003179831
2018-02-18 23:00:00,0.0001806168,0.0005143021,0.00046323755,0.00022639653,0.00020441583,0.00028432446
2018-02-19 00:00:00,0.00022988867,0.00032223333,0.00020654155,0.00018577295,0.00030031608,4.7965157e-05
2018-02-19 01:00:00,6.422558e-05,5.2646465e-05,2.0728612e-05,0.00011010804,0.0001957366,0.00011586088
2018-02-19 02:00:00,1.593364e-05,7.143573e-05,5.999126e-05,0.00026611277,0.00020439367,0.00017998593
2018-02-19 03:00:00,7.8152276e-05,6.9550624e-05,0.0002697503,0.00019947052,0.00031829966,0.00020906994
2018-02-19 04:00:00,0.00012512573,0.00032035372,0.00014992757,0.0002549298,0.00023742128,0.00013634124
2018-02-19 05:00:00,0.0004622629,0.00035369676,0.0003876711,0.00036687843,0.0003261953,0.00031851826
2018-02-19 06:00:00,7.4722564e-05,0.00010820074,5.4012653e-05,4.86145e-05,0.000110356596,0.00025050255
2018-02-19 07:00:00,0.00025606167,7.492302e-05,5.9463575e-05,0.00012395794,0.00027879523,8.476417e-05
2018-02-19 08:00:00,0.00011734176,0.00014901554,2.7455313e-05,0.00032800957,3.0973682e-05,9.6769036e-05
2018-02-19 09:00:00,4.0251012e-05,0.00012287617,0.00039897137,8.359377e-05,0.00013330107,3.6325167e-05
2018-02-19 10:00:00,0.00013842672,0.00049468974,0.00012189212,0.00011912412,4.0770865e-05,5.6178946e-05
2018-02-19 11:00:00,0.00042492212,2.7728049e-05,0.0002201355,8.1508835e-05,0.00014098918,0.0003016563
2018-02-19 12:00:00,0.00039365236,0.0008185272,0.00039333446,0.0005826178,0.0005749992,0.00049625325
2018-02-19 13:00:00,0.0002598216,6.876725e-05,0.00018106583,0.0003277297,0.00027597757,0.0002825563
2018-02-19 14:00:00,0.00019887336,3.517145e-05,0.000108968874,0.00011655227,0.00023086536,0.00015768016
2018-02-19 15:00:00,0.00016630138,0.00026564798,0.00023841888,0.00033341398,0.00031785623,0.00027922218
2018-02-19 16:00:00,0.000109578315,0.00010663877,0.00027961956,0.00019790414,0.0002003118,0.00026219568
2018-02-19 17:00:00,4.4614928e-05,0.00013723469,9.7632794e-05,0.00013973728,0.00027499252,3.7802285e-05
2018-02-19 18:00:00,0.00015883107,0.0001327363,0.0001092162,0.0003684266,5.0695973e-05,0.00015497657
2018-02-19 19:00:00,6.650099e-05,4.4207798e-05,0.0001552261,8.6875836e-05,5.418988e-05,3.204832e-05
2018-02-19 20:00:00,4.673795e-05,0.00029229355,5.9997394e-05,9.8182834e-05,4.1273324e-05,4.217756e-05
2018-02-19 21:00:00,0.00020660096,8.037303e-05,8.0113445e-05,5.071285e-05,3.700017e-05,0.00012651333
2018-02-19 22:00:00,0.0003646434,0.00013386935,0.00016582102,0.0001134642,5.735599e-05,0.00016693359
2018-02-19 23:00:00,0.0001820047,9.48852e-05,0.00010366491,0.0002355356,0.00037695514,0.00034754246
2018-02-20 00:00:00,7.4391275e-05,6.1519306e-05,0.00018961522,0.00028212284,0.0002883593,0.00030047502
2018-02-20 01:00:00,4.4525248e-05,0.00030222101,0.0003208856,0.00038112362,0.00033170794,0.000362574
2018-02-20 02:00:00,0.00022054973,0.00047255878,0.00036918704,0.00037083504,0.00035209922,0.0002174543
2018-02-20 03:00:00,0.00017370544,0.00028986306,0.00017067791,0.0002744143,0.00013384361,0.00048130393
2018-02-20 04:00:00,9.685181e-05,6.7378016e-05,7.978133e-05,5.402242e-05,0.00044337407,0.00020929716
2018-02-20 05:00:00,6.1767e-05,9.898288e-05,7.5982e-05,0.00046681697,0.00030867703,0.00021251224
2018-02-20 06:00:00,0.000109931076,4.531087e-05,0.00052784337,0.00039486788,0.0004159631,0.00019704012
2018-02-20 07:00:00,0.00017943991,0.0005311435,0.00019642786,0.0003141438,0.00025629078,0.0004614266
2018-02-20 08:00:00,0.00071700773,0.0004809538,0.0003963733,0.0005183469,0.0007115717,0.00045125617
2018-02-20 09:00:00,0.00020665847,0.0001487952,0.000108508786,0.00025629392,0.00012452147,0.0001670334
2018-02-20 10:00:00,3.3794724e-05,7.278781e-05,0.00037672033,0.00028753138,0.0003785962,0.00018147484
2018-02-20 11:00:00,4.4800276e-05,0.0005618958,0.00024122305,0.00027019967,0.00017957491,8.443216e-05
2018-02-20 12:00:00,0.00036854832,0.00030701276,0.0002690089,0.0001557262,6.137445e-05,0.00010439874
2018-02-20 13:00:00,0.00020565599,5.8540278e-05,0.00021547997,0.00027576162,0.00015960456,0.00011718266
2018-02-20 14:00:00,0.00012208367,8.455708e-05,0.00012145233,4.8376143e-05,3.279182e-05,0.00010616731
2018-02-20 15:00:00,0.00014260634,0.0002613066,0.00011566335,0.000104156774,0.00021806128,0.00014647773
2018-02-20 16:00:00,8.643338e-05,5.2283372e-05,6.4204534e-05,5.602585e-05,6.636003e-05,3.4973757e-05
2018-02-20 17:00:00,0.00013372386,0.00016202434,7.510009e-05,6.5475804e-05,8.491031e-05,3.641316e-05
2018-02-20 18:00:00,4.8488684e-05,0.00011780531,6.781265e-05,6.346608e-05,5.5319848e-05,3.8063816e-05
2018-02-20 19:00:00,0.00016239751,0.00012730606,7.674688e-05,6.170998e-05,5.566476e-05,0.00031594431
2018-02-20 20:00:00,4.2465537e-05,0.000121859586,6.1008574e-05,0.00014438259,0.0004992022,0.00053451845
2018-02-20 21:00:00,0.00013935007,9.23299e-05,7.9447236e-05,0.00037705718,0.00058614026,0.0003085713
2018-02-20 22:00:00,7.777335e-05,4.324755e-05,0.0004891555,0.0004900829,0.00036507123,0.00029313285
2018-02-20 23:00:00,4.6633002e-05,0.00066463713,0.0005926131,0.00035744047,0.00028850455,0.00021724278
2018-02-21 00:00:00,0.00057572307,0.0007388663,0.00034947618,0.00034329784,0.00029169643,0.00018468796
2018-02-21 01:00:00,0.00016506467,9.1777874e-05,4.5673645e-05,0.000101173486,9.574921e-05,0.00020838309
2018-02-21 02:00:00,0.0002794671,0.00023449548,0.00018511782,0.000214652,0.00027246235,0.00049084926
2018-02-21 03:00:00,5.1088704e-05,7.962561e-05,6.3168554e-05,0.00017316706,0.00028492435,0.0002704369
2018-02-21 04:00:00,0.00011845078,0.00010315073,0.00020582962,0.00037492262,0.0002980765,0.00044164193
2018-02-21 05:00:00,3.4522163e-05,0.00013961042,0.0002631765,0.0002599716,0.00042257595,0.0002058031
2018-02-21 06:00:00,0.00014851536,0.00042881377,0.00021665635,0.00033633396,0.00036475522,0.0008329494
2018-02-21 07:00:00,0.00028135825,0.00018578667,0.0003661874,0.00034430763,0.0010099303,0.00055813766
2018-02-21 08:00:00,9.6509895e-05,0.00017536295,0.0001323974,0.0007184096,0.00047876535,0.00053846074
2018-02-21 09:00:00,0.00035984893,0.0002582627,0.00071957055,0.0006179094,0.0007180517,0.0004714349
2018-02-21 10:00:00,6.37497e-05,0.0006882649,0.00027414924,0.0010099018,0.000759815,0.00093649555
2018-02-21 11:00:00,0.0006034676,0.00041767786,0.0010308208,0.0006812496,0.0012138638,0.0007826098
2018-02-21 12:00:00,0.0003733416,0.0016017068,0.0015621984,0.0017375187,0.0019194419,0.0012896557
2018-02-21 13:00:00,0.0015221569,0.0012016948,0.0011353949,0.0016904426,0.001266694,0.0016570432
2018-02-21 14:00:00,0.00021105143,0.000305524,0.00030039626,0.0005483911,0.0008508163,0.0004049208
2018-02-21 15:00:00,0.00036471913,0.00045270662,0.0005691178,0.0012680372,0.0007689321,0.000665717
2018-02-21 16:00:00,0.00016120788,0.0004132531,0.00074929756,0.000396859,0.0005449285,0.0005416633
2018-02-21 17:00:00,0.0002198038,0.000865787,0.0002732416,0.00054958585,0.00053310883,0.00037512055
2018-02-21 18:00:00,0.00039234528,0.00021131444,0.00024385218,0.0004856595,0.00029693198,0.00026017777
2018-02-21 19:00:00,0.00033095366,0.0001958778,8.478812e-05,0.00017807886,4.8299917e-05,6.332965e-05
2018-02-21 20:00:00,0.00013088973,0.00046020607,5.6259338e-05,0.0002476099,0.00015341265,0.00015759013
2018-02-21 21:00:00,0.00022434224,2.7270118e-05,0.00011984994,8.160317e-05,8.773589e-05,4.3407672e-05
2018-02-21 22:00:00,0.00032973156,0.00015244196,0.00018616853,9.989965e-05,0.00018839918,4.5472458e-05
2018-02-21 23:00:00,0.00017114964,0.00011287956,7.515502e-05,6.4890104e-05,0.00018618407,0.00013120228
2018-02-22 00:00:00,7.55521e-05,4.0428768e-05,9.34507e-05,6.574145e-05,8.418665e-05,0.0004612837
2018-02-22 01:00:00,3.526816e-05,4.9893075e-05,0.00010772184,0.00012637553,0.00055790215,0.00039802658
2018-02-22 02:00:00,8.275349e-05,0.00014347199,0.00013941179,0.00065031863,0.00037256768,0.0002835116
2018-02-22 03:00:00,0.00015392703,0.00023986312,0.0006183465,0.00056787237,0.00041695015,0.000270265
2018-02-22 04:00:00,4.3956166e-05,0.00074441405,0.00035353054,0.0003319397,0.00023256887,6.95998e-05
2018-02-22 05:00:00,0.00059769483,0.0005684927,0.00026062367,0.0001938684,7.5653275e-05,0.0001101274
2018-02-22 06:00:00,0.00014948664,0.00022246751,0.0002872187,0.0003823945,0.00031283585,0.00025476483
2018-02-22 07:00:00,7.841825e-05,0.000228474,0.00027572073,0.00014607792,0.00021284219,8.488284e-05
2018-02-22 08:00:00,0.000109789835,0.00027633502,0.00015966689,0.00018680451,0.00016427043,0.00010239873
2018-02-22 09:00:00,0.00018032995,0.000117374155,0.0001597621,0.00031436587,8.449617e-05,3.0383508e-05
2018-02-22 10:00:00,7.631489e-05,5.319523e-05,0.00051333656,8.435303e-05,0.0001657335,2.2588625e-05
2018-02-22 11:00:00,8.554088e-05,0.00046797915,5.3464122e-05,0.00011657878,8.5456915e-05,0.00019404083
2018-02-22 12:00:00,0.00041912243,5.914429e-05,0.0001180007,3.784423e-05,0.00026560912,0.00036864114
2018-02-22 13:00:00,0.00044617662,0.00024359724,0.00035914313,6.3806016e-05,0.0001282932,6.125359e-05
2018-02-22 14:00:00,0.00011826198,0.0001355213,0.00028074437,0.00051101577,0.00048343663,0.0002610696
2018-02-22 15:00:00,0.00019103619,0.00020572945,0.00043365505,0.00028958122,0.00034462812,0.00021676571
2018-02-22 16:00:00,0.0003809902,0.0008179558,0.00041318298,0.00042738466,0.00042116013,0.0003510061
2018-02-22 17:00:00,0.00029428548,0.00022990702,0.00013963593,0.00014300675,0.00016115171,0.00016500778
2018-02-22 18:00:00,6.0835377e-05,8.7740445e-05,0.00014383771,9.329189e-05,5.2019455e-05,7.894814e-05
2018-02-22 19:00:00,6.88934e-05,8.351853e-05,5.3541247e-05,6.242714e-05,0.00012124612,0.00046498716
2018-02-22 20:00:00,5.721823e-05,3.8675673e-05,4.4885383e-05,0.0002240222,0.00061825785,0.00045596756
2018-02-22 21:00:00,4.5291483e-05,0.00010332756,0.00016154777,0.00049665716,0.0004031647,0.00049225014
2018-02-22 22:00:00,5.8705158e-05,0.00020716873,0.00064870913,0.00049831474,0.00053813594,0.00056157005
2018-02-22 23:00:00,0.00015013003,0.00062502624,0.00048227052,0.00069550093,0.0006414828,0.00032677333
2018-02-23 00:00:00,0.00054057234,0.0004688813,0.0005561018,0.00049754407,0.00040058343,0.00015761385
2018-02-23 01:00:00,2.4703462e-05,0.0002041959,0.0001790739,4.2940457e-05,0.00011239108,7.085867e-05
2018-02-23 02:00:00,0.00016398796,0.0002255782,4.7041238e-05,0.00014459217,8.614362e-05,0.00012260287
2018-02-23 03:00:00,3.819471e-05,0.00017344466,0.00028366936,0.00019027793,0.0003671356,0.00036833057
2018-02-23 04:00:00,0.00025386407,0.0003662916,0.00021672675,0.0002295901,0.0009354263,0.0005171412
2018-02-23 05:00:00,0.00017055392,7.608178e-05,0.00016418837,0.0006739303,0.0008205051,0.00068604556
2018-02-23 06:00:00,7.3389194e-05,4.638247e-05,0.0005464384,0.0007526657,0.0007312656,0.00090096623
2018-02-23 07:00:00,0.00012007426,0.00092537724,0.0008332129,0.00088078127,0.0012607848,0.0008862659
2018-02-23 08:00:00,0.00067151635,0.00081399886,0.0007217102,0.001265292,0.0010424496,0.0005572302
2018-02-23 09:00:00,0.00010512397,0.0003046532,0.0005167513,0.00054366124,0.0004980619,0.0005582434
2018-02-23 10:00:00,0.0001730071,0.0005386527,0.0005422935,0.0003993332,0.00069893,0.00051810185
2018-02-23 11:00:00,0.0002674885,0.0006009654,0.00037583328,0.000524598,0.0005268769,0.0007274584
2018-02-23 12:00:00,0.00020867476,9.19968e-05,0.00018660886,0.00020040362,0.00066306,0.00036955628
2018-02-23 13:00:00,0.00010267358,5.675882e-05,4.028521e-05,0.0004576981,0.00043154732,0.00032383908
2018-02-23 14:00:00,0.00019992112,0.00017575949,0.00066891324,0.00051400793,0.0006107011,0.00046564284
2018-02-23 15:00:00,2.450906e-05,0.00067768845,0.00037165367,0.0004595515,0.000473604,0.0002840219
2018-02-23 16:00:00,0.0006119603,0.00042547347,0.0005853271,0.00058627914,0.00031267927,0.00029627598
2018-02-23 17:00:00,8.161793e-05,0.00011582523,8.5223095e-05,7.6939126e-05,4.5597888e-05,0.00013429804
2018-02-23 18:00:00,0.00018527698,0.00014440536,6.8796726e-05,6.181214e-05,9.4553805e-05,0.00017190806
2018-02-23 19:00:00,5.567457e-05,0.00020674299,9.936626e-05,0.00024559634,0.00035860014,0.00017315228
2018-02-23 20:00:00,0.00010502562,9.708599e-05,0.00019967517,0.00036372282,0.00022086149,0.00014028484
2018-02-23 21:00:00,8.602023e-05,0.0001680226,0.000359523,0.00011613169,9.6815194e-05,2.5484542e-05
2018-02-25 22:00:00,0.00020405778,0.00048239806,0.00017484484,0.00016322773,5.59832e-05,4.3810738e-05
2018-02-25 23:00:00,0.00021473154,2.9333742e-05,6.234575e-05,0.000100142395,0.00015464942,6.42588e-05
2018-02-26 00:00:00,0.00019013096,0.00026424337,0.00032343337,0.00032357237,0.00026272118,0.00025126894
2018-02-26 01:00:00,8.419322e-05,0.00016016683,0.00025938576,9.992356e-05,0.00017602903,0.00024142987
2018-02-26 02:00:00,0.0001390051,0.00022961704,7.319842e-05,0.00013250054,0.00043277972,0.00015949497
2018-02-26 03:00:00,0.00012729343,4.177405e-05,5.699269e-05,0.0002952591,7.02224e-05,9.907809e-05
2018-02-26 04:00:00,0.00016535255,7.91212e-05,0.00022743575,4.3581753e-05,0.00025314686,0.00013251278
2018-02-26 05:00:00,9.8697914e-05,0.0003763021,0.00010834847,0.0001175474,9.969281e-05,0.00012252423
2018-02-26 06:00:00,0.00029722706,3.368621e-05,0.0001594405,0.00015983223,9.353518e-05,0.00055682403
2018-02-26 07:00:00,0.00023099246,0.0004641295,0.0004052536,0.00012394678,0.0003238552,0.00020325914
2018-02-26 08:00:00,0.000295477,0.00025018334,7.5077296e-05,0.000518268,0.0005966162,0.00013933334
2018-02-26 09:00:00,4.1337407e-05,0.00025640227,0.0007364727,0.00070582004,0.00041143395,0.00020098324
2018-02-26 10:00:00,0.00030507724,0.0010751331,0.0006109794,0.0003539513,0.00025180934,0.00013485823
2018-02-26 11:00:00,0.0005056787,0.0006248771,0.000105207735,5.4775905e-05,0.000109029956,3.083974e-05
2018-02-26 12:00:00,4.109164e-05,0.0004695119,0.0004614872,0.0006023967,0.00048879586,0.00044872108
2018-02-26 13:00:00,0.00037598397,0.00059532333,0.00064391445,0.0004981794,0.00046814233,0.00034692677
2018-02-26 14:00:00,0.00021296555,0.0003089303,0.00019408423,0.00019218258,0.00013082045,7.646996e-05
2018-02-26 15:00:00,9.509313e-05,3.7449954e-05,5.596455e-05,5.66378e-05,5.540365e-05,3.995203e-05
2018-02-26 16:00:00,0.00010116149,0.000114674556,0.00012911724,0.00014020433,9.627381e-05,0.00015606613
2018-02-26 17:00:00,5.268995e-05,6.819746e-05,6.32047e-05,3.8855764e-05,0.00012181232,3.2562115e-05
2018-02-26 18:00:00,4.8865593e-05,4.541169e-05,4.35744e-05,0.00012482195,4.002668e-05,0.00013221004
2018-02-26 19:00:00,3.6039e-05,2.386692e-05,7.297526e-05,3.9593204e-05,0.0001812017,0.0002525806
2018-02-26 20:00:00,3.506908e-05,0.0001165097,3.9611143e-05,0.00017824241,0.00031611908,0.0002615548
2018-02-26 21:00:00,0.00012396979,3.2277025e-05,0.00017579141,0.0003084164,0.00031684557,0.00018821907
2018-02-26 22:00:00,0.00010839175,0.00017277694,0.00024988485,0.00021626112,0.00018845289,0.00019564039
2018-02-26 23:00:00,0.00022332084,0.0005012078,0.000257775,0.0002810437,0.00040040904,0.00023221546
2018-02-27 00:00:00,0.00017248528,0.00015713493,7.638125e-05,0.0001328813,0.00017951513,0.00038145113
2018-02-27 01:00:00,3.4786895e-05,6.970046e-05,3.05448e-05,9.109043e-05,0.00033438395,0.00021226486
2018-02-27 02:00:00,4.588195e-05,3.0880965e-05,9.884831e-05,0.00038815552,0.00040268162,0.0004201377
2018-02-27 03:00:00,6.896323e-05,0.00020994242,0.0004887704,0.0004068991,0.00051240344,0.0004796239
2018-02-27 04:00:00,0.00014455686,0.0005518663,0.00036651618,0.00048717947,0.0005112985,0.00046203815
2018-02-27 05:00:00,0.00030871778,0.0003575037,0.0005180977,0.00045731507,0.00035129176,0.0003999418
2018-02-27 06:00:00,3.4702796e-05,0.00033148902,0.00028647005,0.0001596307,0.00013629033,0.00043778974
2018-02-27 07:00:00,0.00032115672,0.0004456717,0.00015349397,0.00014285474,0.00051510654,0.00013626645
2018-02-27 08:00:00,0.00011104026,8.34996e-05,8.508451e-05,0.00029330663,4.7215264e-05,4.939421e-05
2018-02-27 09:00:00,0.00013282151,0.0001591403,0.0002691375,0.000103275815,2.4246476e-05,9.955257e-05
2018-02-27 10:00:00,5.6127334e-05,0.00040357249,4.1609215e-05,0.00012113617,3.1137624e-05,6.365457e-05
2018-02-27 11:00:00,0.00033853177,2.736594e-05,0.00010115876,4.875514e-05,4.6092824e-05,8.583856e-05
2018-02-27 12:00:00,0.0003904923,0.00028049268,0.00040258816,0.00028668594,0.00019636971,9.4338946e-05
2018-02-27 13:00:00,0.000109352266,6.2727064e-05,3.1044394e-05,0.00010102314,0.00015204103,0.00011145671
2018-02-27 14:00:00,0.00010950749,6.173882e-05,4.4197383e-05,8.733414e-05,7.039749e-05,5.0035327e-05
2018-02-27 15:00:00,0.00010556667,0.00018453084,0.00017988759,0.0001621209,0.00017706056,0.00016679807
2018-02-27 16:00:00,9.035061e-05,0.00022154127,0.00012901881,0.00010061698,0.00012289645,8.950074e-05
2018-02-27 17:00:00,9.4253555e-05,7.2654104e-05,8.230284e-05,7.9667276e-05,7.192463e-05,3.9892122e-05
2018-02-27 18:00:00,4.7139714e-05,2.7727849e-05,4.110091e-05,2.9436736e-05,3.0324047e-05,3.08931e-05
2018-02-27 19:00:00,3.90481e-05,3.0456662e-05,3.9195962e-05,3.744376e-05,2.7841668e-05,3.9867857e-05
2018-02-27 20:00:00,4.1850486e-05,3.0994965e-05,4.0009138e-05,5.0394945e-05,3.4309905e-05,8.750414e-05
2018-02-27 21:00:00,3.1512678e-05,2.8147191e-05,6.1355895e-05,3.6300025e-05,8.242019e-05,0.0001516361
2018-02-27 22:00:00,2.3652374e-05,5.048353e-05,4.033505e-05,9.135831e-05,0.00025004375,0.00014496416
2018-02-27 23:00:00,4.7587622e-05,3.664765e-05,8.145228e-05,0.00018537683,0.00013405348,2.2496772e-05
2018-02-28 00:00:00,9.806356e-05,0.00014130179,0.00022655734,0.00024536747,4.6064113e-05,0.0003025825
2018-02-28 01:00:00,7.2809344e-05,0.00021755895,0.00019451433,5.718489e-05,0.00024399343,0.00023940172
2018-02-28 02:00:00,0.00020438006,0.00014507321,0.00013326544,0.00019310211,0.00018990542,3.4154393e-05
2018-02-28 03:00:00,3.2349704e-05,0.00021983974,0.00011909176,6.9132024e-05,0.00017275458,6.667581e-05
2018-02-28 04:00:00,0.00023067655,0.0001450562,0.00013254516,0.00015665824,4.7359234e-05,9.895104e-05
2018-02-28 05:00:00,0.00039308862,0.0003581174,4.391484e-05,0.00012608616,0.0002766392,0.00020611974
2018-02-28 06:00:00,2.9809255e-05,0.00031531605,0.0001563235,3.5723802e-05,0.00021119542,4.7883368e-05
2018-02-28 07:00:00,0.00028537752,0.00020942048,3.366855e-05,0.00015131479,5.6525558e-05,6.9538204e-05
2018-02-28 08:00:00,0.000113232876,0.0002983437,0.0003234983,0.0001954174,0.00016942831,0.00015720156
2018-02-28 09:00:00,0.00021747821,0.0004519309,9.220552e-05,6.945329e-05,0.00011377876,0.00015674865
2018-02-28 10:00:00,0.00024813242,9.331241e-05,0.00013313736,5.9834147e-05,4.196151e-05,0.00013824
2018-02-28 11:00:00,0.00025437755,0.0003606778,0.00023351902,0.00015288545,0.00034482637,0.00018646372
2018-02-28 12:00:00,5.5748485e-05,2.82426e-05,0.00013660236,0.00011487305,2.7724762e-05,0.00023856854
2018-02-28 13:00:00,8.7604385e-05,0.00020845186,7.5528704e-05,4.3682558e-05,0.0002808805,0.0004145162
2018-02-28 14:00:00,8.564436e-05,0.00016357533,4.0691295e-05,0.00021938534,0.00042831287,0.00057125534
2018-02-28 15:00:00,0.0002190399,0.00014149491,0.00023281881,0.00036384814,0.00039667115,0.00046604653
2018-02-28 16:00:00,0.00012209748,0.00046259628,0.0005812818,0.00060711004,0.0008797472,0.0005892162
2018-02-28 17:00:00,0.0003365889,0.00074061484,0.0006121725,0.00071274483,0.000707812,0.0005787849
2018-02-28 18:00:00,0.00023708481,0.0004050012,0.00050918333,0.00029610976,0.00039343917,0.00033148826
2018-02-28 19:00:00,0.00018697696,0.00032279076,0.00018379044,0.00027589066,0.00014606667,0.0001192182
2018-02-28 20:00:00,0.00012877252,3.7604903e-05,0.00017505858,5.9959162e-05,4.500462e-05,6.614288e-05
2018-02-28 21:00:00,9.570933e-05,7.1616145e-05,7.102191e-05,7.6172495e-05,5.135685e-05,4.6360892e-05
2018-02-28 22:00:00,0.00018425465,4.998831e-05,3.8178012e-05,4.4347646e-05,0.00013907807,6.7998975e-05
2018-02-28 23:00:00,0.00011631753,0.0001598694,7.4038275e-05,3.946118e-05,3.9002392e-05,7.232954e-05
2018-03-01 00:00:00,3.1483698e-05,5.8770496e-05,9.407248e-05,5.4988555e-05,0.00020443733,7.129989e-05
2018-03-01 01:00:00,4.7285743e-05,0.00012554954,7.469918e-05,0.00019950545,0.0001246743,6.0156224e-05
2018-03-01 02:00:00,9.09162e-05,4.9740724e-05,0.000193192,5.521801e-05,9.614162e-05,0.00023295284
2018-03-01 03:00:00,3.574115e-05,0.000121137775,5.378329e-05,0.00016690706,0.0002695157,0.00019385351
2018-03-01 04:00:00,0.00019924034,4.7833517e-05,0.00015003968,0.00034749898,0.00020682291,0.00013310193
2018-03-01 05:00:00,0.00017269808,0.00034991108,0.0004445782,0.00041442443,0.00030036,3.0676532e-05
2018-03-01 06:00:00,0.00016779959,0.00053463574,0.00025156297,0.00021385556,9.068681e-05,0.00036663513
2018-03-01 07:00:00,0.00018245602,0.00011859512,5.8318525e-05,0.00022440618,0.00034286792,0.00036482268
2018-03-01 08:00:00,6.0978775e-05,0.00012278993,0.00041955733,0.00033069472,0.0005489104,0.0002739355
2018-03-01 09:00:00,8.141916e-05,0.00037296338,0.00039326897,0.00052974327,0.00039173858,0.00032106583
2018-03-01 10:00:00,0.00037541924,0.0005866049,0.0005367244,0.00044443857,0.0005944906,0.00049620727
2018-03-01 11:00:00,0.00095503987,0.0013028793,0.0007103273,0.0010250038,0.0008758568,0.00062194286
2018-03-01 12:00:00,0.00021986777,0.00013642565,0.0001990338,0.00038521405,0.00017802494,0.00018470571
2018-03-01 13:00:00,0.00012562615,5.782239e-05,0.000112572794,6.0449696e-05,5.7411333e-05,4.3261305e-05
2018-03-01 14:00:00,7.360001e-05,0.00018831034,4.9664213e-05,0.00015261771,5.4673936e-05,8.255882e-05
2018-03-01 15:00:00,0.00022837002,3.967282e-05,7.331775e-05,2.943669e-05,4.0502335e-05,4.709288e-05
2018-03-01 16:00:00,0.00024959844,0.000109559456,0.00019098163,9.157962e-05,0.00011472148,9.0816e-05
2018-03-01 17:00:00,0.0001751769,3.2396085e-05,7.964369e-05,0.00012508621,3.9216906e-05,3.2394553e-05
2018-03-01 18:00:00,0.00010322603,4.8568898e-05,4.1992385e-05,7.961686e-05,6.397296e-05,7.3002586e-05
2018-03-01 19:00:00,6.86259e-05,9.358688e-05,3.562121e-05,5.7268222e-05,3.74691e-05,0.00012074277
2018-03-01 20:00:00,3.6801717e-05,6.131749e-05,5.7529647e-05,5.740189e-05,0.00019429413,0.00017884358
2018-03-01 21:00:00,0.00010846689,5.6494915e-05,6.438061e-05,0.00027975647,0.00030056835,0.0003314274
2018-03-01 22:00:00,4.4156932e-05,2.4956604e-05,0.00019511612,0.00022377192,0.00037259702,0.00028063427
2018-03-01 23:00:00,5.2984655e-05,0.00024426513,0.00028881244,0.0004164048,0.0002863126,0.00050975534
2018-03-02 00:00:00,0.00020390862,0.00040054857,0.00040197204,0.0003437213,0.00050366187,0.0002622376
2018-03-02 01:00:00,0.00010931729,0.0002488601,0.00019486989,0.00032715482,0.00032694548,3.8942835e-05
2018-03-02 02:00:00,0.00014018294,8.316737e-05,0.00019762608,0.00014736809,0.00017761959,2.4622552e-05
2018-03-02 03:00:00,3.659504e-05,0.00016988318,0.00010467975,0.00023790234,6.339526e-05,2.390036e-05
2018-03-02 04:00:00,0.00018586694,0.00015825695,0.00025771317,5.1790063e-05,3.6006808e-05,3.7192767e-05
2018-03-02 05:00:00,3.4997083e-05,0.00047588066,0.00018732424,0.00011058223,0.00014660059,5.4648473e-05
2018-03-02 06:00:00,0.0003777879,0.00023499287,9.484908e-05,0.00021390198,4.6396173e-05,4.2659944e-05
2018-03-02 07:00:00,0.00024532084,0.00034919457,0.00018553124,0.000318144,0.00031192726,0.000182277
2018-03-02 08:00:00,0.00011839361,3.413931e-05,0.0001410418,0.00013152142,4.417587e-05,8.218212e-05
2018-03-02 09:00:00,0.00012461068,5.7408903e-05,5.8720838e-05,5.9060854e-05,4.3291297e-05,4.7815538e-05
2018-03-02 10:00:00,0.0001840878,0.00019114556,4.628363e-05,9.362917e-05,0.00014769257,2.8804632e-05
2018-03-02 11:00:00,4.073751e-05,0.000118394455,4.958495e-05,3.3727927e-05,0.00011825489,6.221742e-05
2018-03-02 12:00:00,0.000121716264,4.5432167e-05,4.5369623e-05,0.00014783107,6.229954e-05,3.6829013e-05
2018-03-02 13:00:00,8.563049e-05,0.00014629017,6.0261627e-05,0.00015141965,8.735889e-05,0.00012540999
2018-03-02 14:00:00,4.8599923e-05,0.00015157311,9.719248e-05,4.3845313e-05,8.6423475e-05,6.8610214e-05
2018-03-02 15:00:00,0.00016474171,7.833037e-05,2.581781e-05,4.6846828e-05,9.277584e-05,8.722363e-05
2018-03-02 16:00:00,0.00022532024,0.0001825038,0.0001594378,0.00021560113,0.00030016678,0.00021503113
2018-03-02 17:00:00,4.890992e-05,4.083685e-05,6.485665e-05,8.4830506e-05,9.8853074e-05,7.218219e-05
2018-03-02 18:00:00,8.160215e-05,6.7006134e-05,0.000105114595,9.897034e-05,7.943214e-05,4.566455e-05
2018-03-02 19:00:00,4.5616296e-05,8.6843625e-05,7.596933e-05,5.3755153e-05,9.081956e-05,0.00022448407
2018-03-02 20:00:00,7.13958e-05,7.012311e-05,4.4922686e-05,0.000108541855,0.00036715862,0.0001549791
2018-03-02 21:00:00,4.4171527e-05,5.3093518e-05,0.0001553968,0.00044931698,0.00031475007,0.00031922877
2018-03-04 22:00:00,3.322474e-05,0.00017586432,0.00027990076,0.0003344854,0.00032280374,0.000398919
2018-03-04 23:00:00,0.00014668252,0.000540433,0.00031239513,0.00035744737,0.0006105953,0.00050326926
2018-03-05 00:00:00,0.00037996419,0.00021048976,0.00019799353,0.0004308152,0.00047597013,0.00023643527
2018-03-05 01:00:00,9.2010894e-05,4.089711e-05,0.00022483965,0.00021231355,5.683007e-05,5.533677e-05
2018-03-05 02:00:00,3.2880962e-05,0.00037919063,0.0003351137,0.00014656695,0.000113304784,0.0003077595
2018-03-05 03:00:00,0.0003144143,0.0003902072,8.548321e-05,0.0001168351,0.00047825804,0.00046146734
2018-03-05 04:00:00,6.3278196e-05,0.00015154011,0.00013094713,0.00023927649,0.00027715505,6.3734704e-05
2018-03-05 05:00:00,0.00022878946,0.00019628169,0.00022676347,0.00020841917,7.747069e-05,0.00012135635
2018-03-05 06:00:00,4.112481e-05,0.00038101597,0.00044972872,0.00019877922,3.3695662e-05,0.0001832621
2018-03-05 07:00:00,0.0005365135,0.00068200973,0.00021178513,4.3939683e-05,0.0002350741,0.00021245673
2018-03-05 08:00:00,4.433179e-05,0.00015998866,0.00034709423,0.00052887166,0.0005744003,0.00045830864
2018-03-05 09:00:00,0.00017027998,0.00047923435,0.00066020247,0.0006272986,0.0007349259,0.00070903637
2018-03-05 10:00:00,0.00027810642,0.0005913649,0.0005079637,0.0006351123,0.0005499148,0.00032677132
2018-03-05 11:00:00,0.00032800363,0.00039072597,0.00044951984,0.00039997455,0.00019688076,0.00012279024
2018-03-05 12:00:00,3.0441268e-05,0.00028226417,0.0001331415,5.594897e-05,0.00011046479,9.307917e-05
2018-03-05 13:00:00,0.0001649761,0.0001602838,4.2032327e-05,0.000106018655,0.00011555705,0.000118898126
2018-03-05 14:00:00,9.646502e-05,0.00046146967,0.00027741073,0.00032354478,0.00040104476,0.00027005933
2018-03-05 15:00:00,0.00025480302,0.00030338365,0.00022919574,0.0002618611,0.0003199585,0.00016524305
2018-03-05 16:00:00,5.7094534e-05,9.439634e-05,6.3770596e-05,0.00012957773,8.074462e-05,0.00010025889
2018-03-05 17:00:00,5.4122615e-05,7.961654e-05,9.629354e-05,5.55311e-05,7.27735e-05,0.00027125288
2018-03-05 18:00:00,3.6788053e-05,7.897171e-05,5.4498287e-05,0.00010103859,0.00029402773,0.0002019173
2018-03-05 19:00:00,7.047779e-05,3.3527875e-05,7.482627e-05,0.00031903855,0.00029597076,0.0002008401
2018-03-05 20:00:00,7.2977215e-05,5.947585e-05,0.00026935647,0.00030777487,0.0003503823,0.000102896294
2018-03-05 21:00:00,9.6067306e-05,0.0003978504,0.00037672019,0.00037567067,0.0001281231,0.00016617119
2018-03-05 22:00:00,0.00027609593,0.00043114222,0.00029903947,0.00014219357,9.3125906e-05,0.00010957953
2018-03-05 23:00:00,4.6957022e-05,9.1312824e-05,0.00012325805,0.00010093797,9.2323135e-05,7.3386786e-05
2018-03-06 00:00:00,2.8823673e-05,0.00027468705,0.00018939137,0.00014079774,0.000121112265,7.388794e-05
2018-03-06 01:00:00,0.00021091773,0.00024078168,0.00017062805,0.00012667736,0.0001060965,4.3021486e-05
2018-03-06 02:00:00,4.238837e-05,6.1841405e-05,5.1750358e-05,0.00032153114,0.00014356793,7.1885115e-05
2018-03-06 03:00:00,4.6834462e-05,4.596958e-05,0.00022867364,0.00012933805,0.000101508784,4.9706272e-05
2018-03-06 04:00:00,3.228679e-05,0.00031324694,0.000108805245,8.064489e-05,3.6495745e-05,0.00014654055
2018-03-06 05:00:00,0.00025929775,0.00012490344,6.396366e-05,6.5406966e-05,0.00017969696,0.00014542413
2018-03-06 06:00:00,0.00018259487,0.00022299714,0.00013894998,0.00037743524,0.00037401973,0.0006600882
2018-03-06 07:00:00,3.956899e-05,8.152503e-05,0.00023917959,0.00024568883,0.0005845017,0.0005800891
2018-03-06 08:00:00,6.119653e-05,0.00029801982,0.00017056857,0.00059199944,0.00071489345,0.000770255
2018-03-06 09:00:00,0.00020465718,0.0002179212,0.0006063192,0.00088158465,0.0012293218,0.000862856
2018-03-06 10:00:00,3.5767887e-05,0.00042200327,0.0005341989,0.0012726351,0.0008268548,0.0006353582
2018-03-06 11:00:00,0.00066657,0.00078355597,0.0012309001,0.0014078873,0.0009324663,0.00063294155
2018-03-06 12:00:00,0.000220025,0.0008724763,0.0007383925,0.0005867566,0.0005476613,0.00049493054
2018-03-06 13:00:00,0.0007264056,0.00058827776,0.0003364296,0.00045248916,0.0006515448,0.00037853472
2018-03-06 14:00:00,3.3877695e-05,0.00013465063,6.883451e-05,6.9826965e-05,0.000154806,0.000104694016
2018-03-06 15:00:00,0.00014393288,6.662077e-05,6.044282e-05,0.00014560747,0.000119980345,5.03297e-05
2018-03-06 16:00:00,0.000105637504,0.00022005354,0.00026806243,0.00028274517,0.00016749634,0.00020981519
2018-03-06 17:00:00,0.00011763833,0.00026042754,0.00013948057,0.00010348517,0.00022922897,0.00013063327
2018-03-06 18:00:00,0.00013060827,0.000106317784,3.3002583e-05,0.00016456441,8.283794e-05,8.793045e-05
2018-03-06 19:00:00,4.532771e-05,0.00010417068,7.2140225e-05,4.7033944e-05,3.7141093e-05,0.00013301491
2018-03-06 20:00:00,7.844717e-05,0.00010728305,5.0623185e-05,4.1787087e-05,0.00022561224,0.000110562214
2018-03-06 21:00:00,0.00014665768,6.844134e-05,6.2721134e-05,0.00030274494,0.00017328329,0.00014788097
2018-03-06 22:00:00,0.00010456004,5.581236e-05,0.00011094814,4.3459695e-05,3.8340266e-05,2.6203978e-05
2018-03-06 23:00:00,6.2626605e-05,0.00030098198,0.00010764746,0.00010847594,7.8358535e-05,4.9847833e-05
2018-03-07 00:00:00,0.00023107145,0.00011054259,8.2269566e-05,5.6670953e-05,6.893163e-05,0.00010328328
2018-03-07 01:00:00,0.00011540807,0.00014137087,0.00013158628,0.00022911237,0.00010203377,8.329352e-05
2018-03-07 02:00:00,5.1574487e-05,9.031942e-05,0.00016083918,4.915898e-05,0.00015268108,4.9357845e-05
2018-03-07 03:00:00,6.771913e-05,0.00025080703,4.375692e-05,0.00017366493,6.426059e-05,5.0686118e-05
2018-03-07 04:00:00,0.00016088663,0.00010534027,0.00018753062,0.00010858159,0.000100433535,0.000117849726
2018-03-07 05:00:00,0.00025604275,0.0004784136,0.00019818476,0.00026885045,0.00018371122,0.00018793267
2018-03-07 06:00:00,0.00022545007,7.054962e-05,5.384545e-05,8.459815e-05,6.22814e-05,6.390055e-05
2018-03-07 07:00:00,0.00020564644,0.00021080044,0.000116007635,0.00012797026,0.00010429648,3.8345803e-05
2018-03-07 08:00:00,4.4351666e-05,4.8656642e-05,4.29258e-05,4.0026087e-05,0.00014914873,0.00030756573
2018-03-07 09:00:00,6.575695e-05,5.0253093e-05,6.332366e-05,0.00015184979,0.00029823562,0.00011508853
2018-03-07 10:00:00,2.4705363e-05,2.2902941e-05,0.00017480497,0.00041120168,0.0001257994,0.00011196378
2018-03-07 11:00:00,3.4840446e-05,0.00018758362,0.00030085814,0.000105190506,0.00015764066,6.058048e-05
2018-03-07 12:00:00,0.00015951532,0.00042851674,0.000101340294,0.0001073472,9.839676e-05,0.00019182632
2018-03-07 13:00:00,0.00029688305,5.753021e-05,5.103633e-05,4.7749076e-05,0.00010640257,0.00010358868
2018-03-07 14:00:00,0.00030874272,0.0002942837,0.00017907626,0.00012123847,6.3411724e-05,4.2912907e-05
2018-03-07 15:00:00,5.844307e-05,2.5920042e-05,0.00014170726,0.00018419398,0.00031013816,0.00017617014
2018-03-07 16:00:00,4.3190234e-05,0.00010644029,0.00015018717,0.00023263485,0.00023646053,0.0002205793
2018-03-07 17:00:00,0.00014340991,0.00019382969,0.00031179137,0.00031073217,0.00025185084,0.00025074146
2018-03-07 18:00:00,7.575331e-05,0.00021530541,0.0001885886,0.00014692052,0.00021176819,0.00012684091
2018-03-07 19:00:00,0.00013144113,0.00014019477,0.00015081094,0.00015541709,0.00016206234,0.00015038234
2018-03-07 20:00:00,4.590069e-05,3.604276e-05,7.357582e-05,3.7227863e-05,5.61556e-05,5.4499797e-05
2018-03-07 21:00:00,4.009366e-05,9.625932e-05,3.796414e-05,5.661534e-05,7.177824e-05,5.154951e-05
2018-03-07 22:00:00,7.039778e-05,5.229815e-05,4.7975685e-05,0.00010568043,7.39722e-05,5.0040417e-05
2018-03-07 23:00:00,5.477534e-05,3.4795667e-05,9.074298e-05,6.565197e-05,6.367195e-05,0.00015430007
2018-03-08 00:00:00,4.759225e-05,9.043548e-05,5.9217e-05,6.122902e-05,0.00019801568,0.00013224066
2018-03-08 01:00:00,0.0001230622,0.000113848706,7.36714e-05,0.0002453145,0.00015874316,8.286202e-05
2018-03-08 02:00:00,4.8372647e-05,7.341067e-05,0.00019652765,9.398186e-05,2.9111623e-05,0.00014437994
2018-03-08 03:00:00,5.0731083e-05,0.0002457284,0.0001162263,7.535173e-05,0.00017999632,8.4070925e-05
2018-03-08 04:00:00,0.00027977664,0.0001878937,7.5484335e-05,0.00016109708,6.6383705e-05,9.361986e-05
2018-03-08 05:00:00,9.061191e-05,0.00018701989,0.00032939215,0.00028017155,0.00031353298,0.0004228522
2018-03-08 06:00:00,6.0681952e-05,0.0003639687,0.00020300306,0.00023506973,0.0004453136,0.00013496536
2018-03-08 07:00:00,0.00025369733,0.00015073997,0.00014013848,0.00042005008,9.637503e-05,0.00021197976
2018-03-08 08:00:00,0.00013859193,9.123023e-05,0.00020140584,0.00010857003,0.00011704174,6.369025e-05
2018-03-08 09:00:00,6.2893036e-05,0.0003654168,3.995509e-05,0.00018659506,0.00019791335,0.00022561138
2018-03-08 10:00:00,0.00028352515,5.7209523e-05,0.00017670488,0.00014238966,0.0004427725,0.0002709175
2018-03-08 11:00:00,0.0003587507,8.116473e-05,0.0001057939,0.00073718873,0.00074102526,0.00033215588
2018-03-08 12:00:00,0.00029173735,0.00022524026,0.00034732898,0.00039094544,0.00012986803,0.0005657561
2018-03-08 13:00:00,9.703312e-05,0.0007927572,0.0004547904,0.00038928475,0.0009640297,0.00094086805
2018-03-08 14:00:00,0.00097612484,0.00058201415,0.00027756896,0.0012700042,0.0008828725,0.00096245087
2018-03-08 15:00:00,7.602373e-05,0.00035552087,0.0006572931,0.0007490903,0.00072561624,0.000638571
2018-03-08 16:00:00,0.00035016346,0.00089724286,0.00067334645,0.0007556421,0.00080296164,0.00061047863
2018-03-08 17:00:00,0.0011001965,0.0011881475,0.00082024944,0.0012002689,0.00087890174,0.00080941664
2018-03-08 18:00:00,0.00014088368,0.00017472453,0.00025404833,0.0002619434,0.00031471034,0.0001508133
2018-03-08 19:00:00,4.0269544e-05,0.00028841884,0.00017888825,0.00017369362,0.00017439177,0.00011217637
2018-03-08 20:00:00,0.00020444472,0.00014412348,0.000118769,0.00018173599,0.00011924297,0.00016199323
2018-03-08 21:00:00,8.846681e-05,4.9388178e-05,3.224464e-05,4.4223932e-05,8.1893246e-05,4.7788508e-05
2018-03-08 22:00:00,6.126102e-05,6.8944e-05,4.7268986e-05,0.00017397609,9.728877e-05,9.37398e-05
2018-03-08 23:00:00,5.0320654e-05,2.8448683e-05,7.781594e-05,0.00010268153,8.869154e-05,0.0001243634
2018-03-09 00:00:00,4.4994067e-05,0.00011146065,5.976193e-05,8.8425855e-05,0.00019903907,0.00014418068
2018-03-09 01:00:00,0.00013524944,0.00010318079,9.951989e-05,0.00016631476,0.00015410074,2.6753976e-05
2018-03-09 02:00:00,5.032222e-05,3.6459223e-05,0.00024438152,0.00024989198,8.031593e-05,6.4546104e-05
2018-03-09 03:00:00,4.4436943e-05,0.0002929078,0.00017750279,5.3641634e-05,4.0130875e-05,0.00011451622
2018-03-09 04:00:00,0.000333417,0.00023940594,8.789477e-05,5.1588722e-05,0.000160762,0.00023981859
2018-03-09 05:00:00,5.3487518e-05,0.00024283514,0.00021765032,0.0004070158,0.0005668125,0.00048049286
2018-03-09 06:00:00,0.00020048923,0.00026843182,0.00037525027,0.0006302362,0.00070256303,0.00050003367
2018-03-09 07:00:00,4.012103e-05,0.00024806935,0.00048640574,0.00044176614,0.00042097401,0.00041820042
2018-03-09 08:00:00,0.00023613534,0.0005491635,0.0004297797,0.0005834244,0.00052803935,0.0002735885
2018-03-09 09:00:00,0.00023905963,0.00037803207,0.00020136409,0.00033803642,0.00019624701,0.00024504168
2018-03-09 10:00:00,7.980966e-05,0.00010042439,0.00016790061,8.426012e-05,0.00014542698,6.829083e-05
2018-03-09 11:00:00,2.8710492e-05,0.00010831242,5.2835014e-05,9.432201e-05,4.8006186e-05,0.00016057241
2018-03-09 12:00:00,9.1482434e-05,4.9916434e-05,8.6273e-05,5.3854063e-05,0.00016167072,0.00021412862
2018-03-09 13:00:00,9.4320036e-05,6.403406e-05,4.3176977e-05,0.00010969342,0.0002301492,0.0001520384
2018-03-09 14:00:00,0.00012326072,7.106806e-05,0.00018137207,0.0003511997,0.00035924974,7.298168e-05
2018-03-09 15:00:00,6.772419e-05,0.00014914249,0.00023150501,0.00028123424,4.3308177e-05,0.00029851185
2018-03-09 16:00:00,0.00015747355,0.00042547096,0.00034906407,7.947088e-05,0.00048635429,5.2456617e-05
2018-03-09 17:00:00,0.0001656091,0.00020920283,0.00011153166,0.000369314,8.173538e-05,0.00014918092
2018-03-09 18:00:00,3.405885e-05,0.00029012872,0.00023638266,0.00025098983,4.5312074e-05,3.3145683e-05
2018-03-09 19:00:00,0.00033073657,0.00023103792,0.00022067309,5.655442e-05,4.356696e-05,7.079744e-05
2018-03-09 20:00:00,0.00066757755,4.2388987e-05,0.00025784416,0.00027083416,8.1402104e-05,0.00010792478
2018-03-09 21:00:00,0.00065329316,0.00024802567,0.00023035242,0.0002992719,0.00018858086,0.0002315917
2018-03-11 21:00:00,0.00028846113,0.00018146454,6.640264e-05,0.00013392909,5.7305053e-05,3.348892e-05
2018-03-11 22:00:00,6.870281e-05,0.00023873479,9.810036e-05,0.00015140015,0.00020158915,0.00040667708
2018-03-11 23:00:00,0.000192718,6.391484e-05,0.00012318225,0.00016867403,0.00047809695,0.0004966785
2018-03-12 00:00:00,0.00011112024,4.9568684e-05,5.343803e-05,0.0003737063,0.0004174664,3.3210305e-05
2018-03-12 01:00:00,0.00012228075,0.00018386706,0.00063459505,0.00065988686,3.6072022e-05,6.344163e-05
2018-03-12 02:00:00,5.756045e-05,0.0006413913,0.00067053136,7.97901e-05,3.0323708e-05,8.6355176e-05
2018-03-12 03:00:00,0.0005122357,0.00072696083,0.00010718136,7.5023214e-05,6.522538e-05,0.00024203672
2018-03-12 04:00:00,0.00014286306,0.00074735505,0.0004093446,0.0004107559,0.00014652844,5.531796e-05
2018-03-12 05:00:00,0.0005123007,0.0005824678,0.0003437732,0.00029079296,0.00020227308,0.00030158827
2018-03-12 06:00:00,6.980154e-05,0.00020276244,0.00029852832,0.00034940385,0.00024070781,2.9495646e-05
2018-03-12 07:00:00,0.00016986023,0.00040509528,0.0004241274,0.00017874643,3.8907692e-05,8.0075486e-05
2018-03-12 08:00:00,0.00020754263,0.00034698923,9.525082e-05,0.00017104388,0.0001979309,0.00012146819
2018-03-12 09:00:00,0.00010418733,0.00011661309,0.0003171252,0.0004724208,0.00043360537,0.00027450002
2018-03-12 10:00:00,0.0001508272,0.00042372808,0.0004081741,0.00046101664,0.00044687124,0.00026700972
2018-03-12 11:00:00,0.00029210057,0.00037272973,0.00027989436,0.00042111948,0.0001958098,0.00016371883
2018-03-12 12:00:00,9.344832e-05,0.0001247004,0.00016579777,4.804875e-05,5.8824462e-05,0.00016810876
2018-03-12 13:00:00,3.0519626e-05,0.00016067822,5.4871874e-05,5.5205193e-05,0.00014469145,8.212536e-05
2018-03-12 14:00:00,8.851972e-05,9.2975584e-05,9.1141424e-05,0.00016869316,7.718727e-05,5.6929624e-05
2018-03-12 15:00:00,0.00017418661,0.00018811731,7.785248e-05,5.0543236e-05,3.5053952e-05,3.9101968e-05
2018-03-12 16:00:00,5.9732018e-05,0.00025656234,0.00012365285,0.00015064873,0.00018985328,0.0002386141
2018-03-12 17:00:00,0.0002660253,0.00018328152,0.00015675653,0.00015686665,0.00030821783,0.00040549273
2018-03-12 18:00:00,7.285187e-05,9.0161004e-05,6.130219e-05,0.00020364241,0.00028309686,0.00013571586
2018-03-12 19:00:00,4.66825e-05,8.4328756e-05,0.0002883409,0.00031312087,0.0002646949,0.00018253384
2018-03-12 20:00:00,5.7351266e-05,0.00033442627,0.00025418706,0.00029128694,0.00023534191,0.00012895014
2018-03-12 21:00:00,0.0001907596,0.00038133326,0.00013129723,0.0002514285,0.0001650746,0.00011624895
2018-03-12 22:00:00,0.000113526614,3.9208804e-05,4.893104e-05,3.881245e-05,3.8885428e-05,0.00014298467
2018-03-12 23:00:00,7.0357004e-05,0.00012751216,0.00011582811,0.00012578235,0.00029236215,0.00026808944
2018-03-13 00:00:00,4.1001826e-05,6.248438e-05,5.8784164e-05,0.0001749251,0.00019692813,0.00011704325
2018-03-13 01:00:00,6.564117e-05,3.404132e-05,0.00019261602,0.000282833,0.00016190523,6.1150815e-05
2018-03-13 02:00:00,3.8347425e-05,0.00015041867,0.00019213029,0.00012887658,6.51087e-05,1.926388e-05
2018-03-13 03:00:00,0.00018414864,0.0002849508,0.00013740447,5.2716285e-05,3.9971907e-05,0.00048410968
2018-03-13 04:00:00,0.00010336686,2.7911046e-05,7.301592e-05,0.00012415547,0.0006294987,0.0009539237
2018-03-13 05:00:00,8.5340645e-05,0.00017595445,0.0001970853,0.0009526641,0.00084541796,0.0010091617
2018-03-13 06:00:00,0.00010342289,0.00013642947,0.00054669054,0.00090019254,0.001045867,0.00055011926
2018-03-13 07:00:00,4.3789772e-05,0.000978797,0.0009946454,0.00049264217,0.000609077,0.00065832457
2018-03-13 08:00:00,0.00091919117,0.00091217575,0.00083400443,0.00071426085,0.000641537,0.0010373094
2018-03-13 09:00:00,0.00018816006,0.00016395669,4.690185e-05,4.283775e-05,0.00031404843,5.9864164e-05
2018-03-13 10:00:00,4.240282e-05,0.00020394014,0.00013616783,0.0001033698,0.00024549125,4.277515e-05
2018-03-13 11:00:00,0.00021550362,0.00010180125,0.00013524527,0.00014398836,4.6908455e-05,3.6653142e-05
2018-03-13 12:00:00,5.1787323e-05,0.0003600182,4.774843e-05,0.00011295349,0.00010257084,0.0001254256
2018-03-13 13:00:00,0.0003333598,6.766041e-05,0.00013219906,0.000129287,7.496805e-05,5.3829925e-05
2018-03-13 14:00:00,0.00031526247,0.00013924387,0.00016938307,0.00013881308,0.00020221643,5.083978e-05
2018-03-13 15:00:00,0.00023046437,0.00022600521,0.00012957469,9.899876e-05,0.00044863267,0.00033628984
2018-03-13 16:00:00,4.6439425e-05,3.7806956e-05,7.7724304e-05,0.0001879433,0.00013503575,0.00015071762
2018-03-13 17:00:00,5.305004e-05,3.3357526e-05,0.00028447103,0.00011323564,0.0001565498,9.895498e-05
2018-03-13 18:00:00,3.8173843e-05,0.0002690261,0.00021247989,0.00019221158,0.00016518,0.00012302739
2018-03-13 19:00:00,0.00026099567,0.00018627346,0.0002290514,0.00011962865,0.00021009688,0.00011667287
2018-03-13 20:00:00,9.428264e-05,3.7448874e-05,0.0001128066,4.8326045e-05,4.099569e-05,6.81208e-05
2018-03-13 21:00:00,6.52009e-05,4.503773e-05,6.359858e-05,6.615199e-05,3.884598e-05,5.2055726e-05
2018-03-13 22:00:00,0.000110155925,3.259223e-05,5.4522927e-05,3.6442616e-05,3.2846972e-05,0.00012328039
2018-03-13 23:00:00,6.650114e-05,9.3559334e-05,3.750472e-05,7.963879e-05,0.000163283,8.064684e-05
2018-03-14 00:00:00,4.653948e-05,4.2332438e-05,3.783723e-05,0.00012531954,0.00013110228,9.677189e-05
2018-03-14 01:00:00,8.344949e-05,1.9056504e-05,8.667082e-05,9.562814e-05,0.00012417516,4.7867445e-05
2018-03-14 02:00:00,7.409244e-05,0.0001420818,0.00012698575,7.746751e-05,0.00012677614,0.00024029563
2018-03-14 03:00:00,0.00013381144,0.00014091564,0.0001597776,7.8026096e-05,0.00024927745,0.00020750679
2018-03-14 04:00:00,0.00029624646,0.00018899719,4.8098507e-05,0.00014533855,0.0002464076,0.00010768629
2018-03-14 05:00:00,5.6540175e-05,0.00027298598,0.00046457187,4.090886e-05,0.00015350412,5.2952942e-05
2018-03-14 06:00:00,0.00024110134,0.00036378368,7.2738534e-05,8.840677e-05,6.317414e-05,2.3579034e-05
2018-03-14 07:00:00,0.00022047773,0.0002565162,0.0001194156,8.436926e-05,0.00014837274,0.00028094265
2018-03-14 08:00:00,0.0003900023,0.00030329608,0.00030074787,0.00018057559,0.00051937765,0.0005420172
2018-03-14 09:00:00,0.00019959915,8.944948e-05,4.950923e-05,4.7323676e-05,0.00017410608,7.446459e-05
2018-03-14 10:00:00,5.503748e-05,0.000110762776,0.00020373266,0.00021447855,0.00019691487,8.94703e-05
2018-03-14 11:00:00,9.327344e-05,0.0001733739,0.00022287393,0.00013155707,0.00011143453,0.00013192568
2018-03-14 12:00:00,0.00014314527,0.0001929318,0.00014928065,3.065056e-05,4.8928076e-05,4.4613447e-05
2018-03-14 13:00:00,0.00016411302,2.8853034e-05,0.00012204741,4.5635505e-05,0.00012187026,7.003755e-05
2018-03-14 14:00:00,9.6291966e-05,0.00023185198,0.000106288964,0.00021942251,0.00016145702,0.00019095906
2018-03-14 15:00:00,0.00011075575,5.4206423e-05,0.00017492766,0.000106824555,0.00013078992,0.00013626806
2018-03-14 16:00:00,7.0014736e-05,0.000102083846,3.6610916e-05,4.035863e-05,6.0363876e-05,3.737184e-05
2018-03-14 17:00:00,0.0001264887,5.323496e-05,8.240202e-05,0.00012113847,6.241519e-05,6.372231e-05
2018-03-14 18:00:00,9.67511e-05,6.935241e-05,6.443659e-05,0.00011549883,0.00020196645,0.00015079793
2018-03-14 19:00:00,7.35194e-05,7.2891155e-05,7.1824645e-05,0.0001743175,0.00013593503,5.5116154e-05
2018-03-14 20:00:00,5.2865755e-05,4.2430827e-05,0.000118651704,9.674781e-05,7.071544e-05,6.225023e-05
2018-03-14 21:00:00,9.080851e-05,0.00014189133,0.00013111567,6.3858206e-05,9.261037e-05,0.00013195377
2018-03-14 22:00:00,0.00012082398,7.110712e-05,2.8780796e-05,3.3801385e-05,6.5937624e-05,0.00016266464
2018-03-14 23:00:00,4.8595964e-05,0.00013089938,9.851499e-05,4.6944293e-05,6.848291e-05,0.00011681488
2018-03-15 00:00:00,9.581652e-05,7.552215e-05,3.2908232e-05,5.016323e-05,0.0001293269,0.00017398117
2018-03-15 01:00:00,4.487591e-05,5.0695708e-05,0.00017881466,6.472776e-05,0.00014889913,0.00037343262
2018-03-15 02:00:00,5.04089e-05,0.0001570203,0.000100500365,0.00016391945,0.00024161646,0.00037079517
2018-03-15 03:00:00,0.00012688116,0.00013776051,0.00014583602,0.00015814211,0.00036543567,0.00024727706
2018-03-15 04:00:00,0.00023661628,8.206988e-05,0.00021508329,0.00024236398,0.0003286376,0.00018750032
2018-03-15 05:00:00,0.00031074203,0.00046839032,0.0006196255,0.00034542376,3.2285985e-05,0.00013129957
2018-03-15 06:00:00,0.00015405074,0.00020114714,0.00018276453,0.00016337397,0.00011847457,0.0004820061
2018-03-15 07:00:00,7.0881986e-05,5.917051e-05,0.00038140253,0.00022830185,0.00037416536,0.00068705337
2018-03-15 08:00:00,4.8537386e-05,0.00046030828,0.0004136837,0.00036158724,0.00052994885,0.0007301675
2018-03-15 09:00:00,0.0006716613,0.00041115782,0.00029480192,0.0005144862,0.0010072076,0.00086519966
2018-03-15 10:00:00,0.0001307077,0.0007892637,0.0010706439,0.0011135625,0.000991617,0.0011713285
2018-03-15 11:00:00,0.0006724818,0.0009972929,0.0012277759,0.0009813801,0.0012621606,0.001394849
2018-03-15 12:00:00,0.00036603058,0.0006365957,0.0005536052,0.0003637613,0.0006638616,0.0005719116
2018-03-15 13:00:00,0.00024814636,0.00016733301,0.0002339172,0.00024193768,0.00024032351,0.0002222883
2018-03-15 14:00:00,7.2591254e-05,2.6702919e-05,9.1181144e-05,2.870893e-05,8.813128e-05,2.9808001e-05
2018-03-15 15:00:00,0.00010218252,0.00024372088,9.495449e-05,7.968081e-05,7.411036e-05,0.00012686527
2018-03-15 16:00:00,0.00022003766,3.1135543e-05,8.0211554e-05,3.4843088e-05,8.973865e-05,8.283333e-05
2018-03-15 17:00:00,0.00016534016,9.0651134e-05,0.00014883668,4.2926196e-05,7.435705e-05,0.00010105424
2018-03-15 18:00:00,7.887572e-05,3.9252805e-05,0.00013350809,4.576739e-05,0.00024588176,3.9472936e-05
2018-03-15 19:00:00,4.999005e-05,5.6327455e-05,3.8526035e-05,0.0001065521,3.0681265e-05,3.118382e-05
2018-03-15 20:00:00,0.00016859068,5.9999453e-05,0.00027279143,3.4907003e-05,6.5028355e-05,2.5861502e-05
2018-03-15 21:00:00,7.441335e-05,0.00015190516,8.823537e-05,7.476418e-05,0.00010142303,0.00013274529
2018-03-15 22:00:00,0.00019088929,4.281922e-05,6.280355e-05,7.524564e-05,6.9366666e-05,0.0001552325
2018-03-15 23:00:00,0.0002710374,0.00014509841,0.00019016661,0.00016038907,0.0002343454,0.00025275775
2018-03-16 00:00:00,2.9295128e-05,3.39144e-05,6.331892e-05,0.000104497856,0.00011449952,8.477102e-05
2018-03-16 01:00:00,7.4557196e-05,8.66844e-05,0.00015248737,8.637736e-05,9.3581526e-05,0.000106708714
2018-03-16 02:00:00,4.1447984e-05,0.00013247717,7.470717e-05,9.479135e-05,0.00016348285,0.0001957937
2018-03-16 03:00:00,6.756677e-05,5.9900343e-05,0.00015032073,0.00018479048,0.00032962533,0.0002018941
2018-03-16 04:00:00,7.410199e-05,0.00022488473,0.00019606798,0.00031086963,0.00024250301,0.00031856925
2018-03-16 05:00:00,0.00021015057,0.00028149906,0.00031907143,0.00016054597,0.00025334448,0.00044486063
2018-03-16 06:00:00,6.643095e-05,0.00019517199,9.8238044e-05,8.491761e-05,0.00019277196,7.370609e-05
2018-03-16 07:00:00,0.00011924778,4.7880792e-05,0.00013068898,0.000110165005,0.00012449855,0.00016035601
2018-03-16 08:00:00,9.57162e-05,2.955362e-05,3.5145007e-05,0.00026845426,0.0003418464,0.00040619422
2018-03-16 09:00:00,7.0204675e-05,8.129631e-05,0.00017077687,0.00028421593,0.00037726332,0.00024543962
2018-03-16 10:00:00,4.6285208e-05,0.00032739772,0.00043389233,0.00033051227,0.00029325587,0.00017887856
2018-03-16 11:00:00,0.0003674347,0.00036098686,0.0004166114,0.00022090587,0.0002548739,0.00027762767
2018-03-16 12:00:00,0.000108260916,0.00017996691,4.5745383e-05,2.1951511e-05,4.3804896e-05,9.192102e-05
2018-03-16 13:00:00,0.00010080975,4.263022e-05,0.00010922678,5.7799585e-05,0.00017877753,0.00019831934
2018-03-16 14:00:00,0.000107141896,0.00021993936,0.00015115147,0.00023595137,0.00019649701,0.00021907115
2018-03-16 15:00:00,0.00012093674,3.525532e-05,0.00018845066,0.00017654717,0.00015067356,9.410398e-05
2018-03-16 16:00:00,5.0600658e-05,7.019325e-05,0.00016454351,6.0058595e-05,7.08244e-05,6.640313e-05
2018-03-16 17:00:00,8.767419e-05,0.0001517774,9.418609e-05,5.2951335e-05,0.00013561499,7.0890215e-05
2018-03-16 18:00:00,5.19322e-05,4.4554257e-05,5.489132e-05,6.56841e-05,4.470411e-05,0.00012350618
2018-03-16 19:00:00,9.340224e-05,8.75325e-05,9.0563844e-05,0.00010598876,0.0001531037,0.00018121423
2018-03-16 20:00:00,4.1027666e-05,2.5370637e-05,3.3420823e-05,8.454812e-05,0.00015347586,0.00014664818
2018-03-18 21:00:00,4.838419e-05,2.914882e-05,8.6836e-05,0.00017753932,0.00010902349,0.00014280145
2018-03-18 22:00:00,4.089744e-05,0.00013088992,0.00020539551,0.00018820983,0.00016473878,9.400997e-05
2018-03-18 23:00:00,0.00010561847,0.00014592927,0.00017243522,0.0001556291,0.00010670644,0.00013391042
2018-03-19 00:00:00,9.991203e-05,0.000121495075,0.00010609688,4.647031e-05,8.318332e-05,0.00023837137
2018-03-19 01:00:00,3.853431e-05,6.20218e-05,4.8611844e-05,4.2849748e-05,0.00016158588,0.00013710947
2018-03-19 02:00:00,4.005039e-05,7.535184e-05,3.8960996e-05,0.00019831324,0.00012065607,0.00011754193
2018-03-19 03:00:00,0.00010015647,3.553954e-05,0.00014011527,0.00013146021,0.00018342475,0.00019646985
2018-03-19 04:00:00,7.0441776e-05,0.0002738028,0.00019961102,0.00011380225,8.9243775e-05,0.0003788013
2018-03-19 05:00:00,0.00023018023,0.00017533737,0.0001671598,0.00010311357,0.00043450398,0.00021110862
2018-03-19 06:00:00,5.468761e-05,0.00033445266,0.00031193587,0.00047068013,0.00047876785,0.00038104912
2018-03-19 07:00:00,0.000514363,0.00038953082,0.0005909935,0.00041979144,0.00046665964,0.00014893326
2018-03-19 08:00:00,3.2941e-05,0.00029920114,0.0001511772,4.7070716e-05,0.00012153444,9.2255796e-05
2018-03-19 09:00:00,0.00039893165,0.0001283181,8.4387066e-05,0.00013271008,8.7524284e-05,7.685664e-05
2018-03-19 10:00:00,0.0001415838,0.00024074008,0.00043773875,0.00036260142,0.0003207308,0.00042683486
2018-03-19 11:00:00,0.00010988194,0.00033969572,0.00029865486,0.00026709444,0.00043025572,0.00034888418
2018-03-19 12:00:00,0.00024196718,0.00014542064,0.00017019987,0.00025078474,0.00034163508,0.0003862946
2018-03-19 13:00:00,7.70115e-05,3.2154832e-05,0.00014206456,0.000136337,0.0002193797,0.00016963415
2018-03-19 14:00:00,4.6123227e-05,0.00020394649,0.0003724707,0.00022004392,0.00018437533,0.00026906715
2018-03-19 15:00:00,0.00020767505,0.00034102824,0.00027076874,0.00021697325,0.00018229778,0.00020026475
2018-03-19 16:00:00,0.0001367864,0.00014708881,8.243312e-05,6.946156e-05,5.415547e-05,0.00011750982
2018-03-19 17:00:00,4.7394038e-05,6.174734e-05,8.080685e-05,3.8406153e-05,4.161872e-05,4.8369802e-05
2018-03-19 18:00:00,9.471319e-05,7.971424e-05,0.00013144739,5.5281922e-05,4.55963e-05,2.5556103e-05
2018-03-19 19:00:00,3.1649142e-05,2.3834174e-05,7.601762e-05,9.5377836e-05,7.1035094e-05,1.955591e-05
2018-03-19 20:00:00,3.6545396e-05,0.00010268999,8.696313e-05,9.814144e-05,4.0135827e-05,3.045938e-05
2018-03-19 21:00:00,0.00010010693,9.4167524e-05,7.851568e-05,3.3986704e-05,4.776398e-05,9.165391e-05
2018-03-19 22:00:00,3.8870206e-05,2.9873823e-05,7.953473e-05,7.049788e-05,0.00015030117,0.00016364975
2018-03-19 23:00:00,6.268763e-05,9.0977366e-05,0.00015323491,0.00015515742,0.00017423205,0.0001857041
2018-03-20 00:00:00,9.803924e-05,8.883879e-05,0.0001929451,0.00010374219,0.00013879089,0.00024145408
2018-03-20 01:00:00,5.9234884e-05,0.0001279398,8.796076e-05,4.8396923e-05,0.00021907076,2.6158235e-05
2018-03-20 02:00:00,9.834087e-05,6.4594955e-05,6.7725865e-05,0.00016965334,3.6121226e-05,5.5255787e-05
2018-03-20 03:00:00,3.0387095e-05,2.7210544e-05,0.000113984584,8.415607e-05,3.999688e-05,2.8971834e-05
2018-03-20 04:00:00,3.273147e-05,7.830183e-05,0.00010475957,6.60629e-05,4.6146113e-05,0.00014224285
2018-03-20 05:00:00,0.00015351601,7.6689474e-05,4.2477346e-05,4.346888e-05,0.00010341769,0.000545121
2018-03-20 06:00:00,0.0002020239,0.00014391707,0.00015374384,0.00022705217,0.00046602648,0.00077728636
2018-03-20 07:00:00,0.00010743084,7.007567e-05,5.424883e-05,0.00046283047,0.0005549393,0.00056356634
2018-03-20 08:00:00,2.6377871e-05,0.00012223955,0.0005690359,0.00049475185,0.00045391644,0.00083494367
2018-03-20 09:00:00,0.00012424559,0.0005736671,0.00059019803,0.00043877208,0.0008187429,0.0010309285
2018-03-20 10:00:00,0.0005276064,0.00052142143,0.0005551259,0.0005761526,0.00076361455,0.0005455087
2018-03-20 11:00:00,6.297404e-05,0.0001635666,0.0005488384,0.00023740066,0.00028795563,0.00046951466
2018-03-20 12:00:00,9.3822295e-05,0.0005004051,0.00043924237,0.0002739701,0.00032880675,0.00019297392
2018-03-20 13:00:00,0.0003462171,0.00036532874,0.00016706268,0.00020472937,0.00013024588,0.0001795134
2018-03-20 14:00:00,8.219904e-05,0.00014273339,3.4845718e-05,0.00014948839,0.00016710664,0.00010056547
2018-03-20 15:00:00,0.00017148335,4.731719e-05,0.00025751782,0.00016613331,0.00012921629,8.2280625e-05
2018-03-20 16:00:00,0.00015795928,0.00010142015,6.163806e-05,3.396763e-05,4.075755e-05,3.365266e-05
2018-03-20 17:00:00,0.00021402974,0.00017739896,9.740051e-05,4.597227e-05,6.526967e-05,6.6335175e-05
2018-03-20 18:00:00,6.7900204e-05,0.000115345974,0.00011086736,0.00012399851,0.00011043795,0.00021565771
2018-03-20 19:00:00,7.566055e-05,9.640154e-05,6.550099e-05,7.420282e-05,0.00014424321,0.0002788065
2018-03-20 20:00:00,2.9042876e-05,4.0626222e-05,4.874591e-05,0.00015648514,0.00022054401,0.00018276446
2018-03-20 21:00:00,3.012425e-05,3.4957662e-05,0.00013650594,0.00016737121,0.00011302705,0.00014419861
2018-03-20 22:00:00,4.0856277e-05,0.00017105976,0.00022566547,0.00016683918,0.00021294165,0.00013079586
2018-03-20 23:00:00,0.00018123486,0.00014857543,0.00015292822,0.00016994668,0.000110647554,5.4677617e-05
2018-03-21 00:00:00,0.00013887625,3.6266003e-05,9.206012e-05,4.3367334e-05,7.1813876e-05,0.0001583425
2018-03-21 01:00:00,0.00010471606,4.0153795e-05,0.000108183194,0.00010841032,0.00029552245,0.00052145886
2018-03-21 02:00:00,8.0251666e-05,2.4434683e-05,6.0074843e-05,0.00018303885,0.0004006721,0.00040219215
2018-03-21 03:00:00,7.415428e-05,0.000111383335,0.00027598694,0.0003546671,0.0006020108,0.00047014563
2018-03-21 04:00:00,9.106429e-05,0.0002277973,0.0004330561,0.00041087685,0.00045043818,0.0002109496
2018-03-21 05:00:00,0.00014323837,0.00036169228,0.0005331779,0.00035040753,0.00026760585,0.0004525136
2018-03-21 06:00:00,0.0002774006,0.00029049758,0.00021383078,7.391592e-05,0.0003559523,0.0003149041
2018-03-21 07:00:00,0.00013234558,2.7169182e-05,9.478098e-05,9.569794e-05,0.00027190798,0.00018209883
2018-03-21 08:00:00,0.00013875148,0.00020399959,7.0443944e-05,0.00014839967,7.631411e-05,8.431484e-05
2018-03-21 09:00:00,0.00011094561,0.0001280332,0.0003082766,0.00013810556,0.00021037122,0.00010578751
2018-03-21 10:00:00,0.00028675213,0.0002755115,0.00023709385,0.00015713181,0.00014975348,6.9322974e-05
2018-03-21 11:00:00,0.00010902587,3.087166e-05,4.12787e-05,7.245668e-05,0.0001410154,0.00020714037
2018-03-21 12:00:00,0.00010170428,5.8826085e-05,0.00014381895,0.00024199019,0.00024547768,0.00014831497
2018-03-21 13:00:00,3.4385976e-05,6.641083e-05,0.00022914034,0.00016071003,0.00012435755,3.1980664e-05
2018-03-21 14:00:00,0.0001076342,0.00027962192,0.00027443396,0.00011529123,4.7026755e-05,5.1781364e-05
2018-03-21 15:00:00,0.00013774769,0.00012074156,5.555965e-05,3.21865e-05,4.59361e-05,2.414209e-05
2018-03-21 16:00:00,2.3663393e-05,7.297138e-05,0.00016877407,8.6138054e-05,0.000103402585,2.5514144e-05
2018-03-21 17:00:00,0.000110631154,0.00018063257,0.00011711257,9.260448e-05,6.029424e-05,6.7482135e-05
2018-03-21 18:00:00,8.902423e-05,5.0811243e-05,3.926197e-05,4.7712223e-05,0.0001198244,7.738799e-05
2018-03-21 19:00:00,3.3879012e-05,3.501086e-05,0.00012363246,0.00017277795,0.00010573513,0.00015902662
2018-03-21 20:00:00,2.5838364e-05,7.7367724e-05,0.00022634117,0.00011532141,0.00014935019,0.00014163303
2018-03-21 21:00:00,0.00010029607,0.00022134802,8.7087006e-05,0.00016783603,0.00016185686,0.00023380859
2018-03-21 22:00:00,0.00013405207,4.491192e-05,8.0735634e-05,8.1387385e-05,0.000110299334,3.3631994e-05
2018-03-21 23:00:00,9.63198e-05,3.371815e-05,3.6768135e-05,3.7355858e-05,0.00013934534,0.00021119694
2018-03-22 00:00:00,7.699175e-05,6.6787645e-05,0.0001495702,3.7243863e-05,0.00017418081,0.0001095498
2018-03-22 01:00:00,3.167298e-05,4.0537405e-05,7.3300995e-05,0.00013375077,0.00019682954,0.00017704832
2018-03-22 02:00:00,5.500328e-05,9.5036194e-05,0.00019249965,0.00012337841,0.00016125306,0.00023164962
2018-03-22 03:00:00,0.00015042513,0.0002182929,0.00018829426,0.00022964171,0.00033211603,0.0002951085
2018-03-22 04:00:00,0.00010966451,0.000101223966,0.00015749622,0.00013174882,0.0001465403,0.0003352781
2018-03-22 05:00:00,4.2000298e-05,3.617053e-05,0.00010124947,4.975812e-05,0.0002712541,0.0003929114
2018-03-22 06:00:00,8.453732e-05,0.00013859151,0.000111792106,0.00016800534,0.00041725775,0.0005820561
2018-03-22 07:00:00,9.979459e-05,3.6960206e-05,0.00030234567,0.00020845387,0.0004823485,0.00021133035
2018-03-22 08:00:00,4.6055437e-05,0.00015212802,0.00031455632,0.0002561172,0.00022766838,0.00055915455
2018-03-22 09:00:00,0.00026769628,0.00036960232,0.00041273868,0.00018766143,0.00062933174,0.00065858173
2018-03-22 10:00:00,0.0002172045,0.000223619,5.4953733e-05,0.0003062033,0.00049094524,0.00019314502
2018-03-22 11:00:00,0.00012396426,0.00010116301,0.00027692592,0.00031652307,5.339859e-05,0.00049893337
2018-03-22 12:00:00,0.00025479868,0.00019406204,0.00025049146,5.9983122e-05,0.00041660535,0.0004184722
2018-03-22 13:00:00,0.00050138973,0.00043475477,0.00010776207,0.00049302145,0.00043190163,0.0005173534
2018-03-22 14:00:00,6.722564e-05,0.00022362004,0.00027571624,0.00018276485,0.00023071203,0.00018716328
2018-03-22 15:00:00,0.000411751,0.00020911182,0.00019574424,9.78553e-05,0.00015486269,0.00013630997
2018-03-22 16:00:00,0.00077475153,0.000484832,0.00036841628,0.00036987208,0.00035818585,0.00042534975
2018-03-22 17:00:00,4.6748606e-05,3.0042676e-05,5.9261027e-05,8.35042e-05,4.7758454e-05,3.1114654e-05
2018-03-22 18:00:00,5.6377783e-05,5.6122375e-05,9.412182e-05,8.272059e-05,4.8906924e-05,2.7419905e-05
2018-03-22 19:00:00,4.8717047e-05,6.6389715e-05,7.645078e-05,3.8032205e-05,3.9530976e-05,3.537845e-05
2018-03-22 20:00:00,4.3011798e-05,3.2984954e-05,3.17354e-05,4.4074073e-05,3.2882206e-05,5.1816223e-05
2018-03-22 21:00:00,3.0029556e-05,5.417192e-05,9.350639e-05,2.6466578e-05,5.1566156e-05,7.365597e-05
2018-03-22 22:00:00,7.21242e-05,7.917949e-05,4.1509655e-05,5.736801e-05,5.7414873e-05,4.7280264e-05
2018-03-22 23:00:00,5.9202917e-05,5.1661904e-05,8.089967e-05,0.00010935709,8.475413e-05,0.00015351822
2018-03-23 00:00:00,8.977948e-05,0.000103950064,0.00018603345,0.00014327065,0.00017972653,0.0002537889
2018-03-23 01:00:00,3.864618e-05,9.078866e-05,0.00010496679,0.00016967733,0.00017775007,0.00015476161
2018-03-23 02:00:00,4.6955396e-05,7.368255e-05,0.00011722189,0.000112770176,0.00011429379,0.0002637674
2018-03-23 03:00:00,2.8516924e-05,0.00011851107,0.00011235006,0.000114216025,0.00014639362,0.0002316023
2018-03-23 04:00:00,0.00013685934,9.355385e-05,9.60741e-05,0.00013288537,0.0001884658,0.00023775708
2018-03-23 05:00:00,3.291996e-05,2.8317341e-05,7.9036596e-05,0.00011630943,0.00011832154,0.00011648474
2018-03-23 06:00:00,2.789127e-05,0.000105770356,0.00012164204,0.00011813416,0.000131043,0.00049457635
2018-03-23 07:00:00,7.43493e-05,0.00013118239,0.00016553547,0.00013772713,0.00035546473,0.0007072033
2018-03-23 08:00:00,6.184259e-05,0.00012761922,0.00024336569,0.00041950867,0.000741499,0.000523299
2018-03-23 09:00:00,6.533103e-05,0.00031786572,0.0006316567,0.0007002105,0.00039368845,0.0004974321
2018-03-23 10:00:00,0.00046048392,0.00060878915,0.0011853549,0.00051039224,0.00036201836,0.00059642026
2018-03-23 11:00:00,0.00047203488,0.00052424136,0.000393914,0.00017657496,0.00020595032,0.00026492894
2018-03-23 12:00:00,0.00032327345,7.617522e-05,0.00014661904,9.424989e-05,4.4222594e-05,3.320909e-05
2018-03-23 13:00:00,0.00029684743,0.0004181339,0.00028608757,0.00032966334,0.0002384623,0.00029578496
2018-03-23 14:00:00,0.0002039847,0.000120927405,7.363282e-05,9.582629e-05,7.87493e-05,6.100061e-05
2018-03-23 15:00:00,4.5434153e-05,0.0001463987,8.632339e-05,5.615734e-05,5.424507e-05,0.00010626698
2018-03-23 16:00:00,0.0001098214,5.1338215e-05,4.6666806e-05,3.4701192e-05,7.6284e-05,8.573996e-05
2018-03-23 17:00:00,5.634962e-05,5.359951e-05,7.264747e-05,3.9273007e-05,4.818977e-05,0.00015075691
2018-03-23 18:00:00,2.7726948e-05,5.3418935e-05,3.198713e-05,7.124456e-05,0.0002260582,0.00024858557
2018-03-23 19:00:00,4.3482964e-05,4.370402e-05,8.0196456e-05,0.00019237613,0.00020353514,0.00020453225
2018-03-23 20:00:00,6.0857506e-05,9.9127436e-05,0.00026861133,0.00018671746,0.00020361113,0.00015417796
2018-03-25 21:00:00,7.521982e-05,0.00022200486,0.00020954233,0.00014420893,0.00016532281,0.00022308408
2018-03-25 22:00:00,0.00018335415,0.00015343816,0.00014052793,0.00011480602,0.00021043836,0.00035821905
2018-03-25 23:00:00,3.639408e-05,2.9408873e-05,5.6637007e-05,4.4507124e-05,0.00016248114,7.0074595e-05
2018-03-26 00:00:00,5.0522955e-05,5.3545067e-05,4.4103876e-05,0.000110057015,6.578367e-05,5.365443e-05
2018-03-26 01:00:00,3.4572095e-05,5.976253e-05,0.00013630222,7.56533e-05,5.9885657e-05,0.00010459009
2018-03-26 02:00:00,8.777623e-05,0.00013422982,0.000100127516,5.899149e-05,0.00010601511,0.00016143173
2018-03-26 03:00:00,0.00012244431,2.755398e-05,3.4483288e-05,0.000115328185,0.00020747905,0.00039281943
2018-03-26 04:00:00,9.579584e-05,6.905824e-05,0.00030538221,0.00021826735,0.00038183093,0.0002855179
2018-03-26 05:00:00,2.4562705e-05,0.00021792829,0.00021262336,0.00032112093,0.0003208167,0.00050095265
2018-03-26 06:00:00,0.00022607883,0.0002498441,0.00042905196,0.0002407384,0.00034613325,0.00044160758
2018-03-26 07:00:00,4.4229135e-05,0.00018252406,9.765471e-05,0.00028658428,0.00038031695,0.00042660558
2018-03-26 08:00:00,0.00018449099,6.7203844e-05,0.00027621974,0.00039907286,0.00067803334,0.0004733611
2018-03-26 09:00:00,0.00013106171,0.00019620736,0.0003373374,0.0004425628,0.0005411468,0.00053697365
2018-03-26 10:00:00,0.00027299763,0.0004094722,0.00049032917,0.0006325163,0.0005797017,0.0007626685
2018-03-26 11:00:00,0.0001820397,0.00032682097,0.00034496107,0.00032717403,0.00046548055,0.0007541574
2018-03-26 12:00:00,0.0001553857,0.00019009892,0.00022823719,0.00036756974,0.0006321005,0.00025637713
2018-03-26 13:00:00,6.839164e-05,0.00017519438,0.00041270125,0.0004101607,0.00020753143,0.000109750035
2018-03-26 14:00:00,0.000114466115,0.00034205773,0.00033052143,0.000113649345,5.205699e-05,9.825258e-05
2018-03-26 15:00:00,0.00023913839,0.0004267183,6.47908e-05,4.5403463e-05,4.6276222e-05,3.4417644e-05
2018-03-26 16:00:00,0.00023456039,8.129565e-05,0.00015813926,0.00017146478,0.00017914931,0.00014191015
2018-03-26 17:00:00,0.00028667174,0.00030405895,0.0003950837,0.0002805551,0.00031071907,0.0002319567
2018-03-26 18:00:00,9.322662e-05,0.00010213498,9.668858e-05,4.7618643e-05,3.4673896e-05,7.7123696e-05
2018-03-26 19:00:00,3.5013298e-05,3.886289e-05,5.95696e-05,7.7744975e-05,0.00013058493,0.00012802727
2018-03-26 20:00:00,2.2368575e-05,5.6341116e-05,0.000109503744,0.00018480435,0.000100508885,0.00015104674
2018-03-26 21:00:00,3.7103502e-05,0.00010712126,0.0002068059,0.000156779,0.00016216982,6.6806395e-05
2018-03-26 22:00:00,8.7263295e-05,0.00016135986,0.0001061687,0.00012421922,4.5959187e-05,3.16879e-05
2018-03-26 23:00:00,9.233011e-05,7.408474e-05,6.2197614e-05,5.654239e-05,7.945378e-05,5.6241635e-05
2018-03-27 00:00:00,3.6755064e-05,2.8357823e-05,9.0870046e-05,8.103392e-05,3.700368e-05,3.341101e-05
2018-03-27 01:00:00,2.9380019e-05,0.00010876045,0.00014450624,3.643959e-05,6.476491e-05,2.7388298e-05
2018-03-27 02:00:00,0.00012664495,0.00015654675,4.2708358e-05,7.543329e-05,4.0080024e-05,0.00043926385
2018-03-27 03:00:00,6.465931e-05,0.000100549776,0.00014814072,9.564967e-05,0.00029218,0.00030637786
2018-03-27 04:00:00,0.00018582844,0.0001614633,0.00014358609,0.00019387018,0.00018124329,0.00050103746
2018-03-27 05:00:00,5.6246274e-05,2.705237e-05,0.0004563072,0.00037600193,0.0005624672,0.0007007628
2018-03-27 06:00:00,7.599889e-05,0.0005569141,0.0005454279,0.0006162736,0.0006446358,0.0011493603
2018-03-27 07:00:00,0.0005636275,0.00058753544,0.0006324532,0.0005991345,0.0013289406,0.0009105102
2018-03-27 08:00:00,7.914449e-05,0.0003186072,0.0005223851,0.00036361715,0.0006233143,0.00058106077
2018-03-27 09:00:00,0.00029084238,0.00040903076,0.0005484517,0.00045161694,0.0005220752,0.0007026607
2018-03-27 10:00:00,0.00025524816,0.00037168947,0.00033545034,0.00033067542,0.0005554837,0.00038309593
2018-03-27 11:00:00,0.0002932202,0.000157656,0.00022958439,0.00043700525,0.00030725557,0.00040666887
2018-03-27 12:00:00,4.3134773e-05,3.891125e-05,0.00023478159,9.391461e-05,0.00018652035,0.0002794569
2018-03-27 13:00:00,4.663328e-05,0.00026492,0.0001316863,0.00022371722,0.00027402694,0.0003332481
2018-03-27 14:00:00,0.0002478745,0.00013641527,0.00026393868,0.00023020485,0.00027712306,0.00026628358
2018-03-27 15:00:00,0.00016020918,4.1609044e-05,7.192559e-05,0.00019223089,0.0001319585,0.00014884265
2018-03-27 16:00:00,0.00019759018,0.00019533542,0.0002896882,0.0001948578,0.00013053205,0.00020149074
2018-03-27 17:00:00,8.981402e-05,0.00019686559,8.9589616e-05,5.7403377e-05,7.8955796e-05,4.8584774e-05
2018-03-27 18:00:00,0.00013483013,4.467331e-05,2.9133971e-05,4.514685e-05,0.00014641322,0.00014565706
2018-03-27 19:00:00,7.04003e-05,0.000103583414,0.00014168261,0.00012110926,0.00021322472,0.00018413771
2018-03-27 20:00:00,4.0428335e-05,8.103983e-05,0.00019991041,0.00018644771,0.00018361838,0.00024604957
2018-03-27 21:00:00,4.773816e-05,0.00018385034,0.00013617842,0.00013797889,0.000268759,0.00018879585
2018-03-27 22:00:00,0.00013460648,9.49669e-05,0.00013420252,0.00028164667,0.00014515681,0.00019715483
2018-03-27 23:00:00,2.3657823e-05,4.233541e-05,0.00011584462,6.737075e-05,7.923297e-05,0.00015175433
2018-03-28 00:00:00,7.997975e-05,9.1863716e-05,3.9084665e-05,9.453137e-05,0.00023787837,0.00024004254
2018-03-28 01:00:00,0.00012425095,6.122627e-05,8.4869935e-05,0.0001645831,0.00027210548,0.00032689597
2018-03-28 02:00:00,5.296408e-05,3.0938085e-05,0.0001308838,0.00021201982,0.00023890361,0.00025197724
2018-03-28 03:00:00,3.9012764e-05,0.00015092554,0.0002622221,0.0003563489,0.00023491394,0.00029546957
2018-03-28 04:00:00,0.00016916408,0.00028201716,0.0002384215,0.00018193462,0.00023077986,0.00017853966
2018-03-28 05:00:00,0.00012398476,0.00018612409,0.00010541731,0.00018535681,6.371292e-05,0.00014398526
2018-03-28 06:00:00,5.0562645e-05,3.7082304e-05,6.4447326e-05,4.7032383e-05,7.3750176e-05,0.0001466901
2018-03-28 07:00:00,2.9994048e-05,5.0780192e-05,8.612671e-05,7.32123e-05,0.00014134836,0.00011083059
2018-03-28 08:00:00,7.4313575e-05,5.896089e-05,7.5618875e-05,0.00013430156,8.917316e-05,0.0001729379
2018-03-28 09:00:00,0.00016874036,5.5735032e-05,9.720462e-05,7.575402e-05,0.00023774097,0.00026006054
2018-03-28 10:00:00,0.00017517857,0.00023405225,0.00019431685,7.17941e-05,0.00013203532,3.028271e-05
2018-03-28 11:00:00,7.514937e-05,6.701827e-05,0.00021593212,0.00020635486,0.00014035622,0.0007379033
2018-03-28 12:00:00,2.8090297e-05,0.00031332803,0.00038414059,0.00011055169,0.0005416791,0.0006064071
2018-03-28 13:00:00,0.0003677692,0.00035185346,0.00014837492,0.0005027953,0.0007576761,0.00064195145
2018-03-28 14:00:00,8.270364e-05,8.6886466e-05,0.00081546325,0.0009290588,0.0009017795,0.0011763657
2018-03-28 15:00:00,0.00025578588,0.0010112171,0.0009808504,0.00065281184,0.0009710862,0.0011693467
2018-03-28 16:00:00,0.0012032612,0.0010029351,0.00096536375,0.00072120357,0.0009043717,0.0010364513
2018-03-28 17:00:00,0.00028159362,0.00010347936,0.00012744452,0.00014946703,0.00020064367,0.0004594018
2018-03-28 18:00:00,0.00013730636,0.0001069854,7.259256e-05,3.6912752e-05,0.00029761175,0.00018424938
2018-03-28 19:00:00,5.7311787e-05,7.6581004e-05,0.00016057305,0.00032872395,0.000353803,0.0003179677
2018-03-28 20:00:00,6.972988e-05,9.775723e-05,0.00038624357,0.0002876664,0.00025065473,0.0003295524
2018-03-28 21:00:00,6.843293e-05,0.00033502775,0.00036677453,0.00021270805,0.00029120158,0.00025324986
2018-03-28 22:00:00,0.00038323744,0.00026947865,0.0001942207,0.00021618028,0.000190271,2.448332e-05
2018-03-28 23:00:00,6.518882e-05,0.00013292293,7.504012e-05,8.921748e-05,0.00034141974,0.0002212508
2018-03-29 00:00:00,0.00010101536,3.4386456e-05,9.490878e-05,0.00026709525,0.00014229503,0.00012562078
2018-03-29 01:00:00,5.9454174e-05,3.8535192e-05,0.00016581955,7.402814e-05,0.0002006619,4.7670528e-05
2018-03-29 02:00:00,7.19323e-05,0.00032166473,0.0001776424,0.00013526263,7.7690616e-05,0.000378161
2018-03-29 03:00:00,0.00024414092,7.914911e-05,0.00017570805,4.9205737e-05,0.00031152737,0.0004965981
2018-03-29 04:00:00,8.679768e-05,0.0005013053,0.00016355791,0.00012773067,0.000399347,0.00021240076
2018-03-29 05:00:00,0.00030298223,6.4921136e-05,0.0002737126,0.00045165716,0.00041850255,0.000559713
2018-03-29 06:00:00,0.00026129736,0.0006150741,0.0008765966,0.0005307144,0.00091877393,0.0006683195
2018-03-29 07:00:00,0.00033577502,0.0005748749,0.0004449509,0.0005531378,0.00041141972,0.00065649615
2018-03-29 08:00:00,0.0003611276,0.0001417708,0.00029591323,9.035283e-05,0.00020969255,0.000333654
2018-03-29 09:00:00,0.00012922175,8.3343584e-05,7.4889846e-05,8.555364e-05,0.00010057183,0.00011955471
2018-03-29 10:00:00,0.00014770291,2.8995551e-05,0.00018954025,0.00014707711,0.0002830317,0.00026175796
2018-03-29 11:00:00,0.00016169215,7.3349314e-05,3.7509282e-05,5.9389204e-05,0.00015266673,9.9904246e-05
2018-03-29 12:00:00,0.00018645261,0.00015054144,0.00020118669,0.0002258443,0.00018465031,5.984389e-05
2018-03-29 13:00:00,6.072291e-05,5.6770437e-05,0.000101666265,3.8973238e-05,0.00014960383,0.000118950775
2018-03-29 14:00:00,7.3573145e-05,0.000111505426,7.053678e-05,0.00012382715,0.0001324362,6.9626534e-05
2018-03-29 15:00:00,9.1715454e-05,2.6275875e-05,0.0001791993,9.5961645e-05,3.5251887e-05,0.00013282882
2018-03-29 16:00:00,4.194376e-05,0.00021562353,6.43816e-05,4.961082e-05,0.00021462039,0.00026553846
2018-03-29 17:00:00,0.0003135377,9.5028794e-05,3.9039183e-05,0.00019074274,0.0002870461,0.0003813998
2018-03-29 18:00:00,0.00035141114,0.000236641,6.3506675e-05,0.000106125226,0.0002986836,0.00013216001
2018-03-29 19:00:00,0.00013446446,0.00023241279,0.00049912743,0.0004202061,0.00030678735,0.0004485693
2018-03-29 20:00:00,0.00032578054,0.00029812966,0.0003769387,0.00030209313,0.00025572913,0.0004260104
2018-03-29 21:00:00,6.1807485e-05,0.00024019644,0.000114126124,0.00018077891,0.00023330464,0.00023308439
2018-03-29 22:00:00,0.00018807266,6.168174e-05,0.00012263774,0.00013676229,0.00018048414,0.00010602123
2018-03-29 23:00:00,0.00015018313,5.9625327e-05,5.269072e-05,2.9983956e-05,8.668599e-05,0.000115575516
2018-03-30 00:00:00,8.0069425e-05,6.292317e-05,0.000100958736,5.4353666e-05,0.00023703846,0.00010323991
2018-03-30 01:00:00,2.9707891e-05,5.1286865e-05,5.0442843e-05,0.00015482835,0.000112163914,5.4628716e-05
2018-03-30 02:00:00,3.765444e-05,5.350863e-05,0.0001885363,0.00015993876,6.7322166e-05,0.00015434627
2018-03-30 03:00:00,7.760082e-05,0.00017632495,0.0001900504,3.7572696e-05,0.00012720481,6.4015985e-05
2018-03-30 04:00:00,0.00033086436,0.00013540573,7.755795e-05,6.36721e-05,4.9465787e-05,0.00010512517
2018-03-30 05:00:00,0.00045080896,0.00012216484,0.00037403495,0.00018179849,4.0921113e-05,0.00013102933
2018-03-30 06:00:00,0.0003312016,4.4132306e-05,0.00012565588,0.00030996525,0.00022287988,0.00020101081
2018-03-30 07:00:00,0.0002395715,5.948339e-05,9.4631556e-05,4.0473802e-05,3.655612e-05,2.6264264e-05
2018-03-30 08:00:00,0.00014531692,0.0002947179,0.00020200208,0.00018078173,0.00013816242,0.0005328207
2018-03-30 09:00:00,0.00018910554,0.000116069656,9.2002316e-05,0.00010344344,0.0003320959,0.0004657958
2018-03-30 10:00:00,0.00013883258,0.00013401543,0.00010971301,0.00019971718,0.00028428918,0.00021182022
2018-03-30 11:00:00,3.6400892e-05,2.158958e-05,0.00029296378,0.0002982105,0.00029560327,0.00034577254
2018-03-30 12:00:00,3.024322e-05,0.00026926972,0.00035309154,0.00031180153,0.00039032073,0.00044832248
2018-03-30 13:00:00,0.00038224141,0.0003753011,0.00030842694,0.0003262053,0.00039344208,0.00019364526
2018-03-30 14:00:00,7.270099e-05,6.779584e-05,0.00012398597,9.938846e-05,9.4855786e-05,2.9093004e-05
2018-03-30 15:00:00,3.2438034e-05,8.2366445e-05,6.163819e-05,0.000109198976,8.3339044e-05,5.592642e-05
2018-03-30 16:00:00,0.00015179058,8.117912e-05,0.00016219499,3.6735968e-05,8.0853264e-05,0.00012385723
2018-03-30 17:00:00,4.0048413e-05,0.00026920327,0.00014558017,4.4517994e-05,0.00018047822,3.59081e-05
2018-03-30 18:00:00,0.00027655813,0.000102324084,5.8995643e-05,0.000122143,6.559397e-05,6.0429193e-05
2018-03-30 19:00:00,0.00011539337,0.00023979526,3.669853e-05,0.00025650626,0.0002027497,0.00030375115
2018-03-30 20:00:00,0.00015539536,7.445911e-05,0.0001774404,0.00011425309,0.00015545855,0.00019467867
2018-04-01 21:00:00,0.00021527766,4.166649e-05,6.456274e-05,0.00012446691,8.8177876e-05,7.1486116e-05
2018-04-01 22:00:00,0.00034228963,0.00026444037,0.00028131332,0.000210367,0.00020527252,0.00010508137
2018-04-01 23:00:00,3.1234293e-05,7.299215e-05,5.859645e-05,5.770035e-05,5.890337e-05,0.00011477957
2018-04-02 00:00:00,0.00010950067,4.9345384e-05,7.25648e-05,3.3788212e-05,0.00010161975,0.00012223162
2018-04-02 01:00:00,4.6552028e-05,3.1341362e-05,0.0001669195,0.00013783143,7.206848e-05,0.00027722097
2018-04-02 02:00:00,3.4033717e-05,8.338574e-05,0.00017136514,0.00011923056,0.00024223862,0.00040355916
2018-04-02 03:00:00,0.00012011113,0.00013049085,0.00018339898,0.00021988567,0.00050734385,0.00033161204
2018-04-02 04:00:00,9.3008e-05,0.00024610088,0.0003810822,0.00052695384,0.00034543758,0.0005674316
2018-04-02 05:00:00,0.00032614803,0.0003112205,0.0005251047,0.0004969491,0.00068563275,0.00047658774
2018-04-02 06:00:00,0.00018031134,0.00047192042,0.00031136684,0.0002973611,0.00021226596,0.00072001957
2018-04-02 07:00:00,0.000269637,0.00017615464,0.00020850381,7.6723765e-05,0.00066501583,0.0006234884
2018-04-02 08:00:00,6.682533e-05,4.162358e-05,0.00011701148,0.00034563744,0.00036821768,0.00034903255
2018-04-02 09:00:00,5.526372e-05,4.3200762e-05,0.0004028311,0.00038006937,0.00048317952,0.00061608484
2018-04-02 10:00:00,0.00013095458,0.00040503955,0.00039951893,0.00035851926,0.00042464916,0.00047349927
2018-04-02 11:00:00,0.00057364104,0.00038150244,0.00062170497,0.0005030925,0.00063291134,0.0006542259
2018-04-02 12:00:00,8.7720815e-05,7.760122e-05,0.00010325679,0.00019679859,0.00028377253,0.00015219022
2018-04-02 13:00:00,3.272238e-05,4.429466e-05,0.00017784088,0.0001522421,0.00011649113,8.461735e-05
2018-04-02 14:00:00,7.336586e-05,0.0001703651,0.00023707934,0.00012805955,0.00010666746,6.622397e-05
2018-04-02 15:00:00,0.00012581161,0.0001501675,0.00012463097,6.5573695e-05,4.9649487e-05,9.925345e-05
2018-04-02 16:00:00,4.309107e-05,3.0709132e-05,9.212742e-05,5.983702e-05,3.88248e-05,7.727142e-05
2018-04-02 17:00:00,7.81625e-05,0.00011319762,9.364198e-05,3.6410496e-05,3.7820333e-05,7.887053e-05
2018-04-02 18:00:00,0.00013892326,6.2601954e-05,3.9901963e-05,6.412435e-05,4.3379398e-05,9.3510986e-05
2018-04-02 19:00:00,2.430537e-05,9.962182e-05,0.0001674733,6.595435e-05,6.557491e-05,2.5814092e-05
2018-04-02 20:00:00,0.00011145726,0.00015454707,5.8850444e-05,4.307265e-05,3.740391e-05,6.510824e-05
2018-04-02 21:00:00,8.5685686e-05,3.754058e-05,0.00012471664,6.763407e-05,3.8958213e-05,5.05046e-05
2018-04-02 22:00:00,0.0001429095,0.00021092813,0.00020846644,5.2829386e-05,0.000121176934,0.00013347756
2018-04-02 23:00:00,0.00014975345,5.016735e-05,5.4408043e-05,4.14389e-05,4.6526184e-05,0.00018522637
2018-04-03 00:00:00,3.7697497e-05,0.00010134243,9.9256875e-05,6.85377e-05,0.0004062355,0.0002711832
2018-04-03 01:00:00,9.271647e-05,5.1443178e-05,5.8930305e-05,0.00028709424,0.00031027646,0.0001775937
2018-04-03 02:00:00,6.088464e-05,6.448218e-05,0.00017470456,0.00018800485,0.00023265948,0.0004601375
2018-04-03 03:00:00,2.9949755e-05,0.0002198093,0.00026529017,0.00029967306,0.00040894767,0.0006781424
2018-04-03 04:00:00,0.0003674224,0.00025595035,0.00029846307,0.00037558816,0.00054249226,0.00068633433
2018-04-03 05:00:00,2.5791029e-05,0.0006353284,0.0007341602,0.00048782217,0.0011511055,0.0007902415
2018-04-03 06:00:00,0.00061802927,0.00059373875,0.0010263311,0.00075361715,0.0010070003,0.0006451697
2018-04-03 07:00:00,0.00028558404,0.00026687203,0.0005973426,0.0006241683,0.0006085769,0.00046523064
2018-04-03 08:00:00,0.00014374805,0.00040391853,0.00034712412,0.00029034997,0.00027298363,6.4158514e-05
2018-04-03 09:00:00,0.0003176831,0.00025214403,0.00019878338,0.00014170882,5.08385e-05,8.1682985e-05
2018-04-03 10:00:00,9.672661e-05,2.1939575e-05,5.5363453e-05,0.00022858147,0.00036533657,0.00016680155
2018-04-03 11:00:00,6.355817e-05,9.952075e-05,0.0003328361,0.00034074098,0.0003343101,0.00018826779
2018-04-03 12:00:00,5.5940476e-05,0.00023202602,0.0004045813,0.0002065292,0.0001205832,7.644842e-05
2018-04-03 13:00:00,0.00020324405,0.00030914953,0.0002530034,8.640017e-05,5.479343e-05,8.5625274e-05
2018-04-03 14:00:00,8.4868625e-05,3.2587624e-05,0.00013438542,0.00014252393,9.8878205e-05,6.928239e-05
2018-04-03 15:00:00,7.306173e-05,0.00018877984,0.00022809529,0.00013105592,0.00015554966,0.00011960594
2018-04-03 16:00:00,0.0001705899,0.00015688149,0.000102635706,6.274157e-05,6.5840126e-05,3.508511e-05
2018-04-03 17:00:00,8.739949e-05,3.0135108e-05,9.14217e-05,8.954067e-05,9.6166e-05,0.00017354109
2018-04-03 18:00:00,7.0316084e-05,0.00012474402,0.00016611814,0.00012819974,0.00027547913,0.00029178214
2018-04-03 19:00:00,0.000101839774,9.152933e-05,9.662117e-05,0.00020303608,0.00015992828,0.00026206087
2018-04-03 20:00:00,3.4080607e-05,5.2446023e-05,0.00016708838,0.00015606645,0.00014561381,0.00024580664
2018-04-03 21:00:00,5.3187377e-05,0.00013764574,0.00017389302,0.00013849368,0.00017966137,4.0365674e-05
2018-04-03 22:00:00,7.482532e-05,9.796546e-05,0.00013190493,0.00015639981,5.808554e-05,3.671698e-05
2018-04-03 23:00:00,5.3344385e-05,8.505799e-05,0.00011777725,7.778772e-05,0.00010686413,0.00032752522
2018-04-04 00:00:00,2.8991091e-05,9.825214e-05,0.00011281035,7.167453e-05,0.00023751114,0.00020449288
2018-04-04 01:00:00,7.594728e-05,0.00013264868,0.00014169651,0.00029588316,0.0002375429,0.00026489192
2018-04-04 02:00:00,0.00029065882,0.00018952569,0.0004275643,0.00021651055,0.0003041231,0.0004063674
2018-04-04 03:00:00,3.054886e-05,0.0002289709,0.0001115381,0.00012395141,0.00021481018,0.00023532925
2018-04-04 04:00:00,0.00022322754,7.9546575e-05,0.00011495886,0.0001221418,0.00015953317,3.4672084e-05
2018-04-04 05:00:00,0.00011311984,7.494966e-05,4.8816797e-05,3.297867e-05,0.00016105865,0.00012219157
2018-04-04 06:00:00,2.9857749e-05,9.139133e-05,8.709315e-05,0.00010918769,0.00021427026,0.00079290767
2018-04-04 07:00:00,0.00010413352,6.158002e-05,0.00013140222,0.00018659885,0.000700326,0.0005595547
2018-04-04 08:00:00,2.2661514e-05,0.000186718,9.820926e-05,0.0005717339,0.00056536944,0.0006394538
2018-04-04 09:00:00,0.00024590967,0.00010781805,0.0007019762,0.0005313792,0.00049359375,0.00057646283
2018-04-04 10:00:00,0.00035656826,0.0006965313,0.000868736,0.0005671474,0.0008425769,0.0010919824
2018-04-04 11:00:00,0.0006639189,0.0003634039,0.00043152703,0.0003449062,0.00069417024,0.000997311
2018-04-04 12:00:00,0.00017236189,9.409224e-05,5.6927056e-05,0.00031154713,0.0003964168,0.00059546955
2018-04-04 13:00:00,4.081755e-05,8.5897846e-05,0.00052115245,0.0003945531,0.00056585256,0.0005035263
2018-04-04 14:00:00,5.144567e-05,0.0005282053,0.0005719721,0.00054773287,0.0007362265,0.000383232
2018-04-04 15:00:00,0.00048326404,0.0005218399,0.00077720167,0.00037738986,0.0005001531,0.00044940464
2018-04-04 16:00:00,7.3629686e-05,0.00021605918,0.00013122987,9.8169716e-05,0.0001305317,8.27181e-05
2018-04-04 17:00:00,0.00021380027,9.641606e-05,6.1292805e-05,4.7996084e-05,4.4078384e-05,3.2713535e-05
2018-04-04 18:00:00,8.821302e-05,0.00013356336,0.000111194495,0.00014579706,0.00017882211,0.00022649483
2018-04-04 19:00:00,5.5614793e-05,5.7063084e-05,7.4851996e-05,6.66962e-05,0.00015373524,0.0001748112
2018-04-04 20:00:00,3.61084e-05,5.1064584e-05,6.8540685e-05,8.647526e-05,0.0001936576,0.00018442291
2018-04-04 21:00:00,7.170702e-05,5.95588e-05,0.00012202168,0.00021996279,0.00021677642,0.00023743072
2018-04-04 22:00:00,3.0074481e-05,0.00011000121,0.00017025546,0.00023002975,0.00023108356,0.00032620304
2018-04-04 23:00:00,7.743679e-05,0.00012553872,0.00025397673,0.0002570794,0.00027389074,8.554627e-05
2018-04-05 00:00:00,0.00012024285,0.00015717225,0.00022597877,0.00022587265,0.00014755789,9.632092e-05
2018-04-05 01:00:00,8.889189e-05,0.00012305913,0.00017815997,0.00013807684,0.00019285148,0.00024146217
2018-04-05 02:00:00,5.5135468e-05,0.00010018794,0.00031854046,0.00022950697,0.000258842,0.00018479652
2018-04-05 03:00:00,7.354531e-05,0.00032777488,0.00036803764,0.00018004517,0.00021197366,0.0001050505
2018-04-05 04:00:00,0.00047385396,0.00036842414,0.0003999875,0.00021127592,0.00016054505,0.0001741847
2018-04-05 05:00:00,3.4785582e-05,2.4938206e-05,0.000117482145,0.00018308099,0.000111529924,0.00011186255
2018-04-05 06:00:00,3.50752e-05,9.375782e-05,0.00024042261,0.00012864466,0.000147123,0.00014790741
2018-04-05 07:00:00,0.00012258098,0.00023318274,0.00016455907,0.00012685623,0.0002517188,0.00013707254
2018-04-05 08:00:00,0.0001254385,5.7373036e-05,5.8211364e-05,0.00011718252,0.00022750588,0.00028523343
2018-04-05 09:00:00,0.00010228604,5.9162143e-05,5.912606e-05,0.00025830636,0.0003050363,0.0004490499
2018-04-05 10:00:00,3.1706135e-05,9.566399e-05,0.0002936593,0.00034054075,0.00034530816,0.0003159577
2018-04-05 11:00:00,0.00011366708,0.00030735988,0.00049877475,0.00039162496,0.00028389358,0.00015957448
2018-04-05 12:00:00,0.00037638278,0.0004706215,0.0003242075,0.00032443684,0.0002679481,0.00025119918
2018-04-05 13:00:00,0.00016291697,0.0001351724,4.888251e-05,0.0001074884,8.51581e-05,3.0764713e-05
2018-04-05 14:00:00,4.168887e-05,0.0001240955,0.00019819438,0.00028687058,0.0001480339,0.00015258836
2018-04-05 15:00:00,0.000109904286,0.00022360087,0.00024822864,0.000107613036,0.0001068654,0.0001847371
2018-04-05 16:00:00,0.00019240128,0.00013743245,5.107729e-05,7.119942e-05,0.0001033644,5.665122e-05
2018-04-05 17:00:00,2.609366e-05,8.81431e-05,0.000103000486,2.3656628e-05,8.09769e-05,0.00010029239
2018-04-05 18:00:00,0.0001396679,5.973244e-05,6.597606e-05,4.562265e-05,8.241813e-05,9.487431e-05
2018-04-05 19:00:00,6.833921e-05,9.706762e-05,6.440331e-05,2.660276e-05,0.00020201736,0.00019172602
2018-04-05 20:00:00,4.8973652e-05,2.683529e-05,4.8433136e-05,0.00015250323,0.0001787416,0.00015969791
2018-04-05 21:00:00,3.939441e-05,6.5105334e-05,0.0001325834,0.00012842835,0.00010869959,7.48002e-05
2018-04-05 22:00:00,5.298008e-05,0.000181,0.00015441919,0.00015834885,0.0001264943,2.8940556e-05
2018-04-05 23:00:00,0.0002194655,0.0001585974,0.000145075,0.00016194835,0.00011751706,0.00024972332
2018-04-06 00:00:00,5.4912158e-05,3.38638e-05,4.8839636e-05,6.5183354e-05,5.8586702e-05,0.000117497926
2018-04-06 01:00:00,2.3322482e-05,5.334508e-05,0.0001457442,4.0231804e-05,0.00014513919,0.00012337934
2018-04-06 02:00:00,4.2804273e-05,0.000100246696,6.364414e-05,0.00012246009,0.00021811762,0.00016526901
2018-04-06 03:00:00,9.365823e-05,7.906991e-05,0.00018988027,0.000143898,0.00017688195,0.00019601182
2018-04-06 04:00:00,0.00018052265,0.00028192325,0.00023416837,0.0002049779,0.0002708901,0.00022160106
2018-04-06 05:00:00,0.00010847185,0.00015963946,0.00013208187,7.368272e-05,0.00014772102,0.00012070134
2018-04-06 06:00:00,8.134295e-05,5.4985794e-05,5.5153156e-05,7.515346e-05,6.550662e-05,3.3138847e-05
2018-04-06 07:00:00,4.3434826e-05,3.550953e-05,4.38907e-05,2.6161586e-05,5.3137515e-05,9.178328e-05
2018-04-06 08:00:00,4.0896146e-05,4.4000106e-05,5.5384022e-05,4.2739517e-05,4.475921e-05,9.195565e-05
2018-04-06 09:00:00,3.5114226e-05,2.8508744e-05,4.7132067e-05,5.4461983e-05,0.0001170497,2.7590488e-05
2018-04-06 10:00:00,3.0387278e-05,3.9209943e-05,8.822186e-05,8.7524124e-05,3.365574e-05,9.164649e-05
2018-04-06 11:00:00,6.481875e-05,7.423237e-05,0.00013679086,3.1184507e-05,0.00015159791,8.482065e-05
2018-04-06 12:00:00,8.8795474e-05,0.00011928523,4.2890766e-05,4.487439e-05,3.4770463e-05,0.00013793856
2018-04-06 13:00:00,6.7005756e-05,6.698396e-05,4.6589696e-05,5.956776e-05,5.0857252e-05,1.541275e-05
2018-04-06 14:00:00,0.00016095939,4.653126e-05,9.865504e-05,2.685328e-05,6.0513303e-05,4.711212e-05
2018-04-06 15:00:00,0.00011706158,4.7976275e-05,0.00011174351,4.4322413e-05,4.8384798e-05,0.00014032074
2018-04-06 16:00:00,7.275626e-05,3.881831e-05,4.1322943e-05,5.3245996e-05,4.6536283e-05,9.6347496e-05
2018-04-06 17:00:00,0.0001289464,3.7950176e-05,6.6433415e-05,6.659483e-05,0.00019139484,2.3692592e-05
2018-04-06 18:00:00,9.932578e-05,7.24365e-05,4.6643658e-05,4.7753634e-05,6.749804e-05,0.00012022855
2018-04-06 19:00:00,3.657947e-05,6.574384e-05,0.00011922211,3.395563e-05,0.0001047646,3.150039e-05
2018-04-06 20:00:00,8.401188e-05,0.0001250619,4.315831e-05,8.625287e-05,3.988459e-05,5.128406e-05
2018-04-08 21:00:00,9.935105e-05,8.393935e-05,0.00018408969,6.5909066e-05,5.1463463e-05,3.3813398e-05
2018-04-08 22:00:00,0.00018710725,0.00022272996,0.00018498384,9.566757e-05,6.85445e-05,6.5404936e-05
2018-04-08 23:00:00,9.7572265e-05,3.195504e-05,7.128274e-05,5.435759e-05,8.006033e-05,3.2126332e-05
2018-04-09 00:00:00,7.054034e-05,0.00011185731,0.00012566375,0.00012270255,4.7717404e-05,3.6099973e-05
2018-04-09 01:00:00,6.920776e-05,9.507428e-05,9.914529e-05,3.4780136e-05,0.00012229197,7.109556e-05
2018-04-09 02:00:00,4.336254e-05,2.699633e-05,5.471078e-05,0.00016034438,0.000113281676,0.0001648104
2018-04-09 03:00:00,4.4114142e-05,8.187124e-05,0.00022110438,0.0001434543,0.00022763421,0.00012266717
2018-04-09 04:00:00,6.545074e-05,0.00021140376,0.00017202983,0.0001618838,0.00016783399,0.0002823809
2018-04-09 05:00:00,0.00014721461,0.00014024977,0.00012679101,8.994426e-05,0.00027807488,0.00020140101
2018-04-09 06:00:00,3.6236626e-05,2.84427e-05,4.6318783e-05,0.0001821169,9.198218e-05,0.00010178676
2018-04-09 07:00:00,4.96663e-05,2.9105462e-05,0.00014882516,0.00011238894,0.00014059688,0.000278591
2018-04-09 08:00:00,6.348203e-05,0.00020572923,0.000112434536,8.579785e-05,0.00021269663,0.00065362337
2018-04-09 09:00:00,0.00023475863,0.00013216132,0.00010645692,0.00018013734,0.000605154,0.0004880158
2018-04-09 10:00:00,0.00010809119,0.00032542108,0.00047690453,0.0005773499,0.0008090926,0.0003972841
2018-04-09 11:00:00,0.00024095699,0.00035608746,0.0009031662,0.00040253001,0.00034519107,0.000417764
2018-04-09 12:00:00,0.00016374775,0.00059170753,0.00036639994,0.00016736951,0.0002969447,0.0001594174
2018-04-09 13:00:00,0.0004340847,0.0003587407,0.00011166222,0.0001490992,0.000118769676,0.00018414426
2018-04-09 14:00:00,0.00012681991,0.00023358721,0.00021877517,0.00022346883,0.00019876173,0.00017034
2018-04-09 15:00:00,0.00017614703,0.00011854509,0.0001589722,9.9284975e-05,9.05098e-05,6.543828e-05
2018-04-09 16:00:00,9.126411e-05,3.5398924e-05,8.315045e-05,7.109218e-05,4.8010173e-05,0.00020752523
2018-04-09 17:00:00,0.0001059006,4.0570972e-05,5.599588e-05,4.5622204e-05,0.0001129494,4.9313665e-05
2018-04-09 18:00:00,9.5663905e-05,6.124212e-05,8.226066e-05,0.00019016117,4.8135385e-05,6.025486e-05
2018-04-09 19:00:00,7.246909e-05,3.5876867e-05,0.00014496874,6.650883e-05,5.0820585e-05,8.9996516e-05
2018-04-09 20:00:00,3.064363e-05,0.00011388751,4.432511e-05,7.8894496e-05,7.364267e-05,4.737145e-05
2018-04-09 21:00:00,0.00013302674,4.5536322e-05,6.27698e-05,7.5250304e-05,8.302794e-05,0.00011480943
2018-04-09 22:00:00,0.000207435,0.0001420735,0.00022808212,0.00016944762,0.00026312532,0.0002123659
2018-04-09 23:00:00,4.0634535e-05,8.212609e-05,4.5844637e-05,0.000119229866,7.5210606e-05,0.00024741242
2018-04-10 00:00:00,7.631525e-05,4.725725e-05,8.7743174e-05,8.158861e-05,0.00018766518,0.0002337166
2018-04-10 01:00:00,5.3724143e-05,4.603736e-05,4.5823195e-05,0.00017384544,0.00019281388,0.00011759289
2018-04-10 02:00:00,0.00010562056,4.9987968e-05,0.00025327672,0.00027277195,0.00014895777,3.14656e-05
2018-04-10 03:00:00,5.1005863e-05,0.00026316784,0.0002061935,8.4082414e-05,5.085179e-05,0.0003161381
2018-04-10 04:00:00,0.00029912547,0.00029669207,0.00016785465,3.93668e-05,0.0002862425,8.186502e-05
2018-04-10 05:00:00,2.7564032e-05,9.8510805e-05,0.00022333268,0.00048106702,0.00039562228,0.00029848184
2018-04-10 06:00:00,0.00012250978,0.0001923845,0.0006027743,0.00026797343,0.00031874617,0.00088712695
2018-04-10 07:00:00,0.00019163273,0.00045481644,0.0002090041,0.00028517583,0.0005707761,0.00047740256
2018-04-10 08:00:00,0.00032861973,7.574951e-05,0.00016058817,0.00048546013,0.00042155155,0.00058587303
2018-04-10 09:00:00,0.00022187884,0.00016348943,0.00055706745,0.00013641428,0.00028442437,0.0002994428
2018-04-10 10:00:00,8.5952466e-05,0.0007402666,0.00046644468,0.00037271457,0.00043467822,0.0004036436
2018-04-10 11:00:00,0.0006894802,0.0002739196,0.00054781407,0.00032162238,0.00041381523,0.00039797783
2018-04-10 12:00:00,0.00035559665,5.556389e-05,0.0001396975,8.884634e-05,0.00012996695,6.317784e-05
2018-04-10 13:00:00,0.0002271046,9.609994e-05,0.00010448013,6.347127e-05,0.0001155599,6.258006e-05
2018-04-10 14:00:00,0.000117675525,6.494946e-05,0.00012269149,5.9755246e-05,7.389898e-05,7.3370014e-05
2018-04-10 15:00:00,8.7235225e-05,3.4202418e-05,6.715624e-05,3.0364652e-05,4.942278e-05,6.430395e-05
2018-04-10 16:00:00,7.057532e-05,3.1420364e-05,6.156446e-05,0.00010620964,0.000104830586,0.00021150163
2018-04-10 17:00:00,7.172401e-05,3.2195712e-05,5.4982098e-05,7.527651e-05,0.00011986264,0.0001184329
2018-04-10 18:00:00,6.8168716e-05,9.243572e-05,0.00014481062,0.00020147995,0.00014206598,0.00016514848
2018-04-10 19:00:00,4.805849e-05,7.709612e-05,0.00015148225,0.00014246293,0.00011513058,0.00020656678
2018-04-10 20:00:00,6.860401e-05,0.00015260039,0.00013013913,8.811153e-05,0.0001329175,0.00014103763
2018-04-10 21:00:00,9.3124494e-05,8.311513e-05,0.00010055014,0.00010676845,0.00013978587,7.665558e-05
2018-04-10 22:00:00,2.999691e-05,3.303452e-05,6.055141e-05,0.00010057196,4.2347845e-05,2.4685829e-05
2018-04-10 23:00:00,4.3000324e-05,4.6141635e-05,4.1035517e-05,2.9250545e-05,3.877007e-05,0.0001613517
2018-04-11 00:00:00,5.69354e-05,9.904698e-05,4.6149325e-05,2.662431e-05,0.00014733919,0.00023807448
2018-04-11 01:00:00,4.8363094e-05,6.015417e-05,4.2110794e-05,0.000178942,0.00019269524,0.00013341766
2018-04-11 02:00:00,8.100996e-05,5.3194846e-05,0.00023033872,0.00015843323,0.0001783509,5.8907248e-05
2018-04-11 03:00:00,1.6796019e-05,0.00016400436,0.00028731048,0.000111055924,3.8722046e-05,9.925705e-05
2018-04-11 04:00:00,0.00021754719,0.0002580121,0.00018893425,3.3870198e-05,0.00010848932,0.00010865661
2018-04-11 05:00:00,0.0005670711,0.000474437,0.00014706528,0.0002664343,0.00022049167,0.00037781388
2018-04-11 06:00:00,4.388925e-05,0.00025920346,0.0001422903,5.636878e-05,4.1012794e-05,3.498385e-05
2018-04-11 07:00:00,0.00027922296,0.00011092002,5.4260727e-05,9.1127935e-05,6.413086e-05,7.7242425e-05
2018-04-11 08:00:00,0.00012532175,0.00021813679,0.0001878374,0.00020687442,0.00028747713,0.00013330848
2018-04-11 09:00:00,6.753655e-05,0.00019230881,0.00017838358,0.00011830715,8.226215e-05,0.00012875868
2018-04-11 10:00:00,0.00017200323,0.00015560414,0.00015950332,4.8879378e-05,9.2369264e-05,8.420701e-05
2018-04-11 11:00:00,2.9617077e-05,4.1821877e-05,7.438981e-05,3.5425404e-05,0.00022413785,0.00017973864
2018-04-11 12:00:00,4.0749852e-05,6.767084e-05,5.105931e-05,0.00017680762,0.00023535914,0.0001645084
2018-04-11 13:00:00,0.00012425554,5.1091884e-05,0.00022817888,0.00017435412,0.00021149794,0.00024085525
2018-04-11 14:00:00,7.2813964e-05,0.0001073606,0.00014559012,8.201413e-05,0.0001688679,0.00017096555
2018-04-11 15:00:00,0.00020290652,0.00020812872,0.00020003361,0.0001886337,0.00022321103,0.0001530342
2018-04-11 16:00:00,6.728862e-05,2.5350553e-05,7.6073025e-05,3.5241374e-05,4.701117e-05,4.718581e-05
2018-04-11 17:00:00,9.167839e-05,5.9556754e-05,3.8796825e-05,6.2449275e-05,0.00012735701,8.579501e-05
2018-04-11 18:00:00,9.807998e-05,2.4093804e-05,4.572881e-05,7.59311e-05,4.886162e-05,3.4002227e-05
2018-04-11 19:00:00,8.887865e-05,0.00012156376,0.00015985934,9.90685e-05,4.1682288e-05,4.6104687e-05
2018-04-11 20:00:00,8.78718e-05,0.00011215737,0.00010373746,3.4004413e-05,4.573527e-05,6.3517866e-05
2018-04-11 21:00:00,6.2356725e-05,3.6227877e-05,0.000101177604,5.2260988e-05,4.0497547e-05,0.00012629652
2018-04-11 22:00:00,3.8890903e-05,0.00010817388,0.00012317584,4.2166586e-05,0.00010528312,0.00019674729
2018-04-11 23:00:00,0.00012929112,9.692597e-05,2.8823664e-05,0.00011311048,0.00019418287,0.00026682703
2018-04-12 00:00:00,1.7784436e-05,8.252032e-05,6.376838e-05,4.0093208e-05,0.00021401438,0.00031770486
2018-04-12 01:00:00,0.000108599364,4.8511713e-05,8.3654086e-05,0.00018247277,0.00024677295,0.00020508353
2018-04-12 02:00:00,0.00015510213,0.00015506122,0.00024178444,0.00019721725,0.00030862624,0.00013021629
2018-04-12 03:00:00,3.2537017e-05,0.0001923747,0.00027013698,0.0001412603,4.067399e-05,6.0421262e-05
2018-04-12 04:00:00,0.00020398138,0.00030277306,0.00014987077,3.6323927e-05,6.371372e-05,0.00024497125
2018-04-12 05:00:00,9.770394e-05,2.8111672e-05,0.00020638641,0.00017741,0.00010664763,0.0002382719
2018-04-12 06:00:00,8.8249515e-05,0.0002777411,0.00033801928,3.770061e-05,0.000121097844,3.8901984e-05
2018-04-12 07:00:00,0.00019056798,0.000279137,9.307583e-05,0.00012911111,6.714692e-05,0.00032638098
2018-04-12 08:00:00,7.512393e-05,0.00032892718,0.00033498643,0.000246882,0.00049690163,0.00068248017
2018-04-12 09:00:00,0.0004959508,0.00035060017,0.000280709,0.000523107,0.00070522045,0.0006271683
2018-04-12 10:00:00,0.000100505764,3.0251213e-05,0.0003434774,0.0003829877,0.00028739194,0.00021483316
2018-04-12 11:00:00,0.00010564851,0.00032085454,0.00025358796,0.00017396512,0.0002032313,0.00022770796
2018-04-12 12:00:00,0.0005205215,0.00042268288,0.0002411438,0.00023324588,0.0002629972,0.00035332324
2018-04-12 13:00:00,2.9645238e-05,0.00010441082,0.000118591226,9.944016e-05,7.97664e-05,0.0001383259
2018-04-12 14:00:00,9.890174e-05,0.000102350285,9.899174e-05,7.949736e-05,0.0001529558,0.00011102557
2018-04-12 15:00:00,4.3078453e-05,3.1737218e-05,3.0425268e-05,5.5398115e-05,4.3012737e-05,8.7326276e-05
2018-04-12 16:00:00,3.1111278e-05,2.7408856e-05,4.8244066e-05,4.6485424e-05,0.00010222824,0.0001709356
2018-04-12 17:00:00,4.2921485e-05,4.0627732e-05,3.3456316e-05,0.0001064009,0.00012111237,0.00015445647
2018-04-12 18:00:00,4.8464964e-05,7.665747e-05,0.00014086852,0.00017917596,0.00016170715,0.0002782287
2018-04-12 19:00:00,4.0067458e-05,0.000105706495,0.00015735178,0.00012200738,0.0002903621,0.0001655917
2018-04-12 20:00:00,0.00013611224,0.00012821068,0.00016323726,0.00024312935,0.00021938869,4.2930154e-05
2018-04-12 21:00:00,6.947717e-05,0.00010030269,0.0002423342,0.00014105438,5.463374e-05,0.000108450266
2018-04-12 22:00:00,2.5954267e-05,0.000117997806,0.000102837555,7.040783e-05,0.00016236503,0.0001579455
2018-04-12 23:00:00,0.00018145544,8.660633e-05,0.00012275016,0.00013031329,0.00017341485,0.00016849347
2018-04-13 00:00:00,6.6513836e-05,0.0002202001,0.00025862126,0.00023861158,0.00027090276,0.0005238169
2018-04-13 01:00:00,0.00027335205,0.0002689111,0.0002284694,0.00022389156,0.00047567344,0.00028248815
2018-04-13 02:00:00,6.150966e-05,7.883033e-05,8.96936e-05,0.00021656111,8.493851e-05,2.5176365e-05
2018-04-13 03:00:00,3.922276e-05,3.1054406e-05,0.00017227259,4.1670337e-05,6.206643e-05,3.0783664e-05
2018-04-13 04:00:00,3.0178157e-05,0.00015752524,4.4029028e-05,0.000102224614,5.9026657e-05,7.145761e-05
2018-04-13 05:00:00,0.0001596771,3.43187e-05,9.254856e-05,6.1978375e-05,7.766262e-05,0.00014521992
2018-04-13 06:00:00,0.00011088016,0.0002458333,0.00018103144,7.7319506e-05,0.00019885297,0.00041278644
2018-04-13 07:00:00,0.00016502557,6.321912e-05,7.599591e-05,0.00019702889,0.0005270952,0.0002912435
2018-04-13 08:00:00,6.566494e-05,0.00017237075,6.2375715e-05,0.00020958557,0.00019788842,0.0003461694
2018-04-13 09:00:00,0.0001404541,0.00010659433,0.00039241923,0.00023827032,0.00042941028,0.00038439277
2018-04-13 10:00:00,0.00032720642,0.0005383001,0.00051504775,0.0006498662,0.00057494896,0.00071200274
2018-04-13 11:00:00,0.0003624302,0.00022064139,0.00032563714,0.00037437465,0.00040480864,0.0005071716
2018-04-13 12:00:00,0.00010445909,7.746253e-05,0.00010476486,0.00013841344,0.00027875256,0.00019521169
2018-04-13 13:00:00,0.0002165087,0.00021068072,0.00037344606,0.00029236413,0.0002805839,0.00021425786
2018-04-13 14:00:00,2.9825436e-05,0.00014582864,0.00014490189,0.00013322169,5.7770223e-05,3.7482972e-05
2018-04-13 15:00:00,9.821966e-05,9.9216406e-05,0.0001778108,8.4034444e-05,2.866867e-05,4.9303464e-05
2018-04-13 16:00:00,5.851845e-05,5.2528874e-05,6.5483284e-05,5.9515714e-05,0.000109913795,0.00014909038
2018-04-13 17:00:00,2.797054e-05,0.00013139023,0.00015614815,0.00013863362,0.00018813908,0.00013348948
2018-04-13 18:00:00,0.00015280858,0.00012451044,0.00019881004,0.00013286379,0.00013784536,0.00021285482
2018-04-13 19:00:00,4.5758108e-05,7.0135e-05,0.000107047614,3.1448253e-05,7.840018e-05,7.4978e-05
2018-04-13 20:00:00,5.9665428e-05,8.102741e-05,3.4277276e-05,3.9309823e-05,6.395457e-05,8.0163016e-05
2018-04-15 21:00:00,3.8381015e-05,3.790025e-05,5.1424104e-05,4.2364187e-05,4.457019e-05,4.332828e-05
2018-04-15 22:00:00,6.676974e-05,2.7792705e-05,7.391527e-05,4.6620047e-05,9.662814e-05,0.00010573944
2018-04-15 23:00:00,7.305584e-05,3.1940835e-05,5.632557e-05,6.8214285e-05,7.6649274e-05,5.336398e-05
2018-04-16 00:00:00,6.9826696e-05,4.390848e-05,6.880581e-05,0.0001660109,0.00010707753,0.00017193747
2018-04-16 01:00:00,4.6759564e-05,6.140481e-05,0.00012451013,8.314281e-05,0.00010870199,9.065883e-05
2018-04-16 02:00:00,9.757872e-05,9.866017e-05,0.00012287936,9.430459e-05,8.2357416e-05,8.819423e-05
2018-04-16 03:00:00,0.00010490418,2.629694e-05,7.502027e-05,5.415891e-05,0.00013530497,5.173546e-05
2018-04-16 04:00:00,7.877073e-05,3.7702022e-05,4.7134796e-05,0.00015820004,0.00010687248,3.018516e-05
2018-04-16 05:00:00,8.238831e-05,4.9833485e-05,0.00016509781,7.002219e-05,7.072365e-05,0.00042038306
2018-04-16 06:00:00,4.6015717e-05,0.0002455634,0.00015672302,4.596415e-05,0.00040034868,0.0005016815
2018-04-16 07:00:00,0.00018599918,0.00012201017,5.1984658e-05,0.00033998472,0.00047920743,0.00039192874
2018-04-16 08:00:00,0.00010224898,0.0002289131,0.0007405903,0.0005952017,0.00038761416,0.0007849669
2018-04-16 09:00:00,0.00019995682,0.00060480647,0.00090229977,0.00036146346,0.00043041926,0.00046417202
2018-04-16 10:00:00,0.0005451899,0.00041248192,0.00027104898,0.0004941871,0.0005049921,0.00040641887
2018-04-16 11:00:00,0.00023903167,4.206103e-05,6.892201e-05,7.842898e-05,6.2287436e-05,0.000106443615
2018-04-16 12:00:00,0.00025719192,8.743138e-05,9.024279e-05,7.449132e-05,5.6051176e-05,3.4317025e-05
2018-04-16 13:00:00,0.00011944085,0.000105075065,0.00010209743,0.00011704751,0.00017294133,0.000102438964
2018-04-16 14:00:00,4.4533943e-05,3.644192e-05,5.5756896e-05,7.59264e-05,3.4602126e-05,6.320814e-05
2018-04-16 15:00:00,4.571645e-05,5.6855966e-05,7.367355e-05,3.824036e-05,8.206872e-05,5.382381e-05
2018-04-16 16:00:00,7.3237745e-05,0.00010361134,4.0625808e-05,0.0001035006,7.4413496e-05,4.7025118e-05
2018-04-16 17:00:00,4.798853e-05,2.8629987e-05,4.797105e-05,5.327896e-05,2.5489488e-05,4.7986974e-05
2018-04-16 18:00:00,7.0175854e-05,2.693131e-05,4.5189045e-05,3.8785558e-05,5.3417272e-05,8.482873e-05
2018-04-16 19:00:00,7.433946e-05,7.71921e-05,4.137084e-05,0.000102675294,4.896112e-05,3.982396e-05
2018-04-16 20:00:00,2.910766e-05,4.7881607e-05,5.1187024e-05,5.6903857e-05,7.570386e-05,0.00010859553
2018-04-16 21:00:00,5.4030996e-05,4.8115446e-05,7.778554e-05,5.3700285e-05,7.692906e-05,4.9375503e-05
2018-04-16 22:00:00,8.751202e-05,7.0068934e-05,6.731521e-05,6.0164242e-05,3.3662876e-05,0.00016396416
2018-04-16 23:00:00,0.00017058871,0.00012385876,0.0001568534,6.689047e-05,0.00021543908,0.00012848864
2018-04-17 00:00:00,2.3272989e-05,2.5508965e-05,4.99902e-05,6.2593484e-05,3.4562774e-05,0.00013893619
2018-04-17 01:00:00,4.485952e-05,4.8950827e-05,0.000121895326,3.7384627e-05,0.0001701464,8.275194e-05
2018-04-17 02:00:00,7.716115e-05,0.00014251377,3.8138496e-05,0.00023217959,0.00014896465,7.7975914e-05
2018-04-17 03:00:00,0.00021175783,5.7366655e-05,0.00022954043,8.19955e-05,3.9656315e-05,9.5080344e-05
2018-04-17 04:00:00,0.00011701344,0.0003003916,0.00022142037,0.0001840404,0.00023649809,0.0006585025
2018-04-17 05:00:00,0.00030214476,0.00014076396,9.777294e-05,0.00015489355,0.00059576944,0.00026741478
2018-04-17 06:00:00,9.187283e-05,0.00014104003,0.000114763025,0.00047524515,0.00025839018,0.0004440727
2018-04-17 07:00:00,6.719863e-05,2.867842e-05,0.0006449386,0.00027084397,0.00038077883,0.00036953282
2018-04-17 08:00:00,5.0416613e-05,0.0005754976,0.0003726756,0.00046948172,0.00038598618,0.00020407255
2018-04-17 09:00:00,0.0007056205,0.00033254383,0.00046961973,0.00027556322,0.00017255225,0.00018821318
2018-04-17 10:00:00,0.00015707812,7.714291e-05,0.00014076394,0.00027122264,0.00021483608,0.00017183438
2018-04-17 11:00:00,0.00034430253,3.9165097e-05,0.00020193902,6.8653986e-05,5.7331206e-05,0.000107579486
2018-04-17 12:00:00,0.0002924633,0.00034865947,0.0003169644,0.00016910615,6.362944e-05,0.00014714671
2018-04-17 13:00:00,0.00023461883,0.00018217145,7.603793e-05,0.00011636076,6.566336e-05,6.1060964e-05
2018-04-17 14:00:00,5.3625135e-05,0.000121571116,0.00038697728,0.00022432831,0.00019242328,0.00026845175
2018-04-17 15:00:00,0.000119988275,0.00030429446,0.00019122397,0.00015705232,0.0001321524,0.00020932544
2018-04-17 16:00:00,0.0002776271,0.0001322394,9.6176766e-05,9.444841e-05,0.00012157248,0.00025375673
2018-04-17 17:00:00,0.00014900339,7.987783e-05,9.704398e-05,4.1744537e-05,6.016622e-05,2.2472312e-05
2018-04-17 18:00:00,3.392014e-05,3.0072328e-05,6.185503e-05,8.978342e-05,9.057802e-05,2.796147e-05
2018-04-17 19:00:00,3.57927e-05,8.198502e-05,0.000116090254,0.00010540178,3.5489385e-05,5.0005252e-05
2018-04-17 20:00:00,6.192681e-05,0.00015656873,0.00013499055,2.9324712e-05,8.395539e-05,0.00011877529
2018-04-17 21:00:00,9.718431e-05,6.0666895e-05,5.733952e-05,4.4013497e-05,8.360136e-05,9.957081e-05
2018-04-17 22:00:00,6.576754e-05,0.00012842858,9.441764e-05,4.7986472e-05,3.8130423e-05,4.2447944e-05
2018-04-17 23:00:00,0.000111916466,4.1198982e-05,5.5980156e-05,4.7469824e-05,7.371094e-05,0.00015522783
2018-04-18 00:00:00,6.99901e-05,0.00012958085,0.00015786834,0.0001348041,0.0003428967,0.00027190568
2018-04-18 01:00:00,8.531382e-05,0.00010034253,8.260898e-05,0.00020483353,0.0003244613,0.00026336877
2018-04-18 02:00:00,3.698574e-05,4.4344775e-05,0.00018687831,0.00014625987,0.00017585058,0.00015682432
2018-04-18 03:00:00,3.7330537e-05,0.00017915749,0.00018272814,0.00017124158,0.00016408465,0.0001249768
2018-04-18 04:00:00,0.00022910193,0.0001616017,0.0001579754,0.00017585722,0.000116453084,0.00013556746
2018-04-18 05:00:00,2.8631219e-05,3.370226e-05,4.0659364e-05,3.36959e-05,3.7246624e-05,3.1977197e-05
2018-04-18 06:00:00,3.241314e-05,3.5626177e-05,4.281622e-05,3.111955e-05,4.5198358e-05,3.8528546e-05
2018-04-18 07:00:00,2.7104557e-05,3.939769e-05,5.5825923e-05,3.5242865e-05,6.0191185e-05,9.693801e-05
2018-04-18 08:00:00,6.89934e-05,4.1126827e-05,7.950569e-05,4.4568584e-05,9.717323e-05,8.297973e-05
2018-04-18 09:00:00,3.713109e-05,3.206007e-05,4.24857e-05,0.000116798765,0.0001048519,2.3609136e-05
2018-04-18 10:00:00,3.7530688e-05,2.1254964e-05,0.00012815683,0.00015627727,3.716696e-05,8.647402e-05
2018-04-18 11:00:00,2.5444093e-05,0.00015943899,0.00013027184,3.5342084e-05,6.96799e-05,0.00011816917
2018-04-18 12:00:00,0.00016758584,9.281847e-05,4.2280157e-05,3.9128718e-05,0.00014925716,0.0001697096
2018-04-18 13:00:00,3.0667517e-05,0.00012353713,0.00019799237,0.00026826045,0.00020824326,0.00020387166
2018-04-18 14:00:00,0.00017619274,0.00018900787,0.00024475454,0.00026297418,0.0002507807,0.00022322939
2018-04-18 15:00:00,9.283985e-05,0.00014365301,0.00018292593,0.00011602139,8.796631e-05,7.5149685e-05
2018-04-18 16:00:00,0.00014003957,0.0001415713,0.000103114864,6.124828e-05,5.3723583e-05,3.1614723e-05
2018-04-18 17:00:00,4.7769285e-05,6.37249e-05,6.697096e-05,0.00011906594,0.00014021102,0.00019889622
2018-04-18 18:00:00,7.9871286e-05,8.991829e-05,0.00014046163,0.00015938227,0.0002152187,0.0001262194
2018-04-18 19:00:00,3.2605767e-05,7.5888674e-05,8.4151055e-05,0.00014408292,7.3506555e-05,2.8472068e-05
2018-04-18 20:00:00,6.939478e-05,0.00010965344,0.00014952596,5.660338e-05,6.2843385e-05,3.5612222e-05
2018-04-18 21:00:00,3.1984575e-05,0.00010585633,4.6354522e-05,5.289076e-05,3.5509933e-05,0.00019025673
2018-04-18 22:00:00,7.925088e-05,3.2458618e-05,0.00011956313,3.796241e-05,0.0002575578,0.00020613629
2018-04-18 23:00:00,0.00013499786,0.00013728888,0.0001030534,0.00023751576,0.00027163659,0.00017440566
2018-04-19 00:00:00,7.83169e-05,3.287922e-05,0.00017523067,0.00011609231,0.000103355356,3.3958346e-05
2018-04-19 01:00:00,7.0806636e-05,0.00011357693,0.00011430991,3.780912e-05,7.266412e-05,0.00022364742
2018-04-19 02:00:00,0.000227342,0.00018147382,8.576923e-05,3.7876347e-05,0.00031454876,0.00046762277
2018-04-19 03:00:00,3.3857523e-05,8.6681415e-05,0.00015428409,0.00012073161,0.00027945277,0.00027255426
2018-04-19 04:00:00,0.000105833766,0.00015478671,0.00012687205,0.00017797573,0.00019322294,0.0005090458
2018-04-19 05:00:00,0.00010789993,0.00028057912,0.0002587657,0.00033098453,0.000605066,0.0008008056
2018-04-19 06:00:00,0.00035518047,0.0005062561,0.00034736228,0.00045783483,0.00074663264,0.0007503207
2018-04-19 07:00:00,0.0001091477,0.00010708505,0.00041908622,0.00031298966,0.00041965567,0.00047841738
2018-04-19 08:00:00,4.6992467e-05,0.00021938745,0.00035801932,0.00043378447,0.00031919644,0.0002904268
2018-04-19 09:00:00,0.00032865777,0.00033592788,0.0003541211,0.00023091573,0.00023719392,5.2498563e-05
2018-04-19 10:00:00,8.287359e-05,0.0002271294,7.299544e-05,3.758591e-05,0.00015445777,9.9313045e-05
2018-04-19 11:00:00,0.00013858642,3.5354857e-05,5.6256427e-05,0.00021107621,0.0002178455,0.00017180108
2018-04-19 12:00:00,0.00018919844,0.00014741844,0.0002785668,0.0002846177,0.00022706416,0.0002835756
2018-04-19 13:00:00,2.7327624e-05,0.00021375611,0.00015416418,0.00012376579,0.00012316584,8.498555e-05
2018-04-19 14:00:00,0.00021684176,0.00023677274,0.00019010463,8.04975e-05,9.115412e-05,0.00012461384
2018-04-19 15:00:00,3.600354e-05,4.2408814e-05,0.000115147646,0.00011233906,9.7484146e-05,5.3722484e-05
2018-04-19 16:00:00,6.553376e-05,0.00010070518,0.00013992061,8.576487e-05,5.672559e-05,6.444647e-05
2018-04-19 17:00:00,7.538493e-05,8.553981e-05,7.497087e-05,2.641498e-05,3.466697e-05,3.599732e-05
2018-04-19 18:00:00,4.73368e-05,2.1995858e-05,5.7725367e-05,7.5935575e-05,3.7507336e-05,4.7645557e-05
2018-04-19 19:00:00,3.577513e-05,4.9272447e-05,8.140466e-05,6.420491e-05,5.419619e-05,6.7409615e-05
2018-04-19 20:00:00,6.894512e-05,8.370571e-05,5.2627955e-05,3.0594645e-05,5.2471627e-05,5.5852946e-05
2018-04-19 21:00:00,2.8346041e-05,3.4660625e-05,7.683654e-05,3.6874866e-05,4.5606466e-05,2.7018043e-05
2018-04-19 22:00:00,3.0467161e-05,0.00010814084,4.943407e-05,4.79348e-05,3.9958653e-05,4.065978e-05
2018-04-19 23:00:00,0.00012333538,4.3192238e-05,3.940808e-05,4.7134108e-05,3.5476416e-05,9.905602e-05
2018-04-20 00:00:00,0.0001309167,0.00010632831,0.00010629201,7.213854e-05,4.5909284e-05,0.0002403207
2018-04-20 01:00:00,2.3150506e-05,2.4123603e-05,4.9097587e-05,8.638372e-05,0.00017118223,5.937422e-05
2018-04-20 02:00:00,3.151168e-05,3.6761197e-05,9.1436705e-05,0.00014403116,6.9309775e-05,6.543528e-05
2018-04-20 03:00:00,4.4048633e-05,9.789571e-05,0.00017126111,7.430682e-05,7.819839e-05,7.835566e-05
2018-04-20 04:00:00,0.000110910616,0.00020651524,0.00011882397,0.000108531065,6.708561e-05,0.000268955
2018-04-20 05:00:00,0.00037879634,0.00011128337,0.00015305771,3.2464406e-05,0.00013304027,0.0001240096
2018-04-20 06:00:00,9.400616e-05,9.023969e-05,0.00025172645,0.00035006757,0.00043503699,0.00022049784
2018-04-20 07:00:00,2.889293e-05,0.00017499915,0.00029216718,0.00021503808,0.00012796489,7.6277494e-05
2018-04-20 08:00:00,0.00019321516,0.00034299542,0.0003450527,0.00013585074,9.812343e-05,0.00019475803
2018-04-20 09:00:00,0.00016484546,0.00010027299,4.5042616e-05,8.121266e-05,5.0110157e-05,0.0002465381
2018-04-20 10:00:00,7.592456e-05,0.00022757975,0.0002030664,0.00011907534,0.000370076,0.0003522433
2018-04-20 11:00:00,0.00012228212,0.00019551137,8.451824e-05,0.0003308621,0.0003057238,0.00021179454
2018-04-20 12:00:00,8.606069e-05,6.251987e-05,0.0003275268,0.00018044066,9.057854e-05,0.0001353639
2018-04-20 13:00:00,0.00014496554,0.00028052396,0.00016507869,7.81557e-05,0.00011345236,3.7423404e-05
2018-04-20 14:00:00,0.00043594828,0.00024644018,0.00014218097,0.00020682362,0.000100879384,8.998522e-05
2018-04-20 15:00:00,0.00010488985,0.00019078658,8.358129e-05,0.00013928271,0.00019918749,0.00023200968
2018-04-20 16:00:00,8.01176e-05,2.866617e-05,0.000120583005,8.116564e-05,0.00011860526,7.750341e-05
2018-04-20 17:00:00,9.763485e-05,5.555627e-05,5.4425593e-05,3.9686616e-05,3.6788006e-05,9.196154e-05
2018-04-20 18:00:00,0.0001575207,0.000112833244,9.271186e-05,6.7052315e-05,4.880299e-05,2.9322759e-05
2018-04-20 19:00:00,3.6587953e-05,2.9001578e-05,5.5336634e-05,0.00017044506,7.7823875e-05,0.00014440197
2018-04-20 20:00:00,4.5562738e-05,4.6796795e-05,0.00014922846,8.431091e-05,0.00016254907,9.5128344e-05
2018-04-22 21:00:00,5.209768e-05,0.00017080645,0.00012069832,0.00016046733,0.00014918744,2.7495704e-05
2018-04-22 22:00:00,0.00012874765,7.277778e-05,0.000109408495,8.417147e-05,3.772324e-05,3.9895094e-05
2018-04-22 23:00:00,7.478203e-05,2.910898e-05,4.6835896e-05,8.0082464e-05,0.00017655057,0.00015234358
2018-04-23 00:00:00,6.597775e-05,3.2211825e-05,7.753806e-05,9.0988986e-05,0.00017563665,0.00025740807
2018-04-23 01:00:00,3.912063e-05,0.00012836336,0.0001855978,0.00015189305,0.00018879875,0.0003622429
2018-04-23 02:00:00,0.00011271455,0.00012585268,0.00019466215,0.0002484778,0.00034575642,0.00027368672
2018-04-23 03:00:00,2.6832704e-05,5.042605e-05,0.00036302177,0.0004120976,0.00033698286,0.00051719235
2018-04-23 04:00:00,6.027161e-05,0.00030713278,0.00045107258,0.0003297712,0.00040691404,0.00052136614
2018-04-23 05:00:00,0.0005011052,0.0005786008,0.00046908477,0.0004234693,0.0006138259,0.0008065454
2018-04-23 06:00:00,0.00015208908,0.00015047623,0.00011064074,0.00013493192,0.000241412,0.00031807195
2018-04-23 07:00:00,2.7828231e-05,3.0619445e-05,7.851947e-05,0.00018917477,0.000365662,4.468955e-05
2018-04-23 08:00:00,1.8436225e-05,0.00013433732,0.00019399745,0.00039717415,4.5403645e-05,7.968855e-05
2018-04-23 09:00:00,8.8871835e-05,0.00016682957,0.00037760194,4.959209e-05,0.00013162734,0.00021565528
2018-04-23 10:00:00,0.00019383947,0.00030857683,6.760048e-05,5.388188e-05,0.00014574036,9.97727e-05
2018-04-23 11:00:00,0.00014101432,0.000208399,0.00016113305,5.419462e-05,5.0544386e-05,2.1364905e-05
2018-04-23 12:00:00,0.00042738876,0.00027672492,0.00011668153,0.00013209909,8.692862e-05,0.0001982339
2018-04-23 13:00:00,0.00010501098,0.00030350065,0.00012753485,0.00016128195,0.00012872586,0.00013966618
2018-04-23 14:00:00,0.00015640073,7.3572744e-05,0.000114904884,4.7101188e-05,6.89093e-05,8.1302736e-05
2018-04-23 15:00:00,9.658762e-05,3.5372104e-05,0.000105215004,6.683656e-05,7.210293e-05,3.179767e-05
2018-04-23 16:00:00,9.972562e-05,2.5218595e-05,5.0060153e-05,4.708404e-05,7.254211e-05,0.00010178319
2018-04-23 17:00:00,9.855987e-05,5.5379798e-05,4.171442e-05,4.4672834e-05,4.2795644e-05,3.307439e-05
2018-04-23 18:00:00,4.7837257e-05,5.531353e-05,8.1651015e-05,0.00010009036,7.2713505e-05,6.029965e-05
2018-04-23 19:00:00,4.1127463e-05,5.8352518e-05,0.00011272608,9.40769e-05,4.7608708e-05,4.283656e-05
2018-04-23 20:00:00,4.3227934e-05,8.6190055e-05,7.439849e-05,4.0426006e-05,4.2075255e-05,3.5127796e-05
2018-04-23 21:00:00,7.19696e-05,3.611453e-05,3.7187394e-05,3.6305235e-05,3.349003e-05,3.5223093e-05
2018-04-23 22:00:00,3.0536095e-05,3.4416258e-05,5.077102e-05,3.148544e-05,4.2903026e-05,6.0302857e-05
2018-04-23 23:00:00,5.539251e-05,3.30578e-05,3.928979e-05,3.2667762e-05,6.282173e-05,0.00021633318
2018-04-24 00:00:00,3.3649227e-05,3.484933e-05,3.7372676e-05,5.102276e-05,0.0002216013,0.0002582119
2018-04-24 01:00:00,2.0038917e-05,3.8007598e-05,8.854843e-05,0.00024789944,0.00027445244,3.917801e-05
2018-04-24 02:00:00,3.3337918e-05,8.8967616e-05,0.00031272366,0.00027069697,5.554786e-05,0.00012377165
2018-04-24 03:00:00,0.00010797307,0.00029958648,0.00034912067,3.169404e-05,0.00014597792,0.00012155504
2018-04-24 04:00:00,0.00026375536,0.00022799695,4.758518e-05,0.00014767946,0.00015308741,0.00027390718
2018-04-24 05:00:00,2.5809293e-05,0.000262856,0.000447441,0.00032498947,0.0004289393,0.0006997375
2018-04-24 06:00:00,0.00030669078,0.0004328562,0.00041603274,0.00044532173,0.00090317446,0.000590878
2018-04-24 07:00:00,0.00025869405,0.00022468316,0.00028042067,0.0005146834,0.0004108448,0.00043641447
2018-04-24 08:00:00,4.0347764e-05,5.4916633e-05,0.00034800364,0.00017018899,0.00037026612,0.0003445621
2018-04-24 09:00:00,7.387342e-05,0.00024728666,0.00027063646,0.00020356738,0.00042674658,0.0002109962
2018-04-24 10:00:00,0.00036881596,0.00024549285,0.00022053576,0.00035185454,0.0001482528,5.210097e-05
2018-04-24 11:00:00,8.785367e-05,3.248293e-05,6.962236e-05,0.00011702973,0.0002042456,0.00027167946
2018-04-24 12:00:00,0.00012231943,9.984556e-05,5.9890677e-05,0.00013789111,0.00023285617,0.00021974907
2018-04-24 13:00:00,3.61347e-05,0.00013858904,0.00033435985,0.0001643539,0.00039175915,0.00030221973
2018-04-24 14:00:00,0.00017843052,0.00027524875,0.00029327074,0.00036343845,0.00023161204,0.00031217022
2018-04-24 15:00:00,0.00014863232,0.00019005798,0.00026026784,0.00016862858,0.00025464938,0.0001668599
2018-04-24 16:00:00,9.541301e-05,0.000106517786,5.9234695e-05,0.00013835751,7.700835e-05,0.00010328191
2018-04-24 17:00:00,8.831637e-05,3.2471744e-05,8.117942e-05,5.4596658e-05,7.675246e-05,3.3285647e-05
2018-04-24 18:00:00,0.00010603631,3.1916792e-05,5.3919295e-05,2.9932475e-05,4.4024615e-05,3.8411094e-05
2018-04-24 19:00:00,9.958683e-05,7.469683e-05,6.687562e-05,2.9380644e-05,5.66545e-05,0.00014139974
2018-04-24 20:00:00,3.3214063e-05,2.8760962e-05,6.812742e-05,2.3320017e-05,7.381699e-05,9.9555866e-05
2018-04-24 21:00:00,2.7532213e-05,2.6274474e-05,4.4943365e-05,0.00010744796,0.00013122958,7.405682e-05
2018-04-24 22:00:00,5.7856592e-05,2.716835e-05,9.6900796e-05,0.00014475275,8.003491e-05,6.969294e-05
2018-04-24 23:00:00,4.7995265e-05,0.00013954814,0.00016788743,9.732682e-05,0.000104385035,9.3801085e-05
2018-04-25 00:00:00,0.00015799984,0.00015598607,6.832557e-05,9.6981894e-05,0.00011923995,0.0001026803
2018-04-25 01:00:00,3.818769e-05,5.3106174e-05,5.7999154e-05,0.00021520277,0.00021360887,0.0002266382
2018-04-25 02:00:00,9.019517e-05,8.08044e-05,0.00027007275,0.00019210837,0.00023178649,0.00022087636
2018-04-25 03:00:00,3.1373915e-05,0.00019183505,0.0001534583,0.00022397203,0.00017940126,6.985169e-05
2018-04-25 04:00:00,0.00024615592,0.00019589407,0.00021915653,0.00015220084,7.283161e-05,7.4575284e-05
2018-04-25 05:00:00,6.041868e-05,6.231746e-05,5.5978744e-05,0.00012347197,0.0002129714,0.00039563788
2018-04-25 06:00:00,9.324856e-05,2.7949796e-05,0.0001237558,0.00022834596,0.00029188444,0.00027972827
2018-04-25 07:00:00,7.949736e-05,0.0002248983,0.00039276527,0.00028968658,0.00032628886,0.00025799972
2018-04-25 08:00:00,0.00016948431,0.00029405905,0.00040279905,0.00023761728,0.00016725308,0.00024709175
2018-04-25 09:00:00,0.00020311195,0.00021745286,0.00016066816,6.557149e-05,8.836983e-05,0.00022117895
2018-04-25 10:00:00,0.00014742289,5.0019124e-05,9.181657e-05,4.3197448e-05,9.479635e-05,2.6882188e-05
2018-04-25 11:00:00,0.000108761815,0.00020579287,0.00020112131,3.7090493e-05,0.0001341481,0.00018368462
2018-04-25 12:00:00,0.00014853675,6.771085e-05,0.0001021984,3.8033053e-05,8.5070904e-05,0.000117407115
2018-04-25 13:00:00,5.9495447e-05,0.0002470838,9.3251445e-05,3.7049816e-05,5.9526898e-05,9.709817e-05
2018-04-25 14:00:00,0.00018907453,5.8345635e-05,7.009418e-05,4.4763972e-05,9.95716e-05,3.3619926e-05
2018-04-25 15:00:00,0.00013017959,0.00018021409,0.00021602093,0.00019914606,0.00015157444,0.00014242524
2018-04-25 16:00:00,8.957212e-05,0.00010063117,0.00016440889,4.7716025e-05,5.112121e-05,6.218174e-05
2018-04-25 17:00:00,5.2694846e-05,8.6573025e-05,3.0936644e-05,4.17314e-05,5.6849498e-05,0.00010071208
2018-04-25 18:00:00,6.741236e-05,5.5907207e-05,9.623116e-05,6.756414e-05,7.263771e-05,0.000102505146
2018-04-25 19:00:00,0.00013951883,0.00013235367,8.797578e-05,5.182095e-05,7.1960574e-05,7.695887e-05
2018-04-25 20:00:00,3.5314348e-05,4.297691e-05,0.00010369345,0.00012808832,5.0044488e-05,3.334523e-05
2018-04-25 21:00:00,5.9281214e-05,0.00010522136,0.00016854475,3.6394482e-05,4.228424e-05,3.532945e-05
2018-04-25 22:00:00,9.478535e-05,0.00017252659,5.3571173e-05,3.1340995e-05,4.4929347e-05,5.342164e-05
2018-04-25 23:00:00,6.466803e-05,7.0393966e-05,0.00013537265,8.839862e-05,5.854672e-05,0.000108682485
2018-04-26 00:00:00,0.00018210856,0.00013864036,0.00018246293,9.410565e-05,0.00014649394,0.0002728493
2018-04-26 01:00:00,2.3665998e-05,3.527202e-05,5.156454e-05,7.195285e-05,0.0001797479,0.00017584159
2018-04-26 02:00:00,3.427821e-05,6.8193454e-05,4.8511556e-05,9.6796146e-05,0.00012786966,0.0001048981
2018-04-26 03:00:00,5.6345e-05,5.33811e-05,0.00017079865,0.00015876007,0.00016141322,0.00014029373
2018-04-26 04:00:00,9.890671e-05,0.00019444038,0.00013615895,4.9902555e-05,0.00013434666,9.242464e-05
2018-04-26 05:00:00,0.0001672526,0.0002695191,0.00015401628,0.00017132913,3.4073983e-05,2.803441e-05
2018-04-26 06:00:00,0.000367609,0.00027531953,0.0003790236,6.608112e-05,0.00016480937,0.00023230068
2018-04-26 07:00:00,8.992656e-05,3.310812e-05,0.00024634023,0.00013678697,6.047194e-05,3.727751e-05
2018-04-26 08:00:00,8.378598e-05,0.00016614434,0.000120733894,2.7210164e-05,6.2863284e-05,0.0004229253
2018-04-26 09:00:00,0.00026676976,0.00021618954,4.786483e-05,3.5644673e-05,0.0004062205,0.00032229867
2018-04-26 10:00:00,5.0510534e-05,0.00015700112,0.00024644905,0.0004729072,0.00046739078,0.00043130663
2018-04-26 11:00:00,0.00019868974,0.0002349978,0.0007443377,0.00054444483,0.00039633884,0.00040355563
2018-04-26 12:00:00,9.230923e-05,0.0005961322,0.00041797952,0.00029187553,0.0003821495,0.00035223537
2018-04-26 13:00:00,0.00045582018,0.00031841785,0.00021047237,0.0003817265,0.00013656441,0.0003056272
2018-04-26 14:00:00,0.00014326784,0.00020647632,3.6015917e-05,0.00012914238,0.00015474868,0.00010224754
2018-04-26 15:00:00,6.554034e-05,9.620516e-05,7.088209e-05,5.0526283e-05,3.66815e-05,4.402181e-05
2018-04-26 16:00:00,0.000102666854,4.5814384e-05,5.727525e-05,4.771539e-05,7.6045726e-05,4.1836105e-05
2018-04-26 17:00:00,0.0002088297,7.599181e-05,7.9159494e-05,5.3539574e-05,9.16491e-05,0.00013867438
2018-04-26 18:00:00,0.00010050798,6.0361577e-05,7.643157e-05,6.137219e-05,4.368145e-05,8.821114e-05
2018-04-26 19:00:00,4.1477062e-05,3.1844844e-05,4.3667533e-05,6.330292e-05,3.6716145e-05,0.0001003614
2018-04-26 20:00:00,4.7434114e-05,4.420878e-05,5.4290304e-05,3.0053816e-05,0.000118295946,4.8389906e-05
2018-04-26 21:00:00,2.567841e-05,8.935928e-05,5.0030125e-05,6.0858078e-05,6.863525e-05,3.2142136e-05
2018-04-26 22:00:00,5.968262e-05,2.7578202e-05,8.6647655e-05,3.5175584e-05,4.331159e-05,2.6993594e-05
2018-04-26 23:00:00,8.770219e-05,0.00014885313,0.00010612011,8.931976e-05,7.200663e-05,9.2395676e-05
2018-04-27 00:00:00,7.3531104e-05,3.144642e-05,4.0447605e-05,3.274475e-05,4.266576e-05,0.00022681885
2018-04-27 01:00:00,6.9448375e-05,6.040901e-05,7.365066e-05,5.077004e-05,0.00022107415,0.00027612483
2018-04-27 02:00:00,2.5056539e-05,3.494989e-05,4.384103e-05,0.00021864173,0.00046494554,0.0005217979
2018-04-27 03:00:00,3.4773435e-05,4.2104e-05,0.0002418328,0.00026059273,0.0006281462,0.000563692
2018-04-27 04:00:00,3.792947e-05,0.00026186166,0.00028913165,0.00043274497,0.00049668644,0.0004649478
2018-04-27 05:00:00,0.00041872772,0.00034980246,0.0005382165,0.00039880755,0.00033360845,0.0006568463
2018-04-27 06:00:00,0.00021363983,0.0003484308,0.00035460704,0.00024362306,0.0003730076,0.00087828055
2018-04-27 07:00:00,0.0003116163,0.00021097563,0.00013324374,0.0002340074,0.0007400123,0.00041914423
2018-04-27 08:00:00,5.00042e-05,7.1053364e-05,0.00013177714,0.00033847542,0.00030860648,0.00024626584
2018-04-27 09:00:00,5.5532193e-05,0.00018863217,0.00060515304,0.00024921208,0.00026468953,7.586409e-05
2018-04-27 10:00:00,0.00027410494,0.00058734394,0.00039608192,0.0002259614,0.00011731993,0.00024848443
2018-04-27 11:00:00,0.00049066555,0.00021509154,0.00017205765,7.8305726e-05,9.8575794e-05,0.00011108323
2018-04-27 12:00:00,0.00022566503,0.0002603393,0.00029701262,0.00018912426,0.00018898144,0.00018414257
2018-04-27 13:00:00,6.304472e-05,0.00034767407,0.00012396373,5.70824e-05,4.0156472e-05,7.153861e-05
2018-04-27 14:00:00,0.00034134765,9.419313e-05,4.1381118e-05,3.58083e-05,4.910587e-05,2.81868e-05
2018-04-27 15:00:00,0.00024689274,0.00020639686,0.00016833415,0.0001325166,0.000250427,0.000253862
2018-04-27 16:00:00,7.716161e-05,6.7840025e-05,5.6695735e-05,5.43739e-05,9.52159e-05,0.00016952676
2018-04-27 17:00:00,4.8828515e-05,4.476935e-05,4.607557e-05,3.8149963e-05,0.00014138079,0.00012697883
2018-04-27 18:00:00,4.6468784e-05,2.9187768e-05,5.0845974e-05,0.00013693505,0.00013067815,5.2307805e-05
2018-04-27 19:00:00,6.495081e-05,8.026377e-05,0.00019649956,0.00013155493,0.0001062087,0.00016547678
2018-04-27 20:00:00,3.5763856e-05,0.00011626612,0.00017770346,5.3388063e-05,0.00011719108,0.00016751747
2018-04-29 21:00:00,0.00014889993,9.541059e-05,5.4324275e-05,5.746404e-05,0.00011646641,0.00013109393
2018-04-29 22:00:00,4.5176475e-05,8.3760795e-05,3.889178e-05,3.3036744e-05,4.846347e-05,4.4747965e-05
2018-04-29 23:00:00,0.000120542994,6.511631e-05,4.367927e-05,3.907544e-05,3.2899643e-05,3.216796e-05
2018-04-30 00:00:00,6.480022e-05,0.00010991364,7.751723e-05,7.7369776e-05,5.3107527e-05,0.0001909378
2018-04-30 01:00:00,8.129825e-05,3.885782e-05,6.3754575e-05,3.488234e-05,0.00017466224,0.0004952383
2018-04-30 02:00:00,4.1798066e-05,3.280319e-05,5.3920503e-05,8.2480976e-05,0.00049849565,0.00051790965
2018-04-30 03:00:00,4.0481307e-05,4.8447317e-05,0.00013017023,0.00031429905,0.00040183484,0.00040251823
2018-04-30 04:00:00,8.2632905e-05,7.182541e-05,0.00050351466,0.0004864307,0.00046167307,0.0005903728
2018-04-30 05:00:00,0.00017998973,0.0006289077,0.0004773346,0.0005831426,0.0005731638,0.0004727347
2018-04-30 06:00:00,0.0003755343,0.0005029151,0.00045510527,0.00028172164,0.0003255873,0.00052851404
2018-04-30 07:00:00,0.000109724606,0.00014140423,5.574226e-05,4.9524944e-05,0.00029866325,0.0002656758
2018-04-30 08:00:00,9.026235e-05,5.414462e-05,0.0001434119,0.00013036927,0.00014097577,0.00022521161
2018-04-30 09:00:00,0.00015006441,0.00015305393,0.00012228769,9.400387e-05,0.00015368358,0.00014479473
2018-04-30 10:00:00,8.722619e-05,0.00020447416,0.0002539308,0.00025978297,0.00027281718,0.0003756877
2018-04-30 11:00:00,0.0004077318,0.00031124888,0.0003435828,0.0002117189,0.00047247953,0.0004327624
2018-04-30 12:00:00,5.7353278e-05,0.00013835965,6.760257e-05,0.00024513542,0.0002371956,0.00022828607
2018-04-30 13:00:00,0.00012223607,4.8180267e-05,0.00025003953,0.00019239666,0.00020097039,0.00022231754
2018-04-30 14:00:00,5.5056404e-05,0.0001553337,0.00014885541,8.057255e-05,0.00015334874,9.514524e-05
2018-04-30 15:00:00,0.00029073848,0.00021214131,0.00014884541,0.00011329573,0.00012908652,0.000120223296
2018-04-30 16:00:00,3.23908e-05,6.741825e-05,5.815371e-05,6.7621884e-05,8.6741136e-05,7.3908894e-05
2018-04-30 17:00:00,7.06423e-05,5.416364e-05,9.924261e-05,0.00011237977,5.3643118e-05,5.4996086e-05
2018-04-30 18:00:00,4.725354e-05,2.7128044e-05,4.765803e-05,3.772815e-05,4.6424397e-05,5.947738e-05
2018-04-30 19:00:00,6.867696e-05,5.349699e-05,7.3793664e-05,3.717216e-05,4.609174e-05,2.788863e-05
2018-04-30 20:00:00,5.6915935e-05,4.162622e-05,4.4157594e-05,4.0918516e-05,3.8939157e-05,7.00043e-05
2018-04-30 21:00:00,3.497028e-05,5.7487116e-05,8.1184415e-05,2.8243481e-05,5.2880514e-05,5.1289455e-05
2018-04-30 22:00:00,7.148564e-05,9.3756134e-05,4.458556e-05,6.9730886e-05,6.0398066e-05,0.000100028155
2018-04-30 23:00:00,4.49834e-05,3.1741893e-05,0.000129098,8.407807e-05,0.0001361197,8.253632e-05
2018-05-01 00:00:00,8.231703e-05,0.0001286496,0.00015194398,0.00013106364,6.175098e-05,0.00013635482
2018-05-01 01:00:00,0.000109866654,0.00011542194,0.00013483544,7.927733e-05,0.00016742984,5.32838e-05
2018-05-01 02:00:00,2.9458914e-05,6.828145e-05,0.0001568109,0.0002143606,0.00013713237,9.186643e-05
2018-05-01 03:00:00,8.0592756e-05,0.00015965692,0.00028287634,0.00011962526,7.020262e-05,3.173256e-05
2018-05-01 04:00:00,0.00027366664,0.00033950998,0.00023869863,6.239006e-05,0.00011215283,4.7253146e-05
2018-05-01 05:00:00,0.00012782986,2.8536018e-05,8.455843e-05,0.00011524207,0.0003270267,5.4391538e-05
2018-05-01 06:00:00,0.0001242318,0.00021424517,0.00016482189,0.00035631223,0.0001068891,0.0005837942
2018-05-01 07:00:00,8.175863e-05,0.00012742753,0.00027857174,3.091798e-05,0.00049860147,0.0001408377
2018-05-01 08:00:00,4.357526e-05,0.00022047205,5.5938355e-05,0.0003465092,7.837415e-05,0.00022954309
2018-05-01 09:00:00,0.00021718121,8.200587e-05,0.00023904811,6.337554e-05,0.0002561067,0.0003811727
2018-05-01 10:00:00,0.00028558754,0.00013645842,8.787884e-05,7.6555276e-05,0.00023046938,0.00025838852
2018-05-01 11:00:00,0.00047380882,0.00014312897,0.00038423974,0.00040599774,0.0004349017,0.0004568768
2018-05-01 12:00:00,0.00030862173,5.9599475e-05,0.0001933332,0.00013897255,6.127776e-05,4.03692e-05
2018-05-01 13:00:00,0.00022874278,0.00044561198,0.00043038937,0.00026487972,0.00020813874,0.00019790405
2018-05-01 14:00:00,0.00021612583,0.00026406097,0.0001659865,6.277856e-05,5.7001085e-05,7.938621e-05
2018-05-01 15:00:00,4.7646874e-05,4.2378288e-05,7.4715615e-05,0.00010514146,7.519602e-05,0.00012395515
2018-05-01 16:00:00,0.00010838073,0.00016696873,0.00013909349,8.763665e-05,0.00013620144,6.2371415e-05
2018-05-01 17:00:00,8.377009e-05,9.647168e-05,8.991139e-05,6.2604675e-05,3.8463313e-05,0.00010963764
2018-05-01 18:00:00,5.9106722e-05,3.2357206e-05,4.989458e-05,6.682211e-05,6.0843653e-05,0.0001503347
2018-05-01 19:00:00,6.040603e-05,4.7014597e-05,9.9108125e-05,4.2701362e-05,0.00013760841,6.228976e-05
2018-05-01 20:00:00,4.5373057e-05,8.898364e-05,7.740457e-05,0.0001088863,0.00011016877,0.00011426632
2018-05-01 21:00:00,7.356114e-05,6.2546664e-05,0.00018936006,5.5947185e-05,0.000101535945,0.00024436176
2018-05-01 22:00:00,0.00015544792,0.0002629623,0.00019834896,0.00016474052,0.00028734558,0.0002591788
2018-05-01 23:00:00,0.00014411271,3.8937484e-05,7.768382e-05,0.00011241428,0.00016994032,0.00022539422
2018-05-02 00:00:00,7.650224e-05,3.806999e-05,7.54819e-05,8.799145e-05,0.00011982803,0.0004551109
2018-05-02 01:00:00,5.9315793e-05,0.00012021723,0.00013883733,0.00012639828,0.00060488645,0.0002462014
2018-05-02 02:00:00,0.00014185427,0.00012597149,0.00010171229,0.00036235116,0.00031308673,0.00025029175
2018-05-02 03:00:00,6.494013e-05,4.7431495e-05,0.00029971742,0.00018937753,0.00015286893,0.00018309327
2018-05-02 04:00:00,4.504095e-05,0.000323566,0.000121857476,8.984775e-05,0.0001369121,0.0005488912
2018-05-02 05:00:00,0.00046827397,0.00016883093,0.00010117007,0.00012595087,0.0004062658,0.00045217195
2018-05-02 06:00:00,0.0002750905,0.0002884619,0.00022282812,0.00011334997,9.119318e-05,3.294095e-05
